1,222,443,664,885,1106,1327,1548,1769,1990,2211,2432,2653,2874,3095,3316,3537,3758,3979,4200,4421,4642,4863,5084,5305,5526,5747,5968,6189,6410,6631,6852,7073,7294,7515,7736,7957,8178,8399,8620,8841,9062,9283,9504,9725,9946,10167,10388,10609,10830,11051,11272,11493,11714,11935,12156,12377,12598,12819,13040,13261,13482,13703,13924,14145,14366,14587,14808,15029,15250,15471,15692,15913,16134,16355,16576,16797,17018,17239,17460,17681,17902,18123,18344,18565,18786,19007,19228,19449,19670,19891,20112,20333,20554,20775,20996,21217,21438,21659,21880,22101,22322,22543,22764,22985,23206,23427,23648,23869,24090,24311,24532,24753,24974,25195,25416,25637,25858,26079,26300,26521,26742,26963,27184,27405,27626,27847,28068,28289,28510,28731,28952,29173,29394,29615,29836,30057,30278,30499,30720,30941,31162,31383,31604,31825,32046,32267,32488,32709,32930,33151,33372,33593,33814,34035,34256,34477,34698,34919,35140,35361,35582,35803,36024,36245,36466,36687,36908,37129,37350,37571,37792,38013,38234,38455,38676,38897,39118,39339,39560,39781,40002,40223,40444,40665,40886,41107,41328,41549,41770,41991,42212,42433,42654,42875,43096,43317,43538,43759,43980,44201,44422,44643,44864,45085,45306,45527,45748,45969,46190,46411,46632,46853,47074,47295,47516,47737,47958,48179,48400,48620,48621
2,223,444,665,886,1107,1328,1549,1770,1991,2212,2433,2654,2875,3096,3317,3538,3759,3980,4201,4422,4643,4864,5085,5306,5527,5748,5969,6190,6411,6632,6853,7074,7295,7516,7737,7958,8179,8400,8621,8842,9063,9284,9505,9726,9947,10168,10389,10610,10831,11052,11273,11494,11715,11936,12157,12378,12599,12820,13041,13262,13483,13704,13925,14146,14367,14588,14809,15030,15251,15472,15693,15914,16135,16356,16577,16798,17019,17240,17461,17682,17903,18124,18345,18566,18787,19008,19229,19450,19671,19892,20113,20334,20555,20776,20997,21218,21439,21660,21881,22102,22323,22544,22765,22986,23207,23428,23649,23870,24091,24312,24533,24754,24975,25196,25417,25638,25859,26080,26301,26522,26743,26964,27185,27406,27627,27848,28069,28290,28511,28732,28953,29174,29395,29616,29837,30058,30279,30500,30721,30942,31163,31384,31605,31826,32047,32268,32489,32710,32931,33152,33373,33594,33815,34036,34257,34478,34699,34920,35141,35362,35583,35804,36025,36246,36467,36688,36909,37130,37351,37572,37793,38014,38235,38456,38677,38898,39119,39340,39561,39782,40003,40224,40445,40666,40887,41108,41329,41550,41771,41992,42213,42434,42655,42876,43097,43318,43539,43760,43981,44202,44423,44644,44865,45086,45307,45528,45749,45970,46191,46412,46633,46854,47075,47296,47517,47738,47959,48180,48399,48401,48622
3,224,445,666,887,1108,1329,1550,1771,1992,2213,2434,2655,2876,3097,3318,3539,3760,3981,4202,4423,4644,4865,5086,5307,5528,5749,5970,6191,6412,6633,6854,7075,7296,7517,7738,7959,8180,8401,8622,8843,9064,9285,9506,9727,9948,10169,10390,10611,10832,11053,11274,11495,11716,11937,12158,12379,12600,12821,13042,13263,13484,13705,13926,14147,14368,14589,14810,15031,15252,15473,15694,15915,16136,16357,16578,16799,17020,17241,17462,17683,17904,18125,18346,18567,18788,19009,19230,19451,19672,19893,20114,20335,20556,20777,20998,21219,21440,21661,21882,22103,22324,22545,22766,22987,23208,23429,23650,23871,24092,24313,24534,24755,24976,25197,25418,25639,25860,26081,26302,26523,26744,26965,27186,27407,27628,27849,28070,28291,28512,28733,28954,29175,29396,29617,29838,30059,30280,30501,30722,30943,31164,31385,31606,31827,32048,32269,32490,32711,32932,33153,33374,33595,33816,34037,34258,34479,34700,34921,35142,35363,35584,35805,36026,36247,36468,36689,36910,37131,37352,37573,37794,38015,38236,38457,38678,38899,39120,39341,39562,39783,40004,40225,40446,40667,40888,41109,41330,41551,41772,41993,42214,42435,42656,42877,43098,43319,43540,43761,43982,44203,44424,44645,44866,45087,45308,45529,45750,45971,46192,46413,46634,46855,47076,47297,47518,47739,47960,48178,48181,48402,48623
4,225,446,667,888,1109,1330,1551,1772,1993,2214,2435,2656,2877,3098,3319,3540,3761,3982,4203,4424,4645,4866,5087,5308,5529,5750,5971,6192,6413,6634,6855,7076,7297,7518,7739,7960,8181,8402,8623,8844,9065,9286,9507,9728,9949,10170,10391,10612,10833,11054,11275,11496,11717,11938,12159,12380,12601,12822,13043,13264,13485,13706,13927,14148,14369,14590,14811,15032,15253,15474,15695,15916,16137,16358,16579,16800,17021,17242,17463,17684,17905,18126,18347,18568,18789,19010,19231,19452,19673,19894,20115,20336,20557,20778,20999,21220,21441,21662,21883,22104,22325,22546,22767,22988,23209,23430,23651,23872,24093,24314,24535,24756,24977,25198,25419,25640,25861,26082,26303,26524,26745,26966,27187,27408,27629,27850,28071,28292,28513,28734,28955,29176,29397,29618,29839,30060,30281,30502,30723,30944,31165,31386,31607,31828,32049,32270,32491,32712,32933,33154,33375,33596,33817,34038,34259,34480,34701,34922,35143,35364,35585,35806,36027,36248,36469,36690,36911,37132,37353,37574,37795,38016,38237,38458,38679,38900,39121,39342,39563,39784,40005,40226,40447,40668,40889,41110,41331,41552,41773,41994,42215,42436,42657,42878,43099,43320,43541,43762,43983,44204,44425,44646,44867,45088,45309,45530,45751,45972,46193,46414,46635,46856,47077,47298,47519,47740,47957,47961,48182,48403,48624
5,226,447,668,889,1110,1331,1552,1773,1994,2215,2436,2657,2878,3099,3320,3541,3762,3983,4204,4425,4646,4867,5088,5309,5530,5751,5972,6193,6414,6635,6856,7077,7298,7519,7740,7961,8182,8403,8624,8845,9066,9287,9508,9729,9950,10171,10392,10613,10834,11055,11276,11497,11718,11939,12160,12381,12602,12823,13044,13265,13486,13707,13928,14149,14370,14591,14812,15033,15254,15475,15696,15917,16138,16359,16580,16801,17022,17243,17464,17685,17906,18127,18348,18569,18790,19011,19232,19453,19674,19895,20116,20337,20558,20779,21000,21221,21442,21663,21884,22105,22326,22547,22768,22989,23210,23431,23652,23873,24094,24315,24536,24757,24978,25199,25420,25641,25862,26083,26304,26525,26746,26967,27188,27409,27630,27851,28072,28293,28514,28735,28956,29177,29398,29619,29840,30061,30282,30503,30724,30945,31166,31387,31608,31829,32050,32271,32492,32713,32934,33155,33376,33597,33818,34039,34260,34481,34702,34923,35144,35365,35586,35807,36028,36249,36470,36691,36912,37133,37354,37575,37796,38017,38238,38459,38680,38901,39122,39343,39564,39785,40006,40227,40448,40669,40890,41111,41332,41553,41774,41995,42216,42437,42658,42879,43100,43321,43542,43763,43984,44205,44426,44647,44868,45089,45310,45531,45752,45973,46194,46415,46636,46857,47078,47299,47520,47736,47741,47962,48183,48404,48625
6,227,448,669,890,1111,1332,1553,1774,1995,2216,2437,2658,2879,3100,3321,3542,3763,3984,4205,4426,4647,4868,5089,5310,5531,5752,5973,6194,6415,6636,6857,7078,7299,7520,7741,7962,8183,8404,8625,8846,9067,9288,9509,9730,9951,10172,10393,10614,10835,11056,11277,11498,11719,11940,12161,12382,12603,12824,13045,13266,13487,13708,13929,14150,14371,14592,14813,15034,15255,15476,15697,15918,16139,16360,16581,16802,17023,17244,17465,17686,17907,18128,18349,18570,18791,19012,19233,19454,19675,19896,20117,20338,20559,20780,21001,21222,21443,21664,21885,22106,22327,22548,22769,22990,23211,23432,23653,23874,24095,24316,24537,24758,24979,25200,25421,25642,25863,26084,26305,26526,26747,26968,27189,27410,27631,27852,28073,28294,28515,28736,28957,29178,29399,29620,29841,30062,30283,30504,30725,30946,31167,31388,31609,31830,32051,32272,32493,32714,32935,33156,33377,33598,33819,34040,34261,34482,34703,34924,35145,35366,35587,35808,36029,36250,36471,36692,36913,37134,37355,37576,37797,38018,38239,38460,38681,38902,39123,39344,39565,39786,40007,40228,40449,40670,40891,41112,41333,41554,41775,41996,42217,42438,42659,42880,43101,43322,43543,43764,43985,44206,44427,44648,44869,45090,45311,45532,45753,45974,46195,46416,46637,46858,47079,47300,47515,47521,47742,47963,48184,48405,48626
7,228,449,670,891,1112,1333,1554,1775,1996,2217,2438,2659,2880,3101,3322,3543,3764,3985,4206,4427,4648,4869,5090,5311,5532,5753,5974,6195,6416,6637,6858,7079,7300,7521,7742,7963,8184,8405,8626,8847,9068,9289,9510,9731,9952,10173,10394,10615,10836,11057,11278,11499,11720,11941,12162,12383,12604,12825,13046,13267,13488,13709,13930,14151,14372,14593,14814,15035,15256,15477,15698,15919,16140,16361,16582,16803,17024,17245,17466,17687,17908,18129,18350,18571,18792,19013,19234,19455,19676,19897,20118,20339,20560,20781,21002,21223,21444,21665,21886,22107,22328,22549,22770,22991,23212,23433,23654,23875,24096,24317,24538,24759,24980,25201,25422,25643,25864,26085,26306,26527,26748,26969,27190,27411,27632,27853,28074,28295,28516,28737,28958,29179,29400,29621,29842,30063,30284,30505,30726,30947,31168,31389,31610,31831,32052,32273,32494,32715,32936,33157,33378,33599,33820,34041,34262,34483,34704,34925,35146,35367,35588,35809,36030,36251,36472,36693,36914,37135,37356,37577,37798,38019,38240,38461,38682,38903,39124,39345,39566,39787,40008,40229,40450,40671,40892,41113,41334,41555,41776,41997,42218,42439,42660,42881,43102,43323,43544,43765,43986,44207,44428,44649,44870,45091,45312,45533,45754,45975,46196,46417,46638,46859,47080,47294,47301,47522,47743,47964,48185,48406,48627
8,229,450,671,892,1113,1334,1555,1776,1997,2218,2439,2660,2881,3102,3323,3544,3765,3986,4207,4428,4649,4870,5091,5312,5533,5754,5975,6196,6417,6638,6859,7080,7301,7522,7743,7964,8185,8406,8627,8848,9069,9290,9511,9732,9953,10174,10395,10616,10837,11058,11279,11500,11721,11942,12163,12384,12605,12826,13047,13268,13489,13710,13931,14152,14373,14594,14815,15036,15257,15478,15699,15920,16141,16362,16583,16804,17025,17246,17467,17688,17909,18130,18351,18572,18793,19014,19235,19456,19677,19898,20119,20340,20561,20782,21003,21224,21445,21666,21887,22108,22329,22550,22771,22992,23213,23434,23655,23876,24097,24318,24539,24760,24981,25202,25423,25644,25865,26086,26307,26528,26749,26970,27191,27412,27633,27854,28075,28296,28517,28738,28959,29180,29401,29622,29843,30064,30285,30506,30727,30948,31169,31390,31611,31832,32053,32274,32495,32716,32937,33158,33379,33600,33821,34042,34263,34484,34705,34926,35147,35368,35589,35810,36031,36252,36473,36694,36915,37136,37357,37578,37799,38020,38241,38462,38683,38904,39125,39346,39567,39788,40009,40230,40451,40672,40893,41114,41335,41556,41777,41998,42219,42440,42661,42882,43103,43324,43545,43766,43987,44208,44429,44650,44871,45092,45313,45534,45755,45976,46197,46418,46639,46860,47073,47081,47302,47523,47744,47965,48186,48407,48628
9,230,451,672,893,1114,1335,1556,1777,1998,2219,2440,2661,2882,3103,3324,3545,3766,3987,4208,4429,4650,4871,5092,5313,5534,5755,5976,6197,6418,6639,6860,7081,7302,7523,7744,7965,8186,8407,8628,8849,9070,9291,9512,9733,9954,10175,10396,10617,10838,11059,11280,11501,11722,11943,12164,12385,12606,12827,13048,13269,13490,13711,13932,14153,14374,14595,14816,15037,15258,15479,15700,15921,16142,16363,16584,16805,17026,17247,17468,17689,17910,18131,18352,18573,18794,19015,19236,19457,19678,19899,20120,20341,20562,20783,21004,21225,21446,21667,21888,22109,22330,22551,22772,22993,23214,23435,23656,23877,24098,24319,24540,24761,24982,25203,25424,25645,25866,26087,26308,26529,26750,26971,27192,27413,27634,27855,28076,28297,28518,28739,28960,29181,29402,29623,29844,30065,30286,30507,30728,30949,31170,31391,31612,31833,32054,32275,32496,32717,32938,33159,33380,33601,33822,34043,34264,34485,34706,34927,35148,35369,35590,35811,36032,36253,36474,36695,36916,37137,37358,37579,37800,38021,38242,38463,38684,38905,39126,39347,39568,39789,40010,40231,40452,40673,40894,41115,41336,41557,41778,41999,42220,42441,42662,42883,43104,43325,43546,43767,43988,44209,44430,44651,44872,45093,45314,45535,45756,45977,46198,46419,46640,46852,46861,47082,47303,47524,47745,47966,48187,48408,48629
10,231,452,673,894,1115,1336,1557,1778,1999,2220,2441,2662,2883,3104,3325,3546,3767,3988,4209,4430,4651,4872,5093,5314,5535,5756,5977,6198,6419,6640,6861,7082,7303,7524,7745,7966,8187,8408,8629,8850,9071,9292,9513,9734,9955,10176,10397,10618,10839,11060,11281,11502,11723,11944,12165,12386,12607,12828,13049,13270,13491,13712,13933,14154,14375,14596,14817,15038,15259,15480,15701,15922,16143,16364,16585,16806,17027,17248,17469,17690,17911,18132,18353,18574,18795,19016,19237,19458,19679,19900,20121,20342,20563,20784,21005,21226,21447,21668,21889,22110,22331,22552,22773,22994,23215,23436,23657,23878,24099,24320,24541,24762,24983,25204,25425,25646,25867,26088,26309,26530,26751,26972,27193,27414,27635,27856,28077,28298,28519,28740,28961,29182,29403,29624,29845,30066,30287,30508,30729,30950,31171,31392,31613,31834,32055,32276,32497,32718,32939,33160,33381,33602,33823,34044,34265,34486,34707,34928,35149,35370,35591,35812,36033,36254,36475,36696,36917,37138,37359,37580,37801,38022,38243,38464,38685,38906,39127,39348,39569,39790,40011,40232,40453,40674,40895,41116,41337,41558,41779,42000,42221,42442,42663,42884,43105,43326,43547,43768,43989,44210,44431,44652,44873,45094,45315,45536,45757,45978,46199,46420,46631,46641,46862,47083,47304,47525,47746,47967,48188,48409,48630
11,232,453,674,895,1116,1337,1558,1779,2000,2221,2442,2663,2884,3105,3326,3547,3768,3989,4210,4431,4652,4873,5094,5315,5536,5757,5978,6199,6420,6641,6862,7083,7304,7525,7746,7967,8188,8409,8630,8851,9072,9293,9514,9735,9956,10177,10398,10619,10840,11061,11282,11503,11724,11945,12166,12387,12608,12829,13050,13271,13492,13713,13934,14155,14376,14597,14818,15039,15260,15481,15702,15923,16144,16365,16586,16807,17028,17249,17470,17691,17912,18133,18354,18575,18796,19017,19238,19459,19680,19901,20122,20343,20564,20785,21006,21227,21448,21669,21890,22111,22332,22553,22774,22995,23216,23437,23658,23879,24100,24321,24542,24763,24984,25205,25426,25647,25868,26089,26310,26531,26752,26973,27194,27415,27636,27857,28078,28299,28520,28741,28962,29183,29404,29625,29846,30067,30288,30509,30730,30951,31172,31393,31614,31835,32056,32277,32498,32719,32940,33161,33382,33603,33824,34045,34266,34487,34708,34929,35150,35371,35592,35813,36034,36255,36476,36697,36918,37139,37360,37581,37802,38023,38244,38465,38686,38907,39128,39349,39570,39791,40012,40233,40454,40675,40896,41117,41338,41559,41780,42001,42222,42443,42664,42885,43106,43327,43548,43769,43990,44211,44432,44653,44874,45095,45316,45537,45758,45979,46200,46410,46421,46642,46863,47084,47305,47526,47747,47968,48189,48410,48631
12,233,454,675,896,1117,1338,1559,1780,2001,2222,2443,2664,2885,3106,3327,3548,3769,3990,4211,4432,4653,4874,5095,5316,5537,5758,5979,6200,6421,6642,6863,7084,7305,7526,7747,7968,8189,8410,8631,8852,9073,9294,9515,9736,9957,10178,10399,10620,10841,11062,11283,11504,11725,11946,12167,12388,12609,12830,13051,13272,13493,13714,13935,14156,14377,14598,14819,15040,15261,15482,15703,15924,16145,16366,16587,16808,17029,17250,17471,17692,17913,18134,18355,18576,18797,19018,19239,19460,19681,19902,20123,20344,20565,20786,21007,21228,21449,21670,21891,22112,22333,22554,22775,22996,23217,23438,23659,23880,24101,24322,24543,24764,24985,25206,25427,25648,25869,26090,26311,26532,26753,26974,27195,27416,27637,27858,28079,28300,28521,28742,28963,29184,29405,29626,29847,30068,30289,30510,30731,30952,31173,31394,31615,31836,32057,32278,32499,32720,32941,33162,33383,33604,33825,34046,34267,34488,34709,34930,35151,35372,35593,35814,36035,36256,36477,36698,36919,37140,37361,37582,37803,38024,38245,38466,38687,38908,39129,39350,39571,39792,40013,40234,40455,40676,40897,41118,41339,41560,41781,42002,42223,42444,42665,42886,43107,43328,43549,43770,43991,44212,44433,44654,44875,45096,45317,45538,45759,45980,46189,46201,46422,46643,46864,47085,47306,47527,47748,47969,48190,48411,48632
13,234,455,676,897,1118,1339,1560,1781,2002,2223,2444,2665,2886,3107,3328,3549,3770,3991,4212,4433,4654,4875,5096,5317,5538,5759,5980,6201,6422,6643,6864,7085,7306,7527,7748,7969,8190,8411,8632,8853,9074,9295,9516,9737,9958,10179,10400,10621,10842,11063,11284,11505,11726,11947,12168,12389,12610,12831,13052,13273,13494,13715,13936,14157,14378,14599,14820,15041,15262,15483,15704,15925,16146,16367,16588,16809,17030,17251,17472,17693,17914,18135,18356,18577,18798,19019,19240,19461,19682,19903,20124,20345,20566,20787,21008,21229,21450,21671,21892,22113,22334,22555,22776,22997,23218,23439,23660,23881,24102,24323,24544,24765,24986,25207,25428,25649,25870,26091,26312,26533,26754,26975,27196,27417,27638,27859,28080,28301,28522,28743,28964,29185,29406,29627,29848,30069,30290,30511,30732,30953,31174,31395,31616,31837,32058,32279,32500,32721,32942,33163,33384,33605,33826,34047,34268,34489,34710,34931,35152,35373,35594,35815,36036,36257,36478,36699,36920,37141,37362,37583,37804,38025,38246,38467,38688,38909,39130,39351,39572,39793,40014,40235,40456,40677,40898,41119,41340,41561,41782,42003,42224,42445,42666,42887,43108,43329,43550,43771,43992,44213,44434,44655,44876,45097,45318,45539,45760,45968,45981,46202,46423,46644,46865,47086,47307,47528,47749,47970,48191,48412,48633
14,235,456,677,898,1119,1340,1561,1782,2003,2224,2445,2666,2887,3108,3329,3550,3771,3992,4213,4434,4655,4876,5097,5318,5539,5760,5981,6202,6423,6644,6865,7086,7307,7528,7749,7970,8191,8412,8633,8854,9075,9296,9517,9738,9959,10180,10401,10622,10843,11064,11285,11506,11727,11948,12169,12390,12611,12832,13053,13274,13495,13716,13937,14158,14379,14600,14821,15042,15263,15484,15705,15926,16147,16368,16589,16810,17031,17252,17473,17694,17915,18136,18357,18578,18799,19020,19241,19462,19683,19904,20125,20346,20567,20788,21009,21230,21451,21672,21893,22114,22335,22556,22777,22998,23219,23440,23661,23882,24103,24324,24545,24766,24987,25208,25429,25650,25871,26092,26313,26534,26755,26976,27197,27418,27639,27860,28081,28302,28523,28744,28965,29186,29407,29628,29849,30070,30291,30512,30733,30954,31175,31396,31617,31838,32059,32280,32501,32722,32943,33164,33385,33606,33827,34048,34269,34490,34711,34932,35153,35374,35595,35816,36037,36258,36479,36700,36921,37142,37363,37584,37805,38026,38247,38468,38689,38910,39131,39352,39573,39794,40015,40236,40457,40678,40899,41120,41341,41562,41783,42004,42225,42446,42667,42888,43109,43330,43551,43772,43993,44214,44435,44656,44877,45098,45319,45540,45747,45761,45982,46203,46424,46645,46866,47087,47308,47529,47750,47971,48192,48413,48634
15,236,457,678,899,1120,1341,1562,1783,2004,2225,2446,2667,2888,3109,3330,3551,3772,3993,4214,4435,4656,4877,5098,5319,5540,5761,5982,6203,6424,6645,6866,7087,7308,7529,7750,7971,8192,8413,8634,8855,9076,9297,9518,9739,9960,10181,10402,10623,10844,11065,11286,11507,11728,11949,12170,12391,12612,12833,13054,13275,13496,13717,13938,14159,14380,14601,14822,15043,15264,15485,15706,15927,16148,16369,16590,16811,17032,17253,17474,17695,17916,18137,18358,18579,18800,19021,19242,19463,19684,19905,20126,20347,20568,20789,21010,21231,21452,21673,21894,22115,22336,22557,22778,22999,23220,23441,23662,23883,24104,24325,24546,24767,24988,25209,25430,25651,25872,26093,26314,26535,26756,26977,27198,27419,27640,27861,28082,28303,28524,28745,28966,29187,29408,29629,29850,30071,30292,30513,30734,30955,31176,31397,31618,31839,32060,32281,32502,32723,32944,33165,33386,33607,33828,34049,34270,34491,34712,34933,35154,35375,35596,35817,36038,36259,36480,36701,36922,37143,37364,37585,37806,38027,38248,38469,38690,38911,39132,39353,39574,39795,40016,40237,40458,40679,40900,41121,41342,41563,41784,42005,42226,42447,42668,42889,43110,43331,43552,43773,43994,44215,44436,44657,44878,45099,45320,45526,45541,45762,45983,46204,46425,46646,46867,47088,47309,47530,47751,47972,48193,48414,48635
16,237,458,679,900,1121,1342,1563,1784,2005,2226,2447,2668,2889,3110,3331,3552,3773,3994,4215,4436,4657,4878,5099,5320,5541,5762,5983,6204,6425,6646,6867,7088,7309,7530,7751,7972,8193,8414,8635,8856,9077,9298,9519,9740,9961,10182,10403,10624,10845,11066,11287,11508,11729,11950,12171,12392,12613,12834,13055,13276,13497,13718,13939,14160,14381,14602,14823,15044,15265,15486,15707,15928,16149,16370,16591,16812,17033,17254,17475,17696,17917,18138,18359,18580,18801,19022,19243,19464,19685,19906,20127,20348,20569,20790,21011,21232,21453,21674,21895,22116,22337,22558,22779,23000,23221,23442,23663,23884,24105,24326,24547,24768,24989,25210,25431,25652,25873,26094,26315,26536,26757,26978,27199,27420,27641,27862,28083,28304,28525,28746,28967,29188,29409,29630,29851,30072,30293,30514,30735,30956,31177,31398,31619,31840,32061,32282,32503,32724,32945,33166,33387,33608,33829,34050,34271,34492,34713,34934,35155,35376,35597,35818,36039,36260,36481,36702,36923,37144,37365,37586,37807,38028,38249,38470,38691,38912,39133,39354,39575,39796,40017,40238,40459,40680,40901,41122,41343,41564,41785,42006,42227,42448,42669,42890,43111,43332,43553,43774,43995,44216,44437,44658,44879,45100,45305,45321,45542,45763,45984,46205,46426,46647,46868,47089,47310,47531,47752,47973,48194,48415,48636
17,238,459,680,901,1122,1343,1564,1785,2006,2227,2448,2669,2890,3111,3332,3553,3774,3995,4216,4437,4658,4879,5100,5321,5542,5763,5984,6205,6426,6647,6868,7089,7310,7531,7752,7973,8194,8415,8636,8857,9078,9299,9520,9741,9962,10183,10404,10625,10846,11067,11288,11509,11730,11951,12172,12393,12614,12835,13056,13277,13498,13719,13940,14161,14382,14603,14824,15045,15266,15487,15708,15929,16150,16371,16592,16813,17034,17255,17476,17697,17918,18139,18360,18581,18802,19023,19244,19465,19686,19907,20128,20349,20570,20791,21012,21233,21454,21675,21896,22117,22338,22559,22780,23001,23222,23443,23664,23885,24106,24327,24548,24769,24990,25211,25432,25653,25874,26095,26316,26537,26758,26979,27200,27421,27642,27863,28084,28305,28526,28747,28968,29189,29410,29631,29852,30073,30294,30515,30736,30957,31178,31399,31620,31841,32062,32283,32504,32725,32946,33167,33388,33609,33830,34051,34272,34493,34714,34935,35156,35377,35598,35819,36040,36261,36482,36703,36924,37145,37366,37587,37808,38029,38250,38471,38692,38913,39134,39355,39576,39797,40018,40239,40460,40681,40902,41123,41344,41565,41786,42007,42228,42449,42670,42891,43112,43333,43554,43775,43996,44217,44438,44659,44880,45084,45101,45322,45543,45764,45985,46206,46427,46648,46869,47090,47311,47532,47753,47974,48195,48416,48637
18,239,460,681,902,1123,1344,1565,1786,2007,2228,2449,2670,2891,3112,3333,3554,3775,3996,4217,4438,4659,4880,5101,5322,5543,5764,5985,6206,6427,6648,6869,7090,7311,7532,7753,7974,8195,8416,8637,8858,9079,9300,9521,9742,9963,10184,10405,10626,10847,11068,11289,11510,11731,11952,12173,12394,12615,12836,13057,13278,13499,13720,13941,14162,14383,14604,14825,15046,15267,15488,15709,15930,16151,16372,16593,16814,17035,17256,17477,17698,17919,18140,18361,18582,18803,19024,19245,19466,19687,19908,20129,20350,20571,20792,21013,21234,21455,21676,21897,22118,22339,22560,22781,23002,23223,23444,23665,23886,24107,24328,24549,24770,24991,25212,25433,25654,25875,26096,26317,26538,26759,26980,27201,27422,27643,27864,28085,28306,28527,28748,28969,29190,29411,29632,29853,30074,30295,30516,30737,30958,31179,31400,31621,31842,32063,32284,32505,32726,32947,33168,33389,33610,33831,34052,34273,34494,34715,34936,35157,35378,35599,35820,36041,36262,36483,36704,36925,37146,37367,37588,37809,38030,38251,38472,38693,38914,39135,39356,39577,39798,40019,40240,40461,40682,40903,41124,41345,41566,41787,42008,42229,42450,42671,42892,43113,43334,43555,43776,43997,44218,44439,44660,44863,44881,45102,45323,45544,45765,45986,46207,46428,46649,46870,47091,47312,47533,47754,47975,48196,48417,48638
19,240,461,682,903,1124,1345,1566,1787,2008,2229,2450,2671,2892,3113,3334,3555,3776,3997,4218,4439,4660,4881,5102,5323,5544,5765,5986,6207,6428,6649,6870,7091,7312,7533,7754,7975,8196,8417,8638,8859,9080,9301,9522,9743,9964,10185,10406,10627,10848,11069,11290,11511,11732,11953,12174,12395,12616,12837,13058,13279,13500,13721,13942,14163,14384,14605,14826,15047,15268,15489,15710,15931,16152,16373,16594,16815,17036,17257,17478,17699,17920,18141,18362,18583,18804,19025,19246,19467,19688,19909,20130,20351,20572,20793,21014,21235,21456,21677,21898,22119,22340,22561,22782,23003,23224,23445,23666,23887,24108,24329,24550,24771,24992,25213,25434,25655,25876,26097,26318,26539,26760,26981,27202,27423,27644,27865,28086,28307,28528,28749,28970,29191,29412,29633,29854,30075,30296,30517,30738,30959,31180,31401,31622,31843,32064,32285,32506,32727,32948,33169,33390,33611,33832,34053,34274,34495,34716,34937,35158,35379,35600,35821,36042,36263,36484,36705,36926,37147,37368,37589,37810,38031,38252,38473,38694,38915,39136,39357,39578,39799,40020,40241,40462,40683,40904,41125,41346,41567,41788,42009,42230,42451,42672,42893,43114,43335,43556,43777,43998,44219,44440,44642,44661,44882,45103,45324,45545,45766,45987,46208,46429,46650,46871,47092,47313,47534,47755,47976,48197,48418,48639
20,241,462,683,904,1125,1346,1567,1788,2009,2230,2451,2672,2893,3114,3335,3556,3777,3998,4219,4440,4661,4882,5103,5324,5545,5766,5987,6208,6429,6650,6871,7092,7313,7534,7755,7976,8197,8418,8639,8860,9081,9302,9523,9744,9965,10186,10407,10628,10849,11070,11291,11512,11733,11954,12175,12396,12617,12838,13059,13280,13501,13722,13943,14164,14385,14606,14827,15048,15269,15490,15711,15932,16153,16374,16595,16816,17037,17258,17479,17700,17921,18142,18363,18584,18805,19026,19247,19468,19689,19910,20131,20352,20573,20794,21015,21236,21457,21678,21899,22120,22341,22562,22783,23004,23225,23446,23667,23888,24109,24330,24551,24772,24993,25214,25435,25656,25877,26098,26319,26540,26761,26982,27203,27424,27645,27866,28087,28308,28529,28750,28971,29192,29413,29634,29855,30076,30297,30518,30739,30960,31181,31402,31623,31844,32065,32286,32507,32728,32949,33170,33391,33612,33833,34054,34275,34496,34717,34938,35159,35380,35601,35822,36043,36264,36485,36706,36927,37148,37369,37590,37811,38032,38253,38474,38695,38916,39137,39358,39579,39800,40021,40242,40463,40684,40905,41126,41347,41568,41789,42010,42231,42452,42673,42894,43115,43336,43557,43778,43999,44220,44421,44441,44662,44883,45104,45325,45546,45767,45988,46209,46430,46651,46872,47093,47314,47535,47756,47977,48198,48419,48640
21,242,463,684,905,1126,1347,1568,1789,2010,2231,2452,2673,2894,3115,3336,3557,3778,3999,4220,4441,4662,4883,5104,5325,5546,5767,5988,6209,6430,6651,6872,7093,7314,7535,7756,7977,8198,8419,8640,8861,9082,9303,9524,9745,9966,10187,10408,10629,10850,11071,11292,11513,11734,11955,12176,12397,12618,12839,13060,13281,13502,13723,13944,14165,14386,14607,14828,15049,15270,15491,15712,15933,16154,16375,16596,16817,17038,17259,17480,17701,17922,18143,18364,18585,18806,19027,19248,19469,19690,19911,20132,20353,20574,20795,21016,21237,21458,21679,21900,22121,22342,22563,22784,23005,23226,23447,23668,23889,24110,24331,24552,24773,24994,25215,25436,25657,25878,26099,26320,26541,26762,26983,27204,27425,27646,27867,28088,28309,28530,28751,28972,29193,29414,29635,29856,30077,30298,30519,30740,30961,31182,31403,31624,31845,32066,32287,32508,32729,32950,33171,33392,33613,33834,34055,34276,34497,34718,34939,35160,35381,35602,35823,36044,36265,36486,36707,36928,37149,37370,37591,37812,38033,38254,38475,38696,38917,39138,39359,39580,39801,40022,40243,40464,40685,40906,41127,41348,41569,41790,42011,42232,42453,42674,42895,43116,43337,43558,43779,44000,44200,44221,44442,44663,44884,45105,45326,45547,45768,45989,46210,46431,46652,46873,47094,47315,47536,47757,47978,48199,48420,48641
22,243,464,685,906,1127,1348,1569,1790,2011,2232,2453,2674,2895,3116,3337,3558,3779,4000,4221,4442,4663,4884,5105,5326,5547,5768,5989,6210,6431,6652,6873,7094,7315,7536,7757,7978,8199,8420,8641,8862,9083,9304,9525,9746,9967,10188,10409,10630,10851,11072,11293,11514,11735,11956,12177,12398,12619,12840,13061,13282,13503,13724,13945,14166,14387,14608,14829,15050,15271,15492,15713,15934,16155,16376,16597,16818,17039,17260,17481,17702,17923,18144,18365,18586,18807,19028,19249,19470,19691,19912,20133,20354,20575,20796,21017,21238,21459,21680,21901,22122,22343,22564,22785,23006,23227,23448,23669,23890,24111,24332,24553,24774,24995,25216,25437,25658,25879,26100,26321,26542,26763,26984,27205,27426,27647,27868,28089,28310,28531,28752,28973,29194,29415,29636,29857,30078,30299,30520,30741,30962,31183,31404,31625,31846,32067,32288,32509,32730,32951,33172,33393,33614,33835,34056,34277,34498,34719,34940,35161,35382,35603,35824,36045,36266,36487,36708,36929,37150,37371,37592,37813,38034,38255,38476,38697,38918,39139,39360,39581,39802,40023,40244,40465,40686,40907,41128,41349,41570,41791,42012,42233,42454,42675,42896,43117,43338,43559,43780,43979,44001,44222,44443,44664,44885,45106,45327,45548,45769,45990,46211,46432,46653,46874,47095,47316,47537,47758,47979,48200,48421,48642
23,244,465,686,907,1128,1349,1570,1791,2012,2233,2454,2675,2896,3117,3338,3559,3780,4001,4222,4443,4664,4885,5106,5327,5548,5769,5990,6211,6432,6653,6874,7095,7316,7537,7758,7979,8200,8421,8642,8863,9084,9305,9526,9747,9968,10189,10410,10631,10852,11073,11294,11515,11736,11957,12178,12399,12620,12841,13062,13283,13504,13725,13946,14167,14388,14609,14830,15051,15272,15493,15714,15935,16156,16377,16598,16819,17040,17261,17482,17703,17924,18145,18366,18587,18808,19029,19250,19471,19692,19913,20134,20355,20576,20797,21018,21239,21460,21681,21902,22123,22344,22565,22786,23007,23228,23449,23670,23891,24112,24333,24554,24775,24996,25217,25438,25659,25880,26101,26322,26543,26764,26985,27206,27427,27648,27869,28090,28311,28532,28753,28974,29195,29416,29637,29858,30079,30300,30521,30742,30963,31184,31405,31626,31847,32068,32289,32510,32731,32952,33173,33394,33615,33836,34057,34278,34499,34720,34941,35162,35383,35604,35825,36046,36267,36488,36709,36930,37151,37372,37593,37814,38035,38256,38477,38698,38919,39140,39361,39582,39803,40024,40245,40466,40687,40908,41129,41350,41571,41792,42013,42234,42455,42676,42897,43118,43339,43560,43758,43781,44002,44223,44444,44665,44886,45107,45328,45549,45770,45991,46212,46433,46654,46875,47096,47317,47538,47759,47980,48201,48422,48643
24,245,466,687,908,1129,1350,1571,1792,2013,2234,2455,2676,2897,3118,3339,3560,3781,4002,4223,4444,4665,4886,5107,5328,5549,5770,5991,6212,6433,6654,6875,7096,7317,7538,7759,7980,8201,8422,8643,8864,9085,9306,9527,9748,9969,10190,10411,10632,10853,11074,11295,11516,11737,11958,12179,12400,12621,12842,13063,13284,13505,13726,13947,14168,14389,14610,14831,15052,15273,15494,15715,15936,16157,16378,16599,16820,17041,17262,17483,17704,17925,18146,18367,18588,18809,19030,19251,19472,19693,19914,20135,20356,20577,20798,21019,21240,21461,21682,21903,22124,22345,22566,22787,23008,23229,23450,23671,23892,24113,24334,24555,24776,24997,25218,25439,25660,25881,26102,26323,26544,26765,26986,27207,27428,27649,27870,28091,28312,28533,28754,28975,29196,29417,29638,29859,30080,30301,30522,30743,30964,31185,31406,31627,31848,32069,32290,32511,32732,32953,33174,33395,33616,33837,34058,34279,34500,34721,34942,35163,35384,35605,35826,36047,36268,36489,36710,36931,37152,37373,37594,37815,38036,38257,38478,38699,38920,39141,39362,39583,39804,40025,40246,40467,40688,40909,41130,41351,41572,41793,42014,42235,42456,42677,42898,43119,43340,43537,43561,43782,44003,44224,44445,44666,44887,45108,45329,45550,45771,45992,46213,46434,46655,46876,47097,47318,47539,47760,47981,48202,48423,48644
25,246,467,688,909,1130,1351,1572,1793,2014,2235,2456,2677,2898,3119,3340,3561,3782,4003,4224,4445,4666,4887,5108,5329,5550,5771,5992,6213,6434,6655,6876,7097,7318,7539,7760,7981,8202,8423,8644,8865,9086,9307,9528,9749,9970,10191,10412,10633,10854,11075,11296,11517,11738,11959,12180,12401,12622,12843,13064,13285,13506,13727,13948,14169,14390,14611,14832,15053,15274,15495,15716,15937,16158,16379,16600,16821,17042,17263,17484,17705,17926,18147,18368,18589,18810,19031,19252,19473,19694,19915,20136,20357,20578,20799,21020,21241,21462,21683,21904,22125,22346,22567,22788,23009,23230,23451,23672,23893,24114,24335,24556,24777,24998,25219,25440,25661,25882,26103,26324,26545,26766,26987,27208,27429,27650,27871,28092,28313,28534,28755,28976,29197,29418,29639,29860,30081,30302,30523,30744,30965,31186,31407,31628,31849,32070,32291,32512,32733,32954,33175,33396,33617,33838,34059,34280,34501,34722,34943,35164,35385,35606,35827,36048,36269,36490,36711,36932,37153,37374,37595,37816,38037,38258,38479,38700,38921,39142,39363,39584,39805,40026,40247,40468,40689,40910,41131,41352,41573,41794,42015,42236,42457,42678,42899,43120,43316,43341,43562,43783,44004,44225,44446,44667,44888,45109,45330,45551,45772,45993,46214,46435,46656,46877,47098,47319,47540,47761,47982,48203,48424,48645
26,247,468,689,910,1131,1352,1573,1794,2015,2236,2457,2678,2899,3120,3341,3562,3783,4004,4225,4446,4667,4888,5109,5330,5551,5772,5993,6214,6435,6656,6877,7098,7319,7540,7761,7982,8203,8424,8645,8866,9087,9308,9529,9750,9971,10192,10413,10634,10855,11076,11297,11518,11739,11960,12181,12402,12623,12844,13065,13286,13507,13728,13949,14170,14391,14612,14833,15054,15275,15496,15717,15938,16159,16380,16601,16822,17043,17264,17485,17706,17927,18148,18369,18590,18811,19032,19253,19474,19695,19916,20137,20358,20579,20800,21021,21242,21463,21684,21905,22126,22347,22568,22789,23010,23231,23452,23673,23894,24115,24336,24557,24778,24999,25220,25441,25662,25883,26104,26325,26546,26767,26988,27209,27430,27651,27872,28093,28314,28535,28756,28977,29198,29419,29640,29861,30082,30303,30524,30745,30966,31187,31408,31629,31850,32071,32292,32513,32734,32955,33176,33397,33618,33839,34060,34281,34502,34723,34944,35165,35386,35607,35828,36049,36270,36491,36712,36933,37154,37375,37596,37817,38038,38259,38480,38701,38922,39143,39364,39585,39806,40027,40248,40469,40690,40911,41132,41353,41574,41795,42016,42237,42458,42679,42900,43095,43121,43342,43563,43784,44005,44226,44447,44668,44889,45110,45331,45552,45773,45994,46215,46436,46657,46878,47099,47320,47541,47762,47983,48204,48425,48646
27,248,469,690,911,1132,1353,1574,1795,2016,2237,2458,2679,2900,3121,3342,3563,3784,4005,4226,4447,4668,4889,5110,5331,5552,5773,5994,6215,6436,6657,6878,7099,7320,7541,7762,7983,8204,8425,8646,8867,9088,9309,9530,9751,9972,10193,10414,10635,10856,11077,11298,11519,11740,11961,12182,12403,12624,12845,13066,13287,13508,13729,13950,14171,14392,14613,14834,15055,15276,15497,15718,15939,16160,16381,16602,16823,17044,17265,17486,17707,17928,18149,18370,18591,18812,19033,19254,19475,19696,19917,20138,20359,20580,20801,21022,21243,21464,21685,21906,22127,22348,22569,22790,23011,23232,23453,23674,23895,24116,24337,24558,24779,25000,25221,25442,25663,25884,26105,26326,26547,26768,26989,27210,27431,27652,27873,28094,28315,28536,28757,28978,29199,29420,29641,29862,30083,30304,30525,30746,30967,31188,31409,31630,31851,32072,32293,32514,32735,32956,33177,33398,33619,33840,34061,34282,34503,34724,34945,35166,35387,35608,35829,36050,36271,36492,36713,36934,37155,37376,37597,37818,38039,38260,38481,38702,38923,39144,39365,39586,39807,40028,40249,40470,40691,40912,41133,41354,41575,41796,42017,42238,42459,42680,42874,42901,43122,43343,43564,43785,44006,44227,44448,44669,44890,45111,45332,45553,45774,45995,46216,46437,46658,46879,47100,47321,47542,47763,47984,48205,48426,48647
28,249,470,691,912,1133,1354,1575,1796,2017,2238,2459,2680,2901,3122,3343,3564,3785,4006,4227,4448,4669,4890,5111,5332,5553,5774,5995,6216,6437,6658,6879,7100,7321,7542,7763,7984,8205,8426,8647,8868,9089,9310,9531,9752,9973,10194,10415,10636,10857,11078,11299,11520,11741,11962,12183,12404,12625,12846,13067,13288,13509,13730,13951,14172,14393,14614,14835,15056,15277,15498,15719,15940,16161,16382,16603,16824,17045,17266,17487,17708,17929,18150,18371,18592,18813,19034,19255,19476,19697,19918,20139,20360,20581,20802,21023,21244,21465,21686,21907,22128,22349,22570,22791,23012,23233,23454,23675,23896,24117,24338,24559,24780,25001,25222,25443,25664,25885,26106,26327,26548,26769,26990,27211,27432,27653,27874,28095,28316,28537,28758,28979,29200,29421,29642,29863,30084,30305,30526,30747,30968,31189,31410,31631,31852,32073,32294,32515,32736,32957,33178,33399,33620,33841,34062,34283,34504,34725,34946,35167,35388,35609,35830,36051,36272,36493,36714,36935,37156,37377,37598,37819,38040,38261,38482,38703,38924,39145,39366,39587,39808,40029,40250,40471,40692,40913,41134,41355,41576,41797,42018,42239,42460,42653,42681,42902,43123,43344,43565,43786,44007,44228,44449,44670,44891,45112,45333,45554,45775,45996,46217,46438,46659,46880,47101,47322,47543,47764,47985,48206,48427,48648
29,250,471,692,913,1134,1355,1576,1797,2018,2239,2460,2681,2902,3123,3344,3565,3786,4007,4228,4449,4670,4891,5112,5333,5554,5775,5996,6217,6438,6659,6880,7101,7322,7543,7764,7985,8206,8427,8648,8869,9090,9311,9532,9753,9974,10195,10416,10637,10858,11079,11300,11521,11742,11963,12184,12405,12626,12847,13068,13289,13510,13731,13952,14173,14394,14615,14836,15057,15278,15499,15720,15941,16162,16383,16604,16825,17046,17267,17488,17709,17930,18151,18372,18593,18814,19035,19256,19477,19698,19919,20140,20361,20582,20803,21024,21245,21466,21687,21908,22129,22350,22571,22792,23013,23234,23455,23676,23897,24118,24339,24560,24781,25002,25223,25444,25665,25886,26107,26328,26549,26770,26991,27212,27433,27654,27875,28096,28317,28538,28759,28980,29201,29422,29643,29864,30085,30306,30527,30748,30969,31190,31411,31632,31853,32074,32295,32516,32737,32958,33179,33400,33621,33842,34063,34284,34505,34726,34947,35168,35389,35610,35831,36052,36273,36494,36715,36936,37157,37378,37599,37820,38041,38262,38483,38704,38925,39146,39367,39588,39809,40030,40251,40472,40693,40914,41135,41356,41577,41798,42019,42240,42432,42461,42682,42903,43124,43345,43566,43787,44008,44229,44450,44671,44892,45113,45334,45555,45776,45997,46218,46439,46660,46881,47102,47323,47544,47765,47986,48207,48428,48649
30,251,472,693,914,1135,1356,1577,1798,2019,2240,2461,2682,2903,3124,3345,3566,3787,4008,4229,4450,4671,4892,5113,5334,5555,5776,5997,6218,6439,6660,6881,7102,7323,7544,7765,7986,8207,8428,8649,8870,9091,9312,9533,9754,9975,10196,10417,10638,10859,11080,11301,11522,11743,11964,12185,12406,12627,12848,13069,13290,13511,13732,13953,14174,14395,14616,14837,15058,15279,15500,15721,15942,16163,16384,16605,16826,17047,17268,17489,17710,17931,18152,18373,18594,18815,19036,19257,19478,19699,19920,20141,20362,20583,20804,21025,21246,21467,21688,21909,22130,22351,22572,22793,23014,23235,23456,23677,23898,24119,24340,24561,24782,25003,25224,25445,25666,25887,26108,26329,26550,26771,26992,27213,27434,27655,27876,28097,28318,28539,28760,28981,29202,29423,29644,29865,30086,30307,30528,30749,30970,31191,31412,31633,31854,32075,32296,32517,32738,32959,33180,33401,33622,33843,34064,34285,34506,34727,34948,35169,35390,35611,35832,36053,36274,36495,36716,36937,37158,37379,37600,37821,38042,38263,38484,38705,38926,39147,39368,39589,39810,40031,40252,40473,40694,40915,41136,41357,41578,41799,42020,42211,42241,42462,42683,42904,43125,43346,43567,43788,44009,44230,44451,44672,44893,45114,45335,45556,45777,45998,46219,46440,46661,46882,47103,47324,47545,47766,47987,48208,48429,48650
31,252,473,694,915,1136,1357,1578,1799,2020,2241,2462,2683,2904,3125,3346,3567,3788,4009,4230,4451,4672,4893,5114,5335,5556,5777,5998,6219,6440,6661,6882,7103,7324,7545,7766,7987,8208,8429,8650,8871,9092,9313,9534,9755,9976,10197,10418,10639,10860,11081,11302,11523,11744,11965,12186,12407,12628,12849,13070,13291,13512,13733,13954,14175,14396,14617,14838,15059,15280,15501,15722,15943,16164,16385,16606,16827,17048,17269,17490,17711,17932,18153,18374,18595,18816,19037,19258,19479,19700,19921,20142,20363,20584,20805,21026,21247,21468,21689,21910,22131,22352,22573,22794,23015,23236,23457,23678,23899,24120,24341,24562,24783,25004,25225,25446,25667,25888,26109,26330,26551,26772,26993,27214,27435,27656,27877,28098,28319,28540,28761,28982,29203,29424,29645,29866,30087,30308,30529,30750,30971,31192,31413,31634,31855,32076,32297,32518,32739,32960,33181,33402,33623,33844,34065,34286,34507,34728,34949,35170,35391,35612,35833,36054,36275,36496,36717,36938,37159,37380,37601,37822,38043,38264,38485,38706,38927,39148,39369,39590,39811,40032,40253,40474,40695,40916,41137,41358,41579,41800,41990,42021,42242,42463,42684,42905,43126,43347,43568,43789,44010,44231,44452,44673,44894,45115,45336,45557,45778,45999,46220,46441,46662,46883,47104,47325,47546,47767,47988,48209,48430,48651
32,253,474,695,916,1137,1358,1579,1800,2021,2242,2463,2684,2905,3126,3347,3568,3789,4010,4231,4452,4673,4894,5115,5336,5557,5778,5999,6220,6441,6662,6883,7104,7325,7546,7767,7988,8209,8430,8651,8872,9093,9314,9535,9756,9977,10198,10419,10640,10861,11082,11303,11524,11745,11966,12187,12408,12629,12850,13071,13292,13513,13734,13955,14176,14397,14618,14839,15060,15281,15502,15723,15944,16165,16386,16607,16828,17049,17270,17491,17712,17933,18154,18375,18596,18817,19038,19259,19480,19701,19922,20143,20364,20585,20806,21027,21248,21469,21690,21911,22132,22353,22574,22795,23016,23237,23458,23679,23900,24121,24342,24563,24784,25005,25226,25447,25668,25889,26110,26331,26552,26773,26994,27215,27436,27657,27878,28099,28320,28541,28762,28983,29204,29425,29646,29867,30088,30309,30530,30751,30972,31193,31414,31635,31856,32077,32298,32519,32740,32961,33182,33403,33624,33845,34066,34287,34508,34729,34950,35171,35392,35613,35834,36055,36276,36497,36718,36939,37160,37381,37602,37823,38044,38265,38486,38707,38928,39149,39370,39591,39812,40033,40254,40475,40696,40917,41138,41359,41580,41769,41801,42022,42243,42464,42685,42906,43127,43348,43569,43790,44011,44232,44453,44674,44895,45116,45337,45558,45779,46000,46221,46442,46663,46884,47105,47326,47547,47768,47989,48210,48431,48652
33,254,475,696,917,1138,1359,1580,1801,2022,2243,2464,2685,2906,3127,3348,3569,3790,4011,4232,4453,4674,4895,5116,5337,5558,5779,6000,6221,6442,6663,6884,7105,7326,7547,7768,7989,8210,8431,8652,8873,9094,9315,9536,9757,9978,10199,10420,10641,10862,11083,11304,11525,11746,11967,12188,12409,12630,12851,13072,13293,13514,13735,13956,14177,14398,14619,14840,15061,15282,15503,15724,15945,16166,16387,16608,16829,17050,17271,17492,17713,17934,18155,18376,18597,18818,19039,19260,19481,19702,19923,20144,20365,20586,20807,21028,21249,21470,21691,21912,22133,22354,22575,22796,23017,23238,23459,23680,23901,24122,24343,24564,24785,25006,25227,25448,25669,25890,26111,26332,26553,26774,26995,27216,27437,27658,27879,28100,28321,28542,28763,28984,29205,29426,29647,29868,30089,30310,30531,30752,30973,31194,31415,31636,31857,32078,32299,32520,32741,32962,33183,33404,33625,33846,34067,34288,34509,34730,34951,35172,35393,35614,35835,36056,36277,36498,36719,36940,37161,37382,37603,37824,38045,38266,38487,38708,38929,39150,39371,39592,39813,40034,40255,40476,40697,40918,41139,41360,41548,41581,41802,42023,42244,42465,42686,42907,43128,43349,43570,43791,44012,44233,44454,44675,44896,45117,45338,45559,45780,46001,46222,46443,46664,46885,47106,47327,47548,47769,47990,48211,48432,48653
34,255,476,697,918,1139,1360,1581,1802,2023,2244,2465,2686,2907,3128,3349,3570,3791,4012,4233,4454,4675,4896,5117,5338,5559,5780,6001,6222,6443,6664,6885,7106,7327,7548,7769,7990,8211,8432,8653,8874,9095,9316,9537,9758,9979,10200,10421,10642,10863,11084,11305,11526,11747,11968,12189,12410,12631,12852,13073,13294,13515,13736,13957,14178,14399,14620,14841,15062,15283,15504,15725,15946,16167,16388,16609,16830,17051,17272,17493,17714,17935,18156,18377,18598,18819,19040,19261,19482,19703,19924,20145,20366,20587,20808,21029,21250,21471,21692,21913,22134,22355,22576,22797,23018,23239,23460,23681,23902,24123,24344,24565,24786,25007,25228,25449,25670,25891,26112,26333,26554,26775,26996,27217,27438,27659,27880,28101,28322,28543,28764,28985,29206,29427,29648,29869,30090,30311,30532,30753,30974,31195,31416,31637,31858,32079,32300,32521,32742,32963,33184,33405,33626,33847,34068,34289,34510,34731,34952,35173,35394,35615,35836,36057,36278,36499,36720,36941,37162,37383,37604,37825,38046,38267,38488,38709,38930,39151,39372,39593,39814,40035,40256,40477,40698,40919,41140,41327,41361,41582,41803,42024,42245,42466,42687,42908,43129,43350,43571,43792,44013,44234,44455,44676,44897,45118,45339,45560,45781,46002,46223,46444,46665,46886,47107,47328,47549,47770,47991,48212,48433,48654
35,256,477,698,919,1140,1361,1582,1803,2024,2245,2466,2687,2908,3129,3350,3571,3792,4013,4234,4455,4676,4897,5118,5339,5560,5781,6002,6223,6444,6665,6886,7107,7328,7549,7770,7991,8212,8433,8654,8875,9096,9317,9538,9759,9980,10201,10422,10643,10864,11085,11306,11527,11748,11969,12190,12411,12632,12853,13074,13295,13516,13737,13958,14179,14400,14621,14842,15063,15284,15505,15726,15947,16168,16389,16610,16831,17052,17273,17494,17715,17936,18157,18378,18599,18820,19041,19262,19483,19704,19925,20146,20367,20588,20809,21030,21251,21472,21693,21914,22135,22356,22577,22798,23019,23240,23461,23682,23903,24124,24345,24566,24787,25008,25229,25450,25671,25892,26113,26334,26555,26776,26997,27218,27439,27660,27881,28102,28323,28544,28765,28986,29207,29428,29649,29870,30091,30312,30533,30754,30975,31196,31417,31638,31859,32080,32301,32522,32743,32964,33185,33406,33627,33848,34069,34290,34511,34732,34953,35174,35395,35616,35837,36058,36279,36500,36721,36942,37163,37384,37605,37826,38047,38268,38489,38710,38931,39152,39373,39594,39815,40036,40257,40478,40699,40920,41106,41141,41362,41583,41804,42025,42246,42467,42688,42909,43130,43351,43572,43793,44014,44235,44456,44677,44898,45119,45340,45561,45782,46003,46224,46445,46666,46887,47108,47329,47550,47771,47992,48213,48434,48655
36,257,478,699,920,1141,1362,1583,1804,2025,2246,2467,2688,2909,3130,3351,3572,3793,4014,4235,4456,4677,4898,5119,5340,5561,5782,6003,6224,6445,6666,6887,7108,7329,7550,7771,7992,8213,8434,8655,8876,9097,9318,9539,9760,9981,10202,10423,10644,10865,11086,11307,11528,11749,11970,12191,12412,12633,12854,13075,13296,13517,13738,13959,14180,14401,14622,14843,15064,15285,15506,15727,15948,16169,16390,16611,16832,17053,17274,17495,17716,17937,18158,18379,18600,18821,19042,19263,19484,19705,19926,20147,20368,20589,20810,21031,21252,21473,21694,21915,22136,22357,22578,22799,23020,23241,23462,23683,23904,24125,24346,24567,24788,25009,25230,25451,25672,25893,26114,26335,26556,26777,26998,27219,27440,27661,27882,28103,28324,28545,28766,28987,29208,29429,29650,29871,30092,30313,30534,30755,30976,31197,31418,31639,31860,32081,32302,32523,32744,32965,33186,33407,33628,33849,34070,34291,34512,34733,34954,35175,35396,35617,35838,36059,36280,36501,36722,36943,37164,37385,37606,37827,38048,38269,38490,38711,38932,39153,39374,39595,39816,40037,40258,40479,40700,40885,40921,41142,41363,41584,41805,42026,42247,42468,42689,42910,43131,43352,43573,43794,44015,44236,44457,44678,44899,45120,45341,45562,45783,46004,46225,46446,46667,46888,47109,47330,47551,47772,47993,48214,48435,48656
37,258,479,700,921,1142,1363,1584,1805,2026,2247,2468,2689,2910,3131,3352,3573,3794,4015,4236,4457,4678,4899,5120,5341,5562,5783,6004,6225,6446,6667,6888,7109,7330,7551,7772,7993,8214,8435,8656,8877,9098,9319,9540,9761,9982,10203,10424,10645,10866,11087,11308,11529,11750,11971,12192,12413,12634,12855,13076,13297,13518,13739,13960,14181,14402,14623,14844,15065,15286,15507,15728,15949,16170,16391,16612,16833,17054,17275,17496,17717,17938,18159,18380,18601,18822,19043,19264,19485,19706,19927,20148,20369,20590,20811,21032,21253,21474,21695,21916,22137,22358,22579,22800,23021,23242,23463,23684,23905,24126,24347,24568,24789,25010,25231,25452,25673,25894,26115,26336,26557,26778,26999,27220,27441,27662,27883,28104,28325,28546,28767,28988,29209,29430,29651,29872,30093,30314,30535,30756,30977,31198,31419,31640,31861,32082,32303,32524,32745,32966,33187,33408,33629,33850,34071,34292,34513,34734,34955,35176,35397,35618,35839,36060,36281,36502,36723,36944,37165,37386,37607,37828,38049,38270,38491,38712,38933,39154,39375,39596,39817,40038,40259,40480,40664,40701,40922,41143,41364,41585,41806,42027,42248,42469,42690,42911,43132,43353,43574,43795,44016,44237,44458,44679,44900,45121,45342,45563,45784,46005,46226,46447,46668,46889,47110,47331,47552,47773,47994,48215,48436,48657
38,259,480,701,922,1143,1364,1585,1806,2027,2248,2469,2690,2911,3132,3353,3574,3795,4016,4237,4458,4679,4900,5121,5342,5563,5784,6005,6226,6447,6668,6889,7110,7331,7552,7773,7994,8215,8436,8657,8878,9099,9320,9541,9762,9983,10204,10425,10646,10867,11088,11309,11530,11751,11972,12193,12414,12635,12856,13077,13298,13519,13740,13961,14182,14403,14624,14845,15066,15287,15508,15729,15950,16171,16392,16613,16834,17055,17276,17497,17718,17939,18160,18381,18602,18823,19044,19265,19486,19707,19928,20149,20370,20591,20812,21033,21254,21475,21696,21917,22138,22359,22580,22801,23022,23243,23464,23685,23906,24127,24348,24569,24790,25011,25232,25453,25674,25895,26116,26337,26558,26779,27000,27221,27442,27663,27884,28105,28326,28547,28768,28989,29210,29431,29652,29873,30094,30315,30536,30757,30978,31199,31420,31641,31862,32083,32304,32525,32746,32967,33188,33409,33630,33851,34072,34293,34514,34735,34956,35177,35398,35619,35840,36061,36282,36503,36724,36945,37166,37387,37608,37829,38050,38271,38492,38713,38934,39155,39376,39597,39818,40039,40260,40443,40481,40702,40923,41144,41365,41586,41807,42028,42249,42470,42691,42912,43133,43354,43575,43796,44017,44238,44459,44680,44901,45122,45343,45564,45785,46006,46227,46448,46669,46890,47111,47332,47553,47774,47995,48216,48437,48658
39,260,481,702,923,1144,1365,1586,1807,2028,2249,2470,2691,2912,3133,3354,3575,3796,4017,4238,4459,4680,4901,5122,5343,5564,5785,6006,6227,6448,6669,6890,7111,7332,7553,7774,7995,8216,8437,8658,8879,9100,9321,9542,9763,9984,10205,10426,10647,10868,11089,11310,11531,11752,11973,12194,12415,12636,12857,13078,13299,13520,13741,13962,14183,14404,14625,14846,15067,15288,15509,15730,15951,16172,16393,16614,16835,17056,17277,17498,17719,17940,18161,18382,18603,18824,19045,19266,19487,19708,19929,20150,20371,20592,20813,21034,21255,21476,21697,21918,22139,22360,22581,22802,23023,23244,23465,23686,23907,24128,24349,24570,24791,25012,25233,25454,25675,25896,26117,26338,26559,26780,27001,27222,27443,27664,27885,28106,28327,28548,28769,28990,29211,29432,29653,29874,30095,30316,30537,30758,30979,31200,31421,31642,31863,32084,32305,32526,32747,32968,33189,33410,33631,33852,34073,34294,34515,34736,34957,35178,35399,35620,35841,36062,36283,36504,36725,36946,37167,37388,37609,37830,38051,38272,38493,38714,38935,39156,39377,39598,39819,40040,40222,40261,40482,40703,40924,41145,41366,41587,41808,42029,42250,42471,42692,42913,43134,43355,43576,43797,44018,44239,44460,44681,44902,45123,45344,45565,45786,46007,46228,46449,46670,46891,47112,47333,47554,47775,47996,48217,48438,48659
40,261,482,703,924,1145,1366,1587,1808,2029,2250,2471,2692,2913,3134,3355,3576,3797,4018,4239,4460,4681,4902,5123,5344,5565,5786,6007,6228,6449,6670,6891,7112,7333,7554,7775,7996,8217,8438,8659,8880,9101,9322,9543,9764,9985,10206,10427,10648,10869,11090,11311,11532,11753,11974,12195,12416,12637,12858,13079,13300,13521,13742,13963,14184,14405,14626,14847,15068,15289,15510,15731,15952,16173,16394,16615,16836,17057,17278,17499,17720,17941,18162,18383,18604,18825,19046,19267,19488,19709,19930,20151,20372,20593,20814,21035,21256,21477,21698,21919,22140,22361,22582,22803,23024,23245,23466,23687,23908,24129,24350,24571,24792,25013,25234,25455,25676,25897,26118,26339,26560,26781,27002,27223,27444,27665,27886,28107,28328,28549,28770,28991,29212,29433,29654,29875,30096,30317,30538,30759,30980,31201,31422,31643,31864,32085,32306,32527,32748,32969,33190,33411,33632,33853,34074,34295,34516,34737,34958,35179,35400,35621,35842,36063,36284,36505,36726,36947,37168,37389,37610,37831,38052,38273,38494,38715,38936,39157,39378,39599,39820,40001,40041,40262,40483,40704,40925,41146,41367,41588,41809,42030,42251,42472,42693,42914,43135,43356,43577,43798,44019,44240,44461,44682,44903,45124,45345,45566,45787,46008,46229,46450,46671,46892,47113,47334,47555,47776,47997,48218,48439,48660
41,262,483,704,925,1146,1367,1588,1809,2030,2251,2472,2693,2914,3135,3356,3577,3798,4019,4240,4461,4682,4903,5124,5345,5566,5787,6008,6229,6450,6671,6892,7113,7334,7555,7776,7997,8218,8439,8660,8881,9102,9323,9544,9765,9986,10207,10428,10649,10870,11091,11312,11533,11754,11975,12196,12417,12638,12859,13080,13301,13522,13743,13964,14185,14406,14627,14848,15069,15290,15511,15732,15953,16174,16395,16616,16837,17058,17279,17500,17721,17942,18163,18384,18605,18826,19047,19268,19489,19710,19931,20152,20373,20594,20815,21036,21257,21478,21699,21920,22141,22362,22583,22804,23025,23246,23467,23688,23909,24130,24351,24572,24793,25014,25235,25456,25677,25898,26119,26340,26561,26782,27003,27224,27445,27666,27887,28108,28329,28550,28771,28992,29213,29434,29655,29876,30097,30318,30539,30760,30981,31202,31423,31644,31865,32086,32307,32528,32749,32970,33191,33412,33633,33854,34075,34296,34517,34738,34959,35180,35401,35622,35843,36064,36285,36506,36727,36948,37169,37390,37611,37832,38053,38274,38495,38716,38937,39158,39379,39600,39780,39821,40042,40263,40484,40705,40926,41147,41368,41589,41810,42031,42252,42473,42694,42915,43136,43357,43578,43799,44020,44241,44462,44683,44904,45125,45346,45567,45788,46009,46230,46451,46672,46893,47114,47335,47556,47777,47998,48219,48440,48661
42,263,484,705,926,1147,1368,1589,1810,2031,2252,2473,2694,2915,3136,3357,3578,3799,4020,4241,4462,4683,4904,5125,5346,5567,5788,6009,6230,6451,6672,6893,7114,7335,7556,7777,7998,8219,8440,8661,8882,9103,9324,9545,9766,9987,10208,10429,10650,10871,11092,11313,11534,11755,11976,12197,12418,12639,12860,13081,13302,13523,13744,13965,14186,14407,14628,14849,15070,15291,15512,15733,15954,16175,16396,16617,16838,17059,17280,17501,17722,17943,18164,18385,18606,18827,19048,19269,19490,19711,19932,20153,20374,20595,20816,21037,21258,21479,21700,21921,22142,22363,22584,22805,23026,23247,23468,23689,23910,24131,24352,24573,24794,25015,25236,25457,25678,25899,26120,26341,26562,26783,27004,27225,27446,27667,27888,28109,28330,28551,28772,28993,29214,29435,29656,29877,30098,30319,30540,30761,30982,31203,31424,31645,31866,32087,32308,32529,32750,32971,33192,33413,33634,33855,34076,34297,34518,34739,34960,35181,35402,35623,35844,36065,36286,36507,36728,36949,37170,37391,37612,37833,38054,38275,38496,38717,38938,39159,39380,39559,39601,39822,40043,40264,40485,40706,40927,41148,41369,41590,41811,42032,42253,42474,42695,42916,43137,43358,43579,43800,44021,44242,44463,44684,44905,45126,45347,45568,45789,46010,46231,46452,46673,46894,47115,47336,47557,47778,47999,48220,48441,48662
43,264,485,706,927,1148,1369,1590,1811,2032,2253,2474,2695,2916,3137,3358,3579,3800,4021,4242,4463,4684,4905,5126,5347,5568,5789,6010,6231,6452,6673,6894,7115,7336,7557,7778,7999,8220,8441,8662,8883,9104,9325,9546,9767,9988,10209,10430,10651,10872,11093,11314,11535,11756,11977,12198,12419,12640,12861,13082,13303,13524,13745,13966,14187,14408,14629,14850,15071,15292,15513,15734,15955,16176,16397,16618,16839,17060,17281,17502,17723,17944,18165,18386,18607,18828,19049,19270,19491,19712,19933,20154,20375,20596,20817,21038,21259,21480,21701,21922,22143,22364,22585,22806,23027,23248,23469,23690,23911,24132,24353,24574,24795,25016,25237,25458,25679,25900,26121,26342,26563,26784,27005,27226,27447,27668,27889,28110,28331,28552,28773,28994,29215,29436,29657,29878,30099,30320,30541,30762,30983,31204,31425,31646,31867,32088,32309,32530,32751,32972,33193,33414,33635,33856,34077,34298,34519,34740,34961,35182,35403,35624,35845,36066,36287,36508,36729,36950,37171,37392,37613,37834,38055,38276,38497,38718,38939,39160,39338,39381,39602,39823,40044,40265,40486,40707,40928,41149,41370,41591,41812,42033,42254,42475,42696,42917,43138,43359,43580,43801,44022,44243,44464,44685,44906,45127,45348,45569,45790,46011,46232,46453,46674,46895,47116,47337,47558,47779,48000,48221,48442,48663
44,265,486,707,928,1149,1370,1591,1812,2033,2254,2475,2696,2917,3138,3359,3580,3801,4022,4243,4464,4685,4906,5127,5348,5569,5790,6011,6232,6453,6674,6895,7116,7337,7558,7779,8000,8221,8442,8663,8884,9105,9326,9547,9768,9989,10210,10431,10652,10873,11094,11315,11536,11757,11978,12199,12420,12641,12862,13083,13304,13525,13746,13967,14188,14409,14630,14851,15072,15293,15514,15735,15956,16177,16398,16619,16840,17061,17282,17503,17724,17945,18166,18387,18608,18829,19050,19271,19492,19713,19934,20155,20376,20597,20818,21039,21260,21481,21702,21923,22144,22365,22586,22807,23028,23249,23470,23691,23912,24133,24354,24575,24796,25017,25238,25459,25680,25901,26122,26343,26564,26785,27006,27227,27448,27669,27890,28111,28332,28553,28774,28995,29216,29437,29658,29879,30100,30321,30542,30763,30984,31205,31426,31647,31868,32089,32310,32531,32752,32973,33194,33415,33636,33857,34078,34299,34520,34741,34962,35183,35404,35625,35846,36067,36288,36509,36730,36951,37172,37393,37614,37835,38056,38277,38498,38719,38940,39117,39161,39382,39603,39824,40045,40266,40487,40708,40929,41150,41371,41592,41813,42034,42255,42476,42697,42918,43139,43360,43581,43802,44023,44244,44465,44686,44907,45128,45349,45570,45791,46012,46233,46454,46675,46896,47117,47338,47559,47780,48001,48222,48443,48664
45,266,487,708,929,1150,1371,1592,1813,2034,2255,2476,2697,2918,3139,3360,3581,3802,4023,4244,4465,4686,4907,5128,5349,5570,5791,6012,6233,6454,6675,6896,7117,7338,7559,7780,8001,8222,8443,8664,8885,9106,9327,9548,9769,9990,10211,10432,10653,10874,11095,11316,11537,11758,11979,12200,12421,12642,12863,13084,13305,13526,13747,13968,14189,14410,14631,14852,15073,15294,15515,15736,15957,16178,16399,16620,16841,17062,17283,17504,17725,17946,18167,18388,18609,18830,19051,19272,19493,19714,19935,20156,20377,20598,20819,21040,21261,21482,21703,21924,22145,22366,22587,22808,23029,23250,23471,23692,23913,24134,24355,24576,24797,25018,25239,25460,25681,25902,26123,26344,26565,26786,27007,27228,27449,27670,27891,28112,28333,28554,28775,28996,29217,29438,29659,29880,30101,30322,30543,30764,30985,31206,31427,31648,31869,32090,32311,32532,32753,32974,33195,33416,33637,33858,34079,34300,34521,34742,34963,35184,35405,35626,35847,36068,36289,36510,36731,36952,37173,37394,37615,37836,38057,38278,38499,38720,38896,38941,39162,39383,39604,39825,40046,40267,40488,40709,40930,41151,41372,41593,41814,42035,42256,42477,42698,42919,43140,43361,43582,43803,44024,44245,44466,44687,44908,45129,45350,45571,45792,46013,46234,46455,46676,46897,47118,47339,47560,47781,48002,48223,48444,48665
46,267,488,709,930,1151,1372,1593,1814,2035,2256,2477,2698,2919,3140,3361,3582,3803,4024,4245,4466,4687,4908,5129,5350,5571,5792,6013,6234,6455,6676,6897,7118,7339,7560,7781,8002,8223,8444,8665,8886,9107,9328,9549,9770,9991,10212,10433,10654,10875,11096,11317,11538,11759,11980,12201,12422,12643,12864,13085,13306,13527,13748,13969,14190,14411,14632,14853,15074,15295,15516,15737,15958,16179,16400,16621,16842,17063,17284,17505,17726,17947,18168,18389,18610,18831,19052,19273,19494,19715,19936,20157,20378,20599,20820,21041,21262,21483,21704,21925,22146,22367,22588,22809,23030,23251,23472,23693,23914,24135,24356,24577,24798,25019,25240,25461,25682,25903,26124,26345,26566,26787,27008,27229,27450,27671,27892,28113,28334,28555,28776,28997,29218,29439,29660,29881,30102,30323,30544,30765,30986,31207,31428,31649,31870,32091,32312,32533,32754,32975,33196,33417,33638,33859,34080,34301,34522,34743,34964,35185,35406,35627,35848,36069,36290,36511,36732,36953,37174,37395,37616,37837,38058,38279,38500,38675,38721,38942,39163,39384,39605,39826,40047,40268,40489,40710,40931,41152,41373,41594,41815,42036,42257,42478,42699,42920,43141,43362,43583,43804,44025,44246,44467,44688,44909,45130,45351,45572,45793,46014,46235,46456,46677,46898,47119,47340,47561,47782,48003,48224,48445,48666
47,268,489,710,931,1152,1373,1594,1815,2036,2257,2478,2699,2920,3141,3362,3583,3804,4025,4246,4467,4688,4909,5130,5351,5572,5793,6014,6235,6456,6677,6898,7119,7340,7561,7782,8003,8224,8445,8666,8887,9108,9329,9550,9771,9992,10213,10434,10655,10876,11097,11318,11539,11760,11981,12202,12423,12644,12865,13086,13307,13528,13749,13970,14191,14412,14633,14854,15075,15296,15517,15738,15959,16180,16401,16622,16843,17064,17285,17506,17727,17948,18169,18390,18611,18832,19053,19274,19495,19716,19937,20158,20379,20600,20821,21042,21263,21484,21705,21926,22147,22368,22589,22810,23031,23252,23473,23694,23915,24136,24357,24578,24799,25020,25241,25462,25683,25904,26125,26346,26567,26788,27009,27230,27451,27672,27893,28114,28335,28556,28777,28998,29219,29440,29661,29882,30103,30324,30545,30766,30987,31208,31429,31650,31871,32092,32313,32534,32755,32976,33197,33418,33639,33860,34081,34302,34523,34744,34965,35186,35407,35628,35849,36070,36291,36512,36733,36954,37175,37396,37617,37838,38059,38280,38454,38501,38722,38943,39164,39385,39606,39827,40048,40269,40490,40711,40932,41153,41374,41595,41816,42037,42258,42479,42700,42921,43142,43363,43584,43805,44026,44247,44468,44689,44910,45131,45352,45573,45794,46015,46236,46457,46678,46899,47120,47341,47562,47783,48004,48225,48446,48667
48,269,490,711,932,1153,1374,1595,1816,2037,2258,2479,2700,2921,3142,3363,3584,3805,4026,4247,4468,4689,4910,5131,5352,5573,5794,6015,6236,6457,6678,6899,7120,7341,7562,7783,8004,8225,8446,8667,8888,9109,9330,9551,9772,9993,10214,10435,10656,10877,11098,11319,11540,11761,11982,12203,12424,12645,12866,13087,13308,13529,13750,13971,14192,14413,14634,14855,15076,15297,15518,15739,15960,16181,16402,16623,16844,17065,17286,17507,17728,17949,18170,18391,18612,18833,19054,19275,19496,19717,19938,20159,20380,20601,20822,21043,21264,21485,21706,21927,22148,22369,22590,22811,23032,23253,23474,23695,23916,24137,24358,24579,24800,25021,25242,25463,25684,25905,26126,26347,26568,26789,27010,27231,27452,27673,27894,28115,28336,28557,28778,28999,29220,29441,29662,29883,30104,30325,30546,30767,30988,31209,31430,31651,31872,32093,32314,32535,32756,32977,33198,33419,33640,33861,34082,34303,34524,34745,34966,35187,35408,35629,35850,36071,36292,36513,36734,36955,37176,37397,37618,37839,38060,38233,38281,38502,38723,38944,39165,39386,39607,39828,40049,40270,40491,40712,40933,41154,41375,41596,41817,42038,42259,42480,42701,42922,43143,43364,43585,43806,44027,44248,44469,44690,44911,45132,45353,45574,45795,46016,46237,46458,46679,46900,47121,47342,47563,47784,48005,48226,48447,48668
49,270,491,712,933,1154,1375,1596,1817,2038,2259,2480,2701,2922,3143,3364,3585,3806,4027,4248,4469,4690,4911,5132,5353,5574,5795,6016,6237,6458,6679,6900,7121,7342,7563,7784,8005,8226,8447,8668,8889,9110,9331,9552,9773,9994,10215,10436,10657,10878,11099,11320,11541,11762,11983,12204,12425,12646,12867,13088,13309,13530,13751,13972,14193,14414,14635,14856,15077,15298,15519,15740,15961,16182,16403,16624,16845,17066,17287,17508,17729,17950,18171,18392,18613,18834,19055,19276,19497,19718,19939,20160,20381,20602,20823,21044,21265,21486,21707,21928,22149,22370,22591,22812,23033,23254,23475,23696,23917,24138,24359,24580,24801,25022,25243,25464,25685,25906,26127,26348,26569,26790,27011,27232,27453,27674,27895,28116,28337,28558,28779,29000,29221,29442,29663,29884,30105,30326,30547,30768,30989,31210,31431,31652,31873,32094,32315,32536,32757,32978,33199,33420,33641,33862,34083,34304,34525,34746,34967,35188,35409,35630,35851,36072,36293,36514,36735,36956,37177,37398,37619,37840,38012,38061,38282,38503,38724,38945,39166,39387,39608,39829,40050,40271,40492,40713,40934,41155,41376,41597,41818,42039,42260,42481,42702,42923,43144,43365,43586,43807,44028,44249,44470,44691,44912,45133,45354,45575,45796,46017,46238,46459,46680,46901,47122,47343,47564,47785,48006,48227,48448,48669
50,271,492,713,934,1155,1376,1597,1818,2039,2260,2481,2702,2923,3144,3365,3586,3807,4028,4249,4470,4691,4912,5133,5354,5575,5796,6017,6238,6459,6680,6901,7122,7343,7564,7785,8006,8227,8448,8669,8890,9111,9332,9553,9774,9995,10216,10437,10658,10879,11100,11321,11542,11763,11984,12205,12426,12647,12868,13089,13310,13531,13752,13973,14194,14415,14636,14857,15078,15299,15520,15741,15962,16183,16404,16625,16846,17067,17288,17509,17730,17951,18172,18393,18614,18835,19056,19277,19498,19719,19940,20161,20382,20603,20824,21045,21266,21487,21708,21929,22150,22371,22592,22813,23034,23255,23476,23697,23918,24139,24360,24581,24802,25023,25244,25465,25686,25907,26128,26349,26570,26791,27012,27233,27454,27675,27896,28117,28338,28559,28780,29001,29222,29443,29664,29885,30106,30327,30548,30769,30990,31211,31432,31653,31874,32095,32316,32537,32758,32979,33200,33421,33642,33863,34084,34305,34526,34747,34968,35189,35410,35631,35852,36073,36294,36515,36736,36957,37178,37399,37620,37791,37841,38062,38283,38504,38725,38946,39167,39388,39609,39830,40051,40272,40493,40714,40935,41156,41377,41598,41819,42040,42261,42482,42703,42924,43145,43366,43587,43808,44029,44250,44471,44692,44913,45134,45355,45576,45797,46018,46239,46460,46681,46902,47123,47344,47565,47786,48007,48228,48449,48670
51,272,493,714,935,1156,1377,1598,1819,2040,2261,2482,2703,2924,3145,3366,3587,3808,4029,4250,4471,4692,4913,5134,5355,5576,5797,6018,6239,6460,6681,6902,7123,7344,7565,7786,8007,8228,8449,8670,8891,9112,9333,9554,9775,9996,10217,10438,10659,10880,11101,11322,11543,11764,11985,12206,12427,12648,12869,13090,13311,13532,13753,13974,14195,14416,14637,14858,15079,15300,15521,15742,15963,16184,16405,16626,16847,17068,17289,17510,17731,17952,18173,18394,18615,18836,19057,19278,19499,19720,19941,20162,20383,20604,20825,21046,21267,21488,21709,21930,22151,22372,22593,22814,23035,23256,23477,23698,23919,24140,24361,24582,24803,25024,25245,25466,25687,25908,26129,26350,26571,26792,27013,27234,27455,27676,27897,28118,28339,28560,28781,29002,29223,29444,29665,29886,30107,30328,30549,30770,30991,31212,31433,31654,31875,32096,32317,32538,32759,32980,33201,33422,33643,33864,34085,34306,34527,34748,34969,35190,35411,35632,35853,36074,36295,36516,36737,36958,37179,37400,37570,37621,37842,38063,38284,38505,38726,38947,39168,39389,39610,39831,40052,40273,40494,40715,40936,41157,41378,41599,41820,42041,42262,42483,42704,42925,43146,43367,43588,43809,44030,44251,44472,44693,44914,45135,45356,45577,45798,46019,46240,46461,46682,46903,47124,47345,47566,47787,48008,48229,48450,48671
52,273,494,715,936,1157,1378,1599,1820,2041,2262,2483,2704,2925,3146,3367,3588,3809,4030,4251,4472,4693,4914,5135,5356,5577,5798,6019,6240,6461,6682,6903,7124,7345,7566,7787,8008,8229,8450,8671,8892,9113,9334,9555,9776,9997,10218,10439,10660,10881,11102,11323,11544,11765,11986,12207,12428,12649,12870,13091,13312,13533,13754,13975,14196,14417,14638,14859,15080,15301,15522,15743,15964,16185,16406,16627,16848,17069,17290,17511,17732,17953,18174,18395,18616,18837,19058,19279,19500,19721,19942,20163,20384,20605,20826,21047,21268,21489,21710,21931,22152,22373,22594,22815,23036,23257,23478,23699,23920,24141,24362,24583,24804,25025,25246,25467,25688,25909,26130,26351,26572,26793,27014,27235,27456,27677,27898,28119,28340,28561,28782,29003,29224,29445,29666,29887,30108,30329,30550,30771,30992,31213,31434,31655,31876,32097,32318,32539,32760,32981,33202,33423,33644,33865,34086,34307,34528,34749,34970,35191,35412,35633,35854,36075,36296,36517,36738,36959,37180,37349,37401,37622,37843,38064,38285,38506,38727,38948,39169,39390,39611,39832,40053,40274,40495,40716,40937,41158,41379,41600,41821,42042,42263,42484,42705,42926,43147,43368,43589,43810,44031,44252,44473,44694,44915,45136,45357,45578,45799,46020,46241,46462,46683,46904,47125,47346,47567,47788,48009,48230,48451,48672
53,274,495,716,937,1158,1379,1600,1821,2042,2263,2484,2705,2926,3147,3368,3589,3810,4031,4252,4473,4694,4915,5136,5357,5578,5799,6020,6241,6462,6683,6904,7125,7346,7567,7788,8009,8230,8451,8672,8893,9114,9335,9556,9777,9998,10219,10440,10661,10882,11103,11324,11545,11766,11987,12208,12429,12650,12871,13092,13313,13534,13755,13976,14197,14418,14639,14860,15081,15302,15523,15744,15965,16186,16407,16628,16849,17070,17291,17512,17733,17954,18175,18396,18617,18838,19059,19280,19501,19722,19943,20164,20385,20606,20827,21048,21269,21490,21711,21932,22153,22374,22595,22816,23037,23258,23479,23700,23921,24142,24363,24584,24805,25026,25247,25468,25689,25910,26131,26352,26573,26794,27015,27236,27457,27678,27899,28120,28341,28562,28783,29004,29225,29446,29667,29888,30109,30330,30551,30772,30993,31214,31435,31656,31877,32098,32319,32540,32761,32982,33203,33424,33645,33866,34087,34308,34529,34750,34971,35192,35413,35634,35855,36076,36297,36518,36739,36960,37128,37181,37402,37623,37844,38065,38286,38507,38728,38949,39170,39391,39612,39833,40054,40275,40496,40717,40938,41159,41380,41601,41822,42043,42264,42485,42706,42927,43148,43369,43590,43811,44032,44253,44474,44695,44916,45137,45358,45579,45800,46021,46242,46463,46684,46905,47126,47347,47568,47789,48010,48231,48452,48673
54,275,496,717,938,1159,1380,1601,1822,2043,2264,2485,2706,2927,3148,3369,3590,3811,4032,4253,4474,4695,4916,5137,5358,5579,5800,6021,6242,6463,6684,6905,7126,7347,7568,7789,8010,8231,8452,8673,8894,9115,9336,9557,9778,9999,10220,10441,10662,10883,11104,11325,11546,11767,11988,12209,12430,12651,12872,13093,13314,13535,13756,13977,14198,14419,14640,14861,15082,15303,15524,15745,15966,16187,16408,16629,16850,17071,17292,17513,17734,17955,18176,18397,18618,18839,19060,19281,19502,19723,19944,20165,20386,20607,20828,21049,21270,21491,21712,21933,22154,22375,22596,22817,23038,23259,23480,23701,23922,24143,24364,24585,24806,25027,25248,25469,25690,25911,26132,26353,26574,26795,27016,27237,27458,27679,27900,28121,28342,28563,28784,29005,29226,29447,29668,29889,30110,30331,30552,30773,30994,31215,31436,31657,31878,32099,32320,32541,32762,32983,33204,33425,33646,33867,34088,34309,34530,34751,34972,35193,35414,35635,35856,36077,36298,36519,36740,36907,36961,37182,37403,37624,37845,38066,38287,38508,38729,38950,39171,39392,39613,39834,40055,40276,40497,40718,40939,41160,41381,41602,41823,42044,42265,42486,42707,42928,43149,43370,43591,43812,44033,44254,44475,44696,44917,45138,45359,45580,45801,46022,46243,46464,46685,46906,47127,47348,47569,47790,48011,48232,48453,48674
55,276,497,718,939,1160,1381,1602,1823,2044,2265,2486,2707,2928,3149,3370,3591,3812,4033,4254,4475,4696,4917,5138,5359,5580,5801,6022,6243,6464,6685,6906,7127,7348,7569,7790,8011,8232,8453,8674,8895,9116,9337,9558,9779,10000,10221,10442,10663,10884,11105,11326,11547,11768,11989,12210,12431,12652,12873,13094,13315,13536,13757,13978,14199,14420,14641,14862,15083,15304,15525,15746,15967,16188,16409,16630,16851,17072,17293,17514,17735,17956,18177,18398,18619,18840,19061,19282,19503,19724,19945,20166,20387,20608,20829,21050,21271,21492,21713,21934,22155,22376,22597,22818,23039,23260,23481,23702,23923,24144,24365,24586,24807,25028,25249,25470,25691,25912,26133,26354,26575,26796,27017,27238,27459,27680,27901,28122,28343,28564,28785,29006,29227,29448,29669,29890,30111,30332,30553,30774,30995,31216,31437,31658,31879,32100,32321,32542,32763,32984,33205,33426,33647,33868,34089,34310,34531,34752,34973,35194,35415,35636,35857,36078,36299,36520,36686,36741,36962,37183,37404,37625,37846,38067,38288,38509,38730,38951,39172,39393,39614,39835,40056,40277,40498,40719,40940,41161,41382,41603,41824,42045,42266,42487,42708,42929,43150,43371,43592,43813,44034,44255,44476,44697,44918,45139,45360,45581,45802,46023,46244,46465,46686,46907,47128,47349,47570,47791,48012,48233,48454,48675
56,277,498,719,940,1161,1382,1603,1824,2045,2266,2487,2708,2929,3150,3371,3592,3813,4034,4255,4476,4697,4918,5139,5360,5581,5802,6023,6244,6465,6686,6907,7128,7349,7570,7791,8012,8233,8454,8675,8896,9117,9338,9559,9780,10001,10222,10443,10664,10885,11106,11327,11548,11769,11990,12211,12432,12653,12874,13095,13316,13537,13758,13979,14200,14421,14642,14863,15084,15305,15526,15747,15968,16189,16410,16631,16852,17073,17294,17515,17736,17957,18178,18399,18620,18841,19062,19283,19504,19725,19946,20167,20388,20609,20830,21051,21272,21493,21714,21935,22156,22377,22598,22819,23040,23261,23482,23703,23924,24145,24366,24587,24808,25029,25250,25471,25692,25913,26134,26355,26576,26797,27018,27239,27460,27681,27902,28123,28344,28565,28786,29007,29228,29449,29670,29891,30112,30333,30554,30775,30996,31217,31438,31659,31880,32101,32322,32543,32764,32985,33206,33427,33648,33869,34090,34311,34532,34753,34974,35195,35416,35637,35858,36079,36300,36465,36521,36742,36963,37184,37405,37626,37847,38068,38289,38510,38731,38952,39173,39394,39615,39836,40057,40278,40499,40720,40941,41162,41383,41604,41825,42046,42267,42488,42709,42930,43151,43372,43593,43814,44035,44256,44477,44698,44919,45140,45361,45582,45803,46024,46245,46466,46687,46908,47129,47350,47571,47792,48013,48234,48455,48676
57,278,499,720,941,1162,1383,1604,1825,2046,2267,2488,2709,2930,3151,3372,3593,3814,4035,4256,4477,4698,4919,5140,5361,5582,5803,6024,6245,6466,6687,6908,7129,7350,7571,7792,8013,8234,8455,8676,8897,9118,9339,9560,9781,10002,10223,10444,10665,10886,11107,11328,11549,11770,11991,12212,12433,12654,12875,13096,13317,13538,13759,13980,14201,14422,14643,14864,15085,15306,15527,15748,15969,16190,16411,16632,16853,17074,17295,17516,17737,17958,18179,18400,18621,18842,19063,19284,19505,19726,19947,20168,20389,20610,20831,21052,21273,21494,21715,21936,22157,22378,22599,22820,23041,23262,23483,23704,23925,24146,24367,24588,24809,25030,25251,25472,25693,25914,26135,26356,26577,26798,27019,27240,27461,27682,27903,28124,28345,28566,28787,29008,29229,29450,29671,29892,30113,30334,30555,30776,30997,31218,31439,31660,31881,32102,32323,32544,32765,32986,33207,33428,33649,33870,34091,34312,34533,34754,34975,35196,35417,35638,35859,36080,36244,36301,36522,36743,36964,37185,37406,37627,37848,38069,38290,38511,38732,38953,39174,39395,39616,39837,40058,40279,40500,40721,40942,41163,41384,41605,41826,42047,42268,42489,42710,42931,43152,43373,43594,43815,44036,44257,44478,44699,44920,45141,45362,45583,45804,46025,46246,46467,46688,46909,47130,47351,47572,47793,48014,48235,48456,48677
58,279,500,721,942,1163,1384,1605,1826,2047,2268,2489,2710,2931,3152,3373,3594,3815,4036,4257,4478,4699,4920,5141,5362,5583,5804,6025,6246,6467,6688,6909,7130,7351,7572,7793,8014,8235,8456,8677,8898,9119,9340,9561,9782,10003,10224,10445,10666,10887,11108,11329,11550,11771,11992,12213,12434,12655,12876,13097,13318,13539,13760,13981,14202,14423,14644,14865,15086,15307,15528,15749,15970,16191,16412,16633,16854,17075,17296,17517,17738,17959,18180,18401,18622,18843,19064,19285,19506,19727,19948,20169,20390,20611,20832,21053,21274,21495,21716,21937,22158,22379,22600,22821,23042,23263,23484,23705,23926,24147,24368,24589,24810,25031,25252,25473,25694,25915,26136,26357,26578,26799,27020,27241,27462,27683,27904,28125,28346,28567,28788,29009,29230,29451,29672,29893,30114,30335,30556,30777,30998,31219,31440,31661,31882,32103,32324,32545,32766,32987,33208,33429,33650,33871,34092,34313,34534,34755,34976,35197,35418,35639,35860,36023,36081,36302,36523,36744,36965,37186,37407,37628,37849,38070,38291,38512,38733,38954,39175,39396,39617,39838,40059,40280,40501,40722,40943,41164,41385,41606,41827,42048,42269,42490,42711,42932,43153,43374,43595,43816,44037,44258,44479,44700,44921,45142,45363,45584,45805,46026,46247,46468,46689,46910,47131,47352,47573,47794,48015,48236,48457,48678
59,280,501,722,943,1164,1385,1606,1827,2048,2269,2490,2711,2932,3153,3374,3595,3816,4037,4258,4479,4700,4921,5142,5363,5584,5805,6026,6247,6468,6689,6910,7131,7352,7573,7794,8015,8236,8457,8678,8899,9120,9341,9562,9783,10004,10225,10446,10667,10888,11109,11330,11551,11772,11993,12214,12435,12656,12877,13098,13319,13540,13761,13982,14203,14424,14645,14866,15087,15308,15529,15750,15971,16192,16413,16634,16855,17076,17297,17518,17739,17960,18181,18402,18623,18844,19065,19286,19507,19728,19949,20170,20391,20612,20833,21054,21275,21496,21717,21938,22159,22380,22601,22822,23043,23264,23485,23706,23927,24148,24369,24590,24811,25032,25253,25474,25695,25916,26137,26358,26579,26800,27021,27242,27463,27684,27905,28126,28347,28568,28789,29010,29231,29452,29673,29894,30115,30336,30557,30778,30999,31220,31441,31662,31883,32104,32325,32546,32767,32988,33209,33430,33651,33872,34093,34314,34535,34756,34977,35198,35419,35640,35802,35861,36082,36303,36524,36745,36966,37187,37408,37629,37850,38071,38292,38513,38734,38955,39176,39397,39618,39839,40060,40281,40502,40723,40944,41165,41386,41607,41828,42049,42270,42491,42712,42933,43154,43375,43596,43817,44038,44259,44480,44701,44922,45143,45364,45585,45806,46027,46248,46469,46690,46911,47132,47353,47574,47795,48016,48237,48458,48679
60,281,502,723,944,1165,1386,1607,1828,2049,2270,2491,2712,2933,3154,3375,3596,3817,4038,4259,4480,4701,4922,5143,5364,5585,5806,6027,6248,6469,6690,6911,7132,7353,7574,7795,8016,8237,8458,8679,8900,9121,9342,9563,9784,10005,10226,10447,10668,10889,11110,11331,11552,11773,11994,12215,12436,12657,12878,13099,13320,13541,13762,13983,14204,14425,14646,14867,15088,15309,15530,15751,15972,16193,16414,16635,16856,17077,17298,17519,17740,17961,18182,18403,18624,18845,19066,19287,19508,19729,19950,20171,20392,20613,20834,21055,21276,21497,21718,21939,22160,22381,22602,22823,23044,23265,23486,23707,23928,24149,24370,24591,24812,25033,25254,25475,25696,25917,26138,26359,26580,26801,27022,27243,27464,27685,27906,28127,28348,28569,28790,29011,29232,29453,29674,29895,30116,30337,30558,30779,31000,31221,31442,31663,31884,32105,32326,32547,32768,32989,33210,33431,33652,33873,34094,34315,34536,34757,34978,35199,35420,35581,35641,35862,36083,36304,36525,36746,36967,37188,37409,37630,37851,38072,38293,38514,38735,38956,39177,39398,39619,39840,40061,40282,40503,40724,40945,41166,41387,41608,41829,42050,42271,42492,42713,42934,43155,43376,43597,43818,44039,44260,44481,44702,44923,45144,45365,45586,45807,46028,46249,46470,46691,46912,47133,47354,47575,47796,48017,48238,48459,48680
61,282,503,724,945,1166,1387,1608,1829,2050,2271,2492,2713,2934,3155,3376,3597,3818,4039,4260,4481,4702,4923,5144,5365,5586,5807,6028,6249,6470,6691,6912,7133,7354,7575,7796,8017,8238,8459,8680,8901,9122,9343,9564,9785,10006,10227,10448,10669,10890,11111,11332,11553,11774,11995,12216,12437,12658,12879,13100,13321,13542,13763,13984,14205,14426,14647,14868,15089,15310,15531,15752,15973,16194,16415,16636,16857,17078,17299,17520,17741,17962,18183,18404,18625,18846,19067,19288,19509,19730,19951,20172,20393,20614,20835,21056,21277,21498,21719,21940,22161,22382,22603,22824,23045,23266,23487,23708,23929,24150,24371,24592,24813,25034,25255,25476,25697,25918,26139,26360,26581,26802,27023,27244,27465,27686,27907,28128,28349,28570,28791,29012,29233,29454,29675,29896,30117,30338,30559,30780,31001,31222,31443,31664,31885,32106,32327,32548,32769,32990,33211,33432,33653,33874,34095,34316,34537,34758,34979,35200,35360,35421,35642,35863,36084,36305,36526,36747,36968,37189,37410,37631,37852,38073,38294,38515,38736,38957,39178,39399,39620,39841,40062,40283,40504,40725,40946,41167,41388,41609,41830,42051,42272,42493,42714,42935,43156,43377,43598,43819,44040,44261,44482,44703,44924,45145,45366,45587,45808,46029,46250,46471,46692,46913,47134,47355,47576,47797,48018,48239,48460,48681
62,283,504,725,946,1167,1388,1609,1830,2051,2272,2493,2714,2935,3156,3377,3598,3819,4040,4261,4482,4703,4924,5145,5366,5587,5808,6029,6250,6471,6692,6913,7134,7355,7576,7797,8018,8239,8460,8681,8902,9123,9344,9565,9786,10007,10228,10449,10670,10891,11112,11333,11554,11775,11996,12217,12438,12659,12880,13101,13322,13543,13764,13985,14206,14427,14648,14869,15090,15311,15532,15753,15974,16195,16416,16637,16858,17079,17300,17521,17742,17963,18184,18405,18626,18847,19068,19289,19510,19731,19952,20173,20394,20615,20836,21057,21278,21499,21720,21941,22162,22383,22604,22825,23046,23267,23488,23709,23930,24151,24372,24593,24814,25035,25256,25477,25698,25919,26140,26361,26582,26803,27024,27245,27466,27687,27908,28129,28350,28571,28792,29013,29234,29455,29676,29897,30118,30339,30560,30781,31002,31223,31444,31665,31886,32107,32328,32549,32770,32991,33212,33433,33654,33875,34096,34317,34538,34759,34980,35139,35201,35422,35643,35864,36085,36306,36527,36748,36969,37190,37411,37632,37853,38074,38295,38516,38737,38958,39179,39400,39621,39842,40063,40284,40505,40726,40947,41168,41389,41610,41831,42052,42273,42494,42715,42936,43157,43378,43599,43820,44041,44262,44483,44704,44925,45146,45367,45588,45809,46030,46251,46472,46693,46914,47135,47356,47577,47798,48019,48240,48461,48682
63,284,505,726,947,1168,1389,1610,1831,2052,2273,2494,2715,2936,3157,3378,3599,3820,4041,4262,4483,4704,4925,5146,5367,5588,5809,6030,6251,6472,6693,6914,7135,7356,7577,7798,8019,8240,8461,8682,8903,9124,9345,9566,9787,10008,10229,10450,10671,10892,11113,11334,11555,11776,11997,12218,12439,12660,12881,13102,13323,13544,13765,13986,14207,14428,14649,14870,15091,15312,15533,15754,15975,16196,16417,16638,16859,17080,17301,17522,17743,17964,18185,18406,18627,18848,19069,19290,19511,19732,19953,20174,20395,20616,20837,21058,21279,21500,21721,21942,22163,22384,22605,22826,23047,23268,23489,23710,23931,24152,24373,24594,24815,25036,25257,25478,25699,25920,26141,26362,26583,26804,27025,27246,27467,27688,27909,28130,28351,28572,28793,29014,29235,29456,29677,29898,30119,30340,30561,30782,31003,31224,31445,31666,31887,32108,32329,32550,32771,32992,33213,33434,33655,33876,34097,34318,34539,34760,34918,34981,35202,35423,35644,35865,36086,36307,36528,36749,36970,37191,37412,37633,37854,38075,38296,38517,38738,38959,39180,39401,39622,39843,40064,40285,40506,40727,40948,41169,41390,41611,41832,42053,42274,42495,42716,42937,43158,43379,43600,43821,44042,44263,44484,44705,44926,45147,45368,45589,45810,46031,46252,46473,46694,46915,47136,47357,47578,47799,48020,48241,48462,48683
64,285,506,727,948,1169,1390,1611,1832,2053,2274,2495,2716,2937,3158,3379,3600,3821,4042,4263,4484,4705,4926,5147,5368,5589,5810,6031,6252,6473,6694,6915,7136,7357,7578,7799,8020,8241,8462,8683,8904,9125,9346,9567,9788,10009,10230,10451,10672,10893,11114,11335,11556,11777,11998,12219,12440,12661,12882,13103,13324,13545,13766,13987,14208,14429,14650,14871,15092,15313,15534,15755,15976,16197,16418,16639,16860,17081,17302,17523,17744,17965,18186,18407,18628,18849,19070,19291,19512,19733,19954,20175,20396,20617,20838,21059,21280,21501,21722,21943,22164,22385,22606,22827,23048,23269,23490,23711,23932,24153,24374,24595,24816,25037,25258,25479,25700,25921,26142,26363,26584,26805,27026,27247,27468,27689,27910,28131,28352,28573,28794,29015,29236,29457,29678,29899,30120,30341,30562,30783,31004,31225,31446,31667,31888,32109,32330,32551,32772,32993,33214,33435,33656,33877,34098,34319,34540,34697,34761,34982,35203,35424,35645,35866,36087,36308,36529,36750,36971,37192,37413,37634,37855,38076,38297,38518,38739,38960,39181,39402,39623,39844,40065,40286,40507,40728,40949,41170,41391,41612,41833,42054,42275,42496,42717,42938,43159,43380,43601,43822,44043,44264,44485,44706,44927,45148,45369,45590,45811,46032,46253,46474,46695,46916,47137,47358,47579,47800,48021,48242,48463,48684
65,286,507,728,949,1170,1391,1612,1833,2054,2275,2496,2717,2938,3159,3380,3601,3822,4043,4264,4485,4706,4927,5148,5369,5590,5811,6032,6253,6474,6695,6916,7137,7358,7579,7800,8021,8242,8463,8684,8905,9126,9347,9568,9789,10010,10231,10452,10673,10894,11115,11336,11557,11778,11999,12220,12441,12662,12883,13104,13325,13546,13767,13988,14209,14430,14651,14872,15093,15314,15535,15756,15977,16198,16419,16640,16861,17082,17303,17524,17745,17966,18187,18408,18629,18850,19071,19292,19513,19734,19955,20176,20397,20618,20839,21060,21281,21502,21723,21944,22165,22386,22607,22828,23049,23270,23491,23712,23933,24154,24375,24596,24817,25038,25259,25480,25701,25922,26143,26364,26585,26806,27027,27248,27469,27690,27911,28132,28353,28574,28795,29016,29237,29458,29679,29900,30121,30342,30563,30784,31005,31226,31447,31668,31889,32110,32331,32552,32773,32994,33215,33436,33657,33878,34099,34320,34476,34541,34762,34983,35204,35425,35646,35867,36088,36309,36530,36751,36972,37193,37414,37635,37856,38077,38298,38519,38740,38961,39182,39403,39624,39845,40066,40287,40508,40729,40950,41171,41392,41613,41834,42055,42276,42497,42718,42939,43160,43381,43602,43823,44044,44265,44486,44707,44928,45149,45370,45591,45812,46033,46254,46475,46696,46917,47138,47359,47580,47801,48022,48243,48464,48685
66,287,508,729,950,1171,1392,1613,1834,2055,2276,2497,2718,2939,3160,3381,3602,3823,4044,4265,4486,4707,4928,5149,5370,5591,5812,6033,6254,6475,6696,6917,7138,7359,7580,7801,8022,8243,8464,8685,8906,9127,9348,9569,9790,10011,10232,10453,10674,10895,11116,11337,11558,11779,12000,12221,12442,12663,12884,13105,13326,13547,13768,13989,14210,14431,14652,14873,15094,15315,15536,15757,15978,16199,16420,16641,16862,17083,17304,17525,17746,17967,18188,18409,18630,18851,19072,19293,19514,19735,19956,20177,20398,20619,20840,21061,21282,21503,21724,21945,22166,22387,22608,22829,23050,23271,23492,23713,23934,24155,24376,24597,24818,25039,25260,25481,25702,25923,26144,26365,26586,26807,27028,27249,27470,27691,27912,28133,28354,28575,28796,29017,29238,29459,29680,29901,30122,30343,30564,30785,31006,31227,31448,31669,31890,32111,32332,32553,32774,32995,33216,33437,33658,33879,34100,34255,34321,34542,34763,34984,35205,35426,35647,35868,36089,36310,36531,36752,36973,37194,37415,37636,37857,38078,38299,38520,38741,38962,39183,39404,39625,39846,40067,40288,40509,40730,40951,41172,41393,41614,41835,42056,42277,42498,42719,42940,43161,43382,43603,43824,44045,44266,44487,44708,44929,45150,45371,45592,45813,46034,46255,46476,46697,46918,47139,47360,47581,47802,48023,48244,48465,48686
67,288,509,730,951,1172,1393,1614,1835,2056,2277,2498,2719,2940,3161,3382,3603,3824,4045,4266,4487,4708,4929,5150,5371,5592,5813,6034,6255,6476,6697,6918,7139,7360,7581,7802,8023,8244,8465,8686,8907,9128,9349,9570,9791,10012,10233,10454,10675,10896,11117,11338,11559,11780,12001,12222,12443,12664,12885,13106,13327,13548,13769,13990,14211,14432,14653,14874,15095,15316,15537,15758,15979,16200,16421,16642,16863,17084,17305,17526,17747,17968,18189,18410,18631,18852,19073,19294,19515,19736,19957,20178,20399,20620,20841,21062,21283,21504,21725,21946,22167,22388,22609,22830,23051,23272,23493,23714,23935,24156,24377,24598,24819,25040,25261,25482,25703,25924,26145,26366,26587,26808,27029,27250,27471,27692,27913,28134,28355,28576,28797,29018,29239,29460,29681,29902,30123,30344,30565,30786,31007,31228,31449,31670,31891,32112,32333,32554,32775,32996,33217,33438,33659,33880,34034,34101,34322,34543,34764,34985,35206,35427,35648,35869,36090,36311,36532,36753,36974,37195,37416,37637,37858,38079,38300,38521,38742,38963,39184,39405,39626,39847,40068,40289,40510,40731,40952,41173,41394,41615,41836,42057,42278,42499,42720,42941,43162,43383,43604,43825,44046,44267,44488,44709,44930,45151,45372,45593,45814,46035,46256,46477,46698,46919,47140,47361,47582,47803,48024,48245,48466,48687
68,289,510,731,952,1173,1394,1615,1836,2057,2278,2499,2720,2941,3162,3383,3604,3825,4046,4267,4488,4709,4930,5151,5372,5593,5814,6035,6256,6477,6698,6919,7140,7361,7582,7803,8024,8245,8466,8687,8908,9129,9350,9571,9792,10013,10234,10455,10676,10897,11118,11339,11560,11781,12002,12223,12444,12665,12886,13107,13328,13549,13770,13991,14212,14433,14654,14875,15096,15317,15538,15759,15980,16201,16422,16643,16864,17085,17306,17527,17748,17969,18190,18411,18632,18853,19074,19295,19516,19737,19958,20179,20400,20621,20842,21063,21284,21505,21726,21947,22168,22389,22610,22831,23052,23273,23494,23715,23936,24157,24378,24599,24820,25041,25262,25483,25704,25925,26146,26367,26588,26809,27030,27251,27472,27693,27914,28135,28356,28577,28798,29019,29240,29461,29682,29903,30124,30345,30566,30787,31008,31229,31450,31671,31892,32113,32334,32555,32776,32997,33218,33439,33660,33813,33881,34102,34323,34544,34765,34986,35207,35428,35649,35870,36091,36312,36533,36754,36975,37196,37417,37638,37859,38080,38301,38522,38743,38964,39185,39406,39627,39848,40069,40290,40511,40732,40953,41174,41395,41616,41837,42058,42279,42500,42721,42942,43163,43384,43605,43826,44047,44268,44489,44710,44931,45152,45373,45594,45815,46036,46257,46478,46699,46920,47141,47362,47583,47804,48025,48246,48467,48688
69,290,511,732,953,1174,1395,1616,1837,2058,2279,2500,2721,2942,3163,3384,3605,3826,4047,4268,4489,4710,4931,5152,5373,5594,5815,6036,6257,6478,6699,6920,7141,7362,7583,7804,8025,8246,8467,8688,8909,9130,9351,9572,9793,10014,10235,10456,10677,10898,11119,11340,11561,11782,12003,12224,12445,12666,12887,13108,13329,13550,13771,13992,14213,14434,14655,14876,15097,15318,15539,15760,15981,16202,16423,16644,16865,17086,17307,17528,17749,17970,18191,18412,18633,18854,19075,19296,19517,19738,19959,20180,20401,20622,20843,21064,21285,21506,21727,21948,22169,22390,22611,22832,23053,23274,23495,23716,23937,24158,24379,24600,24821,25042,25263,25484,25705,25926,26147,26368,26589,26810,27031,27252,27473,27694,27915,28136,28357,28578,28799,29020,29241,29462,29683,29904,30125,30346,30567,30788,31009,31230,31451,31672,31893,32114,32335,32556,32777,32998,33219,33440,33592,33661,33882,34103,34324,34545,34766,34987,35208,35429,35650,35871,36092,36313,36534,36755,36976,37197,37418,37639,37860,38081,38302,38523,38744,38965,39186,39407,39628,39849,40070,40291,40512,40733,40954,41175,41396,41617,41838,42059,42280,42501,42722,42943,43164,43385,43606,43827,44048,44269,44490,44711,44932,45153,45374,45595,45816,46037,46258,46479,46700,46921,47142,47363,47584,47805,48026,48247,48468,48689
70,291,512,733,954,1175,1396,1617,1838,2059,2280,2501,2722,2943,3164,3385,3606,3827,4048,4269,4490,4711,4932,5153,5374,5595,5816,6037,6258,6479,6700,6921,7142,7363,7584,7805,8026,8247,8468,8689,8910,9131,9352,9573,9794,10015,10236,10457,10678,10899,11120,11341,11562,11783,12004,12225,12446,12667,12888,13109,13330,13551,13772,13993,14214,14435,14656,14877,15098,15319,15540,15761,15982,16203,16424,16645,16866,17087,17308,17529,17750,17971,18192,18413,18634,18855,19076,19297,19518,19739,19960,20181,20402,20623,20844,21065,21286,21507,21728,21949,22170,22391,22612,22833,23054,23275,23496,23717,23938,24159,24380,24601,24822,25043,25264,25485,25706,25927,26148,26369,26590,26811,27032,27253,27474,27695,27916,28137,28358,28579,28800,29021,29242,29463,29684,29905,30126,30347,30568,30789,31010,31231,31452,31673,31894,32115,32336,32557,32778,32999,33220,33371,33441,33662,33883,34104,34325,34546,34767,34988,35209,35430,35651,35872,36093,36314,36535,36756,36977,37198,37419,37640,37861,38082,38303,38524,38745,38966,39187,39408,39629,39850,40071,40292,40513,40734,40955,41176,41397,41618,41839,42060,42281,42502,42723,42944,43165,43386,43607,43828,44049,44270,44491,44712,44933,45154,45375,45596,45817,46038,46259,46480,46701,46922,47143,47364,47585,47806,48027,48248,48469,48690
71,292,513,734,955,1176,1397,1618,1839,2060,2281,2502,2723,2944,3165,3386,3607,3828,4049,4270,4491,4712,4933,5154,5375,5596,5817,6038,6259,6480,6701,6922,7143,7364,7585,7806,8027,8248,8469,8690,8911,9132,9353,9574,9795,10016,10237,10458,10679,10900,11121,11342,11563,11784,12005,12226,12447,12668,12889,13110,13331,13552,13773,13994,14215,14436,14657,14878,15099,15320,15541,15762,15983,16204,16425,16646,16867,17088,17309,17530,17751,17972,18193,18414,18635,18856,19077,19298,19519,19740,19961,20182,20403,20624,20845,21066,21287,21508,21729,21950,22171,22392,22613,22834,23055,23276,23497,23718,23939,24160,24381,24602,24823,25044,25265,25486,25707,25928,26149,26370,26591,26812,27033,27254,27475,27696,27917,28138,28359,28580,28801,29022,29243,29464,29685,29906,30127,30348,30569,30790,31011,31232,31453,31674,31895,32116,32337,32558,32779,33000,33150,33221,33442,33663,33884,34105,34326,34547,34768,34989,35210,35431,35652,35873,36094,36315,36536,36757,36978,37199,37420,37641,37862,38083,38304,38525,38746,38967,39188,39409,39630,39851,40072,40293,40514,40735,40956,41177,41398,41619,41840,42061,42282,42503,42724,42945,43166,43387,43608,43829,44050,44271,44492,44713,44934,45155,45376,45597,45818,46039,46260,46481,46702,46923,47144,47365,47586,47807,48028,48249,48470,48691
72,293,514,735,956,1177,1398,1619,1840,2061,2282,2503,2724,2945,3166,3387,3608,3829,4050,4271,4492,4713,4934,5155,5376,5597,5818,6039,6260,6481,6702,6923,7144,7365,7586,7807,8028,8249,8470,8691,8912,9133,9354,9575,9796,10017,10238,10459,10680,10901,11122,11343,11564,11785,12006,12227,12448,12669,12890,13111,13332,13553,13774,13995,14216,14437,14658,14879,15100,15321,15542,15763,15984,16205,16426,16647,16868,17089,17310,17531,17752,17973,18194,18415,18636,18857,19078,19299,19520,19741,19962,20183,20404,20625,20846,21067,21288,21509,21730,21951,22172,22393,22614,22835,23056,23277,23498,23719,23940,24161,24382,24603,24824,25045,25266,25487,25708,25929,26150,26371,26592,26813,27034,27255,27476,27697,27918,28139,28360,28581,28802,29023,29244,29465,29686,29907,30128,30349,30570,30791,31012,31233,31454,31675,31896,32117,32338,32559,32780,32929,33001,33222,33443,33664,33885,34106,34327,34548,34769,34990,35211,35432,35653,35874,36095,36316,36537,36758,36979,37200,37421,37642,37863,38084,38305,38526,38747,38968,39189,39410,39631,39852,40073,40294,40515,40736,40957,41178,41399,41620,41841,42062,42283,42504,42725,42946,43167,43388,43609,43830,44051,44272,44493,44714,44935,45156,45377,45598,45819,46040,46261,46482,46703,46924,47145,47366,47587,47808,48029,48250,48471,48692
73,294,515,736,957,1178,1399,1620,1841,2062,2283,2504,2725,2946,3167,3388,3609,3830,4051,4272,4493,4714,4935,5156,5377,5598,5819,6040,6261,6482,6703,6924,7145,7366,7587,7808,8029,8250,8471,8692,8913,9134,9355,9576,9797,10018,10239,10460,10681,10902,11123,11344,11565,11786,12007,12228,12449,12670,12891,13112,13333,13554,13775,13996,14217,14438,14659,14880,15101,15322,15543,15764,15985,16206,16427,16648,16869,17090,17311,17532,17753,17974,18195,18416,18637,18858,19079,19300,19521,19742,19963,20184,20405,20626,20847,21068,21289,21510,21731,21952,22173,22394,22615,22836,23057,23278,23499,23720,23941,24162,24383,24604,24825,25046,25267,25488,25709,25930,26151,26372,26593,26814,27035,27256,27477,27698,27919,28140,28361,28582,28803,29024,29245,29466,29687,29908,30129,30350,30571,30792,31013,31234,31455,31676,31897,32118,32339,32560,32708,32781,33002,33223,33444,33665,33886,34107,34328,34549,34770,34991,35212,35433,35654,35875,36096,36317,36538,36759,36980,37201,37422,37643,37864,38085,38306,38527,38748,38969,39190,39411,39632,39853,40074,40295,40516,40737,40958,41179,41400,41621,41842,42063,42284,42505,42726,42947,43168,43389,43610,43831,44052,44273,44494,44715,44936,45157,45378,45599,45820,46041,46262,46483,46704,46925,47146,47367,47588,47809,48030,48251,48472,48693
74,295,516,737,958,1179,1400,1621,1842,2063,2284,2505,2726,2947,3168,3389,3610,3831,4052,4273,4494,4715,4936,5157,5378,5599,5820,6041,6262,6483,6704,6925,7146,7367,7588,7809,8030,8251,8472,8693,8914,9135,9356,9577,9798,10019,10240,10461,10682,10903,11124,11345,11566,11787,12008,12229,12450,12671,12892,13113,13334,13555,13776,13997,14218,14439,14660,14881,15102,15323,15544,15765,15986,16207,16428,16649,16870,17091,17312,17533,17754,17975,18196,18417,18638,18859,19080,19301,19522,19743,19964,20185,20406,20627,20848,21069,21290,21511,21732,21953,22174,22395,22616,22837,23058,23279,23500,23721,23942,24163,24384,24605,24826,25047,25268,25489,25710,25931,26152,26373,26594,26815,27036,27257,27478,27699,27920,28141,28362,28583,28804,29025,29246,29467,29688,29909,30130,30351,30572,30793,31014,31235,31456,31677,31898,32119,32340,32487,32561,32782,33003,33224,33445,33666,33887,34108,34329,34550,34771,34992,35213,35434,35655,35876,36097,36318,36539,36760,36981,37202,37423,37644,37865,38086,38307,38528,38749,38970,39191,39412,39633,39854,40075,40296,40517,40738,40959,41180,41401,41622,41843,42064,42285,42506,42727,42948,43169,43390,43611,43832,44053,44274,44495,44716,44937,45158,45379,45600,45821,46042,46263,46484,46705,46926,47147,47368,47589,47810,48031,48252,48473,48694
75,296,517,738,959,1180,1401,1622,1843,2064,2285,2506,2727,2948,3169,3390,3611,3832,4053,4274,4495,4716,4937,5158,5379,5600,5821,6042,6263,6484,6705,6926,7147,7368,7589,7810,8031,8252,8473,8694,8915,9136,9357,9578,9799,10020,10241,10462,10683,10904,11125,11346,11567,11788,12009,12230,12451,12672,12893,13114,13335,13556,13777,13998,14219,14440,14661,14882,15103,15324,15545,15766,15987,16208,16429,16650,16871,17092,17313,17534,17755,17976,18197,18418,18639,18860,19081,19302,19523,19744,19965,20186,20407,20628,20849,21070,21291,21512,21733,21954,22175,22396,22617,22838,23059,23280,23501,23722,23943,24164,24385,24606,24827,25048,25269,25490,25711,25932,26153,26374,26595,26816,27037,27258,27479,27700,27921,28142,28363,28584,28805,29026,29247,29468,29689,29910,30131,30352,30573,30794,31015,31236,31457,31678,31899,32120,32266,32341,32562,32783,33004,33225,33446,33667,33888,34109,34330,34551,34772,34993,35214,35435,35656,35877,36098,36319,36540,36761,36982,37203,37424,37645,37866,38087,38308,38529,38750,38971,39192,39413,39634,39855,40076,40297,40518,40739,40960,41181,41402,41623,41844,42065,42286,42507,42728,42949,43170,43391,43612,43833,44054,44275,44496,44717,44938,45159,45380,45601,45822,46043,46264,46485,46706,46927,47148,47369,47590,47811,48032,48253,48474,48695
76,297,518,739,960,1181,1402,1623,1844,2065,2286,2507,2728,2949,3170,3391,3612,3833,4054,4275,4496,4717,4938,5159,5380,5601,5822,6043,6264,6485,6706,6927,7148,7369,7590,7811,8032,8253,8474,8695,8916,9137,9358,9579,9800,10021,10242,10463,10684,10905,11126,11347,11568,11789,12010,12231,12452,12673,12894,13115,13336,13557,13778,13999,14220,14441,14662,14883,15104,15325,15546,15767,15988,16209,16430,16651,16872,17093,17314,17535,17756,17977,18198,18419,18640,18861,19082,19303,19524,19745,19966,20187,20408,20629,20850,21071,21292,21513,21734,21955,22176,22397,22618,22839,23060,23281,23502,23723,23944,24165,24386,24607,24828,25049,25270,25491,25712,25933,26154,26375,26596,26817,27038,27259,27480,27701,27922,28143,28364,28585,28806,29027,29248,29469,29690,29911,30132,30353,30574,30795,31016,31237,31458,31679,31900,32045,32121,32342,32563,32784,33005,33226,33447,33668,33889,34110,34331,34552,34773,34994,35215,35436,35657,35878,36099,36320,36541,36762,36983,37204,37425,37646,37867,38088,38309,38530,38751,38972,39193,39414,39635,39856,40077,40298,40519,40740,40961,41182,41403,41624,41845,42066,42287,42508,42729,42950,43171,43392,43613,43834,44055,44276,44497,44718,44939,45160,45381,45602,45823,46044,46265,46486,46707,46928,47149,47370,47591,47812,48033,48254,48475,48696
77,298,519,740,961,1182,1403,1624,1845,2066,2287,2508,2729,2950,3171,3392,3613,3834,4055,4276,4497,4718,4939,5160,5381,5602,5823,6044,6265,6486,6707,6928,7149,7370,7591,7812,8033,8254,8475,8696,8917,9138,9359,9580,9801,10022,10243,10464,10685,10906,11127,11348,11569,11790,12011,12232,12453,12674,12895,13116,13337,13558,13779,14000,14221,14442,14663,14884,15105,15326,15547,15768,15989,16210,16431,16652,16873,17094,17315,17536,17757,17978,18199,18420,18641,18862,19083,19304,19525,19746,19967,20188,20409,20630,20851,21072,21293,21514,21735,21956,22177,22398,22619,22840,23061,23282,23503,23724,23945,24166,24387,24608,24829,25050,25271,25492,25713,25934,26155,26376,26597,26818,27039,27260,27481,27702,27923,28144,28365,28586,28807,29028,29249,29470,29691,29912,30133,30354,30575,30796,31017,31238,31459,31680,31824,31901,32122,32343,32564,32785,33006,33227,33448,33669,33890,34111,34332,34553,34774,34995,35216,35437,35658,35879,36100,36321,36542,36763,36984,37205,37426,37647,37868,38089,38310,38531,38752,38973,39194,39415,39636,39857,40078,40299,40520,40741,40962,41183,41404,41625,41846,42067,42288,42509,42730,42951,43172,43393,43614,43835,44056,44277,44498,44719,44940,45161,45382,45603,45824,46045,46266,46487,46708,46929,47150,47371,47592,47813,48034,48255,48476,48697
78,299,520,741,962,1183,1404,1625,1846,2067,2288,2509,2730,2951,3172,3393,3614,3835,4056,4277,4498,4719,4940,5161,5382,5603,5824,6045,6266,6487,6708,6929,7150,7371,7592,7813,8034,8255,8476,8697,8918,9139,9360,9581,9802,10023,10244,10465,10686,10907,11128,11349,11570,11791,12012,12233,12454,12675,12896,13117,13338,13559,13780,14001,14222,14443,14664,14885,15106,15327,15548,15769,15990,16211,16432,16653,16874,17095,17316,17537,17758,17979,18200,18421,18642,18863,19084,19305,19526,19747,19968,20189,20410,20631,20852,21073,21294,21515,21736,21957,22178,22399,22620,22841,23062,23283,23504,23725,23946,24167,24388,24609,24830,25051,25272,25493,25714,25935,26156,26377,26598,26819,27040,27261,27482,27703,27924,28145,28366,28587,28808,29029,29250,29471,29692,29913,30134,30355,30576,30797,31018,31239,31460,31603,31681,31902,32123,32344,32565,32786,33007,33228,33449,33670,33891,34112,34333,34554,34775,34996,35217,35438,35659,35880,36101,36322,36543,36764,36985,37206,37427,37648,37869,38090,38311,38532,38753,38974,39195,39416,39637,39858,40079,40300,40521,40742,40963,41184,41405,41626,41847,42068,42289,42510,42731,42952,43173,43394,43615,43836,44057,44278,44499,44720,44941,45162,45383,45604,45825,46046,46267,46488,46709,46930,47151,47372,47593,47814,48035,48256,48477,48698
79,300,521,742,963,1184,1405,1626,1847,2068,2289,2510,2731,2952,3173,3394,3615,3836,4057,4278,4499,4720,4941,5162,5383,5604,5825,6046,6267,6488,6709,6930,7151,7372,7593,7814,8035,8256,8477,8698,8919,9140,9361,9582,9803,10024,10245,10466,10687,10908,11129,11350,11571,11792,12013,12234,12455,12676,12897,13118,13339,13560,13781,14002,14223,14444,14665,14886,15107,15328,15549,15770,15991,16212,16433,16654,16875,17096,17317,17538,17759,17980,18201,18422,18643,18864,19085,19306,19527,19748,19969,20190,20411,20632,20853,21074,21295,21516,21737,21958,22179,22400,22621,22842,23063,23284,23505,23726,23947,24168,24389,24610,24831,25052,25273,25494,25715,25936,26157,26378,26599,26820,27041,27262,27483,27704,27925,28146,28367,28588,28809,29030,29251,29472,29693,29914,30135,30356,30577,30798,31019,31240,31382,31461,31682,31903,32124,32345,32566,32787,33008,33229,33450,33671,33892,34113,34334,34555,34776,34997,35218,35439,35660,35881,36102,36323,36544,36765,36986,37207,37428,37649,37870,38091,38312,38533,38754,38975,39196,39417,39638,39859,40080,40301,40522,40743,40964,41185,41406,41627,41848,42069,42290,42511,42732,42953,43174,43395,43616,43837,44058,44279,44500,44721,44942,45163,45384,45605,45826,46047,46268,46489,46710,46931,47152,47373,47594,47815,48036,48257,48478,48699
80,301,522,743,964,1185,1406,1627,1848,2069,2290,2511,2732,2953,3174,3395,3616,3837,4058,4279,4500,4721,4942,5163,5384,5605,5826,6047,6268,6489,6710,6931,7152,7373,7594,7815,8036,8257,8478,8699,8920,9141,9362,9583,9804,10025,10246,10467,10688,10909,11130,11351,11572,11793,12014,12235,12456,12677,12898,13119,13340,13561,13782,14003,14224,14445,14666,14887,15108,15329,15550,15771,15992,16213,16434,16655,16876,17097,17318,17539,17760,17981,18202,18423,18644,18865,19086,19307,19528,19749,19970,20191,20412,20633,20854,21075,21296,21517,21738,21959,22180,22401,22622,22843,23064,23285,23506,23727,23948,24169,24390,24611,24832,25053,25274,25495,25716,25937,26158,26379,26600,26821,27042,27263,27484,27705,27926,28147,28368,28589,28810,29031,29252,29473,29694,29915,30136,30357,30578,30799,31020,31161,31241,31462,31683,31904,32125,32346,32567,32788,33009,33230,33451,33672,33893,34114,34335,34556,34777,34998,35219,35440,35661,35882,36103,36324,36545,36766,36987,37208,37429,37650,37871,38092,38313,38534,38755,38976,39197,39418,39639,39860,40081,40302,40523,40744,40965,41186,41407,41628,41849,42070,42291,42512,42733,42954,43175,43396,43617,43838,44059,44280,44501,44722,44943,45164,45385,45606,45827,46048,46269,46490,46711,46932,47153,47374,47595,47816,48037,48258,48479,48700
81,302,523,744,965,1186,1407,1628,1849,2070,2291,2512,2733,2954,3175,3396,3617,3838,4059,4280,4501,4722,4943,5164,5385,5606,5827,6048,6269,6490,6711,6932,7153,7374,7595,7816,8037,8258,8479,8700,8921,9142,9363,9584,9805,10026,10247,10468,10689,10910,11131,11352,11573,11794,12015,12236,12457,12678,12899,13120,13341,13562,13783,14004,14225,14446,14667,14888,15109,15330,15551,15772,15993,16214,16435,16656,16877,17098,17319,17540,17761,17982,18203,18424,18645,18866,19087,19308,19529,19750,19971,20192,20413,20634,20855,21076,21297,21518,21739,21960,22181,22402,22623,22844,23065,23286,23507,23728,23949,24170,24391,24612,24833,25054,25275,25496,25717,25938,26159,26380,26601,26822,27043,27264,27485,27706,27927,28148,28369,28590,28811,29032,29253,29474,29695,29916,30137,30358,30579,30800,30940,31021,31242,31463,31684,31905,32126,32347,32568,32789,33010,33231,33452,33673,33894,34115,34336,34557,34778,34999,35220,35441,35662,35883,36104,36325,36546,36767,36988,37209,37430,37651,37872,38093,38314,38535,38756,38977,39198,39419,39640,39861,40082,40303,40524,40745,40966,41187,41408,41629,41850,42071,42292,42513,42734,42955,43176,43397,43618,43839,44060,44281,44502,44723,44944,45165,45386,45607,45828,46049,46270,46491,46712,46933,47154,47375,47596,47817,48038,48259,48480,48701
82,303,524,745,966,1187,1408,1629,1850,2071,2292,2513,2734,2955,3176,3397,3618,3839,4060,4281,4502,4723,4944,5165,5386,5607,5828,6049,6270,6491,6712,6933,7154,7375,7596,7817,8038,8259,8480,8701,8922,9143,9364,9585,9806,10027,10248,10469,10690,10911,11132,11353,11574,11795,12016,12237,12458,12679,12900,13121,13342,13563,13784,14005,14226,14447,14668,14889,15110,15331,15552,15773,15994,16215,16436,16657,16878,17099,17320,17541,17762,17983,18204,18425,18646,18867,19088,19309,19530,19751,19972,20193,20414,20635,20856,21077,21298,21519,21740,21961,22182,22403,22624,22845,23066,23287,23508,23729,23950,24171,24392,24613,24834,25055,25276,25497,25718,25939,26160,26381,26602,26823,27044,27265,27486,27707,27928,28149,28370,28591,28812,29033,29254,29475,29696,29917,30138,30359,30580,30719,30801,31022,31243,31464,31685,31906,32127,32348,32569,32790,33011,33232,33453,33674,33895,34116,34337,34558,34779,35000,35221,35442,35663,35884,36105,36326,36547,36768,36989,37210,37431,37652,37873,38094,38315,38536,38757,38978,39199,39420,39641,39862,40083,40304,40525,40746,40967,41188,41409,41630,41851,42072,42293,42514,42735,42956,43177,43398,43619,43840,44061,44282,44503,44724,44945,45166,45387,45608,45829,46050,46271,46492,46713,46934,47155,47376,47597,47818,48039,48260,48481,48702
83,304,525,746,967,1188,1409,1630,1851,2072,2293,2514,2735,2956,3177,3398,3619,3840,4061,4282,4503,4724,4945,5166,5387,5608,5829,6050,6271,6492,6713,6934,7155,7376,7597,7818,8039,8260,8481,8702,8923,9144,9365,9586,9807,10028,10249,10470,10691,10912,11133,11354,11575,11796,12017,12238,12459,12680,12901,13122,13343,13564,13785,14006,14227,14448,14669,14890,15111,15332,15553,15774,15995,16216,16437,16658,16879,17100,17321,17542,17763,17984,18205,18426,18647,18868,19089,19310,19531,19752,19973,20194,20415,20636,20857,21078,21299,21520,21741,21962,22183,22404,22625,22846,23067,23288,23509,23730,23951,24172,24393,24614,24835,25056,25277,25498,25719,25940,26161,26382,26603,26824,27045,27266,27487,27708,27929,28150,28371,28592,28813,29034,29255,29476,29697,29918,30139,30360,30498,30581,30802,31023,31244,31465,31686,31907,32128,32349,32570,32791,33012,33233,33454,33675,33896,34117,34338,34559,34780,35001,35222,35443,35664,35885,36106,36327,36548,36769,36990,37211,37432,37653,37874,38095,38316,38537,38758,38979,39200,39421,39642,39863,40084,40305,40526,40747,40968,41189,41410,41631,41852,42073,42294,42515,42736,42957,43178,43399,43620,43841,44062,44283,44504,44725,44946,45167,45388,45609,45830,46051,46272,46493,46714,46935,47156,47377,47598,47819,48040,48261,48482,48703
84,305,526,747,968,1189,1410,1631,1852,2073,2294,2515,2736,2957,3178,3399,3620,3841,4062,4283,4504,4725,4946,5167,5388,5609,5830,6051,6272,6493,6714,6935,7156,7377,7598,7819,8040,8261,8482,8703,8924,9145,9366,9587,9808,10029,10250,10471,10692,10913,11134,11355,11576,11797,12018,12239,12460,12681,12902,13123,13344,13565,13786,14007,14228,14449,14670,14891,15112,15333,15554,15775,15996,16217,16438,16659,16880,17101,17322,17543,17764,17985,18206,18427,18648,18869,19090,19311,19532,19753,19974,20195,20416,20637,20858,21079,21300,21521,21742,21963,22184,22405,22626,22847,23068,23289,23510,23731,23952,24173,24394,24615,24836,25057,25278,25499,25720,25941,26162,26383,26604,26825,27046,27267,27488,27709,27930,28151,28372,28593,28814,29035,29256,29477,29698,29919,30140,30277,30361,30582,30803,31024,31245,31466,31687,31908,32129,32350,32571,32792,33013,33234,33455,33676,33897,34118,34339,34560,34781,35002,35223,35444,35665,35886,36107,36328,36549,36770,36991,37212,37433,37654,37875,38096,38317,38538,38759,38980,39201,39422,39643,39864,40085,40306,40527,40748,40969,41190,41411,41632,41853,42074,42295,42516,42737,42958,43179,43400,43621,43842,44063,44284,44505,44726,44947,45168,45389,45610,45831,46052,46273,46494,46715,46936,47157,47378,47599,47820,48041,48262,48483,48704
85,306,527,748,969,1190,1411,1632,1853,2074,2295,2516,2737,2958,3179,3400,3621,3842,4063,4284,4505,4726,4947,5168,5389,5610,5831,6052,6273,6494,6715,6936,7157,7378,7599,7820,8041,8262,8483,8704,8925,9146,9367,9588,9809,10030,10251,10472,10693,10914,11135,11356,11577,11798,12019,12240,12461,12682,12903,13124,13345,13566,13787,14008,14229,14450,14671,14892,15113,15334,15555,15776,15997,16218,16439,16660,16881,17102,17323,17544,17765,17986,18207,18428,18649,18870,19091,19312,19533,19754,19975,20196,20417,20638,20859,21080,21301,21522,21743,21964,22185,22406,22627,22848,23069,23290,23511,23732,23953,24174,24395,24616,24837,25058,25279,25500,25721,25942,26163,26384,26605,26826,27047,27268,27489,27710,27931,28152,28373,28594,28815,29036,29257,29478,29699,29920,30056,30141,30362,30583,30804,31025,31246,31467,31688,31909,32130,32351,32572,32793,33014,33235,33456,33677,33898,34119,34340,34561,34782,35003,35224,35445,35666,35887,36108,36329,36550,36771,36992,37213,37434,37655,37876,38097,38318,38539,38760,38981,39202,39423,39644,39865,40086,40307,40528,40749,40970,41191,41412,41633,41854,42075,42296,42517,42738,42959,43180,43401,43622,43843,44064,44285,44506,44727,44948,45169,45390,45611,45832,46053,46274,46495,46716,46937,47158,47379,47600,47821,48042,48263,48484,48705
86,307,528,749,970,1191,1412,1633,1854,2075,2296,2517,2738,2959,3180,3401,3622,3843,4064,4285,4506,4727,4948,5169,5390,5611,5832,6053,6274,6495,6716,6937,7158,7379,7600,7821,8042,8263,8484,8705,8926,9147,9368,9589,9810,10031,10252,10473,10694,10915,11136,11357,11578,11799,12020,12241,12462,12683,12904,13125,13346,13567,13788,14009,14230,14451,14672,14893,15114,15335,15556,15777,15998,16219,16440,16661,16882,17103,17324,17545,17766,17987,18208,18429,18650,18871,19092,19313,19534,19755,19976,20197,20418,20639,20860,21081,21302,21523,21744,21965,22186,22407,22628,22849,23070,23291,23512,23733,23954,24175,24396,24617,24838,25059,25280,25501,25722,25943,26164,26385,26606,26827,27048,27269,27490,27711,27932,28153,28374,28595,28816,29037,29258,29479,29700,29835,29921,30142,30363,30584,30805,31026,31247,31468,31689,31910,32131,32352,32573,32794,33015,33236,33457,33678,33899,34120,34341,34562,34783,35004,35225,35446,35667,35888,36109,36330,36551,36772,36993,37214,37435,37656,37877,38098,38319,38540,38761,38982,39203,39424,39645,39866,40087,40308,40529,40750,40971,41192,41413,41634,41855,42076,42297,42518,42739,42960,43181,43402,43623,43844,44065,44286,44507,44728,44949,45170,45391,45612,45833,46054,46275,46496,46717,46938,47159,47380,47601,47822,48043,48264,48485,48706
87,308,529,750,971,1192,1413,1634,1855,2076,2297,2518,2739,2960,3181,3402,3623,3844,4065,4286,4507,4728,4949,5170,5391,5612,5833,6054,6275,6496,6717,6938,7159,7380,7601,7822,8043,8264,8485,8706,8927,9148,9369,9590,9811,10032,10253,10474,10695,10916,11137,11358,11579,11800,12021,12242,12463,12684,12905,13126,13347,13568,13789,14010,14231,14452,14673,14894,15115,15336,15557,15778,15999,16220,16441,16662,16883,17104,17325,17546,17767,17988,18209,18430,18651,18872,19093,19314,19535,19756,19977,20198,20419,20640,20861,21082,21303,21524,21745,21966,22187,22408,22629,22850,23071,23292,23513,23734,23955,24176,24397,24618,24839,25060,25281,25502,25723,25944,26165,26386,26607,26828,27049,27270,27491,27712,27933,28154,28375,28596,28817,29038,29259,29480,29614,29701,29922,30143,30364,30585,30806,31027,31248,31469,31690,31911,32132,32353,32574,32795,33016,33237,33458,33679,33900,34121,34342,34563,34784,35005,35226,35447,35668,35889,36110,36331,36552,36773,36994,37215,37436,37657,37878,38099,38320,38541,38762,38983,39204,39425,39646,39867,40088,40309,40530,40751,40972,41193,41414,41635,41856,42077,42298,42519,42740,42961,43182,43403,43624,43845,44066,44287,44508,44729,44950,45171,45392,45613,45834,46055,46276,46497,46718,46939,47160,47381,47602,47823,48044,48265,48486,48707
88,309,530,751,972,1193,1414,1635,1856,2077,2298,2519,2740,2961,3182,3403,3624,3845,4066,4287,4508,4729,4950,5171,5392,5613,5834,6055,6276,6497,6718,6939,7160,7381,7602,7823,8044,8265,8486,8707,8928,9149,9370,9591,9812,10033,10254,10475,10696,10917,11138,11359,11580,11801,12022,12243,12464,12685,12906,13127,13348,13569,13790,14011,14232,14453,14674,14895,15116,15337,15558,15779,16000,16221,16442,16663,16884,17105,17326,17547,17768,17989,18210,18431,18652,18873,19094,19315,19536,19757,19978,20199,20420,20641,20862,21083,21304,21525,21746,21967,22188,22409,22630,22851,23072,23293,23514,23735,23956,24177,24398,24619,24840,25061,25282,25503,25724,25945,26166,26387,26608,26829,27050,27271,27492,27713,27934,28155,28376,28597,28818,29039,29260,29393,29481,29702,29923,30144,30365,30586,30807,31028,31249,31470,31691,31912,32133,32354,32575,32796,33017,33238,33459,33680,33901,34122,34343,34564,34785,35006,35227,35448,35669,35890,36111,36332,36553,36774,36995,37216,37437,37658,37879,38100,38321,38542,38763,38984,39205,39426,39647,39868,40089,40310,40531,40752,40973,41194,41415,41636,41857,42078,42299,42520,42741,42962,43183,43404,43625,43846,44067,44288,44509,44730,44951,45172,45393,45614,45835,46056,46277,46498,46719,46940,47161,47382,47603,47824,48045,48266,48487,48708
89,310,531,752,973,1194,1415,1636,1857,2078,2299,2520,2741,2962,3183,3404,3625,3846,4067,4288,4509,4730,4951,5172,5393,5614,5835,6056,6277,6498,6719,6940,7161,7382,7603,7824,8045,8266,8487,8708,8929,9150,9371,9592,9813,10034,10255,10476,10697,10918,11139,11360,11581,11802,12023,12244,12465,12686,12907,13128,13349,13570,13791,14012,14233,14454,14675,14896,15117,15338,15559,15780,16001,16222,16443,16664,16885,17106,17327,17548,17769,17990,18211,18432,18653,18874,19095,19316,19537,19758,19979,20200,20421,20642,20863,21084,21305,21526,21747,21968,22189,22410,22631,22852,23073,23294,23515,23736,23957,24178,24399,24620,24841,25062,25283,25504,25725,25946,26167,26388,26609,26830,27051,27272,27493,27714,27935,28156,28377,28598,28819,29040,29172,29261,29482,29703,29924,30145,30366,30587,30808,31029,31250,31471,31692,31913,32134,32355,32576,32797,33018,33239,33460,33681,33902,34123,34344,34565,34786,35007,35228,35449,35670,35891,36112,36333,36554,36775,36996,37217,37438,37659,37880,38101,38322,38543,38764,38985,39206,39427,39648,39869,40090,40311,40532,40753,40974,41195,41416,41637,41858,42079,42300,42521,42742,42963,43184,43405,43626,43847,44068,44289,44510,44731,44952,45173,45394,45615,45836,46057,46278,46499,46720,46941,47162,47383,47604,47825,48046,48267,48488,48709
90,311,532,753,974,1195,1416,1637,1858,2079,2300,2521,2742,2963,3184,3405,3626,3847,4068,4289,4510,4731,4952,5173,5394,5615,5836,6057,6278,6499,6720,6941,7162,7383,7604,7825,8046,8267,8488,8709,8930,9151,9372,9593,9814,10035,10256,10477,10698,10919,11140,11361,11582,11803,12024,12245,12466,12687,12908,13129,13350,13571,13792,14013,14234,14455,14676,14897,15118,15339,15560,15781,16002,16223,16444,16665,16886,17107,17328,17549,17770,17991,18212,18433,18654,18875,19096,19317,19538,19759,19980,20201,20422,20643,20864,21085,21306,21527,21748,21969,22190,22411,22632,22853,23074,23295,23516,23737,23958,24179,24400,24621,24842,25063,25284,25505,25726,25947,26168,26389,26610,26831,27052,27273,27494,27715,27936,28157,28378,28599,28820,28951,29041,29262,29483,29704,29925,30146,30367,30588,30809,31030,31251,31472,31693,31914,32135,32356,32577,32798,33019,33240,33461,33682,33903,34124,34345,34566,34787,35008,35229,35450,35671,35892,36113,36334,36555,36776,36997,37218,37439,37660,37881,38102,38323,38544,38765,38986,39207,39428,39649,39870,40091,40312,40533,40754,40975,41196,41417,41638,41859,42080,42301,42522,42743,42964,43185,43406,43627,43848,44069,44290,44511,44732,44953,45174,45395,45616,45837,46058,46279,46500,46721,46942,47163,47384,47605,47826,48047,48268,48489,48710
91,312,533,754,975,1196,1417,1638,1859,2080,2301,2522,2743,2964,3185,3406,3627,3848,4069,4290,4511,4732,4953,5174,5395,5616,5837,6058,6279,6500,6721,6942,7163,7384,7605,7826,8047,8268,8489,8710,8931,9152,9373,9594,9815,10036,10257,10478,10699,10920,11141,11362,11583,11804,12025,12246,12467,12688,12909,13130,13351,13572,13793,14014,14235,14456,14677,14898,15119,15340,15561,15782,16003,16224,16445,16666,16887,17108,17329,17550,17771,17992,18213,18434,18655,18876,19097,19318,19539,19760,19981,20202,20423,20644,20865,21086,21307,21528,21749,21970,22191,22412,22633,22854,23075,23296,23517,23738,23959,24180,24401,24622,24843,25064,25285,25506,25727,25948,26169,26390,26611,26832,27053,27274,27495,27716,27937,28158,28379,28600,28730,28821,29042,29263,29484,29705,29926,30147,30368,30589,30810,31031,31252,31473,31694,31915,32136,32357,32578,32799,33020,33241,33462,33683,33904,34125,34346,34567,34788,35009,35230,35451,35672,35893,36114,36335,36556,36777,36998,37219,37440,37661,37882,38103,38324,38545,38766,38987,39208,39429,39650,39871,40092,40313,40534,40755,40976,41197,41418,41639,41860,42081,42302,42523,42744,42965,43186,43407,43628,43849,44070,44291,44512,44733,44954,45175,45396,45617,45838,46059,46280,46501,46722,46943,47164,47385,47606,47827,48048,48269,48490,48711
92,313,534,755,976,1197,1418,1639,1860,2081,2302,2523,2744,2965,3186,3407,3628,3849,4070,4291,4512,4733,4954,5175,5396,5617,5838,6059,6280,6501,6722,6943,7164,7385,7606,7827,8048,8269,8490,8711,8932,9153,9374,9595,9816,10037,10258,10479,10700,10921,11142,11363,11584,11805,12026,12247,12468,12689,12910,13131,13352,13573,13794,14015,14236,14457,14678,14899,15120,15341,15562,15783,16004,16225,16446,16667,16888,17109,17330,17551,17772,17993,18214,18435,18656,18877,19098,19319,19540,19761,19982,20203,20424,20645,20866,21087,21308,21529,21750,21971,22192,22413,22634,22855,23076,23297,23518,23739,23960,24181,24402,24623,24844,25065,25286,25507,25728,25949,26170,26391,26612,26833,27054,27275,27496,27717,27938,28159,28380,28509,28601,28822,29043,29264,29485,29706,29927,30148,30369,30590,30811,31032,31253,31474,31695,31916,32137,32358,32579,32800,33021,33242,33463,33684,33905,34126,34347,34568,34789,35010,35231,35452,35673,35894,36115,36336,36557,36778,36999,37220,37441,37662,37883,38104,38325,38546,38767,38988,39209,39430,39651,39872,40093,40314,40535,40756,40977,41198,41419,41640,41861,42082,42303,42524,42745,42966,43187,43408,43629,43850,44071,44292,44513,44734,44955,45176,45397,45618,45839,46060,46281,46502,46723,46944,47165,47386,47607,47828,48049,48270,48491,48712
93,314,535,756,977,1198,1419,1640,1861,2082,2303,2524,2745,2966,3187,3408,3629,3850,4071,4292,4513,4734,4955,5176,5397,5618,5839,6060,6281,6502,6723,6944,7165,7386,7607,7828,8049,8270,8491,8712,8933,9154,9375,9596,9817,10038,10259,10480,10701,10922,11143,11364,11585,11806,12027,12248,12469,12690,12911,13132,13353,13574,13795,14016,14237,14458,14679,14900,15121,15342,15563,15784,16005,16226,16447,16668,16889,17110,17331,17552,17773,17994,18215,18436,18657,18878,19099,19320,19541,19762,19983,20204,20425,20646,20867,21088,21309,21530,21751,21972,22193,22414,22635,22856,23077,23298,23519,23740,23961,24182,24403,24624,24845,25066,25287,25508,25729,25950,26171,26392,26613,26834,27055,27276,27497,27718,27939,28160,28288,28381,28602,28823,29044,29265,29486,29707,29928,30149,30370,30591,30812,31033,31254,31475,31696,31917,32138,32359,32580,32801,33022,33243,33464,33685,33906,34127,34348,34569,34790,35011,35232,35453,35674,35895,36116,36337,36558,36779,37000,37221,37442,37663,37884,38105,38326,38547,38768,38989,39210,39431,39652,39873,40094,40315,40536,40757,40978,41199,41420,41641,41862,42083,42304,42525,42746,42967,43188,43409,43630,43851,44072,44293,44514,44735,44956,45177,45398,45619,45840,46061,46282,46503,46724,46945,47166,47387,47608,47829,48050,48271,48492,48713
94,315,536,757,978,1199,1420,1641,1862,2083,2304,2525,2746,2967,3188,3409,3630,3851,4072,4293,4514,4735,4956,5177,5398,5619,5840,6061,6282,6503,6724,6945,7166,7387,7608,7829,8050,8271,8492,8713,8934,9155,9376,9597,9818,10039,10260,10481,10702,10923,11144,11365,11586,11807,12028,12249,12470,12691,12912,13133,13354,13575,13796,14017,14238,14459,14680,14901,15122,15343,15564,15785,16006,16227,16448,16669,16890,17111,17332,17553,17774,17995,18216,18437,18658,18879,19100,19321,19542,19763,19984,20205,20426,20647,20868,21089,21310,21531,21752,21973,22194,22415,22636,22857,23078,23299,23520,23741,23962,24183,24404,24625,24846,25067,25288,25509,25730,25951,26172,26393,26614,26835,27056,27277,27498,27719,27940,28067,28161,28382,28603,28824,29045,29266,29487,29708,29929,30150,30371,30592,30813,31034,31255,31476,31697,31918,32139,32360,32581,32802,33023,33244,33465,33686,33907,34128,34349,34570,34791,35012,35233,35454,35675,35896,36117,36338,36559,36780,37001,37222,37443,37664,37885,38106,38327,38548,38769,38990,39211,39432,39653,39874,40095,40316,40537,40758,40979,41200,41421,41642,41863,42084,42305,42526,42747,42968,43189,43410,43631,43852,44073,44294,44515,44736,44957,45178,45399,45620,45841,46062,46283,46504,46725,46946,47167,47388,47609,47830,48051,48272,48493,48714
95,316,537,758,979,1200,1421,1642,1863,2084,2305,2526,2747,2968,3189,3410,3631,3852,4073,4294,4515,4736,4957,5178,5399,5620,5841,6062,6283,6504,6725,6946,7167,7388,7609,7830,8051,8272,8493,8714,8935,9156,9377,9598,9819,10040,10261,10482,10703,10924,11145,11366,11587,11808,12029,12250,12471,12692,12913,13134,13355,13576,13797,14018,14239,14460,14681,14902,15123,15344,15565,15786,16007,16228,16449,16670,16891,17112,17333,17554,17775,17996,18217,18438,18659,18880,19101,19322,19543,19764,19985,20206,20427,20648,20869,21090,21311,21532,21753,21974,22195,22416,22637,22858,23079,23300,23521,23742,23963,24184,24405,24626,24847,25068,25289,25510,25731,25952,26173,26394,26615,26836,27057,27278,27499,27720,27846,27941,28162,28383,28604,28825,29046,29267,29488,29709,29930,30151,30372,30593,30814,31035,31256,31477,31698,31919,32140,32361,32582,32803,33024,33245,33466,33687,33908,34129,34350,34571,34792,35013,35234,35455,35676,35897,36118,36339,36560,36781,37002,37223,37444,37665,37886,38107,38328,38549,38770,38991,39212,39433,39654,39875,40096,40317,40538,40759,40980,41201,41422,41643,41864,42085,42306,42527,42748,42969,43190,43411,43632,43853,44074,44295,44516,44737,44958,45179,45400,45621,45842,46063,46284,46505,46726,46947,47168,47389,47610,47831,48052,48273,48494,48715
96,317,538,759,980,1201,1422,1643,1864,2085,2306,2527,2748,2969,3190,3411,3632,3853,4074,4295,4516,4737,4958,5179,5400,5621,5842,6063,6284,6505,6726,6947,7168,7389,7610,7831,8052,8273,8494,8715,8936,9157,9378,9599,9820,10041,10262,10483,10704,10925,11146,11367,11588,11809,12030,12251,12472,12693,12914,13135,13356,13577,13798,14019,14240,14461,14682,14903,15124,15345,15566,15787,16008,16229,16450,16671,16892,17113,17334,17555,17776,17997,18218,18439,18660,18881,19102,19323,19544,19765,19986,20207,20428,20649,20870,21091,21312,21533,21754,21975,22196,22417,22638,22859,23080,23301,23522,23743,23964,24185,24406,24627,24848,25069,25290,25511,25732,25953,26174,26395,26616,26837,27058,27279,27500,27625,27721,27942,28163,28384,28605,28826,29047,29268,29489,29710,29931,30152,30373,30594,30815,31036,31257,31478,31699,31920,32141,32362,32583,32804,33025,33246,33467,33688,33909,34130,34351,34572,34793,35014,35235,35456,35677,35898,36119,36340,36561,36782,37003,37224,37445,37666,37887,38108,38329,38550,38771,38992,39213,39434,39655,39876,40097,40318,40539,40760,40981,41202,41423,41644,41865,42086,42307,42528,42749,42970,43191,43412,43633,43854,44075,44296,44517,44738,44959,45180,45401,45622,45843,46064,46285,46506,46727,46948,47169,47390,47611,47832,48053,48274,48495,48716
97,318,539,760,981,1202,1423,1644,1865,2086,2307,2528,2749,2970,3191,3412,3633,3854,4075,4296,4517,4738,4959,5180,5401,5622,5843,6064,6285,6506,6727,6948,7169,7390,7611,7832,8053,8274,8495,8716,8937,9158,9379,9600,9821,10042,10263,10484,10705,10926,11147,11368,11589,11810,12031,12252,12473,12694,12915,13136,13357,13578,13799,14020,14241,14462,14683,14904,15125,15346,15567,15788,16009,16230,16451,16672,16893,17114,17335,17556,17777,17998,18219,18440,18661,18882,19103,19324,19545,19766,19987,20208,20429,20650,20871,21092,21313,21534,21755,21976,22197,22418,22639,22860,23081,23302,23523,23744,23965,24186,24407,24628,24849,25070,25291,25512,25733,25954,26175,26396,26617,26838,27059,27280,27404,27501,27722,27943,28164,28385,28606,28827,29048,29269,29490,29711,29932,30153,30374,30595,30816,31037,31258,31479,31700,31921,32142,32363,32584,32805,33026,33247,33468,33689,33910,34131,34352,34573,34794,35015,35236,35457,35678,35899,36120,36341,36562,36783,37004,37225,37446,37667,37888,38109,38330,38551,38772,38993,39214,39435,39656,39877,40098,40319,40540,40761,40982,41203,41424,41645,41866,42087,42308,42529,42750,42971,43192,43413,43634,43855,44076,44297,44518,44739,44960,45181,45402,45623,45844,46065,46286,46507,46728,46949,47170,47391,47612,47833,48054,48275,48496,48717
98,319,540,761,982,1203,1424,1645,1866,2087,2308,2529,2750,2971,3192,3413,3634,3855,4076,4297,4518,4739,4960,5181,5402,5623,5844,6065,6286,6507,6728,6949,7170,7391,7612,7833,8054,8275,8496,8717,8938,9159,9380,9601,9822,10043,10264,10485,10706,10927,11148,11369,11590,11811,12032,12253,12474,12695,12916,13137,13358,13579,13800,14021,14242,14463,14684,14905,15126,15347,15568,15789,16010,16231,16452,16673,16894,17115,17336,17557,17778,17999,18220,18441,18662,18883,19104,19325,19546,19767,19988,20209,20430,20651,20872,21093,21314,21535,21756,21977,22198,22419,22640,22861,23082,23303,23524,23745,23966,24187,24408,24629,24850,25071,25292,25513,25734,25955,26176,26397,26618,26839,27060,27183,27281,27502,27723,27944,28165,28386,28607,28828,29049,29270,29491,29712,29933,30154,30375,30596,30817,31038,31259,31480,31701,31922,32143,32364,32585,32806,33027,33248,33469,33690,33911,34132,34353,34574,34795,35016,35237,35458,35679,35900,36121,36342,36563,36784,37005,37226,37447,37668,37889,38110,38331,38552,38773,38994,39215,39436,39657,39878,40099,40320,40541,40762,40983,41204,41425,41646,41867,42088,42309,42530,42751,42972,43193,43414,43635,43856,44077,44298,44519,44740,44961,45182,45403,45624,45845,46066,46287,46508,46729,46950,47171,47392,47613,47834,48055,48276,48497,48718
99,320,541,762,983,1204,1425,1646,1867,2088,2309,2530,2751,2972,3193,3414,3635,3856,4077,4298,4519,4740,4961,5182,5403,5624,5845,6066,6287,6508,6729,6950,7171,7392,7613,7834,8055,8276,8497,8718,8939,9160,9381,9602,9823,10044,10265,10486,10707,10928,11149,11370,11591,11812,12033,12254,12475,12696,12917,13138,13359,13580,13801,14022,14243,14464,14685,14906,15127,15348,15569,15790,16011,16232,16453,16674,16895,17116,17337,17558,17779,18000,18221,18442,18663,18884,19105,19326,19547,19768,19989,20210,20431,20652,20873,21094,21315,21536,21757,21978,22199,22420,22641,22862,23083,23304,23525,23746,23967,24188,24409,24630,24851,25072,25293,25514,25735,25956,26177,26398,26619,26840,26962,27061,27282,27503,27724,27945,28166,28387,28608,28829,29050,29271,29492,29713,29934,30155,30376,30597,30818,31039,31260,31481,31702,31923,32144,32365,32586,32807,33028,33249,33470,33691,33912,34133,34354,34575,34796,35017,35238,35459,35680,35901,36122,36343,36564,36785,37006,37227,37448,37669,37890,38111,38332,38553,38774,38995,39216,39437,39658,39879,40100,40321,40542,40763,40984,41205,41426,41647,41868,42089,42310,42531,42752,42973,43194,43415,43636,43857,44078,44299,44520,44741,44962,45183,45404,45625,45846,46067,46288,46509,46730,46951,47172,47393,47614,47835,48056,48277,48498,48719
100,321,542,763,984,1205,1426,1647,1868,2089,2310,2531,2752,2973,3194,3415,3636,3857,4078,4299,4520,4741,4962,5183,5404,5625,5846,6067,6288,6509,6730,6951,7172,7393,7614,7835,8056,8277,8498,8719,8940,9161,9382,9603,9824,10045,10266,10487,10708,10929,11150,11371,11592,11813,12034,12255,12476,12697,12918,13139,13360,13581,13802,14023,14244,14465,14686,14907,15128,15349,15570,15791,16012,16233,16454,16675,16896,17117,17338,17559,17780,18001,18222,18443,18664,18885,19106,19327,19548,19769,19990,20211,20432,20653,20874,21095,21316,21537,21758,21979,22200,22421,22642,22863,23084,23305,23526,23747,23968,24189,24410,24631,24852,25073,25294,25515,25736,25957,26178,26399,26620,26741,26841,27062,27283,27504,27725,27946,28167,28388,28609,28830,29051,29272,29493,29714,29935,30156,30377,30598,30819,31040,31261,31482,31703,31924,32145,32366,32587,32808,33029,33250,33471,33692,33913,34134,34355,34576,34797,35018,35239,35460,35681,35902,36123,36344,36565,36786,37007,37228,37449,37670,37891,38112,38333,38554,38775,38996,39217,39438,39659,39880,40101,40322,40543,40764,40985,41206,41427,41648,41869,42090,42311,42532,42753,42974,43195,43416,43637,43858,44079,44300,44521,44742,44963,45184,45405,45626,45847,46068,46289,46510,46731,46952,47173,47394,47615,47836,48057,48278,48499,48720
101,322,543,764,985,1206,1427,1648,1869,2090,2311,2532,2753,2974,3195,3416,3637,3858,4079,4300,4521,4742,4963,5184,5405,5626,5847,6068,6289,6510,6731,6952,7173,7394,7615,7836,8057,8278,8499,8720,8941,9162,9383,9604,9825,10046,10267,10488,10709,10930,11151,11372,11593,11814,12035,12256,12477,12698,12919,13140,13361,13582,13803,14024,14245,14466,14687,14908,15129,15350,15571,15792,16013,16234,16455,16676,16897,17118,17339,17560,17781,18002,18223,18444,18665,18886,19107,19328,19549,19770,19991,20212,20433,20654,20875,21096,21317,21538,21759,21980,22201,22422,22643,22864,23085,23306,23527,23748,23969,24190,24411,24632,24853,25074,25295,25516,25737,25958,26179,26400,26520,26621,26842,27063,27284,27505,27726,27947,28168,28389,28610,28831,29052,29273,29494,29715,29936,30157,30378,30599,30820,31041,31262,31483,31704,31925,32146,32367,32588,32809,33030,33251,33472,33693,33914,34135,34356,34577,34798,35019,35240,35461,35682,35903,36124,36345,36566,36787,37008,37229,37450,37671,37892,38113,38334,38555,38776,38997,39218,39439,39660,39881,40102,40323,40544,40765,40986,41207,41428,41649,41870,42091,42312,42533,42754,42975,43196,43417,43638,43859,44080,44301,44522,44743,44964,45185,45406,45627,45848,46069,46290,46511,46732,46953,47174,47395,47616,47837,48058,48279,48500,48721
102,323,544,765,986,1207,1428,1649,1870,2091,2312,2533,2754,2975,3196,3417,3638,3859,4080,4301,4522,4743,4964,5185,5406,5627,5848,6069,6290,6511,6732,6953,7174,7395,7616,7837,8058,8279,8500,8721,8942,9163,9384,9605,9826,10047,10268,10489,10710,10931,11152,11373,11594,11815,12036,12257,12478,12699,12920,13141,13362,13583,13804,14025,14246,14467,14688,14909,15130,15351,15572,15793,16014,16235,16456,16677,16898,17119,17340,17561,17782,18003,18224,18445,18666,18887,19108,19329,19550,19771,19992,20213,20434,20655,20876,21097,21318,21539,21760,21981,22202,22423,22644,22865,23086,23307,23528,23749,23970,24191,24412,24633,24854,25075,25296,25517,25738,25959,26180,26299,26401,26622,26843,27064,27285,27506,27727,27948,28169,28390,28611,28832,29053,29274,29495,29716,29937,30158,30379,30600,30821,31042,31263,31484,31705,31926,32147,32368,32589,32810,33031,33252,33473,33694,33915,34136,34357,34578,34799,35020,35241,35462,35683,35904,36125,36346,36567,36788,37009,37230,37451,37672,37893,38114,38335,38556,38777,38998,39219,39440,39661,39882,40103,40324,40545,40766,40987,41208,41429,41650,41871,42092,42313,42534,42755,42976,43197,43418,43639,43860,44081,44302,44523,44744,44965,45186,45407,45628,45849,46070,46291,46512,46733,46954,47175,47396,47617,47838,48059,48280,48501,48722
103,324,545,766,987,1208,1429,1650,1871,2092,2313,2534,2755,2976,3197,3418,3639,3860,4081,4302,4523,4744,4965,5186,5407,5628,5849,6070,6291,6512,6733,6954,7175,7396,7617,7838,8059,8280,8501,8722,8943,9164,9385,9606,9827,10048,10269,10490,10711,10932,11153,11374,11595,11816,12037,12258,12479,12700,12921,13142,13363,13584,13805,14026,14247,14468,14689,14910,15131,15352,15573,15794,16015,16236,16457,16678,16899,17120,17341,17562,17783,18004,18225,18446,18667,18888,19109,19330,19551,19772,19993,20214,20435,20656,20877,21098,21319,21540,21761,21982,22203,22424,22645,22866,23087,23308,23529,23750,23971,24192,24413,24634,24855,25076,25297,25518,25739,25960,26078,26181,26402,26623,26844,27065,27286,27507,27728,27949,28170,28391,28612,28833,29054,29275,29496,29717,29938,30159,30380,30601,30822,31043,31264,31485,31706,31927,32148,32369,32590,32811,33032,33253,33474,33695,33916,34137,34358,34579,34800,35021,35242,35463,35684,35905,36126,36347,36568,36789,37010,37231,37452,37673,37894,38115,38336,38557,38778,38999,39220,39441,39662,39883,40104,40325,40546,40767,40988,41209,41430,41651,41872,42093,42314,42535,42756,42977,43198,43419,43640,43861,44082,44303,44524,44745,44966,45187,45408,45629,45850,46071,46292,46513,46734,46955,47176,47397,47618,47839,48060,48281,48502,48723
104,325,546,767,988,1209,1430,1651,1872,2093,2314,2535,2756,2977,3198,3419,3640,3861,4082,4303,4524,4745,4966,5187,5408,5629,5850,6071,6292,6513,6734,6955,7176,7397,7618,7839,8060,8281,8502,8723,8944,9165,9386,9607,9828,10049,10270,10491,10712,10933,11154,11375,11596,11817,12038,12259,12480,12701,12922,13143,13364,13585,13806,14027,14248,14469,14690,14911,15132,15353,15574,15795,16016,16237,16458,16679,16900,17121,17342,17563,17784,18005,18226,18447,18668,18889,19110,19331,19552,19773,19994,20215,20436,20657,20878,21099,21320,21541,21762,21983,22204,22425,22646,22867,23088,23309,23530,23751,23972,24193,24414,24635,24856,25077,25298,25519,25740,25857,25961,26182,26403,26624,26845,27066,27287,27508,27729,27950,28171,28392,28613,28834,29055,29276,29497,29718,29939,30160,30381,30602,30823,31044,31265,31486,31707,31928,32149,32370,32591,32812,33033,33254,33475,33696,33917,34138,34359,34580,34801,35022,35243,35464,35685,35906,36127,36348,36569,36790,37011,37232,37453,37674,37895,38116,38337,38558,38779,39000,39221,39442,39663,39884,40105,40326,40547,40768,40989,41210,41431,41652,41873,42094,42315,42536,42757,42978,43199,43420,43641,43862,44083,44304,44525,44746,44967,45188,45409,45630,45851,46072,46293,46514,46735,46956,47177,47398,47619,47840,48061,48282,48503,48724
105,326,547,768,989,1210,1431,1652,1873,2094,2315,2536,2757,2978,3199,3420,3641,3862,4083,4304,4525,4746,4967,5188,5409,5630,5851,6072,6293,6514,6735,6956,7177,7398,7619,7840,8061,8282,8503,8724,8945,9166,9387,9608,9829,10050,10271,10492,10713,10934,11155,11376,11597,11818,12039,12260,12481,12702,12923,13144,13365,13586,13807,14028,14249,14470,14691,14912,15133,15354,15575,15796,16017,16238,16459,16680,16901,17122,17343,17564,17785,18006,18227,18448,18669,18890,19111,19332,19553,19774,19995,20216,20437,20658,20879,21100,21321,21542,21763,21984,22205,22426,22647,22868,23089,23310,23531,23752,23973,24194,24415,24636,24857,25078,25299,25520,25636,25741,25962,26183,26404,26625,26846,27067,27288,27509,27730,27951,28172,28393,28614,28835,29056,29277,29498,29719,29940,30161,30382,30603,30824,31045,31266,31487,31708,31929,32150,32371,32592,32813,33034,33255,33476,33697,33918,34139,34360,34581,34802,35023,35244,35465,35686,35907,36128,36349,36570,36791,37012,37233,37454,37675,37896,38117,38338,38559,38780,39001,39222,39443,39664,39885,40106,40327,40548,40769,40990,41211,41432,41653,41874,42095,42316,42537,42758,42979,43200,43421,43642,43863,44084,44305,44526,44747,44968,45189,45410,45631,45852,46073,46294,46515,46736,46957,47178,47399,47620,47841,48062,48283,48504,48725
106,327,548,769,990,1211,1432,1653,1874,2095,2316,2537,2758,2979,3200,3421,3642,3863,4084,4305,4526,4747,4968,5189,5410,5631,5852,6073,6294,6515,6736,6957,7178,7399,7620,7841,8062,8283,8504,8725,8946,9167,9388,9609,9830,10051,10272,10493,10714,10935,11156,11377,11598,11819,12040,12261,12482,12703,12924,13145,13366,13587,13808,14029,14250,14471,14692,14913,15134,15355,15576,15797,16018,16239,16460,16681,16902,17123,17344,17565,17786,18007,18228,18449,18670,18891,19112,19333,19554,19775,19996,20217,20438,20659,20880,21101,21322,21543,21764,21985,22206,22427,22648,22869,23090,23311,23532,23753,23974,24195,24416,24637,24858,25079,25300,25415,25521,25742,25963,26184,26405,26626,26847,27068,27289,27510,27731,27952,28173,28394,28615,28836,29057,29278,29499,29720,29941,30162,30383,30604,30825,31046,31267,31488,31709,31930,32151,32372,32593,32814,33035,33256,33477,33698,33919,34140,34361,34582,34803,35024,35245,35466,35687,35908,36129,36350,36571,36792,37013,37234,37455,37676,37897,38118,38339,38560,38781,39002,39223,39444,39665,39886,40107,40328,40549,40770,40991,41212,41433,41654,41875,42096,42317,42538,42759,42980,43201,43422,43643,43864,44085,44306,44527,44748,44969,45190,45411,45632,45853,46074,46295,46516,46737,46958,47179,47400,47621,47842,48063,48284,48505,48726
107,328,549,770,991,1212,1433,1654,1875,2096,2317,2538,2759,2980,3201,3422,3643,3864,4085,4306,4527,4748,4969,5190,5411,5632,5853,6074,6295,6516,6737,6958,7179,7400,7621,7842,8063,8284,8505,8726,8947,9168,9389,9610,9831,10052,10273,10494,10715,10936,11157,11378,11599,11820,12041,12262,12483,12704,12925,13146,13367,13588,13809,14030,14251,14472,14693,14914,15135,15356,15577,15798,16019,16240,16461,16682,16903,17124,17345,17566,17787,18008,18229,18450,18671,18892,19113,19334,19555,19776,19997,20218,20439,20660,20881,21102,21323,21544,21765,21986,22207,22428,22649,22870,23091,23312,23533,23754,23975,24196,24417,24638,24859,25080,25194,25301,25522,25743,25964,26185,26406,26627,26848,27069,27290,27511,27732,27953,28174,28395,28616,28837,29058,29279,29500,29721,29942,30163,30384,30605,30826,31047,31268,31489,31710,31931,32152,32373,32594,32815,33036,33257,33478,33699,33920,34141,34362,34583,34804,35025,35246,35467,35688,35909,36130,36351,36572,36793,37014,37235,37456,37677,37898,38119,38340,38561,38782,39003,39224,39445,39666,39887,40108,40329,40550,40771,40992,41213,41434,41655,41876,42097,42318,42539,42760,42981,43202,43423,43644,43865,44086,44307,44528,44749,44970,45191,45412,45633,45854,46075,46296,46517,46738,46959,47180,47401,47622,47843,48064,48285,48506,48727
108,329,550,771,992,1213,1434,1655,1876,2097,2318,2539,2760,2981,3202,3423,3644,3865,4086,4307,4528,4749,4970,5191,5412,5633,5854,6075,6296,6517,6738,6959,7180,7401,7622,7843,8064,8285,8506,8727,8948,9169,9390,9611,9832,10053,10274,10495,10716,10937,11158,11379,11600,11821,12042,12263,12484,12705,12926,13147,13368,13589,13810,14031,14252,14473,14694,14915,15136,15357,15578,15799,16020,16241,16462,16683,16904,17125,17346,17567,17788,18009,18230,18451,18672,18893,19114,19335,19556,19777,19998,20219,20440,20661,20882,21103,21324,21545,21766,21987,22208,22429,22650,22871,23092,23313,23534,23755,23976,24197,24418,24639,24860,24973,25081,25302,25523,25744,25965,26186,26407,26628,26849,27070,27291,27512,27733,27954,28175,28396,28617,28838,29059,29280,29501,29722,29943,30164,30385,30606,30827,31048,31269,31490,31711,31932,32153,32374,32595,32816,33037,33258,33479,33700,33921,34142,34363,34584,34805,35026,35247,35468,35689,35910,36131,36352,36573,36794,37015,37236,37457,37678,37899,38120,38341,38562,38783,39004,39225,39446,39667,39888,40109,40330,40551,40772,40993,41214,41435,41656,41877,42098,42319,42540,42761,42982,43203,43424,43645,43866,44087,44308,44529,44750,44971,45192,45413,45634,45855,46076,46297,46518,46739,46960,47181,47402,47623,47844,48065,48286,48507,48728
109,330,551,772,993,1214,1435,1656,1877,2098,2319,2540,2761,2982,3203,3424,3645,3866,4087,4308,4529,4750,4971,5192,5413,5634,5855,6076,6297,6518,6739,6960,7181,7402,7623,7844,8065,8286,8507,8728,8949,9170,9391,9612,9833,10054,10275,10496,10717,10938,11159,11380,11601,11822,12043,12264,12485,12706,12927,13148,13369,13590,13811,14032,14253,14474,14695,14916,15137,15358,15579,15800,16021,16242,16463,16684,16905,17126,17347,17568,17789,18010,18231,18452,18673,18894,19115,19336,19557,19778,19999,20220,20441,20662,20883,21104,21325,21546,21767,21988,22209,22430,22651,22872,23093,23314,23535,23756,23977,24198,24419,24640,24752,24861,25082,25303,25524,25745,25966,26187,26408,26629,26850,27071,27292,27513,27734,27955,28176,28397,28618,28839,29060,29281,29502,29723,29944,30165,30386,30607,30828,31049,31270,31491,31712,31933,32154,32375,32596,32817,33038,33259,33480,33701,33922,34143,34364,34585,34806,35027,35248,35469,35690,35911,36132,36353,36574,36795,37016,37237,37458,37679,37900,38121,38342,38563,38784,39005,39226,39447,39668,39889,40110,40331,40552,40773,40994,41215,41436,41657,41878,42099,42320,42541,42762,42983,43204,43425,43646,43867,44088,44309,44530,44751,44972,45193,45414,45635,45856,46077,46298,46519,46740,46961,47182,47403,47624,47845,48066,48287,48508,48729
110,331,552,773,994,1215,1436,1657,1878,2099,2320,2541,2762,2983,3204,3425,3646,3867,4088,4309,4530,4751,4972,5193,5414,5635,5856,6077,6298,6519,6740,6961,7182,7403,7624,7845,8066,8287,8508,8729,8950,9171,9392,9613,9834,10055,10276,10497,10718,10939,11160,11381,11602,11823,12044,12265,12486,12707,12928,13149,13370,13591,13812,14033,14254,14475,14696,14917,15138,15359,15580,15801,16022,16243,16464,16685,16906,17127,17348,17569,17790,18011,18232,18453,18674,18895,19116,19337,19558,19779,20000,20221,20442,20663,20884,21105,21326,21547,21768,21989,22210,22431,22652,22873,23094,23315,23536,23757,23978,24199,24420,24531,24641,24862,25083,25304,25525,25746,25967,26188,26409,26630,26851,27072,27293,27514,27735,27956,28177,28398,28619,28840,29061,29282,29503,29724,29945,30166,30387,30608,30829,31050,31271,31492,31713,31934,32155,32376,32597,32818,33039,33260,33481,33702,33923,34144,34365,34586,34807,35028,35249,35470,35691,35912,36133,36354,36575,36796,37017,37238,37459,37680,37901,38122,38343,38564,38785,39006,39227,39448,39669,39890,40111,40332,40553,40774,40995,41216,41437,41658,41879,42100,42321,42542,42763,42984,43205,43426,43647,43868,44089,44310,44531,44752,44973,45194,45415,45636,45857,46078,46299,46520,46741,46962,47183,47404,47625,47846,48067,48288,48509,48730
111,332,553,774,995,1216,1437,1658,1879,2100,2321,2542,2763,2984,3205,3426,3647,3868,4089,4310,4531,4752,4973,5194,5415,5636,5857,6078,6299,6520,6741,6962,7183,7404,7625,7846,8067,8288,8509,8730,8951,9172,9393,9614,9835,10056,10277,10498,10719,10940,11161,11382,11603,11824,12045,12266,12487,12708,12929,13150,13371,13592,13813,14034,14255,14476,14697,14918,15139,15360,15581,15802,16023,16244,16465,16686,16907,17128,17349,17570,17791,18012,18233,18454,18675,18896,19117,19338,19559,19780,20001,20222,20443,20664,20885,21106,21327,21548,21769,21990,22211,22432,22653,22874,23095,23316,23537,23758,23979,24200,24310,24421,24642,24863,25084,25305,25526,25747,25968,26189,26410,26631,26852,27073,27294,27515,27736,27957,28178,28399,28620,28841,29062,29283,29504,29725,29946,30167,30388,30609,30830,31051,31272,31493,31714,31935,32156,32377,32598,32819,33040,33261,33482,33703,33924,34145,34366,34587,34808,35029,35250,35471,35692,35913,36134,36355,36576,36797,37018,37239,37460,37681,37902,38123,38344,38565,38786,39007,39228,39449,39670,39891,40112,40333,40554,40775,40996,41217,41438,41659,41880,42101,42322,42543,42764,42985,43206,43427,43648,43869,44090,44311,44532,44753,44974,45195,45416,45637,45858,46079,46300,46521,46742,46963,47184,47405,47626,47847,48068,48289,48510,48731
112,333,554,775,996,1217,1438,1659,1880,2101,2322,2543,2764,2985,3206,3427,3648,3869,4090,4311,4532,4753,4974,5195,5416,5637,5858,6079,6300,6521,6742,6963,7184,7405,7626,7847,8068,8289,8510,8731,8952,9173,9394,9615,9836,10057,10278,10499,10720,10941,11162,11383,11604,11825,12046,12267,12488,12709,12930,13151,13372,13593,13814,14035,14256,14477,14698,14919,15140,15361,15582,15803,16024,16245,16466,16687,16908,17129,17350,17571,17792,18013,18234,18455,18676,18897,19118,19339,19560,19781,20002,20223,20444,20665,20886,21107,21328,21549,21770,21991,22212,22433,22654,22875,23096,23317,23538,23759,23980,24089,24201,24422,24643,24864,25085,25306,25527,25748,25969,26190,26411,26632,26853,27074,27295,27516,27737,27958,28179,28400,28621,28842,29063,29284,29505,29726,29947,30168,30389,30610,30831,31052,31273,31494,31715,31936,32157,32378,32599,32820,33041,33262,33483,33704,33925,34146,34367,34588,34809,35030,35251,35472,35693,35914,36135,36356,36577,36798,37019,37240,37461,37682,37903,38124,38345,38566,38787,39008,39229,39450,39671,39892,40113,40334,40555,40776,40997,41218,41439,41660,41881,42102,42323,42544,42765,42986,43207,43428,43649,43870,44091,44312,44533,44754,44975,45196,45417,45638,45859,46080,46301,46522,46743,46964,47185,47406,47627,47848,48069,48290,48511,48732
113,334,555,776,997,1218,1439,1660,1881,2102,2323,2544,2765,2986,3207,3428,3649,3870,4091,4312,4533,4754,4975,5196,5417,5638,5859,6080,6301,6522,6743,6964,7185,7406,7627,7848,8069,8290,8511,8732,8953,9174,9395,9616,9837,10058,10279,10500,10721,10942,11163,11384,11605,11826,12047,12268,12489,12710,12931,13152,13373,13594,13815,14036,14257,14478,14699,14920,15141,15362,15583,15804,16025,16246,16467,16688,16909,17130,17351,17572,17793,18014,18235,18456,18677,18898,19119,19340,19561,19782,20003,20224,20445,20666,20887,21108,21329,21550,21771,21992,22213,22434,22655,22876,23097,23318,23539,23760,23868,23981,24202,24423,24644,24865,25086,25307,25528,25749,25970,26191,26412,26633,26854,27075,27296,27517,27738,27959,28180,28401,28622,28843,29064,29285,29506,29727,29948,30169,30390,30611,30832,31053,31274,31495,31716,31937,32158,32379,32600,32821,33042,33263,33484,33705,33926,34147,34368,34589,34810,35031,35252,35473,35694,35915,36136,36357,36578,36799,37020,37241,37462,37683,37904,38125,38346,38567,38788,39009,39230,39451,39672,39893,40114,40335,40556,40777,40998,41219,41440,41661,41882,42103,42324,42545,42766,42987,43208,43429,43650,43871,44092,44313,44534,44755,44976,45197,45418,45639,45860,46081,46302,46523,46744,46965,47186,47407,47628,47849,48070,48291,48512,48733
114,335,556,777,998,1219,1440,1661,1882,2103,2324,2545,2766,2987,3208,3429,3650,3871,4092,4313,4534,4755,4976,5197,5418,5639,5860,6081,6302,6523,6744,6965,7186,7407,7628,7849,8070,8291,8512,8733,8954,9175,9396,9617,9838,10059,10280,10501,10722,10943,11164,11385,11606,11827,12048,12269,12490,12711,12932,13153,13374,13595,13816,14037,14258,14479,14700,14921,15142,15363,15584,15805,16026,16247,16468,16689,16910,17131,17352,17573,17794,18015,18236,18457,18678,18899,19120,19341,19562,19783,20004,20225,20446,20667,20888,21109,21330,21551,21772,21993,22214,22435,22656,22877,23098,23319,23540,23647,23761,23982,24203,24424,24645,24866,25087,25308,25529,25750,25971,26192,26413,26634,26855,27076,27297,27518,27739,27960,28181,28402,28623,28844,29065,29286,29507,29728,29949,30170,30391,30612,30833,31054,31275,31496,31717,31938,32159,32380,32601,32822,33043,33264,33485,33706,33927,34148,34369,34590,34811,35032,35253,35474,35695,35916,36137,36358,36579,36800,37021,37242,37463,37684,37905,38126,38347,38568,38789,39010,39231,39452,39673,39894,40115,40336,40557,40778,40999,41220,41441,41662,41883,42104,42325,42546,42767,42988,43209,43430,43651,43872,44093,44314,44535,44756,44977,45198,45419,45640,45861,46082,46303,46524,46745,46966,47187,47408,47629,47850,48071,48292,48513,48734
115,336,557,778,999,1220,1441,1662,1883,2104,2325,2546,2767,2988,3209,3430,3651,3872,4093,4314,4535,4756,4977,5198,5419,5640,5861,6082,6303,6524,6745,6966,7187,7408,7629,7850,8071,8292,8513,8734,8955,9176,9397,9618,9839,10060,10281,10502,10723,10944,11165,11386,11607,11828,12049,12270,12491,12712,12933,13154,13375,13596,13817,14038,14259,14480,14701,14922,15143,15364,15585,15806,16027,16248,16469,16690,16911,17132,17353,17574,17795,18016,18237,18458,18679,18900,19121,19342,19563,19784,20005,20226,20447,20668,20889,21110,21331,21552,21773,21994,22215,22436,22657,22878,23099,23320,23426,23541,23762,23983,24204,24425,24646,24867,25088,25309,25530,25751,25972,26193,26414,26635,26856,27077,27298,27519,27740,27961,28182,28403,28624,28845,29066,29287,29508,29729,29950,30171,30392,30613,30834,31055,31276,31497,31718,31939,32160,32381,32602,32823,33044,33265,33486,33707,33928,34149,34370,34591,34812,35033,35254,35475,35696,35917,36138,36359,36580,36801,37022,37243,37464,37685,37906,38127,38348,38569,38790,39011,39232,39453,39674,39895,40116,40337,40558,40779,41000,41221,41442,41663,41884,42105,42326,42547,42768,42989,43210,43431,43652,43873,44094,44315,44536,44757,44978,45199,45420,45641,45862,46083,46304,46525,46746,46967,47188,47409,47630,47851,48072,48293,48514,48735
116,337,558,779,1000,1221,1442,1663,1884,2105,2326,2547,2768,2989,3210,3431,3652,3873,4094,4315,4536,4757,4978,5199,5420,5641,5862,6083,6304,6525,6746,6967,7188,7409,7630,7851,8072,8293,8514,8735,8956,9177,9398,9619,9840,10061,10282,10503,10724,10945,11166,11387,11608,11829,12050,12271,12492,12713,12934,13155,13376,13597,13818,14039,14260,14481,14702,14923,15144,15365,15586,15807,16028,16249,16470,16691,16912,17133,17354,17575,17796,18017,18238,18459,18680,18901,19122,19343,19564,19785,20006,20227,20448,20669,20890,21111,21332,21553,21774,21995,22216,22437,22658,22879,23100,23205,23321,23542,23763,23984,24205,24426,24647,24868,25089,25310,25531,25752,25973,26194,26415,26636,26857,27078,27299,27520,27741,27962,28183,28404,28625,28846,29067,29288,29509,29730,29951,30172,30393,30614,30835,31056,31277,31498,31719,31940,32161,32382,32603,32824,33045,33266,33487,33708,33929,34150,34371,34592,34813,35034,35255,35476,35697,35918,36139,36360,36581,36802,37023,37244,37465,37686,37907,38128,38349,38570,38791,39012,39233,39454,39675,39896,40117,40338,40559,40780,41001,41222,41443,41664,41885,42106,42327,42548,42769,42990,43211,43432,43653,43874,44095,44316,44537,44758,44979,45200,45421,45642,45863,46084,46305,46526,46747,46968,47189,47410,47631,47852,48073,48294,48515,48736
117,338,559,780,1001,1222,1443,1664,1885,2106,2327,2548,2769,2990,3211,3432,3653,3874,4095,4316,4537,4758,4979,5200,5421,5642,5863,6084,6305,6526,6747,6968,7189,7410,7631,7852,8073,8294,8515,8736,8957,9178,9399,9620,9841,10062,10283,10504,10725,10946,11167,11388,11609,11830,12051,12272,12493,12714,12935,13156,13377,13598,13819,14040,14261,14482,14703,14924,15145,15366,15587,15808,16029,16250,16471,16692,16913,17134,17355,17576,17797,18018,18239,18460,18681,18902,19123,19344,19565,19786,20007,20228,20449,20670,20891,21112,21333,21554,21775,21996,22217,22438,22659,22880,22984,23101,23322,23543,23764,23985,24206,24427,24648,24869,25090,25311,25532,25753,25974,26195,26416,26637,26858,27079,27300,27521,27742,27963,28184,28405,28626,28847,29068,29289,29510,29731,29952,30173,30394,30615,30836,31057,31278,31499,31720,31941,32162,32383,32604,32825,33046,33267,33488,33709,33930,34151,34372,34593,34814,35035,35256,35477,35698,35919,36140,36361,36582,36803,37024,37245,37466,37687,37908,38129,38350,38571,38792,39013,39234,39455,39676,39897,40118,40339,40560,40781,41002,41223,41444,41665,41886,42107,42328,42549,42770,42991,43212,43433,43654,43875,44096,44317,44538,44759,44980,45201,45422,45643,45864,46085,46306,46527,46748,46969,47190,47411,47632,47853,48074,48295,48516,48737
118,339,560,781,1002,1223,1444,1665,1886,2107,2328,2549,2770,2991,3212,3433,3654,3875,4096,4317,4538,4759,4980,5201,5422,5643,5864,6085,6306,6527,6748,6969,7190,7411,7632,7853,8074,8295,8516,8737,8958,9179,9400,9621,9842,10063,10284,10505,10726,10947,11168,11389,11610,11831,12052,12273,12494,12715,12936,13157,13378,13599,13820,14041,14262,14483,14704,14925,15146,15367,15588,15809,16030,16251,16472,16693,16914,17135,17356,17577,17798,18019,18240,18461,18682,18903,19124,19345,19566,19787,20008,20229,20450,20671,20892,21113,21334,21555,21776,21997,22218,22439,22660,22763,22881,23102,23323,23544,23765,23986,24207,24428,24649,24870,25091,25312,25533,25754,25975,26196,26417,26638,26859,27080,27301,27522,27743,27964,28185,28406,28627,28848,29069,29290,29511,29732,29953,30174,30395,30616,30837,31058,31279,31500,31721,31942,32163,32384,32605,32826,33047,33268,33489,33710,33931,34152,34373,34594,34815,35036,35257,35478,35699,35920,36141,36362,36583,36804,37025,37246,37467,37688,37909,38130,38351,38572,38793,39014,39235,39456,39677,39898,40119,40340,40561,40782,41003,41224,41445,41666,41887,42108,42329,42550,42771,42992,43213,43434,43655,43876,44097,44318,44539,44760,44981,45202,45423,45644,45865,46086,46307,46528,46749,46970,47191,47412,47633,47854,48075,48296,48517,48738
119,340,561,782,1003,1224,1445,1666,1887,2108,2329,2550,2771,2992,3213,3434,3655,3876,4097,4318,4539,4760,4981,5202,5423,5644,5865,6086,6307,6528,6749,6970,7191,7412,7633,7854,8075,8296,8517,8738,8959,9180,9401,9622,9843,10064,10285,10506,10727,10948,11169,11390,11611,11832,12053,12274,12495,12716,12937,13158,13379,13600,13821,14042,14263,14484,14705,14926,15147,15368,15589,15810,16031,16252,16473,16694,16915,17136,17357,17578,17799,18020,18241,18462,18683,18904,19125,19346,19567,19788,20009,20230,20451,20672,20893,21114,21335,21556,21777,21998,22219,22440,22542,22661,22882,23103,23324,23545,23766,23987,24208,24429,24650,24871,25092,25313,25534,25755,25976,26197,26418,26639,26860,27081,27302,27523,27744,27965,28186,28407,28628,28849,29070,29291,29512,29733,29954,30175,30396,30617,30838,31059,31280,31501,31722,31943,32164,32385,32606,32827,33048,33269,33490,33711,33932,34153,34374,34595,34816,35037,35258,35479,35700,35921,36142,36363,36584,36805,37026,37247,37468,37689,37910,38131,38352,38573,38794,39015,39236,39457,39678,39899,40120,40341,40562,40783,41004,41225,41446,41667,41888,42109,42330,42551,42772,42993,43214,43435,43656,43877,44098,44319,44540,44761,44982,45203,45424,45645,45866,46087,46308,46529,46750,46971,47192,47413,47634,47855,48076,48297,48518,48739
120,341,562,783,1004,1225,1446,1667,1888,2109,2330,2551,2772,2993,3214,3435,3656,3877,4098,4319,4540,4761,4982,5203,5424,5645,5866,6087,6308,6529,6750,6971,7192,7413,7634,7855,8076,8297,8518,8739,8960,9181,9402,9623,9844,10065,10286,10507,10728,10949,11170,11391,11612,11833,12054,12275,12496,12717,12938,13159,13380,13601,13822,14043,14264,14485,14706,14927,15148,15369,15590,15811,16032,16253,16474,16695,16916,17137,17358,17579,17800,18021,18242,18463,18684,18905,19126,19347,19568,19789,20010,20231,20452,20673,20894,21115,21336,21557,21778,21999,22220,22321,22441,22662,22883,23104,23325,23546,23767,23988,24209,24430,24651,24872,25093,25314,25535,25756,25977,26198,26419,26640,26861,27082,27303,27524,27745,27966,28187,28408,28629,28850,29071,29292,29513,29734,29955,30176,30397,30618,30839,31060,31281,31502,31723,31944,32165,32386,32607,32828,33049,33270,33491,33712,33933,34154,34375,34596,34817,35038,35259,35480,35701,35922,36143,36364,36585,36806,37027,37248,37469,37690,37911,38132,38353,38574,38795,39016,39237,39458,39679,39900,40121,40342,40563,40784,41005,41226,41447,41668,41889,42110,42331,42552,42773,42994,43215,43436,43657,43878,44099,44320,44541,44762,44983,45204,45425,45646,45867,46088,46309,46530,46751,46972,47193,47414,47635,47856,48077,48298,48519,48740
121,342,563,784,1005,1226,1447,1668,1889,2110,2331,2552,2773,2994,3215,3436,3657,3878,4099,4320,4541,4762,4983,5204,5425,5646,5867,6088,6309,6530,6751,6972,7193,7414,7635,7856,8077,8298,8519,8740,8961,9182,9403,9624,9845,10066,10287,10508,10729,10950,11171,11392,11613,11834,12055,12276,12497,12718,12939,13160,13381,13602,13823,14044,14265,14486,14707,14928,15149,15370,15591,15812,16033,16254,16475,16696,16917,17138,17359,17580,17801,18022,18243,18464,18685,18906,19127,19348,19569,19790,20011,20232,20453,20674,20895,21116,21337,21558,21779,22000,22100,22221,22442,22663,22884,23105,23326,23547,23768,23989,24210,24431,24652,24873,25094,25315,25536,25757,25978,26199,26420,26641,26862,27083,27304,27525,27746,27967,28188,28409,28630,28851,29072,29293,29514,29735,29956,30177,30398,30619,30840,31061,31282,31503,31724,31945,32166,32387,32608,32829,33050,33271,33492,33713,33934,34155,34376,34597,34818,35039,35260,35481,35702,35923,36144,36365,36586,36807,37028,37249,37470,37691,37912,38133,38354,38575,38796,39017,39238,39459,39680,39901,40122,40343,40564,40785,41006,41227,41448,41669,41890,42111,42332,42553,42774,42995,43216,43437,43658,43879,44100,44321,44542,44763,44984,45205,45426,45647,45868,46089,46310,46531,46752,46973,47194,47415,47636,47857,48078,48299,48520,48741
122,343,564,785,1006,1227,1448,1669,1890,2111,2332,2553,2774,2995,3216,3437,3658,3879,4100,4321,4542,4763,4984,5205,5426,5647,5868,6089,6310,6531,6752,6973,7194,7415,7636,7857,8078,8299,8520,8741,8962,9183,9404,9625,9846,10067,10288,10509,10730,10951,11172,11393,11614,11835,12056,12277,12498,12719,12940,13161,13382,13603,13824,14045,14266,14487,14708,14929,15150,15371,15592,15813,16034,16255,16476,16697,16918,17139,17360,17581,17802,18023,18244,18465,18686,18907,19128,19349,19570,19791,20012,20233,20454,20675,20896,21117,21338,21559,21780,21879,22001,22222,22443,22664,22885,23106,23327,23548,23769,23990,24211,24432,24653,24874,25095,25316,25537,25758,25979,26200,26421,26642,26863,27084,27305,27526,27747,27968,28189,28410,28631,28852,29073,29294,29515,29736,29957,30178,30399,30620,30841,31062,31283,31504,31725,31946,32167,32388,32609,32830,33051,33272,33493,33714,33935,34156,34377,34598,34819,35040,35261,35482,35703,35924,36145,36366,36587,36808,37029,37250,37471,37692,37913,38134,38355,38576,38797,39018,39239,39460,39681,39902,40123,40344,40565,40786,41007,41228,41449,41670,41891,42112,42333,42554,42775,42996,43217,43438,43659,43880,44101,44322,44543,44764,44985,45206,45427,45648,45869,46090,46311,46532,46753,46974,47195,47416,47637,47858,48079,48300,48521,48742
123,344,565,786,1007,1228,1449,1670,1891,2112,2333,2554,2775,2996,3217,3438,3659,3880,4101,4322,4543,4764,4985,5206,5427,5648,5869,6090,6311,6532,6753,6974,7195,7416,7637,7858,8079,8300,8521,8742,8963,9184,9405,9626,9847,10068,10289,10510,10731,10952,11173,11394,11615,11836,12057,12278,12499,12720,12941,13162,13383,13604,13825,14046,14267,14488,14709,14930,15151,15372,15593,15814,16035,16256,16477,16698,16919,17140,17361,17582,17803,18024,18245,18466,18687,18908,19129,19350,19571,19792,20013,20234,20455,20676,20897,21118,21339,21560,21658,21781,22002,22223,22444,22665,22886,23107,23328,23549,23770,23991,24212,24433,24654,24875,25096,25317,25538,25759,25980,26201,26422,26643,26864,27085,27306,27527,27748,27969,28190,28411,28632,28853,29074,29295,29516,29737,29958,30179,30400,30621,30842,31063,31284,31505,31726,31947,32168,32389,32610,32831,33052,33273,33494,33715,33936,34157,34378,34599,34820,35041,35262,35483,35704,35925,36146,36367,36588,36809,37030,37251,37472,37693,37914,38135,38356,38577,38798,39019,39240,39461,39682,39903,40124,40345,40566,40787,41008,41229,41450,41671,41892,42113,42334,42555,42776,42997,43218,43439,43660,43881,44102,44323,44544,44765,44986,45207,45428,45649,45870,46091,46312,46533,46754,46975,47196,47417,47638,47859,48080,48301,48522,48743
124,345,566,787,1008,1229,1450,1671,1892,2113,2334,2555,2776,2997,3218,3439,3660,3881,4102,4323,4544,4765,4986,5207,5428,5649,5870,6091,6312,6533,6754,6975,7196,7417,7638,7859,8080,8301,8522,8743,8964,9185,9406,9627,9848,10069,10290,10511,10732,10953,11174,11395,11616,11837,12058,12279,12500,12721,12942,13163,13384,13605,13826,14047,14268,14489,14710,14931,15152,15373,15594,15815,16036,16257,16478,16699,16920,17141,17362,17583,17804,18025,18246,18467,18688,18909,19130,19351,19572,19793,20014,20235,20456,20677,20898,21119,21340,21437,21561,21782,22003,22224,22445,22666,22887,23108,23329,23550,23771,23992,24213,24434,24655,24876,25097,25318,25539,25760,25981,26202,26423,26644,26865,27086,27307,27528,27749,27970,28191,28412,28633,28854,29075,29296,29517,29738,29959,30180,30401,30622,30843,31064,31285,31506,31727,31948,32169,32390,32611,32832,33053,33274,33495,33716,33937,34158,34379,34600,34821,35042,35263,35484,35705,35926,36147,36368,36589,36810,37031,37252,37473,37694,37915,38136,38357,38578,38799,39020,39241,39462,39683,39904,40125,40346,40567,40788,41009,41230,41451,41672,41893,42114,42335,42556,42777,42998,43219,43440,43661,43882,44103,44324,44545,44766,44987,45208,45429,45650,45871,46092,46313,46534,46755,46976,47197,47418,47639,47860,48081,48302,48523,48744
125,346,567,788,1009,1230,1451,1672,1893,2114,2335,2556,2777,2998,3219,3440,3661,3882,4103,4324,4545,4766,4987,5208,5429,5650,5871,6092,6313,6534,6755,6976,7197,7418,7639,7860,8081,8302,8523,8744,8965,9186,9407,9628,9849,10070,10291,10512,10733,10954,11175,11396,11617,11838,12059,12280,12501,12722,12943,13164,13385,13606,13827,14048,14269,14490,14711,14932,15153,15374,15595,15816,16037,16258,16479,16700,16921,17142,17363,17584,17805,18026,18247,18468,18689,18910,19131,19352,19573,19794,20015,20236,20457,20678,20899,21120,21216,21341,21562,21783,22004,22225,22446,22667,22888,23109,23330,23551,23772,23993,24214,24435,24656,24877,25098,25319,25540,25761,25982,26203,26424,26645,26866,27087,27308,27529,27750,27971,28192,28413,28634,28855,29076,29297,29518,29739,29960,30181,30402,30623,30844,31065,31286,31507,31728,31949,32170,32391,32612,32833,33054,33275,33496,33717,33938,34159,34380,34601,34822,35043,35264,35485,35706,35927,36148,36369,36590,36811,37032,37253,37474,37695,37916,38137,38358,38579,38800,39021,39242,39463,39684,39905,40126,40347,40568,40789,41010,41231,41452,41673,41894,42115,42336,42557,42778,42999,43220,43441,43662,43883,44104,44325,44546,44767,44988,45209,45430,45651,45872,46093,46314,46535,46756,46977,47198,47419,47640,47861,48082,48303,48524,48745
126,347,568,789,1010,1231,1452,1673,1894,2115,2336,2557,2778,2999,3220,3441,3662,3883,4104,4325,4546,4767,4988,5209,5430,5651,5872,6093,6314,6535,6756,6977,7198,7419,7640,7861,8082,8303,8524,8745,8966,9187,9408,9629,9850,10071,10292,10513,10734,10955,11176,11397,11618,11839,12060,12281,12502,12723,12944,13165,13386,13607,13828,14049,14270,14491,14712,14933,15154,15375,15596,15817,16038,16259,16480,16701,16922,17143,17364,17585,17806,18027,18248,18469,18690,18911,19132,19353,19574,19795,20016,20237,20458,20679,20900,20995,21121,21342,21563,21784,22005,22226,22447,22668,22889,23110,23331,23552,23773,23994,24215,24436,24657,24878,25099,25320,25541,25762,25983,26204,26425,26646,26867,27088,27309,27530,27751,27972,28193,28414,28635,28856,29077,29298,29519,29740,29961,30182,30403,30624,30845,31066,31287,31508,31729,31950,32171,32392,32613,32834,33055,33276,33497,33718,33939,34160,34381,34602,34823,35044,35265,35486,35707,35928,36149,36370,36591,36812,37033,37254,37475,37696,37917,38138,38359,38580,38801,39022,39243,39464,39685,39906,40127,40348,40569,40790,41011,41232,41453,41674,41895,42116,42337,42558,42779,43000,43221,43442,43663,43884,44105,44326,44547,44768,44989,45210,45431,45652,45873,46094,46315,46536,46757,46978,47199,47420,47641,47862,48083,48304,48525,48746
127,348,569,790,1011,1232,1453,1674,1895,2116,2337,2558,2779,3000,3221,3442,3663,3884,4105,4326,4547,4768,4989,5210,5431,5652,5873,6094,6315,6536,6757,6978,7199,7420,7641,7862,8083,8304,8525,8746,8967,9188,9409,9630,9851,10072,10293,10514,10735,10956,11177,11398,11619,11840,12061,12282,12503,12724,12945,13166,13387,13608,13829,14050,14271,14492,14713,14934,15155,15376,15597,15818,16039,16260,16481,16702,16923,17144,17365,17586,17807,18028,18249,18470,18691,18912,19133,19354,19575,19796,20017,20238,20459,20680,20774,20901,21122,21343,21564,21785,22006,22227,22448,22669,22890,23111,23332,23553,23774,23995,24216,24437,24658,24879,25100,25321,25542,25763,25984,26205,26426,26647,26868,27089,27310,27531,27752,27973,28194,28415,28636,28857,29078,29299,29520,29741,29962,30183,30404,30625,30846,31067,31288,31509,31730,31951,32172,32393,32614,32835,33056,33277,33498,33719,33940,34161,34382,34603,34824,35045,35266,35487,35708,35929,36150,36371,36592,36813,37034,37255,37476,37697,37918,38139,38360,38581,38802,39023,39244,39465,39686,39907,40128,40349,40570,40791,41012,41233,41454,41675,41896,42117,42338,42559,42780,43001,43222,43443,43664,43885,44106,44327,44548,44769,44990,45211,45432,45653,45874,46095,46316,46537,46758,46979,47200,47421,47642,47863,48084,48305,48526,48747
128,349,570,791,1012,1233,1454,1675,1896,2117,2338,2559,2780,3001,3222,3443,3664,3885,4106,4327,4548,4769,4990,5211,5432,5653,5874,6095,6316,6537,6758,6979,7200,7421,7642,7863,8084,8305,8526,8747,8968,9189,9410,9631,9852,10073,10294,10515,10736,10957,11178,11399,11620,11841,12062,12283,12504,12725,12946,13167,13388,13609,13830,14051,14272,14493,14714,14935,15156,15377,15598,15819,16040,16261,16482,16703,16924,17145,17366,17587,17808,18029,18250,18471,18692,18913,19134,19355,19576,19797,20018,20239,20460,20553,20681,20902,21123,21344,21565,21786,22007,22228,22449,22670,22891,23112,23333,23554,23775,23996,24217,24438,24659,24880,25101,25322,25543,25764,25985,26206,26427,26648,26869,27090,27311,27532,27753,27974,28195,28416,28637,28858,29079,29300,29521,29742,29963,30184,30405,30626,30847,31068,31289,31510,31731,31952,32173,32394,32615,32836,33057,33278,33499,33720,33941,34162,34383,34604,34825,35046,35267,35488,35709,35930,36151,36372,36593,36814,37035,37256,37477,37698,37919,38140,38361,38582,38803,39024,39245,39466,39687,39908,40129,40350,40571,40792,41013,41234,41455,41676,41897,42118,42339,42560,42781,43002,43223,43444,43665,43886,44107,44328,44549,44770,44991,45212,45433,45654,45875,46096,46317,46538,46759,46980,47201,47422,47643,47864,48085,48306,48527,48748
129,350,571,792,1013,1234,1455,1676,1897,2118,2339,2560,2781,3002,3223,3444,3665,3886,4107,4328,4549,4770,4991,5212,5433,5654,5875,6096,6317,6538,6759,6980,7201,7422,7643,7864,8085,8306,8527,8748,8969,9190,9411,9632,9853,10074,10295,10516,10737,10958,11179,11400,11621,11842,12063,12284,12505,12726,12947,13168,13389,13610,13831,14052,14273,14494,14715,14936,15157,15378,15599,15820,16041,16262,16483,16704,16925,17146,17367,17588,17809,18030,18251,18472,18693,18914,19135,19356,19577,19798,20019,20240,20332,20461,20682,20903,21124,21345,21566,21787,22008,22229,22450,22671,22892,23113,23334,23555,23776,23997,24218,24439,24660,24881,25102,25323,25544,25765,25986,26207,26428,26649,26870,27091,27312,27533,27754,27975,28196,28417,28638,28859,29080,29301,29522,29743,29964,30185,30406,30627,30848,31069,31290,31511,31732,31953,32174,32395,32616,32837,33058,33279,33500,33721,33942,34163,34384,34605,34826,35047,35268,35489,35710,35931,36152,36373,36594,36815,37036,37257,37478,37699,37920,38141,38362,38583,38804,39025,39246,39467,39688,39909,40130,40351,40572,40793,41014,41235,41456,41677,41898,42119,42340,42561,42782,43003,43224,43445,43666,43887,44108,44329,44550,44771,44992,45213,45434,45655,45876,46097,46318,46539,46760,46981,47202,47423,47644,47865,48086,48307,48528,48749
130,351,572,793,1014,1235,1456,1677,1898,2119,2340,2561,2782,3003,3224,3445,3666,3887,4108,4329,4550,4771,4992,5213,5434,5655,5876,6097,6318,6539,6760,6981,7202,7423,7644,7865,8086,8307,8528,8749,8970,9191,9412,9633,9854,10075,10296,10517,10738,10959,11180,11401,11622,11843,12064,12285,12506,12727,12948,13169,13390,13611,13832,14053,14274,14495,14716,14937,15158,15379,15600,15821,16042,16263,16484,16705,16926,17147,17368,17589,17810,18031,18252,18473,18694,18915,19136,19357,19578,19799,20020,20111,20241,20462,20683,20904,21125,21346,21567,21788,22009,22230,22451,22672,22893,23114,23335,23556,23777,23998,24219,24440,24661,24882,25103,25324,25545,25766,25987,26208,26429,26650,26871,27092,27313,27534,27755,27976,28197,28418,28639,28860,29081,29302,29523,29744,29965,30186,30407,30628,30849,31070,31291,31512,31733,31954,32175,32396,32617,32838,33059,33280,33501,33722,33943,34164,34385,34606,34827,35048,35269,35490,35711,35932,36153,36374,36595,36816,37037,37258,37479,37700,37921,38142,38363,38584,38805,39026,39247,39468,39689,39910,40131,40352,40573,40794,41015,41236,41457,41678,41899,42120,42341,42562,42783,43004,43225,43446,43667,43888,44109,44330,44551,44772,44993,45214,45435,45656,45877,46098,46319,46540,46761,46982,47203,47424,47645,47866,48087,48308,48529,48750
131,352,573,794,1015,1236,1457,1678,1899,2120,2341,2562,2783,3004,3225,3446,3667,3888,4109,4330,4551,4772,4993,5214,5435,5656,5877,6098,6319,6540,6761,6982,7203,7424,7645,7866,8087,8308,8529,8750,8971,9192,9413,9634,9855,10076,10297,10518,10739,10960,11181,11402,11623,11844,12065,12286,12507,12728,12949,13170,13391,13612,13833,14054,14275,14496,14717,14938,15159,15380,15601,15822,16043,16264,16485,16706,16927,17148,17369,17590,17811,18032,18253,18474,18695,18916,19137,19358,19579,19800,19890,20021,20242,20463,20684,20905,21126,21347,21568,21789,22010,22231,22452,22673,22894,23115,23336,23557,23778,23999,24220,24441,24662,24883,25104,25325,25546,25767,25988,26209,26430,26651,26872,27093,27314,27535,27756,27977,28198,28419,28640,28861,29082,29303,29524,29745,29966,30187,30408,30629,30850,31071,31292,31513,31734,31955,32176,32397,32618,32839,33060,33281,33502,33723,33944,34165,34386,34607,34828,35049,35270,35491,35712,35933,36154,36375,36596,36817,37038,37259,37480,37701,37922,38143,38364,38585,38806,39027,39248,39469,39690,39911,40132,40353,40574,40795,41016,41237,41458,41679,41900,42121,42342,42563,42784,43005,43226,43447,43668,43889,44110,44331,44552,44773,44994,45215,45436,45657,45878,46099,46320,46541,46762,46983,47204,47425,47646,47867,48088,48309,48530,48751
132,353,574,795,1016,1237,1458,1679,1900,2121,2342,2563,2784,3005,3226,3447,3668,3889,4110,4331,4552,4773,4994,5215,5436,5657,5878,6099,6320,6541,6762,6983,7204,7425,7646,7867,8088,8309,8530,8751,8972,9193,9414,9635,9856,10077,10298,10519,10740,10961,11182,11403,11624,11845,12066,12287,12508,12729,12950,13171,13392,13613,13834,14055,14276,14497,14718,14939,15160,15381,15602,15823,16044,16265,16486,16707,16928,17149,17370,17591,17812,18033,18254,18475,18696,18917,19138,19359,19580,19669,19801,20022,20243,20464,20685,20906,21127,21348,21569,21790,22011,22232,22453,22674,22895,23116,23337,23558,23779,24000,24221,24442,24663,24884,25105,25326,25547,25768,25989,26210,26431,26652,26873,27094,27315,27536,27757,27978,28199,28420,28641,28862,29083,29304,29525,29746,29967,30188,30409,30630,30851,31072,31293,31514,31735,31956,32177,32398,32619,32840,33061,33282,33503,33724,33945,34166,34387,34608,34829,35050,35271,35492,35713,35934,36155,36376,36597,36818,37039,37260,37481,37702,37923,38144,38365,38586,38807,39028,39249,39470,39691,39912,40133,40354,40575,40796,41017,41238,41459,41680,41901,42122,42343,42564,42785,43006,43227,43448,43669,43890,44111,44332,44553,44774,44995,45216,45437,45658,45879,46100,46321,46542,46763,46984,47205,47426,47647,47868,48089,48310,48531,48752
133,354,575,796,1017,1238,1459,1680,1901,2122,2343,2564,2785,3006,3227,3448,3669,3890,4111,4332,4553,4774,4995,5216,5437,5658,5879,6100,6321,6542,6763,6984,7205,7426,7647,7868,8089,8310,8531,8752,8973,9194,9415,9636,9857,10078,10299,10520,10741,10962,11183,11404,11625,11846,12067,12288,12509,12730,12951,13172,13393,13614,13835,14056,14277,14498,14719,14940,15161,15382,15603,15824,16045,16266,16487,16708,16929,17150,17371,17592,17813,18034,18255,18476,18697,18918,19139,19360,19448,19581,19802,20023,20244,20465,20686,20907,21128,21349,21570,21791,22012,22233,22454,22675,22896,23117,23338,23559,23780,24001,24222,24443,24664,24885,25106,25327,25548,25769,25990,26211,26432,26653,26874,27095,27316,27537,27758,27979,28200,28421,28642,28863,29084,29305,29526,29747,29968,30189,30410,30631,30852,31073,31294,31515,31736,31957,32178,32399,32620,32841,33062,33283,33504,33725,33946,34167,34388,34609,34830,35051,35272,35493,35714,35935,36156,36377,36598,36819,37040,37261,37482,37703,37924,38145,38366,38587,38808,39029,39250,39471,39692,39913,40134,40355,40576,40797,41018,41239,41460,41681,41902,42123,42344,42565,42786,43007,43228,43449,43670,43891,44112,44333,44554,44775,44996,45217,45438,45659,45880,46101,46322,46543,46764,46985,47206,47427,47648,47869,48090,48311,48532,48753
134,355,576,797,1018,1239,1460,1681,1902,2123,2344,2565,2786,3007,3228,3449,3670,3891,4112,4333,4554,4775,4996,5217,5438,5659,5880,6101,6322,6543,6764,6985,7206,7427,7648,7869,8090,8311,8532,8753,8974,9195,9416,9637,9858,10079,10300,10521,10742,10963,11184,11405,11626,11847,12068,12289,12510,12731,12952,13173,13394,13615,13836,14057,14278,14499,14720,14941,15162,15383,15604,15825,16046,16267,16488,16709,16930,17151,17372,17593,17814,18035,18256,18477,18698,18919,19140,19227,19361,19582,19803,20024,20245,20466,20687,20908,21129,21350,21571,21792,22013,22234,22455,22676,22897,23118,23339,23560,23781,24002,24223,24444,24665,24886,25107,25328,25549,25770,25991,26212,26433,26654,26875,27096,27317,27538,27759,27980,28201,28422,28643,28864,29085,29306,29527,29748,29969,30190,30411,30632,30853,31074,31295,31516,31737,31958,32179,32400,32621,32842,33063,33284,33505,33726,33947,34168,34389,34610,34831,35052,35273,35494,35715,35936,36157,36378,36599,36820,37041,37262,37483,37704,37925,38146,38367,38588,38809,39030,39251,39472,39693,39914,40135,40356,40577,40798,41019,41240,41461,41682,41903,42124,42345,42566,42787,43008,43229,43450,43671,43892,44113,44334,44555,44776,44997,45218,45439,45660,45881,46102,46323,46544,46765,46986,47207,47428,47649,47870,48091,48312,48533,48754
135,356,577,798,1019,1240,1461,1682,1903,2124,2345,2566,2787,3008,3229,3450,3671,3892,4113,4334,4555,4776,4997,5218,5439,5660,5881,6102,6323,6544,6765,6986,7207,7428,7649,7870,8091,8312,8533,8754,8975,9196,9417,9638,9859,10080,10301,10522,10743,10964,11185,11406,11627,11848,12069,12290,12511,12732,12953,13174,13395,13616,13837,14058,14279,14500,14721,14942,15163,15384,15605,15826,16047,16268,16489,16710,16931,17152,17373,17594,17815,18036,18257,18478,18699,18920,19006,19141,19362,19583,19804,20025,20246,20467,20688,20909,21130,21351,21572,21793,22014,22235,22456,22677,22898,23119,23340,23561,23782,24003,24224,24445,24666,24887,25108,25329,25550,25771,25992,26213,26434,26655,26876,27097,27318,27539,27760,27981,28202,28423,28644,28865,29086,29307,29528,29749,29970,30191,30412,30633,30854,31075,31296,31517,31738,31959,32180,32401,32622,32843,33064,33285,33506,33727,33948,34169,34390,34611,34832,35053,35274,35495,35716,35937,36158,36379,36600,36821,37042,37263,37484,37705,37926,38147,38368,38589,38810,39031,39252,39473,39694,39915,40136,40357,40578,40799,41020,41241,41462,41683,41904,42125,42346,42567,42788,43009,43230,43451,43672,43893,44114,44335,44556,44777,44998,45219,45440,45661,45882,46103,46324,46545,46766,46987,47208,47429,47650,47871,48092,48313,48534,48755
136,357,578,799,1020,1241,1462,1683,1904,2125,2346,2567,2788,3009,3230,3451,3672,3893,4114,4335,4556,4777,4998,5219,5440,5661,5882,6103,6324,6545,6766,6987,7208,7429,7650,7871,8092,8313,8534,8755,8976,9197,9418,9639,9860,10081,10302,10523,10744,10965,11186,11407,11628,11849,12070,12291,12512,12733,12954,13175,13396,13617,13838,14059,14280,14501,14722,14943,15164,15385,15606,15827,16048,16269,16490,16711,16932,17153,17374,17595,17816,18037,18258,18479,18700,18785,18921,19142,19363,19584,19805,20026,20247,20468,20689,20910,21131,21352,21573,21794,22015,22236,22457,22678,22899,23120,23341,23562,23783,24004,24225,24446,24667,24888,25109,25330,25551,25772,25993,26214,26435,26656,26877,27098,27319,27540,27761,27982,28203,28424,28645,28866,29087,29308,29529,29750,29971,30192,30413,30634,30855,31076,31297,31518,31739,31960,32181,32402,32623,32844,33065,33286,33507,33728,33949,34170,34391,34612,34833,35054,35275,35496,35717,35938,36159,36380,36601,36822,37043,37264,37485,37706,37927,38148,38369,38590,38811,39032,39253,39474,39695,39916,40137,40358,40579,40800,41021,41242,41463,41684,41905,42126,42347,42568,42789,43010,43231,43452,43673,43894,44115,44336,44557,44778,44999,45220,45441,45662,45883,46104,46325,46546,46767,46988,47209,47430,47651,47872,48093,48314,48535,48756
137,358,579,800,1021,1242,1463,1684,1905,2126,2347,2568,2789,3010,3231,3452,3673,3894,4115,4336,4557,4778,4999,5220,5441,5662,5883,6104,6325,6546,6767,6988,7209,7430,7651,7872,8093,8314,8535,8756,8977,9198,9419,9640,9861,10082,10303,10524,10745,10966,11187,11408,11629,11850,12071,12292,12513,12734,12955,13176,13397,13618,13839,14060,14281,14502,14723,14944,15165,15386,15607,15828,16049,16270,16491,16712,16933,17154,17375,17596,17817,18038,18259,18480,18564,18701,18922,19143,19364,19585,19806,20027,20248,20469,20690,20911,21132,21353,21574,21795,22016,22237,22458,22679,22900,23121,23342,23563,23784,24005,24226,24447,24668,24889,25110,25331,25552,25773,25994,26215,26436,26657,26878,27099,27320,27541,27762,27983,28204,28425,28646,28867,29088,29309,29530,29751,29972,30193,30414,30635,30856,31077,31298,31519,31740,31961,32182,32403,32624,32845,33066,33287,33508,33729,33950,34171,34392,34613,34834,35055,35276,35497,35718,35939,36160,36381,36602,36823,37044,37265,37486,37707,37928,38149,38370,38591,38812,39033,39254,39475,39696,39917,40138,40359,40580,40801,41022,41243,41464,41685,41906,42127,42348,42569,42790,43011,43232,43453,43674,43895,44116,44337,44558,44779,45000,45221,45442,45663,45884,46105,46326,46547,46768,46989,47210,47431,47652,47873,48094,48315,48536,48757
138,359,580,801,1022,1243,1464,1685,1906,2127,2348,2569,2790,3011,3232,3453,3674,3895,4116,4337,4558,4779,5000,5221,5442,5663,5884,6105,6326,6547,6768,6989,7210,7431,7652,7873,8094,8315,8536,8757,8978,9199,9420,9641,9862,10083,10304,10525,10746,10967,11188,11409,11630,11851,12072,12293,12514,12735,12956,13177,13398,13619,13840,14061,14282,14503,14724,14945,15166,15387,15608,15829,16050,16271,16492,16713,16934,17155,17376,17597,17818,18039,18260,18343,18481,18702,18923,19144,19365,19586,19807,20028,20249,20470,20691,20912,21133,21354,21575,21796,22017,22238,22459,22680,22901,23122,23343,23564,23785,24006,24227,24448,24669,24890,25111,25332,25553,25774,25995,26216,26437,26658,26879,27100,27321,27542,27763,27984,28205,28426,28647,28868,29089,29310,29531,29752,29973,30194,30415,30636,30857,31078,31299,31520,31741,31962,32183,32404,32625,32846,33067,33288,33509,33730,33951,34172,34393,34614,34835,35056,35277,35498,35719,35940,36161,36382,36603,36824,37045,37266,37487,37708,37929,38150,38371,38592,38813,39034,39255,39476,39697,39918,40139,40360,40581,40802,41023,41244,41465,41686,41907,42128,42349,42570,42791,43012,43233,43454,43675,43896,44117,44338,44559,44780,45001,45222,45443,45664,45885,46106,46327,46548,46769,46990,47211,47432,47653,47874,48095,48316,48537,48758
139,360,581,802,1023,1244,1465,1686,1907,2128,2349,2570,2791,3012,3233,3454,3675,3896,4117,4338,4559,4780,5001,5222,5443,5664,5885,6106,6327,6548,6769,6990,7211,7432,7653,7874,8095,8316,8537,8758,8979,9200,9421,9642,9863,10084,10305,10526,10747,10968,11189,11410,11631,11852,12073,12294,12515,12736,12957,13178,13399,13620,13841,14062,14283,14504,14725,14946,15167,15388,15609,15830,16051,16272,16493,16714,16935,17156,17377,17598,17819,18040,18122,18261,18482,18703,18924,19145,19366,19587,19808,20029,20250,20471,20692,20913,21134,21355,21576,21797,22018,22239,22460,22681,22902,23123,23344,23565,23786,24007,24228,24449,24670,24891,25112,25333,25554,25775,25996,26217,26438,26659,26880,27101,27322,27543,27764,27985,28206,28427,28648,28869,29090,29311,29532,29753,29974,30195,30416,30637,30858,31079,31300,31521,31742,31963,32184,32405,32626,32847,33068,33289,33510,33731,33952,34173,34394,34615,34836,35057,35278,35499,35720,35941,36162,36383,36604,36825,37046,37267,37488,37709,37930,38151,38372,38593,38814,39035,39256,39477,39698,39919,40140,40361,40582,40803,41024,41245,41466,41687,41908,42129,42350,42571,42792,43013,43234,43455,43676,43897,44118,44339,44560,44781,45002,45223,45444,45665,45886,46107,46328,46549,46770,46991,47212,47433,47654,47875,48096,48317,48538,48759
140,361,582,803,1024,1245,1466,1687,1908,2129,2350,2571,2792,3013,3234,3455,3676,3897,4118,4339,4560,4781,5002,5223,5444,5665,5886,6107,6328,6549,6770,6991,7212,7433,7654,7875,8096,8317,8538,8759,8980,9201,9422,9643,9864,10085,10306,10527,10748,10969,11190,11411,11632,11853,12074,12295,12516,12737,12958,13179,13400,13621,13842,14063,14284,14505,14726,14947,15168,15389,15610,15831,16052,16273,16494,16715,16936,17157,17378,17599,17820,17901,18041,18262,18483,18704,18925,19146,19367,19588,19809,20030,20251,20472,20693,20914,21135,21356,21577,21798,22019,22240,22461,22682,22903,23124,23345,23566,23787,24008,24229,24450,24671,24892,25113,25334,25555,25776,25997,26218,26439,26660,26881,27102,27323,27544,27765,27986,28207,28428,28649,28870,29091,29312,29533,29754,29975,30196,30417,30638,30859,31080,31301,31522,31743,31964,32185,32406,32627,32848,33069,33290,33511,33732,33953,34174,34395,34616,34837,35058,35279,35500,35721,35942,36163,36384,36605,36826,37047,37268,37489,37710,37931,38152,38373,38594,38815,39036,39257,39478,39699,39920,40141,40362,40583,40804,41025,41246,41467,41688,41909,42130,42351,42572,42793,43014,43235,43456,43677,43898,44119,44340,44561,44782,45003,45224,45445,45666,45887,46108,46329,46550,46771,46992,47213,47434,47655,47876,48097,48318,48539,48760
141,362,583,804,1025,1246,1467,1688,1909,2130,2351,2572,2793,3014,3235,3456,3677,3898,4119,4340,4561,4782,5003,5224,5445,5666,5887,6108,6329,6550,6771,6992,7213,7434,7655,7876,8097,8318,8539,8760,8981,9202,9423,9644,9865,10086,10307,10528,10749,10970,11191,11412,11633,11854,12075,12296,12517,12738,12959,13180,13401,13622,13843,14064,14285,14506,14727,14948,15169,15390,15611,15832,16053,16274,16495,16716,16937,17158,17379,17600,17680,17821,18042,18263,18484,18705,18926,19147,19368,19589,19810,20031,20252,20473,20694,20915,21136,21357,21578,21799,22020,22241,22462,22683,22904,23125,23346,23567,23788,24009,24230,24451,24672,24893,25114,25335,25556,25777,25998,26219,26440,26661,26882,27103,27324,27545,27766,27987,28208,28429,28650,28871,29092,29313,29534,29755,29976,30197,30418,30639,30860,31081,31302,31523,31744,31965,32186,32407,32628,32849,33070,33291,33512,33733,33954,34175,34396,34617,34838,35059,35280,35501,35722,35943,36164,36385,36606,36827,37048,37269,37490,37711,37932,38153,38374,38595,38816,39037,39258,39479,39700,39921,40142,40363,40584,40805,41026,41247,41468,41689,41910,42131,42352,42573,42794,43015,43236,43457,43678,43899,44120,44341,44562,44783,45004,45225,45446,45667,45888,46109,46330,46551,46772,46993,47214,47435,47656,47877,48098,48319,48540,48761
142,363,584,805,1026,1247,1468,1689,1910,2131,2352,2573,2794,3015,3236,3457,3678,3899,4120,4341,4562,4783,5004,5225,5446,5667,5888,6109,6330,6551,6772,6993,7214,7435,7656,7877,8098,8319,8540,8761,8982,9203,9424,9645,9866,10087,10308,10529,10750,10971,11192,11413,11634,11855,12076,12297,12518,12739,12960,13181,13402,13623,13844,14065,14286,14507,14728,14949,15170,15391,15612,15833,16054,16275,16496,16717,16938,17159,17380,17459,17601,17822,18043,18264,18485,18706,18927,19148,19369,19590,19811,20032,20253,20474,20695,20916,21137,21358,21579,21800,22021,22242,22463,22684,22905,23126,23347,23568,23789,24010,24231,24452,24673,24894,25115,25336,25557,25778,25999,26220,26441,26662,26883,27104,27325,27546,27767,27988,28209,28430,28651,28872,29093,29314,29535,29756,29977,30198,30419,30640,30861,31082,31303,31524,31745,31966,32187,32408,32629,32850,33071,33292,33513,33734,33955,34176,34397,34618,34839,35060,35281,35502,35723,35944,36165,36386,36607,36828,37049,37270,37491,37712,37933,38154,38375,38596,38817,39038,39259,39480,39701,39922,40143,40364,40585,40806,41027,41248,41469,41690,41911,42132,42353,42574,42795,43016,43237,43458,43679,43900,44121,44342,44563,44784,45005,45226,45447,45668,45889,46110,46331,46552,46773,46994,47215,47436,47657,47878,48099,48320,48541,48762
143,364,585,806,1027,1248,1469,1690,1911,2132,2353,2574,2795,3016,3237,3458,3679,3900,4121,4342,4563,4784,5005,5226,5447,5668,5889,6110,6331,6552,6773,6994,7215,7436,7657,7878,8099,8320,8541,8762,8983,9204,9425,9646,9867,10088,10309,10530,10751,10972,11193,11414,11635,11856,12077,12298,12519,12740,12961,13182,13403,13624,13845,14066,14287,14508,14729,14950,15171,15392,15613,15834,16055,16276,16497,16718,16939,17160,17238,17381,17602,17823,18044,18265,18486,18707,18928,19149,19370,19591,19812,20033,20254,20475,20696,20917,21138,21359,21580,21801,22022,22243,22464,22685,22906,23127,23348,23569,23790,24011,24232,24453,24674,24895,25116,25337,25558,25779,26000,26221,26442,26663,26884,27105,27326,27547,27768,27989,28210,28431,28652,28873,29094,29315,29536,29757,29978,30199,30420,30641,30862,31083,31304,31525,31746,31967,32188,32409,32630,32851,33072,33293,33514,33735,33956,34177,34398,34619,34840,35061,35282,35503,35724,35945,36166,36387,36608,36829,37050,37271,37492,37713,37934,38155,38376,38597,38818,39039,39260,39481,39702,39923,40144,40365,40586,40807,41028,41249,41470,41691,41912,42133,42354,42575,42796,43017,43238,43459,43680,43901,44122,44343,44564,44785,45006,45227,45448,45669,45890,46111,46332,46553,46774,46995,47216,47437,47658,47879,48100,48321,48542,48763
144,365,586,807,1028,1249,1470,1691,1912,2133,2354,2575,2796,3017,3238,3459,3680,3901,4122,4343,4564,4785,5006,5227,5448,5669,5890,6111,6332,6553,6774,6995,7216,7437,7658,7879,8100,8321,8542,8763,8984,9205,9426,9647,9868,10089,10310,10531,10752,10973,11194,11415,11636,11857,12078,12299,12520,12741,12962,13183,13404,13625,13846,14067,14288,14509,14730,14951,15172,15393,15614,15835,16056,16277,16498,16719,16940,17017,17161,17382,17603,17824,18045,18266,18487,18708,18929,19150,19371,19592,19813,20034,20255,20476,20697,20918,21139,21360,21581,21802,22023,22244,22465,22686,22907,23128,23349,23570,23791,24012,24233,24454,24675,24896,25117,25338,25559,25780,26001,26222,26443,26664,26885,27106,27327,27548,27769,27990,28211,28432,28653,28874,29095,29316,29537,29758,29979,30200,30421,30642,30863,31084,31305,31526,31747,31968,32189,32410,32631,32852,33073,33294,33515,33736,33957,34178,34399,34620,34841,35062,35283,35504,35725,35946,36167,36388,36609,36830,37051,37272,37493,37714,37935,38156,38377,38598,38819,39040,39261,39482,39703,39924,40145,40366,40587,40808,41029,41250,41471,41692,41913,42134,42355,42576,42797,43018,43239,43460,43681,43902,44123,44344,44565,44786,45007,45228,45449,45670,45891,46112,46333,46554,46775,46996,47217,47438,47659,47880,48101,48322,48543,48764
145,366,587,808,1029,1250,1471,1692,1913,2134,2355,2576,2797,3018,3239,3460,3681,3902,4123,4344,4565,4786,5007,5228,5449,5670,5891,6112,6333,6554,6775,6996,7217,7438,7659,7880,8101,8322,8543,8764,8985,9206,9427,9648,9869,10090,10311,10532,10753,10974,11195,11416,11637,11858,12079,12300,12521,12742,12963,13184,13405,13626,13847,14068,14289,14510,14731,14952,15173,15394,15615,15836,16057,16278,16499,16720,16796,16941,17162,17383,17604,17825,18046,18267,18488,18709,18930,19151,19372,19593,19814,20035,20256,20477,20698,20919,21140,21361,21582,21803,22024,22245,22466,22687,22908,23129,23350,23571,23792,24013,24234,24455,24676,24897,25118,25339,25560,25781,26002,26223,26444,26665,26886,27107,27328,27549,27770,27991,28212,28433,28654,28875,29096,29317,29538,29759,29980,30201,30422,30643,30864,31085,31306,31527,31748,31969,32190,32411,32632,32853,33074,33295,33516,33737,33958,34179,34400,34621,34842,35063,35284,35505,35726,35947,36168,36389,36610,36831,37052,37273,37494,37715,37936,38157,38378,38599,38820,39041,39262,39483,39704,39925,40146,40367,40588,40809,41030,41251,41472,41693,41914,42135,42356,42577,42798,43019,43240,43461,43682,43903,44124,44345,44566,44787,45008,45229,45450,45671,45892,46113,46334,46555,46776,46997,47218,47439,47660,47881,48102,48323,48544,48765
146,367,588,809,1030,1251,1472,1693,1914,2135,2356,2577,2798,3019,3240,3461,3682,3903,4124,4345,4566,4787,5008,5229,5450,5671,5892,6113,6334,6555,6776,6997,7218,7439,7660,7881,8102,8323,8544,8765,8986,9207,9428,9649,9870,10091,10312,10533,10754,10975,11196,11417,11638,11859,12080,12301,12522,12743,12964,13185,13406,13627,13848,14069,14290,14511,14732,14953,15174,15395,15616,15837,16058,16279,16500,16575,16721,16942,17163,17384,17605,17826,18047,18268,18489,18710,18931,19152,19373,19594,19815,20036,20257,20478,20699,20920,21141,21362,21583,21804,22025,22246,22467,22688,22909,23130,23351,23572,23793,24014,24235,24456,24677,24898,25119,25340,25561,25782,26003,26224,26445,26666,26887,27108,27329,27550,27771,27992,28213,28434,28655,28876,29097,29318,29539,29760,29981,30202,30423,30644,30865,31086,31307,31528,31749,31970,32191,32412,32633,32854,33075,33296,33517,33738,33959,34180,34401,34622,34843,35064,35285,35506,35727,35948,36169,36390,36611,36832,37053,37274,37495,37716,37937,38158,38379,38600,38821,39042,39263,39484,39705,39926,40147,40368,40589,40810,41031,41252,41473,41694,41915,42136,42357,42578,42799,43020,43241,43462,43683,43904,44125,44346,44567,44788,45009,45230,45451,45672,45893,46114,46335,46556,46777,46998,47219,47440,47661,47882,48103,48324,48545,48766
147,368,589,810,1031,1252,1473,1694,1915,2136,2357,2578,2799,3020,3241,3462,3683,3904,4125,4346,4567,4788,5009,5230,5451,5672,5893,6114,6335,6556,6777,6998,7219,7440,7661,7882,8103,8324,8545,8766,8987,9208,9429,9650,9871,10092,10313,10534,10755,10976,11197,11418,11639,11860,12081,12302,12523,12744,12965,13186,13407,13628,13849,14070,14291,14512,14733,14954,15175,15396,15617,15838,16059,16280,16354,16501,16722,16943,17164,17385,17606,17827,18048,18269,18490,18711,18932,19153,19374,19595,19816,20037,20258,20479,20700,20921,21142,21363,21584,21805,22026,22247,22468,22689,22910,23131,23352,23573,23794,24015,24236,24457,24678,24899,25120,25341,25562,25783,26004,26225,26446,26667,26888,27109,27330,27551,27772,27993,28214,28435,28656,28877,29098,29319,29540,29761,29982,30203,30424,30645,30866,31087,31308,31529,31750,31971,32192,32413,32634,32855,33076,33297,33518,33739,33960,34181,34402,34623,34844,35065,35286,35507,35728,35949,36170,36391,36612,36833,37054,37275,37496,37717,37938,38159,38380,38601,38822,39043,39264,39485,39706,39927,40148,40369,40590,40811,41032,41253,41474,41695,41916,42137,42358,42579,42800,43021,43242,43463,43684,43905,44126,44347,44568,44789,45010,45231,45452,45673,45894,46115,46336,46557,46778,46999,47220,47441,47662,47883,48104,48325,48546,48767
148,369,590,811,1032,1253,1474,1695,1916,2137,2358,2579,2800,3021,3242,3463,3684,3905,4126,4347,4568,4789,5010,5231,5452,5673,5894,6115,6336,6557,6778,6999,7220,7441,7662,7883,8104,8325,8546,8767,8988,9209,9430,9651,9872,10093,10314,10535,10756,10977,11198,11419,11640,11861,12082,12303,12524,12745,12966,13187,13408,13629,13850,14071,14292,14513,14734,14955,15176,15397,15618,15839,16060,16133,16281,16502,16723,16944,17165,17386,17607,17828,18049,18270,18491,18712,18933,19154,19375,19596,19817,20038,20259,20480,20701,20922,21143,21364,21585,21806,22027,22248,22469,22690,22911,23132,23353,23574,23795,24016,24237,24458,24679,24900,25121,25342,25563,25784,26005,26226,26447,26668,26889,27110,27331,27552,27773,27994,28215,28436,28657,28878,29099,29320,29541,29762,29983,30204,30425,30646,30867,31088,31309,31530,31751,31972,32193,32414,32635,32856,33077,33298,33519,33740,33961,34182,34403,34624,34845,35066,35287,35508,35729,35950,36171,36392,36613,36834,37055,37276,37497,37718,37939,38160,38381,38602,38823,39044,39265,39486,39707,39928,40149,40370,40591,40812,41033,41254,41475,41696,41917,42138,42359,42580,42801,43022,43243,43464,43685,43906,44127,44348,44569,44790,45011,45232,45453,45674,45895,46116,46337,46558,46779,47000,47221,47442,47663,47884,48105,48326,48547,48768
149,370,591,812,1033,1254,1475,1696,1917,2138,2359,2580,2801,3022,3243,3464,3685,3906,4127,4348,4569,4790,5011,5232,5453,5674,5895,6116,6337,6558,6779,7000,7221,7442,7663,7884,8105,8326,8547,8768,8989,9210,9431,9652,9873,10094,10315,10536,10757,10978,11199,11420,11641,11862,12083,12304,12525,12746,12967,13188,13409,13630,13851,14072,14293,14514,14735,14956,15177,15398,15619,15840,15912,16061,16282,16503,16724,16945,17166,17387,17608,17829,18050,18271,18492,18713,18934,19155,19376,19597,19818,20039,20260,20481,20702,20923,21144,21365,21586,21807,22028,22249,22470,22691,22912,23133,23354,23575,23796,24017,24238,24459,24680,24901,25122,25343,25564,25785,26006,26227,26448,26669,26890,27111,27332,27553,27774,27995,28216,28437,28658,28879,29100,29321,29542,29763,29984,30205,30426,30647,30868,31089,31310,31531,31752,31973,32194,32415,32636,32857,33078,33299,33520,33741,33962,34183,34404,34625,34846,35067,35288,35509,35730,35951,36172,36393,36614,36835,37056,37277,37498,37719,37940,38161,38382,38603,38824,39045,39266,39487,39708,39929,40150,40371,40592,40813,41034,41255,41476,41697,41918,42139,42360,42581,42802,43023,43244,43465,43686,43907,44128,44349,44570,44791,45012,45233,45454,45675,45896,46117,46338,46559,46780,47001,47222,47443,47664,47885,48106,48327,48548,48769
150,371,592,813,1034,1255,1476,1697,1918,2139,2360,2581,2802,3023,3244,3465,3686,3907,4128,4349,4570,4791,5012,5233,5454,5675,5896,6117,6338,6559,6780,7001,7222,7443,7664,7885,8106,8327,8548,8769,8990,9211,9432,9653,9874,10095,10316,10537,10758,10979,11200,11421,11642,11863,12084,12305,12526,12747,12968,13189,13410,13631,13852,14073,14294,14515,14736,14957,15178,15399,15620,15691,15841,16062,16283,16504,16725,16946,17167,17388,17609,17830,18051,18272,18493,18714,18935,19156,19377,19598,19819,20040,20261,20482,20703,20924,21145,21366,21587,21808,22029,22250,22471,22692,22913,23134,23355,23576,23797,24018,24239,24460,24681,24902,25123,25344,25565,25786,26007,26228,26449,26670,26891,27112,27333,27554,27775,27996,28217,28438,28659,28880,29101,29322,29543,29764,29985,30206,30427,30648,30869,31090,31311,31532,31753,31974,32195,32416,32637,32858,33079,33300,33521,33742,33963,34184,34405,34626,34847,35068,35289,35510,35731,35952,36173,36394,36615,36836,37057,37278,37499,37720,37941,38162,38383,38604,38825,39046,39267,39488,39709,39930,40151,40372,40593,40814,41035,41256,41477,41698,41919,42140,42361,42582,42803,43024,43245,43466,43687,43908,44129,44350,44571,44792,45013,45234,45455,45676,45897,46118,46339,46560,46781,47002,47223,47444,47665,47886,48107,48328,48549,48770
151,372,593,814,1035,1256,1477,1698,1919,2140,2361,2582,2803,3024,3245,3466,3687,3908,4129,4350,4571,4792,5013,5234,5455,5676,5897,6118,6339,6560,6781,7002,7223,7444,7665,7886,8107,8328,8549,8770,8991,9212,9433,9654,9875,10096,10317,10538,10759,10980,11201,11422,11643,11864,12085,12306,12527,12748,12969,13190,13411,13632,13853,14074,14295,14516,14737,14958,15179,15400,15470,15621,15842,16063,16284,16505,16726,16947,17168,17389,17610,17831,18052,18273,18494,18715,18936,19157,19378,19599,19820,20041,20262,20483,20704,20925,21146,21367,21588,21809,22030,22251,22472,22693,22914,23135,23356,23577,23798,24019,24240,24461,24682,24903,25124,25345,25566,25787,26008,26229,26450,26671,26892,27113,27334,27555,27776,27997,28218,28439,28660,28881,29102,29323,29544,29765,29986,30207,30428,30649,30870,31091,31312,31533,31754,31975,32196,32417,32638,32859,33080,33301,33522,33743,33964,34185,34406,34627,34848,35069,35290,35511,35732,35953,36174,36395,36616,36837,37058,37279,37500,37721,37942,38163,38384,38605,38826,39047,39268,39489,39710,39931,40152,40373,40594,40815,41036,41257,41478,41699,41920,42141,42362,42583,42804,43025,43246,43467,43688,43909,44130,44351,44572,44793,45014,45235,45456,45677,45898,46119,46340,46561,46782,47003,47224,47445,47666,47887,48108,48329,48550,48771
152,373,594,815,1036,1257,1478,1699,1920,2141,2362,2583,2804,3025,3246,3467,3688,3909,4130,4351,4572,4793,5014,5235,5456,5677,5898,6119,6340,6561,6782,7003,7224,7445,7666,7887,8108,8329,8550,8771,8992,9213,9434,9655,9876,10097,10318,10539,10760,10981,11202,11423,11644,11865,12086,12307,12528,12749,12970,13191,13412,13633,13854,14075,14296,14517,14738,14959,15180,15249,15401,15622,15843,16064,16285,16506,16727,16948,17169,17390,17611,17832,18053,18274,18495,18716,18937,19158,19379,19600,19821,20042,20263,20484,20705,20926,21147,21368,21589,21810,22031,22252,22473,22694,22915,23136,23357,23578,23799,24020,24241,24462,24683,24904,25125,25346,25567,25788,26009,26230,26451,26672,26893,27114,27335,27556,27777,27998,28219,28440,28661,28882,29103,29324,29545,29766,29987,30208,30429,30650,30871,31092,31313,31534,31755,31976,32197,32418,32639,32860,33081,33302,33523,33744,33965,34186,34407,34628,34849,35070,35291,35512,35733,35954,36175,36396,36617,36838,37059,37280,37501,37722,37943,38164,38385,38606,38827,39048,39269,39490,39711,39932,40153,40374,40595,40816,41037,41258,41479,41700,41921,42142,42363,42584,42805,43026,43247,43468,43689,43910,44131,44352,44573,44794,45015,45236,45457,45678,45899,46120,46341,46562,46783,47004,47225,47446,47667,47888,48109,48330,48551,48772
153,374,595,816,1037,1258,1479,1700,1921,2142,2363,2584,2805,3026,3247,3468,3689,3910,4131,4352,4573,4794,5015,5236,5457,5678,5899,6120,6341,6562,6783,7004,7225,7446,7667,7888,8109,8330,8551,8772,8993,9214,9435,9656,9877,10098,10319,10540,10761,10982,11203,11424,11645,11866,12087,12308,12529,12750,12971,13192,13413,13634,13855,14076,14297,14518,14739,14960,15028,15181,15402,15623,15844,16065,16286,16507,16728,16949,17170,17391,17612,17833,18054,18275,18496,18717,18938,19159,19380,19601,19822,20043,20264,20485,20706,20927,21148,21369,21590,21811,22032,22253,22474,22695,22916,23137,23358,23579,23800,24021,24242,24463,24684,24905,25126,25347,25568,25789,26010,26231,26452,26673,26894,27115,27336,27557,27778,27999,28220,28441,28662,28883,29104,29325,29546,29767,29988,30209,30430,30651,30872,31093,31314,31535,31756,31977,32198,32419,32640,32861,33082,33303,33524,33745,33966,34187,34408,34629,34850,35071,35292,35513,35734,35955,36176,36397,36618,36839,37060,37281,37502,37723,37944,38165,38386,38607,38828,39049,39270,39491,39712,39933,40154,40375,40596,40817,41038,41259,41480,41701,41922,42143,42364,42585,42806,43027,43248,43469,43690,43911,44132,44353,44574,44795,45016,45237,45458,45679,45900,46121,46342,46563,46784,47005,47226,47447,47668,47889,48110,48331,48552,48773
154,375,596,817,1038,1259,1480,1701,1922,2143,2364,2585,2806,3027,3248,3469,3690,3911,4132,4353,4574,4795,5016,5237,5458,5679,5900,6121,6342,6563,6784,7005,7226,7447,7668,7889,8110,8331,8552,8773,8994,9215,9436,9657,9878,10099,10320,10541,10762,10983,11204,11425,11646,11867,12088,12309,12530,12751,12972,13193,13414,13635,13856,14077,14298,14519,14740,14807,14961,15182,15403,15624,15845,16066,16287,16508,16729,16950,17171,17392,17613,17834,18055,18276,18497,18718,18939,19160,19381,19602,19823,20044,20265,20486,20707,20928,21149,21370,21591,21812,22033,22254,22475,22696,22917,23138,23359,23580,23801,24022,24243,24464,24685,24906,25127,25348,25569,25790,26011,26232,26453,26674,26895,27116,27337,27558,27779,28000,28221,28442,28663,28884,29105,29326,29547,29768,29989,30210,30431,30652,30873,31094,31315,31536,31757,31978,32199,32420,32641,32862,33083,33304,33525,33746,33967,34188,34409,34630,34851,35072,35293,35514,35735,35956,36177,36398,36619,36840,37061,37282,37503,37724,37945,38166,38387,38608,38829,39050,39271,39492,39713,39934,40155,40376,40597,40818,41039,41260,41481,41702,41923,42144,42365,42586,42807,43028,43249,43470,43691,43912,44133,44354,44575,44796,45017,45238,45459,45680,45901,46122,46343,46564,46785,47006,47227,47448,47669,47890,48111,48332,48553,48774
155,376,597,818,1039,1260,1481,1702,1923,2144,2365,2586,2807,3028,3249,3470,3691,3912,4133,4354,4575,4796,5017,5238,5459,5680,5901,6122,6343,6564,6785,7006,7227,7448,7669,7890,8111,8332,8553,8774,8995,9216,9437,9658,9879,10100,10321,10542,10763,10984,11205,11426,11647,11868,12089,12310,12531,12752,12973,13194,13415,13636,13857,14078,14299,14520,14586,14741,14962,15183,15404,15625,15846,16067,16288,16509,16730,16951,17172,17393,17614,17835,18056,18277,18498,18719,18940,19161,19382,19603,19824,20045,20266,20487,20708,20929,21150,21371,21592,21813,22034,22255,22476,22697,22918,23139,23360,23581,23802,24023,24244,24465,24686,24907,25128,25349,25570,25791,26012,26233,26454,26675,26896,27117,27338,27559,27780,28001,28222,28443,28664,28885,29106,29327,29548,29769,29990,30211,30432,30653,30874,31095,31316,31537,31758,31979,32200,32421,32642,32863,33084,33305,33526,33747,33968,34189,34410,34631,34852,35073,35294,35515,35736,35957,36178,36399,36620,36841,37062,37283,37504,37725,37946,38167,38388,38609,38830,39051,39272,39493,39714,39935,40156,40377,40598,40819,41040,41261,41482,41703,41924,42145,42366,42587,42808,43029,43250,43471,43692,43913,44134,44355,44576,44797,45018,45239,45460,45681,45902,46123,46344,46565,46786,47007,47228,47449,47670,47891,48112,48333,48554,48775
156,377,598,819,1040,1261,1482,1703,1924,2145,2366,2587,2808,3029,3250,3471,3692,3913,4134,4355,4576,4797,5018,5239,5460,5681,5902,6123,6344,6565,6786,7007,7228,7449,7670,7891,8112,8333,8554,8775,8996,9217,9438,9659,9880,10101,10322,10543,10764,10985,11206,11427,11648,11869,12090,12311,12532,12753,12974,13195,13416,13637,13858,14079,14300,14365,14521,14742,14963,15184,15405,15626,15847,16068,16289,16510,16731,16952,17173,17394,17615,17836,18057,18278,18499,18720,18941,19162,19383,19604,19825,20046,20267,20488,20709,20930,21151,21372,21593,21814,22035,22256,22477,22698,22919,23140,23361,23582,23803,24024,24245,24466,24687,24908,25129,25350,25571,25792,26013,26234,26455,26676,26897,27118,27339,27560,27781,28002,28223,28444,28665,28886,29107,29328,29549,29770,29991,30212,30433,30654,30875,31096,31317,31538,31759,31980,32201,32422,32643,32864,33085,33306,33527,33748,33969,34190,34411,34632,34853,35074,35295,35516,35737,35958,36179,36400,36621,36842,37063,37284,37505,37726,37947,38168,38389,38610,38831,39052,39273,39494,39715,39936,40157,40378,40599,40820,41041,41262,41483,41704,41925,42146,42367,42588,42809,43030,43251,43472,43693,43914,44135,44356,44577,44798,45019,45240,45461,45682,45903,46124,46345,46566,46787,47008,47229,47450,47671,47892,48113,48334,48555,48776
157,378,599,820,1041,1262,1483,1704,1925,2146,2367,2588,2809,3030,3251,3472,3693,3914,4135,4356,4577,4798,5019,5240,5461,5682,5903,6124,6345,6566,6787,7008,7229,7450,7671,7892,8113,8334,8555,8776,8997,9218,9439,9660,9881,10102,10323,10544,10765,10986,11207,11428,11649,11870,12091,12312,12533,12754,12975,13196,13417,13638,13859,14080,14144,14301,14522,14743,14964,15185,15406,15627,15848,16069,16290,16511,16732,16953,17174,17395,17616,17837,18058,18279,18500,18721,18942,19163,19384,19605,19826,20047,20268,20489,20710,20931,21152,21373,21594,21815,22036,22257,22478,22699,22920,23141,23362,23583,23804,24025,24246,24467,24688,24909,25130,25351,25572,25793,26014,26235,26456,26677,26898,27119,27340,27561,27782,28003,28224,28445,28666,28887,29108,29329,29550,29771,29992,30213,30434,30655,30876,31097,31318,31539,31760,31981,32202,32423,32644,32865,33086,33307,33528,33749,33970,34191,34412,34633,34854,35075,35296,35517,35738,35959,36180,36401,36622,36843,37064,37285,37506,37727,37948,38169,38390,38611,38832,39053,39274,39495,39716,39937,40158,40379,40600,40821,41042,41263,41484,41705,41926,42147,42368,42589,42810,43031,43252,43473,43694,43915,44136,44357,44578,44799,45020,45241,45462,45683,45904,46125,46346,46567,46788,47009,47230,47451,47672,47893,48114,48335,48556,48777
158,379,600,821,1042,1263,1484,1705,1926,2147,2368,2589,2810,3031,3252,3473,3694,3915,4136,4357,4578,4799,5020,5241,5462,5683,5904,6125,6346,6567,6788,7009,7230,7451,7672,7893,8114,8335,8556,8777,8998,9219,9440,9661,9882,10103,10324,10545,10766,10987,11208,11429,11650,11871,12092,12313,12534,12755,12976,13197,13418,13639,13860,13923,14081,14302,14523,14744,14965,15186,15407,15628,15849,16070,16291,16512,16733,16954,17175,17396,17617,17838,18059,18280,18501,18722,18943,19164,19385,19606,19827,20048,20269,20490,20711,20932,21153,21374,21595,21816,22037,22258,22479,22700,22921,23142,23363,23584,23805,24026,24247,24468,24689,24910,25131,25352,25573,25794,26015,26236,26457,26678,26899,27120,27341,27562,27783,28004,28225,28446,28667,28888,29109,29330,29551,29772,29993,30214,30435,30656,30877,31098,31319,31540,31761,31982,32203,32424,32645,32866,33087,33308,33529,33750,33971,34192,34413,34634,34855,35076,35297,35518,35739,35960,36181,36402,36623,36844,37065,37286,37507,37728,37949,38170,38391,38612,38833,39054,39275,39496,39717,39938,40159,40380,40601,40822,41043,41264,41485,41706,41927,42148,42369,42590,42811,43032,43253,43474,43695,43916,44137,44358,44579,44800,45021,45242,45463,45684,45905,46126,46347,46568,46789,47010,47231,47452,47673,47894,48115,48336,48557,48778
159,380,601,822,1043,1264,1485,1706,1927,2148,2369,2590,2811,3032,3253,3474,3695,3916,4137,4358,4579,4800,5021,5242,5463,5684,5905,6126,6347,6568,6789,7010,7231,7452,7673,7894,8115,8336,8557,8778,8999,9220,9441,9662,9883,10104,10325,10546,10767,10988,11209,11430,11651,11872,12093,12314,12535,12756,12977,13198,13419,13640,13702,13861,14082,14303,14524,14745,14966,15187,15408,15629,15850,16071,16292,16513,16734,16955,17176,17397,17618,17839,18060,18281,18502,18723,18944,19165,19386,19607,19828,20049,20270,20491,20712,20933,21154,21375,21596,21817,22038,22259,22480,22701,22922,23143,23364,23585,23806,24027,24248,24469,24690,24911,25132,25353,25574,25795,26016,26237,26458,26679,26900,27121,27342,27563,27784,28005,28226,28447,28668,28889,29110,29331,29552,29773,29994,30215,30436,30657,30878,31099,31320,31541,31762,31983,32204,32425,32646,32867,33088,33309,33530,33751,33972,34193,34414,34635,34856,35077,35298,35519,35740,35961,36182,36403,36624,36845,37066,37287,37508,37729,37950,38171,38392,38613,38834,39055,39276,39497,39718,39939,40160,40381,40602,40823,41044,41265,41486,41707,41928,42149,42370,42591,42812,43033,43254,43475,43696,43917,44138,44359,44580,44801,45022,45243,45464,45685,45906,46127,46348,46569,46790,47011,47232,47453,47674,47895,48116,48337,48558,48779
160,381,602,823,1044,1265,1486,1707,1928,2149,2370,2591,2812,3033,3254,3475,3696,3917,4138,4359,4580,4801,5022,5243,5464,5685,5906,6127,6348,6569,6790,7011,7232,7453,7674,7895,8116,8337,8558,8779,9000,9221,9442,9663,9884,10105,10326,10547,10768,10989,11210,11431,11652,11873,12094,12315,12536,12757,12978,13199,13420,13481,13641,13862,14083,14304,14525,14746,14967,15188,15409,15630,15851,16072,16293,16514,16735,16956,17177,17398,17619,17840,18061,18282,18503,18724,18945,19166,19387,19608,19829,20050,20271,20492,20713,20934,21155,21376,21597,21818,22039,22260,22481,22702,22923,23144,23365,23586,23807,24028,24249,24470,24691,24912,25133,25354,25575,25796,26017,26238,26459,26680,26901,27122,27343,27564,27785,28006,28227,28448,28669,28890,29111,29332,29553,29774,29995,30216,30437,30658,30879,31100,31321,31542,31763,31984,32205,32426,32647,32868,33089,33310,33531,33752,33973,34194,34415,34636,34857,35078,35299,35520,35741,35962,36183,36404,36625,36846,37067,37288,37509,37730,37951,38172,38393,38614,38835,39056,39277,39498,39719,39940,40161,40382,40603,40824,41045,41266,41487,41708,41929,42150,42371,42592,42813,43034,43255,43476,43697,43918,44139,44360,44581,44802,45023,45244,45465,45686,45907,46128,46349,46570,46791,47012,47233,47454,47675,47896,48117,48338,48559,48780
161,382,603,824,1045,1266,1487,1708,1929,2150,2371,2592,2813,3034,3255,3476,3697,3918,4139,4360,4581,4802,5023,5244,5465,5686,5907,6128,6349,6570,6791,7012,7233,7454,7675,7896,8117,8338,8559,8780,9001,9222,9443,9664,9885,10106,10327,10548,10769,10990,11211,11432,11653,11874,12095,12316,12537,12758,12979,13200,13260,13421,13642,13863,14084,14305,14526,14747,14968,15189,15410,15631,15852,16073,16294,16515,16736,16957,17178,17399,17620,17841,18062,18283,18504,18725,18946,19167,19388,19609,19830,20051,20272,20493,20714,20935,21156,21377,21598,21819,22040,22261,22482,22703,22924,23145,23366,23587,23808,24029,24250,24471,24692,24913,25134,25355,25576,25797,26018,26239,26460,26681,26902,27123,27344,27565,27786,28007,28228,28449,28670,28891,29112,29333,29554,29775,29996,30217,30438,30659,30880,31101,31322,31543,31764,31985,32206,32427,32648,32869,33090,33311,33532,33753,33974,34195,34416,34637,34858,35079,35300,35521,35742,35963,36184,36405,36626,36847,37068,37289,37510,37731,37952,38173,38394,38615,38836,39057,39278,39499,39720,39941,40162,40383,40604,40825,41046,41267,41488,41709,41930,42151,42372,42593,42814,43035,43256,43477,43698,43919,44140,44361,44582,44803,45024,45245,45466,45687,45908,46129,46350,46571,46792,47013,47234,47455,47676,47897,48118,48339,48560,48781
162,383,604,825,1046,1267,1488,1709,1930,2151,2372,2593,2814,3035,3256,3477,3698,3919,4140,4361,4582,4803,5024,5245,5466,5687,5908,6129,6350,6571,6792,7013,7234,7455,7676,7897,8118,8339,8560,8781,9002,9223,9444,9665,9886,10107,10328,10549,10770,10991,11212,11433,11654,11875,12096,12317,12538,12759,12980,13039,13201,13422,13643,13864,14085,14306,14527,14748,14969,15190,15411,15632,15853,16074,16295,16516,16737,16958,17179,17400,17621,17842,18063,18284,18505,18726,18947,19168,19389,19610,19831,20052,20273,20494,20715,20936,21157,21378,21599,21820,22041,22262,22483,22704,22925,23146,23367,23588,23809,24030,24251,24472,24693,24914,25135,25356,25577,25798,26019,26240,26461,26682,26903,27124,27345,27566,27787,28008,28229,28450,28671,28892,29113,29334,29555,29776,29997,30218,30439,30660,30881,31102,31323,31544,31765,31986,32207,32428,32649,32870,33091,33312,33533,33754,33975,34196,34417,34638,34859,35080,35301,35522,35743,35964,36185,36406,36627,36848,37069,37290,37511,37732,37953,38174,38395,38616,38837,39058,39279,39500,39721,39942,40163,40384,40605,40826,41047,41268,41489,41710,41931,42152,42373,42594,42815,43036,43257,43478,43699,43920,44141,44362,44583,44804,45025,45246,45467,45688,45909,46130,46351,46572,46793,47014,47235,47456,47677,47898,48119,48340,48561,48782
163,384,605,826,1047,1268,1489,1710,1931,2152,2373,2594,2815,3036,3257,3478,3699,3920,4141,4362,4583,4804,5025,5246,5467,5688,5909,6130,6351,6572,6793,7014,7235,7456,7677,7898,8119,8340,8561,8782,9003,9224,9445,9666,9887,10108,10329,10550,10771,10992,11213,11434,11655,11876,12097,12318,12539,12760,12818,12981,13202,13423,13644,13865,14086,14307,14528,14749,14970,15191,15412,15633,15854,16075,16296,16517,16738,16959,17180,17401,17622,17843,18064,18285,18506,18727,18948,19169,19390,19611,19832,20053,20274,20495,20716,20937,21158,21379,21600,21821,22042,22263,22484,22705,22926,23147,23368,23589,23810,24031,24252,24473,24694,24915,25136,25357,25578,25799,26020,26241,26462,26683,26904,27125,27346,27567,27788,28009,28230,28451,28672,28893,29114,29335,29556,29777,29998,30219,30440,30661,30882,31103,31324,31545,31766,31987,32208,32429,32650,32871,33092,33313,33534,33755,33976,34197,34418,34639,34860,35081,35302,35523,35744,35965,36186,36407,36628,36849,37070,37291,37512,37733,37954,38175,38396,38617,38838,39059,39280,39501,39722,39943,40164,40385,40606,40827,41048,41269,41490,41711,41932,42153,42374,42595,42816,43037,43258,43479,43700,43921,44142,44363,44584,44805,45026,45247,45468,45689,45910,46131,46352,46573,46794,47015,47236,47457,47678,47899,48120,48341,48562,48783
164,385,606,827,1048,1269,1490,1711,1932,2153,2374,2595,2816,3037,3258,3479,3700,3921,4142,4363,4584,4805,5026,5247,5468,5689,5910,6131,6352,6573,6794,7015,7236,7457,7678,7899,8120,8341,8562,8783,9004,9225,9446,9667,9888,10109,10330,10551,10772,10993,11214,11435,11656,11877,12098,12319,12540,12597,12761,12982,13203,13424,13645,13866,14087,14308,14529,14750,14971,15192,15413,15634,15855,16076,16297,16518,16739,16960,17181,17402,17623,17844,18065,18286,18507,18728,18949,19170,19391,19612,19833,20054,20275,20496,20717,20938,21159,21380,21601,21822,22043,22264,22485,22706,22927,23148,23369,23590,23811,24032,24253,24474,24695,24916,25137,25358,25579,25800,26021,26242,26463,26684,26905,27126,27347,27568,27789,28010,28231,28452,28673,28894,29115,29336,29557,29778,29999,30220,30441,30662,30883,31104,31325,31546,31767,31988,32209,32430,32651,32872,33093,33314,33535,33756,33977,34198,34419,34640,34861,35082,35303,35524,35745,35966,36187,36408,36629,36850,37071,37292,37513,37734,37955,38176,38397,38618,38839,39060,39281,39502,39723,39944,40165,40386,40607,40828,41049,41270,41491,41712,41933,42154,42375,42596,42817,43038,43259,43480,43701,43922,44143,44364,44585,44806,45027,45248,45469,45690,45911,46132,46353,46574,46795,47016,47237,47458,47679,47900,48121,48342,48563,48784
165,386,607,828,1049,1270,1491,1712,1933,2154,2375,2596,2817,3038,3259,3480,3701,3922,4143,4364,4585,4806,5027,5248,5469,5690,5911,6132,6353,6574,6795,7016,7237,7458,7679,7900,8121,8342,8563,8784,9005,9226,9447,9668,9889,10110,10331,10552,10773,10994,11215,11436,11657,11878,12099,12320,12376,12541,12762,12983,13204,13425,13646,13867,14088,14309,14530,14751,14972,15193,15414,15635,15856,16077,16298,16519,16740,16961,17182,17403,17624,17845,18066,18287,18508,18729,18950,19171,19392,19613,19834,20055,20276,20497,20718,20939,21160,21381,21602,21823,22044,22265,22486,22707,22928,23149,23370,23591,23812,24033,24254,24475,24696,24917,25138,25359,25580,25801,26022,26243,26464,26685,26906,27127,27348,27569,27790,28011,28232,28453,28674,28895,29116,29337,29558,29779,30000,30221,30442,30663,30884,31105,31326,31547,31768,31989,32210,32431,32652,32873,33094,33315,33536,33757,33978,34199,34420,34641,34862,35083,35304,35525,35746,35967,36188,36409,36630,36851,37072,37293,37514,37735,37956,38177,38398,38619,38840,39061,39282,39503,39724,39945,40166,40387,40608,40829,41050,41271,41492,41713,41934,42155,42376,42597,42818,43039,43260,43481,43702,43923,44144,44365,44586,44807,45028,45249,45470,45691,45912,46133,46354,46575,46796,47017,47238,47459,47680,47901,48122,48343,48564,48785
166,387,608,829,1050,1271,1492,1713,1934,2155,2376,2597,2818,3039,3260,3481,3702,3923,4144,4365,4586,4807,5028,5249,5470,5691,5912,6133,6354,6575,6796,7017,7238,7459,7680,7901,8122,8343,8564,8785,9006,9227,9448,9669,9890,10111,10332,10553,10774,10995,11216,11437,11658,11879,12100,12155,12321,12542,12763,12984,13205,13426,13647,13868,14089,14310,14531,14752,14973,15194,15415,15636,15857,16078,16299,16520,16741,16962,17183,17404,17625,17846,18067,18288,18509,18730,18951,19172,19393,19614,19835,20056,20277,20498,20719,20940,21161,21382,21603,21824,22045,22266,22487,22708,22929,23150,23371,23592,23813,24034,24255,24476,24697,24918,25139,25360,25581,25802,26023,26244,26465,26686,26907,27128,27349,27570,27791,28012,28233,28454,28675,28896,29117,29338,29559,29780,30001,30222,30443,30664,30885,31106,31327,31548,31769,31990,32211,32432,32653,32874,33095,33316,33537,33758,33979,34200,34421,34642,34863,35084,35305,35526,35747,35968,36189,36410,36631,36852,37073,37294,37515,37736,37957,38178,38399,38620,38841,39062,39283,39504,39725,39946,40167,40388,40609,40830,41051,41272,41493,41714,41935,42156,42377,42598,42819,43040,43261,43482,43703,43924,44145,44366,44587,44808,45029,45250,45471,45692,45913,46134,46355,46576,46797,47018,47239,47460,47681,47902,48123,48344,48565,48786
167,388,609,830,1051,1272,1493,1714,1935,2156,2377,2598,2819,3040,3261,3482,3703,3924,4145,4366,4587,4808,5029,5250,5471,5692,5913,6134,6355,6576,6797,7018,7239,7460,7681,7902,8123,8344,8565,8786,9007,9228,9449,9670,9891,10112,10333,10554,10775,10996,11217,11438,11659,11880,11934,12101,12322,12543,12764,12985,13206,13427,13648,13869,14090,14311,14532,14753,14974,15195,15416,15637,15858,16079,16300,16521,16742,16963,17184,17405,17626,17847,18068,18289,18510,18731,18952,19173,19394,19615,19836,20057,20278,20499,20720,20941,21162,21383,21604,21825,22046,22267,22488,22709,22930,23151,23372,23593,23814,24035,24256,24477,24698,24919,25140,25361,25582,25803,26024,26245,26466,26687,26908,27129,27350,27571,27792,28013,28234,28455,28676,28897,29118,29339,29560,29781,30002,30223,30444,30665,30886,31107,31328,31549,31770,31991,32212,32433,32654,32875,33096,33317,33538,33759,33980,34201,34422,34643,34864,35085,35306,35527,35748,35969,36190,36411,36632,36853,37074,37295,37516,37737,37958,38179,38400,38621,38842,39063,39284,39505,39726,39947,40168,40389,40610,40831,41052,41273,41494,41715,41936,42157,42378,42599,42820,43041,43262,43483,43704,43925,44146,44367,44588,44809,45030,45251,45472,45693,45914,46135,46356,46577,46798,47019,47240,47461,47682,47903,48124,48345,48566,48787
168,389,610,831,1052,1273,1494,1715,1936,2157,2378,2599,2820,3041,3262,3483,3704,3925,4146,4367,4588,4809,5030,5251,5472,5693,5914,6135,6356,6577,6798,7019,7240,7461,7682,7903,8124,8345,8566,8787,9008,9229,9450,9671,9892,10113,10334,10555,10776,10997,11218,11439,11660,11713,11881,12102,12323,12544,12765,12986,13207,13428,13649,13870,14091,14312,14533,14754,14975,15196,15417,15638,15859,16080,16301,16522,16743,16964,17185,17406,17627,17848,18069,18290,18511,18732,18953,19174,19395,19616,19837,20058,20279,20500,20721,20942,21163,21384,21605,21826,22047,22268,22489,22710,22931,23152,23373,23594,23815,24036,24257,24478,24699,24920,25141,25362,25583,25804,26025,26246,26467,26688,26909,27130,27351,27572,27793,28014,28235,28456,28677,28898,29119,29340,29561,29782,30003,30224,30445,30666,30887,31108,31329,31550,31771,31992,32213,32434,32655,32876,33097,33318,33539,33760,33981,34202,34423,34644,34865,35086,35307,35528,35749,35970,36191,36412,36633,36854,37075,37296,37517,37738,37959,38180,38401,38622,38843,39064,39285,39506,39727,39948,40169,40390,40611,40832,41053,41274,41495,41716,41937,42158,42379,42600,42821,43042,43263,43484,43705,43926,44147,44368,44589,44810,45031,45252,45473,45694,45915,46136,46357,46578,46799,47020,47241,47462,47683,47904,48125,48346,48567,48788
169,390,611,832,1053,1274,1495,1716,1937,2158,2379,2600,2821,3042,3263,3484,3705,3926,4147,4368,4589,4810,5031,5252,5473,5694,5915,6136,6357,6578,6799,7020,7241,7462,7683,7904,8125,8346,8567,8788,9009,9230,9451,9672,9893,10114,10335,10556,10777,10998,11219,11440,11492,11661,11882,12103,12324,12545,12766,12987,13208,13429,13650,13871,14092,14313,14534,14755,14976,15197,15418,15639,15860,16081,16302,16523,16744,16965,17186,17407,17628,17849,18070,18291,18512,18733,18954,19175,19396,19617,19838,20059,20280,20501,20722,20943,21164,21385,21606,21827,22048,22269,22490,22711,22932,23153,23374,23595,23816,24037,24258,24479,24700,24921,25142,25363,25584,25805,26026,26247,26468,26689,26910,27131,27352,27573,27794,28015,28236,28457,28678,28899,29120,29341,29562,29783,30004,30225,30446,30667,30888,31109,31330,31551,31772,31993,32214,32435,32656,32877,33098,33319,33540,33761,33982,34203,34424,34645,34866,35087,35308,35529,35750,35971,36192,36413,36634,36855,37076,37297,37518,37739,37960,38181,38402,38623,38844,39065,39286,39507,39728,39949,40170,40391,40612,40833,41054,41275,41496,41717,41938,42159,42380,42601,42822,43043,43264,43485,43706,43927,44148,44369,44590,44811,45032,45253,45474,45695,45916,46137,46358,46579,46800,47021,47242,47463,47684,47905,48126,48347,48568,48789
170,391,612,833,1054,1275,1496,1717,1938,2159,2380,2601,2822,3043,3264,3485,3706,3927,4148,4369,4590,4811,5032,5253,5474,5695,5916,6137,6358,6579,6800,7021,7242,7463,7684,7905,8126,8347,8568,8789,9010,9231,9452,9673,9894,10115,10336,10557,10778,10999,11220,11271,11441,11662,11883,12104,12325,12546,12767,12988,13209,13430,13651,13872,14093,14314,14535,14756,14977,15198,15419,15640,15861,16082,16303,16524,16745,16966,17187,17408,17629,17850,18071,18292,18513,18734,18955,19176,19397,19618,19839,20060,20281,20502,20723,20944,21165,21386,21607,21828,22049,22270,22491,22712,22933,23154,23375,23596,23817,24038,24259,24480,24701,24922,25143,25364,25585,25806,26027,26248,26469,26690,26911,27132,27353,27574,27795,28016,28237,28458,28679,28900,29121,29342,29563,29784,30005,30226,30447,30668,30889,31110,31331,31552,31773,31994,32215,32436,32657,32878,33099,33320,33541,33762,33983,34204,34425,34646,34867,35088,35309,35530,35751,35972,36193,36414,36635,36856,37077,37298,37519,37740,37961,38182,38403,38624,38845,39066,39287,39508,39729,39950,40171,40392,40613,40834,41055,41276,41497,41718,41939,42160,42381,42602,42823,43044,43265,43486,43707,43928,44149,44370,44591,44812,45033,45254,45475,45696,45917,46138,46359,46580,46801,47022,47243,47464,47685,47906,48127,48348,48569,48790
171,392,613,834,1055,1276,1497,1718,1939,2160,2381,2602,2823,3044,3265,3486,3707,3928,4149,4370,4591,4812,5033,5254,5475,5696,5917,6138,6359,6580,6801,7022,7243,7464,7685,7906,8127,8348,8569,8790,9011,9232,9453,9674,9895,10116,10337,10558,10779,11000,11050,11221,11442,11663,11884,12105,12326,12547,12768,12989,13210,13431,13652,13873,14094,14315,14536,14757,14978,15199,15420,15641,15862,16083,16304,16525,16746,16967,17188,17409,17630,17851,18072,18293,18514,18735,18956,19177,19398,19619,19840,20061,20282,20503,20724,20945,21166,21387,21608,21829,22050,22271,22492,22713,22934,23155,23376,23597,23818,24039,24260,24481,24702,24923,25144,25365,25586,25807,26028,26249,26470,26691,26912,27133,27354,27575,27796,28017,28238,28459,28680,28901,29122,29343,29564,29785,30006,30227,30448,30669,30890,31111,31332,31553,31774,31995,32216,32437,32658,32879,33100,33321,33542,33763,33984,34205,34426,34647,34868,35089,35310,35531,35752,35973,36194,36415,36636,36857,37078,37299,37520,37741,37962,38183,38404,38625,38846,39067,39288,39509,39730,39951,40172,40393,40614,40835,41056,41277,41498,41719,41940,42161,42382,42603,42824,43045,43266,43487,43708,43929,44150,44371,44592,44813,45034,45255,45476,45697,45918,46139,46360,46581,46802,47023,47244,47465,47686,47907,48128,48349,48570,48791
172,393,614,835,1056,1277,1498,1719,1940,2161,2382,2603,2824,3045,3266,3487,3708,3929,4150,4371,4592,4813,5034,5255,5476,5697,5918,6139,6360,6581,6802,7023,7244,7465,7686,7907,8128,8349,8570,8791,9012,9233,9454,9675,9896,10117,10338,10559,10780,10829,11001,11222,11443,11664,11885,12106,12327,12548,12769,12990,13211,13432,13653,13874,14095,14316,14537,14758,14979,15200,15421,15642,15863,16084,16305,16526,16747,16968,17189,17410,17631,17852,18073,18294,18515,18736,18957,19178,19399,19620,19841,20062,20283,20504,20725,20946,21167,21388,21609,21830,22051,22272,22493,22714,22935,23156,23377,23598,23819,24040,24261,24482,24703,24924,25145,25366,25587,25808,26029,26250,26471,26692,26913,27134,27355,27576,27797,28018,28239,28460,28681,28902,29123,29344,29565,29786,30007,30228,30449,30670,30891,31112,31333,31554,31775,31996,32217,32438,32659,32880,33101,33322,33543,33764,33985,34206,34427,34648,34869,35090,35311,35532,35753,35974,36195,36416,36637,36858,37079,37300,37521,37742,37963,38184,38405,38626,38847,39068,39289,39510,39731,39952,40173,40394,40615,40836,41057,41278,41499,41720,41941,42162,42383,42604,42825,43046,43267,43488,43709,43930,44151,44372,44593,44814,45035,45256,45477,45698,45919,46140,46361,46582,46803,47024,47245,47466,47687,47908,48129,48350,48571,48792
173,394,615,836,1057,1278,1499,1720,1941,2162,2383,2604,2825,3046,3267,3488,3709,3930,4151,4372,4593,4814,5035,5256,5477,5698,5919,6140,6361,6582,6803,7024,7245,7466,7687,7908,8129,8350,8571,8792,9013,9234,9455,9676,9897,10118,10339,10560,10608,10781,11002,11223,11444,11665,11886,12107,12328,12549,12770,12991,13212,13433,13654,13875,14096,14317,14538,14759,14980,15201,15422,15643,15864,16085,16306,16527,16748,16969,17190,17411,17632,17853,18074,18295,18516,18737,18958,19179,19400,19621,19842,20063,20284,20505,20726,20947,21168,21389,21610,21831,22052,22273,22494,22715,22936,23157,23378,23599,23820,24041,24262,24483,24704,24925,25146,25367,25588,25809,26030,26251,26472,26693,26914,27135,27356,27577,27798,28019,28240,28461,28682,28903,29124,29345,29566,29787,30008,30229,30450,30671,30892,31113,31334,31555,31776,31997,32218,32439,32660,32881,33102,33323,33544,33765,33986,34207,34428,34649,34870,35091,35312,35533,35754,35975,36196,36417,36638,36859,37080,37301,37522,37743,37964,38185,38406,38627,38848,39069,39290,39511,39732,39953,40174,40395,40616,40837,41058,41279,41500,41721,41942,42163,42384,42605,42826,43047,43268,43489,43710,43931,44152,44373,44594,44815,45036,45257,45478,45699,45920,46141,46362,46583,46804,47025,47246,47467,47688,47909,48130,48351,48572,48793
174,395,616,837,1058,1279,1500,1721,1942,2163,2384,2605,2826,3047,3268,3489,3710,3931,4152,4373,4594,4815,5036,5257,5478,5699,5920,6141,6362,6583,6804,7025,7246,7467,7688,7909,8130,8351,8572,8793,9014,9235,9456,9677,9898,10119,10340,10387,10561,10782,11003,11224,11445,11666,11887,12108,12329,12550,12771,12992,13213,13434,13655,13876,14097,14318,14539,14760,14981,15202,15423,15644,15865,16086,16307,16528,16749,16970,17191,17412,17633,17854,18075,18296,18517,18738,18959,19180,19401,19622,19843,20064,20285,20506,20727,20948,21169,21390,21611,21832,22053,22274,22495,22716,22937,23158,23379,23600,23821,24042,24263,24484,24705,24926,25147,25368,25589,25810,26031,26252,26473,26694,26915,27136,27357,27578,27799,28020,28241,28462,28683,28904,29125,29346,29567,29788,30009,30230,30451,30672,30893,31114,31335,31556,31777,31998,32219,32440,32661,32882,33103,33324,33545,33766,33987,34208,34429,34650,34871,35092,35313,35534,35755,35976,36197,36418,36639,36860,37081,37302,37523,37744,37965,38186,38407,38628,38849,39070,39291,39512,39733,39954,40175,40396,40617,40838,41059,41280,41501,41722,41943,42164,42385,42606,42827,43048,43269,43490,43711,43932,44153,44374,44595,44816,45037,45258,45479,45700,45921,46142,46363,46584,46805,47026,47247,47468,47689,47910,48131,48352,48573,48794
175,396,617,838,1059,1280,1501,1722,1943,2164,2385,2606,2827,3048,3269,3490,3711,3932,4153,4374,4595,4816,5037,5258,5479,5700,5921,6142,6363,6584,6805,7026,7247,7468,7689,7910,8131,8352,8573,8794,9015,9236,9457,9678,9899,10120,10166,10341,10562,10783,11004,11225,11446,11667,11888,12109,12330,12551,12772,12993,13214,13435,13656,13877,14098,14319,14540,14761,14982,15203,15424,15645,15866,16087,16308,16529,16750,16971,17192,17413,17634,17855,18076,18297,18518,18739,18960,19181,19402,19623,19844,20065,20286,20507,20728,20949,21170,21391,21612,21833,22054,22275,22496,22717,22938,23159,23380,23601,23822,24043,24264,24485,24706,24927,25148,25369,25590,25811,26032,26253,26474,26695,26916,27137,27358,27579,27800,28021,28242,28463,28684,28905,29126,29347,29568,29789,30010,30231,30452,30673,30894,31115,31336,31557,31778,31999,32220,32441,32662,32883,33104,33325,33546,33767,33988,34209,34430,34651,34872,35093,35314,35535,35756,35977,36198,36419,36640,36861,37082,37303,37524,37745,37966,38187,38408,38629,38850,39071,39292,39513,39734,39955,40176,40397,40618,40839,41060,41281,41502,41723,41944,42165,42386,42607,42828,43049,43270,43491,43712,43933,44154,44375,44596,44817,45038,45259,45480,45701,45922,46143,46364,46585,46806,47027,47248,47469,47690,47911,48132,48353,48574,48795
176,397,618,839,1060,1281,1502,1723,1944,2165,2386,2607,2828,3049,3270,3491,3712,3933,4154,4375,4596,4817,5038,5259,5480,5701,5922,6143,6364,6585,6806,7027,7248,7469,7690,7911,8132,8353,8574,8795,9016,9237,9458,9679,9900,9945,10121,10342,10563,10784,11005,11226,11447,11668,11889,12110,12331,12552,12773,12994,13215,13436,13657,13878,14099,14320,14541,14762,14983,15204,15425,15646,15867,16088,16309,16530,16751,16972,17193,17414,17635,17856,18077,18298,18519,18740,18961,19182,19403,19624,19845,20066,20287,20508,20729,20950,21171,21392,21613,21834,22055,22276,22497,22718,22939,23160,23381,23602,23823,24044,24265,24486,24707,24928,25149,25370,25591,25812,26033,26254,26475,26696,26917,27138,27359,27580,27801,28022,28243,28464,28685,28906,29127,29348,29569,29790,30011,30232,30453,30674,30895,31116,31337,31558,31779,32000,32221,32442,32663,32884,33105,33326,33547,33768,33989,34210,34431,34652,34873,35094,35315,35536,35757,35978,36199,36420,36641,36862,37083,37304,37525,37746,37967,38188,38409,38630,38851,39072,39293,39514,39735,39956,40177,40398,40619,40840,41061,41282,41503,41724,41945,42166,42387,42608,42829,43050,43271,43492,43713,43934,44155,44376,44597,44818,45039,45260,45481,45702,45923,46144,46365,46586,46807,47028,47249,47470,47691,47912,48133,48354,48575,48796
177,398,619,840,1061,1282,1503,1724,1945,2166,2387,2608,2829,3050,3271,3492,3713,3934,4155,4376,4597,4818,5039,5260,5481,5702,5923,6144,6365,6586,6807,7028,7249,7470,7691,7912,8133,8354,8575,8796,9017,9238,9459,9680,9724,9901,10122,10343,10564,10785,11006,11227,11448,11669,11890,12111,12332,12553,12774,12995,13216,13437,13658,13879,14100,14321,14542,14763,14984,15205,15426,15647,15868,16089,16310,16531,16752,16973,17194,17415,17636,17857,18078,18299,18520,18741,18962,19183,19404,19625,19846,20067,20288,20509,20730,20951,21172,21393,21614,21835,22056,22277,22498,22719,22940,23161,23382,23603,23824,24045,24266,24487,24708,24929,25150,25371,25592,25813,26034,26255,26476,26697,26918,27139,27360,27581,27802,28023,28244,28465,28686,28907,29128,29349,29570,29791,30012,30233,30454,30675,30896,31117,31338,31559,31780,32001,32222,32443,32664,32885,33106,33327,33548,33769,33990,34211,34432,34653,34874,35095,35316,35537,35758,35979,36200,36421,36642,36863,37084,37305,37526,37747,37968,38189,38410,38631,38852,39073,39294,39515,39736,39957,40178,40399,40620,40841,41062,41283,41504,41725,41946,42167,42388,42609,42830,43051,43272,43493,43714,43935,44156,44377,44598,44819,45040,45261,45482,45703,45924,46145,46366,46587,46808,47029,47250,47471,47692,47913,48134,48355,48576,48797
178,399,620,841,1062,1283,1504,1725,1946,2167,2388,2609,2830,3051,3272,3493,3714,3935,4156,4377,4598,4819,5040,5261,5482,5703,5924,6145,6366,6587,6808,7029,7250,7471,7692,7913,8134,8355,8576,8797,9018,9239,9460,9503,9681,9902,10123,10344,10565,10786,11007,11228,11449,11670,11891,12112,12333,12554,12775,12996,13217,13438,13659,13880,14101,14322,14543,14764,14985,15206,15427,15648,15869,16090,16311,16532,16753,16974,17195,17416,17637,17858,18079,18300,18521,18742,18963,19184,19405,19626,19847,20068,20289,20510,20731,20952,21173,21394,21615,21836,22057,22278,22499,22720,22941,23162,23383,23604,23825,24046,24267,24488,24709,24930,25151,25372,25593,25814,26035,26256,26477,26698,26919,27140,27361,27582,27803,28024,28245,28466,28687,28908,29129,29350,29571,29792,30013,30234,30455,30676,30897,31118,31339,31560,31781,32002,32223,32444,32665,32886,33107,33328,33549,33770,33991,34212,34433,34654,34875,35096,35317,35538,35759,35980,36201,36422,36643,36864,37085,37306,37527,37748,37969,38190,38411,38632,38853,39074,39295,39516,39737,39958,40179,40400,40621,40842,41063,41284,41505,41726,41947,42168,42389,42610,42831,43052,43273,43494,43715,43936,44157,44378,44599,44820,45041,45262,45483,45704,45925,46146,46367,46588,46809,47030,47251,47472,47693,47914,48135,48356,48577,48798
179,400,621,842,1063,1284,1505,1726,1947,2168,2389,2610,2831,3052,3273,3494,3715,3936,4157,4378,4599,4820,5041,5262,5483,5704,5925,6146,6367,6588,6809,7030,7251,7472,7693,7914,8135,8356,8577,8798,9019,9240,9282,9461,9682,9903,10124,10345,10566,10787,11008,11229,11450,11671,11892,12113,12334,12555,12776,12997,13218,13439,13660,13881,14102,14323,14544,14765,14986,15207,15428,15649,15870,16091,16312,16533,16754,16975,17196,17417,17638,17859,18080,18301,18522,18743,18964,19185,19406,19627,19848,20069,20290,20511,20732,20953,21174,21395,21616,21837,22058,22279,22500,22721,22942,23163,23384,23605,23826,24047,24268,24489,24710,24931,25152,25373,25594,25815,26036,26257,26478,26699,26920,27141,27362,27583,27804,28025,28246,28467,28688,28909,29130,29351,29572,29793,30014,30235,30456,30677,30898,31119,31340,31561,31782,32003,32224,32445,32666,32887,33108,33329,33550,33771,33992,34213,34434,34655,34876,35097,35318,35539,35760,35981,36202,36423,36644,36865,37086,37307,37528,37749,37970,38191,38412,38633,38854,39075,39296,39517,39738,39959,40180,40401,40622,40843,41064,41285,41506,41727,41948,42169,42390,42611,42832,43053,43274,43495,43716,43937,44158,44379,44600,44821,45042,45263,45484,45705,45926,46147,46368,46589,46810,47031,47252,47473,47694,47915,48136,48357,48578,48799
180,401,622,843,1064,1285,1506,1727,1948,2169,2390,2611,2832,3053,3274,3495,3716,3937,4158,4379,4600,4821,5042,5263,5484,5705,5926,6147,6368,6589,6810,7031,7252,7473,7694,7915,8136,8357,8578,8799,9020,9061,9241,9462,9683,9904,10125,10346,10567,10788,11009,11230,11451,11672,11893,12114,12335,12556,12777,12998,13219,13440,13661,13882,14103,14324,14545,14766,14987,15208,15429,15650,15871,16092,16313,16534,16755,16976,17197,17418,17639,17860,18081,18302,18523,18744,18965,19186,19407,19628,19849,20070,20291,20512,20733,20954,21175,21396,21617,21838,22059,22280,22501,22722,22943,23164,23385,23606,23827,24048,24269,24490,24711,24932,25153,25374,25595,25816,26037,26258,26479,26700,26921,27142,27363,27584,27805,28026,28247,28468,28689,28910,29131,29352,29573,29794,30015,30236,30457,30678,30899,31120,31341,31562,31783,32004,32225,32446,32667,32888,33109,33330,33551,33772,33993,34214,34435,34656,34877,35098,35319,35540,35761,35982,36203,36424,36645,36866,37087,37308,37529,37750,37971,38192,38413,38634,38855,39076,39297,39518,39739,39960,40181,40402,40623,40844,41065,41286,41507,41728,41949,42170,42391,42612,42833,43054,43275,43496,43717,43938,44159,44380,44601,44822,45043,45264,45485,45706,45927,46148,46369,46590,46811,47032,47253,47474,47695,47916,48137,48358,48579,48800
181,402,623,844,1065,1286,1507,1728,1949,2170,2391,2612,2833,3054,3275,3496,3717,3938,4159,4380,4601,4822,5043,5264,5485,5706,5927,6148,6369,6590,6811,7032,7253,7474,7695,7916,8137,8358,8579,8800,8840,9021,9242,9463,9684,9905,10126,10347,10568,10789,11010,11231,11452,11673,11894,12115,12336,12557,12778,12999,13220,13441,13662,13883,14104,14325,14546,14767,14988,15209,15430,15651,15872,16093,16314,16535,16756,16977,17198,17419,17640,17861,18082,18303,18524,18745,18966,19187,19408,19629,19850,20071,20292,20513,20734,20955,21176,21397,21618,21839,22060,22281,22502,22723,22944,23165,23386,23607,23828,24049,24270,24491,24712,24933,25154,25375,25596,25817,26038,26259,26480,26701,26922,27143,27364,27585,27806,28027,28248,28469,28690,28911,29132,29353,29574,29795,30016,30237,30458,30679,30900,31121,31342,31563,31784,32005,32226,32447,32668,32889,33110,33331,33552,33773,33994,34215,34436,34657,34878,35099,35320,35541,35762,35983,36204,36425,36646,36867,37088,37309,37530,37751,37972,38193,38414,38635,38856,39077,39298,39519,39740,39961,40182,40403,40624,40845,41066,41287,41508,41729,41950,42171,42392,42613,42834,43055,43276,43497,43718,43939,44160,44381,44602,44823,45044,45265,45486,45707,45928,46149,46370,46591,46812,47033,47254,47475,47696,47917,48138,48359,48580,48801
182,403,624,845,1066,1287,1508,1729,1950,2171,2392,2613,2834,3055,3276,3497,3718,3939,4160,4381,4602,4823,5044,5265,5486,5707,5928,6149,6370,6591,6812,7033,7254,7475,7696,7917,8138,8359,8580,8619,8801,9022,9243,9464,9685,9906,10127,10348,10569,10790,11011,11232,11453,11674,11895,12116,12337,12558,12779,13000,13221,13442,13663,13884,14105,14326,14547,14768,14989,15210,15431,15652,15873,16094,16315,16536,16757,16978,17199,17420,17641,17862,18083,18304,18525,18746,18967,19188,19409,19630,19851,20072,20293,20514,20735,20956,21177,21398,21619,21840,22061,22282,22503,22724,22945,23166,23387,23608,23829,24050,24271,24492,24713,24934,25155,25376,25597,25818,26039,26260,26481,26702,26923,27144,27365,27586,27807,28028,28249,28470,28691,28912,29133,29354,29575,29796,30017,30238,30459,30680,30901,31122,31343,31564,31785,32006,32227,32448,32669,32890,33111,33332,33553,33774,33995,34216,34437,34658,34879,35100,35321,35542,35763,35984,36205,36426,36647,36868,37089,37310,37531,37752,37973,38194,38415,38636,38857,39078,39299,39520,39741,39962,40183,40404,40625,40846,41067,41288,41509,41730,41951,42172,42393,42614,42835,43056,43277,43498,43719,43940,44161,44382,44603,44824,45045,45266,45487,45708,45929,46150,46371,46592,46813,47034,47255,47476,47697,47918,48139,48360,48581,48802
183,404,625,846,1067,1288,1509,1730,1951,2172,2393,2614,2835,3056,3277,3498,3719,3940,4161,4382,4603,4824,5045,5266,5487,5708,5929,6150,6371,6592,6813,7034,7255,7476,7697,7918,8139,8360,8398,8581,8802,9023,9244,9465,9686,9907,10128,10349,10570,10791,11012,11233,11454,11675,11896,12117,12338,12559,12780,13001,13222,13443,13664,13885,14106,14327,14548,14769,14990,15211,15432,15653,15874,16095,16316,16537,16758,16979,17200,17421,17642,17863,18084,18305,18526,18747,18968,19189,19410,19631,19852,20073,20294,20515,20736,20957,21178,21399,21620,21841,22062,22283,22504,22725,22946,23167,23388,23609,23830,24051,24272,24493,24714,24935,25156,25377,25598,25819,26040,26261,26482,26703,26924,27145,27366,27587,27808,28029,28250,28471,28692,28913,29134,29355,29576,29797,30018,30239,30460,30681,30902,31123,31344,31565,31786,32007,32228,32449,32670,32891,33112,33333,33554,33775,33996,34217,34438,34659,34880,35101,35322,35543,35764,35985,36206,36427,36648,36869,37090,37311,37532,37753,37974,38195,38416,38637,38858,39079,39300,39521,39742,39963,40184,40405,40626,40847,41068,41289,41510,41731,41952,42173,42394,42615,42836,43057,43278,43499,43720,43941,44162,44383,44604,44825,45046,45267,45488,45709,45930,46151,46372,46593,46814,47035,47256,47477,47698,47919,48140,48361,48582,48803
184,405,626,847,1068,1289,1510,1731,1952,2173,2394,2615,2836,3057,3278,3499,3720,3941,4162,4383,4604,4825,5046,5267,5488,5709,5930,6151,6372,6593,6814,7035,7256,7477,7698,7919,8140,8177,8361,8582,8803,9024,9245,9466,9687,9908,10129,10350,10571,10792,11013,11234,11455,11676,11897,12118,12339,12560,12781,13002,13223,13444,13665,13886,14107,14328,14549,14770,14991,15212,15433,15654,15875,16096,16317,16538,16759,16980,17201,17422,17643,17864,18085,18306,18527,18748,18969,19190,19411,19632,19853,20074,20295,20516,20737,20958,21179,21400,21621,21842,22063,22284,22505,22726,22947,23168,23389,23610,23831,24052,24273,24494,24715,24936,25157,25378,25599,25820,26041,26262,26483,26704,26925,27146,27367,27588,27809,28030,28251,28472,28693,28914,29135,29356,29577,29798,30019,30240,30461,30682,30903,31124,31345,31566,31787,32008,32229,32450,32671,32892,33113,33334,33555,33776,33997,34218,34439,34660,34881,35102,35323,35544,35765,35986,36207,36428,36649,36870,37091,37312,37533,37754,37975,38196,38417,38638,38859,39080,39301,39522,39743,39964,40185,40406,40627,40848,41069,41290,41511,41732,41953,42174,42395,42616,42837,43058,43279,43500,43721,43942,44163,44384,44605,44826,45047,45268,45489,45710,45931,46152,46373,46594,46815,47036,47257,47478,47699,47920,48141,48362,48583,48804
185,406,627,848,1069,1290,1511,1732,1953,2174,2395,2616,2837,3058,3279,3500,3721,3942,4163,4384,4605,4826,5047,5268,5489,5710,5931,6152,6373,6594,6815,7036,7257,7478,7699,7920,7956,8141,8362,8583,8804,9025,9246,9467,9688,9909,10130,10351,10572,10793,11014,11235,11456,11677,11898,12119,12340,12561,12782,13003,13224,13445,13666,13887,14108,14329,14550,14771,14992,15213,15434,15655,15876,16097,16318,16539,16760,16981,17202,17423,17644,17865,18086,18307,18528,18749,18970,19191,19412,19633,19854,20075,20296,20517,20738,20959,21180,21401,21622,21843,22064,22285,22506,22727,22948,23169,23390,23611,23832,24053,24274,24495,24716,24937,25158,25379,25600,25821,26042,26263,26484,26705,26926,27147,27368,27589,27810,28031,28252,28473,28694,28915,29136,29357,29578,29799,30020,30241,30462,30683,30904,31125,31346,31567,31788,32009,32230,32451,32672,32893,33114,33335,33556,33777,33998,34219,34440,34661,34882,35103,35324,35545,35766,35987,36208,36429,36650,36871,37092,37313,37534,37755,37976,38197,38418,38639,38860,39081,39302,39523,39744,39965,40186,40407,40628,40849,41070,41291,41512,41733,41954,42175,42396,42617,42838,43059,43280,43501,43722,43943,44164,44385,44606,44827,45048,45269,45490,45711,45932,46153,46374,46595,46816,47037,47258,47479,47700,47921,48142,48363,48584,48805
186,407,628,849,1070,1291,1512,1733,1954,2175,2396,2617,2838,3059,3280,3501,3722,3943,4164,4385,4606,4827,5048,5269,5490,5711,5932,6153,6374,6595,6816,7037,7258,7479,7700,7735,7921,8142,8363,8584,8805,9026,9247,9468,9689,9910,10131,10352,10573,10794,11015,11236,11457,11678,11899,12120,12341,12562,12783,13004,13225,13446,13667,13888,14109,14330,14551,14772,14993,15214,15435,15656,15877,16098,16319,16540,16761,16982,17203,17424,17645,17866,18087,18308,18529,18750,18971,19192,19413,19634,19855,20076,20297,20518,20739,20960,21181,21402,21623,21844,22065,22286,22507,22728,22949,23170,23391,23612,23833,24054,24275,24496,24717,24938,25159,25380,25601,25822,26043,26264,26485,26706,26927,27148,27369,27590,27811,28032,28253,28474,28695,28916,29137,29358,29579,29800,30021,30242,30463,30684,30905,31126,31347,31568,31789,32010,32231,32452,32673,32894,33115,33336,33557,33778,33999,34220,34441,34662,34883,35104,35325,35546,35767,35988,36209,36430,36651,36872,37093,37314,37535,37756,37977,38198,38419,38640,38861,39082,39303,39524,39745,39966,40187,40408,40629,40850,41071,41292,41513,41734,41955,42176,42397,42618,42839,43060,43281,43502,43723,43944,44165,44386,44607,44828,45049,45270,45491,45712,45933,46154,46375,46596,46817,47038,47259,47480,47701,47922,48143,48364,48585,48806
187,408,629,850,1071,1292,1513,1734,1955,2176,2397,2618,2839,3060,3281,3502,3723,3944,4165,4386,4607,4828,5049,5270,5491,5712,5933,6154,6375,6596,6817,7038,7259,7480,7514,7701,7922,8143,8364,8585,8806,9027,9248,9469,9690,9911,10132,10353,10574,10795,11016,11237,11458,11679,11900,12121,12342,12563,12784,13005,13226,13447,13668,13889,14110,14331,14552,14773,14994,15215,15436,15657,15878,16099,16320,16541,16762,16983,17204,17425,17646,17867,18088,18309,18530,18751,18972,19193,19414,19635,19856,20077,20298,20519,20740,20961,21182,21403,21624,21845,22066,22287,22508,22729,22950,23171,23392,23613,23834,24055,24276,24497,24718,24939,25160,25381,25602,25823,26044,26265,26486,26707,26928,27149,27370,27591,27812,28033,28254,28475,28696,28917,29138,29359,29580,29801,30022,30243,30464,30685,30906,31127,31348,31569,31790,32011,32232,32453,32674,32895,33116,33337,33558,33779,34000,34221,34442,34663,34884,35105,35326,35547,35768,35989,36210,36431,36652,36873,37094,37315,37536,37757,37978,38199,38420,38641,38862,39083,39304,39525,39746,39967,40188,40409,40630,40851,41072,41293,41514,41735,41956,42177,42398,42619,42840,43061,43282,43503,43724,43945,44166,44387,44608,44829,45050,45271,45492,45713,45934,46155,46376,46597,46818,47039,47260,47481,47702,47923,48144,48365,48586,48807
188,409,630,851,1072,1293,1514,1735,1956,2177,2398,2619,2840,3061,3282,3503,3724,3945,4166,4387,4608,4829,5050,5271,5492,5713,5934,6155,6376,6597,6818,7039,7260,7293,7481,7702,7923,8144,8365,8586,8807,9028,9249,9470,9691,9912,10133,10354,10575,10796,11017,11238,11459,11680,11901,12122,12343,12564,12785,13006,13227,13448,13669,13890,14111,14332,14553,14774,14995,15216,15437,15658,15879,16100,16321,16542,16763,16984,17205,17426,17647,17868,18089,18310,18531,18752,18973,19194,19415,19636,19857,20078,20299,20520,20741,20962,21183,21404,21625,21846,22067,22288,22509,22730,22951,23172,23393,23614,23835,24056,24277,24498,24719,24940,25161,25382,25603,25824,26045,26266,26487,26708,26929,27150,27371,27592,27813,28034,28255,28476,28697,28918,29139,29360,29581,29802,30023,30244,30465,30686,30907,31128,31349,31570,31791,32012,32233,32454,32675,32896,33117,33338,33559,33780,34001,34222,34443,34664,34885,35106,35327,35548,35769,35990,36211,36432,36653,36874,37095,37316,37537,37758,37979,38200,38421,38642,38863,39084,39305,39526,39747,39968,40189,40410,40631,40852,41073,41294,41515,41736,41957,42178,42399,42620,42841,43062,43283,43504,43725,43946,44167,44388,44609,44830,45051,45272,45493,45714,45935,46156,46377,46598,46819,47040,47261,47482,47703,47924,48145,48366,48587,48808
189,410,631,852,1073,1294,1515,1736,1957,2178,2399,2620,2841,3062,3283,3504,3725,3946,4167,4388,4609,4830,5051,5272,5493,5714,5935,6156,6377,6598,6819,7040,7072,7261,7482,7703,7924,8145,8366,8587,8808,9029,9250,9471,9692,9913,10134,10355,10576,10797,11018,11239,11460,11681,11902,12123,12344,12565,12786,13007,13228,13449,13670,13891,14112,14333,14554,14775,14996,15217,15438,15659,15880,16101,16322,16543,16764,16985,17206,17427,17648,17869,18090,18311,18532,18753,18974,19195,19416,19637,19858,20079,20300,20521,20742,20963,21184,21405,21626,21847,22068,22289,22510,22731,22952,23173,23394,23615,23836,24057,24278,24499,24720,24941,25162,25383,25604,25825,26046,26267,26488,26709,26930,27151,27372,27593,27814,28035,28256,28477,28698,28919,29140,29361,29582,29803,30024,30245,30466,30687,30908,31129,31350,31571,31792,32013,32234,32455,32676,32897,33118,33339,33560,33781,34002,34223,34444,34665,34886,35107,35328,35549,35770,35991,36212,36433,36654,36875,37096,37317,37538,37759,37980,38201,38422,38643,38864,39085,39306,39527,39748,39969,40190,40411,40632,40853,41074,41295,41516,41737,41958,42179,42400,42621,42842,43063,43284,43505,43726,43947,44168,44389,44610,44831,45052,45273,45494,45715,45936,46157,46378,46599,46820,47041,47262,47483,47704,47925,48146,48367,48588,48809
190,411,632,853,1074,1295,1516,1737,1958,2179,2400,2621,2842,3063,3284,3505,3726,3947,4168,4389,4610,4831,5052,5273,5494,5715,5936,6157,6378,6599,6820,6851,7041,7262,7483,7704,7925,8146,8367,8588,8809,9030,9251,9472,9693,9914,10135,10356,10577,10798,11019,11240,11461,11682,11903,12124,12345,12566,12787,13008,13229,13450,13671,13892,14113,14334,14555,14776,14997,15218,15439,15660,15881,16102,16323,16544,16765,16986,17207,17428,17649,17870,18091,18312,18533,18754,18975,19196,19417,19638,19859,20080,20301,20522,20743,20964,21185,21406,21627,21848,22069,22290,22511,22732,22953,23174,23395,23616,23837,24058,24279,24500,24721,24942,25163,25384,25605,25826,26047,26268,26489,26710,26931,27152,27373,27594,27815,28036,28257,28478,28699,28920,29141,29362,29583,29804,30025,30246,30467,30688,30909,31130,31351,31572,31793,32014,32235,32456,32677,32898,33119,33340,33561,33782,34003,34224,34445,34666,34887,35108,35329,35550,35771,35992,36213,36434,36655,36876,37097,37318,37539,37760,37981,38202,38423,38644,38865,39086,39307,39528,39749,39970,40191,40412,40633,40854,41075,41296,41517,41738,41959,42180,42401,42622,42843,43064,43285,43506,43727,43948,44169,44390,44611,44832,45053,45274,45495,45716,45937,46158,46379,46600,46821,47042,47263,47484,47705,47926,48147,48368,48589,48810
191,412,633,854,1075,1296,1517,1738,1959,2180,2401,2622,2843,3064,3285,3506,3727,3948,4169,4390,4611,4832,5053,5274,5495,5716,5937,6158,6379,6600,6630,6821,7042,7263,7484,7705,7926,8147,8368,8589,8810,9031,9252,9473,9694,9915,10136,10357,10578,10799,11020,11241,11462,11683,11904,12125,12346,12567,12788,13009,13230,13451,13672,13893,14114,14335,14556,14777,14998,15219,15440,15661,15882,16103,16324,16545,16766,16987,17208,17429,17650,17871,18092,18313,18534,18755,18976,19197,19418,19639,19860,20081,20302,20523,20744,20965,21186,21407,21628,21849,22070,22291,22512,22733,22954,23175,23396,23617,23838,24059,24280,24501,24722,24943,25164,25385,25606,25827,26048,26269,26490,26711,26932,27153,27374,27595,27816,28037,28258,28479,28700,28921,29142,29363,29584,29805,30026,30247,30468,30689,30910,31131,31352,31573,31794,32015,32236,32457,32678,32899,33120,33341,33562,33783,34004,34225,34446,34667,34888,35109,35330,35551,35772,35993,36214,36435,36656,36877,37098,37319,37540,37761,37982,38203,38424,38645,38866,39087,39308,39529,39750,39971,40192,40413,40634,40855,41076,41297,41518,41739,41960,42181,42402,42623,42844,43065,43286,43507,43728,43949,44170,44391,44612,44833,45054,45275,45496,45717,45938,46159,46380,46601,46822,47043,47264,47485,47706,47927,48148,48369,48590,48811
192,413,634,855,1076,1297,1518,1739,1960,2181,2402,2623,2844,3065,3286,3507,3728,3949,4170,4391,4612,4833,5054,5275,5496,5717,5938,6159,6380,6409,6601,6822,7043,7264,7485,7706,7927,8148,8369,8590,8811,9032,9253,9474,9695,9916,10137,10358,10579,10800,11021,11242,11463,11684,11905,12126,12347,12568,12789,13010,13231,13452,13673,13894,14115,14336,14557,14778,14999,15220,15441,15662,15883,16104,16325,16546,16767,16988,17209,17430,17651,17872,18093,18314,18535,18756,18977,19198,19419,19640,19861,20082,20303,20524,20745,20966,21187,21408,21629,21850,22071,22292,22513,22734,22955,23176,23397,23618,23839,24060,24281,24502,24723,24944,25165,25386,25607,25828,26049,26270,26491,26712,26933,27154,27375,27596,27817,28038,28259,28480,28701,28922,29143,29364,29585,29806,30027,30248,30469,30690,30911,31132,31353,31574,31795,32016,32237,32458,32679,32900,33121,33342,33563,33784,34005,34226,34447,34668,34889,35110,35331,35552,35773,35994,36215,36436,36657,36878,37099,37320,37541,37762,37983,38204,38425,38646,38867,39088,39309,39530,39751,39972,40193,40414,40635,40856,41077,41298,41519,41740,41961,42182,42403,42624,42845,43066,43287,43508,43729,43950,44171,44392,44613,44834,45055,45276,45497,45718,45939,46160,46381,46602,46823,47044,47265,47486,47707,47928,48149,48370,48591,48812
193,414,635,856,1077,1298,1519,1740,1961,2182,2403,2624,2845,3066,3287,3508,3729,3950,4171,4392,4613,4834,5055,5276,5497,5718,5939,6160,6188,6381,6602,6823,7044,7265,7486,7707,7928,8149,8370,8591,8812,9033,9254,9475,9696,9917,10138,10359,10580,10801,11022,11243,11464,11685,11906,12127,12348,12569,12790,13011,13232,13453,13674,13895,14116,14337,14558,14779,15000,15221,15442,15663,15884,16105,16326,16547,16768,16989,17210,17431,17652,17873,18094,18315,18536,18757,18978,19199,19420,19641,19862,20083,20304,20525,20746,20967,21188,21409,21630,21851,22072,22293,22514,22735,22956,23177,23398,23619,23840,24061,24282,24503,24724,24945,25166,25387,25608,25829,26050,26271,26492,26713,26934,27155,27376,27597,27818,28039,28260,28481,28702,28923,29144,29365,29586,29807,30028,30249,30470,30691,30912,31133,31354,31575,31796,32017,32238,32459,32680,32901,33122,33343,33564,33785,34006,34227,34448,34669,34890,35111,35332,35553,35774,35995,36216,36437,36658,36879,37100,37321,37542,37763,37984,38205,38426,38647,38868,39089,39310,39531,39752,39973,40194,40415,40636,40857,41078,41299,41520,41741,41962,42183,42404,42625,42846,43067,43288,43509,43730,43951,44172,44393,44614,44835,45056,45277,45498,45719,45940,46161,46382,46603,46824,47045,47266,47487,47708,47929,48150,48371,48592,48813
194,415,636,857,1078,1299,1520,1741,1962,2183,2404,2625,2846,3067,3288,3509,3730,3951,4172,4393,4614,4835,5056,5277,5498,5719,5940,5967,6161,6382,6603,6824,7045,7266,7487,7708,7929,8150,8371,8592,8813,9034,9255,9476,9697,9918,10139,10360,10581,10802,11023,11244,11465,11686,11907,12128,12349,12570,12791,13012,13233,13454,13675,13896,14117,14338,14559,14780,15001,15222,15443,15664,15885,16106,16327,16548,16769,16990,17211,17432,17653,17874,18095,18316,18537,18758,18979,19200,19421,19642,19863,20084,20305,20526,20747,20968,21189,21410,21631,21852,22073,22294,22515,22736,22957,23178,23399,23620,23841,24062,24283,24504,24725,24946,25167,25388,25609,25830,26051,26272,26493,26714,26935,27156,27377,27598,27819,28040,28261,28482,28703,28924,29145,29366,29587,29808,30029,30250,30471,30692,30913,31134,31355,31576,31797,32018,32239,32460,32681,32902,33123,33344,33565,33786,34007,34228,34449,34670,34891,35112,35333,35554,35775,35996,36217,36438,36659,36880,37101,37322,37543,37764,37985,38206,38427,38648,38869,39090,39311,39532,39753,39974,40195,40416,40637,40858,41079,41300,41521,41742,41963,42184,42405,42626,42847,43068,43289,43510,43731,43952,44173,44394,44615,44836,45057,45278,45499,45720,45941,46162,46383,46604,46825,47046,47267,47488,47709,47930,48151,48372,48593,48814
195,416,637,858,1079,1300,1521,1742,1963,2184,2405,2626,2847,3068,3289,3510,3731,3952,4173,4394,4615,4836,5057,5278,5499,5720,5746,5941,6162,6383,6604,6825,7046,7267,7488,7709,7930,8151,8372,8593,8814,9035,9256,9477,9698,9919,10140,10361,10582,10803,11024,11245,11466,11687,11908,12129,12350,12571,12792,13013,13234,13455,13676,13897,14118,14339,14560,14781,15002,15223,15444,15665,15886,16107,16328,16549,16770,16991,17212,17433,17654,17875,18096,18317,18538,18759,18980,19201,19422,19643,19864,20085,20306,20527,20748,20969,21190,21411,21632,21853,22074,22295,22516,22737,22958,23179,23400,23621,23842,24063,24284,24505,24726,24947,25168,25389,25610,25831,26052,26273,26494,26715,26936,27157,27378,27599,27820,28041,28262,28483,28704,28925,29146,29367,29588,29809,30030,30251,30472,30693,30914,31135,31356,31577,31798,32019,32240,32461,32682,32903,33124,33345,33566,33787,34008,34229,34450,34671,34892,35113,35334,35555,35776,35997,36218,36439,36660,36881,37102,37323,37544,37765,37986,38207,38428,38649,38870,39091,39312,39533,39754,39975,40196,40417,40638,40859,41080,41301,41522,41743,41964,42185,42406,42627,42848,43069,43290,43511,43732,43953,44174,44395,44616,44837,45058,45279,45500,45721,45942,46163,46384,46605,46826,47047,47268,47489,47710,47931,48152,48373,48594,48815
196,417,638,859,1080,1301,1522,1743,1964,2185,2406,2627,2848,3069,3290,3511,3732,3953,4174,4395,4616,4837,5058,5279,5500,5525,5721,5942,6163,6384,6605,6826,7047,7268,7489,7710,7931,8152,8373,8594,8815,9036,9257,9478,9699,9920,10141,10362,10583,10804,11025,11246,11467,11688,11909,12130,12351,12572,12793,13014,13235,13456,13677,13898,14119,14340,14561,14782,15003,15224,15445,15666,15887,16108,16329,16550,16771,16992,17213,17434,17655,17876,18097,18318,18539,18760,18981,19202,19423,19644,19865,20086,20307,20528,20749,20970,21191,21412,21633,21854,22075,22296,22517,22738,22959,23180,23401,23622,23843,24064,24285,24506,24727,24948,25169,25390,25611,25832,26053,26274,26495,26716,26937,27158,27379,27600,27821,28042,28263,28484,28705,28926,29147,29368,29589,29810,30031,30252,30473,30694,30915,31136,31357,31578,31799,32020,32241,32462,32683,32904,33125,33346,33567,33788,34009,34230,34451,34672,34893,35114,35335,35556,35777,35998,36219,36440,36661,36882,37103,37324,37545,37766,37987,38208,38429,38650,38871,39092,39313,39534,39755,39976,40197,40418,40639,40860,41081,41302,41523,41744,41965,42186,42407,42628,42849,43070,43291,43512,43733,43954,44175,44396,44617,44838,45059,45280,45501,45722,45943,46164,46385,46606,46827,47048,47269,47490,47711,47932,48153,48374,48595,48816
197,418,639,860,1081,1302,1523,1744,1965,2186,2407,2628,2849,3070,3291,3512,3733,3954,4175,4396,4617,4838,5059,5280,5304,5501,5722,5943,6164,6385,6606,6827,7048,7269,7490,7711,7932,8153,8374,8595,8816,9037,9258,9479,9700,9921,10142,10363,10584,10805,11026,11247,11468,11689,11910,12131,12352,12573,12794,13015,13236,13457,13678,13899,14120,14341,14562,14783,15004,15225,15446,15667,15888,16109,16330,16551,16772,16993,17214,17435,17656,17877,18098,18319,18540,18761,18982,19203,19424,19645,19866,20087,20308,20529,20750,20971,21192,21413,21634,21855,22076,22297,22518,22739,22960,23181,23402,23623,23844,24065,24286,24507,24728,24949,25170,25391,25612,25833,26054,26275,26496,26717,26938,27159,27380,27601,27822,28043,28264,28485,28706,28927,29148,29369,29590,29811,30032,30253,30474,30695,30916,31137,31358,31579,31800,32021,32242,32463,32684,32905,33126,33347,33568,33789,34010,34231,34452,34673,34894,35115,35336,35557,35778,35999,36220,36441,36662,36883,37104,37325,37546,37767,37988,38209,38430,38651,38872,39093,39314,39535,39756,39977,40198,40419,40640,40861,41082,41303,41524,41745,41966,42187,42408,42629,42850,43071,43292,43513,43734,43955,44176,44397,44618,44839,45060,45281,45502,45723,45944,46165,46386,46607,46828,47049,47270,47491,47712,47933,48154,48375,48596,48817
198,419,640,861,1082,1303,1524,1745,1966,2187,2408,2629,2850,3071,3292,3513,3734,3955,4176,4397,4618,4839,5060,5083,5281,5502,5723,5944,6165,6386,6607,6828,7049,7270,7491,7712,7933,8154,8375,8596,8817,9038,9259,9480,9701,9922,10143,10364,10585,10806,11027,11248,11469,11690,11911,12132,12353,12574,12795,13016,13237,13458,13679,13900,14121,14342,14563,14784,15005,15226,15447,15668,15889,16110,16331,16552,16773,16994,17215,17436,17657,17878,18099,18320,18541,18762,18983,19204,19425,19646,19867,20088,20309,20530,20751,20972,21193,21414,21635,21856,22077,22298,22519,22740,22961,23182,23403,23624,23845,24066,24287,24508,24729,24950,25171,25392,25613,25834,26055,26276,26497,26718,26939,27160,27381,27602,27823,28044,28265,28486,28707,28928,29149,29370,29591,29812,30033,30254,30475,30696,30917,31138,31359,31580,31801,32022,32243,32464,32685,32906,33127,33348,33569,33790,34011,34232,34453,34674,34895,35116,35337,35558,35779,36000,36221,36442,36663,36884,37105,37326,37547,37768,37989,38210,38431,38652,38873,39094,39315,39536,39757,39978,40199,40420,40641,40862,41083,41304,41525,41746,41967,42188,42409,42630,42851,43072,43293,43514,43735,43956,44177,44398,44619,44840,45061,45282,45503,45724,45945,46166,46387,46608,46829,47050,47271,47492,47713,47934,48155,48376,48597,48818
199,420,641,862,1083,1304,1525,1746,1967,2188,2409,2630,2851,3072,3293,3514,3735,3956,4177,4398,4619,4840,4862,5061,5282,5503,5724,5945,6166,6387,6608,6829,7050,7271,7492,7713,7934,8155,8376,8597,8818,9039,9260,9481,9702,9923,10144,10365,10586,10807,11028,11249,11470,11691,11912,12133,12354,12575,12796,13017,13238,13459,13680,13901,14122,14343,14564,14785,15006,15227,15448,15669,15890,16111,16332,16553,16774,16995,17216,17437,17658,17879,18100,18321,18542,18763,18984,19205,19426,19647,19868,20089,20310,20531,20752,20973,21194,21415,21636,21857,22078,22299,22520,22741,22962,23183,23404,23625,23846,24067,24288,24509,24730,24951,25172,25393,25614,25835,26056,26277,26498,26719,26940,27161,27382,27603,27824,28045,28266,28487,28708,28929,29150,29371,29592,29813,30034,30255,30476,30697,30918,31139,31360,31581,31802,32023,32244,32465,32686,32907,33128,33349,33570,33791,34012,34233,34454,34675,34896,35117,35338,35559,35780,36001,36222,36443,36664,36885,37106,37327,37548,37769,37990,38211,38432,38653,38874,39095,39316,39537,39758,39979,40200,40421,40642,40863,41084,41305,41526,41747,41968,42189,42410,42631,42852,43073,43294,43515,43736,43957,44178,44399,44620,44841,45062,45283,45504,45725,45946,46167,46388,46609,46830,47051,47272,47493,47714,47935,48156,48377,48598,48819
200,421,642,863,1084,1305,1526,1747,1968,2189,2410,2631,2852,3073,3294,3515,3736,3957,4178,4399,4620,4641,4841,5062,5283,5504,5725,5946,6167,6388,6609,6830,7051,7272,7493,7714,7935,8156,8377,8598,8819,9040,9261,9482,9703,9924,10145,10366,10587,10808,11029,11250,11471,11692,11913,12134,12355,12576,12797,13018,13239,13460,13681,13902,14123,14344,14565,14786,15007,15228,15449,15670,15891,16112,16333,16554,16775,16996,17217,17438,17659,17880,18101,18322,18543,18764,18985,19206,19427,19648,19869,20090,20311,20532,20753,20974,21195,21416,21637,21858,22079,22300,22521,22742,22963,23184,23405,23626,23847,24068,24289,24510,24731,24952,25173,25394,25615,25836,26057,26278,26499,26720,26941,27162,27383,27604,27825,28046,28267,28488,28709,28930,29151,29372,29593,29814,30035,30256,30477,30698,30919,31140,31361,31582,31803,32024,32245,32466,32687,32908,33129,33350,33571,33792,34013,34234,34455,34676,34897,35118,35339,35560,35781,36002,36223,36444,36665,36886,37107,37328,37549,37770,37991,38212,38433,38654,38875,39096,39317,39538,39759,39980,40201,40422,40643,40864,41085,41306,41527,41748,41969,42190,42411,42632,42853,43074,43295,43516,43737,43958,44179,44400,44621,44842,45063,45284,45505,45726,45947,46168,46389,46610,46831,47052,47273,47494,47715,47936,48157,48378,48599,48820
201,422,643,864,1085,1306,1527,1748,1969,2190,2411,2632,2853,3074,3295,3516,3737,3958,4179,4400,4420,4621,4842,5063,5284,5505,5726,5947,6168,6389,6610,6831,7052,7273,7494,7715,7936,8157,8378,8599,8820,9041,9262,9483,9704,9925,10146,10367,10588,10809,11030,11251,11472,11693,11914,12135,12356,12577,12798,13019,13240,13461,13682,13903,14124,14345,14566,14787,15008,15229,15450,15671,15892,16113,16334,16555,16776,16997,17218,17439,17660,17881,18102,18323,18544,18765,18986,19207,19428,19649,19870,20091,20312,20533,20754,20975,21196,21417,21638,21859,22080,22301,22522,22743,22964,23185,23406,23627,23848,24069,24290,24511,24732,24953,25174,25395,25616,25837,26058,26279,26500,26721,26942,27163,27384,27605,27826,28047,28268,28489,28710,28931,29152,29373,29594,29815,30036,30257,30478,30699,30920,31141,31362,31583,31804,32025,32246,32467,32688,32909,33130,33351,33572,33793,34014,34235,34456,34677,34898,35119,35340,35561,35782,36003,36224,36445,36666,36887,37108,37329,37550,37771,37992,38213,38434,38655,38876,39097,39318,39539,39760,39981,40202,40423,40644,40865,41086,41307,41528,41749,41970,42191,42412,42633,42854,43075,43296,43517,43738,43959,44180,44401,44622,44843,45064,45285,45506,45727,45948,46169,46390,46611,46832,47053,47274,47495,47716,47937,48158,48379,48600,48821
202,423,644,865,1086,1307,1528,1749,1970,2191,2412,2633,2854,3075,3296,3517,3738,3959,4180,4199,4401,4622,4843,5064,5285,5506,5727,5948,6169,6390,6611,6832,7053,7274,7495,7716,7937,8158,8379,8600,8821,9042,9263,9484,9705,9926,10147,10368,10589,10810,11031,11252,11473,11694,11915,12136,12357,12578,12799,13020,13241,13462,13683,13904,14125,14346,14567,14788,15009,15230,15451,15672,15893,16114,16335,16556,16777,16998,17219,17440,17661,17882,18103,18324,18545,18766,18987,19208,19429,19650,19871,20092,20313,20534,20755,20976,21197,21418,21639,21860,22081,22302,22523,22744,22965,23186,23407,23628,23849,24070,24291,24512,24733,24954,25175,25396,25617,25838,26059,26280,26501,26722,26943,27164,27385,27606,27827,28048,28269,28490,28711,28932,29153,29374,29595,29816,30037,30258,30479,30700,30921,31142,31363,31584,31805,32026,32247,32468,32689,32910,33131,33352,33573,33794,34015,34236,34457,34678,34899,35120,35341,35562,35783,36004,36225,36446,36667,36888,37109,37330,37551,37772,37993,38214,38435,38656,38877,39098,39319,39540,39761,39982,40203,40424,40645,40866,41087,41308,41529,41750,41971,42192,42413,42634,42855,43076,43297,43518,43739,43960,44181,44402,44623,44844,45065,45286,45507,45728,45949,46170,46391,46612,46833,47054,47275,47496,47717,47938,48159,48380,48601,48822
203,424,645,866,1087,1308,1529,1750,1971,2192,2413,2634,2855,3076,3297,3518,3739,3960,3978,4181,4402,4623,4844,5065,5286,5507,5728,5949,6170,6391,6612,6833,7054,7275,7496,7717,7938,8159,8380,8601,8822,9043,9264,9485,9706,9927,10148,10369,10590,10811,11032,11253,11474,11695,11916,12137,12358,12579,12800,13021,13242,13463,13684,13905,14126,14347,14568,14789,15010,15231,15452,15673,15894,16115,16336,16557,16778,16999,17220,17441,17662,17883,18104,18325,18546,18767,18988,19209,19430,19651,19872,20093,20314,20535,20756,20977,21198,21419,21640,21861,22082,22303,22524,22745,22966,23187,23408,23629,23850,24071,24292,24513,24734,24955,25176,25397,25618,25839,26060,26281,26502,26723,26944,27165,27386,27607,27828,28049,28270,28491,28712,28933,29154,29375,29596,29817,30038,30259,30480,30701,30922,31143,31364,31585,31806,32027,32248,32469,32690,32911,33132,33353,33574,33795,34016,34237,34458,34679,34900,35121,35342,35563,35784,36005,36226,36447,36668,36889,37110,37331,37552,37773,37994,38215,38436,38657,38878,39099,39320,39541,39762,39983,40204,40425,40646,40867,41088,41309,41530,41751,41972,42193,42414,42635,42856,43077,43298,43519,43740,43961,44182,44403,44624,44845,45066,45287,45508,45729,45950,46171,46392,46613,46834,47055,47276,47497,47718,47939,48160,48381,48602,48823
204,425,646,867,1088,1309,1530,1751,1972,2193,2414,2635,2856,3077,3298,3519,3740,3757,3961,4182,4403,4624,4845,5066,5287,5508,5729,5950,6171,6392,6613,6834,7055,7276,7497,7718,7939,8160,8381,8602,8823,9044,9265,9486,9707,9928,10149,10370,10591,10812,11033,11254,11475,11696,11917,12138,12359,12580,12801,13022,13243,13464,13685,13906,14127,14348,14569,14790,15011,15232,15453,15674,15895,16116,16337,16558,16779,17000,17221,17442,17663,17884,18105,18326,18547,18768,18989,19210,19431,19652,19873,20094,20315,20536,20757,20978,21199,21420,21641,21862,22083,22304,22525,22746,22967,23188,23409,23630,23851,24072,24293,24514,24735,24956,25177,25398,25619,25840,26061,26282,26503,26724,26945,27166,27387,27608,27829,28050,28271,28492,28713,28934,29155,29376,29597,29818,30039,30260,30481,30702,30923,31144,31365,31586,31807,32028,32249,32470,32691,32912,33133,33354,33575,33796,34017,34238,34459,34680,34901,35122,35343,35564,35785,36006,36227,36448,36669,36890,37111,37332,37553,37774,37995,38216,38437,38658,38879,39100,39321,39542,39763,39984,40205,40426,40647,40868,41089,41310,41531,41752,41973,42194,42415,42636,42857,43078,43299,43520,43741,43962,44183,44404,44625,44846,45067,45288,45509,45730,45951,46172,46393,46614,46835,47056,47277,47498,47719,47940,48161,48382,48603,48824
205,426,647,868,1089,1310,1531,1752,1973,2194,2415,2636,2857,3078,3299,3520,3536,3741,3962,4183,4404,4625,4846,5067,5288,5509,5730,5951,6172,6393,6614,6835,7056,7277,7498,7719,7940,8161,8382,8603,8824,9045,9266,9487,9708,9929,10150,10371,10592,10813,11034,11255,11476,11697,11918,12139,12360,12581,12802,13023,13244,13465,13686,13907,14128,14349,14570,14791,15012,15233,15454,15675,15896,16117,16338,16559,16780,17001,17222,17443,17664,17885,18106,18327,18548,18769,18990,19211,19432,19653,19874,20095,20316,20537,20758,20979,21200,21421,21642,21863,22084,22305,22526,22747,22968,23189,23410,23631,23852,24073,24294,24515,24736,24957,25178,25399,25620,25841,26062,26283,26504,26725,26946,27167,27388,27609,27830,28051,28272,28493,28714,28935,29156,29377,29598,29819,30040,30261,30482,30703,30924,31145,31366,31587,31808,32029,32250,32471,32692,32913,33134,33355,33576,33797,34018,34239,34460,34681,34902,35123,35344,35565,35786,36007,36228,36449,36670,36891,37112,37333,37554,37775,37996,38217,38438,38659,38880,39101,39322,39543,39764,39985,40206,40427,40648,40869,41090,41311,41532,41753,41974,42195,42416,42637,42858,43079,43300,43521,43742,43963,44184,44405,44626,44847,45068,45289,45510,45731,45952,46173,46394,46615,46836,47057,47278,47499,47720,47941,48162,48383,48604,48825
206,427,648,869,1090,1311,1532,1753,1974,2195,2416,2637,2858,3079,3300,3315,3521,3742,3963,4184,4405,4626,4847,5068,5289,5510,5731,5952,6173,6394,6615,6836,7057,7278,7499,7720,7941,8162,8383,8604,8825,9046,9267,9488,9709,9930,10151,10372,10593,10814,11035,11256,11477,11698,11919,12140,12361,12582,12803,13024,13245,13466,13687,13908,14129,14350,14571,14792,15013,15234,15455,15676,15897,16118,16339,16560,16781,17002,17223,17444,17665,17886,18107,18328,18549,18770,18991,19212,19433,19654,19875,20096,20317,20538,20759,20980,21201,21422,21643,21864,22085,22306,22527,22748,22969,23190,23411,23632,23853,24074,24295,24516,24737,24958,25179,25400,25621,25842,26063,26284,26505,26726,26947,27168,27389,27610,27831,28052,28273,28494,28715,28936,29157,29378,29599,29820,30041,30262,30483,30704,30925,31146,31367,31588,31809,32030,32251,32472,32693,32914,33135,33356,33577,33798,34019,34240,34461,34682,34903,35124,35345,35566,35787,36008,36229,36450,36671,36892,37113,37334,37555,37776,37997,38218,38439,38660,38881,39102,39323,39544,39765,39986,40207,40428,40649,40870,41091,41312,41533,41754,41975,42196,42417,42638,42859,43080,43301,43522,43743,43964,44185,44406,44627,44848,45069,45290,45511,45732,45953,46174,46395,46616,46837,47058,47279,47500,47721,47942,48163,48384,48605,48826
207,428,649,870,1091,1312,1533,1754,1975,2196,2417,2638,2859,3080,3094,3301,3522,3743,3964,4185,4406,4627,4848,5069,5290,5511,5732,5953,6174,6395,6616,6837,7058,7279,7500,7721,7942,8163,8384,8605,8826,9047,9268,9489,9710,9931,10152,10373,10594,10815,11036,11257,11478,11699,11920,12141,12362,12583,12804,13025,13246,13467,13688,13909,14130,14351,14572,14793,15014,15235,15456,15677,15898,16119,16340,16561,16782,17003,17224,17445,17666,17887,18108,18329,18550,18771,18992,19213,19434,19655,19876,20097,20318,20539,20760,20981,21202,21423,21644,21865,22086,22307,22528,22749,22970,23191,23412,23633,23854,24075,24296,24517,24738,24959,25180,25401,25622,25843,26064,26285,26506,26727,26948,27169,27390,27611,27832,28053,28274,28495,28716,28937,29158,29379,29600,29821,30042,30263,30484,30705,30926,31147,31368,31589,31810,32031,32252,32473,32694,32915,33136,33357,33578,33799,34020,34241,34462,34683,34904,35125,35346,35567,35788,36009,36230,36451,36672,36893,37114,37335,37556,37777,37998,38219,38440,38661,38882,39103,39324,39545,39766,39987,40208,40429,40650,40871,41092,41313,41534,41755,41976,42197,42418,42639,42860,43081,43302,43523,43744,43965,44186,44407,44628,44849,45070,45291,45512,45733,45954,46175,46396,46617,46838,47059,47280,47501,47722,47943,48164,48385,48606,48827
208,429,650,871,1092,1313,1534,1755,1976,2197,2418,2639,2860,2873,3081,3302,3523,3744,3965,4186,4407,4628,4849,5070,5291,5512,5733,5954,6175,6396,6617,6838,7059,7280,7501,7722,7943,8164,8385,8606,8827,9048,9269,9490,9711,9932,10153,10374,10595,10816,11037,11258,11479,11700,11921,12142,12363,12584,12805,13026,13247,13468,13689,13910,14131,14352,14573,14794,15015,15236,15457,15678,15899,16120,16341,16562,16783,17004,17225,17446,17667,17888,18109,18330,18551,18772,18993,19214,19435,19656,19877,20098,20319,20540,20761,20982,21203,21424,21645,21866,22087,22308,22529,22750,22971,23192,23413,23634,23855,24076,24297,24518,24739,24960,25181,25402,25623,25844,26065,26286,26507,26728,26949,27170,27391,27612,27833,28054,28275,28496,28717,28938,29159,29380,29601,29822,30043,30264,30485,30706,30927,31148,31369,31590,31811,32032,32253,32474,32695,32916,33137,33358,33579,33800,34021,34242,34463,34684,34905,35126,35347,35568,35789,36010,36231,36452,36673,36894,37115,37336,37557,37778,37999,38220,38441,38662,38883,39104,39325,39546,39767,39988,40209,40430,40651,40872,41093,41314,41535,41756,41977,42198,42419,42640,42861,43082,43303,43524,43745,43966,44187,44408,44629,44850,45071,45292,45513,45734,45955,46176,46397,46618,46839,47060,47281,47502,47723,47944,48165,48386,48607,48828
209,430,651,872,1093,1314,1535,1756,1977,2198,2419,2640,2652,2861,3082,3303,3524,3745,3966,4187,4408,4629,4850,5071,5292,5513,5734,5955,6176,6397,6618,6839,7060,7281,7502,7723,7944,8165,8386,8607,8828,9049,9270,9491,9712,9933,10154,10375,10596,10817,11038,11259,11480,11701,11922,12143,12364,12585,12806,13027,13248,13469,13690,13911,14132,14353,14574,14795,15016,15237,15458,15679,15900,16121,16342,16563,16784,17005,17226,17447,17668,17889,18110,18331,18552,18773,18994,19215,19436,19657,19878,20099,20320,20541,20762,20983,21204,21425,21646,21867,22088,22309,22530,22751,22972,23193,23414,23635,23856,24077,24298,24519,24740,24961,25182,25403,25624,25845,26066,26287,26508,26729,26950,27171,27392,27613,27834,28055,28276,28497,28718,28939,29160,29381,29602,29823,30044,30265,30486,30707,30928,31149,31370,31591,31812,32033,32254,32475,32696,32917,33138,33359,33580,33801,34022,34243,34464,34685,34906,35127,35348,35569,35790,36011,36232,36453,36674,36895,37116,37337,37558,37779,38000,38221,38442,38663,38884,39105,39326,39547,39768,39989,40210,40431,40652,40873,41094,41315,41536,41757,41978,42199,42420,42641,42862,43083,43304,43525,43746,43967,44188,44409,44630,44851,45072,45293,45514,45735,45956,46177,46398,46619,46840,47061,47282,47503,47724,47945,48166,48387,48608,48829
210,431,652,873,1094,1315,1536,1757,1978,2199,2420,2431,2641,2862,3083,3304,3525,3746,3967,4188,4409,4630,4851,5072,5293,5514,5735,5956,6177,6398,6619,6840,7061,7282,7503,7724,7945,8166,8387,8608,8829,9050,9271,9492,9713,9934,10155,10376,10597,10818,11039,11260,11481,11702,11923,12144,12365,12586,12807,13028,13249,13470,13691,13912,14133,14354,14575,14796,15017,15238,15459,15680,15901,16122,16343,16564,16785,17006,17227,17448,17669,17890,18111,18332,18553,18774,18995,19216,19437,19658,19879,20100,20321,20542,20763,20984,21205,21426,21647,21868,22089,22310,22531,22752,22973,23194,23415,23636,23857,24078,24299,24520,24741,24962,25183,25404,25625,25846,26067,26288,26509,26730,26951,27172,27393,27614,27835,28056,28277,28498,28719,28940,29161,29382,29603,29824,30045,30266,30487,30708,30929,31150,31371,31592,31813,32034,32255,32476,32697,32918,33139,33360,33581,33802,34023,34244,34465,34686,34907,35128,35349,35570,35791,36012,36233,36454,36675,36896,37117,37338,37559,37780,38001,38222,38443,38664,38885,39106,39327,39548,39769,39990,40211,40432,40653,40874,41095,41316,41537,41758,41979,42200,42421,42642,42863,43084,43305,43526,43747,43968,44189,44410,44631,44852,45073,45294,45515,45736,45957,46178,46399,46620,46841,47062,47283,47504,47725,47946,48167,48388,48609,48830
211,432,653,874,1095,1316,1537,1758,1979,2200,2210,2421,2642,2863,3084,3305,3526,3747,3968,4189,4410,4631,4852,5073,5294,5515,5736,5957,6178,6399,6620,6841,7062,7283,7504,7725,7946,8167,8388,8609,8830,9051,9272,9493,9714,9935,10156,10377,10598,10819,11040,11261,11482,11703,11924,12145,12366,12587,12808,13029,13250,13471,13692,13913,14134,14355,14576,14797,15018,15239,15460,15681,15902,16123,16344,16565,16786,17007,17228,17449,17670,17891,18112,18333,18554,18775,18996,19217,19438,19659,19880,20101,20322,20543,20764,20985,21206,21427,21648,21869,22090,22311,22532,22753,22974,23195,23416,23637,23858,24079,24300,24521,24742,24963,25184,25405,25626,25847,26068,26289,26510,26731,26952,27173,27394,27615,27836,28057,28278,28499,28720,28941,29162,29383,29604,29825,30046,30267,30488,30709,30930,31151,31372,31593,31814,32035,32256,32477,32698,32919,33140,33361,33582,33803,34024,34245,34466,34687,34908,35129,35350,35571,35792,36013,36234,36455,36676,36897,37118,37339,37560,37781,38002,38223,38444,38665,38886,39107,39328,39549,39770,39991,40212,40433,40654,40875,41096,41317,41538,41759,41980,42201,42422,42643,42864,43085,43306,43527,43748,43969,44190,44411,44632,44853,45074,45295,45516,45737,45958,46179,46400,46621,46842,47063,47284,47505,47726,47947,48168,48389,48610,48831
212,433,654,875,1096,1317,1538,1759,1980,1989,2201,2422,2643,2864,3085,3306,3527,3748,3969,4190,4411,4632,4853,5074,5295,5516,5737,5958,6179,6400,6621,6842,7063,7284,7505,7726,7947,8168,8389,8610,8831,9052,9273,9494,9715,9936,10157,10378,10599,10820,11041,11262,11483,11704,11925,12146,12367,12588,12809,13030,13251,13472,13693,13914,14135,14356,14577,14798,15019,15240,15461,15682,15903,16124,16345,16566,16787,17008,17229,17450,17671,17892,18113,18334,18555,18776,18997,19218,19439,19660,19881,20102,20323,20544,20765,20986,21207,21428,21649,21870,22091,22312,22533,22754,22975,23196,23417,23638,23859,24080,24301,24522,24743,24964,25185,25406,25627,25848,26069,26290,26511,26732,26953,27174,27395,27616,27837,28058,28279,28500,28721,28942,29163,29384,29605,29826,30047,30268,30489,30710,30931,31152,31373,31594,31815,32036,32257,32478,32699,32920,33141,33362,33583,33804,34025,34246,34467,34688,34909,35130,35351,35572,35793,36014,36235,36456,36677,36898,37119,37340,37561,37782,38003,38224,38445,38666,38887,39108,39329,39550,39771,39992,40213,40434,40655,40876,41097,41318,41539,41760,41981,42202,42423,42644,42865,43086,43307,43528,43749,43970,44191,44412,44633,44854,45075,45296,45517,45738,45959,46180,46401,46622,46843,47064,47285,47506,47727,47948,48169,48390,48611,48832
213,434,655,876,1097,1318,1539,1760,1768,1981,2202,2423,2644,2865,3086,3307,3528,3749,3970,4191,4412,4633,4854,5075,5296,5517,5738,5959,6180,6401,6622,6843,7064,7285,7506,7727,7948,8169,8390,8611,8832,9053,9274,9495,9716,9937,10158,10379,10600,10821,11042,11263,11484,11705,11926,12147,12368,12589,12810,13031,13252,13473,13694,13915,14136,14357,14578,14799,15020,15241,15462,15683,15904,16125,16346,16567,16788,17009,17230,17451,17672,17893,18114,18335,18556,18777,18998,19219,19440,19661,19882,20103,20324,20545,20766,20987,21208,21429,21650,21871,22092,22313,22534,22755,22976,23197,23418,23639,23860,24081,24302,24523,24744,24965,25186,25407,25628,25849,26070,26291,26512,26733,26954,27175,27396,27617,27838,28059,28280,28501,28722,28943,29164,29385,29606,29827,30048,30269,30490,30711,30932,31153,31374,31595,31816,32037,32258,32479,32700,32921,33142,33363,33584,33805,34026,34247,34468,34689,34910,35131,35352,35573,35794,36015,36236,36457,36678,36899,37120,37341,37562,37783,38004,38225,38446,38667,38888,39109,39330,39551,39772,39993,40214,40435,40656,40877,41098,41319,41540,41761,41982,42203,42424,42645,42866,43087,43308,43529,43750,43971,44192,44413,44634,44855,45076,45297,45518,45739,45960,46181,46402,46623,46844,47065,47286,47507,47728,47949,48170,48391,48612,48833
214,435,656,877,1098,1319,1540,1547,1761,1982,2203,2424,2645,2866,3087,3308,3529,3750,3971,4192,4413,4634,4855,5076,5297,5518,5739,5960,6181,6402,6623,6844,7065,7286,7507,7728,7949,8170,8391,8612,8833,9054,9275,9496,9717,9938,10159,10380,10601,10822,11043,11264,11485,11706,11927,12148,12369,12590,12811,13032,13253,13474,13695,13916,14137,14358,14579,14800,15021,15242,15463,15684,15905,16126,16347,16568,16789,17010,17231,17452,17673,17894,18115,18336,18557,18778,18999,19220,19441,19662,19883,20104,20325,20546,20767,20988,21209,21430,21651,21872,22093,22314,22535,22756,22977,23198,23419,23640,23861,24082,24303,24524,24745,24966,25187,25408,25629,25850,26071,26292,26513,26734,26955,27176,27397,27618,27839,28060,28281,28502,28723,28944,29165,29386,29607,29828,30049,30270,30491,30712,30933,31154,31375,31596,31817,32038,32259,32480,32701,32922,33143,33364,33585,33806,34027,34248,34469,34690,34911,35132,35353,35574,35795,36016,36237,36458,36679,36900,37121,37342,37563,37784,38005,38226,38447,38668,38889,39110,39331,39552,39773,39994,40215,40436,40657,40878,41099,41320,41541,41762,41983,42204,42425,42646,42867,43088,43309,43530,43751,43972,44193,44414,44635,44856,45077,45298,45519,45740,45961,46182,46403,46624,46845,47066,47287,47508,47729,47950,48171,48392,48613,48834
215,436,657,878,1099,1320,1326,1541,1762,1983,2204,2425,2646,2867,3088,3309,3530,3751,3972,4193,4414,4635,4856,5077,5298,5519,5740,5961,6182,6403,6624,6845,7066,7287,7508,7729,7950,8171,8392,8613,8834,9055,9276,9497,9718,9939,10160,10381,10602,10823,11044,11265,11486,11707,11928,12149,12370,12591,12812,13033,13254,13475,13696,13917,14138,14359,14580,14801,15022,15243,15464,15685,15906,16127,16348,16569,16790,17011,17232,17453,17674,17895,18116,18337,18558,18779,19000,19221,19442,19663,19884,20105,20326,20547,20768,20989,21210,21431,21652,21873,22094,22315,22536,22757,22978,23199,23420,23641,23862,24083,24304,24525,24746,24967,25188,25409,25630,25851,26072,26293,26514,26735,26956,27177,27398,27619,27840,28061,28282,28503,28724,28945,29166,29387,29608,29829,30050,30271,30492,30713,30934,31155,31376,31597,31818,32039,32260,32481,32702,32923,33144,33365,33586,33807,34028,34249,34470,34691,34912,35133,35354,35575,35796,36017,36238,36459,36680,36901,37122,37343,37564,37785,38006,38227,38448,38669,38890,39111,39332,39553,39774,39995,40216,40437,40658,40879,41100,41321,41542,41763,41984,42205,42426,42647,42868,43089,43310,43531,43752,43973,44194,44415,44636,44857,45078,45299,45520,45741,45962,46183,46404,46625,46846,47067,47288,47509,47730,47951,48172,48393,48614,48835
216,437,658,879,1100,1105,1321,1542,1763,1984,2205,2426,2647,2868,3089,3310,3531,3752,3973,4194,4415,4636,4857,5078,5299,5520,5741,5962,6183,6404,6625,6846,7067,7288,7509,7730,7951,8172,8393,8614,8835,9056,9277,9498,9719,9940,10161,10382,10603,10824,11045,11266,11487,11708,11929,12150,12371,12592,12813,13034,13255,13476,13697,13918,14139,14360,14581,14802,15023,15244,15465,15686,15907,16128,16349,16570,16791,17012,17233,17454,17675,17896,18117,18338,18559,18780,19001,19222,19443,19664,19885,20106,20327,20548,20769,20990,21211,21432,21653,21874,22095,22316,22537,22758,22979,23200,23421,23642,23863,24084,24305,24526,24747,24968,25189,25410,25631,25852,26073,26294,26515,26736,26957,27178,27399,27620,27841,28062,28283,28504,28725,28946,29167,29388,29609,29830,30051,30272,30493,30714,30935,31156,31377,31598,31819,32040,32261,32482,32703,32924,33145,33366,33587,33808,34029,34250,34471,34692,34913,35134,35355,35576,35797,36018,36239,36460,36681,36902,37123,37344,37565,37786,38007,38228,38449,38670,38891,39112,39333,39554,39775,39996,40217,40438,40659,40880,41101,41322,41543,41764,41985,42206,42427,42648,42869,43090,43311,43532,43753,43974,44195,44416,44637,44858,45079,45300,45521,45742,45963,46184,46405,46626,46847,47068,47289,47510,47731,47952,48173,48394,48615,48836
217,438,659,880,884,1101,1322,1543,1764,1985,2206,2427,2648,2869,3090,3311,3532,3753,3974,4195,4416,4637,4858,5079,5300,5521,5742,5963,6184,6405,6626,6847,7068,7289,7510,7731,7952,8173,8394,8615,8836,9057,9278,9499,9720,9941,10162,10383,10604,10825,11046,11267,11488,11709,11930,12151,12372,12593,12814,13035,13256,13477,13698,13919,14140,14361,14582,14803,15024,15245,15466,15687,15908,16129,16350,16571,16792,17013,17234,17455,17676,17897,18118,18339,18560,18781,19002,19223,19444,19665,19886,20107,20328,20549,20770,20991,21212,21433,21654,21875,22096,22317,22538,22759,22980,23201,23422,23643,23864,24085,24306,24527,24748,24969,25190,25411,25632,25853,26074,26295,26516,26737,26958,27179,27400,27621,27842,28063,28284,28505,28726,28947,29168,29389,29610,29831,30052,30273,30494,30715,30936,31157,31378,31599,31820,32041,32262,32483,32704,32925,33146,33367,33588,33809,34030,34251,34472,34693,34914,35135,35356,35577,35798,36019,36240,36461,36682,36903,37124,37345,37566,37787,38008,38229,38450,38671,38892,39113,39334,39555,39776,39997,40218,40439,40660,40881,41102,41323,41544,41765,41986,42207,42428,42649,42870,43091,43312,43533,43754,43975,44196,44417,44638,44859,45080,45301,45522,45743,45964,46185,46406,46627,46848,47069,47290,47511,47732,47953,48174,48395,48616,48837
218,439,660,663,881,1102,1323,1544,1765,1986,2207,2428,2649,2870,3091,3312,3533,3754,3975,4196,4417,4638,4859,5080,5301,5522,5743,5964,6185,6406,6627,6848,7069,7290,7511,7732,7953,8174,8395,8616,8837,9058,9279,9500,9721,9942,10163,10384,10605,10826,11047,11268,11489,11710,11931,12152,12373,12594,12815,13036,13257,13478,13699,13920,14141,14362,14583,14804,15025,15246,15467,15688,15909,16130,16351,16572,16793,17014,17235,17456,17677,17898,18119,18340,18561,18782,19003,19224,19445,19666,19887,20108,20329,20550,20771,20992,21213,21434,21655,21876,22097,22318,22539,22760,22981,23202,23423,23644,23865,24086,24307,24528,24749,24970,25191,25412,25633,25854,26075,26296,26517,26738,26959,27180,27401,27622,27843,28064,28285,28506,28727,28948,29169,29390,29611,29832,30053,30274,30495,30716,30937,31158,31379,31600,31821,32042,32263,32484,32705,32926,33147,33368,33589,33810,34031,34252,34473,34694,34915,35136,35357,35578,35799,36020,36241,36462,36683,36904,37125,37346,37567,37788,38009,38230,38451,38672,38893,39114,39335,39556,39777,39998,40219,40440,40661,40882,41103,41324,41545,41766,41987,42208,42429,42650,42871,43092,43313,43534,43755,43976,44197,44418,44639,44860,45081,45302,45523,45744,45965,46186,46407,46628,46849,47070,47291,47512,47733,47954,48175,48396,48617,48838
219,440,442,661,882,1103,1324,1545,1766,1987,2208,2429,2650,2871,3092,3313,3534,3755,3976,4197,4418,4639,4860,5081,5302,5523,5744,5965,6186,6407,6628,6849,7070,7291,7512,7733,7954,8175,8396,8617,8838,9059,9280,9501,9722,9943,10164,10385,10606,10827,11048,11269,11490,11711,11932,12153,12374,12595,12816,13037,13258,13479,13700,13921,14142,14363,14584,14805,15026,15247,15468,15689,15910,16131,16352,16573,16794,17015,17236,17457,17678,17899,18120,18341,18562,18783,19004,19225,19446,19667,19888,20109,20330,20551,20772,20993,21214,21435,21656,21877,22098,22319,22540,22761,22982,23203,23424,23645,23866,24087,24308,24529,24750,24971,25192,25413,25634,25855,26076,26297,26518,26739,26960,27181,27402,27623,27844,28065,28286,28507,28728,28949,29170,29391,29612,29833,30054,30275,30496,30717,30938,31159,31380,31601,31822,32043,32264,32485,32706,32927,33148,33369,33590,33811,34032,34253,34474,34695,34916,35137,35358,35579,35800,36021,36242,36463,36684,36905,37126,37347,37568,37789,38010,38231,38452,38673,38894,39115,39336,39557,39778,39999,40220,40441,40662,40883,41104,41325,41546,41767,41988,42209,42430,42651,42872,43093,43314,43535,43756,43977,44198,44419,44640,44861,45082,45303,45524,45745,45966,46187,46408,46629,46850,47071,47292,47513,47734,47955,48176,48397,48618,48839
220,221,441,662,883,1104,1325,1546,1767,1988,2209,2430,2651,2872,3093,3314,3535,3756,3977,4198,4419,4640,4861,5082,5303,5524,5745,5966,6187,6408,6629,6850,7071,7292,7513,7734,7955,8176,8397,8618,8839,9060,9281,9502,9723,9944,10165,10386,10607,10828,11049,11270,11491,11712,11933,12154,12375,12596,12817,13038,13259,13480,13701,13922,14143,14364,14585,14806,15027,15248,15469,15690,15911,16132,16353,16574,16795,17016,17237,17458,17679,17900,18121,18342,18563,18784,19005,19226,19447,19668,19889,20110,20331,20552,20773,20994,21215,21436,21657,21878,22099,22320,22541,22762,22983,23204,23425,23646,23867,24088,24309,24530,24751,24972,25193,25414,25635,25856,26077,26298,26519,26740,26961,27182,27403,27624,27845,28066,28287,28508,28729,28950,29171,29392,29613,29834,30055,30276,30497,30718,30939,31160,31381,31602,31823,32044,32265,32486,32707,32928,33149,33370,33591,33812,34033,34254,34475,34696,34917,35138,35359,35580,35801,36022,36243,36464,36685,36906,37127,37348,37569,37790,38011,38232,38453,38674,38895,39116,39337,39558,39779,40000,40221,40442,40663,40884,41105,41326,41547,41768,41989,42210,42431,42652,42873,43094,43315,43536,43757,43978,44199,44420,44641,44862,45083,45304,45525,45746,45967,46188,46409,46630,46851,47072,47293,47514,47735,47956,48177,48398,48619,48840
