1,252,503,754,1005,1256,1507,1758,2009,2260,2511,2762,3013,3264,3515,3766,4017,4268,4519,4770,5021,5272,5523,5774,6025,6276,6527,6778,7029,7280,7531,7782,8033,8284,8535,8786,9037,9288,9539,9790,10041,10292,10543,10794,11045,11296,11547,11798,12049,12300,12551,12802,13053,13304,13555,13806,14057,14308,14559,14810,15061,15312,15563,15814,16065,16316,16567,16818,17069,17320,17571,17822,18073,18324,18575,18826,19077,19328,19579,19830,20081,20332,20583,20834,21085,21336,21587,21838,22089,22340,22591,22842,23093,23344,23595,23846,24097,24348,24599,24850,25101,25352,25603,25854,26105,26356,26607,26858,27109,27360,27611,27862,28113,28364,28615,28866,29117,29368,29619,29870,30121,30372,30623,30874,31125,31376,31627,31878,32129,32380,32631,32882,33133,33384,33635,33886,34137,34388,34639,34890,35141,35392,35643,35894,36145,36396,36647,36898,37149,37400,37651,37902,38153,38404,38655,38906,39157,39408,39659,39910,40161,40412,40663,40914,41165,41416,41667,41918,42169,42420,42671,42922,43173,43424,43675,43926,44177,44428,44679,44930,45181,45432,45683,45934,46185,46436,46687,46938,47189,47440,47691,47942,48193,48444,48695,48946,49197,49448,49699,49950,50201,50452,50703,50954,51205,51456,51707,51958,52209,52460,52711,52962,53213,53464,53715,53966,54217,54468,54719,54970,55221,55472,55723,55974,56225,56476,56727,56978,57229,57480,57731,57982,58233,58484,58735,58986,59237,59488,59739,59990,60241,60492,60743,60994,61245,61496,61747,61998,62249,62500,62750,62751
2,253,504,755,1006,1257,1508,1759,2010,2261,2512,2763,3014,3265,3516,3767,4018,4269,4520,4771,5022,5273,5524,5775,6026,6277,6528,6779,7030,7281,7532,7783,8034,8285,8536,8787,9038,9289,9540,9791,10042,10293,10544,10795,11046,11297,11548,11799,12050,12301,12552,12803,13054,13305,13556,13807,14058,14309,14560,14811,15062,15313,15564,15815,16066,16317,16568,16819,17070,17321,17572,17823,18074,18325,18576,18827,19078,19329,19580,19831,20082,20333,20584,20835,21086,21337,21588,21839,22090,22341,22592,22843,23094,23345,23596,23847,24098,24349,24600,24851,25102,25353,25604,25855,26106,26357,26608,26859,27110,27361,27612,27863,28114,28365,28616,28867,29118,29369,29620,29871,30122,30373,30624,30875,31126,31377,31628,31879,32130,32381,32632,32883,33134,33385,33636,33887,34138,34389,34640,34891,35142,35393,35644,35895,36146,36397,36648,36899,37150,37401,37652,37903,38154,38405,38656,38907,39158,39409,39660,39911,40162,40413,40664,40915,41166,41417,41668,41919,42170,42421,42672,42923,43174,43425,43676,43927,44178,44429,44680,44931,45182,45433,45684,45935,46186,46437,46688,46939,47190,47441,47692,47943,48194,48445,48696,48947,49198,49449,49700,49951,50202,50453,50704,50955,51206,51457,51708,51959,52210,52461,52712,52963,53214,53465,53716,53967,54218,54469,54720,54971,55222,55473,55724,55975,56226,56477,56728,56979,57230,57481,57732,57983,58234,58485,58736,58987,59238,59489,59740,59991,60242,60493,60744,60995,61246,61497,61748,61999,62250,62499,62501,62752
3,254,505,756,1007,1258,1509,1760,2011,2262,2513,2764,3015,3266,3517,3768,4019,4270,4521,4772,5023,5274,5525,5776,6027,6278,6529,6780,7031,7282,7533,7784,8035,8286,8537,8788,9039,9290,9541,9792,10043,10294,10545,10796,11047,11298,11549,11800,12051,12302,12553,12804,13055,13306,13557,13808,14059,14310,14561,14812,15063,15314,15565,15816,16067,16318,16569,16820,17071,17322,17573,17824,18075,18326,18577,18828,19079,19330,19581,19832,20083,20334,20585,20836,21087,21338,21589,21840,22091,22342,22593,22844,23095,23346,23597,23848,24099,24350,24601,24852,25103,25354,25605,25856,26107,26358,26609,26860,27111,27362,27613,27864,28115,28366,28617,28868,29119,29370,29621,29872,30123,30374,30625,30876,31127,31378,31629,31880,32131,32382,32633,32884,33135,33386,33637,33888,34139,34390,34641,34892,35143,35394,35645,35896,36147,36398,36649,36900,37151,37402,37653,37904,38155,38406,38657,38908,39159,39410,39661,39912,40163,40414,40665,40916,41167,41418,41669,41920,42171,42422,42673,42924,43175,43426,43677,43928,44179,44430,44681,44932,45183,45434,45685,45936,46187,46438,46689,46940,47191,47442,47693,47944,48195,48446,48697,48948,49199,49450,49701,49952,50203,50454,50705,50956,51207,51458,51709,51960,52211,52462,52713,52964,53215,53466,53717,53968,54219,54470,54721,54972,55223,55474,55725,55976,56227,56478,56729,56980,57231,57482,57733,57984,58235,58486,58737,58988,59239,59490,59741,59992,60243,60494,60745,60996,61247,61498,61749,62000,62248,62251,62502,62753
4,255,506,757,1008,1259,1510,1761,2012,2263,2514,2765,3016,3267,3518,3769,4020,4271,4522,4773,5024,5275,5526,5777,6028,6279,6530,6781,7032,7283,7534,7785,8036,8287,8538,8789,9040,9291,9542,9793,10044,10295,10546,10797,11048,11299,11550,11801,12052,12303,12554,12805,13056,13307,13558,13809,14060,14311,14562,14813,15064,15315,15566,15817,16068,16319,16570,16821,17072,17323,17574,17825,18076,18327,18578,18829,19080,19331,19582,19833,20084,20335,20586,20837,21088,21339,21590,21841,22092,22343,22594,22845,23096,23347,23598,23849,24100,24351,24602,24853,25104,25355,25606,25857,26108,26359,26610,26861,27112,27363,27614,27865,28116,28367,28618,28869,29120,29371,29622,29873,30124,30375,30626,30877,31128,31379,31630,31881,32132,32383,32634,32885,33136,33387,33638,33889,34140,34391,34642,34893,35144,35395,35646,35897,36148,36399,36650,36901,37152,37403,37654,37905,38156,38407,38658,38909,39160,39411,39662,39913,40164,40415,40666,40917,41168,41419,41670,41921,42172,42423,42674,42925,43176,43427,43678,43929,44180,44431,44682,44933,45184,45435,45686,45937,46188,46439,46690,46941,47192,47443,47694,47945,48196,48447,48698,48949,49200,49451,49702,49953,50204,50455,50706,50957,51208,51459,51710,51961,52212,52463,52714,52965,53216,53467,53718,53969,54220,54471,54722,54973,55224,55475,55726,55977,56228,56479,56730,56981,57232,57483,57734,57985,58236,58487,58738,58989,59240,59491,59742,59993,60244,60495,60746,60997,61248,61499,61750,61997,62001,62252,62503,62754
5,256,507,758,1009,1260,1511,1762,2013,2264,2515,2766,3017,3268,3519,3770,4021,4272,4523,4774,5025,5276,5527,5778,6029,6280,6531,6782,7033,7284,7535,7786,8037,8288,8539,8790,9041,9292,9543,9794,10045,10296,10547,10798,11049,11300,11551,11802,12053,12304,12555,12806,13057,13308,13559,13810,14061,14312,14563,14814,15065,15316,15567,15818,16069,16320,16571,16822,17073,17324,17575,17826,18077,18328,18579,18830,19081,19332,19583,19834,20085,20336,20587,20838,21089,21340,21591,21842,22093,22344,22595,22846,23097,23348,23599,23850,24101,24352,24603,24854,25105,25356,25607,25858,26109,26360,26611,26862,27113,27364,27615,27866,28117,28368,28619,28870,29121,29372,29623,29874,30125,30376,30627,30878,31129,31380,31631,31882,32133,32384,32635,32886,33137,33388,33639,33890,34141,34392,34643,34894,35145,35396,35647,35898,36149,36400,36651,36902,37153,37404,37655,37906,38157,38408,38659,38910,39161,39412,39663,39914,40165,40416,40667,40918,41169,41420,41671,41922,42173,42424,42675,42926,43177,43428,43679,43930,44181,44432,44683,44934,45185,45436,45687,45938,46189,46440,46691,46942,47193,47444,47695,47946,48197,48448,48699,48950,49201,49452,49703,49954,50205,50456,50707,50958,51209,51460,51711,51962,52213,52464,52715,52966,53217,53468,53719,53970,54221,54472,54723,54974,55225,55476,55727,55978,56229,56480,56731,56982,57233,57484,57735,57986,58237,58488,58739,58990,59241,59492,59743,59994,60245,60496,60747,60998,61249,61500,61746,61751,62002,62253,62504,62755
6,257,508,759,1010,1261,1512,1763,2014,2265,2516,2767,3018,3269,3520,3771,4022,4273,4524,4775,5026,5277,5528,5779,6030,6281,6532,6783,7034,7285,7536,7787,8038,8289,8540,8791,9042,9293,9544,9795,10046,10297,10548,10799,11050,11301,11552,11803,12054,12305,12556,12807,13058,13309,13560,13811,14062,14313,14564,14815,15066,15317,15568,15819,16070,16321,16572,16823,17074,17325,17576,17827,18078,18329,18580,18831,19082,19333,19584,19835,20086,20337,20588,20839,21090,21341,21592,21843,22094,22345,22596,22847,23098,23349,23600,23851,24102,24353,24604,24855,25106,25357,25608,25859,26110,26361,26612,26863,27114,27365,27616,27867,28118,28369,28620,28871,29122,29373,29624,29875,30126,30377,30628,30879,31130,31381,31632,31883,32134,32385,32636,32887,33138,33389,33640,33891,34142,34393,34644,34895,35146,35397,35648,35899,36150,36401,36652,36903,37154,37405,37656,37907,38158,38409,38660,38911,39162,39413,39664,39915,40166,40417,40668,40919,41170,41421,41672,41923,42174,42425,42676,42927,43178,43429,43680,43931,44182,44433,44684,44935,45186,45437,45688,45939,46190,46441,46692,46943,47194,47445,47696,47947,48198,48449,48700,48951,49202,49453,49704,49955,50206,50457,50708,50959,51210,51461,51712,51963,52214,52465,52716,52967,53218,53469,53720,53971,54222,54473,54724,54975,55226,55477,55728,55979,56230,56481,56732,56983,57234,57485,57736,57987,58238,58489,58740,58991,59242,59493,59744,59995,60246,60497,60748,60999,61250,61495,61501,61752,62003,62254,62505,62756
7,258,509,760,1011,1262,1513,1764,2015,2266,2517,2768,3019,3270,3521,3772,4023,4274,4525,4776,5027,5278,5529,5780,6031,6282,6533,6784,7035,7286,7537,7788,8039,8290,8541,8792,9043,9294,9545,9796,10047,10298,10549,10800,11051,11302,11553,11804,12055,12306,12557,12808,13059,13310,13561,13812,14063,14314,14565,14816,15067,15318,15569,15820,16071,16322,16573,16824,17075,17326,17577,17828,18079,18330,18581,18832,19083,19334,19585,19836,20087,20338,20589,20840,21091,21342,21593,21844,22095,22346,22597,22848,23099,23350,23601,23852,24103,24354,24605,24856,25107,25358,25609,25860,26111,26362,26613,26864,27115,27366,27617,27868,28119,28370,28621,28872,29123,29374,29625,29876,30127,30378,30629,30880,31131,31382,31633,31884,32135,32386,32637,32888,33139,33390,33641,33892,34143,34394,34645,34896,35147,35398,35649,35900,36151,36402,36653,36904,37155,37406,37657,37908,38159,38410,38661,38912,39163,39414,39665,39916,40167,40418,40669,40920,41171,41422,41673,41924,42175,42426,42677,42928,43179,43430,43681,43932,44183,44434,44685,44936,45187,45438,45689,45940,46191,46442,46693,46944,47195,47446,47697,47948,48199,48450,48701,48952,49203,49454,49705,49956,50207,50458,50709,50960,51211,51462,51713,51964,52215,52466,52717,52968,53219,53470,53721,53972,54223,54474,54725,54976,55227,55478,55729,55980,56231,56482,56733,56984,57235,57486,57737,57988,58239,58490,58741,58992,59243,59494,59745,59996,60247,60498,60749,61000,61244,61251,61502,61753,62004,62255,62506,62757
8,259,510,761,1012,1263,1514,1765,2016,2267,2518,2769,3020,3271,3522,3773,4024,4275,4526,4777,5028,5279,5530,5781,6032,6283,6534,6785,7036,7287,7538,7789,8040,8291,8542,8793,9044,9295,9546,9797,10048,10299,10550,10801,11052,11303,11554,11805,12056,12307,12558,12809,13060,13311,13562,13813,14064,14315,14566,14817,15068,15319,15570,15821,16072,16323,16574,16825,17076,17327,17578,17829,18080,18331,18582,18833,19084,19335,19586,19837,20088,20339,20590,20841,21092,21343,21594,21845,22096,22347,22598,22849,23100,23351,23602,23853,24104,24355,24606,24857,25108,25359,25610,25861,26112,26363,26614,26865,27116,27367,27618,27869,28120,28371,28622,28873,29124,29375,29626,29877,30128,30379,30630,30881,31132,31383,31634,31885,32136,32387,32638,32889,33140,33391,33642,33893,34144,34395,34646,34897,35148,35399,35650,35901,36152,36403,36654,36905,37156,37407,37658,37909,38160,38411,38662,38913,39164,39415,39666,39917,40168,40419,40670,40921,41172,41423,41674,41925,42176,42427,42678,42929,43180,43431,43682,43933,44184,44435,44686,44937,45188,45439,45690,45941,46192,46443,46694,46945,47196,47447,47698,47949,48200,48451,48702,48953,49204,49455,49706,49957,50208,50459,50710,50961,51212,51463,51714,51965,52216,52467,52718,52969,53220,53471,53722,53973,54224,54475,54726,54977,55228,55479,55730,55981,56232,56483,56734,56985,57236,57487,57738,57989,58240,58491,58742,58993,59244,59495,59746,59997,60248,60499,60750,60993,61001,61252,61503,61754,62005,62256,62507,62758
9,260,511,762,1013,1264,1515,1766,2017,2268,2519,2770,3021,3272,3523,3774,4025,4276,4527,4778,5029,5280,5531,5782,6033,6284,6535,6786,7037,7288,7539,7790,8041,8292,8543,8794,9045,9296,9547,9798,10049,10300,10551,10802,11053,11304,11555,11806,12057,12308,12559,12810,13061,13312,13563,13814,14065,14316,14567,14818,15069,15320,15571,15822,16073,16324,16575,16826,17077,17328,17579,17830,18081,18332,18583,18834,19085,19336,19587,19838,20089,20340,20591,20842,21093,21344,21595,21846,22097,22348,22599,22850,23101,23352,23603,23854,24105,24356,24607,24858,25109,25360,25611,25862,26113,26364,26615,26866,27117,27368,27619,27870,28121,28372,28623,28874,29125,29376,29627,29878,30129,30380,30631,30882,31133,31384,31635,31886,32137,32388,32639,32890,33141,33392,33643,33894,34145,34396,34647,34898,35149,35400,35651,35902,36153,36404,36655,36906,37157,37408,37659,37910,38161,38412,38663,38914,39165,39416,39667,39918,40169,40420,40671,40922,41173,41424,41675,41926,42177,42428,42679,42930,43181,43432,43683,43934,44185,44436,44687,44938,45189,45440,45691,45942,46193,46444,46695,46946,47197,47448,47699,47950,48201,48452,48703,48954,49205,49456,49707,49958,50209,50460,50711,50962,51213,51464,51715,51966,52217,52468,52719,52970,53221,53472,53723,53974,54225,54476,54727,54978,55229,55480,55731,55982,56233,56484,56735,56986,57237,57488,57739,57990,58241,58492,58743,58994,59245,59496,59747,59998,60249,60500,60742,60751,61002,61253,61504,61755,62006,62257,62508,62759
10,261,512,763,1014,1265,1516,1767,2018,2269,2520,2771,3022,3273,3524,3775,4026,4277,4528,4779,5030,5281,5532,5783,6034,6285,6536,6787,7038,7289,7540,7791,8042,8293,8544,8795,9046,9297,9548,9799,10050,10301,10552,10803,11054,11305,11556,11807,12058,12309,12560,12811,13062,13313,13564,13815,14066,14317,14568,14819,15070,15321,15572,15823,16074,16325,16576,16827,17078,17329,17580,17831,18082,18333,18584,18835,19086,19337,19588,19839,20090,20341,20592,20843,21094,21345,21596,21847,22098,22349,22600,22851,23102,23353,23604,23855,24106,24357,24608,24859,25110,25361,25612,25863,26114,26365,26616,26867,27118,27369,27620,27871,28122,28373,28624,28875,29126,29377,29628,29879,30130,30381,30632,30883,31134,31385,31636,31887,32138,32389,32640,32891,33142,33393,33644,33895,34146,34397,34648,34899,35150,35401,35652,35903,36154,36405,36656,36907,37158,37409,37660,37911,38162,38413,38664,38915,39166,39417,39668,39919,40170,40421,40672,40923,41174,41425,41676,41927,42178,42429,42680,42931,43182,43433,43684,43935,44186,44437,44688,44939,45190,45441,45692,45943,46194,46445,46696,46947,47198,47449,47700,47951,48202,48453,48704,48955,49206,49457,49708,49959,50210,50461,50712,50963,51214,51465,51716,51967,52218,52469,52720,52971,53222,53473,53724,53975,54226,54477,54728,54979,55230,55481,55732,55983,56234,56485,56736,56987,57238,57489,57740,57991,58242,58493,58744,58995,59246,59497,59748,59999,60250,60491,60501,60752,61003,61254,61505,61756,62007,62258,62509,62760
11,262,513,764,1015,1266,1517,1768,2019,2270,2521,2772,3023,3274,3525,3776,4027,4278,4529,4780,5031,5282,5533,5784,6035,6286,6537,6788,7039,7290,7541,7792,8043,8294,8545,8796,9047,9298,9549,9800,10051,10302,10553,10804,11055,11306,11557,11808,12059,12310,12561,12812,13063,13314,13565,13816,14067,14318,14569,14820,15071,15322,15573,15824,16075,16326,16577,16828,17079,17330,17581,17832,18083,18334,18585,18836,19087,19338,19589,19840,20091,20342,20593,20844,21095,21346,21597,21848,22099,22350,22601,22852,23103,23354,23605,23856,24107,24358,24609,24860,25111,25362,25613,25864,26115,26366,26617,26868,27119,27370,27621,27872,28123,28374,28625,28876,29127,29378,29629,29880,30131,30382,30633,30884,31135,31386,31637,31888,32139,32390,32641,32892,33143,33394,33645,33896,34147,34398,34649,34900,35151,35402,35653,35904,36155,36406,36657,36908,37159,37410,37661,37912,38163,38414,38665,38916,39167,39418,39669,39920,40171,40422,40673,40924,41175,41426,41677,41928,42179,42430,42681,42932,43183,43434,43685,43936,44187,44438,44689,44940,45191,45442,45693,45944,46195,46446,46697,46948,47199,47450,47701,47952,48203,48454,48705,48956,49207,49458,49709,49960,50211,50462,50713,50964,51215,51466,51717,51968,52219,52470,52721,52972,53223,53474,53725,53976,54227,54478,54729,54980,55231,55482,55733,55984,56235,56486,56737,56988,57239,57490,57741,57992,58243,58494,58745,58996,59247,59498,59749,60000,60240,60251,60502,60753,61004,61255,61506,61757,62008,62259,62510,62761
12,263,514,765,1016,1267,1518,1769,2020,2271,2522,2773,3024,3275,3526,3777,4028,4279,4530,4781,5032,5283,5534,5785,6036,6287,6538,6789,7040,7291,7542,7793,8044,8295,8546,8797,9048,9299,9550,9801,10052,10303,10554,10805,11056,11307,11558,11809,12060,12311,12562,12813,13064,13315,13566,13817,14068,14319,14570,14821,15072,15323,15574,15825,16076,16327,16578,16829,17080,17331,17582,17833,18084,18335,18586,18837,19088,19339,19590,19841,20092,20343,20594,20845,21096,21347,21598,21849,22100,22351,22602,22853,23104,23355,23606,23857,24108,24359,24610,24861,25112,25363,25614,25865,26116,26367,26618,26869,27120,27371,27622,27873,28124,28375,28626,28877,29128,29379,29630,29881,30132,30383,30634,30885,31136,31387,31638,31889,32140,32391,32642,32893,33144,33395,33646,33897,34148,34399,34650,34901,35152,35403,35654,35905,36156,36407,36658,36909,37160,37411,37662,37913,38164,38415,38666,38917,39168,39419,39670,39921,40172,40423,40674,40925,41176,41427,41678,41929,42180,42431,42682,42933,43184,43435,43686,43937,44188,44439,44690,44941,45192,45443,45694,45945,46196,46447,46698,46949,47200,47451,47702,47953,48204,48455,48706,48957,49208,49459,49710,49961,50212,50463,50714,50965,51216,51467,51718,51969,52220,52471,52722,52973,53224,53475,53726,53977,54228,54479,54730,54981,55232,55483,55734,55985,56236,56487,56738,56989,57240,57491,57742,57993,58244,58495,58746,58997,59248,59499,59750,59989,60001,60252,60503,60754,61005,61256,61507,61758,62009,62260,62511,62762
13,264,515,766,1017,1268,1519,1770,2021,2272,2523,2774,3025,3276,3527,3778,4029,4280,4531,4782,5033,5284,5535,5786,6037,6288,6539,6790,7041,7292,7543,7794,8045,8296,8547,8798,9049,9300,9551,9802,10053,10304,10555,10806,11057,11308,11559,11810,12061,12312,12563,12814,13065,13316,13567,13818,14069,14320,14571,14822,15073,15324,15575,15826,16077,16328,16579,16830,17081,17332,17583,17834,18085,18336,18587,18838,19089,19340,19591,19842,20093,20344,20595,20846,21097,21348,21599,21850,22101,22352,22603,22854,23105,23356,23607,23858,24109,24360,24611,24862,25113,25364,25615,25866,26117,26368,26619,26870,27121,27372,27623,27874,28125,28376,28627,28878,29129,29380,29631,29882,30133,30384,30635,30886,31137,31388,31639,31890,32141,32392,32643,32894,33145,33396,33647,33898,34149,34400,34651,34902,35153,35404,35655,35906,36157,36408,36659,36910,37161,37412,37663,37914,38165,38416,38667,38918,39169,39420,39671,39922,40173,40424,40675,40926,41177,41428,41679,41930,42181,42432,42683,42934,43185,43436,43687,43938,44189,44440,44691,44942,45193,45444,45695,45946,46197,46448,46699,46950,47201,47452,47703,47954,48205,48456,48707,48958,49209,49460,49711,49962,50213,50464,50715,50966,51217,51468,51719,51970,52221,52472,52723,52974,53225,53476,53727,53978,54229,54480,54731,54982,55233,55484,55735,55986,56237,56488,56739,56990,57241,57492,57743,57994,58245,58496,58747,58998,59249,59500,59738,59751,60002,60253,60504,60755,61006,61257,61508,61759,62010,62261,62512,62763
14,265,516,767,1018,1269,1520,1771,2022,2273,2524,2775,3026,3277,3528,3779,4030,4281,4532,4783,5034,5285,5536,5787,6038,6289,6540,6791,7042,7293,7544,7795,8046,8297,8548,8799,9050,9301,9552,9803,10054,10305,10556,10807,11058,11309,11560,11811,12062,12313,12564,12815,13066,13317,13568,13819,14070,14321,14572,14823,15074,15325,15576,15827,16078,16329,16580,16831,17082,17333,17584,17835,18086,18337,18588,18839,19090,19341,19592,19843,20094,20345,20596,20847,21098,21349,21600,21851,22102,22353,22604,22855,23106,23357,23608,23859,24110,24361,24612,24863,25114,25365,25616,25867,26118,26369,26620,26871,27122,27373,27624,27875,28126,28377,28628,28879,29130,29381,29632,29883,30134,30385,30636,30887,31138,31389,31640,31891,32142,32393,32644,32895,33146,33397,33648,33899,34150,34401,34652,34903,35154,35405,35656,35907,36158,36409,36660,36911,37162,37413,37664,37915,38166,38417,38668,38919,39170,39421,39672,39923,40174,40425,40676,40927,41178,41429,41680,41931,42182,42433,42684,42935,43186,43437,43688,43939,44190,44441,44692,44943,45194,45445,45696,45947,46198,46449,46700,46951,47202,47453,47704,47955,48206,48457,48708,48959,49210,49461,49712,49963,50214,50465,50716,50967,51218,51469,51720,51971,52222,52473,52724,52975,53226,53477,53728,53979,54230,54481,54732,54983,55234,55485,55736,55987,56238,56489,56740,56991,57242,57493,57744,57995,58246,58497,58748,58999,59250,59487,59501,59752,60003,60254,60505,60756,61007,61258,61509,61760,62011,62262,62513,62764
15,266,517,768,1019,1270,1521,1772,2023,2274,2525,2776,3027,3278,3529,3780,4031,4282,4533,4784,5035,5286,5537,5788,6039,6290,6541,6792,7043,7294,7545,7796,8047,8298,8549,8800,9051,9302,9553,9804,10055,10306,10557,10808,11059,11310,11561,11812,12063,12314,12565,12816,13067,13318,13569,13820,14071,14322,14573,14824,15075,15326,15577,15828,16079,16330,16581,16832,17083,17334,17585,17836,18087,18338,18589,18840,19091,19342,19593,19844,20095,20346,20597,20848,21099,21350,21601,21852,22103,22354,22605,22856,23107,23358,23609,23860,24111,24362,24613,24864,25115,25366,25617,25868,26119,26370,26621,26872,27123,27374,27625,27876,28127,28378,28629,28880,29131,29382,29633,29884,30135,30386,30637,30888,31139,31390,31641,31892,32143,32394,32645,32896,33147,33398,33649,33900,34151,34402,34653,34904,35155,35406,35657,35908,36159,36410,36661,36912,37163,37414,37665,37916,38167,38418,38669,38920,39171,39422,39673,39924,40175,40426,40677,40928,41179,41430,41681,41932,42183,42434,42685,42936,43187,43438,43689,43940,44191,44442,44693,44944,45195,45446,45697,45948,46199,46450,46701,46952,47203,47454,47705,47956,48207,48458,48709,48960,49211,49462,49713,49964,50215,50466,50717,50968,51219,51470,51721,51972,52223,52474,52725,52976,53227,53478,53729,53980,54231,54482,54733,54984,55235,55486,55737,55988,56239,56490,56741,56992,57243,57494,57745,57996,58247,58498,58749,59000,59236,59251,59502,59753,60004,60255,60506,60757,61008,61259,61510,61761,62012,62263,62514,62765
16,267,518,769,1020,1271,1522,1773,2024,2275,2526,2777,3028,3279,3530,3781,4032,4283,4534,4785,5036,5287,5538,5789,6040,6291,6542,6793,7044,7295,7546,7797,8048,8299,8550,8801,9052,9303,9554,9805,10056,10307,10558,10809,11060,11311,11562,11813,12064,12315,12566,12817,13068,13319,13570,13821,14072,14323,14574,14825,15076,15327,15578,15829,16080,16331,16582,16833,17084,17335,17586,17837,18088,18339,18590,18841,19092,19343,19594,19845,20096,20347,20598,20849,21100,21351,21602,21853,22104,22355,22606,22857,23108,23359,23610,23861,24112,24363,24614,24865,25116,25367,25618,25869,26120,26371,26622,26873,27124,27375,27626,27877,28128,28379,28630,28881,29132,29383,29634,29885,30136,30387,30638,30889,31140,31391,31642,31893,32144,32395,32646,32897,33148,33399,33650,33901,34152,34403,34654,34905,35156,35407,35658,35909,36160,36411,36662,36913,37164,37415,37666,37917,38168,38419,38670,38921,39172,39423,39674,39925,40176,40427,40678,40929,41180,41431,41682,41933,42184,42435,42686,42937,43188,43439,43690,43941,44192,44443,44694,44945,45196,45447,45698,45949,46200,46451,46702,46953,47204,47455,47706,47957,48208,48459,48710,48961,49212,49463,49714,49965,50216,50467,50718,50969,51220,51471,51722,51973,52224,52475,52726,52977,53228,53479,53730,53981,54232,54483,54734,54985,55236,55487,55738,55989,56240,56491,56742,56993,57244,57495,57746,57997,58248,58499,58750,58985,59001,59252,59503,59754,60005,60256,60507,60758,61009,61260,61511,61762,62013,62264,62515,62766
17,268,519,770,1021,1272,1523,1774,2025,2276,2527,2778,3029,3280,3531,3782,4033,4284,4535,4786,5037,5288,5539,5790,6041,6292,6543,6794,7045,7296,7547,7798,8049,8300,8551,8802,9053,9304,9555,9806,10057,10308,10559,10810,11061,11312,11563,11814,12065,12316,12567,12818,13069,13320,13571,13822,14073,14324,14575,14826,15077,15328,15579,15830,16081,16332,16583,16834,17085,17336,17587,17838,18089,18340,18591,18842,19093,19344,19595,19846,20097,20348,20599,20850,21101,21352,21603,21854,22105,22356,22607,22858,23109,23360,23611,23862,24113,24364,24615,24866,25117,25368,25619,25870,26121,26372,26623,26874,27125,27376,27627,27878,28129,28380,28631,28882,29133,29384,29635,29886,30137,30388,30639,30890,31141,31392,31643,31894,32145,32396,32647,32898,33149,33400,33651,33902,34153,34404,34655,34906,35157,35408,35659,35910,36161,36412,36663,36914,37165,37416,37667,37918,38169,38420,38671,38922,39173,39424,39675,39926,40177,40428,40679,40930,41181,41432,41683,41934,42185,42436,42687,42938,43189,43440,43691,43942,44193,44444,44695,44946,45197,45448,45699,45950,46201,46452,46703,46954,47205,47456,47707,47958,48209,48460,48711,48962,49213,49464,49715,49966,50217,50468,50719,50970,51221,51472,51723,51974,52225,52476,52727,52978,53229,53480,53731,53982,54233,54484,54735,54986,55237,55488,55739,55990,56241,56492,56743,56994,57245,57496,57747,57998,58249,58500,58734,58751,59002,59253,59504,59755,60006,60257,60508,60759,61010,61261,61512,61763,62014,62265,62516,62767
18,269,520,771,1022,1273,1524,1775,2026,2277,2528,2779,3030,3281,3532,3783,4034,4285,4536,4787,5038,5289,5540,5791,6042,6293,6544,6795,7046,7297,7548,7799,8050,8301,8552,8803,9054,9305,9556,9807,10058,10309,10560,10811,11062,11313,11564,11815,12066,12317,12568,12819,13070,13321,13572,13823,14074,14325,14576,14827,15078,15329,15580,15831,16082,16333,16584,16835,17086,17337,17588,17839,18090,18341,18592,18843,19094,19345,19596,19847,20098,20349,20600,20851,21102,21353,21604,21855,22106,22357,22608,22859,23110,23361,23612,23863,24114,24365,24616,24867,25118,25369,25620,25871,26122,26373,26624,26875,27126,27377,27628,27879,28130,28381,28632,28883,29134,29385,29636,29887,30138,30389,30640,30891,31142,31393,31644,31895,32146,32397,32648,32899,33150,33401,33652,33903,34154,34405,34656,34907,35158,35409,35660,35911,36162,36413,36664,36915,37166,37417,37668,37919,38170,38421,38672,38923,39174,39425,39676,39927,40178,40429,40680,40931,41182,41433,41684,41935,42186,42437,42688,42939,43190,43441,43692,43943,44194,44445,44696,44947,45198,45449,45700,45951,46202,46453,46704,46955,47206,47457,47708,47959,48210,48461,48712,48963,49214,49465,49716,49967,50218,50469,50720,50971,51222,51473,51724,51975,52226,52477,52728,52979,53230,53481,53732,53983,54234,54485,54736,54987,55238,55489,55740,55991,56242,56493,56744,56995,57246,57497,57748,57999,58250,58483,58501,58752,59003,59254,59505,59756,60007,60258,60509,60760,61011,61262,61513,61764,62015,62266,62517,62768
19,270,521,772,1023,1274,1525,1776,2027,2278,2529,2780,3031,3282,3533,3784,4035,4286,4537,4788,5039,5290,5541,5792,6043,6294,6545,6796,7047,7298,7549,7800,8051,8302,8553,8804,9055,9306,9557,9808,10059,10310,10561,10812,11063,11314,11565,11816,12067,12318,12569,12820,13071,13322,13573,13824,14075,14326,14577,14828,15079,15330,15581,15832,16083,16334,16585,16836,17087,17338,17589,17840,18091,18342,18593,18844,19095,19346,19597,19848,20099,20350,20601,20852,21103,21354,21605,21856,22107,22358,22609,22860,23111,23362,23613,23864,24115,24366,24617,24868,25119,25370,25621,25872,26123,26374,26625,26876,27127,27378,27629,27880,28131,28382,28633,28884,29135,29386,29637,29888,30139,30390,30641,30892,31143,31394,31645,31896,32147,32398,32649,32900,33151,33402,33653,33904,34155,34406,34657,34908,35159,35410,35661,35912,36163,36414,36665,36916,37167,37418,37669,37920,38171,38422,38673,38924,39175,39426,39677,39928,40179,40430,40681,40932,41183,41434,41685,41936,42187,42438,42689,42940,43191,43442,43693,43944,44195,44446,44697,44948,45199,45450,45701,45952,46203,46454,46705,46956,47207,47458,47709,47960,48211,48462,48713,48964,49215,49466,49717,49968,50219,50470,50721,50972,51223,51474,51725,51976,52227,52478,52729,52980,53231,53482,53733,53984,54235,54486,54737,54988,55239,55490,55741,55992,56243,56494,56745,56996,57247,57498,57749,58000,58232,58251,58502,58753,59004,59255,59506,59757,60008,60259,60510,60761,61012,61263,61514,61765,62016,62267,62518,62769
20,271,522,773,1024,1275,1526,1777,2028,2279,2530,2781,3032,3283,3534,3785,4036,4287,4538,4789,5040,5291,5542,5793,6044,6295,6546,6797,7048,7299,7550,7801,8052,8303,8554,8805,9056,9307,9558,9809,10060,10311,10562,10813,11064,11315,11566,11817,12068,12319,12570,12821,13072,13323,13574,13825,14076,14327,14578,14829,15080,15331,15582,15833,16084,16335,16586,16837,17088,17339,17590,17841,18092,18343,18594,18845,19096,19347,19598,19849,20100,20351,20602,20853,21104,21355,21606,21857,22108,22359,22610,22861,23112,23363,23614,23865,24116,24367,24618,24869,25120,25371,25622,25873,26124,26375,26626,26877,27128,27379,27630,27881,28132,28383,28634,28885,29136,29387,29638,29889,30140,30391,30642,30893,31144,31395,31646,31897,32148,32399,32650,32901,33152,33403,33654,33905,34156,34407,34658,34909,35160,35411,35662,35913,36164,36415,36666,36917,37168,37419,37670,37921,38172,38423,38674,38925,39176,39427,39678,39929,40180,40431,40682,40933,41184,41435,41686,41937,42188,42439,42690,42941,43192,43443,43694,43945,44196,44447,44698,44949,45200,45451,45702,45953,46204,46455,46706,46957,47208,47459,47710,47961,48212,48463,48714,48965,49216,49467,49718,49969,50220,50471,50722,50973,51224,51475,51726,51977,52228,52479,52730,52981,53232,53483,53734,53985,54236,54487,54738,54989,55240,55491,55742,55993,56244,56495,56746,56997,57248,57499,57750,57981,58001,58252,58503,58754,59005,59256,59507,59758,60009,60260,60511,60762,61013,61264,61515,61766,62017,62268,62519,62770
21,272,523,774,1025,1276,1527,1778,2029,2280,2531,2782,3033,3284,3535,3786,4037,4288,4539,4790,5041,5292,5543,5794,6045,6296,6547,6798,7049,7300,7551,7802,8053,8304,8555,8806,9057,9308,9559,9810,10061,10312,10563,10814,11065,11316,11567,11818,12069,12320,12571,12822,13073,13324,13575,13826,14077,14328,14579,14830,15081,15332,15583,15834,16085,16336,16587,16838,17089,17340,17591,17842,18093,18344,18595,18846,19097,19348,19599,19850,20101,20352,20603,20854,21105,21356,21607,21858,22109,22360,22611,22862,23113,23364,23615,23866,24117,24368,24619,24870,25121,25372,25623,25874,26125,26376,26627,26878,27129,27380,27631,27882,28133,28384,28635,28886,29137,29388,29639,29890,30141,30392,30643,30894,31145,31396,31647,31898,32149,32400,32651,32902,33153,33404,33655,33906,34157,34408,34659,34910,35161,35412,35663,35914,36165,36416,36667,36918,37169,37420,37671,37922,38173,38424,38675,38926,39177,39428,39679,39930,40181,40432,40683,40934,41185,41436,41687,41938,42189,42440,42691,42942,43193,43444,43695,43946,44197,44448,44699,44950,45201,45452,45703,45954,46205,46456,46707,46958,47209,47460,47711,47962,48213,48464,48715,48966,49217,49468,49719,49970,50221,50472,50723,50974,51225,51476,51727,51978,52229,52480,52731,52982,53233,53484,53735,53986,54237,54488,54739,54990,55241,55492,55743,55994,56245,56496,56747,56998,57249,57500,57730,57751,58002,58253,58504,58755,59006,59257,59508,59759,60010,60261,60512,60763,61014,61265,61516,61767,62018,62269,62520,62771
22,273,524,775,1026,1277,1528,1779,2030,2281,2532,2783,3034,3285,3536,3787,4038,4289,4540,4791,5042,5293,5544,5795,6046,6297,6548,6799,7050,7301,7552,7803,8054,8305,8556,8807,9058,9309,9560,9811,10062,10313,10564,10815,11066,11317,11568,11819,12070,12321,12572,12823,13074,13325,13576,13827,14078,14329,14580,14831,15082,15333,15584,15835,16086,16337,16588,16839,17090,17341,17592,17843,18094,18345,18596,18847,19098,19349,19600,19851,20102,20353,20604,20855,21106,21357,21608,21859,22110,22361,22612,22863,23114,23365,23616,23867,24118,24369,24620,24871,25122,25373,25624,25875,26126,26377,26628,26879,27130,27381,27632,27883,28134,28385,28636,28887,29138,29389,29640,29891,30142,30393,30644,30895,31146,31397,31648,31899,32150,32401,32652,32903,33154,33405,33656,33907,34158,34409,34660,34911,35162,35413,35664,35915,36166,36417,36668,36919,37170,37421,37672,37923,38174,38425,38676,38927,39178,39429,39680,39931,40182,40433,40684,40935,41186,41437,41688,41939,42190,42441,42692,42943,43194,43445,43696,43947,44198,44449,44700,44951,45202,45453,45704,45955,46206,46457,46708,46959,47210,47461,47712,47963,48214,48465,48716,48967,49218,49469,49720,49971,50222,50473,50724,50975,51226,51477,51728,51979,52230,52481,52732,52983,53234,53485,53736,53987,54238,54489,54740,54991,55242,55493,55744,55995,56246,56497,56748,56999,57250,57479,57501,57752,58003,58254,58505,58756,59007,59258,59509,59760,60011,60262,60513,60764,61015,61266,61517,61768,62019,62270,62521,62772
23,274,525,776,1027,1278,1529,1780,2031,2282,2533,2784,3035,3286,3537,3788,4039,4290,4541,4792,5043,5294,5545,5796,6047,6298,6549,6800,7051,7302,7553,7804,8055,8306,8557,8808,9059,9310,9561,9812,10063,10314,10565,10816,11067,11318,11569,11820,12071,12322,12573,12824,13075,13326,13577,13828,14079,14330,14581,14832,15083,15334,15585,15836,16087,16338,16589,16840,17091,17342,17593,17844,18095,18346,18597,18848,19099,19350,19601,19852,20103,20354,20605,20856,21107,21358,21609,21860,22111,22362,22613,22864,23115,23366,23617,23868,24119,24370,24621,24872,25123,25374,25625,25876,26127,26378,26629,26880,27131,27382,27633,27884,28135,28386,28637,28888,29139,29390,29641,29892,30143,30394,30645,30896,31147,31398,31649,31900,32151,32402,32653,32904,33155,33406,33657,33908,34159,34410,34661,34912,35163,35414,35665,35916,36167,36418,36669,36920,37171,37422,37673,37924,38175,38426,38677,38928,39179,39430,39681,39932,40183,40434,40685,40936,41187,41438,41689,41940,42191,42442,42693,42944,43195,43446,43697,43948,44199,44450,44701,44952,45203,45454,45705,45956,46207,46458,46709,46960,47211,47462,47713,47964,48215,48466,48717,48968,49219,49470,49721,49972,50223,50474,50725,50976,51227,51478,51729,51980,52231,52482,52733,52984,53235,53486,53737,53988,54239,54490,54741,54992,55243,55494,55745,55996,56247,56498,56749,57000,57228,57251,57502,57753,58004,58255,58506,58757,59008,59259,59510,59761,60012,60263,60514,60765,61016,61267,61518,61769,62020,62271,62522,62773
24,275,526,777,1028,1279,1530,1781,2032,2283,2534,2785,3036,3287,3538,3789,4040,4291,4542,4793,5044,5295,5546,5797,6048,6299,6550,6801,7052,7303,7554,7805,8056,8307,8558,8809,9060,9311,9562,9813,10064,10315,10566,10817,11068,11319,11570,11821,12072,12323,12574,12825,13076,13327,13578,13829,14080,14331,14582,14833,15084,15335,15586,15837,16088,16339,16590,16841,17092,17343,17594,17845,18096,18347,18598,18849,19100,19351,19602,19853,20104,20355,20606,20857,21108,21359,21610,21861,22112,22363,22614,22865,23116,23367,23618,23869,24120,24371,24622,24873,25124,25375,25626,25877,26128,26379,26630,26881,27132,27383,27634,27885,28136,28387,28638,28889,29140,29391,29642,29893,30144,30395,30646,30897,31148,31399,31650,31901,32152,32403,32654,32905,33156,33407,33658,33909,34160,34411,34662,34913,35164,35415,35666,35917,36168,36419,36670,36921,37172,37423,37674,37925,38176,38427,38678,38929,39180,39431,39682,39933,40184,40435,40686,40937,41188,41439,41690,41941,42192,42443,42694,42945,43196,43447,43698,43949,44200,44451,44702,44953,45204,45455,45706,45957,46208,46459,46710,46961,47212,47463,47714,47965,48216,48467,48718,48969,49220,49471,49722,49973,50224,50475,50726,50977,51228,51479,51730,51981,52232,52483,52734,52985,53236,53487,53738,53989,54240,54491,54742,54993,55244,55495,55746,55997,56248,56499,56750,56977,57001,57252,57503,57754,58005,58256,58507,58758,59009,59260,59511,59762,60013,60264,60515,60766,61017,61268,61519,61770,62021,62272,62523,62774
25,276,527,778,1029,1280,1531,1782,2033,2284,2535,2786,3037,3288,3539,3790,4041,4292,4543,4794,5045,5296,5547,5798,6049,6300,6551,6802,7053,7304,7555,7806,8057,8308,8559,8810,9061,9312,9563,9814,10065,10316,10567,10818,11069,11320,11571,11822,12073,12324,12575,12826,13077,13328,13579,13830,14081,14332,14583,14834,15085,15336,15587,15838,16089,16340,16591,16842,17093,17344,17595,17846,18097,18348,18599,18850,19101,19352,19603,19854,20105,20356,20607,20858,21109,21360,21611,21862,22113,22364,22615,22866,23117,23368,23619,23870,24121,24372,24623,24874,25125,25376,25627,25878,26129,26380,26631,26882,27133,27384,27635,27886,28137,28388,28639,28890,29141,29392,29643,29894,30145,30396,30647,30898,31149,31400,31651,31902,32153,32404,32655,32906,33157,33408,33659,33910,34161,34412,34663,34914,35165,35416,35667,35918,36169,36420,36671,36922,37173,37424,37675,37926,38177,38428,38679,38930,39181,39432,39683,39934,40185,40436,40687,40938,41189,41440,41691,41942,42193,42444,42695,42946,43197,43448,43699,43950,44201,44452,44703,44954,45205,45456,45707,45958,46209,46460,46711,46962,47213,47464,47715,47966,48217,48468,48719,48970,49221,49472,49723,49974,50225,50476,50727,50978,51229,51480,51731,51982,52233,52484,52735,52986,53237,53488,53739,53990,54241,54492,54743,54994,55245,55496,55747,55998,56249,56500,56726,56751,57002,57253,57504,57755,58006,58257,58508,58759,59010,59261,59512,59763,60014,60265,60516,60767,61018,61269,61520,61771,62022,62273,62524,62775
26,277,528,779,1030,1281,1532,1783,2034,2285,2536,2787,3038,3289,3540,3791,4042,4293,4544,4795,5046,5297,5548,5799,6050,6301,6552,6803,7054,7305,7556,7807,8058,8309,8560,8811,9062,9313,9564,9815,10066,10317,10568,10819,11070,11321,11572,11823,12074,12325,12576,12827,13078,13329,13580,13831,14082,14333,14584,14835,15086,15337,15588,15839,16090,16341,16592,16843,17094,17345,17596,17847,18098,18349,18600,18851,19102,19353,19604,19855,20106,20357,20608,20859,21110,21361,21612,21863,22114,22365,22616,22867,23118,23369,23620,23871,24122,24373,24624,24875,25126,25377,25628,25879,26130,26381,26632,26883,27134,27385,27636,27887,28138,28389,28640,28891,29142,29393,29644,29895,30146,30397,30648,30899,31150,31401,31652,31903,32154,32405,32656,32907,33158,33409,33660,33911,34162,34413,34664,34915,35166,35417,35668,35919,36170,36421,36672,36923,37174,37425,37676,37927,38178,38429,38680,38931,39182,39433,39684,39935,40186,40437,40688,40939,41190,41441,41692,41943,42194,42445,42696,42947,43198,43449,43700,43951,44202,44453,44704,44955,45206,45457,45708,45959,46210,46461,46712,46963,47214,47465,47716,47967,48218,48469,48720,48971,49222,49473,49724,49975,50226,50477,50728,50979,51230,51481,51732,51983,52234,52485,52736,52987,53238,53489,53740,53991,54242,54493,54744,54995,55246,55497,55748,55999,56250,56475,56501,56752,57003,57254,57505,57756,58007,58258,58509,58760,59011,59262,59513,59764,60015,60266,60517,60768,61019,61270,61521,61772,62023,62274,62525,62776
27,278,529,780,1031,1282,1533,1784,2035,2286,2537,2788,3039,3290,3541,3792,4043,4294,4545,4796,5047,5298,5549,5800,6051,6302,6553,6804,7055,7306,7557,7808,8059,8310,8561,8812,9063,9314,9565,9816,10067,10318,10569,10820,11071,11322,11573,11824,12075,12326,12577,12828,13079,13330,13581,13832,14083,14334,14585,14836,15087,15338,15589,15840,16091,16342,16593,16844,17095,17346,17597,17848,18099,18350,18601,18852,19103,19354,19605,19856,20107,20358,20609,20860,21111,21362,21613,21864,22115,22366,22617,22868,23119,23370,23621,23872,24123,24374,24625,24876,25127,25378,25629,25880,26131,26382,26633,26884,27135,27386,27637,27888,28139,28390,28641,28892,29143,29394,29645,29896,30147,30398,30649,30900,31151,31402,31653,31904,32155,32406,32657,32908,33159,33410,33661,33912,34163,34414,34665,34916,35167,35418,35669,35920,36171,36422,36673,36924,37175,37426,37677,37928,38179,38430,38681,38932,39183,39434,39685,39936,40187,40438,40689,40940,41191,41442,41693,41944,42195,42446,42697,42948,43199,43450,43701,43952,44203,44454,44705,44956,45207,45458,45709,45960,46211,46462,46713,46964,47215,47466,47717,47968,48219,48470,48721,48972,49223,49474,49725,49976,50227,50478,50729,50980,51231,51482,51733,51984,52235,52486,52737,52988,53239,53490,53741,53992,54243,54494,54745,54996,55247,55498,55749,56000,56224,56251,56502,56753,57004,57255,57506,57757,58008,58259,58510,58761,59012,59263,59514,59765,60016,60267,60518,60769,61020,61271,61522,61773,62024,62275,62526,62777
28,279,530,781,1032,1283,1534,1785,2036,2287,2538,2789,3040,3291,3542,3793,4044,4295,4546,4797,5048,5299,5550,5801,6052,6303,6554,6805,7056,7307,7558,7809,8060,8311,8562,8813,9064,9315,9566,9817,10068,10319,10570,10821,11072,11323,11574,11825,12076,12327,12578,12829,13080,13331,13582,13833,14084,14335,14586,14837,15088,15339,15590,15841,16092,16343,16594,16845,17096,17347,17598,17849,18100,18351,18602,18853,19104,19355,19606,19857,20108,20359,20610,20861,21112,21363,21614,21865,22116,22367,22618,22869,23120,23371,23622,23873,24124,24375,24626,24877,25128,25379,25630,25881,26132,26383,26634,26885,27136,27387,27638,27889,28140,28391,28642,28893,29144,29395,29646,29897,30148,30399,30650,30901,31152,31403,31654,31905,32156,32407,32658,32909,33160,33411,33662,33913,34164,34415,34666,34917,35168,35419,35670,35921,36172,36423,36674,36925,37176,37427,37678,37929,38180,38431,38682,38933,39184,39435,39686,39937,40188,40439,40690,40941,41192,41443,41694,41945,42196,42447,42698,42949,43200,43451,43702,43953,44204,44455,44706,44957,45208,45459,45710,45961,46212,46463,46714,46965,47216,47467,47718,47969,48220,48471,48722,48973,49224,49475,49726,49977,50228,50479,50730,50981,51232,51483,51734,51985,52236,52487,52738,52989,53240,53491,53742,53993,54244,54495,54746,54997,55248,55499,55750,55973,56001,56252,56503,56754,57005,57256,57507,57758,58009,58260,58511,58762,59013,59264,59515,59766,60017,60268,60519,60770,61021,61272,61523,61774,62025,62276,62527,62778
29,280,531,782,1033,1284,1535,1786,2037,2288,2539,2790,3041,3292,3543,3794,4045,4296,4547,4798,5049,5300,5551,5802,6053,6304,6555,6806,7057,7308,7559,7810,8061,8312,8563,8814,9065,9316,9567,9818,10069,10320,10571,10822,11073,11324,11575,11826,12077,12328,12579,12830,13081,13332,13583,13834,14085,14336,14587,14838,15089,15340,15591,15842,16093,16344,16595,16846,17097,17348,17599,17850,18101,18352,18603,18854,19105,19356,19607,19858,20109,20360,20611,20862,21113,21364,21615,21866,22117,22368,22619,22870,23121,23372,23623,23874,24125,24376,24627,24878,25129,25380,25631,25882,26133,26384,26635,26886,27137,27388,27639,27890,28141,28392,28643,28894,29145,29396,29647,29898,30149,30400,30651,30902,31153,31404,31655,31906,32157,32408,32659,32910,33161,33412,33663,33914,34165,34416,34667,34918,35169,35420,35671,35922,36173,36424,36675,36926,37177,37428,37679,37930,38181,38432,38683,38934,39185,39436,39687,39938,40189,40440,40691,40942,41193,41444,41695,41946,42197,42448,42699,42950,43201,43452,43703,43954,44205,44456,44707,44958,45209,45460,45711,45962,46213,46464,46715,46966,47217,47468,47719,47970,48221,48472,48723,48974,49225,49476,49727,49978,50229,50480,50731,50982,51233,51484,51735,51986,52237,52488,52739,52990,53241,53492,53743,53994,54245,54496,54747,54998,55249,55500,55722,55751,56002,56253,56504,56755,57006,57257,57508,57759,58010,58261,58512,58763,59014,59265,59516,59767,60018,60269,60520,60771,61022,61273,61524,61775,62026,62277,62528,62779
30,281,532,783,1034,1285,1536,1787,2038,2289,2540,2791,3042,3293,3544,3795,4046,4297,4548,4799,5050,5301,5552,5803,6054,6305,6556,6807,7058,7309,7560,7811,8062,8313,8564,8815,9066,9317,9568,9819,10070,10321,10572,10823,11074,11325,11576,11827,12078,12329,12580,12831,13082,13333,13584,13835,14086,14337,14588,14839,15090,15341,15592,15843,16094,16345,16596,16847,17098,17349,17600,17851,18102,18353,18604,18855,19106,19357,19608,19859,20110,20361,20612,20863,21114,21365,21616,21867,22118,22369,22620,22871,23122,23373,23624,23875,24126,24377,24628,24879,25130,25381,25632,25883,26134,26385,26636,26887,27138,27389,27640,27891,28142,28393,28644,28895,29146,29397,29648,29899,30150,30401,30652,30903,31154,31405,31656,31907,32158,32409,32660,32911,33162,33413,33664,33915,34166,34417,34668,34919,35170,35421,35672,35923,36174,36425,36676,36927,37178,37429,37680,37931,38182,38433,38684,38935,39186,39437,39688,39939,40190,40441,40692,40943,41194,41445,41696,41947,42198,42449,42700,42951,43202,43453,43704,43955,44206,44457,44708,44959,45210,45461,45712,45963,46214,46465,46716,46967,47218,47469,47720,47971,48222,48473,48724,48975,49226,49477,49728,49979,50230,50481,50732,50983,51234,51485,51736,51987,52238,52489,52740,52991,53242,53493,53744,53995,54246,54497,54748,54999,55250,55471,55501,55752,56003,56254,56505,56756,57007,57258,57509,57760,58011,58262,58513,58764,59015,59266,59517,59768,60019,60270,60521,60772,61023,61274,61525,61776,62027,62278,62529,62780
31,282,533,784,1035,1286,1537,1788,2039,2290,2541,2792,3043,3294,3545,3796,4047,4298,4549,4800,5051,5302,5553,5804,6055,6306,6557,6808,7059,7310,7561,7812,8063,8314,8565,8816,9067,9318,9569,9820,10071,10322,10573,10824,11075,11326,11577,11828,12079,12330,12581,12832,13083,13334,13585,13836,14087,14338,14589,14840,15091,15342,15593,15844,16095,16346,16597,16848,17099,17350,17601,17852,18103,18354,18605,18856,19107,19358,19609,19860,20111,20362,20613,20864,21115,21366,21617,21868,22119,22370,22621,22872,23123,23374,23625,23876,24127,24378,24629,24880,25131,25382,25633,25884,26135,26386,26637,26888,27139,27390,27641,27892,28143,28394,28645,28896,29147,29398,29649,29900,30151,30402,30653,30904,31155,31406,31657,31908,32159,32410,32661,32912,33163,33414,33665,33916,34167,34418,34669,34920,35171,35422,35673,35924,36175,36426,36677,36928,37179,37430,37681,37932,38183,38434,38685,38936,39187,39438,39689,39940,40191,40442,40693,40944,41195,41446,41697,41948,42199,42450,42701,42952,43203,43454,43705,43956,44207,44458,44709,44960,45211,45462,45713,45964,46215,46466,46717,46968,47219,47470,47721,47972,48223,48474,48725,48976,49227,49478,49729,49980,50231,50482,50733,50984,51235,51486,51737,51988,52239,52490,52741,52992,53243,53494,53745,53996,54247,54498,54749,55000,55220,55251,55502,55753,56004,56255,56506,56757,57008,57259,57510,57761,58012,58263,58514,58765,59016,59267,59518,59769,60020,60271,60522,60773,61024,61275,61526,61777,62028,62279,62530,62781
32,283,534,785,1036,1287,1538,1789,2040,2291,2542,2793,3044,3295,3546,3797,4048,4299,4550,4801,5052,5303,5554,5805,6056,6307,6558,6809,7060,7311,7562,7813,8064,8315,8566,8817,9068,9319,9570,9821,10072,10323,10574,10825,11076,11327,11578,11829,12080,12331,12582,12833,13084,13335,13586,13837,14088,14339,14590,14841,15092,15343,15594,15845,16096,16347,16598,16849,17100,17351,17602,17853,18104,18355,18606,18857,19108,19359,19610,19861,20112,20363,20614,20865,21116,21367,21618,21869,22120,22371,22622,22873,23124,23375,23626,23877,24128,24379,24630,24881,25132,25383,25634,25885,26136,26387,26638,26889,27140,27391,27642,27893,28144,28395,28646,28897,29148,29399,29650,29901,30152,30403,30654,30905,31156,31407,31658,31909,32160,32411,32662,32913,33164,33415,33666,33917,34168,34419,34670,34921,35172,35423,35674,35925,36176,36427,36678,36929,37180,37431,37682,37933,38184,38435,38686,38937,39188,39439,39690,39941,40192,40443,40694,40945,41196,41447,41698,41949,42200,42451,42702,42953,43204,43455,43706,43957,44208,44459,44710,44961,45212,45463,45714,45965,46216,46467,46718,46969,47220,47471,47722,47973,48224,48475,48726,48977,49228,49479,49730,49981,50232,50483,50734,50985,51236,51487,51738,51989,52240,52491,52742,52993,53244,53495,53746,53997,54248,54499,54750,54969,55001,55252,55503,55754,56005,56256,56507,56758,57009,57260,57511,57762,58013,58264,58515,58766,59017,59268,59519,59770,60021,60272,60523,60774,61025,61276,61527,61778,62029,62280,62531,62782
33,284,535,786,1037,1288,1539,1790,2041,2292,2543,2794,3045,3296,3547,3798,4049,4300,4551,4802,5053,5304,5555,5806,6057,6308,6559,6810,7061,7312,7563,7814,8065,8316,8567,8818,9069,9320,9571,9822,10073,10324,10575,10826,11077,11328,11579,11830,12081,12332,12583,12834,13085,13336,13587,13838,14089,14340,14591,14842,15093,15344,15595,15846,16097,16348,16599,16850,17101,17352,17603,17854,18105,18356,18607,18858,19109,19360,19611,19862,20113,20364,20615,20866,21117,21368,21619,21870,22121,22372,22623,22874,23125,23376,23627,23878,24129,24380,24631,24882,25133,25384,25635,25886,26137,26388,26639,26890,27141,27392,27643,27894,28145,28396,28647,28898,29149,29400,29651,29902,30153,30404,30655,30906,31157,31408,31659,31910,32161,32412,32663,32914,33165,33416,33667,33918,34169,34420,34671,34922,35173,35424,35675,35926,36177,36428,36679,36930,37181,37432,37683,37934,38185,38436,38687,38938,39189,39440,39691,39942,40193,40444,40695,40946,41197,41448,41699,41950,42201,42452,42703,42954,43205,43456,43707,43958,44209,44460,44711,44962,45213,45464,45715,45966,46217,46468,46719,46970,47221,47472,47723,47974,48225,48476,48727,48978,49229,49480,49731,49982,50233,50484,50735,50986,51237,51488,51739,51990,52241,52492,52743,52994,53245,53496,53747,53998,54249,54500,54718,54751,55002,55253,55504,55755,56006,56257,56508,56759,57010,57261,57512,57763,58014,58265,58516,58767,59018,59269,59520,59771,60022,60273,60524,60775,61026,61277,61528,61779,62030,62281,62532,62783
34,285,536,787,1038,1289,1540,1791,2042,2293,2544,2795,3046,3297,3548,3799,4050,4301,4552,4803,5054,5305,5556,5807,6058,6309,6560,6811,7062,7313,7564,7815,8066,8317,8568,8819,9070,9321,9572,9823,10074,10325,10576,10827,11078,11329,11580,11831,12082,12333,12584,12835,13086,13337,13588,13839,14090,14341,14592,14843,15094,15345,15596,15847,16098,16349,16600,16851,17102,17353,17604,17855,18106,18357,18608,18859,19110,19361,19612,19863,20114,20365,20616,20867,21118,21369,21620,21871,22122,22373,22624,22875,23126,23377,23628,23879,24130,24381,24632,24883,25134,25385,25636,25887,26138,26389,26640,26891,27142,27393,27644,27895,28146,28397,28648,28899,29150,29401,29652,29903,30154,30405,30656,30907,31158,31409,31660,31911,32162,32413,32664,32915,33166,33417,33668,33919,34170,34421,34672,34923,35174,35425,35676,35927,36178,36429,36680,36931,37182,37433,37684,37935,38186,38437,38688,38939,39190,39441,39692,39943,40194,40445,40696,40947,41198,41449,41700,41951,42202,42453,42704,42955,43206,43457,43708,43959,44210,44461,44712,44963,45214,45465,45716,45967,46218,46469,46720,46971,47222,47473,47724,47975,48226,48477,48728,48979,49230,49481,49732,49983,50234,50485,50736,50987,51238,51489,51740,51991,52242,52493,52744,52995,53246,53497,53748,53999,54250,54467,54501,54752,55003,55254,55505,55756,56007,56258,56509,56760,57011,57262,57513,57764,58015,58266,58517,58768,59019,59270,59521,59772,60023,60274,60525,60776,61027,61278,61529,61780,62031,62282,62533,62784
35,286,537,788,1039,1290,1541,1792,2043,2294,2545,2796,3047,3298,3549,3800,4051,4302,4553,4804,5055,5306,5557,5808,6059,6310,6561,6812,7063,7314,7565,7816,8067,8318,8569,8820,9071,9322,9573,9824,10075,10326,10577,10828,11079,11330,11581,11832,12083,12334,12585,12836,13087,13338,13589,13840,14091,14342,14593,14844,15095,15346,15597,15848,16099,16350,16601,16852,17103,17354,17605,17856,18107,18358,18609,18860,19111,19362,19613,19864,20115,20366,20617,20868,21119,21370,21621,21872,22123,22374,22625,22876,23127,23378,23629,23880,24131,24382,24633,24884,25135,25386,25637,25888,26139,26390,26641,26892,27143,27394,27645,27896,28147,28398,28649,28900,29151,29402,29653,29904,30155,30406,30657,30908,31159,31410,31661,31912,32163,32414,32665,32916,33167,33418,33669,33920,34171,34422,34673,34924,35175,35426,35677,35928,36179,36430,36681,36932,37183,37434,37685,37936,38187,38438,38689,38940,39191,39442,39693,39944,40195,40446,40697,40948,41199,41450,41701,41952,42203,42454,42705,42956,43207,43458,43709,43960,44211,44462,44713,44964,45215,45466,45717,45968,46219,46470,46721,46972,47223,47474,47725,47976,48227,48478,48729,48980,49231,49482,49733,49984,50235,50486,50737,50988,51239,51490,51741,51992,52243,52494,52745,52996,53247,53498,53749,54000,54216,54251,54502,54753,55004,55255,55506,55757,56008,56259,56510,56761,57012,57263,57514,57765,58016,58267,58518,58769,59020,59271,59522,59773,60024,60275,60526,60777,61028,61279,61530,61781,62032,62283,62534,62785
36,287,538,789,1040,1291,1542,1793,2044,2295,2546,2797,3048,3299,3550,3801,4052,4303,4554,4805,5056,5307,5558,5809,6060,6311,6562,6813,7064,7315,7566,7817,8068,8319,8570,8821,9072,9323,9574,9825,10076,10327,10578,10829,11080,11331,11582,11833,12084,12335,12586,12837,13088,13339,13590,13841,14092,14343,14594,14845,15096,15347,15598,15849,16100,16351,16602,16853,17104,17355,17606,17857,18108,18359,18610,18861,19112,19363,19614,19865,20116,20367,20618,20869,21120,21371,21622,21873,22124,22375,22626,22877,23128,23379,23630,23881,24132,24383,24634,24885,25136,25387,25638,25889,26140,26391,26642,26893,27144,27395,27646,27897,28148,28399,28650,28901,29152,29403,29654,29905,30156,30407,30658,30909,31160,31411,31662,31913,32164,32415,32666,32917,33168,33419,33670,33921,34172,34423,34674,34925,35176,35427,35678,35929,36180,36431,36682,36933,37184,37435,37686,37937,38188,38439,38690,38941,39192,39443,39694,39945,40196,40447,40698,40949,41200,41451,41702,41953,42204,42455,42706,42957,43208,43459,43710,43961,44212,44463,44714,44965,45216,45467,45718,45969,46220,46471,46722,46973,47224,47475,47726,47977,48228,48479,48730,48981,49232,49483,49734,49985,50236,50487,50738,50989,51240,51491,51742,51993,52244,52495,52746,52997,53248,53499,53750,53965,54001,54252,54503,54754,55005,55256,55507,55758,56009,56260,56511,56762,57013,57264,57515,57766,58017,58268,58519,58770,59021,59272,59523,59774,60025,60276,60527,60778,61029,61280,61531,61782,62033,62284,62535,62786
37,288,539,790,1041,1292,1543,1794,2045,2296,2547,2798,3049,3300,3551,3802,4053,4304,4555,4806,5057,5308,5559,5810,6061,6312,6563,6814,7065,7316,7567,7818,8069,8320,8571,8822,9073,9324,9575,9826,10077,10328,10579,10830,11081,11332,11583,11834,12085,12336,12587,12838,13089,13340,13591,13842,14093,14344,14595,14846,15097,15348,15599,15850,16101,16352,16603,16854,17105,17356,17607,17858,18109,18360,18611,18862,19113,19364,19615,19866,20117,20368,20619,20870,21121,21372,21623,21874,22125,22376,22627,22878,23129,23380,23631,23882,24133,24384,24635,24886,25137,25388,25639,25890,26141,26392,26643,26894,27145,27396,27647,27898,28149,28400,28651,28902,29153,29404,29655,29906,30157,30408,30659,30910,31161,31412,31663,31914,32165,32416,32667,32918,33169,33420,33671,33922,34173,34424,34675,34926,35177,35428,35679,35930,36181,36432,36683,36934,37185,37436,37687,37938,38189,38440,38691,38942,39193,39444,39695,39946,40197,40448,40699,40950,41201,41452,41703,41954,42205,42456,42707,42958,43209,43460,43711,43962,44213,44464,44715,44966,45217,45468,45719,45970,46221,46472,46723,46974,47225,47476,47727,47978,48229,48480,48731,48982,49233,49484,49735,49986,50237,50488,50739,50990,51241,51492,51743,51994,52245,52496,52747,52998,53249,53500,53714,53751,54002,54253,54504,54755,55006,55257,55508,55759,56010,56261,56512,56763,57014,57265,57516,57767,58018,58269,58520,58771,59022,59273,59524,59775,60026,60277,60528,60779,61030,61281,61532,61783,62034,62285,62536,62787
38,289,540,791,1042,1293,1544,1795,2046,2297,2548,2799,3050,3301,3552,3803,4054,4305,4556,4807,5058,5309,5560,5811,6062,6313,6564,6815,7066,7317,7568,7819,8070,8321,8572,8823,9074,9325,9576,9827,10078,10329,10580,10831,11082,11333,11584,11835,12086,12337,12588,12839,13090,13341,13592,13843,14094,14345,14596,14847,15098,15349,15600,15851,16102,16353,16604,16855,17106,17357,17608,17859,18110,18361,18612,18863,19114,19365,19616,19867,20118,20369,20620,20871,21122,21373,21624,21875,22126,22377,22628,22879,23130,23381,23632,23883,24134,24385,24636,24887,25138,25389,25640,25891,26142,26393,26644,26895,27146,27397,27648,27899,28150,28401,28652,28903,29154,29405,29656,29907,30158,30409,30660,30911,31162,31413,31664,31915,32166,32417,32668,32919,33170,33421,33672,33923,34174,34425,34676,34927,35178,35429,35680,35931,36182,36433,36684,36935,37186,37437,37688,37939,38190,38441,38692,38943,39194,39445,39696,39947,40198,40449,40700,40951,41202,41453,41704,41955,42206,42457,42708,42959,43210,43461,43712,43963,44214,44465,44716,44967,45218,45469,45720,45971,46222,46473,46724,46975,47226,47477,47728,47979,48230,48481,48732,48983,49234,49485,49736,49987,50238,50489,50740,50991,51242,51493,51744,51995,52246,52497,52748,52999,53250,53463,53501,53752,54003,54254,54505,54756,55007,55258,55509,55760,56011,56262,56513,56764,57015,57266,57517,57768,58019,58270,58521,58772,59023,59274,59525,59776,60027,60278,60529,60780,61031,61282,61533,61784,62035,62286,62537,62788
39,290,541,792,1043,1294,1545,1796,2047,2298,2549,2800,3051,3302,3553,3804,4055,4306,4557,4808,5059,5310,5561,5812,6063,6314,6565,6816,7067,7318,7569,7820,8071,8322,8573,8824,9075,9326,9577,9828,10079,10330,10581,10832,11083,11334,11585,11836,12087,12338,12589,12840,13091,13342,13593,13844,14095,14346,14597,14848,15099,15350,15601,15852,16103,16354,16605,16856,17107,17358,17609,17860,18111,18362,18613,18864,19115,19366,19617,19868,20119,20370,20621,20872,21123,21374,21625,21876,22127,22378,22629,22880,23131,23382,23633,23884,24135,24386,24637,24888,25139,25390,25641,25892,26143,26394,26645,26896,27147,27398,27649,27900,28151,28402,28653,28904,29155,29406,29657,29908,30159,30410,30661,30912,31163,31414,31665,31916,32167,32418,32669,32920,33171,33422,33673,33924,34175,34426,34677,34928,35179,35430,35681,35932,36183,36434,36685,36936,37187,37438,37689,37940,38191,38442,38693,38944,39195,39446,39697,39948,40199,40450,40701,40952,41203,41454,41705,41956,42207,42458,42709,42960,43211,43462,43713,43964,44215,44466,44717,44968,45219,45470,45721,45972,46223,46474,46725,46976,47227,47478,47729,47980,48231,48482,48733,48984,49235,49486,49737,49988,50239,50490,50741,50992,51243,51494,51745,51996,52247,52498,52749,53000,53212,53251,53502,53753,54004,54255,54506,54757,55008,55259,55510,55761,56012,56263,56514,56765,57016,57267,57518,57769,58020,58271,58522,58773,59024,59275,59526,59777,60028,60279,60530,60781,61032,61283,61534,61785,62036,62287,62538,62789
40,291,542,793,1044,1295,1546,1797,2048,2299,2550,2801,3052,3303,3554,3805,4056,4307,4558,4809,5060,5311,5562,5813,6064,6315,6566,6817,7068,7319,7570,7821,8072,8323,8574,8825,9076,9327,9578,9829,10080,10331,10582,10833,11084,11335,11586,11837,12088,12339,12590,12841,13092,13343,13594,13845,14096,14347,14598,14849,15100,15351,15602,15853,16104,16355,16606,16857,17108,17359,17610,17861,18112,18363,18614,18865,19116,19367,19618,19869,20120,20371,20622,20873,21124,21375,21626,21877,22128,22379,22630,22881,23132,23383,23634,23885,24136,24387,24638,24889,25140,25391,25642,25893,26144,26395,26646,26897,27148,27399,27650,27901,28152,28403,28654,28905,29156,29407,29658,29909,30160,30411,30662,30913,31164,31415,31666,31917,32168,32419,32670,32921,33172,33423,33674,33925,34176,34427,34678,34929,35180,35431,35682,35933,36184,36435,36686,36937,37188,37439,37690,37941,38192,38443,38694,38945,39196,39447,39698,39949,40200,40451,40702,40953,41204,41455,41706,41957,42208,42459,42710,42961,43212,43463,43714,43965,44216,44467,44718,44969,45220,45471,45722,45973,46224,46475,46726,46977,47228,47479,47730,47981,48232,48483,48734,48985,49236,49487,49738,49989,50240,50491,50742,50993,51244,51495,51746,51997,52248,52499,52750,52961,53001,53252,53503,53754,54005,54256,54507,54758,55009,55260,55511,55762,56013,56264,56515,56766,57017,57268,57519,57770,58021,58272,58523,58774,59025,59276,59527,59778,60029,60280,60531,60782,61033,61284,61535,61786,62037,62288,62539,62790
41,292,543,794,1045,1296,1547,1798,2049,2300,2551,2802,3053,3304,3555,3806,4057,4308,4559,4810,5061,5312,5563,5814,6065,6316,6567,6818,7069,7320,7571,7822,8073,8324,8575,8826,9077,9328,9579,9830,10081,10332,10583,10834,11085,11336,11587,11838,12089,12340,12591,12842,13093,13344,13595,13846,14097,14348,14599,14850,15101,15352,15603,15854,16105,16356,16607,16858,17109,17360,17611,17862,18113,18364,18615,18866,19117,19368,19619,19870,20121,20372,20623,20874,21125,21376,21627,21878,22129,22380,22631,22882,23133,23384,23635,23886,24137,24388,24639,24890,25141,25392,25643,25894,26145,26396,26647,26898,27149,27400,27651,27902,28153,28404,28655,28906,29157,29408,29659,29910,30161,30412,30663,30914,31165,31416,31667,31918,32169,32420,32671,32922,33173,33424,33675,33926,34177,34428,34679,34930,35181,35432,35683,35934,36185,36436,36687,36938,37189,37440,37691,37942,38193,38444,38695,38946,39197,39448,39699,39950,40201,40452,40703,40954,41205,41456,41707,41958,42209,42460,42711,42962,43213,43464,43715,43966,44217,44468,44719,44970,45221,45472,45723,45974,46225,46476,46727,46978,47229,47480,47731,47982,48233,48484,48735,48986,49237,49488,49739,49990,50241,50492,50743,50994,51245,51496,51747,51998,52249,52500,52710,52751,53002,53253,53504,53755,54006,54257,54508,54759,55010,55261,55512,55763,56014,56265,56516,56767,57018,57269,57520,57771,58022,58273,58524,58775,59026,59277,59528,59779,60030,60281,60532,60783,61034,61285,61536,61787,62038,62289,62540,62791
42,293,544,795,1046,1297,1548,1799,2050,2301,2552,2803,3054,3305,3556,3807,4058,4309,4560,4811,5062,5313,5564,5815,6066,6317,6568,6819,7070,7321,7572,7823,8074,8325,8576,8827,9078,9329,9580,9831,10082,10333,10584,10835,11086,11337,11588,11839,12090,12341,12592,12843,13094,13345,13596,13847,14098,14349,14600,14851,15102,15353,15604,15855,16106,16357,16608,16859,17110,17361,17612,17863,18114,18365,18616,18867,19118,19369,19620,19871,20122,20373,20624,20875,21126,21377,21628,21879,22130,22381,22632,22883,23134,23385,23636,23887,24138,24389,24640,24891,25142,25393,25644,25895,26146,26397,26648,26899,27150,27401,27652,27903,28154,28405,28656,28907,29158,29409,29660,29911,30162,30413,30664,30915,31166,31417,31668,31919,32170,32421,32672,32923,33174,33425,33676,33927,34178,34429,34680,34931,35182,35433,35684,35935,36186,36437,36688,36939,37190,37441,37692,37943,38194,38445,38696,38947,39198,39449,39700,39951,40202,40453,40704,40955,41206,41457,41708,41959,42210,42461,42712,42963,43214,43465,43716,43967,44218,44469,44720,44971,45222,45473,45724,45975,46226,46477,46728,46979,47230,47481,47732,47983,48234,48485,48736,48987,49238,49489,49740,49991,50242,50493,50744,50995,51246,51497,51748,51999,52250,52459,52501,52752,53003,53254,53505,53756,54007,54258,54509,54760,55011,55262,55513,55764,56015,56266,56517,56768,57019,57270,57521,57772,58023,58274,58525,58776,59027,59278,59529,59780,60031,60282,60533,60784,61035,61286,61537,61788,62039,62290,62541,62792
43,294,545,796,1047,1298,1549,1800,2051,2302,2553,2804,3055,3306,3557,3808,4059,4310,4561,4812,5063,5314,5565,5816,6067,6318,6569,6820,7071,7322,7573,7824,8075,8326,8577,8828,9079,9330,9581,9832,10083,10334,10585,10836,11087,11338,11589,11840,12091,12342,12593,12844,13095,13346,13597,13848,14099,14350,14601,14852,15103,15354,15605,15856,16107,16358,16609,16860,17111,17362,17613,17864,18115,18366,18617,18868,19119,19370,19621,19872,20123,20374,20625,20876,21127,21378,21629,21880,22131,22382,22633,22884,23135,23386,23637,23888,24139,24390,24641,24892,25143,25394,25645,25896,26147,26398,26649,26900,27151,27402,27653,27904,28155,28406,28657,28908,29159,29410,29661,29912,30163,30414,30665,30916,31167,31418,31669,31920,32171,32422,32673,32924,33175,33426,33677,33928,34179,34430,34681,34932,35183,35434,35685,35936,36187,36438,36689,36940,37191,37442,37693,37944,38195,38446,38697,38948,39199,39450,39701,39952,40203,40454,40705,40956,41207,41458,41709,41960,42211,42462,42713,42964,43215,43466,43717,43968,44219,44470,44721,44972,45223,45474,45725,45976,46227,46478,46729,46980,47231,47482,47733,47984,48235,48486,48737,48988,49239,49490,49741,49992,50243,50494,50745,50996,51247,51498,51749,52000,52208,52251,52502,52753,53004,53255,53506,53757,54008,54259,54510,54761,55012,55263,55514,55765,56016,56267,56518,56769,57020,57271,57522,57773,58024,58275,58526,58777,59028,59279,59530,59781,60032,60283,60534,60785,61036,61287,61538,61789,62040,62291,62542,62793
44,295,546,797,1048,1299,1550,1801,2052,2303,2554,2805,3056,3307,3558,3809,4060,4311,4562,4813,5064,5315,5566,5817,6068,6319,6570,6821,7072,7323,7574,7825,8076,8327,8578,8829,9080,9331,9582,9833,10084,10335,10586,10837,11088,11339,11590,11841,12092,12343,12594,12845,13096,13347,13598,13849,14100,14351,14602,14853,15104,15355,15606,15857,16108,16359,16610,16861,17112,17363,17614,17865,18116,18367,18618,18869,19120,19371,19622,19873,20124,20375,20626,20877,21128,21379,21630,21881,22132,22383,22634,22885,23136,23387,23638,23889,24140,24391,24642,24893,25144,25395,25646,25897,26148,26399,26650,26901,27152,27403,27654,27905,28156,28407,28658,28909,29160,29411,29662,29913,30164,30415,30666,30917,31168,31419,31670,31921,32172,32423,32674,32925,33176,33427,33678,33929,34180,34431,34682,34933,35184,35435,35686,35937,36188,36439,36690,36941,37192,37443,37694,37945,38196,38447,38698,38949,39200,39451,39702,39953,40204,40455,40706,40957,41208,41459,41710,41961,42212,42463,42714,42965,43216,43467,43718,43969,44220,44471,44722,44973,45224,45475,45726,45977,46228,46479,46730,46981,47232,47483,47734,47985,48236,48487,48738,48989,49240,49491,49742,49993,50244,50495,50746,50997,51248,51499,51750,51957,52001,52252,52503,52754,53005,53256,53507,53758,54009,54260,54511,54762,55013,55264,55515,55766,56017,56268,56519,56770,57021,57272,57523,57774,58025,58276,58527,58778,59029,59280,59531,59782,60033,60284,60535,60786,61037,61288,61539,61790,62041,62292,62543,62794
45,296,547,798,1049,1300,1551,1802,2053,2304,2555,2806,3057,3308,3559,3810,4061,4312,4563,4814,5065,5316,5567,5818,6069,6320,6571,6822,7073,7324,7575,7826,8077,8328,8579,8830,9081,9332,9583,9834,10085,10336,10587,10838,11089,11340,11591,11842,12093,12344,12595,12846,13097,13348,13599,13850,14101,14352,14603,14854,15105,15356,15607,15858,16109,16360,16611,16862,17113,17364,17615,17866,18117,18368,18619,18870,19121,19372,19623,19874,20125,20376,20627,20878,21129,21380,21631,21882,22133,22384,22635,22886,23137,23388,23639,23890,24141,24392,24643,24894,25145,25396,25647,25898,26149,26400,26651,26902,27153,27404,27655,27906,28157,28408,28659,28910,29161,29412,29663,29914,30165,30416,30667,30918,31169,31420,31671,31922,32173,32424,32675,32926,33177,33428,33679,33930,34181,34432,34683,34934,35185,35436,35687,35938,36189,36440,36691,36942,37193,37444,37695,37946,38197,38448,38699,38950,39201,39452,39703,39954,40205,40456,40707,40958,41209,41460,41711,41962,42213,42464,42715,42966,43217,43468,43719,43970,44221,44472,44723,44974,45225,45476,45727,45978,46229,46480,46731,46982,47233,47484,47735,47986,48237,48488,48739,48990,49241,49492,49743,49994,50245,50496,50747,50998,51249,51500,51706,51751,52002,52253,52504,52755,53006,53257,53508,53759,54010,54261,54512,54763,55014,55265,55516,55767,56018,56269,56520,56771,57022,57273,57524,57775,58026,58277,58528,58779,59030,59281,59532,59783,60034,60285,60536,60787,61038,61289,61540,61791,62042,62293,62544,62795
46,297,548,799,1050,1301,1552,1803,2054,2305,2556,2807,3058,3309,3560,3811,4062,4313,4564,4815,5066,5317,5568,5819,6070,6321,6572,6823,7074,7325,7576,7827,8078,8329,8580,8831,9082,9333,9584,9835,10086,10337,10588,10839,11090,11341,11592,11843,12094,12345,12596,12847,13098,13349,13600,13851,14102,14353,14604,14855,15106,15357,15608,15859,16110,16361,16612,16863,17114,17365,17616,17867,18118,18369,18620,18871,19122,19373,19624,19875,20126,20377,20628,20879,21130,21381,21632,21883,22134,22385,22636,22887,23138,23389,23640,23891,24142,24393,24644,24895,25146,25397,25648,25899,26150,26401,26652,26903,27154,27405,27656,27907,28158,28409,28660,28911,29162,29413,29664,29915,30166,30417,30668,30919,31170,31421,31672,31923,32174,32425,32676,32927,33178,33429,33680,33931,34182,34433,34684,34935,35186,35437,35688,35939,36190,36441,36692,36943,37194,37445,37696,37947,38198,38449,38700,38951,39202,39453,39704,39955,40206,40457,40708,40959,41210,41461,41712,41963,42214,42465,42716,42967,43218,43469,43720,43971,44222,44473,44724,44975,45226,45477,45728,45979,46230,46481,46732,46983,47234,47485,47736,47987,48238,48489,48740,48991,49242,49493,49744,49995,50246,50497,50748,50999,51250,51455,51501,51752,52003,52254,52505,52756,53007,53258,53509,53760,54011,54262,54513,54764,55015,55266,55517,55768,56019,56270,56521,56772,57023,57274,57525,57776,58027,58278,58529,58780,59031,59282,59533,59784,60035,60286,60537,60788,61039,61290,61541,61792,62043,62294,62545,62796
47,298,549,800,1051,1302,1553,1804,2055,2306,2557,2808,3059,3310,3561,3812,4063,4314,4565,4816,5067,5318,5569,5820,6071,6322,6573,6824,7075,7326,7577,7828,8079,8330,8581,8832,9083,9334,9585,9836,10087,10338,10589,10840,11091,11342,11593,11844,12095,12346,12597,12848,13099,13350,13601,13852,14103,14354,14605,14856,15107,15358,15609,15860,16111,16362,16613,16864,17115,17366,17617,17868,18119,18370,18621,18872,19123,19374,19625,19876,20127,20378,20629,20880,21131,21382,21633,21884,22135,22386,22637,22888,23139,23390,23641,23892,24143,24394,24645,24896,25147,25398,25649,25900,26151,26402,26653,26904,27155,27406,27657,27908,28159,28410,28661,28912,29163,29414,29665,29916,30167,30418,30669,30920,31171,31422,31673,31924,32175,32426,32677,32928,33179,33430,33681,33932,34183,34434,34685,34936,35187,35438,35689,35940,36191,36442,36693,36944,37195,37446,37697,37948,38199,38450,38701,38952,39203,39454,39705,39956,40207,40458,40709,40960,41211,41462,41713,41964,42215,42466,42717,42968,43219,43470,43721,43972,44223,44474,44725,44976,45227,45478,45729,45980,46231,46482,46733,46984,47235,47486,47737,47988,48239,48490,48741,48992,49243,49494,49745,49996,50247,50498,50749,51000,51204,51251,51502,51753,52004,52255,52506,52757,53008,53259,53510,53761,54012,54263,54514,54765,55016,55267,55518,55769,56020,56271,56522,56773,57024,57275,57526,57777,58028,58279,58530,58781,59032,59283,59534,59785,60036,60287,60538,60789,61040,61291,61542,61793,62044,62295,62546,62797
48,299,550,801,1052,1303,1554,1805,2056,2307,2558,2809,3060,3311,3562,3813,4064,4315,4566,4817,5068,5319,5570,5821,6072,6323,6574,6825,7076,7327,7578,7829,8080,8331,8582,8833,9084,9335,9586,9837,10088,10339,10590,10841,11092,11343,11594,11845,12096,12347,12598,12849,13100,13351,13602,13853,14104,14355,14606,14857,15108,15359,15610,15861,16112,16363,16614,16865,17116,17367,17618,17869,18120,18371,18622,18873,19124,19375,19626,19877,20128,20379,20630,20881,21132,21383,21634,21885,22136,22387,22638,22889,23140,23391,23642,23893,24144,24395,24646,24897,25148,25399,25650,25901,26152,26403,26654,26905,27156,27407,27658,27909,28160,28411,28662,28913,29164,29415,29666,29917,30168,30419,30670,30921,31172,31423,31674,31925,32176,32427,32678,32929,33180,33431,33682,33933,34184,34435,34686,34937,35188,35439,35690,35941,36192,36443,36694,36945,37196,37447,37698,37949,38200,38451,38702,38953,39204,39455,39706,39957,40208,40459,40710,40961,41212,41463,41714,41965,42216,42467,42718,42969,43220,43471,43722,43973,44224,44475,44726,44977,45228,45479,45730,45981,46232,46483,46734,46985,47236,47487,47738,47989,48240,48491,48742,48993,49244,49495,49746,49997,50248,50499,50750,50953,51001,51252,51503,51754,52005,52256,52507,52758,53009,53260,53511,53762,54013,54264,54515,54766,55017,55268,55519,55770,56021,56272,56523,56774,57025,57276,57527,57778,58029,58280,58531,58782,59033,59284,59535,59786,60037,60288,60539,60790,61041,61292,61543,61794,62045,62296,62547,62798
49,300,551,802,1053,1304,1555,1806,2057,2308,2559,2810,3061,3312,3563,3814,4065,4316,4567,4818,5069,5320,5571,5822,6073,6324,6575,6826,7077,7328,7579,7830,8081,8332,8583,8834,9085,9336,9587,9838,10089,10340,10591,10842,11093,11344,11595,11846,12097,12348,12599,12850,13101,13352,13603,13854,14105,14356,14607,14858,15109,15360,15611,15862,16113,16364,16615,16866,17117,17368,17619,17870,18121,18372,18623,18874,19125,19376,19627,19878,20129,20380,20631,20882,21133,21384,21635,21886,22137,22388,22639,22890,23141,23392,23643,23894,24145,24396,24647,24898,25149,25400,25651,25902,26153,26404,26655,26906,27157,27408,27659,27910,28161,28412,28663,28914,29165,29416,29667,29918,30169,30420,30671,30922,31173,31424,31675,31926,32177,32428,32679,32930,33181,33432,33683,33934,34185,34436,34687,34938,35189,35440,35691,35942,36193,36444,36695,36946,37197,37448,37699,37950,38201,38452,38703,38954,39205,39456,39707,39958,40209,40460,40711,40962,41213,41464,41715,41966,42217,42468,42719,42970,43221,43472,43723,43974,44225,44476,44727,44978,45229,45480,45731,45982,46233,46484,46735,46986,47237,47488,47739,47990,48241,48492,48743,48994,49245,49496,49747,49998,50249,50500,50702,50751,51002,51253,51504,51755,52006,52257,52508,52759,53010,53261,53512,53763,54014,54265,54516,54767,55018,55269,55520,55771,56022,56273,56524,56775,57026,57277,57528,57779,58030,58281,58532,58783,59034,59285,59536,59787,60038,60289,60540,60791,61042,61293,61544,61795,62046,62297,62548,62799
50,301,552,803,1054,1305,1556,1807,2058,2309,2560,2811,3062,3313,3564,3815,4066,4317,4568,4819,5070,5321,5572,5823,6074,6325,6576,6827,7078,7329,7580,7831,8082,8333,8584,8835,9086,9337,9588,9839,10090,10341,10592,10843,11094,11345,11596,11847,12098,12349,12600,12851,13102,13353,13604,13855,14106,14357,14608,14859,15110,15361,15612,15863,16114,16365,16616,16867,17118,17369,17620,17871,18122,18373,18624,18875,19126,19377,19628,19879,20130,20381,20632,20883,21134,21385,21636,21887,22138,22389,22640,22891,23142,23393,23644,23895,24146,24397,24648,24899,25150,25401,25652,25903,26154,26405,26656,26907,27158,27409,27660,27911,28162,28413,28664,28915,29166,29417,29668,29919,30170,30421,30672,30923,31174,31425,31676,31927,32178,32429,32680,32931,33182,33433,33684,33935,34186,34437,34688,34939,35190,35441,35692,35943,36194,36445,36696,36947,37198,37449,37700,37951,38202,38453,38704,38955,39206,39457,39708,39959,40210,40461,40712,40963,41214,41465,41716,41967,42218,42469,42720,42971,43222,43473,43724,43975,44226,44477,44728,44979,45230,45481,45732,45983,46234,46485,46736,46987,47238,47489,47740,47991,48242,48493,48744,48995,49246,49497,49748,49999,50250,50451,50501,50752,51003,51254,51505,51756,52007,52258,52509,52760,53011,53262,53513,53764,54015,54266,54517,54768,55019,55270,55521,55772,56023,56274,56525,56776,57027,57278,57529,57780,58031,58282,58533,58784,59035,59286,59537,59788,60039,60290,60541,60792,61043,61294,61545,61796,62047,62298,62549,62800
51,302,553,804,1055,1306,1557,1808,2059,2310,2561,2812,3063,3314,3565,3816,4067,4318,4569,4820,5071,5322,5573,5824,6075,6326,6577,6828,7079,7330,7581,7832,8083,8334,8585,8836,9087,9338,9589,9840,10091,10342,10593,10844,11095,11346,11597,11848,12099,12350,12601,12852,13103,13354,13605,13856,14107,14358,14609,14860,15111,15362,15613,15864,16115,16366,16617,16868,17119,17370,17621,17872,18123,18374,18625,18876,19127,19378,19629,19880,20131,20382,20633,20884,21135,21386,21637,21888,22139,22390,22641,22892,23143,23394,23645,23896,24147,24398,24649,24900,25151,25402,25653,25904,26155,26406,26657,26908,27159,27410,27661,27912,28163,28414,28665,28916,29167,29418,29669,29920,30171,30422,30673,30924,31175,31426,31677,31928,32179,32430,32681,32932,33183,33434,33685,33936,34187,34438,34689,34940,35191,35442,35693,35944,36195,36446,36697,36948,37199,37450,37701,37952,38203,38454,38705,38956,39207,39458,39709,39960,40211,40462,40713,40964,41215,41466,41717,41968,42219,42470,42721,42972,43223,43474,43725,43976,44227,44478,44729,44980,45231,45482,45733,45984,46235,46486,46737,46988,47239,47490,47741,47992,48243,48494,48745,48996,49247,49498,49749,50000,50200,50251,50502,50753,51004,51255,51506,51757,52008,52259,52510,52761,53012,53263,53514,53765,54016,54267,54518,54769,55020,55271,55522,55773,56024,56275,56526,56777,57028,57279,57530,57781,58032,58283,58534,58785,59036,59287,59538,59789,60040,60291,60542,60793,61044,61295,61546,61797,62048,62299,62550,62801
52,303,554,805,1056,1307,1558,1809,2060,2311,2562,2813,3064,3315,3566,3817,4068,4319,4570,4821,5072,5323,5574,5825,6076,6327,6578,6829,7080,7331,7582,7833,8084,8335,8586,8837,9088,9339,9590,9841,10092,10343,10594,10845,11096,11347,11598,11849,12100,12351,12602,12853,13104,13355,13606,13857,14108,14359,14610,14861,15112,15363,15614,15865,16116,16367,16618,16869,17120,17371,17622,17873,18124,18375,18626,18877,19128,19379,19630,19881,20132,20383,20634,20885,21136,21387,21638,21889,22140,22391,22642,22893,23144,23395,23646,23897,24148,24399,24650,24901,25152,25403,25654,25905,26156,26407,26658,26909,27160,27411,27662,27913,28164,28415,28666,28917,29168,29419,29670,29921,30172,30423,30674,30925,31176,31427,31678,31929,32180,32431,32682,32933,33184,33435,33686,33937,34188,34439,34690,34941,35192,35443,35694,35945,36196,36447,36698,36949,37200,37451,37702,37953,38204,38455,38706,38957,39208,39459,39710,39961,40212,40463,40714,40965,41216,41467,41718,41969,42220,42471,42722,42973,43224,43475,43726,43977,44228,44479,44730,44981,45232,45483,45734,45985,46236,46487,46738,46989,47240,47491,47742,47993,48244,48495,48746,48997,49248,49499,49750,49949,50001,50252,50503,50754,51005,51256,51507,51758,52009,52260,52511,52762,53013,53264,53515,53766,54017,54268,54519,54770,55021,55272,55523,55774,56025,56276,56527,56778,57029,57280,57531,57782,58033,58284,58535,58786,59037,59288,59539,59790,60041,60292,60543,60794,61045,61296,61547,61798,62049,62300,62551,62802
53,304,555,806,1057,1308,1559,1810,2061,2312,2563,2814,3065,3316,3567,3818,4069,4320,4571,4822,5073,5324,5575,5826,6077,6328,6579,6830,7081,7332,7583,7834,8085,8336,8587,8838,9089,9340,9591,9842,10093,10344,10595,10846,11097,11348,11599,11850,12101,12352,12603,12854,13105,13356,13607,13858,14109,14360,14611,14862,15113,15364,15615,15866,16117,16368,16619,16870,17121,17372,17623,17874,18125,18376,18627,18878,19129,19380,19631,19882,20133,20384,20635,20886,21137,21388,21639,21890,22141,22392,22643,22894,23145,23396,23647,23898,24149,24400,24651,24902,25153,25404,25655,25906,26157,26408,26659,26910,27161,27412,27663,27914,28165,28416,28667,28918,29169,29420,29671,29922,30173,30424,30675,30926,31177,31428,31679,31930,32181,32432,32683,32934,33185,33436,33687,33938,34189,34440,34691,34942,35193,35444,35695,35946,36197,36448,36699,36950,37201,37452,37703,37954,38205,38456,38707,38958,39209,39460,39711,39962,40213,40464,40715,40966,41217,41468,41719,41970,42221,42472,42723,42974,43225,43476,43727,43978,44229,44480,44731,44982,45233,45484,45735,45986,46237,46488,46739,46990,47241,47492,47743,47994,48245,48496,48747,48998,49249,49500,49698,49751,50002,50253,50504,50755,51006,51257,51508,51759,52010,52261,52512,52763,53014,53265,53516,53767,54018,54269,54520,54771,55022,55273,55524,55775,56026,56277,56528,56779,57030,57281,57532,57783,58034,58285,58536,58787,59038,59289,59540,59791,60042,60293,60544,60795,61046,61297,61548,61799,62050,62301,62552,62803
54,305,556,807,1058,1309,1560,1811,2062,2313,2564,2815,3066,3317,3568,3819,4070,4321,4572,4823,5074,5325,5576,5827,6078,6329,6580,6831,7082,7333,7584,7835,8086,8337,8588,8839,9090,9341,9592,9843,10094,10345,10596,10847,11098,11349,11600,11851,12102,12353,12604,12855,13106,13357,13608,13859,14110,14361,14612,14863,15114,15365,15616,15867,16118,16369,16620,16871,17122,17373,17624,17875,18126,18377,18628,18879,19130,19381,19632,19883,20134,20385,20636,20887,21138,21389,21640,21891,22142,22393,22644,22895,23146,23397,23648,23899,24150,24401,24652,24903,25154,25405,25656,25907,26158,26409,26660,26911,27162,27413,27664,27915,28166,28417,28668,28919,29170,29421,29672,29923,30174,30425,30676,30927,31178,31429,31680,31931,32182,32433,32684,32935,33186,33437,33688,33939,34190,34441,34692,34943,35194,35445,35696,35947,36198,36449,36700,36951,37202,37453,37704,37955,38206,38457,38708,38959,39210,39461,39712,39963,40214,40465,40716,40967,41218,41469,41720,41971,42222,42473,42724,42975,43226,43477,43728,43979,44230,44481,44732,44983,45234,45485,45736,45987,46238,46489,46740,46991,47242,47493,47744,47995,48246,48497,48748,48999,49250,49447,49501,49752,50003,50254,50505,50756,51007,51258,51509,51760,52011,52262,52513,52764,53015,53266,53517,53768,54019,54270,54521,54772,55023,55274,55525,55776,56027,56278,56529,56780,57031,57282,57533,57784,58035,58286,58537,58788,59039,59290,59541,59792,60043,60294,60545,60796,61047,61298,61549,61800,62051,62302,62553,62804
55,306,557,808,1059,1310,1561,1812,2063,2314,2565,2816,3067,3318,3569,3820,4071,4322,4573,4824,5075,5326,5577,5828,6079,6330,6581,6832,7083,7334,7585,7836,8087,8338,8589,8840,9091,9342,9593,9844,10095,10346,10597,10848,11099,11350,11601,11852,12103,12354,12605,12856,13107,13358,13609,13860,14111,14362,14613,14864,15115,15366,15617,15868,16119,16370,16621,16872,17123,17374,17625,17876,18127,18378,18629,18880,19131,19382,19633,19884,20135,20386,20637,20888,21139,21390,21641,21892,22143,22394,22645,22896,23147,23398,23649,23900,24151,24402,24653,24904,25155,25406,25657,25908,26159,26410,26661,26912,27163,27414,27665,27916,28167,28418,28669,28920,29171,29422,29673,29924,30175,30426,30677,30928,31179,31430,31681,31932,32183,32434,32685,32936,33187,33438,33689,33940,34191,34442,34693,34944,35195,35446,35697,35948,36199,36450,36701,36952,37203,37454,37705,37956,38207,38458,38709,38960,39211,39462,39713,39964,40215,40466,40717,40968,41219,41470,41721,41972,42223,42474,42725,42976,43227,43478,43729,43980,44231,44482,44733,44984,45235,45486,45737,45988,46239,46490,46741,46992,47243,47494,47745,47996,48247,48498,48749,49000,49196,49251,49502,49753,50004,50255,50506,50757,51008,51259,51510,51761,52012,52263,52514,52765,53016,53267,53518,53769,54020,54271,54522,54773,55024,55275,55526,55777,56028,56279,56530,56781,57032,57283,57534,57785,58036,58287,58538,58789,59040,59291,59542,59793,60044,60295,60546,60797,61048,61299,61550,61801,62052,62303,62554,62805
56,307,558,809,1060,1311,1562,1813,2064,2315,2566,2817,3068,3319,3570,3821,4072,4323,4574,4825,5076,5327,5578,5829,6080,6331,6582,6833,7084,7335,7586,7837,8088,8339,8590,8841,9092,9343,9594,9845,10096,10347,10598,10849,11100,11351,11602,11853,12104,12355,12606,12857,13108,13359,13610,13861,14112,14363,14614,14865,15116,15367,15618,15869,16120,16371,16622,16873,17124,17375,17626,17877,18128,18379,18630,18881,19132,19383,19634,19885,20136,20387,20638,20889,21140,21391,21642,21893,22144,22395,22646,22897,23148,23399,23650,23901,24152,24403,24654,24905,25156,25407,25658,25909,26160,26411,26662,26913,27164,27415,27666,27917,28168,28419,28670,28921,29172,29423,29674,29925,30176,30427,30678,30929,31180,31431,31682,31933,32184,32435,32686,32937,33188,33439,33690,33941,34192,34443,34694,34945,35196,35447,35698,35949,36200,36451,36702,36953,37204,37455,37706,37957,38208,38459,38710,38961,39212,39463,39714,39965,40216,40467,40718,40969,41220,41471,41722,41973,42224,42475,42726,42977,43228,43479,43730,43981,44232,44483,44734,44985,45236,45487,45738,45989,46240,46491,46742,46993,47244,47495,47746,47997,48248,48499,48750,48945,49001,49252,49503,49754,50005,50256,50507,50758,51009,51260,51511,51762,52013,52264,52515,52766,53017,53268,53519,53770,54021,54272,54523,54774,55025,55276,55527,55778,56029,56280,56531,56782,57033,57284,57535,57786,58037,58288,58539,58790,59041,59292,59543,59794,60045,60296,60547,60798,61049,61300,61551,61802,62053,62304,62555,62806
57,308,559,810,1061,1312,1563,1814,2065,2316,2567,2818,3069,3320,3571,3822,4073,4324,4575,4826,5077,5328,5579,5830,6081,6332,6583,6834,7085,7336,7587,7838,8089,8340,8591,8842,9093,9344,9595,9846,10097,10348,10599,10850,11101,11352,11603,11854,12105,12356,12607,12858,13109,13360,13611,13862,14113,14364,14615,14866,15117,15368,15619,15870,16121,16372,16623,16874,17125,17376,17627,17878,18129,18380,18631,18882,19133,19384,19635,19886,20137,20388,20639,20890,21141,21392,21643,21894,22145,22396,22647,22898,23149,23400,23651,23902,24153,24404,24655,24906,25157,25408,25659,25910,26161,26412,26663,26914,27165,27416,27667,27918,28169,28420,28671,28922,29173,29424,29675,29926,30177,30428,30679,30930,31181,31432,31683,31934,32185,32436,32687,32938,33189,33440,33691,33942,34193,34444,34695,34946,35197,35448,35699,35950,36201,36452,36703,36954,37205,37456,37707,37958,38209,38460,38711,38962,39213,39464,39715,39966,40217,40468,40719,40970,41221,41472,41723,41974,42225,42476,42727,42978,43229,43480,43731,43982,44233,44484,44735,44986,45237,45488,45739,45990,46241,46492,46743,46994,47245,47496,47747,47998,48249,48500,48694,48751,49002,49253,49504,49755,50006,50257,50508,50759,51010,51261,51512,51763,52014,52265,52516,52767,53018,53269,53520,53771,54022,54273,54524,54775,55026,55277,55528,55779,56030,56281,56532,56783,57034,57285,57536,57787,58038,58289,58540,58791,59042,59293,59544,59795,60046,60297,60548,60799,61050,61301,61552,61803,62054,62305,62556,62807
58,309,560,811,1062,1313,1564,1815,2066,2317,2568,2819,3070,3321,3572,3823,4074,4325,4576,4827,5078,5329,5580,5831,6082,6333,6584,6835,7086,7337,7588,7839,8090,8341,8592,8843,9094,9345,9596,9847,10098,10349,10600,10851,11102,11353,11604,11855,12106,12357,12608,12859,13110,13361,13612,13863,14114,14365,14616,14867,15118,15369,15620,15871,16122,16373,16624,16875,17126,17377,17628,17879,18130,18381,18632,18883,19134,19385,19636,19887,20138,20389,20640,20891,21142,21393,21644,21895,22146,22397,22648,22899,23150,23401,23652,23903,24154,24405,24656,24907,25158,25409,25660,25911,26162,26413,26664,26915,27166,27417,27668,27919,28170,28421,28672,28923,29174,29425,29676,29927,30178,30429,30680,30931,31182,31433,31684,31935,32186,32437,32688,32939,33190,33441,33692,33943,34194,34445,34696,34947,35198,35449,35700,35951,36202,36453,36704,36955,37206,37457,37708,37959,38210,38461,38712,38963,39214,39465,39716,39967,40218,40469,40720,40971,41222,41473,41724,41975,42226,42477,42728,42979,43230,43481,43732,43983,44234,44485,44736,44987,45238,45489,45740,45991,46242,46493,46744,46995,47246,47497,47748,47999,48250,48443,48501,48752,49003,49254,49505,49756,50007,50258,50509,50760,51011,51262,51513,51764,52015,52266,52517,52768,53019,53270,53521,53772,54023,54274,54525,54776,55027,55278,55529,55780,56031,56282,56533,56784,57035,57286,57537,57788,58039,58290,58541,58792,59043,59294,59545,59796,60047,60298,60549,60800,61051,61302,61553,61804,62055,62306,62557,62808
59,310,561,812,1063,1314,1565,1816,2067,2318,2569,2820,3071,3322,3573,3824,4075,4326,4577,4828,5079,5330,5581,5832,6083,6334,6585,6836,7087,7338,7589,7840,8091,8342,8593,8844,9095,9346,9597,9848,10099,10350,10601,10852,11103,11354,11605,11856,12107,12358,12609,12860,13111,13362,13613,13864,14115,14366,14617,14868,15119,15370,15621,15872,16123,16374,16625,16876,17127,17378,17629,17880,18131,18382,18633,18884,19135,19386,19637,19888,20139,20390,20641,20892,21143,21394,21645,21896,22147,22398,22649,22900,23151,23402,23653,23904,24155,24406,24657,24908,25159,25410,25661,25912,26163,26414,26665,26916,27167,27418,27669,27920,28171,28422,28673,28924,29175,29426,29677,29928,30179,30430,30681,30932,31183,31434,31685,31936,32187,32438,32689,32940,33191,33442,33693,33944,34195,34446,34697,34948,35199,35450,35701,35952,36203,36454,36705,36956,37207,37458,37709,37960,38211,38462,38713,38964,39215,39466,39717,39968,40219,40470,40721,40972,41223,41474,41725,41976,42227,42478,42729,42980,43231,43482,43733,43984,44235,44486,44737,44988,45239,45490,45741,45992,46243,46494,46745,46996,47247,47498,47749,48000,48192,48251,48502,48753,49004,49255,49506,49757,50008,50259,50510,50761,51012,51263,51514,51765,52016,52267,52518,52769,53020,53271,53522,53773,54024,54275,54526,54777,55028,55279,55530,55781,56032,56283,56534,56785,57036,57287,57538,57789,58040,58291,58542,58793,59044,59295,59546,59797,60048,60299,60550,60801,61052,61303,61554,61805,62056,62307,62558,62809
60,311,562,813,1064,1315,1566,1817,2068,2319,2570,2821,3072,3323,3574,3825,4076,4327,4578,4829,5080,5331,5582,5833,6084,6335,6586,6837,7088,7339,7590,7841,8092,8343,8594,8845,9096,9347,9598,9849,10100,10351,10602,10853,11104,11355,11606,11857,12108,12359,12610,12861,13112,13363,13614,13865,14116,14367,14618,14869,15120,15371,15622,15873,16124,16375,16626,16877,17128,17379,17630,17881,18132,18383,18634,18885,19136,19387,19638,19889,20140,20391,20642,20893,21144,21395,21646,21897,22148,22399,22650,22901,23152,23403,23654,23905,24156,24407,24658,24909,25160,25411,25662,25913,26164,26415,26666,26917,27168,27419,27670,27921,28172,28423,28674,28925,29176,29427,29678,29929,30180,30431,30682,30933,31184,31435,31686,31937,32188,32439,32690,32941,33192,33443,33694,33945,34196,34447,34698,34949,35200,35451,35702,35953,36204,36455,36706,36957,37208,37459,37710,37961,38212,38463,38714,38965,39216,39467,39718,39969,40220,40471,40722,40973,41224,41475,41726,41977,42228,42479,42730,42981,43232,43483,43734,43985,44236,44487,44738,44989,45240,45491,45742,45993,46244,46495,46746,46997,47248,47499,47750,47941,48001,48252,48503,48754,49005,49256,49507,49758,50009,50260,50511,50762,51013,51264,51515,51766,52017,52268,52519,52770,53021,53272,53523,53774,54025,54276,54527,54778,55029,55280,55531,55782,56033,56284,56535,56786,57037,57288,57539,57790,58041,58292,58543,58794,59045,59296,59547,59798,60049,60300,60551,60802,61053,61304,61555,61806,62057,62308,62559,62810
61,312,563,814,1065,1316,1567,1818,2069,2320,2571,2822,3073,3324,3575,3826,4077,4328,4579,4830,5081,5332,5583,5834,6085,6336,6587,6838,7089,7340,7591,7842,8093,8344,8595,8846,9097,9348,9599,9850,10101,10352,10603,10854,11105,11356,11607,11858,12109,12360,12611,12862,13113,13364,13615,13866,14117,14368,14619,14870,15121,15372,15623,15874,16125,16376,16627,16878,17129,17380,17631,17882,18133,18384,18635,18886,19137,19388,19639,19890,20141,20392,20643,20894,21145,21396,21647,21898,22149,22400,22651,22902,23153,23404,23655,23906,24157,24408,24659,24910,25161,25412,25663,25914,26165,26416,26667,26918,27169,27420,27671,27922,28173,28424,28675,28926,29177,29428,29679,29930,30181,30432,30683,30934,31185,31436,31687,31938,32189,32440,32691,32942,33193,33444,33695,33946,34197,34448,34699,34950,35201,35452,35703,35954,36205,36456,36707,36958,37209,37460,37711,37962,38213,38464,38715,38966,39217,39468,39719,39970,40221,40472,40723,40974,41225,41476,41727,41978,42229,42480,42731,42982,43233,43484,43735,43986,44237,44488,44739,44990,45241,45492,45743,45994,46245,46496,46747,46998,47249,47500,47690,47751,48002,48253,48504,48755,49006,49257,49508,49759,50010,50261,50512,50763,51014,51265,51516,51767,52018,52269,52520,52771,53022,53273,53524,53775,54026,54277,54528,54779,55030,55281,55532,55783,56034,56285,56536,56787,57038,57289,57540,57791,58042,58293,58544,58795,59046,59297,59548,59799,60050,60301,60552,60803,61054,61305,61556,61807,62058,62309,62560,62811
62,313,564,815,1066,1317,1568,1819,2070,2321,2572,2823,3074,3325,3576,3827,4078,4329,4580,4831,5082,5333,5584,5835,6086,6337,6588,6839,7090,7341,7592,7843,8094,8345,8596,8847,9098,9349,9600,9851,10102,10353,10604,10855,11106,11357,11608,11859,12110,12361,12612,12863,13114,13365,13616,13867,14118,14369,14620,14871,15122,15373,15624,15875,16126,16377,16628,16879,17130,17381,17632,17883,18134,18385,18636,18887,19138,19389,19640,19891,20142,20393,20644,20895,21146,21397,21648,21899,22150,22401,22652,22903,23154,23405,23656,23907,24158,24409,24660,24911,25162,25413,25664,25915,26166,26417,26668,26919,27170,27421,27672,27923,28174,28425,28676,28927,29178,29429,29680,29931,30182,30433,30684,30935,31186,31437,31688,31939,32190,32441,32692,32943,33194,33445,33696,33947,34198,34449,34700,34951,35202,35453,35704,35955,36206,36457,36708,36959,37210,37461,37712,37963,38214,38465,38716,38967,39218,39469,39720,39971,40222,40473,40724,40975,41226,41477,41728,41979,42230,42481,42732,42983,43234,43485,43736,43987,44238,44489,44740,44991,45242,45493,45744,45995,46246,46497,46748,46999,47250,47439,47501,47752,48003,48254,48505,48756,49007,49258,49509,49760,50011,50262,50513,50764,51015,51266,51517,51768,52019,52270,52521,52772,53023,53274,53525,53776,54027,54278,54529,54780,55031,55282,55533,55784,56035,56286,56537,56788,57039,57290,57541,57792,58043,58294,58545,58796,59047,59298,59549,59800,60051,60302,60553,60804,61055,61306,61557,61808,62059,62310,62561,62812
63,314,565,816,1067,1318,1569,1820,2071,2322,2573,2824,3075,3326,3577,3828,4079,4330,4581,4832,5083,5334,5585,5836,6087,6338,6589,6840,7091,7342,7593,7844,8095,8346,8597,8848,9099,9350,9601,9852,10103,10354,10605,10856,11107,11358,11609,11860,12111,12362,12613,12864,13115,13366,13617,13868,14119,14370,14621,14872,15123,15374,15625,15876,16127,16378,16629,16880,17131,17382,17633,17884,18135,18386,18637,18888,19139,19390,19641,19892,20143,20394,20645,20896,21147,21398,21649,21900,22151,22402,22653,22904,23155,23406,23657,23908,24159,24410,24661,24912,25163,25414,25665,25916,26167,26418,26669,26920,27171,27422,27673,27924,28175,28426,28677,28928,29179,29430,29681,29932,30183,30434,30685,30936,31187,31438,31689,31940,32191,32442,32693,32944,33195,33446,33697,33948,34199,34450,34701,34952,35203,35454,35705,35956,36207,36458,36709,36960,37211,37462,37713,37964,38215,38466,38717,38968,39219,39470,39721,39972,40223,40474,40725,40976,41227,41478,41729,41980,42231,42482,42733,42984,43235,43486,43737,43988,44239,44490,44741,44992,45243,45494,45745,45996,46247,46498,46749,47000,47188,47251,47502,47753,48004,48255,48506,48757,49008,49259,49510,49761,50012,50263,50514,50765,51016,51267,51518,51769,52020,52271,52522,52773,53024,53275,53526,53777,54028,54279,54530,54781,55032,55283,55534,55785,56036,56287,56538,56789,57040,57291,57542,57793,58044,58295,58546,58797,59048,59299,59550,59801,60052,60303,60554,60805,61056,61307,61558,61809,62060,62311,62562,62813
64,315,566,817,1068,1319,1570,1821,2072,2323,2574,2825,3076,3327,3578,3829,4080,4331,4582,4833,5084,5335,5586,5837,6088,6339,6590,6841,7092,7343,7594,7845,8096,8347,8598,8849,9100,9351,9602,9853,10104,10355,10606,10857,11108,11359,11610,11861,12112,12363,12614,12865,13116,13367,13618,13869,14120,14371,14622,14873,15124,15375,15626,15877,16128,16379,16630,16881,17132,17383,17634,17885,18136,18387,18638,18889,19140,19391,19642,19893,20144,20395,20646,20897,21148,21399,21650,21901,22152,22403,22654,22905,23156,23407,23658,23909,24160,24411,24662,24913,25164,25415,25666,25917,26168,26419,26670,26921,27172,27423,27674,27925,28176,28427,28678,28929,29180,29431,29682,29933,30184,30435,30686,30937,31188,31439,31690,31941,32192,32443,32694,32945,33196,33447,33698,33949,34200,34451,34702,34953,35204,35455,35706,35957,36208,36459,36710,36961,37212,37463,37714,37965,38216,38467,38718,38969,39220,39471,39722,39973,40224,40475,40726,40977,41228,41479,41730,41981,42232,42483,42734,42985,43236,43487,43738,43989,44240,44491,44742,44993,45244,45495,45746,45997,46248,46499,46750,46937,47001,47252,47503,47754,48005,48256,48507,48758,49009,49260,49511,49762,50013,50264,50515,50766,51017,51268,51519,51770,52021,52272,52523,52774,53025,53276,53527,53778,54029,54280,54531,54782,55033,55284,55535,55786,56037,56288,56539,56790,57041,57292,57543,57794,58045,58296,58547,58798,59049,59300,59551,59802,60053,60304,60555,60806,61057,61308,61559,61810,62061,62312,62563,62814
65,316,567,818,1069,1320,1571,1822,2073,2324,2575,2826,3077,3328,3579,3830,4081,4332,4583,4834,5085,5336,5587,5838,6089,6340,6591,6842,7093,7344,7595,7846,8097,8348,8599,8850,9101,9352,9603,9854,10105,10356,10607,10858,11109,11360,11611,11862,12113,12364,12615,12866,13117,13368,13619,13870,14121,14372,14623,14874,15125,15376,15627,15878,16129,16380,16631,16882,17133,17384,17635,17886,18137,18388,18639,18890,19141,19392,19643,19894,20145,20396,20647,20898,21149,21400,21651,21902,22153,22404,22655,22906,23157,23408,23659,23910,24161,24412,24663,24914,25165,25416,25667,25918,26169,26420,26671,26922,27173,27424,27675,27926,28177,28428,28679,28930,29181,29432,29683,29934,30185,30436,30687,30938,31189,31440,31691,31942,32193,32444,32695,32946,33197,33448,33699,33950,34201,34452,34703,34954,35205,35456,35707,35958,36209,36460,36711,36962,37213,37464,37715,37966,38217,38468,38719,38970,39221,39472,39723,39974,40225,40476,40727,40978,41229,41480,41731,41982,42233,42484,42735,42986,43237,43488,43739,43990,44241,44492,44743,44994,45245,45496,45747,45998,46249,46500,46686,46751,47002,47253,47504,47755,48006,48257,48508,48759,49010,49261,49512,49763,50014,50265,50516,50767,51018,51269,51520,51771,52022,52273,52524,52775,53026,53277,53528,53779,54030,54281,54532,54783,55034,55285,55536,55787,56038,56289,56540,56791,57042,57293,57544,57795,58046,58297,58548,58799,59050,59301,59552,59803,60054,60305,60556,60807,61058,61309,61560,61811,62062,62313,62564,62815
66,317,568,819,1070,1321,1572,1823,2074,2325,2576,2827,3078,3329,3580,3831,4082,4333,4584,4835,5086,5337,5588,5839,6090,6341,6592,6843,7094,7345,7596,7847,8098,8349,8600,8851,9102,9353,9604,9855,10106,10357,10608,10859,11110,11361,11612,11863,12114,12365,12616,12867,13118,13369,13620,13871,14122,14373,14624,14875,15126,15377,15628,15879,16130,16381,16632,16883,17134,17385,17636,17887,18138,18389,18640,18891,19142,19393,19644,19895,20146,20397,20648,20899,21150,21401,21652,21903,22154,22405,22656,22907,23158,23409,23660,23911,24162,24413,24664,24915,25166,25417,25668,25919,26170,26421,26672,26923,27174,27425,27676,27927,28178,28429,28680,28931,29182,29433,29684,29935,30186,30437,30688,30939,31190,31441,31692,31943,32194,32445,32696,32947,33198,33449,33700,33951,34202,34453,34704,34955,35206,35457,35708,35959,36210,36461,36712,36963,37214,37465,37716,37967,38218,38469,38720,38971,39222,39473,39724,39975,40226,40477,40728,40979,41230,41481,41732,41983,42234,42485,42736,42987,43238,43489,43740,43991,44242,44493,44744,44995,45246,45497,45748,45999,46250,46435,46501,46752,47003,47254,47505,47756,48007,48258,48509,48760,49011,49262,49513,49764,50015,50266,50517,50768,51019,51270,51521,51772,52023,52274,52525,52776,53027,53278,53529,53780,54031,54282,54533,54784,55035,55286,55537,55788,56039,56290,56541,56792,57043,57294,57545,57796,58047,58298,58549,58800,59051,59302,59553,59804,60055,60306,60557,60808,61059,61310,61561,61812,62063,62314,62565,62816
67,318,569,820,1071,1322,1573,1824,2075,2326,2577,2828,3079,3330,3581,3832,4083,4334,4585,4836,5087,5338,5589,5840,6091,6342,6593,6844,7095,7346,7597,7848,8099,8350,8601,8852,9103,9354,9605,9856,10107,10358,10609,10860,11111,11362,11613,11864,12115,12366,12617,12868,13119,13370,13621,13872,14123,14374,14625,14876,15127,15378,15629,15880,16131,16382,16633,16884,17135,17386,17637,17888,18139,18390,18641,18892,19143,19394,19645,19896,20147,20398,20649,20900,21151,21402,21653,21904,22155,22406,22657,22908,23159,23410,23661,23912,24163,24414,24665,24916,25167,25418,25669,25920,26171,26422,26673,26924,27175,27426,27677,27928,28179,28430,28681,28932,29183,29434,29685,29936,30187,30438,30689,30940,31191,31442,31693,31944,32195,32446,32697,32948,33199,33450,33701,33952,34203,34454,34705,34956,35207,35458,35709,35960,36211,36462,36713,36964,37215,37466,37717,37968,38219,38470,38721,38972,39223,39474,39725,39976,40227,40478,40729,40980,41231,41482,41733,41984,42235,42486,42737,42988,43239,43490,43741,43992,44243,44494,44745,44996,45247,45498,45749,46000,46184,46251,46502,46753,47004,47255,47506,47757,48008,48259,48510,48761,49012,49263,49514,49765,50016,50267,50518,50769,51020,51271,51522,51773,52024,52275,52526,52777,53028,53279,53530,53781,54032,54283,54534,54785,55036,55287,55538,55789,56040,56291,56542,56793,57044,57295,57546,57797,58048,58299,58550,58801,59052,59303,59554,59805,60056,60307,60558,60809,61060,61311,61562,61813,62064,62315,62566,62817
68,319,570,821,1072,1323,1574,1825,2076,2327,2578,2829,3080,3331,3582,3833,4084,4335,4586,4837,5088,5339,5590,5841,6092,6343,6594,6845,7096,7347,7598,7849,8100,8351,8602,8853,9104,9355,9606,9857,10108,10359,10610,10861,11112,11363,11614,11865,12116,12367,12618,12869,13120,13371,13622,13873,14124,14375,14626,14877,15128,15379,15630,15881,16132,16383,16634,16885,17136,17387,17638,17889,18140,18391,18642,18893,19144,19395,19646,19897,20148,20399,20650,20901,21152,21403,21654,21905,22156,22407,22658,22909,23160,23411,23662,23913,24164,24415,24666,24917,25168,25419,25670,25921,26172,26423,26674,26925,27176,27427,27678,27929,28180,28431,28682,28933,29184,29435,29686,29937,30188,30439,30690,30941,31192,31443,31694,31945,32196,32447,32698,32949,33200,33451,33702,33953,34204,34455,34706,34957,35208,35459,35710,35961,36212,36463,36714,36965,37216,37467,37718,37969,38220,38471,38722,38973,39224,39475,39726,39977,40228,40479,40730,40981,41232,41483,41734,41985,42236,42487,42738,42989,43240,43491,43742,43993,44244,44495,44746,44997,45248,45499,45750,45933,46001,46252,46503,46754,47005,47256,47507,47758,48009,48260,48511,48762,49013,49264,49515,49766,50017,50268,50519,50770,51021,51272,51523,51774,52025,52276,52527,52778,53029,53280,53531,53782,54033,54284,54535,54786,55037,55288,55539,55790,56041,56292,56543,56794,57045,57296,57547,57798,58049,58300,58551,58802,59053,59304,59555,59806,60057,60308,60559,60810,61061,61312,61563,61814,62065,62316,62567,62818
69,320,571,822,1073,1324,1575,1826,2077,2328,2579,2830,3081,3332,3583,3834,4085,4336,4587,4838,5089,5340,5591,5842,6093,6344,6595,6846,7097,7348,7599,7850,8101,8352,8603,8854,9105,9356,9607,9858,10109,10360,10611,10862,11113,11364,11615,11866,12117,12368,12619,12870,13121,13372,13623,13874,14125,14376,14627,14878,15129,15380,15631,15882,16133,16384,16635,16886,17137,17388,17639,17890,18141,18392,18643,18894,19145,19396,19647,19898,20149,20400,20651,20902,21153,21404,21655,21906,22157,22408,22659,22910,23161,23412,23663,23914,24165,24416,24667,24918,25169,25420,25671,25922,26173,26424,26675,26926,27177,27428,27679,27930,28181,28432,28683,28934,29185,29436,29687,29938,30189,30440,30691,30942,31193,31444,31695,31946,32197,32448,32699,32950,33201,33452,33703,33954,34205,34456,34707,34958,35209,35460,35711,35962,36213,36464,36715,36966,37217,37468,37719,37970,38221,38472,38723,38974,39225,39476,39727,39978,40229,40480,40731,40982,41233,41484,41735,41986,42237,42488,42739,42990,43241,43492,43743,43994,44245,44496,44747,44998,45249,45500,45682,45751,46002,46253,46504,46755,47006,47257,47508,47759,48010,48261,48512,48763,49014,49265,49516,49767,50018,50269,50520,50771,51022,51273,51524,51775,52026,52277,52528,52779,53030,53281,53532,53783,54034,54285,54536,54787,55038,55289,55540,55791,56042,56293,56544,56795,57046,57297,57548,57799,58050,58301,58552,58803,59054,59305,59556,59807,60058,60309,60560,60811,61062,61313,61564,61815,62066,62317,62568,62819
70,321,572,823,1074,1325,1576,1827,2078,2329,2580,2831,3082,3333,3584,3835,4086,4337,4588,4839,5090,5341,5592,5843,6094,6345,6596,6847,7098,7349,7600,7851,8102,8353,8604,8855,9106,9357,9608,9859,10110,10361,10612,10863,11114,11365,11616,11867,12118,12369,12620,12871,13122,13373,13624,13875,14126,14377,14628,14879,15130,15381,15632,15883,16134,16385,16636,16887,17138,17389,17640,17891,18142,18393,18644,18895,19146,19397,19648,19899,20150,20401,20652,20903,21154,21405,21656,21907,22158,22409,22660,22911,23162,23413,23664,23915,24166,24417,24668,24919,25170,25421,25672,25923,26174,26425,26676,26927,27178,27429,27680,27931,28182,28433,28684,28935,29186,29437,29688,29939,30190,30441,30692,30943,31194,31445,31696,31947,32198,32449,32700,32951,33202,33453,33704,33955,34206,34457,34708,34959,35210,35461,35712,35963,36214,36465,36716,36967,37218,37469,37720,37971,38222,38473,38724,38975,39226,39477,39728,39979,40230,40481,40732,40983,41234,41485,41736,41987,42238,42489,42740,42991,43242,43493,43744,43995,44246,44497,44748,44999,45250,45431,45501,45752,46003,46254,46505,46756,47007,47258,47509,47760,48011,48262,48513,48764,49015,49266,49517,49768,50019,50270,50521,50772,51023,51274,51525,51776,52027,52278,52529,52780,53031,53282,53533,53784,54035,54286,54537,54788,55039,55290,55541,55792,56043,56294,56545,56796,57047,57298,57549,57800,58051,58302,58553,58804,59055,59306,59557,59808,60059,60310,60561,60812,61063,61314,61565,61816,62067,62318,62569,62820
71,322,573,824,1075,1326,1577,1828,2079,2330,2581,2832,3083,3334,3585,3836,4087,4338,4589,4840,5091,5342,5593,5844,6095,6346,6597,6848,7099,7350,7601,7852,8103,8354,8605,8856,9107,9358,9609,9860,10111,10362,10613,10864,11115,11366,11617,11868,12119,12370,12621,12872,13123,13374,13625,13876,14127,14378,14629,14880,15131,15382,15633,15884,16135,16386,16637,16888,17139,17390,17641,17892,18143,18394,18645,18896,19147,19398,19649,19900,20151,20402,20653,20904,21155,21406,21657,21908,22159,22410,22661,22912,23163,23414,23665,23916,24167,24418,24669,24920,25171,25422,25673,25924,26175,26426,26677,26928,27179,27430,27681,27932,28183,28434,28685,28936,29187,29438,29689,29940,30191,30442,30693,30944,31195,31446,31697,31948,32199,32450,32701,32952,33203,33454,33705,33956,34207,34458,34709,34960,35211,35462,35713,35964,36215,36466,36717,36968,37219,37470,37721,37972,38223,38474,38725,38976,39227,39478,39729,39980,40231,40482,40733,40984,41235,41486,41737,41988,42239,42490,42741,42992,43243,43494,43745,43996,44247,44498,44749,45000,45180,45251,45502,45753,46004,46255,46506,46757,47008,47259,47510,47761,48012,48263,48514,48765,49016,49267,49518,49769,50020,50271,50522,50773,51024,51275,51526,51777,52028,52279,52530,52781,53032,53283,53534,53785,54036,54287,54538,54789,55040,55291,55542,55793,56044,56295,56546,56797,57048,57299,57550,57801,58052,58303,58554,58805,59056,59307,59558,59809,60060,60311,60562,60813,61064,61315,61566,61817,62068,62319,62570,62821
72,323,574,825,1076,1327,1578,1829,2080,2331,2582,2833,3084,3335,3586,3837,4088,4339,4590,4841,5092,5343,5594,5845,6096,6347,6598,6849,7100,7351,7602,7853,8104,8355,8606,8857,9108,9359,9610,9861,10112,10363,10614,10865,11116,11367,11618,11869,12120,12371,12622,12873,13124,13375,13626,13877,14128,14379,14630,14881,15132,15383,15634,15885,16136,16387,16638,16889,17140,17391,17642,17893,18144,18395,18646,18897,19148,19399,19650,19901,20152,20403,20654,20905,21156,21407,21658,21909,22160,22411,22662,22913,23164,23415,23666,23917,24168,24419,24670,24921,25172,25423,25674,25925,26176,26427,26678,26929,27180,27431,27682,27933,28184,28435,28686,28937,29188,29439,29690,29941,30192,30443,30694,30945,31196,31447,31698,31949,32200,32451,32702,32953,33204,33455,33706,33957,34208,34459,34710,34961,35212,35463,35714,35965,36216,36467,36718,36969,37220,37471,37722,37973,38224,38475,38726,38977,39228,39479,39730,39981,40232,40483,40734,40985,41236,41487,41738,41989,42240,42491,42742,42993,43244,43495,43746,43997,44248,44499,44750,44929,45001,45252,45503,45754,46005,46256,46507,46758,47009,47260,47511,47762,48013,48264,48515,48766,49017,49268,49519,49770,50021,50272,50523,50774,51025,51276,51527,51778,52029,52280,52531,52782,53033,53284,53535,53786,54037,54288,54539,54790,55041,55292,55543,55794,56045,56296,56547,56798,57049,57300,57551,57802,58053,58304,58555,58806,59057,59308,59559,59810,60061,60312,60563,60814,61065,61316,61567,61818,62069,62320,62571,62822
73,324,575,826,1077,1328,1579,1830,2081,2332,2583,2834,3085,3336,3587,3838,4089,4340,4591,4842,5093,5344,5595,5846,6097,6348,6599,6850,7101,7352,7603,7854,8105,8356,8607,8858,9109,9360,9611,9862,10113,10364,10615,10866,11117,11368,11619,11870,12121,12372,12623,12874,13125,13376,13627,13878,14129,14380,14631,14882,15133,15384,15635,15886,16137,16388,16639,16890,17141,17392,17643,17894,18145,18396,18647,18898,19149,19400,19651,19902,20153,20404,20655,20906,21157,21408,21659,21910,22161,22412,22663,22914,23165,23416,23667,23918,24169,24420,24671,24922,25173,25424,25675,25926,26177,26428,26679,26930,27181,27432,27683,27934,28185,28436,28687,28938,29189,29440,29691,29942,30193,30444,30695,30946,31197,31448,31699,31950,32201,32452,32703,32954,33205,33456,33707,33958,34209,34460,34711,34962,35213,35464,35715,35966,36217,36468,36719,36970,37221,37472,37723,37974,38225,38476,38727,38978,39229,39480,39731,39982,40233,40484,40735,40986,41237,41488,41739,41990,42241,42492,42743,42994,43245,43496,43747,43998,44249,44500,44678,44751,45002,45253,45504,45755,46006,46257,46508,46759,47010,47261,47512,47763,48014,48265,48516,48767,49018,49269,49520,49771,50022,50273,50524,50775,51026,51277,51528,51779,52030,52281,52532,52783,53034,53285,53536,53787,54038,54289,54540,54791,55042,55293,55544,55795,56046,56297,56548,56799,57050,57301,57552,57803,58054,58305,58556,58807,59058,59309,59560,59811,60062,60313,60564,60815,61066,61317,61568,61819,62070,62321,62572,62823
74,325,576,827,1078,1329,1580,1831,2082,2333,2584,2835,3086,3337,3588,3839,4090,4341,4592,4843,5094,5345,5596,5847,6098,6349,6600,6851,7102,7353,7604,7855,8106,8357,8608,8859,9110,9361,9612,9863,10114,10365,10616,10867,11118,11369,11620,11871,12122,12373,12624,12875,13126,13377,13628,13879,14130,14381,14632,14883,15134,15385,15636,15887,16138,16389,16640,16891,17142,17393,17644,17895,18146,18397,18648,18899,19150,19401,19652,19903,20154,20405,20656,20907,21158,21409,21660,21911,22162,22413,22664,22915,23166,23417,23668,23919,24170,24421,24672,24923,25174,25425,25676,25927,26178,26429,26680,26931,27182,27433,27684,27935,28186,28437,28688,28939,29190,29441,29692,29943,30194,30445,30696,30947,31198,31449,31700,31951,32202,32453,32704,32955,33206,33457,33708,33959,34210,34461,34712,34963,35214,35465,35716,35967,36218,36469,36720,36971,37222,37473,37724,37975,38226,38477,38728,38979,39230,39481,39732,39983,40234,40485,40736,40987,41238,41489,41740,41991,42242,42493,42744,42995,43246,43497,43748,43999,44250,44427,44501,44752,45003,45254,45505,45756,46007,46258,46509,46760,47011,47262,47513,47764,48015,48266,48517,48768,49019,49270,49521,49772,50023,50274,50525,50776,51027,51278,51529,51780,52031,52282,52533,52784,53035,53286,53537,53788,54039,54290,54541,54792,55043,55294,55545,55796,56047,56298,56549,56800,57051,57302,57553,57804,58055,58306,58557,58808,59059,59310,59561,59812,60063,60314,60565,60816,61067,61318,61569,61820,62071,62322,62573,62824
75,326,577,828,1079,1330,1581,1832,2083,2334,2585,2836,3087,3338,3589,3840,4091,4342,4593,4844,5095,5346,5597,5848,6099,6350,6601,6852,7103,7354,7605,7856,8107,8358,8609,8860,9111,9362,9613,9864,10115,10366,10617,10868,11119,11370,11621,11872,12123,12374,12625,12876,13127,13378,13629,13880,14131,14382,14633,14884,15135,15386,15637,15888,16139,16390,16641,16892,17143,17394,17645,17896,18147,18398,18649,18900,19151,19402,19653,19904,20155,20406,20657,20908,21159,21410,21661,21912,22163,22414,22665,22916,23167,23418,23669,23920,24171,24422,24673,24924,25175,25426,25677,25928,26179,26430,26681,26932,27183,27434,27685,27936,28187,28438,28689,28940,29191,29442,29693,29944,30195,30446,30697,30948,31199,31450,31701,31952,32203,32454,32705,32956,33207,33458,33709,33960,34211,34462,34713,34964,35215,35466,35717,35968,36219,36470,36721,36972,37223,37474,37725,37976,38227,38478,38729,38980,39231,39482,39733,39984,40235,40486,40737,40988,41239,41490,41741,41992,42243,42494,42745,42996,43247,43498,43749,44000,44176,44251,44502,44753,45004,45255,45506,45757,46008,46259,46510,46761,47012,47263,47514,47765,48016,48267,48518,48769,49020,49271,49522,49773,50024,50275,50526,50777,51028,51279,51530,51781,52032,52283,52534,52785,53036,53287,53538,53789,54040,54291,54542,54793,55044,55295,55546,55797,56048,56299,56550,56801,57052,57303,57554,57805,58056,58307,58558,58809,59060,59311,59562,59813,60064,60315,60566,60817,61068,61319,61570,61821,62072,62323,62574,62825
76,327,578,829,1080,1331,1582,1833,2084,2335,2586,2837,3088,3339,3590,3841,4092,4343,4594,4845,5096,5347,5598,5849,6100,6351,6602,6853,7104,7355,7606,7857,8108,8359,8610,8861,9112,9363,9614,9865,10116,10367,10618,10869,11120,11371,11622,11873,12124,12375,12626,12877,13128,13379,13630,13881,14132,14383,14634,14885,15136,15387,15638,15889,16140,16391,16642,16893,17144,17395,17646,17897,18148,18399,18650,18901,19152,19403,19654,19905,20156,20407,20658,20909,21160,21411,21662,21913,22164,22415,22666,22917,23168,23419,23670,23921,24172,24423,24674,24925,25176,25427,25678,25929,26180,26431,26682,26933,27184,27435,27686,27937,28188,28439,28690,28941,29192,29443,29694,29945,30196,30447,30698,30949,31200,31451,31702,31953,32204,32455,32706,32957,33208,33459,33710,33961,34212,34463,34714,34965,35216,35467,35718,35969,36220,36471,36722,36973,37224,37475,37726,37977,38228,38479,38730,38981,39232,39483,39734,39985,40236,40487,40738,40989,41240,41491,41742,41993,42244,42495,42746,42997,43248,43499,43750,43925,44001,44252,44503,44754,45005,45256,45507,45758,46009,46260,46511,46762,47013,47264,47515,47766,48017,48268,48519,48770,49021,49272,49523,49774,50025,50276,50527,50778,51029,51280,51531,51782,52033,52284,52535,52786,53037,53288,53539,53790,54041,54292,54543,54794,55045,55296,55547,55798,56049,56300,56551,56802,57053,57304,57555,57806,58057,58308,58559,58810,59061,59312,59563,59814,60065,60316,60567,60818,61069,61320,61571,61822,62073,62324,62575,62826
77,328,579,830,1081,1332,1583,1834,2085,2336,2587,2838,3089,3340,3591,3842,4093,4344,4595,4846,5097,5348,5599,5850,6101,6352,6603,6854,7105,7356,7607,7858,8109,8360,8611,8862,9113,9364,9615,9866,10117,10368,10619,10870,11121,11372,11623,11874,12125,12376,12627,12878,13129,13380,13631,13882,14133,14384,14635,14886,15137,15388,15639,15890,16141,16392,16643,16894,17145,17396,17647,17898,18149,18400,18651,18902,19153,19404,19655,19906,20157,20408,20659,20910,21161,21412,21663,21914,22165,22416,22667,22918,23169,23420,23671,23922,24173,24424,24675,24926,25177,25428,25679,25930,26181,26432,26683,26934,27185,27436,27687,27938,28189,28440,28691,28942,29193,29444,29695,29946,30197,30448,30699,30950,31201,31452,31703,31954,32205,32456,32707,32958,33209,33460,33711,33962,34213,34464,34715,34966,35217,35468,35719,35970,36221,36472,36723,36974,37225,37476,37727,37978,38229,38480,38731,38982,39233,39484,39735,39986,40237,40488,40739,40990,41241,41492,41743,41994,42245,42496,42747,42998,43249,43500,43674,43751,44002,44253,44504,44755,45006,45257,45508,45759,46010,46261,46512,46763,47014,47265,47516,47767,48018,48269,48520,48771,49022,49273,49524,49775,50026,50277,50528,50779,51030,51281,51532,51783,52034,52285,52536,52787,53038,53289,53540,53791,54042,54293,54544,54795,55046,55297,55548,55799,56050,56301,56552,56803,57054,57305,57556,57807,58058,58309,58560,58811,59062,59313,59564,59815,60066,60317,60568,60819,61070,61321,61572,61823,62074,62325,62576,62827
78,329,580,831,1082,1333,1584,1835,2086,2337,2588,2839,3090,3341,3592,3843,4094,4345,4596,4847,5098,5349,5600,5851,6102,6353,6604,6855,7106,7357,7608,7859,8110,8361,8612,8863,9114,9365,9616,9867,10118,10369,10620,10871,11122,11373,11624,11875,12126,12377,12628,12879,13130,13381,13632,13883,14134,14385,14636,14887,15138,15389,15640,15891,16142,16393,16644,16895,17146,17397,17648,17899,18150,18401,18652,18903,19154,19405,19656,19907,20158,20409,20660,20911,21162,21413,21664,21915,22166,22417,22668,22919,23170,23421,23672,23923,24174,24425,24676,24927,25178,25429,25680,25931,26182,26433,26684,26935,27186,27437,27688,27939,28190,28441,28692,28943,29194,29445,29696,29947,30198,30449,30700,30951,31202,31453,31704,31955,32206,32457,32708,32959,33210,33461,33712,33963,34214,34465,34716,34967,35218,35469,35720,35971,36222,36473,36724,36975,37226,37477,37728,37979,38230,38481,38732,38983,39234,39485,39736,39987,40238,40489,40740,40991,41242,41493,41744,41995,42246,42497,42748,42999,43250,43423,43501,43752,44003,44254,44505,44756,45007,45258,45509,45760,46011,46262,46513,46764,47015,47266,47517,47768,48019,48270,48521,48772,49023,49274,49525,49776,50027,50278,50529,50780,51031,51282,51533,51784,52035,52286,52537,52788,53039,53290,53541,53792,54043,54294,54545,54796,55047,55298,55549,55800,56051,56302,56553,56804,57055,57306,57557,57808,58059,58310,58561,58812,59063,59314,59565,59816,60067,60318,60569,60820,61071,61322,61573,61824,62075,62326,62577,62828
79,330,581,832,1083,1334,1585,1836,2087,2338,2589,2840,3091,3342,3593,3844,4095,4346,4597,4848,5099,5350,5601,5852,6103,6354,6605,6856,7107,7358,7609,7860,8111,8362,8613,8864,9115,9366,9617,9868,10119,10370,10621,10872,11123,11374,11625,11876,12127,12378,12629,12880,13131,13382,13633,13884,14135,14386,14637,14888,15139,15390,15641,15892,16143,16394,16645,16896,17147,17398,17649,17900,18151,18402,18653,18904,19155,19406,19657,19908,20159,20410,20661,20912,21163,21414,21665,21916,22167,22418,22669,22920,23171,23422,23673,23924,24175,24426,24677,24928,25179,25430,25681,25932,26183,26434,26685,26936,27187,27438,27689,27940,28191,28442,28693,28944,29195,29446,29697,29948,30199,30450,30701,30952,31203,31454,31705,31956,32207,32458,32709,32960,33211,33462,33713,33964,34215,34466,34717,34968,35219,35470,35721,35972,36223,36474,36725,36976,37227,37478,37729,37980,38231,38482,38733,38984,39235,39486,39737,39988,40239,40490,40741,40992,41243,41494,41745,41996,42247,42498,42749,43000,43172,43251,43502,43753,44004,44255,44506,44757,45008,45259,45510,45761,46012,46263,46514,46765,47016,47267,47518,47769,48020,48271,48522,48773,49024,49275,49526,49777,50028,50279,50530,50781,51032,51283,51534,51785,52036,52287,52538,52789,53040,53291,53542,53793,54044,54295,54546,54797,55048,55299,55550,55801,56052,56303,56554,56805,57056,57307,57558,57809,58060,58311,58562,58813,59064,59315,59566,59817,60068,60319,60570,60821,61072,61323,61574,61825,62076,62327,62578,62829
80,331,582,833,1084,1335,1586,1837,2088,2339,2590,2841,3092,3343,3594,3845,4096,4347,4598,4849,5100,5351,5602,5853,6104,6355,6606,6857,7108,7359,7610,7861,8112,8363,8614,8865,9116,9367,9618,9869,10120,10371,10622,10873,11124,11375,11626,11877,12128,12379,12630,12881,13132,13383,13634,13885,14136,14387,14638,14889,15140,15391,15642,15893,16144,16395,16646,16897,17148,17399,17650,17901,18152,18403,18654,18905,19156,19407,19658,19909,20160,20411,20662,20913,21164,21415,21666,21917,22168,22419,22670,22921,23172,23423,23674,23925,24176,24427,24678,24929,25180,25431,25682,25933,26184,26435,26686,26937,27188,27439,27690,27941,28192,28443,28694,28945,29196,29447,29698,29949,30200,30451,30702,30953,31204,31455,31706,31957,32208,32459,32710,32961,33212,33463,33714,33965,34216,34467,34718,34969,35220,35471,35722,35973,36224,36475,36726,36977,37228,37479,37730,37981,38232,38483,38734,38985,39236,39487,39738,39989,40240,40491,40742,40993,41244,41495,41746,41997,42248,42499,42750,42921,43001,43252,43503,43754,44005,44256,44507,44758,45009,45260,45511,45762,46013,46264,46515,46766,47017,47268,47519,47770,48021,48272,48523,48774,49025,49276,49527,49778,50029,50280,50531,50782,51033,51284,51535,51786,52037,52288,52539,52790,53041,53292,53543,53794,54045,54296,54547,54798,55049,55300,55551,55802,56053,56304,56555,56806,57057,57308,57559,57810,58061,58312,58563,58814,59065,59316,59567,59818,60069,60320,60571,60822,61073,61324,61575,61826,62077,62328,62579,62830
81,332,583,834,1085,1336,1587,1838,2089,2340,2591,2842,3093,3344,3595,3846,4097,4348,4599,4850,5101,5352,5603,5854,6105,6356,6607,6858,7109,7360,7611,7862,8113,8364,8615,8866,9117,9368,9619,9870,10121,10372,10623,10874,11125,11376,11627,11878,12129,12380,12631,12882,13133,13384,13635,13886,14137,14388,14639,14890,15141,15392,15643,15894,16145,16396,16647,16898,17149,17400,17651,17902,18153,18404,18655,18906,19157,19408,19659,19910,20161,20412,20663,20914,21165,21416,21667,21918,22169,22420,22671,22922,23173,23424,23675,23926,24177,24428,24679,24930,25181,25432,25683,25934,26185,26436,26687,26938,27189,27440,27691,27942,28193,28444,28695,28946,29197,29448,29699,29950,30201,30452,30703,30954,31205,31456,31707,31958,32209,32460,32711,32962,33213,33464,33715,33966,34217,34468,34719,34970,35221,35472,35723,35974,36225,36476,36727,36978,37229,37480,37731,37982,38233,38484,38735,38986,39237,39488,39739,39990,40241,40492,40743,40994,41245,41496,41747,41998,42249,42500,42670,42751,43002,43253,43504,43755,44006,44257,44508,44759,45010,45261,45512,45763,46014,46265,46516,46767,47018,47269,47520,47771,48022,48273,48524,48775,49026,49277,49528,49779,50030,50281,50532,50783,51034,51285,51536,51787,52038,52289,52540,52791,53042,53293,53544,53795,54046,54297,54548,54799,55050,55301,55552,55803,56054,56305,56556,56807,57058,57309,57560,57811,58062,58313,58564,58815,59066,59317,59568,59819,60070,60321,60572,60823,61074,61325,61576,61827,62078,62329,62580,62831
82,333,584,835,1086,1337,1588,1839,2090,2341,2592,2843,3094,3345,3596,3847,4098,4349,4600,4851,5102,5353,5604,5855,6106,6357,6608,6859,7110,7361,7612,7863,8114,8365,8616,8867,9118,9369,9620,9871,10122,10373,10624,10875,11126,11377,11628,11879,12130,12381,12632,12883,13134,13385,13636,13887,14138,14389,14640,14891,15142,15393,15644,15895,16146,16397,16648,16899,17150,17401,17652,17903,18154,18405,18656,18907,19158,19409,19660,19911,20162,20413,20664,20915,21166,21417,21668,21919,22170,22421,22672,22923,23174,23425,23676,23927,24178,24429,24680,24931,25182,25433,25684,25935,26186,26437,26688,26939,27190,27441,27692,27943,28194,28445,28696,28947,29198,29449,29700,29951,30202,30453,30704,30955,31206,31457,31708,31959,32210,32461,32712,32963,33214,33465,33716,33967,34218,34469,34720,34971,35222,35473,35724,35975,36226,36477,36728,36979,37230,37481,37732,37983,38234,38485,38736,38987,39238,39489,39740,39991,40242,40493,40744,40995,41246,41497,41748,41999,42250,42419,42501,42752,43003,43254,43505,43756,44007,44258,44509,44760,45011,45262,45513,45764,46015,46266,46517,46768,47019,47270,47521,47772,48023,48274,48525,48776,49027,49278,49529,49780,50031,50282,50533,50784,51035,51286,51537,51788,52039,52290,52541,52792,53043,53294,53545,53796,54047,54298,54549,54800,55051,55302,55553,55804,56055,56306,56557,56808,57059,57310,57561,57812,58063,58314,58565,58816,59067,59318,59569,59820,60071,60322,60573,60824,61075,61326,61577,61828,62079,62330,62581,62832
83,334,585,836,1087,1338,1589,1840,2091,2342,2593,2844,3095,3346,3597,3848,4099,4350,4601,4852,5103,5354,5605,5856,6107,6358,6609,6860,7111,7362,7613,7864,8115,8366,8617,8868,9119,9370,9621,9872,10123,10374,10625,10876,11127,11378,11629,11880,12131,12382,12633,12884,13135,13386,13637,13888,14139,14390,14641,14892,15143,15394,15645,15896,16147,16398,16649,16900,17151,17402,17653,17904,18155,18406,18657,18908,19159,19410,19661,19912,20163,20414,20665,20916,21167,21418,21669,21920,22171,22422,22673,22924,23175,23426,23677,23928,24179,24430,24681,24932,25183,25434,25685,25936,26187,26438,26689,26940,27191,27442,27693,27944,28195,28446,28697,28948,29199,29450,29701,29952,30203,30454,30705,30956,31207,31458,31709,31960,32211,32462,32713,32964,33215,33466,33717,33968,34219,34470,34721,34972,35223,35474,35725,35976,36227,36478,36729,36980,37231,37482,37733,37984,38235,38486,38737,38988,39239,39490,39741,39992,40243,40494,40745,40996,41247,41498,41749,42000,42168,42251,42502,42753,43004,43255,43506,43757,44008,44259,44510,44761,45012,45263,45514,45765,46016,46267,46518,46769,47020,47271,47522,47773,48024,48275,48526,48777,49028,49279,49530,49781,50032,50283,50534,50785,51036,51287,51538,51789,52040,52291,52542,52793,53044,53295,53546,53797,54048,54299,54550,54801,55052,55303,55554,55805,56056,56307,56558,56809,57060,57311,57562,57813,58064,58315,58566,58817,59068,59319,59570,59821,60072,60323,60574,60825,61076,61327,61578,61829,62080,62331,62582,62833
84,335,586,837,1088,1339,1590,1841,2092,2343,2594,2845,3096,3347,3598,3849,4100,4351,4602,4853,5104,5355,5606,5857,6108,6359,6610,6861,7112,7363,7614,7865,8116,8367,8618,8869,9120,9371,9622,9873,10124,10375,10626,10877,11128,11379,11630,11881,12132,12383,12634,12885,13136,13387,13638,13889,14140,14391,14642,14893,15144,15395,15646,15897,16148,16399,16650,16901,17152,17403,17654,17905,18156,18407,18658,18909,19160,19411,19662,19913,20164,20415,20666,20917,21168,21419,21670,21921,22172,22423,22674,22925,23176,23427,23678,23929,24180,24431,24682,24933,25184,25435,25686,25937,26188,26439,26690,26941,27192,27443,27694,27945,28196,28447,28698,28949,29200,29451,29702,29953,30204,30455,30706,30957,31208,31459,31710,31961,32212,32463,32714,32965,33216,33467,33718,33969,34220,34471,34722,34973,35224,35475,35726,35977,36228,36479,36730,36981,37232,37483,37734,37985,38236,38487,38738,38989,39240,39491,39742,39993,40244,40495,40746,40997,41248,41499,41750,41917,42001,42252,42503,42754,43005,43256,43507,43758,44009,44260,44511,44762,45013,45264,45515,45766,46017,46268,46519,46770,47021,47272,47523,47774,48025,48276,48527,48778,49029,49280,49531,49782,50033,50284,50535,50786,51037,51288,51539,51790,52041,52292,52543,52794,53045,53296,53547,53798,54049,54300,54551,54802,55053,55304,55555,55806,56057,56308,56559,56810,57061,57312,57563,57814,58065,58316,58567,58818,59069,59320,59571,59822,60073,60324,60575,60826,61077,61328,61579,61830,62081,62332,62583,62834
85,336,587,838,1089,1340,1591,1842,2093,2344,2595,2846,3097,3348,3599,3850,4101,4352,4603,4854,5105,5356,5607,5858,6109,6360,6611,6862,7113,7364,7615,7866,8117,8368,8619,8870,9121,9372,9623,9874,10125,10376,10627,10878,11129,11380,11631,11882,12133,12384,12635,12886,13137,13388,13639,13890,14141,14392,14643,14894,15145,15396,15647,15898,16149,16400,16651,16902,17153,17404,17655,17906,18157,18408,18659,18910,19161,19412,19663,19914,20165,20416,20667,20918,21169,21420,21671,21922,22173,22424,22675,22926,23177,23428,23679,23930,24181,24432,24683,24934,25185,25436,25687,25938,26189,26440,26691,26942,27193,27444,27695,27946,28197,28448,28699,28950,29201,29452,29703,29954,30205,30456,30707,30958,31209,31460,31711,31962,32213,32464,32715,32966,33217,33468,33719,33970,34221,34472,34723,34974,35225,35476,35727,35978,36229,36480,36731,36982,37233,37484,37735,37986,38237,38488,38739,38990,39241,39492,39743,39994,40245,40496,40747,40998,41249,41500,41666,41751,42002,42253,42504,42755,43006,43257,43508,43759,44010,44261,44512,44763,45014,45265,45516,45767,46018,46269,46520,46771,47022,47273,47524,47775,48026,48277,48528,48779,49030,49281,49532,49783,50034,50285,50536,50787,51038,51289,51540,51791,52042,52293,52544,52795,53046,53297,53548,53799,54050,54301,54552,54803,55054,55305,55556,55807,56058,56309,56560,56811,57062,57313,57564,57815,58066,58317,58568,58819,59070,59321,59572,59823,60074,60325,60576,60827,61078,61329,61580,61831,62082,62333,62584,62835
86,337,588,839,1090,1341,1592,1843,2094,2345,2596,2847,3098,3349,3600,3851,4102,4353,4604,4855,5106,5357,5608,5859,6110,6361,6612,6863,7114,7365,7616,7867,8118,8369,8620,8871,9122,9373,9624,9875,10126,10377,10628,10879,11130,11381,11632,11883,12134,12385,12636,12887,13138,13389,13640,13891,14142,14393,14644,14895,15146,15397,15648,15899,16150,16401,16652,16903,17154,17405,17656,17907,18158,18409,18660,18911,19162,19413,19664,19915,20166,20417,20668,20919,21170,21421,21672,21923,22174,22425,22676,22927,23178,23429,23680,23931,24182,24433,24684,24935,25186,25437,25688,25939,26190,26441,26692,26943,27194,27445,27696,27947,28198,28449,28700,28951,29202,29453,29704,29955,30206,30457,30708,30959,31210,31461,31712,31963,32214,32465,32716,32967,33218,33469,33720,33971,34222,34473,34724,34975,35226,35477,35728,35979,36230,36481,36732,36983,37234,37485,37736,37987,38238,38489,38740,38991,39242,39493,39744,39995,40246,40497,40748,40999,41250,41415,41501,41752,42003,42254,42505,42756,43007,43258,43509,43760,44011,44262,44513,44764,45015,45266,45517,45768,46019,46270,46521,46772,47023,47274,47525,47776,48027,48278,48529,48780,49031,49282,49533,49784,50035,50286,50537,50788,51039,51290,51541,51792,52043,52294,52545,52796,53047,53298,53549,53800,54051,54302,54553,54804,55055,55306,55557,55808,56059,56310,56561,56812,57063,57314,57565,57816,58067,58318,58569,58820,59071,59322,59573,59824,60075,60326,60577,60828,61079,61330,61581,61832,62083,62334,62585,62836
87,338,589,840,1091,1342,1593,1844,2095,2346,2597,2848,3099,3350,3601,3852,4103,4354,4605,4856,5107,5358,5609,5860,6111,6362,6613,6864,7115,7366,7617,7868,8119,8370,8621,8872,9123,9374,9625,9876,10127,10378,10629,10880,11131,11382,11633,11884,12135,12386,12637,12888,13139,13390,13641,13892,14143,14394,14645,14896,15147,15398,15649,15900,16151,16402,16653,16904,17155,17406,17657,17908,18159,18410,18661,18912,19163,19414,19665,19916,20167,20418,20669,20920,21171,21422,21673,21924,22175,22426,22677,22928,23179,23430,23681,23932,24183,24434,24685,24936,25187,25438,25689,25940,26191,26442,26693,26944,27195,27446,27697,27948,28199,28450,28701,28952,29203,29454,29705,29956,30207,30458,30709,30960,31211,31462,31713,31964,32215,32466,32717,32968,33219,33470,33721,33972,34223,34474,34725,34976,35227,35478,35729,35980,36231,36482,36733,36984,37235,37486,37737,37988,38239,38490,38741,38992,39243,39494,39745,39996,40247,40498,40749,41000,41164,41251,41502,41753,42004,42255,42506,42757,43008,43259,43510,43761,44012,44263,44514,44765,45016,45267,45518,45769,46020,46271,46522,46773,47024,47275,47526,47777,48028,48279,48530,48781,49032,49283,49534,49785,50036,50287,50538,50789,51040,51291,51542,51793,52044,52295,52546,52797,53048,53299,53550,53801,54052,54303,54554,54805,55056,55307,55558,55809,56060,56311,56562,56813,57064,57315,57566,57817,58068,58319,58570,58821,59072,59323,59574,59825,60076,60327,60578,60829,61080,61331,61582,61833,62084,62335,62586,62837
88,339,590,841,1092,1343,1594,1845,2096,2347,2598,2849,3100,3351,3602,3853,4104,4355,4606,4857,5108,5359,5610,5861,6112,6363,6614,6865,7116,7367,7618,7869,8120,8371,8622,8873,9124,9375,9626,9877,10128,10379,10630,10881,11132,11383,11634,11885,12136,12387,12638,12889,13140,13391,13642,13893,14144,14395,14646,14897,15148,15399,15650,15901,16152,16403,16654,16905,17156,17407,17658,17909,18160,18411,18662,18913,19164,19415,19666,19917,20168,20419,20670,20921,21172,21423,21674,21925,22176,22427,22678,22929,23180,23431,23682,23933,24184,24435,24686,24937,25188,25439,25690,25941,26192,26443,26694,26945,27196,27447,27698,27949,28200,28451,28702,28953,29204,29455,29706,29957,30208,30459,30710,30961,31212,31463,31714,31965,32216,32467,32718,32969,33220,33471,33722,33973,34224,34475,34726,34977,35228,35479,35730,35981,36232,36483,36734,36985,37236,37487,37738,37989,38240,38491,38742,38993,39244,39495,39746,39997,40248,40499,40750,40913,41001,41252,41503,41754,42005,42256,42507,42758,43009,43260,43511,43762,44013,44264,44515,44766,45017,45268,45519,45770,46021,46272,46523,46774,47025,47276,47527,47778,48029,48280,48531,48782,49033,49284,49535,49786,50037,50288,50539,50790,51041,51292,51543,51794,52045,52296,52547,52798,53049,53300,53551,53802,54053,54304,54555,54806,55057,55308,55559,55810,56061,56312,56563,56814,57065,57316,57567,57818,58069,58320,58571,58822,59073,59324,59575,59826,60077,60328,60579,60830,61081,61332,61583,61834,62085,62336,62587,62838
89,340,591,842,1093,1344,1595,1846,2097,2348,2599,2850,3101,3352,3603,3854,4105,4356,4607,4858,5109,5360,5611,5862,6113,6364,6615,6866,7117,7368,7619,7870,8121,8372,8623,8874,9125,9376,9627,9878,10129,10380,10631,10882,11133,11384,11635,11886,12137,12388,12639,12890,13141,13392,13643,13894,14145,14396,14647,14898,15149,15400,15651,15902,16153,16404,16655,16906,17157,17408,17659,17910,18161,18412,18663,18914,19165,19416,19667,19918,20169,20420,20671,20922,21173,21424,21675,21926,22177,22428,22679,22930,23181,23432,23683,23934,24185,24436,24687,24938,25189,25440,25691,25942,26193,26444,26695,26946,27197,27448,27699,27950,28201,28452,28703,28954,29205,29456,29707,29958,30209,30460,30711,30962,31213,31464,31715,31966,32217,32468,32719,32970,33221,33472,33723,33974,34225,34476,34727,34978,35229,35480,35731,35982,36233,36484,36735,36986,37237,37488,37739,37990,38241,38492,38743,38994,39245,39496,39747,39998,40249,40500,40662,40751,41002,41253,41504,41755,42006,42257,42508,42759,43010,43261,43512,43763,44014,44265,44516,44767,45018,45269,45520,45771,46022,46273,46524,46775,47026,47277,47528,47779,48030,48281,48532,48783,49034,49285,49536,49787,50038,50289,50540,50791,51042,51293,51544,51795,52046,52297,52548,52799,53050,53301,53552,53803,54054,54305,54556,54807,55058,55309,55560,55811,56062,56313,56564,56815,57066,57317,57568,57819,58070,58321,58572,58823,59074,59325,59576,59827,60078,60329,60580,60831,61082,61333,61584,61835,62086,62337,62588,62839
90,341,592,843,1094,1345,1596,1847,2098,2349,2600,2851,3102,3353,3604,3855,4106,4357,4608,4859,5110,5361,5612,5863,6114,6365,6616,6867,7118,7369,7620,7871,8122,8373,8624,8875,9126,9377,9628,9879,10130,10381,10632,10883,11134,11385,11636,11887,12138,12389,12640,12891,13142,13393,13644,13895,14146,14397,14648,14899,15150,15401,15652,15903,16154,16405,16656,16907,17158,17409,17660,17911,18162,18413,18664,18915,19166,19417,19668,19919,20170,20421,20672,20923,21174,21425,21676,21927,22178,22429,22680,22931,23182,23433,23684,23935,24186,24437,24688,24939,25190,25441,25692,25943,26194,26445,26696,26947,27198,27449,27700,27951,28202,28453,28704,28955,29206,29457,29708,29959,30210,30461,30712,30963,31214,31465,31716,31967,32218,32469,32720,32971,33222,33473,33724,33975,34226,34477,34728,34979,35230,35481,35732,35983,36234,36485,36736,36987,37238,37489,37740,37991,38242,38493,38744,38995,39246,39497,39748,39999,40250,40411,40501,40752,41003,41254,41505,41756,42007,42258,42509,42760,43011,43262,43513,43764,44015,44266,44517,44768,45019,45270,45521,45772,46023,46274,46525,46776,47027,47278,47529,47780,48031,48282,48533,48784,49035,49286,49537,49788,50039,50290,50541,50792,51043,51294,51545,51796,52047,52298,52549,52800,53051,53302,53553,53804,54055,54306,54557,54808,55059,55310,55561,55812,56063,56314,56565,56816,57067,57318,57569,57820,58071,58322,58573,58824,59075,59326,59577,59828,60079,60330,60581,60832,61083,61334,61585,61836,62087,62338,62589,62840
91,342,593,844,1095,1346,1597,1848,2099,2350,2601,2852,3103,3354,3605,3856,4107,4358,4609,4860,5111,5362,5613,5864,6115,6366,6617,6868,7119,7370,7621,7872,8123,8374,8625,8876,9127,9378,9629,9880,10131,10382,10633,10884,11135,11386,11637,11888,12139,12390,12641,12892,13143,13394,13645,13896,14147,14398,14649,14900,15151,15402,15653,15904,16155,16406,16657,16908,17159,17410,17661,17912,18163,18414,18665,18916,19167,19418,19669,19920,20171,20422,20673,20924,21175,21426,21677,21928,22179,22430,22681,22932,23183,23434,23685,23936,24187,24438,24689,24940,25191,25442,25693,25944,26195,26446,26697,26948,27199,27450,27701,27952,28203,28454,28705,28956,29207,29458,29709,29960,30211,30462,30713,30964,31215,31466,31717,31968,32219,32470,32721,32972,33223,33474,33725,33976,34227,34478,34729,34980,35231,35482,35733,35984,36235,36486,36737,36988,37239,37490,37741,37992,38243,38494,38745,38996,39247,39498,39749,40000,40160,40251,40502,40753,41004,41255,41506,41757,42008,42259,42510,42761,43012,43263,43514,43765,44016,44267,44518,44769,45020,45271,45522,45773,46024,46275,46526,46777,47028,47279,47530,47781,48032,48283,48534,48785,49036,49287,49538,49789,50040,50291,50542,50793,51044,51295,51546,51797,52048,52299,52550,52801,53052,53303,53554,53805,54056,54307,54558,54809,55060,55311,55562,55813,56064,56315,56566,56817,57068,57319,57570,57821,58072,58323,58574,58825,59076,59327,59578,59829,60080,60331,60582,60833,61084,61335,61586,61837,62088,62339,62590,62841
92,343,594,845,1096,1347,1598,1849,2100,2351,2602,2853,3104,3355,3606,3857,4108,4359,4610,4861,5112,5363,5614,5865,6116,6367,6618,6869,7120,7371,7622,7873,8124,8375,8626,8877,9128,9379,9630,9881,10132,10383,10634,10885,11136,11387,11638,11889,12140,12391,12642,12893,13144,13395,13646,13897,14148,14399,14650,14901,15152,15403,15654,15905,16156,16407,16658,16909,17160,17411,17662,17913,18164,18415,18666,18917,19168,19419,19670,19921,20172,20423,20674,20925,21176,21427,21678,21929,22180,22431,22682,22933,23184,23435,23686,23937,24188,24439,24690,24941,25192,25443,25694,25945,26196,26447,26698,26949,27200,27451,27702,27953,28204,28455,28706,28957,29208,29459,29710,29961,30212,30463,30714,30965,31216,31467,31718,31969,32220,32471,32722,32973,33224,33475,33726,33977,34228,34479,34730,34981,35232,35483,35734,35985,36236,36487,36738,36989,37240,37491,37742,37993,38244,38495,38746,38997,39248,39499,39750,39909,40001,40252,40503,40754,41005,41256,41507,41758,42009,42260,42511,42762,43013,43264,43515,43766,44017,44268,44519,44770,45021,45272,45523,45774,46025,46276,46527,46778,47029,47280,47531,47782,48033,48284,48535,48786,49037,49288,49539,49790,50041,50292,50543,50794,51045,51296,51547,51798,52049,52300,52551,52802,53053,53304,53555,53806,54057,54308,54559,54810,55061,55312,55563,55814,56065,56316,56567,56818,57069,57320,57571,57822,58073,58324,58575,58826,59077,59328,59579,59830,60081,60332,60583,60834,61085,61336,61587,61838,62089,62340,62591,62842
93,344,595,846,1097,1348,1599,1850,2101,2352,2603,2854,3105,3356,3607,3858,4109,4360,4611,4862,5113,5364,5615,5866,6117,6368,6619,6870,7121,7372,7623,7874,8125,8376,8627,8878,9129,9380,9631,9882,10133,10384,10635,10886,11137,11388,11639,11890,12141,12392,12643,12894,13145,13396,13647,13898,14149,14400,14651,14902,15153,15404,15655,15906,16157,16408,16659,16910,17161,17412,17663,17914,18165,18416,18667,18918,19169,19420,19671,19922,20173,20424,20675,20926,21177,21428,21679,21930,22181,22432,22683,22934,23185,23436,23687,23938,24189,24440,24691,24942,25193,25444,25695,25946,26197,26448,26699,26950,27201,27452,27703,27954,28205,28456,28707,28958,29209,29460,29711,29962,30213,30464,30715,30966,31217,31468,31719,31970,32221,32472,32723,32974,33225,33476,33727,33978,34229,34480,34731,34982,35233,35484,35735,35986,36237,36488,36739,36990,37241,37492,37743,37994,38245,38496,38747,38998,39249,39500,39658,39751,40002,40253,40504,40755,41006,41257,41508,41759,42010,42261,42512,42763,43014,43265,43516,43767,44018,44269,44520,44771,45022,45273,45524,45775,46026,46277,46528,46779,47030,47281,47532,47783,48034,48285,48536,48787,49038,49289,49540,49791,50042,50293,50544,50795,51046,51297,51548,51799,52050,52301,52552,52803,53054,53305,53556,53807,54058,54309,54560,54811,55062,55313,55564,55815,56066,56317,56568,56819,57070,57321,57572,57823,58074,58325,58576,58827,59078,59329,59580,59831,60082,60333,60584,60835,61086,61337,61588,61839,62090,62341,62592,62843
94,345,596,847,1098,1349,1600,1851,2102,2353,2604,2855,3106,3357,3608,3859,4110,4361,4612,4863,5114,5365,5616,5867,6118,6369,6620,6871,7122,7373,7624,7875,8126,8377,8628,8879,9130,9381,9632,9883,10134,10385,10636,10887,11138,11389,11640,11891,12142,12393,12644,12895,13146,13397,13648,13899,14150,14401,14652,14903,15154,15405,15656,15907,16158,16409,16660,16911,17162,17413,17664,17915,18166,18417,18668,18919,19170,19421,19672,19923,20174,20425,20676,20927,21178,21429,21680,21931,22182,22433,22684,22935,23186,23437,23688,23939,24190,24441,24692,24943,25194,25445,25696,25947,26198,26449,26700,26951,27202,27453,27704,27955,28206,28457,28708,28959,29210,29461,29712,29963,30214,30465,30716,30967,31218,31469,31720,31971,32222,32473,32724,32975,33226,33477,33728,33979,34230,34481,34732,34983,35234,35485,35736,35987,36238,36489,36740,36991,37242,37493,37744,37995,38246,38497,38748,38999,39250,39407,39501,39752,40003,40254,40505,40756,41007,41258,41509,41760,42011,42262,42513,42764,43015,43266,43517,43768,44019,44270,44521,44772,45023,45274,45525,45776,46027,46278,46529,46780,47031,47282,47533,47784,48035,48286,48537,48788,49039,49290,49541,49792,50043,50294,50545,50796,51047,51298,51549,51800,52051,52302,52553,52804,53055,53306,53557,53808,54059,54310,54561,54812,55063,55314,55565,55816,56067,56318,56569,56820,57071,57322,57573,57824,58075,58326,58577,58828,59079,59330,59581,59832,60083,60334,60585,60836,61087,61338,61589,61840,62091,62342,62593,62844
95,346,597,848,1099,1350,1601,1852,2103,2354,2605,2856,3107,3358,3609,3860,4111,4362,4613,4864,5115,5366,5617,5868,6119,6370,6621,6872,7123,7374,7625,7876,8127,8378,8629,8880,9131,9382,9633,9884,10135,10386,10637,10888,11139,11390,11641,11892,12143,12394,12645,12896,13147,13398,13649,13900,14151,14402,14653,14904,15155,15406,15657,15908,16159,16410,16661,16912,17163,17414,17665,17916,18167,18418,18669,18920,19171,19422,19673,19924,20175,20426,20677,20928,21179,21430,21681,21932,22183,22434,22685,22936,23187,23438,23689,23940,24191,24442,24693,24944,25195,25446,25697,25948,26199,26450,26701,26952,27203,27454,27705,27956,28207,28458,28709,28960,29211,29462,29713,29964,30215,30466,30717,30968,31219,31470,31721,31972,32223,32474,32725,32976,33227,33478,33729,33980,34231,34482,34733,34984,35235,35486,35737,35988,36239,36490,36741,36992,37243,37494,37745,37996,38247,38498,38749,39000,39156,39251,39502,39753,40004,40255,40506,40757,41008,41259,41510,41761,42012,42263,42514,42765,43016,43267,43518,43769,44020,44271,44522,44773,45024,45275,45526,45777,46028,46279,46530,46781,47032,47283,47534,47785,48036,48287,48538,48789,49040,49291,49542,49793,50044,50295,50546,50797,51048,51299,51550,51801,52052,52303,52554,52805,53056,53307,53558,53809,54060,54311,54562,54813,55064,55315,55566,55817,56068,56319,56570,56821,57072,57323,57574,57825,58076,58327,58578,58829,59080,59331,59582,59833,60084,60335,60586,60837,61088,61339,61590,61841,62092,62343,62594,62845
96,347,598,849,1100,1351,1602,1853,2104,2355,2606,2857,3108,3359,3610,3861,4112,4363,4614,4865,5116,5367,5618,5869,6120,6371,6622,6873,7124,7375,7626,7877,8128,8379,8630,8881,9132,9383,9634,9885,10136,10387,10638,10889,11140,11391,11642,11893,12144,12395,12646,12897,13148,13399,13650,13901,14152,14403,14654,14905,15156,15407,15658,15909,16160,16411,16662,16913,17164,17415,17666,17917,18168,18419,18670,18921,19172,19423,19674,19925,20176,20427,20678,20929,21180,21431,21682,21933,22184,22435,22686,22937,23188,23439,23690,23941,24192,24443,24694,24945,25196,25447,25698,25949,26200,26451,26702,26953,27204,27455,27706,27957,28208,28459,28710,28961,29212,29463,29714,29965,30216,30467,30718,30969,31220,31471,31722,31973,32224,32475,32726,32977,33228,33479,33730,33981,34232,34483,34734,34985,35236,35487,35738,35989,36240,36491,36742,36993,37244,37495,37746,37997,38248,38499,38750,38905,39001,39252,39503,39754,40005,40256,40507,40758,41009,41260,41511,41762,42013,42264,42515,42766,43017,43268,43519,43770,44021,44272,44523,44774,45025,45276,45527,45778,46029,46280,46531,46782,47033,47284,47535,47786,48037,48288,48539,48790,49041,49292,49543,49794,50045,50296,50547,50798,51049,51300,51551,51802,52053,52304,52555,52806,53057,53308,53559,53810,54061,54312,54563,54814,55065,55316,55567,55818,56069,56320,56571,56822,57073,57324,57575,57826,58077,58328,58579,58830,59081,59332,59583,59834,60085,60336,60587,60838,61089,61340,61591,61842,62093,62344,62595,62846
97,348,599,850,1101,1352,1603,1854,2105,2356,2607,2858,3109,3360,3611,3862,4113,4364,4615,4866,5117,5368,5619,5870,6121,6372,6623,6874,7125,7376,7627,7878,8129,8380,8631,8882,9133,9384,9635,9886,10137,10388,10639,10890,11141,11392,11643,11894,12145,12396,12647,12898,13149,13400,13651,13902,14153,14404,14655,14906,15157,15408,15659,15910,16161,16412,16663,16914,17165,17416,17667,17918,18169,18420,18671,18922,19173,19424,19675,19926,20177,20428,20679,20930,21181,21432,21683,21934,22185,22436,22687,22938,23189,23440,23691,23942,24193,24444,24695,24946,25197,25448,25699,25950,26201,26452,26703,26954,27205,27456,27707,27958,28209,28460,28711,28962,29213,29464,29715,29966,30217,30468,30719,30970,31221,31472,31723,31974,32225,32476,32727,32978,33229,33480,33731,33982,34233,34484,34735,34986,35237,35488,35739,35990,36241,36492,36743,36994,37245,37496,37747,37998,38249,38500,38654,38751,39002,39253,39504,39755,40006,40257,40508,40759,41010,41261,41512,41763,42014,42265,42516,42767,43018,43269,43520,43771,44022,44273,44524,44775,45026,45277,45528,45779,46030,46281,46532,46783,47034,47285,47536,47787,48038,48289,48540,48791,49042,49293,49544,49795,50046,50297,50548,50799,51050,51301,51552,51803,52054,52305,52556,52807,53058,53309,53560,53811,54062,54313,54564,54815,55066,55317,55568,55819,56070,56321,56572,56823,57074,57325,57576,57827,58078,58329,58580,58831,59082,59333,59584,59835,60086,60337,60588,60839,61090,61341,61592,61843,62094,62345,62596,62847
98,349,600,851,1102,1353,1604,1855,2106,2357,2608,2859,3110,3361,3612,3863,4114,4365,4616,4867,5118,5369,5620,5871,6122,6373,6624,6875,7126,7377,7628,7879,8130,8381,8632,8883,9134,9385,9636,9887,10138,10389,10640,10891,11142,11393,11644,11895,12146,12397,12648,12899,13150,13401,13652,13903,14154,14405,14656,14907,15158,15409,15660,15911,16162,16413,16664,16915,17166,17417,17668,17919,18170,18421,18672,18923,19174,19425,19676,19927,20178,20429,20680,20931,21182,21433,21684,21935,22186,22437,22688,22939,23190,23441,23692,23943,24194,24445,24696,24947,25198,25449,25700,25951,26202,26453,26704,26955,27206,27457,27708,27959,28210,28461,28712,28963,29214,29465,29716,29967,30218,30469,30720,30971,31222,31473,31724,31975,32226,32477,32728,32979,33230,33481,33732,33983,34234,34485,34736,34987,35238,35489,35740,35991,36242,36493,36744,36995,37246,37497,37748,37999,38250,38403,38501,38752,39003,39254,39505,39756,40007,40258,40509,40760,41011,41262,41513,41764,42015,42266,42517,42768,43019,43270,43521,43772,44023,44274,44525,44776,45027,45278,45529,45780,46031,46282,46533,46784,47035,47286,47537,47788,48039,48290,48541,48792,49043,49294,49545,49796,50047,50298,50549,50800,51051,51302,51553,51804,52055,52306,52557,52808,53059,53310,53561,53812,54063,54314,54565,54816,55067,55318,55569,55820,56071,56322,56573,56824,57075,57326,57577,57828,58079,58330,58581,58832,59083,59334,59585,59836,60087,60338,60589,60840,61091,61342,61593,61844,62095,62346,62597,62848
99,350,601,852,1103,1354,1605,1856,2107,2358,2609,2860,3111,3362,3613,3864,4115,4366,4617,4868,5119,5370,5621,5872,6123,6374,6625,6876,7127,7378,7629,7880,8131,8382,8633,8884,9135,9386,9637,9888,10139,10390,10641,10892,11143,11394,11645,11896,12147,12398,12649,12900,13151,13402,13653,13904,14155,14406,14657,14908,15159,15410,15661,15912,16163,16414,16665,16916,17167,17418,17669,17920,18171,18422,18673,18924,19175,19426,19677,19928,20179,20430,20681,20932,21183,21434,21685,21936,22187,22438,22689,22940,23191,23442,23693,23944,24195,24446,24697,24948,25199,25450,25701,25952,26203,26454,26705,26956,27207,27458,27709,27960,28211,28462,28713,28964,29215,29466,29717,29968,30219,30470,30721,30972,31223,31474,31725,31976,32227,32478,32729,32980,33231,33482,33733,33984,34235,34486,34737,34988,35239,35490,35741,35992,36243,36494,36745,36996,37247,37498,37749,38000,38152,38251,38502,38753,39004,39255,39506,39757,40008,40259,40510,40761,41012,41263,41514,41765,42016,42267,42518,42769,43020,43271,43522,43773,44024,44275,44526,44777,45028,45279,45530,45781,46032,46283,46534,46785,47036,47287,47538,47789,48040,48291,48542,48793,49044,49295,49546,49797,50048,50299,50550,50801,51052,51303,51554,51805,52056,52307,52558,52809,53060,53311,53562,53813,54064,54315,54566,54817,55068,55319,55570,55821,56072,56323,56574,56825,57076,57327,57578,57829,58080,58331,58582,58833,59084,59335,59586,59837,60088,60339,60590,60841,61092,61343,61594,61845,62096,62347,62598,62849
100,351,602,853,1104,1355,1606,1857,2108,2359,2610,2861,3112,3363,3614,3865,4116,4367,4618,4869,5120,5371,5622,5873,6124,6375,6626,6877,7128,7379,7630,7881,8132,8383,8634,8885,9136,9387,9638,9889,10140,10391,10642,10893,11144,11395,11646,11897,12148,12399,12650,12901,13152,13403,13654,13905,14156,14407,14658,14909,15160,15411,15662,15913,16164,16415,16666,16917,17168,17419,17670,17921,18172,18423,18674,18925,19176,19427,19678,19929,20180,20431,20682,20933,21184,21435,21686,21937,22188,22439,22690,22941,23192,23443,23694,23945,24196,24447,24698,24949,25200,25451,25702,25953,26204,26455,26706,26957,27208,27459,27710,27961,28212,28463,28714,28965,29216,29467,29718,29969,30220,30471,30722,30973,31224,31475,31726,31977,32228,32479,32730,32981,33232,33483,33734,33985,34236,34487,34738,34989,35240,35491,35742,35993,36244,36495,36746,36997,37248,37499,37750,37901,38001,38252,38503,38754,39005,39256,39507,39758,40009,40260,40511,40762,41013,41264,41515,41766,42017,42268,42519,42770,43021,43272,43523,43774,44025,44276,44527,44778,45029,45280,45531,45782,46033,46284,46535,46786,47037,47288,47539,47790,48041,48292,48543,48794,49045,49296,49547,49798,50049,50300,50551,50802,51053,51304,51555,51806,52057,52308,52559,52810,53061,53312,53563,53814,54065,54316,54567,54818,55069,55320,55571,55822,56073,56324,56575,56826,57077,57328,57579,57830,58081,58332,58583,58834,59085,59336,59587,59838,60089,60340,60591,60842,61093,61344,61595,61846,62097,62348,62599,62850
101,352,603,854,1105,1356,1607,1858,2109,2360,2611,2862,3113,3364,3615,3866,4117,4368,4619,4870,5121,5372,5623,5874,6125,6376,6627,6878,7129,7380,7631,7882,8133,8384,8635,8886,9137,9388,9639,9890,10141,10392,10643,10894,11145,11396,11647,11898,12149,12400,12651,12902,13153,13404,13655,13906,14157,14408,14659,14910,15161,15412,15663,15914,16165,16416,16667,16918,17169,17420,17671,17922,18173,18424,18675,18926,19177,19428,19679,19930,20181,20432,20683,20934,21185,21436,21687,21938,22189,22440,22691,22942,23193,23444,23695,23946,24197,24448,24699,24950,25201,25452,25703,25954,26205,26456,26707,26958,27209,27460,27711,27962,28213,28464,28715,28966,29217,29468,29719,29970,30221,30472,30723,30974,31225,31476,31727,31978,32229,32480,32731,32982,33233,33484,33735,33986,34237,34488,34739,34990,35241,35492,35743,35994,36245,36496,36747,36998,37249,37500,37650,37751,38002,38253,38504,38755,39006,39257,39508,39759,40010,40261,40512,40763,41014,41265,41516,41767,42018,42269,42520,42771,43022,43273,43524,43775,44026,44277,44528,44779,45030,45281,45532,45783,46034,46285,46536,46787,47038,47289,47540,47791,48042,48293,48544,48795,49046,49297,49548,49799,50050,50301,50552,50803,51054,51305,51556,51807,52058,52309,52560,52811,53062,53313,53564,53815,54066,54317,54568,54819,55070,55321,55572,55823,56074,56325,56576,56827,57078,57329,57580,57831,58082,58333,58584,58835,59086,59337,59588,59839,60090,60341,60592,60843,61094,61345,61596,61847,62098,62349,62600,62851
102,353,604,855,1106,1357,1608,1859,2110,2361,2612,2863,3114,3365,3616,3867,4118,4369,4620,4871,5122,5373,5624,5875,6126,6377,6628,6879,7130,7381,7632,7883,8134,8385,8636,8887,9138,9389,9640,9891,10142,10393,10644,10895,11146,11397,11648,11899,12150,12401,12652,12903,13154,13405,13656,13907,14158,14409,14660,14911,15162,15413,15664,15915,16166,16417,16668,16919,17170,17421,17672,17923,18174,18425,18676,18927,19178,19429,19680,19931,20182,20433,20684,20935,21186,21437,21688,21939,22190,22441,22692,22943,23194,23445,23696,23947,24198,24449,24700,24951,25202,25453,25704,25955,26206,26457,26708,26959,27210,27461,27712,27963,28214,28465,28716,28967,29218,29469,29720,29971,30222,30473,30724,30975,31226,31477,31728,31979,32230,32481,32732,32983,33234,33485,33736,33987,34238,34489,34740,34991,35242,35493,35744,35995,36246,36497,36748,36999,37250,37399,37501,37752,38003,38254,38505,38756,39007,39258,39509,39760,40011,40262,40513,40764,41015,41266,41517,41768,42019,42270,42521,42772,43023,43274,43525,43776,44027,44278,44529,44780,45031,45282,45533,45784,46035,46286,46537,46788,47039,47290,47541,47792,48043,48294,48545,48796,49047,49298,49549,49800,50051,50302,50553,50804,51055,51306,51557,51808,52059,52310,52561,52812,53063,53314,53565,53816,54067,54318,54569,54820,55071,55322,55573,55824,56075,56326,56577,56828,57079,57330,57581,57832,58083,58334,58585,58836,59087,59338,59589,59840,60091,60342,60593,60844,61095,61346,61597,61848,62099,62350,62601,62852
103,354,605,856,1107,1358,1609,1860,2111,2362,2613,2864,3115,3366,3617,3868,4119,4370,4621,4872,5123,5374,5625,5876,6127,6378,6629,6880,7131,7382,7633,7884,8135,8386,8637,8888,9139,9390,9641,9892,10143,10394,10645,10896,11147,11398,11649,11900,12151,12402,12653,12904,13155,13406,13657,13908,14159,14410,14661,14912,15163,15414,15665,15916,16167,16418,16669,16920,17171,17422,17673,17924,18175,18426,18677,18928,19179,19430,19681,19932,20183,20434,20685,20936,21187,21438,21689,21940,22191,22442,22693,22944,23195,23446,23697,23948,24199,24450,24701,24952,25203,25454,25705,25956,26207,26458,26709,26960,27211,27462,27713,27964,28215,28466,28717,28968,29219,29470,29721,29972,30223,30474,30725,30976,31227,31478,31729,31980,32231,32482,32733,32984,33235,33486,33737,33988,34239,34490,34741,34992,35243,35494,35745,35996,36247,36498,36749,37000,37148,37251,37502,37753,38004,38255,38506,38757,39008,39259,39510,39761,40012,40263,40514,40765,41016,41267,41518,41769,42020,42271,42522,42773,43024,43275,43526,43777,44028,44279,44530,44781,45032,45283,45534,45785,46036,46287,46538,46789,47040,47291,47542,47793,48044,48295,48546,48797,49048,49299,49550,49801,50052,50303,50554,50805,51056,51307,51558,51809,52060,52311,52562,52813,53064,53315,53566,53817,54068,54319,54570,54821,55072,55323,55574,55825,56076,56327,56578,56829,57080,57331,57582,57833,58084,58335,58586,58837,59088,59339,59590,59841,60092,60343,60594,60845,61096,61347,61598,61849,62100,62351,62602,62853
104,355,606,857,1108,1359,1610,1861,2112,2363,2614,2865,3116,3367,3618,3869,4120,4371,4622,4873,5124,5375,5626,5877,6128,6379,6630,6881,7132,7383,7634,7885,8136,8387,8638,8889,9140,9391,9642,9893,10144,10395,10646,10897,11148,11399,11650,11901,12152,12403,12654,12905,13156,13407,13658,13909,14160,14411,14662,14913,15164,15415,15666,15917,16168,16419,16670,16921,17172,17423,17674,17925,18176,18427,18678,18929,19180,19431,19682,19933,20184,20435,20686,20937,21188,21439,21690,21941,22192,22443,22694,22945,23196,23447,23698,23949,24200,24451,24702,24953,25204,25455,25706,25957,26208,26459,26710,26961,27212,27463,27714,27965,28216,28467,28718,28969,29220,29471,29722,29973,30224,30475,30726,30977,31228,31479,31730,31981,32232,32483,32734,32985,33236,33487,33738,33989,34240,34491,34742,34993,35244,35495,35746,35997,36248,36499,36750,36897,37001,37252,37503,37754,38005,38256,38507,38758,39009,39260,39511,39762,40013,40264,40515,40766,41017,41268,41519,41770,42021,42272,42523,42774,43025,43276,43527,43778,44029,44280,44531,44782,45033,45284,45535,45786,46037,46288,46539,46790,47041,47292,47543,47794,48045,48296,48547,48798,49049,49300,49551,49802,50053,50304,50555,50806,51057,51308,51559,51810,52061,52312,52563,52814,53065,53316,53567,53818,54069,54320,54571,54822,55073,55324,55575,55826,56077,56328,56579,56830,57081,57332,57583,57834,58085,58336,58587,58838,59089,59340,59591,59842,60093,60344,60595,60846,61097,61348,61599,61850,62101,62352,62603,62854
105,356,607,858,1109,1360,1611,1862,2113,2364,2615,2866,3117,3368,3619,3870,4121,4372,4623,4874,5125,5376,5627,5878,6129,6380,6631,6882,7133,7384,7635,7886,8137,8388,8639,8890,9141,9392,9643,9894,10145,10396,10647,10898,11149,11400,11651,11902,12153,12404,12655,12906,13157,13408,13659,13910,14161,14412,14663,14914,15165,15416,15667,15918,16169,16420,16671,16922,17173,17424,17675,17926,18177,18428,18679,18930,19181,19432,19683,19934,20185,20436,20687,20938,21189,21440,21691,21942,22193,22444,22695,22946,23197,23448,23699,23950,24201,24452,24703,24954,25205,25456,25707,25958,26209,26460,26711,26962,27213,27464,27715,27966,28217,28468,28719,28970,29221,29472,29723,29974,30225,30476,30727,30978,31229,31480,31731,31982,32233,32484,32735,32986,33237,33488,33739,33990,34241,34492,34743,34994,35245,35496,35747,35998,36249,36500,36646,36751,37002,37253,37504,37755,38006,38257,38508,38759,39010,39261,39512,39763,40014,40265,40516,40767,41018,41269,41520,41771,42022,42273,42524,42775,43026,43277,43528,43779,44030,44281,44532,44783,45034,45285,45536,45787,46038,46289,46540,46791,47042,47293,47544,47795,48046,48297,48548,48799,49050,49301,49552,49803,50054,50305,50556,50807,51058,51309,51560,51811,52062,52313,52564,52815,53066,53317,53568,53819,54070,54321,54572,54823,55074,55325,55576,55827,56078,56329,56580,56831,57082,57333,57584,57835,58086,58337,58588,58839,59090,59341,59592,59843,60094,60345,60596,60847,61098,61349,61600,61851,62102,62353,62604,62855
106,357,608,859,1110,1361,1612,1863,2114,2365,2616,2867,3118,3369,3620,3871,4122,4373,4624,4875,5126,5377,5628,5879,6130,6381,6632,6883,7134,7385,7636,7887,8138,8389,8640,8891,9142,9393,9644,9895,10146,10397,10648,10899,11150,11401,11652,11903,12154,12405,12656,12907,13158,13409,13660,13911,14162,14413,14664,14915,15166,15417,15668,15919,16170,16421,16672,16923,17174,17425,17676,17927,18178,18429,18680,18931,19182,19433,19684,19935,20186,20437,20688,20939,21190,21441,21692,21943,22194,22445,22696,22947,23198,23449,23700,23951,24202,24453,24704,24955,25206,25457,25708,25959,26210,26461,26712,26963,27214,27465,27716,27967,28218,28469,28720,28971,29222,29473,29724,29975,30226,30477,30728,30979,31230,31481,31732,31983,32234,32485,32736,32987,33238,33489,33740,33991,34242,34493,34744,34995,35246,35497,35748,35999,36250,36395,36501,36752,37003,37254,37505,37756,38007,38258,38509,38760,39011,39262,39513,39764,40015,40266,40517,40768,41019,41270,41521,41772,42023,42274,42525,42776,43027,43278,43529,43780,44031,44282,44533,44784,45035,45286,45537,45788,46039,46290,46541,46792,47043,47294,47545,47796,48047,48298,48549,48800,49051,49302,49553,49804,50055,50306,50557,50808,51059,51310,51561,51812,52063,52314,52565,52816,53067,53318,53569,53820,54071,54322,54573,54824,55075,55326,55577,55828,56079,56330,56581,56832,57083,57334,57585,57836,58087,58338,58589,58840,59091,59342,59593,59844,60095,60346,60597,60848,61099,61350,61601,61852,62103,62354,62605,62856
107,358,609,860,1111,1362,1613,1864,2115,2366,2617,2868,3119,3370,3621,3872,4123,4374,4625,4876,5127,5378,5629,5880,6131,6382,6633,6884,7135,7386,7637,7888,8139,8390,8641,8892,9143,9394,9645,9896,10147,10398,10649,10900,11151,11402,11653,11904,12155,12406,12657,12908,13159,13410,13661,13912,14163,14414,14665,14916,15167,15418,15669,15920,16171,16422,16673,16924,17175,17426,17677,17928,18179,18430,18681,18932,19183,19434,19685,19936,20187,20438,20689,20940,21191,21442,21693,21944,22195,22446,22697,22948,23199,23450,23701,23952,24203,24454,24705,24956,25207,25458,25709,25960,26211,26462,26713,26964,27215,27466,27717,27968,28219,28470,28721,28972,29223,29474,29725,29976,30227,30478,30729,30980,31231,31482,31733,31984,32235,32486,32737,32988,33239,33490,33741,33992,34243,34494,34745,34996,35247,35498,35749,36000,36144,36251,36502,36753,37004,37255,37506,37757,38008,38259,38510,38761,39012,39263,39514,39765,40016,40267,40518,40769,41020,41271,41522,41773,42024,42275,42526,42777,43028,43279,43530,43781,44032,44283,44534,44785,45036,45287,45538,45789,46040,46291,46542,46793,47044,47295,47546,47797,48048,48299,48550,48801,49052,49303,49554,49805,50056,50307,50558,50809,51060,51311,51562,51813,52064,52315,52566,52817,53068,53319,53570,53821,54072,54323,54574,54825,55076,55327,55578,55829,56080,56331,56582,56833,57084,57335,57586,57837,58088,58339,58590,58841,59092,59343,59594,59845,60096,60347,60598,60849,61100,61351,61602,61853,62104,62355,62606,62857
108,359,610,861,1112,1363,1614,1865,2116,2367,2618,2869,3120,3371,3622,3873,4124,4375,4626,4877,5128,5379,5630,5881,6132,6383,6634,6885,7136,7387,7638,7889,8140,8391,8642,8893,9144,9395,9646,9897,10148,10399,10650,10901,11152,11403,11654,11905,12156,12407,12658,12909,13160,13411,13662,13913,14164,14415,14666,14917,15168,15419,15670,15921,16172,16423,16674,16925,17176,17427,17678,17929,18180,18431,18682,18933,19184,19435,19686,19937,20188,20439,20690,20941,21192,21443,21694,21945,22196,22447,22698,22949,23200,23451,23702,23953,24204,24455,24706,24957,25208,25459,25710,25961,26212,26463,26714,26965,27216,27467,27718,27969,28220,28471,28722,28973,29224,29475,29726,29977,30228,30479,30730,30981,31232,31483,31734,31985,32236,32487,32738,32989,33240,33491,33742,33993,34244,34495,34746,34997,35248,35499,35750,35893,36001,36252,36503,36754,37005,37256,37507,37758,38009,38260,38511,38762,39013,39264,39515,39766,40017,40268,40519,40770,41021,41272,41523,41774,42025,42276,42527,42778,43029,43280,43531,43782,44033,44284,44535,44786,45037,45288,45539,45790,46041,46292,46543,46794,47045,47296,47547,47798,48049,48300,48551,48802,49053,49304,49555,49806,50057,50308,50559,50810,51061,51312,51563,51814,52065,52316,52567,52818,53069,53320,53571,53822,54073,54324,54575,54826,55077,55328,55579,55830,56081,56332,56583,56834,57085,57336,57587,57838,58089,58340,58591,58842,59093,59344,59595,59846,60097,60348,60599,60850,61101,61352,61603,61854,62105,62356,62607,62858
109,360,611,862,1113,1364,1615,1866,2117,2368,2619,2870,3121,3372,3623,3874,4125,4376,4627,4878,5129,5380,5631,5882,6133,6384,6635,6886,7137,7388,7639,7890,8141,8392,8643,8894,9145,9396,9647,9898,10149,10400,10651,10902,11153,11404,11655,11906,12157,12408,12659,12910,13161,13412,13663,13914,14165,14416,14667,14918,15169,15420,15671,15922,16173,16424,16675,16926,17177,17428,17679,17930,18181,18432,18683,18934,19185,19436,19687,19938,20189,20440,20691,20942,21193,21444,21695,21946,22197,22448,22699,22950,23201,23452,23703,23954,24205,24456,24707,24958,25209,25460,25711,25962,26213,26464,26715,26966,27217,27468,27719,27970,28221,28472,28723,28974,29225,29476,29727,29978,30229,30480,30731,30982,31233,31484,31735,31986,32237,32488,32739,32990,33241,33492,33743,33994,34245,34496,34747,34998,35249,35500,35642,35751,36002,36253,36504,36755,37006,37257,37508,37759,38010,38261,38512,38763,39014,39265,39516,39767,40018,40269,40520,40771,41022,41273,41524,41775,42026,42277,42528,42779,43030,43281,43532,43783,44034,44285,44536,44787,45038,45289,45540,45791,46042,46293,46544,46795,47046,47297,47548,47799,48050,48301,48552,48803,49054,49305,49556,49807,50058,50309,50560,50811,51062,51313,51564,51815,52066,52317,52568,52819,53070,53321,53572,53823,54074,54325,54576,54827,55078,55329,55580,55831,56082,56333,56584,56835,57086,57337,57588,57839,58090,58341,58592,58843,59094,59345,59596,59847,60098,60349,60600,60851,61102,61353,61604,61855,62106,62357,62608,62859
110,361,612,863,1114,1365,1616,1867,2118,2369,2620,2871,3122,3373,3624,3875,4126,4377,4628,4879,5130,5381,5632,5883,6134,6385,6636,6887,7138,7389,7640,7891,8142,8393,8644,8895,9146,9397,9648,9899,10150,10401,10652,10903,11154,11405,11656,11907,12158,12409,12660,12911,13162,13413,13664,13915,14166,14417,14668,14919,15170,15421,15672,15923,16174,16425,16676,16927,17178,17429,17680,17931,18182,18433,18684,18935,19186,19437,19688,19939,20190,20441,20692,20943,21194,21445,21696,21947,22198,22449,22700,22951,23202,23453,23704,23955,24206,24457,24708,24959,25210,25461,25712,25963,26214,26465,26716,26967,27218,27469,27720,27971,28222,28473,28724,28975,29226,29477,29728,29979,30230,30481,30732,30983,31234,31485,31736,31987,32238,32489,32740,32991,33242,33493,33744,33995,34246,34497,34748,34999,35250,35391,35501,35752,36003,36254,36505,36756,37007,37258,37509,37760,38011,38262,38513,38764,39015,39266,39517,39768,40019,40270,40521,40772,41023,41274,41525,41776,42027,42278,42529,42780,43031,43282,43533,43784,44035,44286,44537,44788,45039,45290,45541,45792,46043,46294,46545,46796,47047,47298,47549,47800,48051,48302,48553,48804,49055,49306,49557,49808,50059,50310,50561,50812,51063,51314,51565,51816,52067,52318,52569,52820,53071,53322,53573,53824,54075,54326,54577,54828,55079,55330,55581,55832,56083,56334,56585,56836,57087,57338,57589,57840,58091,58342,58593,58844,59095,59346,59597,59848,60099,60350,60601,60852,61103,61354,61605,61856,62107,62358,62609,62860
111,362,613,864,1115,1366,1617,1868,2119,2370,2621,2872,3123,3374,3625,3876,4127,4378,4629,4880,5131,5382,5633,5884,6135,6386,6637,6888,7139,7390,7641,7892,8143,8394,8645,8896,9147,9398,9649,9900,10151,10402,10653,10904,11155,11406,11657,11908,12159,12410,12661,12912,13163,13414,13665,13916,14167,14418,14669,14920,15171,15422,15673,15924,16175,16426,16677,16928,17179,17430,17681,17932,18183,18434,18685,18936,19187,19438,19689,19940,20191,20442,20693,20944,21195,21446,21697,21948,22199,22450,22701,22952,23203,23454,23705,23956,24207,24458,24709,24960,25211,25462,25713,25964,26215,26466,26717,26968,27219,27470,27721,27972,28223,28474,28725,28976,29227,29478,29729,29980,30231,30482,30733,30984,31235,31486,31737,31988,32239,32490,32741,32992,33243,33494,33745,33996,34247,34498,34749,35000,35140,35251,35502,35753,36004,36255,36506,36757,37008,37259,37510,37761,38012,38263,38514,38765,39016,39267,39518,39769,40020,40271,40522,40773,41024,41275,41526,41777,42028,42279,42530,42781,43032,43283,43534,43785,44036,44287,44538,44789,45040,45291,45542,45793,46044,46295,46546,46797,47048,47299,47550,47801,48052,48303,48554,48805,49056,49307,49558,49809,50060,50311,50562,50813,51064,51315,51566,51817,52068,52319,52570,52821,53072,53323,53574,53825,54076,54327,54578,54829,55080,55331,55582,55833,56084,56335,56586,56837,57088,57339,57590,57841,58092,58343,58594,58845,59096,59347,59598,59849,60100,60351,60602,60853,61104,61355,61606,61857,62108,62359,62610,62861
112,363,614,865,1116,1367,1618,1869,2120,2371,2622,2873,3124,3375,3626,3877,4128,4379,4630,4881,5132,5383,5634,5885,6136,6387,6638,6889,7140,7391,7642,7893,8144,8395,8646,8897,9148,9399,9650,9901,10152,10403,10654,10905,11156,11407,11658,11909,12160,12411,12662,12913,13164,13415,13666,13917,14168,14419,14670,14921,15172,15423,15674,15925,16176,16427,16678,16929,17180,17431,17682,17933,18184,18435,18686,18937,19188,19439,19690,19941,20192,20443,20694,20945,21196,21447,21698,21949,22200,22451,22702,22953,23204,23455,23706,23957,24208,24459,24710,24961,25212,25463,25714,25965,26216,26467,26718,26969,27220,27471,27722,27973,28224,28475,28726,28977,29228,29479,29730,29981,30232,30483,30734,30985,31236,31487,31738,31989,32240,32491,32742,32993,33244,33495,33746,33997,34248,34499,34750,34889,35001,35252,35503,35754,36005,36256,36507,36758,37009,37260,37511,37762,38013,38264,38515,38766,39017,39268,39519,39770,40021,40272,40523,40774,41025,41276,41527,41778,42029,42280,42531,42782,43033,43284,43535,43786,44037,44288,44539,44790,45041,45292,45543,45794,46045,46296,46547,46798,47049,47300,47551,47802,48053,48304,48555,48806,49057,49308,49559,49810,50061,50312,50563,50814,51065,51316,51567,51818,52069,52320,52571,52822,53073,53324,53575,53826,54077,54328,54579,54830,55081,55332,55583,55834,56085,56336,56587,56838,57089,57340,57591,57842,58093,58344,58595,58846,59097,59348,59599,59850,60101,60352,60603,60854,61105,61356,61607,61858,62109,62360,62611,62862
113,364,615,866,1117,1368,1619,1870,2121,2372,2623,2874,3125,3376,3627,3878,4129,4380,4631,4882,5133,5384,5635,5886,6137,6388,6639,6890,7141,7392,7643,7894,8145,8396,8647,8898,9149,9400,9651,9902,10153,10404,10655,10906,11157,11408,11659,11910,12161,12412,12663,12914,13165,13416,13667,13918,14169,14420,14671,14922,15173,15424,15675,15926,16177,16428,16679,16930,17181,17432,17683,17934,18185,18436,18687,18938,19189,19440,19691,19942,20193,20444,20695,20946,21197,21448,21699,21950,22201,22452,22703,22954,23205,23456,23707,23958,24209,24460,24711,24962,25213,25464,25715,25966,26217,26468,26719,26970,27221,27472,27723,27974,28225,28476,28727,28978,29229,29480,29731,29982,30233,30484,30735,30986,31237,31488,31739,31990,32241,32492,32743,32994,33245,33496,33747,33998,34249,34500,34638,34751,35002,35253,35504,35755,36006,36257,36508,36759,37010,37261,37512,37763,38014,38265,38516,38767,39018,39269,39520,39771,40022,40273,40524,40775,41026,41277,41528,41779,42030,42281,42532,42783,43034,43285,43536,43787,44038,44289,44540,44791,45042,45293,45544,45795,46046,46297,46548,46799,47050,47301,47552,47803,48054,48305,48556,48807,49058,49309,49560,49811,50062,50313,50564,50815,51066,51317,51568,51819,52070,52321,52572,52823,53074,53325,53576,53827,54078,54329,54580,54831,55082,55333,55584,55835,56086,56337,56588,56839,57090,57341,57592,57843,58094,58345,58596,58847,59098,59349,59600,59851,60102,60353,60604,60855,61106,61357,61608,61859,62110,62361,62612,62863
114,365,616,867,1118,1369,1620,1871,2122,2373,2624,2875,3126,3377,3628,3879,4130,4381,4632,4883,5134,5385,5636,5887,6138,6389,6640,6891,7142,7393,7644,7895,8146,8397,8648,8899,9150,9401,9652,9903,10154,10405,10656,10907,11158,11409,11660,11911,12162,12413,12664,12915,13166,13417,13668,13919,14170,14421,14672,14923,15174,15425,15676,15927,16178,16429,16680,16931,17182,17433,17684,17935,18186,18437,18688,18939,19190,19441,19692,19943,20194,20445,20696,20947,21198,21449,21700,21951,22202,22453,22704,22955,23206,23457,23708,23959,24210,24461,24712,24963,25214,25465,25716,25967,26218,26469,26720,26971,27222,27473,27724,27975,28226,28477,28728,28979,29230,29481,29732,29983,30234,30485,30736,30987,31238,31489,31740,31991,32242,32493,32744,32995,33246,33497,33748,33999,34250,34387,34501,34752,35003,35254,35505,35756,36007,36258,36509,36760,37011,37262,37513,37764,38015,38266,38517,38768,39019,39270,39521,39772,40023,40274,40525,40776,41027,41278,41529,41780,42031,42282,42533,42784,43035,43286,43537,43788,44039,44290,44541,44792,45043,45294,45545,45796,46047,46298,46549,46800,47051,47302,47553,47804,48055,48306,48557,48808,49059,49310,49561,49812,50063,50314,50565,50816,51067,51318,51569,51820,52071,52322,52573,52824,53075,53326,53577,53828,54079,54330,54581,54832,55083,55334,55585,55836,56087,56338,56589,56840,57091,57342,57593,57844,58095,58346,58597,58848,59099,59350,59601,59852,60103,60354,60605,60856,61107,61358,61609,61860,62111,62362,62613,62864
115,366,617,868,1119,1370,1621,1872,2123,2374,2625,2876,3127,3378,3629,3880,4131,4382,4633,4884,5135,5386,5637,5888,6139,6390,6641,6892,7143,7394,7645,7896,8147,8398,8649,8900,9151,9402,9653,9904,10155,10406,10657,10908,11159,11410,11661,11912,12163,12414,12665,12916,13167,13418,13669,13920,14171,14422,14673,14924,15175,15426,15677,15928,16179,16430,16681,16932,17183,17434,17685,17936,18187,18438,18689,18940,19191,19442,19693,19944,20195,20446,20697,20948,21199,21450,21701,21952,22203,22454,22705,22956,23207,23458,23709,23960,24211,24462,24713,24964,25215,25466,25717,25968,26219,26470,26721,26972,27223,27474,27725,27976,28227,28478,28729,28980,29231,29482,29733,29984,30235,30486,30737,30988,31239,31490,31741,31992,32243,32494,32745,32996,33247,33498,33749,34000,34136,34251,34502,34753,35004,35255,35506,35757,36008,36259,36510,36761,37012,37263,37514,37765,38016,38267,38518,38769,39020,39271,39522,39773,40024,40275,40526,40777,41028,41279,41530,41781,42032,42283,42534,42785,43036,43287,43538,43789,44040,44291,44542,44793,45044,45295,45546,45797,46048,46299,46550,46801,47052,47303,47554,47805,48056,48307,48558,48809,49060,49311,49562,49813,50064,50315,50566,50817,51068,51319,51570,51821,52072,52323,52574,52825,53076,53327,53578,53829,54080,54331,54582,54833,55084,55335,55586,55837,56088,56339,56590,56841,57092,57343,57594,57845,58096,58347,58598,58849,59100,59351,59602,59853,60104,60355,60606,60857,61108,61359,61610,61861,62112,62363,62614,62865
116,367,618,869,1120,1371,1622,1873,2124,2375,2626,2877,3128,3379,3630,3881,4132,4383,4634,4885,5136,5387,5638,5889,6140,6391,6642,6893,7144,7395,7646,7897,8148,8399,8650,8901,9152,9403,9654,9905,10156,10407,10658,10909,11160,11411,11662,11913,12164,12415,12666,12917,13168,13419,13670,13921,14172,14423,14674,14925,15176,15427,15678,15929,16180,16431,16682,16933,17184,17435,17686,17937,18188,18439,18690,18941,19192,19443,19694,19945,20196,20447,20698,20949,21200,21451,21702,21953,22204,22455,22706,22957,23208,23459,23710,23961,24212,24463,24714,24965,25216,25467,25718,25969,26220,26471,26722,26973,27224,27475,27726,27977,28228,28479,28730,28981,29232,29483,29734,29985,30236,30487,30738,30989,31240,31491,31742,31993,32244,32495,32746,32997,33248,33499,33750,33885,34001,34252,34503,34754,35005,35256,35507,35758,36009,36260,36511,36762,37013,37264,37515,37766,38017,38268,38519,38770,39021,39272,39523,39774,40025,40276,40527,40778,41029,41280,41531,41782,42033,42284,42535,42786,43037,43288,43539,43790,44041,44292,44543,44794,45045,45296,45547,45798,46049,46300,46551,46802,47053,47304,47555,47806,48057,48308,48559,48810,49061,49312,49563,49814,50065,50316,50567,50818,51069,51320,51571,51822,52073,52324,52575,52826,53077,53328,53579,53830,54081,54332,54583,54834,55085,55336,55587,55838,56089,56340,56591,56842,57093,57344,57595,57846,58097,58348,58599,58850,59101,59352,59603,59854,60105,60356,60607,60858,61109,61360,61611,61862,62113,62364,62615,62866
117,368,619,870,1121,1372,1623,1874,2125,2376,2627,2878,3129,3380,3631,3882,4133,4384,4635,4886,5137,5388,5639,5890,6141,6392,6643,6894,7145,7396,7647,7898,8149,8400,8651,8902,9153,9404,9655,9906,10157,10408,10659,10910,11161,11412,11663,11914,12165,12416,12667,12918,13169,13420,13671,13922,14173,14424,14675,14926,15177,15428,15679,15930,16181,16432,16683,16934,17185,17436,17687,17938,18189,18440,18691,18942,19193,19444,19695,19946,20197,20448,20699,20950,21201,21452,21703,21954,22205,22456,22707,22958,23209,23460,23711,23962,24213,24464,24715,24966,25217,25468,25719,25970,26221,26472,26723,26974,27225,27476,27727,27978,28229,28480,28731,28982,29233,29484,29735,29986,30237,30488,30739,30990,31241,31492,31743,31994,32245,32496,32747,32998,33249,33500,33634,33751,34002,34253,34504,34755,35006,35257,35508,35759,36010,36261,36512,36763,37014,37265,37516,37767,38018,38269,38520,38771,39022,39273,39524,39775,40026,40277,40528,40779,41030,41281,41532,41783,42034,42285,42536,42787,43038,43289,43540,43791,44042,44293,44544,44795,45046,45297,45548,45799,46050,46301,46552,46803,47054,47305,47556,47807,48058,48309,48560,48811,49062,49313,49564,49815,50066,50317,50568,50819,51070,51321,51572,51823,52074,52325,52576,52827,53078,53329,53580,53831,54082,54333,54584,54835,55086,55337,55588,55839,56090,56341,56592,56843,57094,57345,57596,57847,58098,58349,58600,58851,59102,59353,59604,59855,60106,60357,60608,60859,61110,61361,61612,61863,62114,62365,62616,62867
118,369,620,871,1122,1373,1624,1875,2126,2377,2628,2879,3130,3381,3632,3883,4134,4385,4636,4887,5138,5389,5640,5891,6142,6393,6644,6895,7146,7397,7648,7899,8150,8401,8652,8903,9154,9405,9656,9907,10158,10409,10660,10911,11162,11413,11664,11915,12166,12417,12668,12919,13170,13421,13672,13923,14174,14425,14676,14927,15178,15429,15680,15931,16182,16433,16684,16935,17186,17437,17688,17939,18190,18441,18692,18943,19194,19445,19696,19947,20198,20449,20700,20951,21202,21453,21704,21955,22206,22457,22708,22959,23210,23461,23712,23963,24214,24465,24716,24967,25218,25469,25720,25971,26222,26473,26724,26975,27226,27477,27728,27979,28230,28481,28732,28983,29234,29485,29736,29987,30238,30489,30740,30991,31242,31493,31744,31995,32246,32497,32748,32999,33250,33383,33501,33752,34003,34254,34505,34756,35007,35258,35509,35760,36011,36262,36513,36764,37015,37266,37517,37768,38019,38270,38521,38772,39023,39274,39525,39776,40027,40278,40529,40780,41031,41282,41533,41784,42035,42286,42537,42788,43039,43290,43541,43792,44043,44294,44545,44796,45047,45298,45549,45800,46051,46302,46553,46804,47055,47306,47557,47808,48059,48310,48561,48812,49063,49314,49565,49816,50067,50318,50569,50820,51071,51322,51573,51824,52075,52326,52577,52828,53079,53330,53581,53832,54083,54334,54585,54836,55087,55338,55589,55840,56091,56342,56593,56844,57095,57346,57597,57848,58099,58350,58601,58852,59103,59354,59605,59856,60107,60358,60609,60860,61111,61362,61613,61864,62115,62366,62617,62868
119,370,621,872,1123,1374,1625,1876,2127,2378,2629,2880,3131,3382,3633,3884,4135,4386,4637,4888,5139,5390,5641,5892,6143,6394,6645,6896,7147,7398,7649,7900,8151,8402,8653,8904,9155,9406,9657,9908,10159,10410,10661,10912,11163,11414,11665,11916,12167,12418,12669,12920,13171,13422,13673,13924,14175,14426,14677,14928,15179,15430,15681,15932,16183,16434,16685,16936,17187,17438,17689,17940,18191,18442,18693,18944,19195,19446,19697,19948,20199,20450,20701,20952,21203,21454,21705,21956,22207,22458,22709,22960,23211,23462,23713,23964,24215,24466,24717,24968,25219,25470,25721,25972,26223,26474,26725,26976,27227,27478,27729,27980,28231,28482,28733,28984,29235,29486,29737,29988,30239,30490,30741,30992,31243,31494,31745,31996,32247,32498,32749,33000,33132,33251,33502,33753,34004,34255,34506,34757,35008,35259,35510,35761,36012,36263,36514,36765,37016,37267,37518,37769,38020,38271,38522,38773,39024,39275,39526,39777,40028,40279,40530,40781,41032,41283,41534,41785,42036,42287,42538,42789,43040,43291,43542,43793,44044,44295,44546,44797,45048,45299,45550,45801,46052,46303,46554,46805,47056,47307,47558,47809,48060,48311,48562,48813,49064,49315,49566,49817,50068,50319,50570,50821,51072,51323,51574,51825,52076,52327,52578,52829,53080,53331,53582,53833,54084,54335,54586,54837,55088,55339,55590,55841,56092,56343,56594,56845,57096,57347,57598,57849,58100,58351,58602,58853,59104,59355,59606,59857,60108,60359,60610,60861,61112,61363,61614,61865,62116,62367,62618,62869
120,371,622,873,1124,1375,1626,1877,2128,2379,2630,2881,3132,3383,3634,3885,4136,4387,4638,4889,5140,5391,5642,5893,6144,6395,6646,6897,7148,7399,7650,7901,8152,8403,8654,8905,9156,9407,9658,9909,10160,10411,10662,10913,11164,11415,11666,11917,12168,12419,12670,12921,13172,13423,13674,13925,14176,14427,14678,14929,15180,15431,15682,15933,16184,16435,16686,16937,17188,17439,17690,17941,18192,18443,18694,18945,19196,19447,19698,19949,20200,20451,20702,20953,21204,21455,21706,21957,22208,22459,22710,22961,23212,23463,23714,23965,24216,24467,24718,24969,25220,25471,25722,25973,26224,26475,26726,26977,27228,27479,27730,27981,28232,28483,28734,28985,29236,29487,29738,29989,30240,30491,30742,30993,31244,31495,31746,31997,32248,32499,32750,32881,33001,33252,33503,33754,34005,34256,34507,34758,35009,35260,35511,35762,36013,36264,36515,36766,37017,37268,37519,37770,38021,38272,38523,38774,39025,39276,39527,39778,40029,40280,40531,40782,41033,41284,41535,41786,42037,42288,42539,42790,43041,43292,43543,43794,44045,44296,44547,44798,45049,45300,45551,45802,46053,46304,46555,46806,47057,47308,47559,47810,48061,48312,48563,48814,49065,49316,49567,49818,50069,50320,50571,50822,51073,51324,51575,51826,52077,52328,52579,52830,53081,53332,53583,53834,54085,54336,54587,54838,55089,55340,55591,55842,56093,56344,56595,56846,57097,57348,57599,57850,58101,58352,58603,58854,59105,59356,59607,59858,60109,60360,60611,60862,61113,61364,61615,61866,62117,62368,62619,62870
121,372,623,874,1125,1376,1627,1878,2129,2380,2631,2882,3133,3384,3635,3886,4137,4388,4639,4890,5141,5392,5643,5894,6145,6396,6647,6898,7149,7400,7651,7902,8153,8404,8655,8906,9157,9408,9659,9910,10161,10412,10663,10914,11165,11416,11667,11918,12169,12420,12671,12922,13173,13424,13675,13926,14177,14428,14679,14930,15181,15432,15683,15934,16185,16436,16687,16938,17189,17440,17691,17942,18193,18444,18695,18946,19197,19448,19699,19950,20201,20452,20703,20954,21205,21456,21707,21958,22209,22460,22711,22962,23213,23464,23715,23966,24217,24468,24719,24970,25221,25472,25723,25974,26225,26476,26727,26978,27229,27480,27731,27982,28233,28484,28735,28986,29237,29488,29739,29990,30241,30492,30743,30994,31245,31496,31747,31998,32249,32500,32630,32751,33002,33253,33504,33755,34006,34257,34508,34759,35010,35261,35512,35763,36014,36265,36516,36767,37018,37269,37520,37771,38022,38273,38524,38775,39026,39277,39528,39779,40030,40281,40532,40783,41034,41285,41536,41787,42038,42289,42540,42791,43042,43293,43544,43795,44046,44297,44548,44799,45050,45301,45552,45803,46054,46305,46556,46807,47058,47309,47560,47811,48062,48313,48564,48815,49066,49317,49568,49819,50070,50321,50572,50823,51074,51325,51576,51827,52078,52329,52580,52831,53082,53333,53584,53835,54086,54337,54588,54839,55090,55341,55592,55843,56094,56345,56596,56847,57098,57349,57600,57851,58102,58353,58604,58855,59106,59357,59608,59859,60110,60361,60612,60863,61114,61365,61616,61867,62118,62369,62620,62871
122,373,624,875,1126,1377,1628,1879,2130,2381,2632,2883,3134,3385,3636,3887,4138,4389,4640,4891,5142,5393,5644,5895,6146,6397,6648,6899,7150,7401,7652,7903,8154,8405,8656,8907,9158,9409,9660,9911,10162,10413,10664,10915,11166,11417,11668,11919,12170,12421,12672,12923,13174,13425,13676,13927,14178,14429,14680,14931,15182,15433,15684,15935,16186,16437,16688,16939,17190,17441,17692,17943,18194,18445,18696,18947,19198,19449,19700,19951,20202,20453,20704,20955,21206,21457,21708,21959,22210,22461,22712,22963,23214,23465,23716,23967,24218,24469,24720,24971,25222,25473,25724,25975,26226,26477,26728,26979,27230,27481,27732,27983,28234,28485,28736,28987,29238,29489,29740,29991,30242,30493,30744,30995,31246,31497,31748,31999,32250,32379,32501,32752,33003,33254,33505,33756,34007,34258,34509,34760,35011,35262,35513,35764,36015,36266,36517,36768,37019,37270,37521,37772,38023,38274,38525,38776,39027,39278,39529,39780,40031,40282,40533,40784,41035,41286,41537,41788,42039,42290,42541,42792,43043,43294,43545,43796,44047,44298,44549,44800,45051,45302,45553,45804,46055,46306,46557,46808,47059,47310,47561,47812,48063,48314,48565,48816,49067,49318,49569,49820,50071,50322,50573,50824,51075,51326,51577,51828,52079,52330,52581,52832,53083,53334,53585,53836,54087,54338,54589,54840,55091,55342,55593,55844,56095,56346,56597,56848,57099,57350,57601,57852,58103,58354,58605,58856,59107,59358,59609,59860,60111,60362,60613,60864,61115,61366,61617,61868,62119,62370,62621,62872
123,374,625,876,1127,1378,1629,1880,2131,2382,2633,2884,3135,3386,3637,3888,4139,4390,4641,4892,5143,5394,5645,5896,6147,6398,6649,6900,7151,7402,7653,7904,8155,8406,8657,8908,9159,9410,9661,9912,10163,10414,10665,10916,11167,11418,11669,11920,12171,12422,12673,12924,13175,13426,13677,13928,14179,14430,14681,14932,15183,15434,15685,15936,16187,16438,16689,16940,17191,17442,17693,17944,18195,18446,18697,18948,19199,19450,19701,19952,20203,20454,20705,20956,21207,21458,21709,21960,22211,22462,22713,22964,23215,23466,23717,23968,24219,24470,24721,24972,25223,25474,25725,25976,26227,26478,26729,26980,27231,27482,27733,27984,28235,28486,28737,28988,29239,29490,29741,29992,30243,30494,30745,30996,31247,31498,31749,32000,32128,32251,32502,32753,33004,33255,33506,33757,34008,34259,34510,34761,35012,35263,35514,35765,36016,36267,36518,36769,37020,37271,37522,37773,38024,38275,38526,38777,39028,39279,39530,39781,40032,40283,40534,40785,41036,41287,41538,41789,42040,42291,42542,42793,43044,43295,43546,43797,44048,44299,44550,44801,45052,45303,45554,45805,46056,46307,46558,46809,47060,47311,47562,47813,48064,48315,48566,48817,49068,49319,49570,49821,50072,50323,50574,50825,51076,51327,51578,51829,52080,52331,52582,52833,53084,53335,53586,53837,54088,54339,54590,54841,55092,55343,55594,55845,56096,56347,56598,56849,57100,57351,57602,57853,58104,58355,58606,58857,59108,59359,59610,59861,60112,60363,60614,60865,61116,61367,61618,61869,62120,62371,62622,62873
124,375,626,877,1128,1379,1630,1881,2132,2383,2634,2885,3136,3387,3638,3889,4140,4391,4642,4893,5144,5395,5646,5897,6148,6399,6650,6901,7152,7403,7654,7905,8156,8407,8658,8909,9160,9411,9662,9913,10164,10415,10666,10917,11168,11419,11670,11921,12172,12423,12674,12925,13176,13427,13678,13929,14180,14431,14682,14933,15184,15435,15686,15937,16188,16439,16690,16941,17192,17443,17694,17945,18196,18447,18698,18949,19200,19451,19702,19953,20204,20455,20706,20957,21208,21459,21710,21961,22212,22463,22714,22965,23216,23467,23718,23969,24220,24471,24722,24973,25224,25475,25726,25977,26228,26479,26730,26981,27232,27483,27734,27985,28236,28487,28738,28989,29240,29491,29742,29993,30244,30495,30746,30997,31248,31499,31750,31877,32001,32252,32503,32754,33005,33256,33507,33758,34009,34260,34511,34762,35013,35264,35515,35766,36017,36268,36519,36770,37021,37272,37523,37774,38025,38276,38527,38778,39029,39280,39531,39782,40033,40284,40535,40786,41037,41288,41539,41790,42041,42292,42543,42794,43045,43296,43547,43798,44049,44300,44551,44802,45053,45304,45555,45806,46057,46308,46559,46810,47061,47312,47563,47814,48065,48316,48567,48818,49069,49320,49571,49822,50073,50324,50575,50826,51077,51328,51579,51830,52081,52332,52583,52834,53085,53336,53587,53838,54089,54340,54591,54842,55093,55344,55595,55846,56097,56348,56599,56850,57101,57352,57603,57854,58105,58356,58607,58858,59109,59360,59611,59862,60113,60364,60615,60866,61117,61368,61619,61870,62121,62372,62623,62874
125,376,627,878,1129,1380,1631,1882,2133,2384,2635,2886,3137,3388,3639,3890,4141,4392,4643,4894,5145,5396,5647,5898,6149,6400,6651,6902,7153,7404,7655,7906,8157,8408,8659,8910,9161,9412,9663,9914,10165,10416,10667,10918,11169,11420,11671,11922,12173,12424,12675,12926,13177,13428,13679,13930,14181,14432,14683,14934,15185,15436,15687,15938,16189,16440,16691,16942,17193,17444,17695,17946,18197,18448,18699,18950,19201,19452,19703,19954,20205,20456,20707,20958,21209,21460,21711,21962,22213,22464,22715,22966,23217,23468,23719,23970,24221,24472,24723,24974,25225,25476,25727,25978,26229,26480,26731,26982,27233,27484,27735,27986,28237,28488,28739,28990,29241,29492,29743,29994,30245,30496,30747,30998,31249,31500,31626,31751,32002,32253,32504,32755,33006,33257,33508,33759,34010,34261,34512,34763,35014,35265,35516,35767,36018,36269,36520,36771,37022,37273,37524,37775,38026,38277,38528,38779,39030,39281,39532,39783,40034,40285,40536,40787,41038,41289,41540,41791,42042,42293,42544,42795,43046,43297,43548,43799,44050,44301,44552,44803,45054,45305,45556,45807,46058,46309,46560,46811,47062,47313,47564,47815,48066,48317,48568,48819,49070,49321,49572,49823,50074,50325,50576,50827,51078,51329,51580,51831,52082,52333,52584,52835,53086,53337,53588,53839,54090,54341,54592,54843,55094,55345,55596,55847,56098,56349,56600,56851,57102,57353,57604,57855,58106,58357,58608,58859,59110,59361,59612,59863,60114,60365,60616,60867,61118,61369,61620,61871,62122,62373,62624,62875
