1,370,739,1108,1477,1846,2215,2584,2953,3322,3691,4060,4429,4798,5167,5536,5905,6274,6643,7012,7381,7750,8119,8488,8857,9226,9595,9964,10333,10702,11071,11440,11809,12178,12547,12916,13285,13654,14023,14392,14761,15130,15499,15868,16237,16606,16975,17344,17713,18082,18451,18820,19189,19558,19927,20296,20665,21034,21403,21772,22141,22510,22879,23248,23617,23986,24355,24724,25093,25462,25831,26200,26569,26938,27307,27676,28045,28414,28783,29152,29521,29890,30259,30628,30997,31366,31735,32104,32473,32842,33211,33580,33949,34318,34687,35056,35425,35794,36163,36532,36901,37270,37639,38008,38377,38746,39115,39484,39853,40222,40591,40960,41329,41698,42067,42436,42805,43174,43543,43912,44281,44650,45019,45388,45757,46126,46495,46864,47233,47602,47971,48340,48709,49078,49447,49816,50185,50554,50923,51292,51661,52030,52399,52768,53137,53506,53875,54244,54613,54982,55351,55720,56089,56458,56827,57196,57565,57934,58303,58672,59041,59410,59779,60148,60517,60886,61255,61624,61993,62362,62731,63100,63469,63838,64207,64576,64945,65314,65683,66052,66421,66790,67159,67528,67897,-67895,-67526,-67157,-66788,-66419,-66050,-65681,-65312,-64943,-64574,-64205,-63836,-63467,-63098,-62729,-62360,-61991,-61622,-61253,-60884,-60515,-60146,-59777,-59408,-59039,-58670,-58301,-57932,-57563,-57194,-56825,-56456,-56087,-55718,-55349,-54980,-54611,-54242,-53873,-53504,-53135,-52766,-52397,-52028,-51659,-51290,-50921,-50552,-50183,-49814,-49445,-49076,-48707,-48338,-47969,-47600,-47231,-46862,-46493,-46124,-45755,-45386,-45017,-44648,-44279,-43910,-43541,-43172,-42803,-42434,-42065,-41696,-41327,-40958,-40589,-40220,-39851,-39482,-39113,-38744,-38375,-38006,-37637,-37268,-36899,-36530,-36161,-35792,-35423,-35054,-34685,-34316,-33947,-33578,-33209,-32840,-32471,-32102,-31733,-31364,-30995,-30626,-30257,-29888,-29519,-29150,-28781,-28412,-28043,-27674,-27305,-26936,-26567,-26198,-25829,-25460,-25091,-24722,-24353,-23984,-23615,-23246,-22877,-22508,-22139,-21770,-21401,-21032,-20663,-20294,-19925,-19556,-19187,-18818,-18449,-18080,-17711,-17342,-16973,-16604,-16235,-15866,-15497,-15128,-14759,-14390,-14021,-13652,-13283,-12914,-12545,-12176,-11807,-11438,-11069,-10700,-10331,-9962,-9593,-9224,-8855,-8486,-8117,-7748,-7379,-7010,-6641,-6272,-5903,-5534,-5165,-4796,-4427,-4058,-3689,-3320,-2951,-2582,-2213,-1844,-1475,-1106,-737,-369,-368
2,371,740,1109,1478,1847,2216,2585,2954,3323,3692,4061,4430,4799,5168,5537,5906,6275,6644,7013,7382,7751,8120,8489,8858,9227,9596,9965,10334,10703,11072,11441,11810,12179,12548,12917,13286,13655,14024,14393,14762,15131,15500,15869,16238,16607,16976,17345,17714,18083,18452,18821,19190,19559,19928,20297,20666,21035,21404,21773,22142,22511,22880,23249,23618,23987,24356,24725,25094,25463,25832,26201,26570,26939,27308,27677,28046,28415,28784,29153,29522,29891,30260,30629,30998,31367,31736,32105,32474,32843,33212,33581,33950,34319,34688,35057,35426,35795,36164,36533,36902,37271,37640,38009,38378,38747,39116,39485,39854,40223,40592,40961,41330,41699,42068,42437,42806,43175,43544,43913,44282,44651,45020,45389,45758,46127,46496,46865,47234,47603,47972,48341,48710,49079,49448,49817,50186,50555,50924,51293,51662,52031,52400,52769,53138,53507,53876,54245,54614,54983,55352,55721,56090,56459,56828,57197,57566,57935,58304,58673,59042,59411,59780,60149,60518,60887,61256,61625,61994,62363,62732,63101,63470,63839,64208,64577,64946,65315,65684,66053,66422,66791,67160,67529,67898,-67894,-67525,-67156,-66787,-66418,-66049,-65680,-65311,-64942,-64573,-64204,-63835,-63466,-63097,-62728,-62359,-61990,-61621,-61252,-60883,-60514,-60145,-59776,-59407,-59038,-58669,-58300,-57931,-57562,-57193,-56824,-56455,-56086,-55717,-55348,-54979,-54610,-54241,-53872,-53503,-53134,-52765,-52396,-52027,-51658,-51289,-50920,-50551,-50182,-49813,-49444,-49075,-48706,-48337,-47968,-47599,-47230,-46861,-46492,-46123,-45754,-45385,-45016,-44647,-44278,-43909,-43540,-43171,-42802,-42433,-42064,-41695,-41326,-40957,-40588,-40219,-39850,-39481,-39112,-38743,-38374,-38005,-37636,-37267,-36898,-36529,-36160,-35791,-35422,-35053,-34684,-34315,-33946,-33577,-33208,-32839,-32470,-32101,-31732,-31363,-30994,-30625,-30256,-29887,-29518,-29149,-28780,-28411,-28042,-27673,-27304,-26935,-26566,-26197,-25828,-25459,-25090,-24721,-24352,-23983,-23614,-23245,-22876,-22507,-22138,-21769,-21400,-21031,-20662,-20293,-19924,-19555,-19186,-18817,-18448,-18079,-17710,-17341,-16972,-16603,-16234,-15865,-15496,-15127,-14758,-14389,-14020,-13651,-13282,-12913,-12544,-12175,-11806,-11437,-11068,-10699,-10330,-9961,-9592,-9223,-8854,-8485,-8116,-7747,-7378,-7009,-6640,-6271,-5902,-5533,-5164,-4795,-4426,-4057,-3688,-3319,-2950,-2581,-2212,-1843,-1474,-1105,-738,-736,-367
3,372,741,1110,1479,1848,2217,2586,2955,3324,3693,4062,4431,4800,5169,5538,5907,6276,6645,7014,7383,7752,8121,8490,8859,9228,9597,9966,10335,10704,11073,11442,11811,12180,12549,12918,13287,13656,14025,14394,14763,15132,15501,15870,16239,16608,16977,17346,17715,18084,18453,18822,19191,19560,19929,20298,20667,21036,21405,21774,22143,22512,22881,23250,23619,23988,24357,24726,25095,25464,25833,26202,26571,26940,27309,27678,28047,28416,28785,29154,29523,29892,30261,30630,30999,31368,31737,32106,32475,32844,33213,33582,33951,34320,34689,35058,35427,35796,36165,36534,36903,37272,37641,38010,38379,38748,39117,39486,39855,40224,40593,40962,41331,41700,42069,42438,42807,43176,43545,43914,44283,44652,45021,45390,45759,46128,46497,46866,47235,47604,47973,48342,48711,49080,49449,49818,50187,50556,50925,51294,51663,52032,52401,52770,53139,53508,53877,54246,54615,54984,55353,55722,56091,56460,56829,57198,57567,57936,58305,58674,59043,59412,59781,60150,60519,60888,61257,61626,61995,62364,62733,63102,63471,63840,64209,64578,64947,65316,65685,66054,66423,66792,67161,67530,67899,-67893,-67524,-67155,-66786,-66417,-66048,-65679,-65310,-64941,-64572,-64203,-63834,-63465,-63096,-62727,-62358,-61989,-61620,-61251,-60882,-60513,-60144,-59775,-59406,-59037,-58668,-58299,-57930,-57561,-57192,-56823,-56454,-56085,-55716,-55347,-54978,-54609,-54240,-53871,-53502,-53133,-52764,-52395,-52026,-51657,-51288,-50919,-50550,-50181,-49812,-49443,-49074,-48705,-48336,-47967,-47598,-47229,-46860,-46491,-46122,-45753,-45384,-45015,-44646,-44277,-43908,-43539,-43170,-42801,-42432,-42063,-41694,-41325,-40956,-40587,-40218,-39849,-39480,-39111,-38742,-38373,-38004,-37635,-37266,-36897,-36528,-36159,-35790,-35421,-35052,-34683,-34314,-33945,-33576,-33207,-32838,-32469,-32100,-31731,-31362,-30993,-30624,-30255,-29886,-29517,-29148,-28779,-28410,-28041,-27672,-27303,-26934,-26565,-26196,-25827,-25458,-25089,-24720,-24351,-23982,-23613,-23244,-22875,-22506,-22137,-21768,-21399,-21030,-20661,-20292,-19923,-19554,-19185,-18816,-18447,-18078,-17709,-17340,-16971,-16602,-16233,-15864,-15495,-15126,-14757,-14388,-14019,-13650,-13281,-12912,-12543,-12174,-11805,-11436,-11067,-10698,-10329,-9960,-9591,-9222,-8853,-8484,-8115,-7746,-7377,-7008,-6639,-6270,-5901,-5532,-5163,-4794,-4425,-4056,-3687,-3318,-2949,-2580,-2211,-1842,-1473,-1107,-1104,-735,-366
4,373,742,1111,1480,1849,2218,2587,2956,3325,3694,4063,4432,4801,5170,5539,5908,6277,6646,7015,7384,7753,8122,8491,8860,9229,9598,9967,10336,10705,11074,11443,11812,12181,12550,12919,13288,13657,14026,14395,14764,15133,15502,15871,16240,16609,16978,17347,17716,18085,18454,18823,19192,19561,19930,20299,20668,21037,21406,21775,22144,22513,22882,23251,23620,23989,24358,24727,25096,25465,25834,26203,26572,26941,27310,27679,28048,28417,28786,29155,29524,29893,30262,30631,31000,31369,31738,32107,32476,32845,33214,33583,33952,34321,34690,35059,35428,35797,36166,36535,36904,37273,37642,38011,38380,38749,39118,39487,39856,40225,40594,40963,41332,41701,42070,42439,42808,43177,43546,43915,44284,44653,45022,45391,45760,46129,46498,46867,47236,47605,47974,48343,48712,49081,49450,49819,50188,50557,50926,51295,51664,52033,52402,52771,53140,53509,53878,54247,54616,54985,55354,55723,56092,56461,56830,57199,57568,57937,58306,58675,59044,59413,59782,60151,60520,60889,61258,61627,61996,62365,62734,63103,63472,63841,64210,64579,64948,65317,65686,66055,66424,66793,67162,67531,67900,-67892,-67523,-67154,-66785,-66416,-66047,-65678,-65309,-64940,-64571,-64202,-63833,-63464,-63095,-62726,-62357,-61988,-61619,-61250,-60881,-60512,-60143,-59774,-59405,-59036,-58667,-58298,-57929,-57560,-57191,-56822,-56453,-56084,-55715,-55346,-54977,-54608,-54239,-53870,-53501,-53132,-52763,-52394,-52025,-51656,-51287,-50918,-50549,-50180,-49811,-49442,-49073,-48704,-48335,-47966,-47597,-47228,-46859,-46490,-46121,-45752,-45383,-45014,-44645,-44276,-43907,-43538,-43169,-42800,-42431,-42062,-41693,-41324,-40955,-40586,-40217,-39848,-39479,-39110,-38741,-38372,-38003,-37634,-37265,-36896,-36527,-36158,-35789,-35420,-35051,-34682,-34313,-33944,-33575,-33206,-32837,-32468,-32099,-31730,-31361,-30992,-30623,-30254,-29885,-29516,-29147,-28778,-28409,-28040,-27671,-27302,-26933,-26564,-26195,-25826,-25457,-25088,-24719,-24350,-23981,-23612,-23243,-22874,-22505,-22136,-21767,-21398,-21029,-20660,-20291,-19922,-19553,-19184,-18815,-18446,-18077,-17708,-17339,-16970,-16601,-16232,-15863,-15494,-15125,-14756,-14387,-14018,-13649,-13280,-12911,-12542,-12173,-11804,-11435,-11066,-10697,-10328,-9959,-9590,-9221,-8852,-8483,-8114,-7745,-7376,-7007,-6638,-6269,-5900,-5531,-5162,-4793,-4424,-4055,-3686,-3317,-2948,-2579,-2210,-1841,-1476,-1472,-1103,-734,-365
5,374,743,1112,1481,1850,2219,2588,2957,3326,3695,4064,4433,4802,5171,5540,5909,6278,6647,7016,7385,7754,8123,8492,8861,9230,9599,9968,10337,10706,11075,11444,11813,12182,12551,12920,13289,13658,14027,14396,14765,15134,15503,15872,16241,16610,16979,17348,17717,18086,18455,18824,19193,19562,19931,20300,20669,21038,21407,21776,22145,22514,22883,23252,23621,23990,24359,24728,25097,25466,25835,26204,26573,26942,27311,27680,28049,28418,28787,29156,29525,29894,30263,30632,31001,31370,31739,32108,32477,32846,33215,33584,33953,34322,34691,35060,35429,35798,36167,36536,36905,37274,37643,38012,38381,38750,39119,39488,39857,40226,40595,40964,41333,41702,42071,42440,42809,43178,43547,43916,44285,44654,45023,45392,45761,46130,46499,46868,47237,47606,47975,48344,48713,49082,49451,49820,50189,50558,50927,51296,51665,52034,52403,52772,53141,53510,53879,54248,54617,54986,55355,55724,56093,56462,56831,57200,57569,57938,58307,58676,59045,59414,59783,60152,60521,60890,61259,61628,61997,62366,62735,63104,63473,63842,64211,64580,64949,65318,65687,66056,66425,66794,67163,67532,67901,-67891,-67522,-67153,-66784,-66415,-66046,-65677,-65308,-64939,-64570,-64201,-63832,-63463,-63094,-62725,-62356,-61987,-61618,-61249,-60880,-60511,-60142,-59773,-59404,-59035,-58666,-58297,-57928,-57559,-57190,-56821,-56452,-56083,-55714,-55345,-54976,-54607,-54238,-53869,-53500,-53131,-52762,-52393,-52024,-51655,-51286,-50917,-50548,-50179,-49810,-49441,-49072,-48703,-48334,-47965,-47596,-47227,-46858,-46489,-46120,-45751,-45382,-45013,-44644,-44275,-43906,-43537,-43168,-42799,-42430,-42061,-41692,-41323,-40954,-40585,-40216,-39847,-39478,-39109,-38740,-38371,-38002,-37633,-37264,-36895,-36526,-36157,-35788,-35419,-35050,-34681,-34312,-33943,-33574,-33205,-32836,-32467,-32098,-31729,-31360,-30991,-30622,-30253,-29884,-29515,-29146,-28777,-28408,-28039,-27670,-27301,-26932,-26563,-26194,-25825,-25456,-25087,-24718,-24349,-23980,-23611,-23242,-22873,-22504,-22135,-21766,-21397,-21028,-20659,-20290,-19921,-19552,-19183,-18814,-18445,-18076,-17707,-17338,-16969,-16600,-16231,-15862,-15493,-15124,-14755,-14386,-14017,-13648,-13279,-12910,-12541,-12172,-11803,-11434,-11065,-10696,-10327,-9958,-9589,-9220,-8851,-8482,-8113,-7744,-7375,-7006,-6637,-6268,-5899,-5530,-5161,-4792,-4423,-4054,-3685,-3316,-2947,-2578,-2209,-1845,-1840,-1471,-1102,-733,-364
6,375,744,1113,1482,1851,2220,2589,2958,3327,3696,4065,4434,4803,5172,5541,5910,6279,6648,7017,7386,7755,8124,8493,8862,9231,9600,9969,10338,10707,11076,11445,11814,12183,12552,12921,13290,13659,14028,14397,14766,15135,15504,15873,16242,16611,16980,17349,17718,18087,18456,18825,19194,19563,19932,20301,20670,21039,21408,21777,22146,22515,22884,23253,23622,23991,24360,24729,25098,25467,25836,26205,26574,26943,27312,27681,28050,28419,28788,29157,29526,29895,30264,30633,31002,31371,31740,32109,32478,32847,33216,33585,33954,34323,34692,35061,35430,35799,36168,36537,36906,37275,37644,38013,38382,38751,39120,39489,39858,40227,40596,40965,41334,41703,42072,42441,42810,43179,43548,43917,44286,44655,45024,45393,45762,46131,46500,46869,47238,47607,47976,48345,48714,49083,49452,49821,50190,50559,50928,51297,51666,52035,52404,52773,53142,53511,53880,54249,54618,54987,55356,55725,56094,56463,56832,57201,57570,57939,58308,58677,59046,59415,59784,60153,60522,60891,61260,61629,61998,62367,62736,63105,63474,63843,64212,64581,64950,65319,65688,66057,66426,66795,67164,67533,67902,-67890,-67521,-67152,-66783,-66414,-66045,-65676,-65307,-64938,-64569,-64200,-63831,-63462,-63093,-62724,-62355,-61986,-61617,-61248,-60879,-60510,-60141,-59772,-59403,-59034,-58665,-58296,-57927,-57558,-57189,-56820,-56451,-56082,-55713,-55344,-54975,-54606,-54237,-53868,-53499,-53130,-52761,-52392,-52023,-51654,-51285,-50916,-50547,-50178,-49809,-49440,-49071,-48702,-48333,-47964,-47595,-47226,-46857,-46488,-46119,-45750,-45381,-45012,-44643,-44274,-43905,-43536,-43167,-42798,-42429,-42060,-41691,-41322,-40953,-40584,-40215,-39846,-39477,-39108,-38739,-38370,-38001,-37632,-37263,-36894,-36525,-36156,-35787,-35418,-35049,-34680,-34311,-33942,-33573,-33204,-32835,-32466,-32097,-31728,-31359,-30990,-30621,-30252,-29883,-29514,-29145,-28776,-28407,-28038,-27669,-27300,-26931,-26562,-26193,-25824,-25455,-25086,-24717,-24348,-23979,-23610,-23241,-22872,-22503,-22134,-21765,-21396,-21027,-20658,-20289,-19920,-19551,-19182,-18813,-18444,-18075,-17706,-17337,-16968,-16599,-16230,-15861,-15492,-15123,-14754,-14385,-14016,-13647,-13278,-12909,-12540,-12171,-11802,-11433,-11064,-10695,-10326,-9957,-9588,-9219,-8850,-8481,-8112,-7743,-7374,-7005,-6636,-6267,-5898,-5529,-5160,-4791,-4422,-4053,-3684,-3315,-2946,-2577,-2214,-2208,-1839,-1470,-1101,-732,-363
7,376,745,1114,1483,1852,2221,2590,2959,3328,3697,4066,4435,4804,5173,5542,5911,6280,6649,7018,7387,7756,8125,8494,8863,9232,9601,9970,10339,10708,11077,11446,11815,12184,12553,12922,13291,13660,14029,14398,14767,15136,15505,15874,16243,16612,16981,17350,17719,18088,18457,18826,19195,19564,19933,20302,20671,21040,21409,21778,22147,22516,22885,23254,23623,23992,24361,24730,25099,25468,25837,26206,26575,26944,27313,27682,28051,28420,28789,29158,29527,29896,30265,30634,31003,31372,31741,32110,32479,32848,33217,33586,33955,34324,34693,35062,35431,35800,36169,36538,36907,37276,37645,38014,38383,38752,39121,39490,39859,40228,40597,40966,41335,41704,42073,42442,42811,43180,43549,43918,44287,44656,45025,45394,45763,46132,46501,46870,47239,47608,47977,48346,48715,49084,49453,49822,50191,50560,50929,51298,51667,52036,52405,52774,53143,53512,53881,54250,54619,54988,55357,55726,56095,56464,56833,57202,57571,57940,58309,58678,59047,59416,59785,60154,60523,60892,61261,61630,61999,62368,62737,63106,63475,63844,64213,64582,64951,65320,65689,66058,66427,66796,67165,67534,67903,-67889,-67520,-67151,-66782,-66413,-66044,-65675,-65306,-64937,-64568,-64199,-63830,-63461,-63092,-62723,-62354,-61985,-61616,-61247,-60878,-60509,-60140,-59771,-59402,-59033,-58664,-58295,-57926,-57557,-57188,-56819,-56450,-56081,-55712,-55343,-54974,-54605,-54236,-53867,-53498,-53129,-52760,-52391,-52022,-51653,-51284,-50915,-50546,-50177,-49808,-49439,-49070,-48701,-48332,-47963,-47594,-47225,-46856,-46487,-46118,-45749,-45380,-45011,-44642,-44273,-43904,-43535,-43166,-42797,-42428,-42059,-41690,-41321,-40952,-40583,-40214,-39845,-39476,-39107,-38738,-38369,-38000,-37631,-37262,-36893,-36524,-36155,-35786,-35417,-35048,-34679,-34310,-33941,-33572,-33203,-32834,-32465,-32096,-31727,-31358,-30989,-30620,-30251,-29882,-29513,-29144,-28775,-28406,-28037,-27668,-27299,-26930,-26561,-26192,-25823,-25454,-25085,-24716,-24347,-23978,-23609,-23240,-22871,-22502,-22133,-21764,-21395,-21026,-20657,-20288,-19919,-19550,-19181,-18812,-18443,-18074,-17705,-17336,-16967,-16598,-16229,-15860,-15491,-15122,-14753,-14384,-14015,-13646,-13277,-12908,-12539,-12170,-11801,-11432,-11063,-10694,-10325,-9956,-9587,-9218,-8849,-8480,-8111,-7742,-7373,-7004,-6635,-6266,-5897,-5528,-5159,-4790,-4421,-4052,-3683,-3314,-2945,-2583,-2576,-2207,-1838,-1469,-1100,-731,-362
8,377,746,1115,1484,1853,2222,2591,2960,3329,3698,4067,4436,4805,5174,5543,5912,6281,6650,7019,7388,7757,8126,8495,8864,9233,9602,9971,10340,10709,11078,11447,11816,12185,12554,12923,13292,13661,14030,14399,14768,15137,15506,15875,16244,16613,16982,17351,17720,18089,18458,18827,19196,19565,19934,20303,20672,21041,21410,21779,22148,22517,22886,23255,23624,23993,24362,24731,25100,25469,25838,26207,26576,26945,27314,27683,28052,28421,28790,29159,29528,29897,30266,30635,31004,31373,31742,32111,32480,32849,33218,33587,33956,34325,34694,35063,35432,35801,36170,36539,36908,37277,37646,38015,38384,38753,39122,39491,39860,40229,40598,40967,41336,41705,42074,42443,42812,43181,43550,43919,44288,44657,45026,45395,45764,46133,46502,46871,47240,47609,47978,48347,48716,49085,49454,49823,50192,50561,50930,51299,51668,52037,52406,52775,53144,53513,53882,54251,54620,54989,55358,55727,56096,56465,56834,57203,57572,57941,58310,58679,59048,59417,59786,60155,60524,60893,61262,61631,62000,62369,62738,63107,63476,63845,64214,64583,64952,65321,65690,66059,66428,66797,67166,67535,67904,-67888,-67519,-67150,-66781,-66412,-66043,-65674,-65305,-64936,-64567,-64198,-63829,-63460,-63091,-62722,-62353,-61984,-61615,-61246,-60877,-60508,-60139,-59770,-59401,-59032,-58663,-58294,-57925,-57556,-57187,-56818,-56449,-56080,-55711,-55342,-54973,-54604,-54235,-53866,-53497,-53128,-52759,-52390,-52021,-51652,-51283,-50914,-50545,-50176,-49807,-49438,-49069,-48700,-48331,-47962,-47593,-47224,-46855,-46486,-46117,-45748,-45379,-45010,-44641,-44272,-43903,-43534,-43165,-42796,-42427,-42058,-41689,-41320,-40951,-40582,-40213,-39844,-39475,-39106,-38737,-38368,-37999,-37630,-37261,-36892,-36523,-36154,-35785,-35416,-35047,-34678,-34309,-33940,-33571,-33202,-32833,-32464,-32095,-31726,-31357,-30988,-30619,-30250,-29881,-29512,-29143,-28774,-28405,-28036,-27667,-27298,-26929,-26560,-26191,-25822,-25453,-25084,-24715,-24346,-23977,-23608,-23239,-22870,-22501,-22132,-21763,-21394,-21025,-20656,-20287,-19918,-19549,-19180,-18811,-18442,-18073,-17704,-17335,-16966,-16597,-16228,-15859,-15490,-15121,-14752,-14383,-14014,-13645,-13276,-12907,-12538,-12169,-11800,-11431,-11062,-10693,-10324,-9955,-9586,-9217,-8848,-8479,-8110,-7741,-7372,-7003,-6634,-6265,-5896,-5527,-5158,-4789,-4420,-4051,-3682,-3313,-2952,-2944,-2575,-2206,-1837,-1468,-1099,-730,-361
9,378,747,1116,1485,1854,2223,2592,2961,3330,3699,4068,4437,4806,5175,5544,5913,6282,6651,7020,7389,7758,8127,8496,8865,9234,9603,9972,10341,10710,11079,11448,11817,12186,12555,12924,13293,13662,14031,14400,14769,15138,15507,15876,16245,16614,16983,17352,17721,18090,18459,18828,19197,19566,19935,20304,20673,21042,21411,21780,22149,22518,22887,23256,23625,23994,24363,24732,25101,25470,25839,26208,26577,26946,27315,27684,28053,28422,28791,29160,29529,29898,30267,30636,31005,31374,31743,32112,32481,32850,33219,33588,33957,34326,34695,35064,35433,35802,36171,36540,36909,37278,37647,38016,38385,38754,39123,39492,39861,40230,40599,40968,41337,41706,42075,42444,42813,43182,43551,43920,44289,44658,45027,45396,45765,46134,46503,46872,47241,47610,47979,48348,48717,49086,49455,49824,50193,50562,50931,51300,51669,52038,52407,52776,53145,53514,53883,54252,54621,54990,55359,55728,56097,56466,56835,57204,57573,57942,58311,58680,59049,59418,59787,60156,60525,60894,61263,61632,62001,62370,62739,63108,63477,63846,64215,64584,64953,65322,65691,66060,66429,66798,67167,67536,67905,-67887,-67518,-67149,-66780,-66411,-66042,-65673,-65304,-64935,-64566,-64197,-63828,-63459,-63090,-62721,-62352,-61983,-61614,-61245,-60876,-60507,-60138,-59769,-59400,-59031,-58662,-58293,-57924,-57555,-57186,-56817,-56448,-56079,-55710,-55341,-54972,-54603,-54234,-53865,-53496,-53127,-52758,-52389,-52020,-51651,-51282,-50913,-50544,-50175,-49806,-49437,-49068,-48699,-48330,-47961,-47592,-47223,-46854,-46485,-46116,-45747,-45378,-45009,-44640,-44271,-43902,-43533,-43164,-42795,-42426,-42057,-41688,-41319,-40950,-40581,-40212,-39843,-39474,-39105,-38736,-38367,-37998,-37629,-37260,-36891,-36522,-36153,-35784,-35415,-35046,-34677,-34308,-33939,-33570,-33201,-32832,-32463,-32094,-31725,-31356,-30987,-30618,-30249,-29880,-29511,-29142,-28773,-28404,-28035,-27666,-27297,-26928,-26559,-26190,-25821,-25452,-25083,-24714,-24345,-23976,-23607,-23238,-22869,-22500,-22131,-21762,-21393,-21024,-20655,-20286,-19917,-19548,-19179,-18810,-18441,-18072,-17703,-17334,-16965,-16596,-16227,-15858,-15489,-15120,-14751,-14382,-14013,-13644,-13275,-12906,-12537,-12168,-11799,-11430,-11061,-10692,-10323,-9954,-9585,-9216,-8847,-8478,-8109,-7740,-7371,-7002,-6633,-6264,-5895,-5526,-5157,-4788,-4419,-4050,-3681,-3321,-3312,-2943,-2574,-2205,-1836,-1467,-1098,-729,-360
10,379,748,1117,1486,1855,2224,2593,2962,3331,3700,4069,4438,4807,5176,5545,5914,6283,6652,7021,7390,7759,8128,8497,8866,9235,9604,9973,10342,10711,11080,11449,11818,12187,12556,12925,13294,13663,14032,14401,14770,15139,15508,15877,16246,16615,16984,17353,17722,18091,18460,18829,19198,19567,19936,20305,20674,21043,21412,21781,22150,22519,22888,23257,23626,23995,24364,24733,25102,25471,25840,26209,26578,26947,27316,27685,28054,28423,28792,29161,29530,29899,30268,30637,31006,31375,31744,32113,32482,32851,33220,33589,33958,34327,34696,35065,35434,35803,36172,36541,36910,37279,37648,38017,38386,38755,39124,39493,39862,40231,40600,40969,41338,41707,42076,42445,42814,43183,43552,43921,44290,44659,45028,45397,45766,46135,46504,46873,47242,47611,47980,48349,48718,49087,49456,49825,50194,50563,50932,51301,51670,52039,52408,52777,53146,53515,53884,54253,54622,54991,55360,55729,56098,56467,56836,57205,57574,57943,58312,58681,59050,59419,59788,60157,60526,60895,61264,61633,62002,62371,62740,63109,63478,63847,64216,64585,64954,65323,65692,66061,66430,66799,67168,67537,67906,-67886,-67517,-67148,-66779,-66410,-66041,-65672,-65303,-64934,-64565,-64196,-63827,-63458,-63089,-62720,-62351,-61982,-61613,-61244,-60875,-60506,-60137,-59768,-59399,-59030,-58661,-58292,-57923,-57554,-57185,-56816,-56447,-56078,-55709,-55340,-54971,-54602,-54233,-53864,-53495,-53126,-52757,-52388,-52019,-51650,-51281,-50912,-50543,-50174,-49805,-49436,-49067,-48698,-48329,-47960,-47591,-47222,-46853,-46484,-46115,-45746,-45377,-45008,-44639,-44270,-43901,-43532,-43163,-42794,-42425,-42056,-41687,-41318,-40949,-40580,-40211,-39842,-39473,-39104,-38735,-38366,-37997,-37628,-37259,-36890,-36521,-36152,-35783,-35414,-35045,-34676,-34307,-33938,-33569,-33200,-32831,-32462,-32093,-31724,-31355,-30986,-30617,-30248,-29879,-29510,-29141,-28772,-28403,-28034,-27665,-27296,-26927,-26558,-26189,-25820,-25451,-25082,-24713,-24344,-23975,-23606,-23237,-22868,-22499,-22130,-21761,-21392,-21023,-20654,-20285,-19916,-19547,-19178,-18809,-18440,-18071,-17702,-17333,-16964,-16595,-16226,-15857,-15488,-15119,-14750,-14381,-14012,-13643,-13274,-12905,-12536,-12167,-11798,-11429,-11060,-10691,-10322,-9953,-9584,-9215,-8846,-8477,-8108,-7739,-7370,-7001,-6632,-6263,-5894,-5525,-5156,-4787,-4418,-4049,-3690,-3680,-3311,-2942,-2573,-2204,-1835,-1466,-1097,-728,-359
11,380,749,1118,1487,1856,2225,2594,2963,3332,3701,4070,4439,4808,5177,5546,5915,6284,6653,7022,7391,7760,8129,8498,8867,9236,9605,9974,10343,10712,11081,11450,11819,12188,12557,12926,13295,13664,14033,14402,14771,15140,15509,15878,16247,16616,16985,17354,17723,18092,18461,18830,19199,19568,19937,20306,20675,21044,21413,21782,22151,22520,22889,23258,23627,23996,24365,24734,25103,25472,25841,26210,26579,26948,27317,27686,28055,28424,28793,29162,29531,29900,30269,30638,31007,31376,31745,32114,32483,32852,33221,33590,33959,34328,34697,35066,35435,35804,36173,36542,36911,37280,37649,38018,38387,38756,39125,39494,39863,40232,40601,40970,41339,41708,42077,42446,42815,43184,43553,43922,44291,44660,45029,45398,45767,46136,46505,46874,47243,47612,47981,48350,48719,49088,49457,49826,50195,50564,50933,51302,51671,52040,52409,52778,53147,53516,53885,54254,54623,54992,55361,55730,56099,56468,56837,57206,57575,57944,58313,58682,59051,59420,59789,60158,60527,60896,61265,61634,62003,62372,62741,63110,63479,63848,64217,64586,64955,65324,65693,66062,66431,66800,67169,67538,67907,-67885,-67516,-67147,-66778,-66409,-66040,-65671,-65302,-64933,-64564,-64195,-63826,-63457,-63088,-62719,-62350,-61981,-61612,-61243,-60874,-60505,-60136,-59767,-59398,-59029,-58660,-58291,-57922,-57553,-57184,-56815,-56446,-56077,-55708,-55339,-54970,-54601,-54232,-53863,-53494,-53125,-52756,-52387,-52018,-51649,-51280,-50911,-50542,-50173,-49804,-49435,-49066,-48697,-48328,-47959,-47590,-47221,-46852,-46483,-46114,-45745,-45376,-45007,-44638,-44269,-43900,-43531,-43162,-42793,-42424,-42055,-41686,-41317,-40948,-40579,-40210,-39841,-39472,-39103,-38734,-38365,-37996,-37627,-37258,-36889,-36520,-36151,-35782,-35413,-35044,-34675,-34306,-33937,-33568,-33199,-32830,-32461,-32092,-31723,-31354,-30985,-30616,-30247,-29878,-29509,-29140,-28771,-28402,-28033,-27664,-27295,-26926,-26557,-26188,-25819,-25450,-25081,-24712,-24343,-23974,-23605,-23236,-22867,-22498,-22129,-21760,-21391,-21022,-20653,-20284,-19915,-19546,-19177,-18808,-18439,-18070,-17701,-17332,-16963,-16594,-16225,-15856,-15487,-15118,-14749,-14380,-14011,-13642,-13273,-12904,-12535,-12166,-11797,-11428,-11059,-10690,-10321,-9952,-9583,-9214,-8845,-8476,-8107,-7738,-7369,-7000,-6631,-6262,-5893,-5524,-5155,-4786,-4417,-4059,-4048,-3679,-3310,-2941,-2572,-2203,-1834,-1465,-1096,-727,-358
12,381,750,1119,1488,1857,2226,2595,2964,3333,3702,4071,4440,4809,5178,5547,5916,6285,6654,7023,7392,7761,8130,8499,8868,9237,9606,9975,10344,10713,11082,11451,11820,12189,12558,12927,13296,13665,14034,14403,14772,15141,15510,15879,16248,16617,16986,17355,17724,18093,18462,18831,19200,19569,19938,20307,20676,21045,21414,21783,22152,22521,22890,23259,23628,23997,24366,24735,25104,25473,25842,26211,26580,26949,27318,27687,28056,28425,28794,29163,29532,29901,30270,30639,31008,31377,31746,32115,32484,32853,33222,33591,33960,34329,34698,35067,35436,35805,36174,36543,36912,37281,37650,38019,38388,38757,39126,39495,39864,40233,40602,40971,41340,41709,42078,42447,42816,43185,43554,43923,44292,44661,45030,45399,45768,46137,46506,46875,47244,47613,47982,48351,48720,49089,49458,49827,50196,50565,50934,51303,51672,52041,52410,52779,53148,53517,53886,54255,54624,54993,55362,55731,56100,56469,56838,57207,57576,57945,58314,58683,59052,59421,59790,60159,60528,60897,61266,61635,62004,62373,62742,63111,63480,63849,64218,64587,64956,65325,65694,66063,66432,66801,67170,67539,67908,-67884,-67515,-67146,-66777,-66408,-66039,-65670,-65301,-64932,-64563,-64194,-63825,-63456,-63087,-62718,-62349,-61980,-61611,-61242,-60873,-60504,-60135,-59766,-59397,-59028,-58659,-58290,-57921,-57552,-57183,-56814,-56445,-56076,-55707,-55338,-54969,-54600,-54231,-53862,-53493,-53124,-52755,-52386,-52017,-51648,-51279,-50910,-50541,-50172,-49803,-49434,-49065,-48696,-48327,-47958,-47589,-47220,-46851,-46482,-46113,-45744,-45375,-45006,-44637,-44268,-43899,-43530,-43161,-42792,-42423,-42054,-41685,-41316,-40947,-40578,-40209,-39840,-39471,-39102,-38733,-38364,-37995,-37626,-37257,-36888,-36519,-36150,-35781,-35412,-35043,-34674,-34305,-33936,-33567,-33198,-32829,-32460,-32091,-31722,-31353,-30984,-30615,-30246,-29877,-29508,-29139,-28770,-28401,-28032,-27663,-27294,-26925,-26556,-26187,-25818,-25449,-25080,-24711,-24342,-23973,-23604,-23235,-22866,-22497,-22128,-21759,-21390,-21021,-20652,-20283,-19914,-19545,-19176,-18807,-18438,-18069,-17700,-17331,-16962,-16593,-16224,-15855,-15486,-15117,-14748,-14379,-14010,-13641,-13272,-12903,-12534,-12165,-11796,-11427,-11058,-10689,-10320,-9951,-9582,-9213,-8844,-8475,-8106,-7737,-7368,-6999,-6630,-6261,-5892,-5523,-5154,-4785,-4428,-4416,-4047,-3678,-3309,-2940,-2571,-2202,-1833,-1464,-1095,-726,-357
13,382,751,1120,1489,1858,2227,2596,2965,3334,3703,4072,4441,4810,5179,5548,5917,6286,6655,7024,7393,7762,8131,8500,8869,9238,9607,9976,10345,10714,11083,11452,11821,12190,12559,12928,13297,13666,14035,14404,14773,15142,15511,15880,16249,16618,16987,17356,17725,18094,18463,18832,19201,19570,19939,20308,20677,21046,21415,21784,22153,22522,22891,23260,23629,23998,24367,24736,25105,25474,25843,26212,26581,26950,27319,27688,28057,28426,28795,29164,29533,29902,30271,30640,31009,31378,31747,32116,32485,32854,33223,33592,33961,34330,34699,35068,35437,35806,36175,36544,36913,37282,37651,38020,38389,38758,39127,39496,39865,40234,40603,40972,41341,41710,42079,42448,42817,43186,43555,43924,44293,44662,45031,45400,45769,46138,46507,46876,47245,47614,47983,48352,48721,49090,49459,49828,50197,50566,50935,51304,51673,52042,52411,52780,53149,53518,53887,54256,54625,54994,55363,55732,56101,56470,56839,57208,57577,57946,58315,58684,59053,59422,59791,60160,60529,60898,61267,61636,62005,62374,62743,63112,63481,63850,64219,64588,64957,65326,65695,66064,66433,66802,67171,67540,67909,-67883,-67514,-67145,-66776,-66407,-66038,-65669,-65300,-64931,-64562,-64193,-63824,-63455,-63086,-62717,-62348,-61979,-61610,-61241,-60872,-60503,-60134,-59765,-59396,-59027,-58658,-58289,-57920,-57551,-57182,-56813,-56444,-56075,-55706,-55337,-54968,-54599,-54230,-53861,-53492,-53123,-52754,-52385,-52016,-51647,-51278,-50909,-50540,-50171,-49802,-49433,-49064,-48695,-48326,-47957,-47588,-47219,-46850,-46481,-46112,-45743,-45374,-45005,-44636,-44267,-43898,-43529,-43160,-42791,-42422,-42053,-41684,-41315,-40946,-40577,-40208,-39839,-39470,-39101,-38732,-38363,-37994,-37625,-37256,-36887,-36518,-36149,-35780,-35411,-35042,-34673,-34304,-33935,-33566,-33197,-32828,-32459,-32090,-31721,-31352,-30983,-30614,-30245,-29876,-29507,-29138,-28769,-28400,-28031,-27662,-27293,-26924,-26555,-26186,-25817,-25448,-25079,-24710,-24341,-23972,-23603,-23234,-22865,-22496,-22127,-21758,-21389,-21020,-20651,-20282,-19913,-19544,-19175,-18806,-18437,-18068,-17699,-17330,-16961,-16592,-16223,-15854,-15485,-15116,-14747,-14378,-14009,-13640,-13271,-12902,-12533,-12164,-11795,-11426,-11057,-10688,-10319,-9950,-9581,-9212,-8843,-8474,-8105,-7736,-7367,-6998,-6629,-6260,-5891,-5522,-5153,-4797,-4784,-4415,-4046,-3677,-3308,-2939,-2570,-2201,-1832,-1463,-1094,-725,-356
14,383,752,1121,1490,1859,2228,2597,2966,3335,3704,4073,4442,4811,5180,5549,5918,6287,6656,7025,7394,7763,8132,8501,8870,9239,9608,9977,10346,10715,11084,11453,11822,12191,12560,12929,13298,13667,14036,14405,14774,15143,15512,15881,16250,16619,16988,17357,17726,18095,18464,18833,19202,19571,19940,20309,20678,21047,21416,21785,22154,22523,22892,23261,23630,23999,24368,24737,25106,25475,25844,26213,26582,26951,27320,27689,28058,28427,28796,29165,29534,29903,30272,30641,31010,31379,31748,32117,32486,32855,33224,33593,33962,34331,34700,35069,35438,35807,36176,36545,36914,37283,37652,38021,38390,38759,39128,39497,39866,40235,40604,40973,41342,41711,42080,42449,42818,43187,43556,43925,44294,44663,45032,45401,45770,46139,46508,46877,47246,47615,47984,48353,48722,49091,49460,49829,50198,50567,50936,51305,51674,52043,52412,52781,53150,53519,53888,54257,54626,54995,55364,55733,56102,56471,56840,57209,57578,57947,58316,58685,59054,59423,59792,60161,60530,60899,61268,61637,62006,62375,62744,63113,63482,63851,64220,64589,64958,65327,65696,66065,66434,66803,67172,67541,67910,-67882,-67513,-67144,-66775,-66406,-66037,-65668,-65299,-64930,-64561,-64192,-63823,-63454,-63085,-62716,-62347,-61978,-61609,-61240,-60871,-60502,-60133,-59764,-59395,-59026,-58657,-58288,-57919,-57550,-57181,-56812,-56443,-56074,-55705,-55336,-54967,-54598,-54229,-53860,-53491,-53122,-52753,-52384,-52015,-51646,-51277,-50908,-50539,-50170,-49801,-49432,-49063,-48694,-48325,-47956,-47587,-47218,-46849,-46480,-46111,-45742,-45373,-45004,-44635,-44266,-43897,-43528,-43159,-42790,-42421,-42052,-41683,-41314,-40945,-40576,-40207,-39838,-39469,-39100,-38731,-38362,-37993,-37624,-37255,-36886,-36517,-36148,-35779,-35410,-35041,-34672,-34303,-33934,-33565,-33196,-32827,-32458,-32089,-31720,-31351,-30982,-30613,-30244,-29875,-29506,-29137,-28768,-28399,-28030,-27661,-27292,-26923,-26554,-26185,-25816,-25447,-25078,-24709,-24340,-23971,-23602,-23233,-22864,-22495,-22126,-21757,-21388,-21019,-20650,-20281,-19912,-19543,-19174,-18805,-18436,-18067,-17698,-17329,-16960,-16591,-16222,-15853,-15484,-15115,-14746,-14377,-14008,-13639,-13270,-12901,-12532,-12163,-11794,-11425,-11056,-10687,-10318,-9949,-9580,-9211,-8842,-8473,-8104,-7735,-7366,-6997,-6628,-6259,-5890,-5521,-5166,-5152,-4783,-4414,-4045,-3676,-3307,-2938,-2569,-2200,-1831,-1462,-1093,-724,-355
15,384,753,1122,1491,1860,2229,2598,2967,3336,3705,4074,4443,4812,5181,5550,5919,6288,6657,7026,7395,7764,8133,8502,8871,9240,9609,9978,10347,10716,11085,11454,11823,12192,12561,12930,13299,13668,14037,14406,14775,15144,15513,15882,16251,16620,16989,17358,17727,18096,18465,18834,19203,19572,19941,20310,20679,21048,21417,21786,22155,22524,22893,23262,23631,24000,24369,24738,25107,25476,25845,26214,26583,26952,27321,27690,28059,28428,28797,29166,29535,29904,30273,30642,31011,31380,31749,32118,32487,32856,33225,33594,33963,34332,34701,35070,35439,35808,36177,36546,36915,37284,37653,38022,38391,38760,39129,39498,39867,40236,40605,40974,41343,41712,42081,42450,42819,43188,43557,43926,44295,44664,45033,45402,45771,46140,46509,46878,47247,47616,47985,48354,48723,49092,49461,49830,50199,50568,50937,51306,51675,52044,52413,52782,53151,53520,53889,54258,54627,54996,55365,55734,56103,56472,56841,57210,57579,57948,58317,58686,59055,59424,59793,60162,60531,60900,61269,61638,62007,62376,62745,63114,63483,63852,64221,64590,64959,65328,65697,66066,66435,66804,67173,67542,67911,-67881,-67512,-67143,-66774,-66405,-66036,-65667,-65298,-64929,-64560,-64191,-63822,-63453,-63084,-62715,-62346,-61977,-61608,-61239,-60870,-60501,-60132,-59763,-59394,-59025,-58656,-58287,-57918,-57549,-57180,-56811,-56442,-56073,-55704,-55335,-54966,-54597,-54228,-53859,-53490,-53121,-52752,-52383,-52014,-51645,-51276,-50907,-50538,-50169,-49800,-49431,-49062,-48693,-48324,-47955,-47586,-47217,-46848,-46479,-46110,-45741,-45372,-45003,-44634,-44265,-43896,-43527,-43158,-42789,-42420,-42051,-41682,-41313,-40944,-40575,-40206,-39837,-39468,-39099,-38730,-38361,-37992,-37623,-37254,-36885,-36516,-36147,-35778,-35409,-35040,-34671,-34302,-33933,-33564,-33195,-32826,-32457,-32088,-31719,-31350,-30981,-30612,-30243,-29874,-29505,-29136,-28767,-28398,-28029,-27660,-27291,-26922,-26553,-26184,-25815,-25446,-25077,-24708,-24339,-23970,-23601,-23232,-22863,-22494,-22125,-21756,-21387,-21018,-20649,-20280,-19911,-19542,-19173,-18804,-18435,-18066,-17697,-17328,-16959,-16590,-16221,-15852,-15483,-15114,-14745,-14376,-14007,-13638,-13269,-12900,-12531,-12162,-11793,-11424,-11055,-10686,-10317,-9948,-9579,-9210,-8841,-8472,-8103,-7734,-7365,-6996,-6627,-6258,-5889,-5535,-5520,-5151,-4782,-4413,-4044,-3675,-3306,-2937,-2568,-2199,-1830,-1461,-1092,-723,-354
16,385,754,1123,1492,1861,2230,2599,2968,3337,3706,4075,4444,4813,5182,5551,5920,6289,6658,7027,7396,7765,8134,8503,8872,9241,9610,9979,10348,10717,11086,11455,11824,12193,12562,12931,13300,13669,14038,14407,14776,15145,15514,15883,16252,16621,16990,17359,17728,18097,18466,18835,19204,19573,19942,20311,20680,21049,21418,21787,22156,22525,22894,23263,23632,24001,24370,24739,25108,25477,25846,26215,26584,26953,27322,27691,28060,28429,28798,29167,29536,29905,30274,30643,31012,31381,31750,32119,32488,32857,33226,33595,33964,34333,34702,35071,35440,35809,36178,36547,36916,37285,37654,38023,38392,38761,39130,39499,39868,40237,40606,40975,41344,41713,42082,42451,42820,43189,43558,43927,44296,44665,45034,45403,45772,46141,46510,46879,47248,47617,47986,48355,48724,49093,49462,49831,50200,50569,50938,51307,51676,52045,52414,52783,53152,53521,53890,54259,54628,54997,55366,55735,56104,56473,56842,57211,57580,57949,58318,58687,59056,59425,59794,60163,60532,60901,61270,61639,62008,62377,62746,63115,63484,63853,64222,64591,64960,65329,65698,66067,66436,66805,67174,67543,67912,-67880,-67511,-67142,-66773,-66404,-66035,-65666,-65297,-64928,-64559,-64190,-63821,-63452,-63083,-62714,-62345,-61976,-61607,-61238,-60869,-60500,-60131,-59762,-59393,-59024,-58655,-58286,-57917,-57548,-57179,-56810,-56441,-56072,-55703,-55334,-54965,-54596,-54227,-53858,-53489,-53120,-52751,-52382,-52013,-51644,-51275,-50906,-50537,-50168,-49799,-49430,-49061,-48692,-48323,-47954,-47585,-47216,-46847,-46478,-46109,-45740,-45371,-45002,-44633,-44264,-43895,-43526,-43157,-42788,-42419,-42050,-41681,-41312,-40943,-40574,-40205,-39836,-39467,-39098,-38729,-38360,-37991,-37622,-37253,-36884,-36515,-36146,-35777,-35408,-35039,-34670,-34301,-33932,-33563,-33194,-32825,-32456,-32087,-31718,-31349,-30980,-30611,-30242,-29873,-29504,-29135,-28766,-28397,-28028,-27659,-27290,-26921,-26552,-26183,-25814,-25445,-25076,-24707,-24338,-23969,-23600,-23231,-22862,-22493,-22124,-21755,-21386,-21017,-20648,-20279,-19910,-19541,-19172,-18803,-18434,-18065,-17696,-17327,-16958,-16589,-16220,-15851,-15482,-15113,-14744,-14375,-14006,-13637,-13268,-12899,-12530,-12161,-11792,-11423,-11054,-10685,-10316,-9947,-9578,-9209,-8840,-8471,-8102,-7733,-7364,-6995,-6626,-6257,-5904,-5888,-5519,-5150,-4781,-4412,-4043,-3674,-3305,-2936,-2567,-2198,-1829,-1460,-1091,-722,-353
17,386,755,1124,1493,1862,2231,2600,2969,3338,3707,4076,4445,4814,5183,5552,5921,6290,6659,7028,7397,7766,8135,8504,8873,9242,9611,9980,10349,10718,11087,11456,11825,12194,12563,12932,13301,13670,14039,14408,14777,15146,15515,15884,16253,16622,16991,17360,17729,18098,18467,18836,19205,19574,19943,20312,20681,21050,21419,21788,22157,22526,22895,23264,23633,24002,24371,24740,25109,25478,25847,26216,26585,26954,27323,27692,28061,28430,28799,29168,29537,29906,30275,30644,31013,31382,31751,32120,32489,32858,33227,33596,33965,34334,34703,35072,35441,35810,36179,36548,36917,37286,37655,38024,38393,38762,39131,39500,39869,40238,40607,40976,41345,41714,42083,42452,42821,43190,43559,43928,44297,44666,45035,45404,45773,46142,46511,46880,47249,47618,47987,48356,48725,49094,49463,49832,50201,50570,50939,51308,51677,52046,52415,52784,53153,53522,53891,54260,54629,54998,55367,55736,56105,56474,56843,57212,57581,57950,58319,58688,59057,59426,59795,60164,60533,60902,61271,61640,62009,62378,62747,63116,63485,63854,64223,64592,64961,65330,65699,66068,66437,66806,67175,67544,67913,-67879,-67510,-67141,-66772,-66403,-66034,-65665,-65296,-64927,-64558,-64189,-63820,-63451,-63082,-62713,-62344,-61975,-61606,-61237,-60868,-60499,-60130,-59761,-59392,-59023,-58654,-58285,-57916,-57547,-57178,-56809,-56440,-56071,-55702,-55333,-54964,-54595,-54226,-53857,-53488,-53119,-52750,-52381,-52012,-51643,-51274,-50905,-50536,-50167,-49798,-49429,-49060,-48691,-48322,-47953,-47584,-47215,-46846,-46477,-46108,-45739,-45370,-45001,-44632,-44263,-43894,-43525,-43156,-42787,-42418,-42049,-41680,-41311,-40942,-40573,-40204,-39835,-39466,-39097,-38728,-38359,-37990,-37621,-37252,-36883,-36514,-36145,-35776,-35407,-35038,-34669,-34300,-33931,-33562,-33193,-32824,-32455,-32086,-31717,-31348,-30979,-30610,-30241,-29872,-29503,-29134,-28765,-28396,-28027,-27658,-27289,-26920,-26551,-26182,-25813,-25444,-25075,-24706,-24337,-23968,-23599,-23230,-22861,-22492,-22123,-21754,-21385,-21016,-20647,-20278,-19909,-19540,-19171,-18802,-18433,-18064,-17695,-17326,-16957,-16588,-16219,-15850,-15481,-15112,-14743,-14374,-14005,-13636,-13267,-12898,-12529,-12160,-11791,-11422,-11053,-10684,-10315,-9946,-9577,-9208,-8839,-8470,-8101,-7732,-7363,-6994,-6625,-6273,-6256,-5887,-5518,-5149,-4780,-4411,-4042,-3673,-3304,-2935,-2566,-2197,-1828,-1459,-1090,-721,-352
18,387,756,1125,1494,1863,2232,2601,2970,3339,3708,4077,4446,4815,5184,5553,5922,6291,6660,7029,7398,7767,8136,8505,8874,9243,9612,9981,10350,10719,11088,11457,11826,12195,12564,12933,13302,13671,14040,14409,14778,15147,15516,15885,16254,16623,16992,17361,17730,18099,18468,18837,19206,19575,19944,20313,20682,21051,21420,21789,22158,22527,22896,23265,23634,24003,24372,24741,25110,25479,25848,26217,26586,26955,27324,27693,28062,28431,28800,29169,29538,29907,30276,30645,31014,31383,31752,32121,32490,32859,33228,33597,33966,34335,34704,35073,35442,35811,36180,36549,36918,37287,37656,38025,38394,38763,39132,39501,39870,40239,40608,40977,41346,41715,42084,42453,42822,43191,43560,43929,44298,44667,45036,45405,45774,46143,46512,46881,47250,47619,47988,48357,48726,49095,49464,49833,50202,50571,50940,51309,51678,52047,52416,52785,53154,53523,53892,54261,54630,54999,55368,55737,56106,56475,56844,57213,57582,57951,58320,58689,59058,59427,59796,60165,60534,60903,61272,61641,62010,62379,62748,63117,63486,63855,64224,64593,64962,65331,65700,66069,66438,66807,67176,67545,67914,-67878,-67509,-67140,-66771,-66402,-66033,-65664,-65295,-64926,-64557,-64188,-63819,-63450,-63081,-62712,-62343,-61974,-61605,-61236,-60867,-60498,-60129,-59760,-59391,-59022,-58653,-58284,-57915,-57546,-57177,-56808,-56439,-56070,-55701,-55332,-54963,-54594,-54225,-53856,-53487,-53118,-52749,-52380,-52011,-51642,-51273,-50904,-50535,-50166,-49797,-49428,-49059,-48690,-48321,-47952,-47583,-47214,-46845,-46476,-46107,-45738,-45369,-45000,-44631,-44262,-43893,-43524,-43155,-42786,-42417,-42048,-41679,-41310,-40941,-40572,-40203,-39834,-39465,-39096,-38727,-38358,-37989,-37620,-37251,-36882,-36513,-36144,-35775,-35406,-35037,-34668,-34299,-33930,-33561,-33192,-32823,-32454,-32085,-31716,-31347,-30978,-30609,-30240,-29871,-29502,-29133,-28764,-28395,-28026,-27657,-27288,-26919,-26550,-26181,-25812,-25443,-25074,-24705,-24336,-23967,-23598,-23229,-22860,-22491,-22122,-21753,-21384,-21015,-20646,-20277,-19908,-19539,-19170,-18801,-18432,-18063,-17694,-17325,-16956,-16587,-16218,-15849,-15480,-15111,-14742,-14373,-14004,-13635,-13266,-12897,-12528,-12159,-11790,-11421,-11052,-10683,-10314,-9945,-9576,-9207,-8838,-8469,-8100,-7731,-7362,-6993,-6642,-6624,-6255,-5886,-5517,-5148,-4779,-4410,-4041,-3672,-3303,-2934,-2565,-2196,-1827,-1458,-1089,-720,-351
19,388,757,1126,1495,1864,2233,2602,2971,3340,3709,4078,4447,4816,5185,5554,5923,6292,6661,7030,7399,7768,8137,8506,8875,9244,9613,9982,10351,10720,11089,11458,11827,12196,12565,12934,13303,13672,14041,14410,14779,15148,15517,15886,16255,16624,16993,17362,17731,18100,18469,18838,19207,19576,19945,20314,20683,21052,21421,21790,22159,22528,22897,23266,23635,24004,24373,24742,25111,25480,25849,26218,26587,26956,27325,27694,28063,28432,28801,29170,29539,29908,30277,30646,31015,31384,31753,32122,32491,32860,33229,33598,33967,34336,34705,35074,35443,35812,36181,36550,36919,37288,37657,38026,38395,38764,39133,39502,39871,40240,40609,40978,41347,41716,42085,42454,42823,43192,43561,43930,44299,44668,45037,45406,45775,46144,46513,46882,47251,47620,47989,48358,48727,49096,49465,49834,50203,50572,50941,51310,51679,52048,52417,52786,53155,53524,53893,54262,54631,55000,55369,55738,56107,56476,56845,57214,57583,57952,58321,58690,59059,59428,59797,60166,60535,60904,61273,61642,62011,62380,62749,63118,63487,63856,64225,64594,64963,65332,65701,66070,66439,66808,67177,67546,67915,-67877,-67508,-67139,-66770,-66401,-66032,-65663,-65294,-64925,-64556,-64187,-63818,-63449,-63080,-62711,-62342,-61973,-61604,-61235,-60866,-60497,-60128,-59759,-59390,-59021,-58652,-58283,-57914,-57545,-57176,-56807,-56438,-56069,-55700,-55331,-54962,-54593,-54224,-53855,-53486,-53117,-52748,-52379,-52010,-51641,-51272,-50903,-50534,-50165,-49796,-49427,-49058,-48689,-48320,-47951,-47582,-47213,-46844,-46475,-46106,-45737,-45368,-44999,-44630,-44261,-43892,-43523,-43154,-42785,-42416,-42047,-41678,-41309,-40940,-40571,-40202,-39833,-39464,-39095,-38726,-38357,-37988,-37619,-37250,-36881,-36512,-36143,-35774,-35405,-35036,-34667,-34298,-33929,-33560,-33191,-32822,-32453,-32084,-31715,-31346,-30977,-30608,-30239,-29870,-29501,-29132,-28763,-28394,-28025,-27656,-27287,-26918,-26549,-26180,-25811,-25442,-25073,-24704,-24335,-23966,-23597,-23228,-22859,-22490,-22121,-21752,-21383,-21014,-20645,-20276,-19907,-19538,-19169,-18800,-18431,-18062,-17693,-17324,-16955,-16586,-16217,-15848,-15479,-15110,-14741,-14372,-14003,-13634,-13265,-12896,-12527,-12158,-11789,-11420,-11051,-10682,-10313,-9944,-9575,-9206,-8837,-8468,-8099,-7730,-7361,-7011,-6992,-6623,-6254,-5885,-5516,-5147,-4778,-4409,-4040,-3671,-3302,-2933,-2564,-2195,-1826,-1457,-1088,-719,-350
20,389,758,1127,1496,1865,2234,2603,2972,3341,3710,4079,4448,4817,5186,5555,5924,6293,6662,7031,7400,7769,8138,8507,8876,9245,9614,9983,10352,10721,11090,11459,11828,12197,12566,12935,13304,13673,14042,14411,14780,15149,15518,15887,16256,16625,16994,17363,17732,18101,18470,18839,19208,19577,19946,20315,20684,21053,21422,21791,22160,22529,22898,23267,23636,24005,24374,24743,25112,25481,25850,26219,26588,26957,27326,27695,28064,28433,28802,29171,29540,29909,30278,30647,31016,31385,31754,32123,32492,32861,33230,33599,33968,34337,34706,35075,35444,35813,36182,36551,36920,37289,37658,38027,38396,38765,39134,39503,39872,40241,40610,40979,41348,41717,42086,42455,42824,43193,43562,43931,44300,44669,45038,45407,45776,46145,46514,46883,47252,47621,47990,48359,48728,49097,49466,49835,50204,50573,50942,51311,51680,52049,52418,52787,53156,53525,53894,54263,54632,55001,55370,55739,56108,56477,56846,57215,57584,57953,58322,58691,59060,59429,59798,60167,60536,60905,61274,61643,62012,62381,62750,63119,63488,63857,64226,64595,64964,65333,65702,66071,66440,66809,67178,67547,67916,-67876,-67507,-67138,-66769,-66400,-66031,-65662,-65293,-64924,-64555,-64186,-63817,-63448,-63079,-62710,-62341,-61972,-61603,-61234,-60865,-60496,-60127,-59758,-59389,-59020,-58651,-58282,-57913,-57544,-57175,-56806,-56437,-56068,-55699,-55330,-54961,-54592,-54223,-53854,-53485,-53116,-52747,-52378,-52009,-51640,-51271,-50902,-50533,-50164,-49795,-49426,-49057,-48688,-48319,-47950,-47581,-47212,-46843,-46474,-46105,-45736,-45367,-44998,-44629,-44260,-43891,-43522,-43153,-42784,-42415,-42046,-41677,-41308,-40939,-40570,-40201,-39832,-39463,-39094,-38725,-38356,-37987,-37618,-37249,-36880,-36511,-36142,-35773,-35404,-35035,-34666,-34297,-33928,-33559,-33190,-32821,-32452,-32083,-31714,-31345,-30976,-30607,-30238,-29869,-29500,-29131,-28762,-28393,-28024,-27655,-27286,-26917,-26548,-26179,-25810,-25441,-25072,-24703,-24334,-23965,-23596,-23227,-22858,-22489,-22120,-21751,-21382,-21013,-20644,-20275,-19906,-19537,-19168,-18799,-18430,-18061,-17692,-17323,-16954,-16585,-16216,-15847,-15478,-15109,-14740,-14371,-14002,-13633,-13264,-12895,-12526,-12157,-11788,-11419,-11050,-10681,-10312,-9943,-9574,-9205,-8836,-8467,-8098,-7729,-7380,-7360,-6991,-6622,-6253,-5884,-5515,-5146,-4777,-4408,-4039,-3670,-3301,-2932,-2563,-2194,-1825,-1456,-1087,-718,-349
21,390,759,1128,1497,1866,2235,2604,2973,3342,3711,4080,4449,4818,5187,5556,5925,6294,6663,7032,7401,7770,8139,8508,8877,9246,9615,9984,10353,10722,11091,11460,11829,12198,12567,12936,13305,13674,14043,14412,14781,15150,15519,15888,16257,16626,16995,17364,17733,18102,18471,18840,19209,19578,19947,20316,20685,21054,21423,21792,22161,22530,22899,23268,23637,24006,24375,24744,25113,25482,25851,26220,26589,26958,27327,27696,28065,28434,28803,29172,29541,29910,30279,30648,31017,31386,31755,32124,32493,32862,33231,33600,33969,34338,34707,35076,35445,35814,36183,36552,36921,37290,37659,38028,38397,38766,39135,39504,39873,40242,40611,40980,41349,41718,42087,42456,42825,43194,43563,43932,44301,44670,45039,45408,45777,46146,46515,46884,47253,47622,47991,48360,48729,49098,49467,49836,50205,50574,50943,51312,51681,52050,52419,52788,53157,53526,53895,54264,54633,55002,55371,55740,56109,56478,56847,57216,57585,57954,58323,58692,59061,59430,59799,60168,60537,60906,61275,61644,62013,62382,62751,63120,63489,63858,64227,64596,64965,65334,65703,66072,66441,66810,67179,67548,67917,-67875,-67506,-67137,-66768,-66399,-66030,-65661,-65292,-64923,-64554,-64185,-63816,-63447,-63078,-62709,-62340,-61971,-61602,-61233,-60864,-60495,-60126,-59757,-59388,-59019,-58650,-58281,-57912,-57543,-57174,-56805,-56436,-56067,-55698,-55329,-54960,-54591,-54222,-53853,-53484,-53115,-52746,-52377,-52008,-51639,-51270,-50901,-50532,-50163,-49794,-49425,-49056,-48687,-48318,-47949,-47580,-47211,-46842,-46473,-46104,-45735,-45366,-44997,-44628,-44259,-43890,-43521,-43152,-42783,-42414,-42045,-41676,-41307,-40938,-40569,-40200,-39831,-39462,-39093,-38724,-38355,-37986,-37617,-37248,-36879,-36510,-36141,-35772,-35403,-35034,-34665,-34296,-33927,-33558,-33189,-32820,-32451,-32082,-31713,-31344,-30975,-30606,-30237,-29868,-29499,-29130,-28761,-28392,-28023,-27654,-27285,-26916,-26547,-26178,-25809,-25440,-25071,-24702,-24333,-23964,-23595,-23226,-22857,-22488,-22119,-21750,-21381,-21012,-20643,-20274,-19905,-19536,-19167,-18798,-18429,-18060,-17691,-17322,-16953,-16584,-16215,-15846,-15477,-15108,-14739,-14370,-14001,-13632,-13263,-12894,-12525,-12156,-11787,-11418,-11049,-10680,-10311,-9942,-9573,-9204,-8835,-8466,-8097,-7749,-7728,-7359,-6990,-6621,-6252,-5883,-5514,-5145,-4776,-4407,-4038,-3669,-3300,-2931,-2562,-2193,-1824,-1455,-1086,-717,-348
22,391,760,1129,1498,1867,2236,2605,2974,3343,3712,4081,4450,4819,5188,5557,5926,6295,6664,7033,7402,7771,8140,8509,8878,9247,9616,9985,10354,10723,11092,11461,11830,12199,12568,12937,13306,13675,14044,14413,14782,15151,15520,15889,16258,16627,16996,17365,17734,18103,18472,18841,19210,19579,19948,20317,20686,21055,21424,21793,22162,22531,22900,23269,23638,24007,24376,24745,25114,25483,25852,26221,26590,26959,27328,27697,28066,28435,28804,29173,29542,29911,30280,30649,31018,31387,31756,32125,32494,32863,33232,33601,33970,34339,34708,35077,35446,35815,36184,36553,36922,37291,37660,38029,38398,38767,39136,39505,39874,40243,40612,40981,41350,41719,42088,42457,42826,43195,43564,43933,44302,44671,45040,45409,45778,46147,46516,46885,47254,47623,47992,48361,48730,49099,49468,49837,50206,50575,50944,51313,51682,52051,52420,52789,53158,53527,53896,54265,54634,55003,55372,55741,56110,56479,56848,57217,57586,57955,58324,58693,59062,59431,59800,60169,60538,60907,61276,61645,62014,62383,62752,63121,63490,63859,64228,64597,64966,65335,65704,66073,66442,66811,67180,67549,67918,-67874,-67505,-67136,-66767,-66398,-66029,-65660,-65291,-64922,-64553,-64184,-63815,-63446,-63077,-62708,-62339,-61970,-61601,-61232,-60863,-60494,-60125,-59756,-59387,-59018,-58649,-58280,-57911,-57542,-57173,-56804,-56435,-56066,-55697,-55328,-54959,-54590,-54221,-53852,-53483,-53114,-52745,-52376,-52007,-51638,-51269,-50900,-50531,-50162,-49793,-49424,-49055,-48686,-48317,-47948,-47579,-47210,-46841,-46472,-46103,-45734,-45365,-44996,-44627,-44258,-43889,-43520,-43151,-42782,-42413,-42044,-41675,-41306,-40937,-40568,-40199,-39830,-39461,-39092,-38723,-38354,-37985,-37616,-37247,-36878,-36509,-36140,-35771,-35402,-35033,-34664,-34295,-33926,-33557,-33188,-32819,-32450,-32081,-31712,-31343,-30974,-30605,-30236,-29867,-29498,-29129,-28760,-28391,-28022,-27653,-27284,-26915,-26546,-26177,-25808,-25439,-25070,-24701,-24332,-23963,-23594,-23225,-22856,-22487,-22118,-21749,-21380,-21011,-20642,-20273,-19904,-19535,-19166,-18797,-18428,-18059,-17690,-17321,-16952,-16583,-16214,-15845,-15476,-15107,-14738,-14369,-14000,-13631,-13262,-12893,-12524,-12155,-11786,-11417,-11048,-10679,-10310,-9941,-9572,-9203,-8834,-8465,-8118,-8096,-7727,-7358,-6989,-6620,-6251,-5882,-5513,-5144,-4775,-4406,-4037,-3668,-3299,-2930,-2561,-2192,-1823,-1454,-1085,-716,-347
23,392,761,1130,1499,1868,2237,2606,2975,3344,3713,4082,4451,4820,5189,5558,5927,6296,6665,7034,7403,7772,8141,8510,8879,9248,9617,9986,10355,10724,11093,11462,11831,12200,12569,12938,13307,13676,14045,14414,14783,15152,15521,15890,16259,16628,16997,17366,17735,18104,18473,18842,19211,19580,19949,20318,20687,21056,21425,21794,22163,22532,22901,23270,23639,24008,24377,24746,25115,25484,25853,26222,26591,26960,27329,27698,28067,28436,28805,29174,29543,29912,30281,30650,31019,31388,31757,32126,32495,32864,33233,33602,33971,34340,34709,35078,35447,35816,36185,36554,36923,37292,37661,38030,38399,38768,39137,39506,39875,40244,40613,40982,41351,41720,42089,42458,42827,43196,43565,43934,44303,44672,45041,45410,45779,46148,46517,46886,47255,47624,47993,48362,48731,49100,49469,49838,50207,50576,50945,51314,51683,52052,52421,52790,53159,53528,53897,54266,54635,55004,55373,55742,56111,56480,56849,57218,57587,57956,58325,58694,59063,59432,59801,60170,60539,60908,61277,61646,62015,62384,62753,63122,63491,63860,64229,64598,64967,65336,65705,66074,66443,66812,67181,67550,67919,-67873,-67504,-67135,-66766,-66397,-66028,-65659,-65290,-64921,-64552,-64183,-63814,-63445,-63076,-62707,-62338,-61969,-61600,-61231,-60862,-60493,-60124,-59755,-59386,-59017,-58648,-58279,-57910,-57541,-57172,-56803,-56434,-56065,-55696,-55327,-54958,-54589,-54220,-53851,-53482,-53113,-52744,-52375,-52006,-51637,-51268,-50899,-50530,-50161,-49792,-49423,-49054,-48685,-48316,-47947,-47578,-47209,-46840,-46471,-46102,-45733,-45364,-44995,-44626,-44257,-43888,-43519,-43150,-42781,-42412,-42043,-41674,-41305,-40936,-40567,-40198,-39829,-39460,-39091,-38722,-38353,-37984,-37615,-37246,-36877,-36508,-36139,-35770,-35401,-35032,-34663,-34294,-33925,-33556,-33187,-32818,-32449,-32080,-31711,-31342,-30973,-30604,-30235,-29866,-29497,-29128,-28759,-28390,-28021,-27652,-27283,-26914,-26545,-26176,-25807,-25438,-25069,-24700,-24331,-23962,-23593,-23224,-22855,-22486,-22117,-21748,-21379,-21010,-20641,-20272,-19903,-19534,-19165,-18796,-18427,-18058,-17689,-17320,-16951,-16582,-16213,-15844,-15475,-15106,-14737,-14368,-13999,-13630,-13261,-12892,-12523,-12154,-11785,-11416,-11047,-10678,-10309,-9940,-9571,-9202,-8833,-8487,-8464,-8095,-7726,-7357,-6988,-6619,-6250,-5881,-5512,-5143,-4774,-4405,-4036,-3667,-3298,-2929,-2560,-2191,-1822,-1453,-1084,-715,-346
24,393,762,1131,1500,1869,2238,2607,2976,3345,3714,4083,4452,4821,5190,5559,5928,6297,6666,7035,7404,7773,8142,8511,8880,9249,9618,9987,10356,10725,11094,11463,11832,12201,12570,12939,13308,13677,14046,14415,14784,15153,15522,15891,16260,16629,16998,17367,17736,18105,18474,18843,19212,19581,19950,20319,20688,21057,21426,21795,22164,22533,22902,23271,23640,24009,24378,24747,25116,25485,25854,26223,26592,26961,27330,27699,28068,28437,28806,29175,29544,29913,30282,30651,31020,31389,31758,32127,32496,32865,33234,33603,33972,34341,34710,35079,35448,35817,36186,36555,36924,37293,37662,38031,38400,38769,39138,39507,39876,40245,40614,40983,41352,41721,42090,42459,42828,43197,43566,43935,44304,44673,45042,45411,45780,46149,46518,46887,47256,47625,47994,48363,48732,49101,49470,49839,50208,50577,50946,51315,51684,52053,52422,52791,53160,53529,53898,54267,54636,55005,55374,55743,56112,56481,56850,57219,57588,57957,58326,58695,59064,59433,59802,60171,60540,60909,61278,61647,62016,62385,62754,63123,63492,63861,64230,64599,64968,65337,65706,66075,66444,66813,67182,67551,67920,-67872,-67503,-67134,-66765,-66396,-66027,-65658,-65289,-64920,-64551,-64182,-63813,-63444,-63075,-62706,-62337,-61968,-61599,-61230,-60861,-60492,-60123,-59754,-59385,-59016,-58647,-58278,-57909,-57540,-57171,-56802,-56433,-56064,-55695,-55326,-54957,-54588,-54219,-53850,-53481,-53112,-52743,-52374,-52005,-51636,-51267,-50898,-50529,-50160,-49791,-49422,-49053,-48684,-48315,-47946,-47577,-47208,-46839,-46470,-46101,-45732,-45363,-44994,-44625,-44256,-43887,-43518,-43149,-42780,-42411,-42042,-41673,-41304,-40935,-40566,-40197,-39828,-39459,-39090,-38721,-38352,-37983,-37614,-37245,-36876,-36507,-36138,-35769,-35400,-35031,-34662,-34293,-33924,-33555,-33186,-32817,-32448,-32079,-31710,-31341,-30972,-30603,-30234,-29865,-29496,-29127,-28758,-28389,-28020,-27651,-27282,-26913,-26544,-26175,-25806,-25437,-25068,-24699,-24330,-23961,-23592,-23223,-22854,-22485,-22116,-21747,-21378,-21009,-20640,-20271,-19902,-19533,-19164,-18795,-18426,-18057,-17688,-17319,-16950,-16581,-16212,-15843,-15474,-15105,-14736,-14367,-13998,-13629,-13260,-12891,-12522,-12153,-11784,-11415,-11046,-10677,-10308,-9939,-9570,-9201,-8856,-8832,-8463,-8094,-7725,-7356,-6987,-6618,-6249,-5880,-5511,-5142,-4773,-4404,-4035,-3666,-3297,-2928,-2559,-2190,-1821,-1452,-1083,-714,-345
25,394,763,1132,1501,1870,2239,2608,2977,3346,3715,4084,4453,4822,5191,5560,5929,6298,6667,7036,7405,7774,8143,8512,8881,9250,9619,9988,10357,10726,11095,11464,11833,12202,12571,12940,13309,13678,14047,14416,14785,15154,15523,15892,16261,16630,16999,17368,17737,18106,18475,18844,19213,19582,19951,20320,20689,21058,21427,21796,22165,22534,22903,23272,23641,24010,24379,24748,25117,25486,25855,26224,26593,26962,27331,27700,28069,28438,28807,29176,29545,29914,30283,30652,31021,31390,31759,32128,32497,32866,33235,33604,33973,34342,34711,35080,35449,35818,36187,36556,36925,37294,37663,38032,38401,38770,39139,39508,39877,40246,40615,40984,41353,41722,42091,42460,42829,43198,43567,43936,44305,44674,45043,45412,45781,46150,46519,46888,47257,47626,47995,48364,48733,49102,49471,49840,50209,50578,50947,51316,51685,52054,52423,52792,53161,53530,53899,54268,54637,55006,55375,55744,56113,56482,56851,57220,57589,57958,58327,58696,59065,59434,59803,60172,60541,60910,61279,61648,62017,62386,62755,63124,63493,63862,64231,64600,64969,65338,65707,66076,66445,66814,67183,67552,67921,-67871,-67502,-67133,-66764,-66395,-66026,-65657,-65288,-64919,-64550,-64181,-63812,-63443,-63074,-62705,-62336,-61967,-61598,-61229,-60860,-60491,-60122,-59753,-59384,-59015,-58646,-58277,-57908,-57539,-57170,-56801,-56432,-56063,-55694,-55325,-54956,-54587,-54218,-53849,-53480,-53111,-52742,-52373,-52004,-51635,-51266,-50897,-50528,-50159,-49790,-49421,-49052,-48683,-48314,-47945,-47576,-47207,-46838,-46469,-46100,-45731,-45362,-44993,-44624,-44255,-43886,-43517,-43148,-42779,-42410,-42041,-41672,-41303,-40934,-40565,-40196,-39827,-39458,-39089,-38720,-38351,-37982,-37613,-37244,-36875,-36506,-36137,-35768,-35399,-35030,-34661,-34292,-33923,-33554,-33185,-32816,-32447,-32078,-31709,-31340,-30971,-30602,-30233,-29864,-29495,-29126,-28757,-28388,-28019,-27650,-27281,-26912,-26543,-26174,-25805,-25436,-25067,-24698,-24329,-23960,-23591,-23222,-22853,-22484,-22115,-21746,-21377,-21008,-20639,-20270,-19901,-19532,-19163,-18794,-18425,-18056,-17687,-17318,-16949,-16580,-16211,-15842,-15473,-15104,-14735,-14366,-13997,-13628,-13259,-12890,-12521,-12152,-11783,-11414,-11045,-10676,-10307,-9938,-9569,-9225,-9200,-8831,-8462,-8093,-7724,-7355,-6986,-6617,-6248,-5879,-5510,-5141,-4772,-4403,-4034,-3665,-3296,-2927,-2558,-2189,-1820,-1451,-1082,-713,-344
26,395,764,1133,1502,1871,2240,2609,2978,3347,3716,4085,4454,4823,5192,5561,5930,6299,6668,7037,7406,7775,8144,8513,8882,9251,9620,9989,10358,10727,11096,11465,11834,12203,12572,12941,13310,13679,14048,14417,14786,15155,15524,15893,16262,16631,17000,17369,17738,18107,18476,18845,19214,19583,19952,20321,20690,21059,21428,21797,22166,22535,22904,23273,23642,24011,24380,24749,25118,25487,25856,26225,26594,26963,27332,27701,28070,28439,28808,29177,29546,29915,30284,30653,31022,31391,31760,32129,32498,32867,33236,33605,33974,34343,34712,35081,35450,35819,36188,36557,36926,37295,37664,38033,38402,38771,39140,39509,39878,40247,40616,40985,41354,41723,42092,42461,42830,43199,43568,43937,44306,44675,45044,45413,45782,46151,46520,46889,47258,47627,47996,48365,48734,49103,49472,49841,50210,50579,50948,51317,51686,52055,52424,52793,53162,53531,53900,54269,54638,55007,55376,55745,56114,56483,56852,57221,57590,57959,58328,58697,59066,59435,59804,60173,60542,60911,61280,61649,62018,62387,62756,63125,63494,63863,64232,64601,64970,65339,65708,66077,66446,66815,67184,67553,67922,-67870,-67501,-67132,-66763,-66394,-66025,-65656,-65287,-64918,-64549,-64180,-63811,-63442,-63073,-62704,-62335,-61966,-61597,-61228,-60859,-60490,-60121,-59752,-59383,-59014,-58645,-58276,-57907,-57538,-57169,-56800,-56431,-56062,-55693,-55324,-54955,-54586,-54217,-53848,-53479,-53110,-52741,-52372,-52003,-51634,-51265,-50896,-50527,-50158,-49789,-49420,-49051,-48682,-48313,-47944,-47575,-47206,-46837,-46468,-46099,-45730,-45361,-44992,-44623,-44254,-43885,-43516,-43147,-42778,-42409,-42040,-41671,-41302,-40933,-40564,-40195,-39826,-39457,-39088,-38719,-38350,-37981,-37612,-37243,-36874,-36505,-36136,-35767,-35398,-35029,-34660,-34291,-33922,-33553,-33184,-32815,-32446,-32077,-31708,-31339,-30970,-30601,-30232,-29863,-29494,-29125,-28756,-28387,-28018,-27649,-27280,-26911,-26542,-26173,-25804,-25435,-25066,-24697,-24328,-23959,-23590,-23221,-22852,-22483,-22114,-21745,-21376,-21007,-20638,-20269,-19900,-19531,-19162,-18793,-18424,-18055,-17686,-17317,-16948,-16579,-16210,-15841,-15472,-15103,-14734,-14365,-13996,-13627,-13258,-12889,-12520,-12151,-11782,-11413,-11044,-10675,-10306,-9937,-9594,-9568,-9199,-8830,-8461,-8092,-7723,-7354,-6985,-6616,-6247,-5878,-5509,-5140,-4771,-4402,-4033,-3664,-3295,-2926,-2557,-2188,-1819,-1450,-1081,-712,-343
27,396,765,1134,1503,1872,2241,2610,2979,3348,3717,4086,4455,4824,5193,5562,5931,6300,6669,7038,7407,7776,8145,8514,8883,9252,9621,9990,10359,10728,11097,11466,11835,12204,12573,12942,13311,13680,14049,14418,14787,15156,15525,15894,16263,16632,17001,17370,17739,18108,18477,18846,19215,19584,19953,20322,20691,21060,21429,21798,22167,22536,22905,23274,23643,24012,24381,24750,25119,25488,25857,26226,26595,26964,27333,27702,28071,28440,28809,29178,29547,29916,30285,30654,31023,31392,31761,32130,32499,32868,33237,33606,33975,34344,34713,35082,35451,35820,36189,36558,36927,37296,37665,38034,38403,38772,39141,39510,39879,40248,40617,40986,41355,41724,42093,42462,42831,43200,43569,43938,44307,44676,45045,45414,45783,46152,46521,46890,47259,47628,47997,48366,48735,49104,49473,49842,50211,50580,50949,51318,51687,52056,52425,52794,53163,53532,53901,54270,54639,55008,55377,55746,56115,56484,56853,57222,57591,57960,58329,58698,59067,59436,59805,60174,60543,60912,61281,61650,62019,62388,62757,63126,63495,63864,64233,64602,64971,65340,65709,66078,66447,66816,67185,67554,67923,-67869,-67500,-67131,-66762,-66393,-66024,-65655,-65286,-64917,-64548,-64179,-63810,-63441,-63072,-62703,-62334,-61965,-61596,-61227,-60858,-60489,-60120,-59751,-59382,-59013,-58644,-58275,-57906,-57537,-57168,-56799,-56430,-56061,-55692,-55323,-54954,-54585,-54216,-53847,-53478,-53109,-52740,-52371,-52002,-51633,-51264,-50895,-50526,-50157,-49788,-49419,-49050,-48681,-48312,-47943,-47574,-47205,-46836,-46467,-46098,-45729,-45360,-44991,-44622,-44253,-43884,-43515,-43146,-42777,-42408,-42039,-41670,-41301,-40932,-40563,-40194,-39825,-39456,-39087,-38718,-38349,-37980,-37611,-37242,-36873,-36504,-36135,-35766,-35397,-35028,-34659,-34290,-33921,-33552,-33183,-32814,-32445,-32076,-31707,-31338,-30969,-30600,-30231,-29862,-29493,-29124,-28755,-28386,-28017,-27648,-27279,-26910,-26541,-26172,-25803,-25434,-25065,-24696,-24327,-23958,-23589,-23220,-22851,-22482,-22113,-21744,-21375,-21006,-20637,-20268,-19899,-19530,-19161,-18792,-18423,-18054,-17685,-17316,-16947,-16578,-16209,-15840,-15471,-15102,-14733,-14364,-13995,-13626,-13257,-12888,-12519,-12150,-11781,-11412,-11043,-10674,-10305,-9963,-9936,-9567,-9198,-8829,-8460,-8091,-7722,-7353,-6984,-6615,-6246,-5877,-5508,-5139,-4770,-4401,-4032,-3663,-3294,-2925,-2556,-2187,-1818,-1449,-1080,-711,-342
28,397,766,1135,1504,1873,2242,2611,2980,3349,3718,4087,4456,4825,5194,5563,5932,6301,6670,7039,7408,7777,8146,8515,8884,9253,9622,9991,10360,10729,11098,11467,11836,12205,12574,12943,13312,13681,14050,14419,14788,15157,15526,15895,16264,16633,17002,17371,17740,18109,18478,18847,19216,19585,19954,20323,20692,21061,21430,21799,22168,22537,22906,23275,23644,24013,24382,24751,25120,25489,25858,26227,26596,26965,27334,27703,28072,28441,28810,29179,29548,29917,30286,30655,31024,31393,31762,32131,32500,32869,33238,33607,33976,34345,34714,35083,35452,35821,36190,36559,36928,37297,37666,38035,38404,38773,39142,39511,39880,40249,40618,40987,41356,41725,42094,42463,42832,43201,43570,43939,44308,44677,45046,45415,45784,46153,46522,46891,47260,47629,47998,48367,48736,49105,49474,49843,50212,50581,50950,51319,51688,52057,52426,52795,53164,53533,53902,54271,54640,55009,55378,55747,56116,56485,56854,57223,57592,57961,58330,58699,59068,59437,59806,60175,60544,60913,61282,61651,62020,62389,62758,63127,63496,63865,64234,64603,64972,65341,65710,66079,66448,66817,67186,67555,67924,-67868,-67499,-67130,-66761,-66392,-66023,-65654,-65285,-64916,-64547,-64178,-63809,-63440,-63071,-62702,-62333,-61964,-61595,-61226,-60857,-60488,-60119,-59750,-59381,-59012,-58643,-58274,-57905,-57536,-57167,-56798,-56429,-56060,-55691,-55322,-54953,-54584,-54215,-53846,-53477,-53108,-52739,-52370,-52001,-51632,-51263,-50894,-50525,-50156,-49787,-49418,-49049,-48680,-48311,-47942,-47573,-47204,-46835,-46466,-46097,-45728,-45359,-44990,-44621,-44252,-43883,-43514,-43145,-42776,-42407,-42038,-41669,-41300,-40931,-40562,-40193,-39824,-39455,-39086,-38717,-38348,-37979,-37610,-37241,-36872,-36503,-36134,-35765,-35396,-35027,-34658,-34289,-33920,-33551,-33182,-32813,-32444,-32075,-31706,-31337,-30968,-30599,-30230,-29861,-29492,-29123,-28754,-28385,-28016,-27647,-27278,-26909,-26540,-26171,-25802,-25433,-25064,-24695,-24326,-23957,-23588,-23219,-22850,-22481,-22112,-21743,-21374,-21005,-20636,-20267,-19898,-19529,-19160,-18791,-18422,-18053,-17684,-17315,-16946,-16577,-16208,-15839,-15470,-15101,-14732,-14363,-13994,-13625,-13256,-12887,-12518,-12149,-11780,-11411,-11042,-10673,-10332,-10304,-9935,-9566,-9197,-8828,-8459,-8090,-7721,-7352,-6983,-6614,-6245,-5876,-5507,-5138,-4769,-4400,-4031,-3662,-3293,-2924,-2555,-2186,-1817,-1448,-1079,-710,-341
29,398,767,1136,1505,1874,2243,2612,2981,3350,3719,4088,4457,4826,5195,5564,5933,6302,6671,7040,7409,7778,8147,8516,8885,9254,9623,9992,10361,10730,11099,11468,11837,12206,12575,12944,13313,13682,14051,14420,14789,15158,15527,15896,16265,16634,17003,17372,17741,18110,18479,18848,19217,19586,19955,20324,20693,21062,21431,21800,22169,22538,22907,23276,23645,24014,24383,24752,25121,25490,25859,26228,26597,26966,27335,27704,28073,28442,28811,29180,29549,29918,30287,30656,31025,31394,31763,32132,32501,32870,33239,33608,33977,34346,34715,35084,35453,35822,36191,36560,36929,37298,37667,38036,38405,38774,39143,39512,39881,40250,40619,40988,41357,41726,42095,42464,42833,43202,43571,43940,44309,44678,45047,45416,45785,46154,46523,46892,47261,47630,47999,48368,48737,49106,49475,49844,50213,50582,50951,51320,51689,52058,52427,52796,53165,53534,53903,54272,54641,55010,55379,55748,56117,56486,56855,57224,57593,57962,58331,58700,59069,59438,59807,60176,60545,60914,61283,61652,62021,62390,62759,63128,63497,63866,64235,64604,64973,65342,65711,66080,66449,66818,67187,67556,67925,-67867,-67498,-67129,-66760,-66391,-66022,-65653,-65284,-64915,-64546,-64177,-63808,-63439,-63070,-62701,-62332,-61963,-61594,-61225,-60856,-60487,-60118,-59749,-59380,-59011,-58642,-58273,-57904,-57535,-57166,-56797,-56428,-56059,-55690,-55321,-54952,-54583,-54214,-53845,-53476,-53107,-52738,-52369,-52000,-51631,-51262,-50893,-50524,-50155,-49786,-49417,-49048,-48679,-48310,-47941,-47572,-47203,-46834,-46465,-46096,-45727,-45358,-44989,-44620,-44251,-43882,-43513,-43144,-42775,-42406,-42037,-41668,-41299,-40930,-40561,-40192,-39823,-39454,-39085,-38716,-38347,-37978,-37609,-37240,-36871,-36502,-36133,-35764,-35395,-35026,-34657,-34288,-33919,-33550,-33181,-32812,-32443,-32074,-31705,-31336,-30967,-30598,-30229,-29860,-29491,-29122,-28753,-28384,-28015,-27646,-27277,-26908,-26539,-26170,-25801,-25432,-25063,-24694,-24325,-23956,-23587,-23218,-22849,-22480,-22111,-21742,-21373,-21004,-20635,-20266,-19897,-19528,-19159,-18790,-18421,-18052,-17683,-17314,-16945,-16576,-16207,-15838,-15469,-15100,-14731,-14362,-13993,-13624,-13255,-12886,-12517,-12148,-11779,-11410,-11041,-10701,-10672,-10303,-9934,-9565,-9196,-8827,-8458,-8089,-7720,-7351,-6982,-6613,-6244,-5875,-5506,-5137,-4768,-4399,-4030,-3661,-3292,-2923,-2554,-2185,-1816,-1447,-1078,-709,-340
30,399,768,1137,1506,1875,2244,2613,2982,3351,3720,4089,4458,4827,5196,5565,5934,6303,6672,7041,7410,7779,8148,8517,8886,9255,9624,9993,10362,10731,11100,11469,11838,12207,12576,12945,13314,13683,14052,14421,14790,15159,15528,15897,16266,16635,17004,17373,17742,18111,18480,18849,19218,19587,19956,20325,20694,21063,21432,21801,22170,22539,22908,23277,23646,24015,24384,24753,25122,25491,25860,26229,26598,26967,27336,27705,28074,28443,28812,29181,29550,29919,30288,30657,31026,31395,31764,32133,32502,32871,33240,33609,33978,34347,34716,35085,35454,35823,36192,36561,36930,37299,37668,38037,38406,38775,39144,39513,39882,40251,40620,40989,41358,41727,42096,42465,42834,43203,43572,43941,44310,44679,45048,45417,45786,46155,46524,46893,47262,47631,48000,48369,48738,49107,49476,49845,50214,50583,50952,51321,51690,52059,52428,52797,53166,53535,53904,54273,54642,55011,55380,55749,56118,56487,56856,57225,57594,57963,58332,58701,59070,59439,59808,60177,60546,60915,61284,61653,62022,62391,62760,63129,63498,63867,64236,64605,64974,65343,65712,66081,66450,66819,67188,67557,67926,-67866,-67497,-67128,-66759,-66390,-66021,-65652,-65283,-64914,-64545,-64176,-63807,-63438,-63069,-62700,-62331,-61962,-61593,-61224,-60855,-60486,-60117,-59748,-59379,-59010,-58641,-58272,-57903,-57534,-57165,-56796,-56427,-56058,-55689,-55320,-54951,-54582,-54213,-53844,-53475,-53106,-52737,-52368,-51999,-51630,-51261,-50892,-50523,-50154,-49785,-49416,-49047,-48678,-48309,-47940,-47571,-47202,-46833,-46464,-46095,-45726,-45357,-44988,-44619,-44250,-43881,-43512,-43143,-42774,-42405,-42036,-41667,-41298,-40929,-40560,-40191,-39822,-39453,-39084,-38715,-38346,-37977,-37608,-37239,-36870,-36501,-36132,-35763,-35394,-35025,-34656,-34287,-33918,-33549,-33180,-32811,-32442,-32073,-31704,-31335,-30966,-30597,-30228,-29859,-29490,-29121,-28752,-28383,-28014,-27645,-27276,-26907,-26538,-26169,-25800,-25431,-25062,-24693,-24324,-23955,-23586,-23217,-22848,-22479,-22110,-21741,-21372,-21003,-20634,-20265,-19896,-19527,-19158,-18789,-18420,-18051,-17682,-17313,-16944,-16575,-16206,-15837,-15468,-15099,-14730,-14361,-13992,-13623,-13254,-12885,-12516,-12147,-11778,-11409,-11070,-11040,-10671,-10302,-9933,-9564,-9195,-8826,-8457,-8088,-7719,-7350,-6981,-6612,-6243,-5874,-5505,-5136,-4767,-4398,-4029,-3660,-3291,-2922,-2553,-2184,-1815,-1446,-1077,-708,-339
31,400,769,1138,1507,1876,2245,2614,2983,3352,3721,4090,4459,4828,5197,5566,5935,6304,6673,7042,7411,7780,8149,8518,8887,9256,9625,9994,10363,10732,11101,11470,11839,12208,12577,12946,13315,13684,14053,14422,14791,15160,15529,15898,16267,16636,17005,17374,17743,18112,18481,18850,19219,19588,19957,20326,20695,21064,21433,21802,22171,22540,22909,23278,23647,24016,24385,24754,25123,25492,25861,26230,26599,26968,27337,27706,28075,28444,28813,29182,29551,29920,30289,30658,31027,31396,31765,32134,32503,32872,33241,33610,33979,34348,34717,35086,35455,35824,36193,36562,36931,37300,37669,38038,38407,38776,39145,39514,39883,40252,40621,40990,41359,41728,42097,42466,42835,43204,43573,43942,44311,44680,45049,45418,45787,46156,46525,46894,47263,47632,48001,48370,48739,49108,49477,49846,50215,50584,50953,51322,51691,52060,52429,52798,53167,53536,53905,54274,54643,55012,55381,55750,56119,56488,56857,57226,57595,57964,58333,58702,59071,59440,59809,60178,60547,60916,61285,61654,62023,62392,62761,63130,63499,63868,64237,64606,64975,65344,65713,66082,66451,66820,67189,67558,67927,-67865,-67496,-67127,-66758,-66389,-66020,-65651,-65282,-64913,-64544,-64175,-63806,-63437,-63068,-62699,-62330,-61961,-61592,-61223,-60854,-60485,-60116,-59747,-59378,-59009,-58640,-58271,-57902,-57533,-57164,-56795,-56426,-56057,-55688,-55319,-54950,-54581,-54212,-53843,-53474,-53105,-52736,-52367,-51998,-51629,-51260,-50891,-50522,-50153,-49784,-49415,-49046,-48677,-48308,-47939,-47570,-47201,-46832,-46463,-46094,-45725,-45356,-44987,-44618,-44249,-43880,-43511,-43142,-42773,-42404,-42035,-41666,-41297,-40928,-40559,-40190,-39821,-39452,-39083,-38714,-38345,-37976,-37607,-37238,-36869,-36500,-36131,-35762,-35393,-35024,-34655,-34286,-33917,-33548,-33179,-32810,-32441,-32072,-31703,-31334,-30965,-30596,-30227,-29858,-29489,-29120,-28751,-28382,-28013,-27644,-27275,-26906,-26537,-26168,-25799,-25430,-25061,-24692,-24323,-23954,-23585,-23216,-22847,-22478,-22109,-21740,-21371,-21002,-20633,-20264,-19895,-19526,-19157,-18788,-18419,-18050,-17681,-17312,-16943,-16574,-16205,-15836,-15467,-15098,-14729,-14360,-13991,-13622,-13253,-12884,-12515,-12146,-11777,-11439,-11408,-11039,-10670,-10301,-9932,-9563,-9194,-8825,-8456,-8087,-7718,-7349,-6980,-6611,-6242,-5873,-5504,-5135,-4766,-4397,-4028,-3659,-3290,-2921,-2552,-2183,-1814,-1445,-1076,-707,-338
32,401,770,1139,1508,1877,2246,2615,2984,3353,3722,4091,4460,4829,5198,5567,5936,6305,6674,7043,7412,7781,8150,8519,8888,9257,9626,9995,10364,10733,11102,11471,11840,12209,12578,12947,13316,13685,14054,14423,14792,15161,15530,15899,16268,16637,17006,17375,17744,18113,18482,18851,19220,19589,19958,20327,20696,21065,21434,21803,22172,22541,22910,23279,23648,24017,24386,24755,25124,25493,25862,26231,26600,26969,27338,27707,28076,28445,28814,29183,29552,29921,30290,30659,31028,31397,31766,32135,32504,32873,33242,33611,33980,34349,34718,35087,35456,35825,36194,36563,36932,37301,37670,38039,38408,38777,39146,39515,39884,40253,40622,40991,41360,41729,42098,42467,42836,43205,43574,43943,44312,44681,45050,45419,45788,46157,46526,46895,47264,47633,48002,48371,48740,49109,49478,49847,50216,50585,50954,51323,51692,52061,52430,52799,53168,53537,53906,54275,54644,55013,55382,55751,56120,56489,56858,57227,57596,57965,58334,58703,59072,59441,59810,60179,60548,60917,61286,61655,62024,62393,62762,63131,63500,63869,64238,64607,64976,65345,65714,66083,66452,66821,67190,67559,67928,-67864,-67495,-67126,-66757,-66388,-66019,-65650,-65281,-64912,-64543,-64174,-63805,-63436,-63067,-62698,-62329,-61960,-61591,-61222,-60853,-60484,-60115,-59746,-59377,-59008,-58639,-58270,-57901,-57532,-57163,-56794,-56425,-56056,-55687,-55318,-54949,-54580,-54211,-53842,-53473,-53104,-52735,-52366,-51997,-51628,-51259,-50890,-50521,-50152,-49783,-49414,-49045,-48676,-48307,-47938,-47569,-47200,-46831,-46462,-46093,-45724,-45355,-44986,-44617,-44248,-43879,-43510,-43141,-42772,-42403,-42034,-41665,-41296,-40927,-40558,-40189,-39820,-39451,-39082,-38713,-38344,-37975,-37606,-37237,-36868,-36499,-36130,-35761,-35392,-35023,-34654,-34285,-33916,-33547,-33178,-32809,-32440,-32071,-31702,-31333,-30964,-30595,-30226,-29857,-29488,-29119,-28750,-28381,-28012,-27643,-27274,-26905,-26536,-26167,-25798,-25429,-25060,-24691,-24322,-23953,-23584,-23215,-22846,-22477,-22108,-21739,-21370,-21001,-20632,-20263,-19894,-19525,-19156,-18787,-18418,-18049,-17680,-17311,-16942,-16573,-16204,-15835,-15466,-15097,-14728,-14359,-13990,-13621,-13252,-12883,-12514,-12145,-11808,-11776,-11407,-11038,-10669,-10300,-9931,-9562,-9193,-8824,-8455,-8086,-7717,-7348,-6979,-6610,-6241,-5872,-5503,-5134,-4765,-4396,-4027,-3658,-3289,-2920,-2551,-2182,-1813,-1444,-1075,-706,-337
33,402,771,1140,1509,1878,2247,2616,2985,3354,3723,4092,4461,4830,5199,5568,5937,6306,6675,7044,7413,7782,8151,8520,8889,9258,9627,9996,10365,10734,11103,11472,11841,12210,12579,12948,13317,13686,14055,14424,14793,15162,15531,15900,16269,16638,17007,17376,17745,18114,18483,18852,19221,19590,19959,20328,20697,21066,21435,21804,22173,22542,22911,23280,23649,24018,24387,24756,25125,25494,25863,26232,26601,26970,27339,27708,28077,28446,28815,29184,29553,29922,30291,30660,31029,31398,31767,32136,32505,32874,33243,33612,33981,34350,34719,35088,35457,35826,36195,36564,36933,37302,37671,38040,38409,38778,39147,39516,39885,40254,40623,40992,41361,41730,42099,42468,42837,43206,43575,43944,44313,44682,45051,45420,45789,46158,46527,46896,47265,47634,48003,48372,48741,49110,49479,49848,50217,50586,50955,51324,51693,52062,52431,52800,53169,53538,53907,54276,54645,55014,55383,55752,56121,56490,56859,57228,57597,57966,58335,58704,59073,59442,59811,60180,60549,60918,61287,61656,62025,62394,62763,63132,63501,63870,64239,64608,64977,65346,65715,66084,66453,66822,67191,67560,67929,-67863,-67494,-67125,-66756,-66387,-66018,-65649,-65280,-64911,-64542,-64173,-63804,-63435,-63066,-62697,-62328,-61959,-61590,-61221,-60852,-60483,-60114,-59745,-59376,-59007,-58638,-58269,-57900,-57531,-57162,-56793,-56424,-56055,-55686,-55317,-54948,-54579,-54210,-53841,-53472,-53103,-52734,-52365,-51996,-51627,-51258,-50889,-50520,-50151,-49782,-49413,-49044,-48675,-48306,-47937,-47568,-47199,-46830,-46461,-46092,-45723,-45354,-44985,-44616,-44247,-43878,-43509,-43140,-42771,-42402,-42033,-41664,-41295,-40926,-40557,-40188,-39819,-39450,-39081,-38712,-38343,-37974,-37605,-37236,-36867,-36498,-36129,-35760,-35391,-35022,-34653,-34284,-33915,-33546,-33177,-32808,-32439,-32070,-31701,-31332,-30963,-30594,-30225,-29856,-29487,-29118,-28749,-28380,-28011,-27642,-27273,-26904,-26535,-26166,-25797,-25428,-25059,-24690,-24321,-23952,-23583,-23214,-22845,-22476,-22107,-21738,-21369,-21000,-20631,-20262,-19893,-19524,-19155,-18786,-18417,-18048,-17679,-17310,-16941,-16572,-16203,-15834,-15465,-15096,-14727,-14358,-13989,-13620,-13251,-12882,-12513,-12177,-12144,-11775,-11406,-11037,-10668,-10299,-9930,-9561,-9192,-8823,-8454,-8085,-7716,-7347,-6978,-6609,-6240,-5871,-5502,-5133,-4764,-4395,-4026,-3657,-3288,-2919,-2550,-2181,-1812,-1443,-1074,-705,-336
34,403,772,1141,1510,1879,2248,2617,2986,3355,3724,4093,4462,4831,5200,5569,5938,6307,6676,7045,7414,7783,8152,8521,8890,9259,9628,9997,10366,10735,11104,11473,11842,12211,12580,12949,13318,13687,14056,14425,14794,15163,15532,15901,16270,16639,17008,17377,17746,18115,18484,18853,19222,19591,19960,20329,20698,21067,21436,21805,22174,22543,22912,23281,23650,24019,24388,24757,25126,25495,25864,26233,26602,26971,27340,27709,28078,28447,28816,29185,29554,29923,30292,30661,31030,31399,31768,32137,32506,32875,33244,33613,33982,34351,34720,35089,35458,35827,36196,36565,36934,37303,37672,38041,38410,38779,39148,39517,39886,40255,40624,40993,41362,41731,42100,42469,42838,43207,43576,43945,44314,44683,45052,45421,45790,46159,46528,46897,47266,47635,48004,48373,48742,49111,49480,49849,50218,50587,50956,51325,51694,52063,52432,52801,53170,53539,53908,54277,54646,55015,55384,55753,56122,56491,56860,57229,57598,57967,58336,58705,59074,59443,59812,60181,60550,60919,61288,61657,62026,62395,62764,63133,63502,63871,64240,64609,64978,65347,65716,66085,66454,66823,67192,67561,67930,-67862,-67493,-67124,-66755,-66386,-66017,-65648,-65279,-64910,-64541,-64172,-63803,-63434,-63065,-62696,-62327,-61958,-61589,-61220,-60851,-60482,-60113,-59744,-59375,-59006,-58637,-58268,-57899,-57530,-57161,-56792,-56423,-56054,-55685,-55316,-54947,-54578,-54209,-53840,-53471,-53102,-52733,-52364,-51995,-51626,-51257,-50888,-50519,-50150,-49781,-49412,-49043,-48674,-48305,-47936,-47567,-47198,-46829,-46460,-46091,-45722,-45353,-44984,-44615,-44246,-43877,-43508,-43139,-42770,-42401,-42032,-41663,-41294,-40925,-40556,-40187,-39818,-39449,-39080,-38711,-38342,-37973,-37604,-37235,-36866,-36497,-36128,-35759,-35390,-35021,-34652,-34283,-33914,-33545,-33176,-32807,-32438,-32069,-31700,-31331,-30962,-30593,-30224,-29855,-29486,-29117,-28748,-28379,-28010,-27641,-27272,-26903,-26534,-26165,-25796,-25427,-25058,-24689,-24320,-23951,-23582,-23213,-22844,-22475,-22106,-21737,-21368,-20999,-20630,-20261,-19892,-19523,-19154,-18785,-18416,-18047,-17678,-17309,-16940,-16571,-16202,-15833,-15464,-15095,-14726,-14357,-13988,-13619,-13250,-12881,-12546,-12512,-12143,-11774,-11405,-11036,-10667,-10298,-9929,-9560,-9191,-8822,-8453,-8084,-7715,-7346,-6977,-6608,-6239,-5870,-5501,-5132,-4763,-4394,-4025,-3656,-3287,-2918,-2549,-2180,-1811,-1442,-1073,-704,-335
35,404,773,1142,1511,1880,2249,2618,2987,3356,3725,4094,4463,4832,5201,5570,5939,6308,6677,7046,7415,7784,8153,8522,8891,9260,9629,9998,10367,10736,11105,11474,11843,12212,12581,12950,13319,13688,14057,14426,14795,15164,15533,15902,16271,16640,17009,17378,17747,18116,18485,18854,19223,19592,19961,20330,20699,21068,21437,21806,22175,22544,22913,23282,23651,24020,24389,24758,25127,25496,25865,26234,26603,26972,27341,27710,28079,28448,28817,29186,29555,29924,30293,30662,31031,31400,31769,32138,32507,32876,33245,33614,33983,34352,34721,35090,35459,35828,36197,36566,36935,37304,37673,38042,38411,38780,39149,39518,39887,40256,40625,40994,41363,41732,42101,42470,42839,43208,43577,43946,44315,44684,45053,45422,45791,46160,46529,46898,47267,47636,48005,48374,48743,49112,49481,49850,50219,50588,50957,51326,51695,52064,52433,52802,53171,53540,53909,54278,54647,55016,55385,55754,56123,56492,56861,57230,57599,57968,58337,58706,59075,59444,59813,60182,60551,60920,61289,61658,62027,62396,62765,63134,63503,63872,64241,64610,64979,65348,65717,66086,66455,66824,67193,67562,67931,-67861,-67492,-67123,-66754,-66385,-66016,-65647,-65278,-64909,-64540,-64171,-63802,-63433,-63064,-62695,-62326,-61957,-61588,-61219,-60850,-60481,-60112,-59743,-59374,-59005,-58636,-58267,-57898,-57529,-57160,-56791,-56422,-56053,-55684,-55315,-54946,-54577,-54208,-53839,-53470,-53101,-52732,-52363,-51994,-51625,-51256,-50887,-50518,-50149,-49780,-49411,-49042,-48673,-48304,-47935,-47566,-47197,-46828,-46459,-46090,-45721,-45352,-44983,-44614,-44245,-43876,-43507,-43138,-42769,-42400,-42031,-41662,-41293,-40924,-40555,-40186,-39817,-39448,-39079,-38710,-38341,-37972,-37603,-37234,-36865,-36496,-36127,-35758,-35389,-35020,-34651,-34282,-33913,-33544,-33175,-32806,-32437,-32068,-31699,-31330,-30961,-30592,-30223,-29854,-29485,-29116,-28747,-28378,-28009,-27640,-27271,-26902,-26533,-26164,-25795,-25426,-25057,-24688,-24319,-23950,-23581,-23212,-22843,-22474,-22105,-21736,-21367,-20998,-20629,-20260,-19891,-19522,-19153,-18784,-18415,-18046,-17677,-17308,-16939,-16570,-16201,-15832,-15463,-15094,-14725,-14356,-13987,-13618,-13249,-12915,-12880,-12511,-12142,-11773,-11404,-11035,-10666,-10297,-9928,-9559,-9190,-8821,-8452,-8083,-7714,-7345,-6976,-6607,-6238,-5869,-5500,-5131,-4762,-4393,-4024,-3655,-3286,-2917,-2548,-2179,-1810,-1441,-1072,-703,-334
36,405,774,1143,1512,1881,2250,2619,2988,3357,3726,4095,4464,4833,5202,5571,5940,6309,6678,7047,7416,7785,8154,8523,8892,9261,9630,9999,10368,10737,11106,11475,11844,12213,12582,12951,13320,13689,14058,14427,14796,15165,15534,15903,16272,16641,17010,17379,17748,18117,18486,18855,19224,19593,19962,20331,20700,21069,21438,21807,22176,22545,22914,23283,23652,24021,24390,24759,25128,25497,25866,26235,26604,26973,27342,27711,28080,28449,28818,29187,29556,29925,30294,30663,31032,31401,31770,32139,32508,32877,33246,33615,33984,34353,34722,35091,35460,35829,36198,36567,36936,37305,37674,38043,38412,38781,39150,39519,39888,40257,40626,40995,41364,41733,42102,42471,42840,43209,43578,43947,44316,44685,45054,45423,45792,46161,46530,46899,47268,47637,48006,48375,48744,49113,49482,49851,50220,50589,50958,51327,51696,52065,52434,52803,53172,53541,53910,54279,54648,55017,55386,55755,56124,56493,56862,57231,57600,57969,58338,58707,59076,59445,59814,60183,60552,60921,61290,61659,62028,62397,62766,63135,63504,63873,64242,64611,64980,65349,65718,66087,66456,66825,67194,67563,67932,-67860,-67491,-67122,-66753,-66384,-66015,-65646,-65277,-64908,-64539,-64170,-63801,-63432,-63063,-62694,-62325,-61956,-61587,-61218,-60849,-60480,-60111,-59742,-59373,-59004,-58635,-58266,-57897,-57528,-57159,-56790,-56421,-56052,-55683,-55314,-54945,-54576,-54207,-53838,-53469,-53100,-52731,-52362,-51993,-51624,-51255,-50886,-50517,-50148,-49779,-49410,-49041,-48672,-48303,-47934,-47565,-47196,-46827,-46458,-46089,-45720,-45351,-44982,-44613,-44244,-43875,-43506,-43137,-42768,-42399,-42030,-41661,-41292,-40923,-40554,-40185,-39816,-39447,-39078,-38709,-38340,-37971,-37602,-37233,-36864,-36495,-36126,-35757,-35388,-35019,-34650,-34281,-33912,-33543,-33174,-32805,-32436,-32067,-31698,-31329,-30960,-30591,-30222,-29853,-29484,-29115,-28746,-28377,-28008,-27639,-27270,-26901,-26532,-26163,-25794,-25425,-25056,-24687,-24318,-23949,-23580,-23211,-22842,-22473,-22104,-21735,-21366,-20997,-20628,-20259,-19890,-19521,-19152,-18783,-18414,-18045,-17676,-17307,-16938,-16569,-16200,-15831,-15462,-15093,-14724,-14355,-13986,-13617,-13284,-13248,-12879,-12510,-12141,-11772,-11403,-11034,-10665,-10296,-9927,-9558,-9189,-8820,-8451,-8082,-7713,-7344,-6975,-6606,-6237,-5868,-5499,-5130,-4761,-4392,-4023,-3654,-3285,-2916,-2547,-2178,-1809,-1440,-1071,-702,-333
37,406,775,1144,1513,1882,2251,2620,2989,3358,3727,4096,4465,4834,5203,5572,5941,6310,6679,7048,7417,7786,8155,8524,8893,9262,9631,10000,10369,10738,11107,11476,11845,12214,12583,12952,13321,13690,14059,14428,14797,15166,15535,15904,16273,16642,17011,17380,17749,18118,18487,18856,19225,19594,19963,20332,20701,21070,21439,21808,22177,22546,22915,23284,23653,24022,24391,24760,25129,25498,25867,26236,26605,26974,27343,27712,28081,28450,28819,29188,29557,29926,30295,30664,31033,31402,31771,32140,32509,32878,33247,33616,33985,34354,34723,35092,35461,35830,36199,36568,36937,37306,37675,38044,38413,38782,39151,39520,39889,40258,40627,40996,41365,41734,42103,42472,42841,43210,43579,43948,44317,44686,45055,45424,45793,46162,46531,46900,47269,47638,48007,48376,48745,49114,49483,49852,50221,50590,50959,51328,51697,52066,52435,52804,53173,53542,53911,54280,54649,55018,55387,55756,56125,56494,56863,57232,57601,57970,58339,58708,59077,59446,59815,60184,60553,60922,61291,61660,62029,62398,62767,63136,63505,63874,64243,64612,64981,65350,65719,66088,66457,66826,67195,67564,67933,-67859,-67490,-67121,-66752,-66383,-66014,-65645,-65276,-64907,-64538,-64169,-63800,-63431,-63062,-62693,-62324,-61955,-61586,-61217,-60848,-60479,-60110,-59741,-59372,-59003,-58634,-58265,-57896,-57527,-57158,-56789,-56420,-56051,-55682,-55313,-54944,-54575,-54206,-53837,-53468,-53099,-52730,-52361,-51992,-51623,-51254,-50885,-50516,-50147,-49778,-49409,-49040,-48671,-48302,-47933,-47564,-47195,-46826,-46457,-46088,-45719,-45350,-44981,-44612,-44243,-43874,-43505,-43136,-42767,-42398,-42029,-41660,-41291,-40922,-40553,-40184,-39815,-39446,-39077,-38708,-38339,-37970,-37601,-37232,-36863,-36494,-36125,-35756,-35387,-35018,-34649,-34280,-33911,-33542,-33173,-32804,-32435,-32066,-31697,-31328,-30959,-30590,-30221,-29852,-29483,-29114,-28745,-28376,-28007,-27638,-27269,-26900,-26531,-26162,-25793,-25424,-25055,-24686,-24317,-23948,-23579,-23210,-22841,-22472,-22103,-21734,-21365,-20996,-20627,-20258,-19889,-19520,-19151,-18782,-18413,-18044,-17675,-17306,-16937,-16568,-16199,-15830,-15461,-15092,-14723,-14354,-13985,-13653,-13616,-13247,-12878,-12509,-12140,-11771,-11402,-11033,-10664,-10295,-9926,-9557,-9188,-8819,-8450,-8081,-7712,-7343,-6974,-6605,-6236,-5867,-5498,-5129,-4760,-4391,-4022,-3653,-3284,-2915,-2546,-2177,-1808,-1439,-1070,-701,-332
38,407,776,1145,1514,1883,2252,2621,2990,3359,3728,4097,4466,4835,5204,5573,5942,6311,6680,7049,7418,7787,8156,8525,8894,9263,9632,10001,10370,10739,11108,11477,11846,12215,12584,12953,13322,13691,14060,14429,14798,15167,15536,15905,16274,16643,17012,17381,17750,18119,18488,18857,19226,19595,19964,20333,20702,21071,21440,21809,22178,22547,22916,23285,23654,24023,24392,24761,25130,25499,25868,26237,26606,26975,27344,27713,28082,28451,28820,29189,29558,29927,30296,30665,31034,31403,31772,32141,32510,32879,33248,33617,33986,34355,34724,35093,35462,35831,36200,36569,36938,37307,37676,38045,38414,38783,39152,39521,39890,40259,40628,40997,41366,41735,42104,42473,42842,43211,43580,43949,44318,44687,45056,45425,45794,46163,46532,46901,47270,47639,48008,48377,48746,49115,49484,49853,50222,50591,50960,51329,51698,52067,52436,52805,53174,53543,53912,54281,54650,55019,55388,55757,56126,56495,56864,57233,57602,57971,58340,58709,59078,59447,59816,60185,60554,60923,61292,61661,62030,62399,62768,63137,63506,63875,64244,64613,64982,65351,65720,66089,66458,66827,67196,67565,67934,-67858,-67489,-67120,-66751,-66382,-66013,-65644,-65275,-64906,-64537,-64168,-63799,-63430,-63061,-62692,-62323,-61954,-61585,-61216,-60847,-60478,-60109,-59740,-59371,-59002,-58633,-58264,-57895,-57526,-57157,-56788,-56419,-56050,-55681,-55312,-54943,-54574,-54205,-53836,-53467,-53098,-52729,-52360,-51991,-51622,-51253,-50884,-50515,-50146,-49777,-49408,-49039,-48670,-48301,-47932,-47563,-47194,-46825,-46456,-46087,-45718,-45349,-44980,-44611,-44242,-43873,-43504,-43135,-42766,-42397,-42028,-41659,-41290,-40921,-40552,-40183,-39814,-39445,-39076,-38707,-38338,-37969,-37600,-37231,-36862,-36493,-36124,-35755,-35386,-35017,-34648,-34279,-33910,-33541,-33172,-32803,-32434,-32065,-31696,-31327,-30958,-30589,-30220,-29851,-29482,-29113,-28744,-28375,-28006,-27637,-27268,-26899,-26530,-26161,-25792,-25423,-25054,-24685,-24316,-23947,-23578,-23209,-22840,-22471,-22102,-21733,-21364,-20995,-20626,-20257,-19888,-19519,-19150,-18781,-18412,-18043,-17674,-17305,-16936,-16567,-16198,-15829,-15460,-15091,-14722,-14353,-14022,-13984,-13615,-13246,-12877,-12508,-12139,-11770,-11401,-11032,-10663,-10294,-9925,-9556,-9187,-8818,-8449,-8080,-7711,-7342,-6973,-6604,-6235,-5866,-5497,-5128,-4759,-4390,-4021,-3652,-3283,-2914,-2545,-2176,-1807,-1438,-1069,-700,-331
39,408,777,1146,1515,1884,2253,2622,2991,3360,3729,4098,4467,4836,5205,5574,5943,6312,6681,7050,7419,7788,8157,8526,8895,9264,9633,10002,10371,10740,11109,11478,11847,12216,12585,12954,13323,13692,14061,14430,14799,15168,15537,15906,16275,16644,17013,17382,17751,18120,18489,18858,19227,19596,19965,20334,20703,21072,21441,21810,22179,22548,22917,23286,23655,24024,24393,24762,25131,25500,25869,26238,26607,26976,27345,27714,28083,28452,28821,29190,29559,29928,30297,30666,31035,31404,31773,32142,32511,32880,33249,33618,33987,34356,34725,35094,35463,35832,36201,36570,36939,37308,37677,38046,38415,38784,39153,39522,39891,40260,40629,40998,41367,41736,42105,42474,42843,43212,43581,43950,44319,44688,45057,45426,45795,46164,46533,46902,47271,47640,48009,48378,48747,49116,49485,49854,50223,50592,50961,51330,51699,52068,52437,52806,53175,53544,53913,54282,54651,55020,55389,55758,56127,56496,56865,57234,57603,57972,58341,58710,59079,59448,59817,60186,60555,60924,61293,61662,62031,62400,62769,63138,63507,63876,64245,64614,64983,65352,65721,66090,66459,66828,67197,67566,67935,-67857,-67488,-67119,-66750,-66381,-66012,-65643,-65274,-64905,-64536,-64167,-63798,-63429,-63060,-62691,-62322,-61953,-61584,-61215,-60846,-60477,-60108,-59739,-59370,-59001,-58632,-58263,-57894,-57525,-57156,-56787,-56418,-56049,-55680,-55311,-54942,-54573,-54204,-53835,-53466,-53097,-52728,-52359,-51990,-51621,-51252,-50883,-50514,-50145,-49776,-49407,-49038,-48669,-48300,-47931,-47562,-47193,-46824,-46455,-46086,-45717,-45348,-44979,-44610,-44241,-43872,-43503,-43134,-42765,-42396,-42027,-41658,-41289,-40920,-40551,-40182,-39813,-39444,-39075,-38706,-38337,-37968,-37599,-37230,-36861,-36492,-36123,-35754,-35385,-35016,-34647,-34278,-33909,-33540,-33171,-32802,-32433,-32064,-31695,-31326,-30957,-30588,-30219,-29850,-29481,-29112,-28743,-28374,-28005,-27636,-27267,-26898,-26529,-26160,-25791,-25422,-25053,-24684,-24315,-23946,-23577,-23208,-22839,-22470,-22101,-21732,-21363,-20994,-20625,-20256,-19887,-19518,-19149,-18780,-18411,-18042,-17673,-17304,-16935,-16566,-16197,-15828,-15459,-15090,-14721,-14391,-14352,-13983,-13614,-13245,-12876,-12507,-12138,-11769,-11400,-11031,-10662,-10293,-9924,-9555,-9186,-8817,-8448,-8079,-7710,-7341,-6972,-6603,-6234,-5865,-5496,-5127,-4758,-4389,-4020,-3651,-3282,-2913,-2544,-2175,-1806,-1437,-1068,-699,-330
40,409,778,1147,1516,1885,2254,2623,2992,3361,3730,4099,4468,4837,5206,5575,5944,6313,6682,7051,7420,7789,8158,8527,8896,9265,9634,10003,10372,10741,11110,11479,11848,12217,12586,12955,13324,13693,14062,14431,14800,15169,15538,15907,16276,16645,17014,17383,17752,18121,18490,18859,19228,19597,19966,20335,20704,21073,21442,21811,22180,22549,22918,23287,23656,24025,24394,24763,25132,25501,25870,26239,26608,26977,27346,27715,28084,28453,28822,29191,29560,29929,30298,30667,31036,31405,31774,32143,32512,32881,33250,33619,33988,34357,34726,35095,35464,35833,36202,36571,36940,37309,37678,38047,38416,38785,39154,39523,39892,40261,40630,40999,41368,41737,42106,42475,42844,43213,43582,43951,44320,44689,45058,45427,45796,46165,46534,46903,47272,47641,48010,48379,48748,49117,49486,49855,50224,50593,50962,51331,51700,52069,52438,52807,53176,53545,53914,54283,54652,55021,55390,55759,56128,56497,56866,57235,57604,57973,58342,58711,59080,59449,59818,60187,60556,60925,61294,61663,62032,62401,62770,63139,63508,63877,64246,64615,64984,65353,65722,66091,66460,66829,67198,67567,67936,-67856,-67487,-67118,-66749,-66380,-66011,-65642,-65273,-64904,-64535,-64166,-63797,-63428,-63059,-62690,-62321,-61952,-61583,-61214,-60845,-60476,-60107,-59738,-59369,-59000,-58631,-58262,-57893,-57524,-57155,-56786,-56417,-56048,-55679,-55310,-54941,-54572,-54203,-53834,-53465,-53096,-52727,-52358,-51989,-51620,-51251,-50882,-50513,-50144,-49775,-49406,-49037,-48668,-48299,-47930,-47561,-47192,-46823,-46454,-46085,-45716,-45347,-44978,-44609,-44240,-43871,-43502,-43133,-42764,-42395,-42026,-41657,-41288,-40919,-40550,-40181,-39812,-39443,-39074,-38705,-38336,-37967,-37598,-37229,-36860,-36491,-36122,-35753,-35384,-35015,-34646,-34277,-33908,-33539,-33170,-32801,-32432,-32063,-31694,-31325,-30956,-30587,-30218,-29849,-29480,-29111,-28742,-28373,-28004,-27635,-27266,-26897,-26528,-26159,-25790,-25421,-25052,-24683,-24314,-23945,-23576,-23207,-22838,-22469,-22100,-21731,-21362,-20993,-20624,-20255,-19886,-19517,-19148,-18779,-18410,-18041,-17672,-17303,-16934,-16565,-16196,-15827,-15458,-15089,-14760,-14720,-14351,-13982,-13613,-13244,-12875,-12506,-12137,-11768,-11399,-11030,-10661,-10292,-9923,-9554,-9185,-8816,-8447,-8078,-7709,-7340,-6971,-6602,-6233,-5864,-5495,-5126,-4757,-4388,-4019,-3650,-3281,-2912,-2543,-2174,-1805,-1436,-1067,-698,-329
41,410,779,1148,1517,1886,2255,2624,2993,3362,3731,4100,4469,4838,5207,5576,5945,6314,6683,7052,7421,7790,8159,8528,8897,9266,9635,10004,10373,10742,11111,11480,11849,12218,12587,12956,13325,13694,14063,14432,14801,15170,15539,15908,16277,16646,17015,17384,17753,18122,18491,18860,19229,19598,19967,20336,20705,21074,21443,21812,22181,22550,22919,23288,23657,24026,24395,24764,25133,25502,25871,26240,26609,26978,27347,27716,28085,28454,28823,29192,29561,29930,30299,30668,31037,31406,31775,32144,32513,32882,33251,33620,33989,34358,34727,35096,35465,35834,36203,36572,36941,37310,37679,38048,38417,38786,39155,39524,39893,40262,40631,41000,41369,41738,42107,42476,42845,43214,43583,43952,44321,44690,45059,45428,45797,46166,46535,46904,47273,47642,48011,48380,48749,49118,49487,49856,50225,50594,50963,51332,51701,52070,52439,52808,53177,53546,53915,54284,54653,55022,55391,55760,56129,56498,56867,57236,57605,57974,58343,58712,59081,59450,59819,60188,60557,60926,61295,61664,62033,62402,62771,63140,63509,63878,64247,64616,64985,65354,65723,66092,66461,66830,67199,67568,67937,-67855,-67486,-67117,-66748,-66379,-66010,-65641,-65272,-64903,-64534,-64165,-63796,-63427,-63058,-62689,-62320,-61951,-61582,-61213,-60844,-60475,-60106,-59737,-59368,-58999,-58630,-58261,-57892,-57523,-57154,-56785,-56416,-56047,-55678,-55309,-54940,-54571,-54202,-53833,-53464,-53095,-52726,-52357,-51988,-51619,-51250,-50881,-50512,-50143,-49774,-49405,-49036,-48667,-48298,-47929,-47560,-47191,-46822,-46453,-46084,-45715,-45346,-44977,-44608,-44239,-43870,-43501,-43132,-42763,-42394,-42025,-41656,-41287,-40918,-40549,-40180,-39811,-39442,-39073,-38704,-38335,-37966,-37597,-37228,-36859,-36490,-36121,-35752,-35383,-35014,-34645,-34276,-33907,-33538,-33169,-32800,-32431,-32062,-31693,-31324,-30955,-30586,-30217,-29848,-29479,-29110,-28741,-28372,-28003,-27634,-27265,-26896,-26527,-26158,-25789,-25420,-25051,-24682,-24313,-23944,-23575,-23206,-22837,-22468,-22099,-21730,-21361,-20992,-20623,-20254,-19885,-19516,-19147,-18778,-18409,-18040,-17671,-17302,-16933,-16564,-16195,-15826,-15457,-15129,-15088,-14719,-14350,-13981,-13612,-13243,-12874,-12505,-12136,-11767,-11398,-11029,-10660,-10291,-9922,-9553,-9184,-8815,-8446,-8077,-7708,-7339,-6970,-6601,-6232,-5863,-5494,-5125,-4756,-4387,-4018,-3649,-3280,-2911,-2542,-2173,-1804,-1435,-1066,-697,-328
42,411,780,1149,1518,1887,2256,2625,2994,3363,3732,4101,4470,4839,5208,5577,5946,6315,6684,7053,7422,7791,8160,8529,8898,9267,9636,10005,10374,10743,11112,11481,11850,12219,12588,12957,13326,13695,14064,14433,14802,15171,15540,15909,16278,16647,17016,17385,17754,18123,18492,18861,19230,19599,19968,20337,20706,21075,21444,21813,22182,22551,22920,23289,23658,24027,24396,24765,25134,25503,25872,26241,26610,26979,27348,27717,28086,28455,28824,29193,29562,29931,30300,30669,31038,31407,31776,32145,32514,32883,33252,33621,33990,34359,34728,35097,35466,35835,36204,36573,36942,37311,37680,38049,38418,38787,39156,39525,39894,40263,40632,41001,41370,41739,42108,42477,42846,43215,43584,43953,44322,44691,45060,45429,45798,46167,46536,46905,47274,47643,48012,48381,48750,49119,49488,49857,50226,50595,50964,51333,51702,52071,52440,52809,53178,53547,53916,54285,54654,55023,55392,55761,56130,56499,56868,57237,57606,57975,58344,58713,59082,59451,59820,60189,60558,60927,61296,61665,62034,62403,62772,63141,63510,63879,64248,64617,64986,65355,65724,66093,66462,66831,67200,67569,67938,-67854,-67485,-67116,-66747,-66378,-66009,-65640,-65271,-64902,-64533,-64164,-63795,-63426,-63057,-62688,-62319,-61950,-61581,-61212,-60843,-60474,-60105,-59736,-59367,-58998,-58629,-58260,-57891,-57522,-57153,-56784,-56415,-56046,-55677,-55308,-54939,-54570,-54201,-53832,-53463,-53094,-52725,-52356,-51987,-51618,-51249,-50880,-50511,-50142,-49773,-49404,-49035,-48666,-48297,-47928,-47559,-47190,-46821,-46452,-46083,-45714,-45345,-44976,-44607,-44238,-43869,-43500,-43131,-42762,-42393,-42024,-41655,-41286,-40917,-40548,-40179,-39810,-39441,-39072,-38703,-38334,-37965,-37596,-37227,-36858,-36489,-36120,-35751,-35382,-35013,-34644,-34275,-33906,-33537,-33168,-32799,-32430,-32061,-31692,-31323,-30954,-30585,-30216,-29847,-29478,-29109,-28740,-28371,-28002,-27633,-27264,-26895,-26526,-26157,-25788,-25419,-25050,-24681,-24312,-23943,-23574,-23205,-22836,-22467,-22098,-21729,-21360,-20991,-20622,-20253,-19884,-19515,-19146,-18777,-18408,-18039,-17670,-17301,-16932,-16563,-16194,-15825,-15498,-15456,-15087,-14718,-14349,-13980,-13611,-13242,-12873,-12504,-12135,-11766,-11397,-11028,-10659,-10290,-9921,-9552,-9183,-8814,-8445,-8076,-7707,-7338,-6969,-6600,-6231,-5862,-5493,-5124,-4755,-4386,-4017,-3648,-3279,-2910,-2541,-2172,-1803,-1434,-1065,-696,-327
43,412,781,1150,1519,1888,2257,2626,2995,3364,3733,4102,4471,4840,5209,5578,5947,6316,6685,7054,7423,7792,8161,8530,8899,9268,9637,10006,10375,10744,11113,11482,11851,12220,12589,12958,13327,13696,14065,14434,14803,15172,15541,15910,16279,16648,17017,17386,17755,18124,18493,18862,19231,19600,19969,20338,20707,21076,21445,21814,22183,22552,22921,23290,23659,24028,24397,24766,25135,25504,25873,26242,26611,26980,27349,27718,28087,28456,28825,29194,29563,29932,30301,30670,31039,31408,31777,32146,32515,32884,33253,33622,33991,34360,34729,35098,35467,35836,36205,36574,36943,37312,37681,38050,38419,38788,39157,39526,39895,40264,40633,41002,41371,41740,42109,42478,42847,43216,43585,43954,44323,44692,45061,45430,45799,46168,46537,46906,47275,47644,48013,48382,48751,49120,49489,49858,50227,50596,50965,51334,51703,52072,52441,52810,53179,53548,53917,54286,54655,55024,55393,55762,56131,56500,56869,57238,57607,57976,58345,58714,59083,59452,59821,60190,60559,60928,61297,61666,62035,62404,62773,63142,63511,63880,64249,64618,64987,65356,65725,66094,66463,66832,67201,67570,67939,-67853,-67484,-67115,-66746,-66377,-66008,-65639,-65270,-64901,-64532,-64163,-63794,-63425,-63056,-62687,-62318,-61949,-61580,-61211,-60842,-60473,-60104,-59735,-59366,-58997,-58628,-58259,-57890,-57521,-57152,-56783,-56414,-56045,-55676,-55307,-54938,-54569,-54200,-53831,-53462,-53093,-52724,-52355,-51986,-51617,-51248,-50879,-50510,-50141,-49772,-49403,-49034,-48665,-48296,-47927,-47558,-47189,-46820,-46451,-46082,-45713,-45344,-44975,-44606,-44237,-43868,-43499,-43130,-42761,-42392,-42023,-41654,-41285,-40916,-40547,-40178,-39809,-39440,-39071,-38702,-38333,-37964,-37595,-37226,-36857,-36488,-36119,-35750,-35381,-35012,-34643,-34274,-33905,-33536,-33167,-32798,-32429,-32060,-31691,-31322,-30953,-30584,-30215,-29846,-29477,-29108,-28739,-28370,-28001,-27632,-27263,-26894,-26525,-26156,-25787,-25418,-25049,-24680,-24311,-23942,-23573,-23204,-22835,-22466,-22097,-21728,-21359,-20990,-20621,-20252,-19883,-19514,-19145,-18776,-18407,-18038,-17669,-17300,-16931,-16562,-16193,-15867,-15824,-15455,-15086,-14717,-14348,-13979,-13610,-13241,-12872,-12503,-12134,-11765,-11396,-11027,-10658,-10289,-9920,-9551,-9182,-8813,-8444,-8075,-7706,-7337,-6968,-6599,-6230,-5861,-5492,-5123,-4754,-4385,-4016,-3647,-3278,-2909,-2540,-2171,-1802,-1433,-1064,-695,-326
44,413,782,1151,1520,1889,2258,2627,2996,3365,3734,4103,4472,4841,5210,5579,5948,6317,6686,7055,7424,7793,8162,8531,8900,9269,9638,10007,10376,10745,11114,11483,11852,12221,12590,12959,13328,13697,14066,14435,14804,15173,15542,15911,16280,16649,17018,17387,17756,18125,18494,18863,19232,19601,19970,20339,20708,21077,21446,21815,22184,22553,22922,23291,23660,24029,24398,24767,25136,25505,25874,26243,26612,26981,27350,27719,28088,28457,28826,29195,29564,29933,30302,30671,31040,31409,31778,32147,32516,32885,33254,33623,33992,34361,34730,35099,35468,35837,36206,36575,36944,37313,37682,38051,38420,38789,39158,39527,39896,40265,40634,41003,41372,41741,42110,42479,42848,43217,43586,43955,44324,44693,45062,45431,45800,46169,46538,46907,47276,47645,48014,48383,48752,49121,49490,49859,50228,50597,50966,51335,51704,52073,52442,52811,53180,53549,53918,54287,54656,55025,55394,55763,56132,56501,56870,57239,57608,57977,58346,58715,59084,59453,59822,60191,60560,60929,61298,61667,62036,62405,62774,63143,63512,63881,64250,64619,64988,65357,65726,66095,66464,66833,67202,67571,67940,-67852,-67483,-67114,-66745,-66376,-66007,-65638,-65269,-64900,-64531,-64162,-63793,-63424,-63055,-62686,-62317,-61948,-61579,-61210,-60841,-60472,-60103,-59734,-59365,-58996,-58627,-58258,-57889,-57520,-57151,-56782,-56413,-56044,-55675,-55306,-54937,-54568,-54199,-53830,-53461,-53092,-52723,-52354,-51985,-51616,-51247,-50878,-50509,-50140,-49771,-49402,-49033,-48664,-48295,-47926,-47557,-47188,-46819,-46450,-46081,-45712,-45343,-44974,-44605,-44236,-43867,-43498,-43129,-42760,-42391,-42022,-41653,-41284,-40915,-40546,-40177,-39808,-39439,-39070,-38701,-38332,-37963,-37594,-37225,-36856,-36487,-36118,-35749,-35380,-35011,-34642,-34273,-33904,-33535,-33166,-32797,-32428,-32059,-31690,-31321,-30952,-30583,-30214,-29845,-29476,-29107,-28738,-28369,-28000,-27631,-27262,-26893,-26524,-26155,-25786,-25417,-25048,-24679,-24310,-23941,-23572,-23203,-22834,-22465,-22096,-21727,-21358,-20989,-20620,-20251,-19882,-19513,-19144,-18775,-18406,-18037,-17668,-17299,-16930,-16561,-16236,-16192,-15823,-15454,-15085,-14716,-14347,-13978,-13609,-13240,-12871,-12502,-12133,-11764,-11395,-11026,-10657,-10288,-9919,-9550,-9181,-8812,-8443,-8074,-7705,-7336,-6967,-6598,-6229,-5860,-5491,-5122,-4753,-4384,-4015,-3646,-3277,-2908,-2539,-2170,-1801,-1432,-1063,-694,-325
45,414,783,1152,1521,1890,2259,2628,2997,3366,3735,4104,4473,4842,5211,5580,5949,6318,6687,7056,7425,7794,8163,8532,8901,9270,9639,10008,10377,10746,11115,11484,11853,12222,12591,12960,13329,13698,14067,14436,14805,15174,15543,15912,16281,16650,17019,17388,17757,18126,18495,18864,19233,19602,19971,20340,20709,21078,21447,21816,22185,22554,22923,23292,23661,24030,24399,24768,25137,25506,25875,26244,26613,26982,27351,27720,28089,28458,28827,29196,29565,29934,30303,30672,31041,31410,31779,32148,32517,32886,33255,33624,33993,34362,34731,35100,35469,35838,36207,36576,36945,37314,37683,38052,38421,38790,39159,39528,39897,40266,40635,41004,41373,41742,42111,42480,42849,43218,43587,43956,44325,44694,45063,45432,45801,46170,46539,46908,47277,47646,48015,48384,48753,49122,49491,49860,50229,50598,50967,51336,51705,52074,52443,52812,53181,53550,53919,54288,54657,55026,55395,55764,56133,56502,56871,57240,57609,57978,58347,58716,59085,59454,59823,60192,60561,60930,61299,61668,62037,62406,62775,63144,63513,63882,64251,64620,64989,65358,65727,66096,66465,66834,67203,67572,67941,-67851,-67482,-67113,-66744,-66375,-66006,-65637,-65268,-64899,-64530,-64161,-63792,-63423,-63054,-62685,-62316,-61947,-61578,-61209,-60840,-60471,-60102,-59733,-59364,-58995,-58626,-58257,-57888,-57519,-57150,-56781,-56412,-56043,-55674,-55305,-54936,-54567,-54198,-53829,-53460,-53091,-52722,-52353,-51984,-51615,-51246,-50877,-50508,-50139,-49770,-49401,-49032,-48663,-48294,-47925,-47556,-47187,-46818,-46449,-46080,-45711,-45342,-44973,-44604,-44235,-43866,-43497,-43128,-42759,-42390,-42021,-41652,-41283,-40914,-40545,-40176,-39807,-39438,-39069,-38700,-38331,-37962,-37593,-37224,-36855,-36486,-36117,-35748,-35379,-35010,-34641,-34272,-33903,-33534,-33165,-32796,-32427,-32058,-31689,-31320,-30951,-30582,-30213,-29844,-29475,-29106,-28737,-28368,-27999,-27630,-27261,-26892,-26523,-26154,-25785,-25416,-25047,-24678,-24309,-23940,-23571,-23202,-22833,-22464,-22095,-21726,-21357,-20988,-20619,-20250,-19881,-19512,-19143,-18774,-18405,-18036,-17667,-17298,-16929,-16605,-16560,-16191,-15822,-15453,-15084,-14715,-14346,-13977,-13608,-13239,-12870,-12501,-12132,-11763,-11394,-11025,-10656,-10287,-9918,-9549,-9180,-8811,-8442,-8073,-7704,-7335,-6966,-6597,-6228,-5859,-5490,-5121,-4752,-4383,-4014,-3645,-3276,-2907,-2538,-2169,-1800,-1431,-1062,-693,-324
46,415,784,1153,1522,1891,2260,2629,2998,3367,3736,4105,4474,4843,5212,5581,5950,6319,6688,7057,7426,7795,8164,8533,8902,9271,9640,10009,10378,10747,11116,11485,11854,12223,12592,12961,13330,13699,14068,14437,14806,15175,15544,15913,16282,16651,17020,17389,17758,18127,18496,18865,19234,19603,19972,20341,20710,21079,21448,21817,22186,22555,22924,23293,23662,24031,24400,24769,25138,25507,25876,26245,26614,26983,27352,27721,28090,28459,28828,29197,29566,29935,30304,30673,31042,31411,31780,32149,32518,32887,33256,33625,33994,34363,34732,35101,35470,35839,36208,36577,36946,37315,37684,38053,38422,38791,39160,39529,39898,40267,40636,41005,41374,41743,42112,42481,42850,43219,43588,43957,44326,44695,45064,45433,45802,46171,46540,46909,47278,47647,48016,48385,48754,49123,49492,49861,50230,50599,50968,51337,51706,52075,52444,52813,53182,53551,53920,54289,54658,55027,55396,55765,56134,56503,56872,57241,57610,57979,58348,58717,59086,59455,59824,60193,60562,60931,61300,61669,62038,62407,62776,63145,63514,63883,64252,64621,64990,65359,65728,66097,66466,66835,67204,67573,67942,-67850,-67481,-67112,-66743,-66374,-66005,-65636,-65267,-64898,-64529,-64160,-63791,-63422,-63053,-62684,-62315,-61946,-61577,-61208,-60839,-60470,-60101,-59732,-59363,-58994,-58625,-58256,-57887,-57518,-57149,-56780,-56411,-56042,-55673,-55304,-54935,-54566,-54197,-53828,-53459,-53090,-52721,-52352,-51983,-51614,-51245,-50876,-50507,-50138,-49769,-49400,-49031,-48662,-48293,-47924,-47555,-47186,-46817,-46448,-46079,-45710,-45341,-44972,-44603,-44234,-43865,-43496,-43127,-42758,-42389,-42020,-41651,-41282,-40913,-40544,-40175,-39806,-39437,-39068,-38699,-38330,-37961,-37592,-37223,-36854,-36485,-36116,-35747,-35378,-35009,-34640,-34271,-33902,-33533,-33164,-32795,-32426,-32057,-31688,-31319,-30950,-30581,-30212,-29843,-29474,-29105,-28736,-28367,-27998,-27629,-27260,-26891,-26522,-26153,-25784,-25415,-25046,-24677,-24308,-23939,-23570,-23201,-22832,-22463,-22094,-21725,-21356,-20987,-20618,-20249,-19880,-19511,-19142,-18773,-18404,-18035,-17666,-17297,-16974,-16928,-16559,-16190,-15821,-15452,-15083,-14714,-14345,-13976,-13607,-13238,-12869,-12500,-12131,-11762,-11393,-11024,-10655,-10286,-9917,-9548,-9179,-8810,-8441,-8072,-7703,-7334,-6965,-6596,-6227,-5858,-5489,-5120,-4751,-4382,-4013,-3644,-3275,-2906,-2537,-2168,-1799,-1430,-1061,-692,-323
47,416,785,1154,1523,1892,2261,2630,2999,3368,3737,4106,4475,4844,5213,5582,5951,6320,6689,7058,7427,7796,8165,8534,8903,9272,9641,10010,10379,10748,11117,11486,11855,12224,12593,12962,13331,13700,14069,14438,14807,15176,15545,15914,16283,16652,17021,17390,17759,18128,18497,18866,19235,19604,19973,20342,20711,21080,21449,21818,22187,22556,22925,23294,23663,24032,24401,24770,25139,25508,25877,26246,26615,26984,27353,27722,28091,28460,28829,29198,29567,29936,30305,30674,31043,31412,31781,32150,32519,32888,33257,33626,33995,34364,34733,35102,35471,35840,36209,36578,36947,37316,37685,38054,38423,38792,39161,39530,39899,40268,40637,41006,41375,41744,42113,42482,42851,43220,43589,43958,44327,44696,45065,45434,45803,46172,46541,46910,47279,47648,48017,48386,48755,49124,49493,49862,50231,50600,50969,51338,51707,52076,52445,52814,53183,53552,53921,54290,54659,55028,55397,55766,56135,56504,56873,57242,57611,57980,58349,58718,59087,59456,59825,60194,60563,60932,61301,61670,62039,62408,62777,63146,63515,63884,64253,64622,64991,65360,65729,66098,66467,66836,67205,67574,67943,-67849,-67480,-67111,-66742,-66373,-66004,-65635,-65266,-64897,-64528,-64159,-63790,-63421,-63052,-62683,-62314,-61945,-61576,-61207,-60838,-60469,-60100,-59731,-59362,-58993,-58624,-58255,-57886,-57517,-57148,-56779,-56410,-56041,-55672,-55303,-54934,-54565,-54196,-53827,-53458,-53089,-52720,-52351,-51982,-51613,-51244,-50875,-50506,-50137,-49768,-49399,-49030,-48661,-48292,-47923,-47554,-47185,-46816,-46447,-46078,-45709,-45340,-44971,-44602,-44233,-43864,-43495,-43126,-42757,-42388,-42019,-41650,-41281,-40912,-40543,-40174,-39805,-39436,-39067,-38698,-38329,-37960,-37591,-37222,-36853,-36484,-36115,-35746,-35377,-35008,-34639,-34270,-33901,-33532,-33163,-32794,-32425,-32056,-31687,-31318,-30949,-30580,-30211,-29842,-29473,-29104,-28735,-28366,-27997,-27628,-27259,-26890,-26521,-26152,-25783,-25414,-25045,-24676,-24307,-23938,-23569,-23200,-22831,-22462,-22093,-21724,-21355,-20986,-20617,-20248,-19879,-19510,-19141,-18772,-18403,-18034,-17665,-17343,-17296,-16927,-16558,-16189,-15820,-15451,-15082,-14713,-14344,-13975,-13606,-13237,-12868,-12499,-12130,-11761,-11392,-11023,-10654,-10285,-9916,-9547,-9178,-8809,-8440,-8071,-7702,-7333,-6964,-6595,-6226,-5857,-5488,-5119,-4750,-4381,-4012,-3643,-3274,-2905,-2536,-2167,-1798,-1429,-1060,-691,-322
48,417,786,1155,1524,1893,2262,2631,3000,3369,3738,4107,4476,4845,5214,5583,5952,6321,6690,7059,7428,7797,8166,8535,8904,9273,9642,10011,10380,10749,11118,11487,11856,12225,12594,12963,13332,13701,14070,14439,14808,15177,15546,15915,16284,16653,17022,17391,17760,18129,18498,18867,19236,19605,19974,20343,20712,21081,21450,21819,22188,22557,22926,23295,23664,24033,24402,24771,25140,25509,25878,26247,26616,26985,27354,27723,28092,28461,28830,29199,29568,29937,30306,30675,31044,31413,31782,32151,32520,32889,33258,33627,33996,34365,34734,35103,35472,35841,36210,36579,36948,37317,37686,38055,38424,38793,39162,39531,39900,40269,40638,41007,41376,41745,42114,42483,42852,43221,43590,43959,44328,44697,45066,45435,45804,46173,46542,46911,47280,47649,48018,48387,48756,49125,49494,49863,50232,50601,50970,51339,51708,52077,52446,52815,53184,53553,53922,54291,54660,55029,55398,55767,56136,56505,56874,57243,57612,57981,58350,58719,59088,59457,59826,60195,60564,60933,61302,61671,62040,62409,62778,63147,63516,63885,64254,64623,64992,65361,65730,66099,66468,66837,67206,67575,67944,-67848,-67479,-67110,-66741,-66372,-66003,-65634,-65265,-64896,-64527,-64158,-63789,-63420,-63051,-62682,-62313,-61944,-61575,-61206,-60837,-60468,-60099,-59730,-59361,-58992,-58623,-58254,-57885,-57516,-57147,-56778,-56409,-56040,-55671,-55302,-54933,-54564,-54195,-53826,-53457,-53088,-52719,-52350,-51981,-51612,-51243,-50874,-50505,-50136,-49767,-49398,-49029,-48660,-48291,-47922,-47553,-47184,-46815,-46446,-46077,-45708,-45339,-44970,-44601,-44232,-43863,-43494,-43125,-42756,-42387,-42018,-41649,-41280,-40911,-40542,-40173,-39804,-39435,-39066,-38697,-38328,-37959,-37590,-37221,-36852,-36483,-36114,-35745,-35376,-35007,-34638,-34269,-33900,-33531,-33162,-32793,-32424,-32055,-31686,-31317,-30948,-30579,-30210,-29841,-29472,-29103,-28734,-28365,-27996,-27627,-27258,-26889,-26520,-26151,-25782,-25413,-25044,-24675,-24306,-23937,-23568,-23199,-22830,-22461,-22092,-21723,-21354,-20985,-20616,-20247,-19878,-19509,-19140,-18771,-18402,-18033,-17712,-17664,-17295,-16926,-16557,-16188,-15819,-15450,-15081,-14712,-14343,-13974,-13605,-13236,-12867,-12498,-12129,-11760,-11391,-11022,-10653,-10284,-9915,-9546,-9177,-8808,-8439,-8070,-7701,-7332,-6963,-6594,-6225,-5856,-5487,-5118,-4749,-4380,-4011,-3642,-3273,-2904,-2535,-2166,-1797,-1428,-1059,-690,-321
49,418,787,1156,1525,1894,2263,2632,3001,3370,3739,4108,4477,4846,5215,5584,5953,6322,6691,7060,7429,7798,8167,8536,8905,9274,9643,10012,10381,10750,11119,11488,11857,12226,12595,12964,13333,13702,14071,14440,14809,15178,15547,15916,16285,16654,17023,17392,17761,18130,18499,18868,19237,19606,19975,20344,20713,21082,21451,21820,22189,22558,22927,23296,23665,24034,24403,24772,25141,25510,25879,26248,26617,26986,27355,27724,28093,28462,28831,29200,29569,29938,30307,30676,31045,31414,31783,32152,32521,32890,33259,33628,33997,34366,34735,35104,35473,35842,36211,36580,36949,37318,37687,38056,38425,38794,39163,39532,39901,40270,40639,41008,41377,41746,42115,42484,42853,43222,43591,43960,44329,44698,45067,45436,45805,46174,46543,46912,47281,47650,48019,48388,48757,49126,49495,49864,50233,50602,50971,51340,51709,52078,52447,52816,53185,53554,53923,54292,54661,55030,55399,55768,56137,56506,56875,57244,57613,57982,58351,58720,59089,59458,59827,60196,60565,60934,61303,61672,62041,62410,62779,63148,63517,63886,64255,64624,64993,65362,65731,66100,66469,66838,67207,67576,67945,-67847,-67478,-67109,-66740,-66371,-66002,-65633,-65264,-64895,-64526,-64157,-63788,-63419,-63050,-62681,-62312,-61943,-61574,-61205,-60836,-60467,-60098,-59729,-59360,-58991,-58622,-58253,-57884,-57515,-57146,-56777,-56408,-56039,-55670,-55301,-54932,-54563,-54194,-53825,-53456,-53087,-52718,-52349,-51980,-51611,-51242,-50873,-50504,-50135,-49766,-49397,-49028,-48659,-48290,-47921,-47552,-47183,-46814,-46445,-46076,-45707,-45338,-44969,-44600,-44231,-43862,-43493,-43124,-42755,-42386,-42017,-41648,-41279,-40910,-40541,-40172,-39803,-39434,-39065,-38696,-38327,-37958,-37589,-37220,-36851,-36482,-36113,-35744,-35375,-35006,-34637,-34268,-33899,-33530,-33161,-32792,-32423,-32054,-31685,-31316,-30947,-30578,-30209,-29840,-29471,-29102,-28733,-28364,-27995,-27626,-27257,-26888,-26519,-26150,-25781,-25412,-25043,-24674,-24305,-23936,-23567,-23198,-22829,-22460,-22091,-21722,-21353,-20984,-20615,-20246,-19877,-19508,-19139,-18770,-18401,-18081,-18032,-17663,-17294,-16925,-16556,-16187,-15818,-15449,-15080,-14711,-14342,-13973,-13604,-13235,-12866,-12497,-12128,-11759,-11390,-11021,-10652,-10283,-9914,-9545,-9176,-8807,-8438,-8069,-7700,-7331,-6962,-6593,-6224,-5855,-5486,-5117,-4748,-4379,-4010,-3641,-3272,-2903,-2534,-2165,-1796,-1427,-1058,-689,-320
50,419,788,1157,1526,1895,2264,2633,3002,3371,3740,4109,4478,4847,5216,5585,5954,6323,6692,7061,7430,7799,8168,8537,8906,9275,9644,10013,10382,10751,11120,11489,11858,12227,12596,12965,13334,13703,14072,14441,14810,15179,15548,15917,16286,16655,17024,17393,17762,18131,18500,18869,19238,19607,19976,20345,20714,21083,21452,21821,22190,22559,22928,23297,23666,24035,24404,24773,25142,25511,25880,26249,26618,26987,27356,27725,28094,28463,28832,29201,29570,29939,30308,30677,31046,31415,31784,32153,32522,32891,33260,33629,33998,34367,34736,35105,35474,35843,36212,36581,36950,37319,37688,38057,38426,38795,39164,39533,39902,40271,40640,41009,41378,41747,42116,42485,42854,43223,43592,43961,44330,44699,45068,45437,45806,46175,46544,46913,47282,47651,48020,48389,48758,49127,49496,49865,50234,50603,50972,51341,51710,52079,52448,52817,53186,53555,53924,54293,54662,55031,55400,55769,56138,56507,56876,57245,57614,57983,58352,58721,59090,59459,59828,60197,60566,60935,61304,61673,62042,62411,62780,63149,63518,63887,64256,64625,64994,65363,65732,66101,66470,66839,67208,67577,67946,-67846,-67477,-67108,-66739,-66370,-66001,-65632,-65263,-64894,-64525,-64156,-63787,-63418,-63049,-62680,-62311,-61942,-61573,-61204,-60835,-60466,-60097,-59728,-59359,-58990,-58621,-58252,-57883,-57514,-57145,-56776,-56407,-56038,-55669,-55300,-54931,-54562,-54193,-53824,-53455,-53086,-52717,-52348,-51979,-51610,-51241,-50872,-50503,-50134,-49765,-49396,-49027,-48658,-48289,-47920,-47551,-47182,-46813,-46444,-46075,-45706,-45337,-44968,-44599,-44230,-43861,-43492,-43123,-42754,-42385,-42016,-41647,-41278,-40909,-40540,-40171,-39802,-39433,-39064,-38695,-38326,-37957,-37588,-37219,-36850,-36481,-36112,-35743,-35374,-35005,-34636,-34267,-33898,-33529,-33160,-32791,-32422,-32053,-31684,-31315,-30946,-30577,-30208,-29839,-29470,-29101,-28732,-28363,-27994,-27625,-27256,-26887,-26518,-26149,-25780,-25411,-25042,-24673,-24304,-23935,-23566,-23197,-22828,-22459,-22090,-21721,-21352,-20983,-20614,-20245,-19876,-19507,-19138,-18769,-18450,-18400,-18031,-17662,-17293,-16924,-16555,-16186,-15817,-15448,-15079,-14710,-14341,-13972,-13603,-13234,-12865,-12496,-12127,-11758,-11389,-11020,-10651,-10282,-9913,-9544,-9175,-8806,-8437,-8068,-7699,-7330,-6961,-6592,-6223,-5854,-5485,-5116,-4747,-4378,-4009,-3640,-3271,-2902,-2533,-2164,-1795,-1426,-1057,-688,-319
51,420,789,1158,1527,1896,2265,2634,3003,3372,3741,4110,4479,4848,5217,5586,5955,6324,6693,7062,7431,7800,8169,8538,8907,9276,9645,10014,10383,10752,11121,11490,11859,12228,12597,12966,13335,13704,14073,14442,14811,15180,15549,15918,16287,16656,17025,17394,17763,18132,18501,18870,19239,19608,19977,20346,20715,21084,21453,21822,22191,22560,22929,23298,23667,24036,24405,24774,25143,25512,25881,26250,26619,26988,27357,27726,28095,28464,28833,29202,29571,29940,30309,30678,31047,31416,31785,32154,32523,32892,33261,33630,33999,34368,34737,35106,35475,35844,36213,36582,36951,37320,37689,38058,38427,38796,39165,39534,39903,40272,40641,41010,41379,41748,42117,42486,42855,43224,43593,43962,44331,44700,45069,45438,45807,46176,46545,46914,47283,47652,48021,48390,48759,49128,49497,49866,50235,50604,50973,51342,51711,52080,52449,52818,53187,53556,53925,54294,54663,55032,55401,55770,56139,56508,56877,57246,57615,57984,58353,58722,59091,59460,59829,60198,60567,60936,61305,61674,62043,62412,62781,63150,63519,63888,64257,64626,64995,65364,65733,66102,66471,66840,67209,67578,67947,-67845,-67476,-67107,-66738,-66369,-66000,-65631,-65262,-64893,-64524,-64155,-63786,-63417,-63048,-62679,-62310,-61941,-61572,-61203,-60834,-60465,-60096,-59727,-59358,-58989,-58620,-58251,-57882,-57513,-57144,-56775,-56406,-56037,-55668,-55299,-54930,-54561,-54192,-53823,-53454,-53085,-52716,-52347,-51978,-51609,-51240,-50871,-50502,-50133,-49764,-49395,-49026,-48657,-48288,-47919,-47550,-47181,-46812,-46443,-46074,-45705,-45336,-44967,-44598,-44229,-43860,-43491,-43122,-42753,-42384,-42015,-41646,-41277,-40908,-40539,-40170,-39801,-39432,-39063,-38694,-38325,-37956,-37587,-37218,-36849,-36480,-36111,-35742,-35373,-35004,-34635,-34266,-33897,-33528,-33159,-32790,-32421,-32052,-31683,-31314,-30945,-30576,-30207,-29838,-29469,-29100,-28731,-28362,-27993,-27624,-27255,-26886,-26517,-26148,-25779,-25410,-25041,-24672,-24303,-23934,-23565,-23196,-22827,-22458,-22089,-21720,-21351,-20982,-20613,-20244,-19875,-19506,-19137,-18819,-18768,-18399,-18030,-17661,-17292,-16923,-16554,-16185,-15816,-15447,-15078,-14709,-14340,-13971,-13602,-13233,-12864,-12495,-12126,-11757,-11388,-11019,-10650,-10281,-9912,-9543,-9174,-8805,-8436,-8067,-7698,-7329,-6960,-6591,-6222,-5853,-5484,-5115,-4746,-4377,-4008,-3639,-3270,-2901,-2532,-2163,-1794,-1425,-1056,-687,-318
52,421,790,1159,1528,1897,2266,2635,3004,3373,3742,4111,4480,4849,5218,5587,5956,6325,6694,7063,7432,7801,8170,8539,8908,9277,9646,10015,10384,10753,11122,11491,11860,12229,12598,12967,13336,13705,14074,14443,14812,15181,15550,15919,16288,16657,17026,17395,17764,18133,18502,18871,19240,19609,19978,20347,20716,21085,21454,21823,22192,22561,22930,23299,23668,24037,24406,24775,25144,25513,25882,26251,26620,26989,27358,27727,28096,28465,28834,29203,29572,29941,30310,30679,31048,31417,31786,32155,32524,32893,33262,33631,34000,34369,34738,35107,35476,35845,36214,36583,36952,37321,37690,38059,38428,38797,39166,39535,39904,40273,40642,41011,41380,41749,42118,42487,42856,43225,43594,43963,44332,44701,45070,45439,45808,46177,46546,46915,47284,47653,48022,48391,48760,49129,49498,49867,50236,50605,50974,51343,51712,52081,52450,52819,53188,53557,53926,54295,54664,55033,55402,55771,56140,56509,56878,57247,57616,57985,58354,58723,59092,59461,59830,60199,60568,60937,61306,61675,62044,62413,62782,63151,63520,63889,64258,64627,64996,65365,65734,66103,66472,66841,67210,67579,67948,-67844,-67475,-67106,-66737,-66368,-65999,-65630,-65261,-64892,-64523,-64154,-63785,-63416,-63047,-62678,-62309,-61940,-61571,-61202,-60833,-60464,-60095,-59726,-59357,-58988,-58619,-58250,-57881,-57512,-57143,-56774,-56405,-56036,-55667,-55298,-54929,-54560,-54191,-53822,-53453,-53084,-52715,-52346,-51977,-51608,-51239,-50870,-50501,-50132,-49763,-49394,-49025,-48656,-48287,-47918,-47549,-47180,-46811,-46442,-46073,-45704,-45335,-44966,-44597,-44228,-43859,-43490,-43121,-42752,-42383,-42014,-41645,-41276,-40907,-40538,-40169,-39800,-39431,-39062,-38693,-38324,-37955,-37586,-37217,-36848,-36479,-36110,-35741,-35372,-35003,-34634,-34265,-33896,-33527,-33158,-32789,-32420,-32051,-31682,-31313,-30944,-30575,-30206,-29837,-29468,-29099,-28730,-28361,-27992,-27623,-27254,-26885,-26516,-26147,-25778,-25409,-25040,-24671,-24302,-23933,-23564,-23195,-22826,-22457,-22088,-21719,-21350,-20981,-20612,-20243,-19874,-19505,-19188,-19136,-18767,-18398,-18029,-17660,-17291,-16922,-16553,-16184,-15815,-15446,-15077,-14708,-14339,-13970,-13601,-13232,-12863,-12494,-12125,-11756,-11387,-11018,-10649,-10280,-9911,-9542,-9173,-8804,-8435,-8066,-7697,-7328,-6959,-6590,-6221,-5852,-5483,-5114,-4745,-4376,-4007,-3638,-3269,-2900,-2531,-2162,-1793,-1424,-1055,-686,-317
53,422,791,1160,1529,1898,2267,2636,3005,3374,3743,4112,4481,4850,5219,5588,5957,6326,6695,7064,7433,7802,8171,8540,8909,9278,9647,10016,10385,10754,11123,11492,11861,12230,12599,12968,13337,13706,14075,14444,14813,15182,15551,15920,16289,16658,17027,17396,17765,18134,18503,18872,19241,19610,19979,20348,20717,21086,21455,21824,22193,22562,22931,23300,23669,24038,24407,24776,25145,25514,25883,26252,26621,26990,27359,27728,28097,28466,28835,29204,29573,29942,30311,30680,31049,31418,31787,32156,32525,32894,33263,33632,34001,34370,34739,35108,35477,35846,36215,36584,36953,37322,37691,38060,38429,38798,39167,39536,39905,40274,40643,41012,41381,41750,42119,42488,42857,43226,43595,43964,44333,44702,45071,45440,45809,46178,46547,46916,47285,47654,48023,48392,48761,49130,49499,49868,50237,50606,50975,51344,51713,52082,52451,52820,53189,53558,53927,54296,54665,55034,55403,55772,56141,56510,56879,57248,57617,57986,58355,58724,59093,59462,59831,60200,60569,60938,61307,61676,62045,62414,62783,63152,63521,63890,64259,64628,64997,65366,65735,66104,66473,66842,67211,67580,67949,-67843,-67474,-67105,-66736,-66367,-65998,-65629,-65260,-64891,-64522,-64153,-63784,-63415,-63046,-62677,-62308,-61939,-61570,-61201,-60832,-60463,-60094,-59725,-59356,-58987,-58618,-58249,-57880,-57511,-57142,-56773,-56404,-56035,-55666,-55297,-54928,-54559,-54190,-53821,-53452,-53083,-52714,-52345,-51976,-51607,-51238,-50869,-50500,-50131,-49762,-49393,-49024,-48655,-48286,-47917,-47548,-47179,-46810,-46441,-46072,-45703,-45334,-44965,-44596,-44227,-43858,-43489,-43120,-42751,-42382,-42013,-41644,-41275,-40906,-40537,-40168,-39799,-39430,-39061,-38692,-38323,-37954,-37585,-37216,-36847,-36478,-36109,-35740,-35371,-35002,-34633,-34264,-33895,-33526,-33157,-32788,-32419,-32050,-31681,-31312,-30943,-30574,-30205,-29836,-29467,-29098,-28729,-28360,-27991,-27622,-27253,-26884,-26515,-26146,-25777,-25408,-25039,-24670,-24301,-23932,-23563,-23194,-22825,-22456,-22087,-21718,-21349,-20980,-20611,-20242,-19873,-19557,-19504,-19135,-18766,-18397,-18028,-17659,-17290,-16921,-16552,-16183,-15814,-15445,-15076,-14707,-14338,-13969,-13600,-13231,-12862,-12493,-12124,-11755,-11386,-11017,-10648,-10279,-9910,-9541,-9172,-8803,-8434,-8065,-7696,-7327,-6958,-6589,-6220,-5851,-5482,-5113,-4744,-4375,-4006,-3637,-3268,-2899,-2530,-2161,-1792,-1423,-1054,-685,-316
54,423,792,1161,1530,1899,2268,2637,3006,3375,3744,4113,4482,4851,5220,5589,5958,6327,6696,7065,7434,7803,8172,8541,8910,9279,9648,10017,10386,10755,11124,11493,11862,12231,12600,12969,13338,13707,14076,14445,14814,15183,15552,15921,16290,16659,17028,17397,17766,18135,18504,18873,19242,19611,19980,20349,20718,21087,21456,21825,22194,22563,22932,23301,23670,24039,24408,24777,25146,25515,25884,26253,26622,26991,27360,27729,28098,28467,28836,29205,29574,29943,30312,30681,31050,31419,31788,32157,32526,32895,33264,33633,34002,34371,34740,35109,35478,35847,36216,36585,36954,37323,37692,38061,38430,38799,39168,39537,39906,40275,40644,41013,41382,41751,42120,42489,42858,43227,43596,43965,44334,44703,45072,45441,45810,46179,46548,46917,47286,47655,48024,48393,48762,49131,49500,49869,50238,50607,50976,51345,51714,52083,52452,52821,53190,53559,53928,54297,54666,55035,55404,55773,56142,56511,56880,57249,57618,57987,58356,58725,59094,59463,59832,60201,60570,60939,61308,61677,62046,62415,62784,63153,63522,63891,64260,64629,64998,65367,65736,66105,66474,66843,67212,67581,67950,-67842,-67473,-67104,-66735,-66366,-65997,-65628,-65259,-64890,-64521,-64152,-63783,-63414,-63045,-62676,-62307,-61938,-61569,-61200,-60831,-60462,-60093,-59724,-59355,-58986,-58617,-58248,-57879,-57510,-57141,-56772,-56403,-56034,-55665,-55296,-54927,-54558,-54189,-53820,-53451,-53082,-52713,-52344,-51975,-51606,-51237,-50868,-50499,-50130,-49761,-49392,-49023,-48654,-48285,-47916,-47547,-47178,-46809,-46440,-46071,-45702,-45333,-44964,-44595,-44226,-43857,-43488,-43119,-42750,-42381,-42012,-41643,-41274,-40905,-40536,-40167,-39798,-39429,-39060,-38691,-38322,-37953,-37584,-37215,-36846,-36477,-36108,-35739,-35370,-35001,-34632,-34263,-33894,-33525,-33156,-32787,-32418,-32049,-31680,-31311,-30942,-30573,-30204,-29835,-29466,-29097,-28728,-28359,-27990,-27621,-27252,-26883,-26514,-26145,-25776,-25407,-25038,-24669,-24300,-23931,-23562,-23193,-22824,-22455,-22086,-21717,-21348,-20979,-20610,-20241,-19926,-19872,-19503,-19134,-18765,-18396,-18027,-17658,-17289,-16920,-16551,-16182,-15813,-15444,-15075,-14706,-14337,-13968,-13599,-13230,-12861,-12492,-12123,-11754,-11385,-11016,-10647,-10278,-9909,-9540,-9171,-8802,-8433,-8064,-7695,-7326,-6957,-6588,-6219,-5850,-5481,-5112,-4743,-4374,-4005,-3636,-3267,-2898,-2529,-2160,-1791,-1422,-1053,-684,-315
55,424,793,1162,1531,1900,2269,2638,3007,3376,3745,4114,4483,4852,5221,5590,5959,6328,6697,7066,7435,7804,8173,8542,8911,9280,9649,10018,10387,10756,11125,11494,11863,12232,12601,12970,13339,13708,14077,14446,14815,15184,15553,15922,16291,16660,17029,17398,17767,18136,18505,18874,19243,19612,19981,20350,20719,21088,21457,21826,22195,22564,22933,23302,23671,24040,24409,24778,25147,25516,25885,26254,26623,26992,27361,27730,28099,28468,28837,29206,29575,29944,30313,30682,31051,31420,31789,32158,32527,32896,33265,33634,34003,34372,34741,35110,35479,35848,36217,36586,36955,37324,37693,38062,38431,38800,39169,39538,39907,40276,40645,41014,41383,41752,42121,42490,42859,43228,43597,43966,44335,44704,45073,45442,45811,46180,46549,46918,47287,47656,48025,48394,48763,49132,49501,49870,50239,50608,50977,51346,51715,52084,52453,52822,53191,53560,53929,54298,54667,55036,55405,55774,56143,56512,56881,57250,57619,57988,58357,58726,59095,59464,59833,60202,60571,60940,61309,61678,62047,62416,62785,63154,63523,63892,64261,64630,64999,65368,65737,66106,66475,66844,67213,67582,67951,-67841,-67472,-67103,-66734,-66365,-65996,-65627,-65258,-64889,-64520,-64151,-63782,-63413,-63044,-62675,-62306,-61937,-61568,-61199,-60830,-60461,-60092,-59723,-59354,-58985,-58616,-58247,-57878,-57509,-57140,-56771,-56402,-56033,-55664,-55295,-54926,-54557,-54188,-53819,-53450,-53081,-52712,-52343,-51974,-51605,-51236,-50867,-50498,-50129,-49760,-49391,-49022,-48653,-48284,-47915,-47546,-47177,-46808,-46439,-46070,-45701,-45332,-44963,-44594,-44225,-43856,-43487,-43118,-42749,-42380,-42011,-41642,-41273,-40904,-40535,-40166,-39797,-39428,-39059,-38690,-38321,-37952,-37583,-37214,-36845,-36476,-36107,-35738,-35369,-35000,-34631,-34262,-33893,-33524,-33155,-32786,-32417,-32048,-31679,-31310,-30941,-30572,-30203,-29834,-29465,-29096,-28727,-28358,-27989,-27620,-27251,-26882,-26513,-26144,-25775,-25406,-25037,-24668,-24299,-23930,-23561,-23192,-22823,-22454,-22085,-21716,-21347,-20978,-20609,-20295,-20240,-19871,-19502,-19133,-18764,-18395,-18026,-17657,-17288,-16919,-16550,-16181,-15812,-15443,-15074,-14705,-14336,-13967,-13598,-13229,-12860,-12491,-12122,-11753,-11384,-11015,-10646,-10277,-9908,-9539,-9170,-8801,-8432,-8063,-7694,-7325,-6956,-6587,-6218,-5849,-5480,-5111,-4742,-4373,-4004,-3635,-3266,-2897,-2528,-2159,-1790,-1421,-1052,-683,-314
56,425,794,1163,1532,1901,2270,2639,3008,3377,3746,4115,4484,4853,5222,5591,5960,6329,6698,7067,7436,7805,8174,8543,8912,9281,9650,10019,10388,10757,11126,11495,11864,12233,12602,12971,13340,13709,14078,14447,14816,15185,15554,15923,16292,16661,17030,17399,17768,18137,18506,18875,19244,19613,19982,20351,20720,21089,21458,21827,22196,22565,22934,23303,23672,24041,24410,24779,25148,25517,25886,26255,26624,26993,27362,27731,28100,28469,28838,29207,29576,29945,30314,30683,31052,31421,31790,32159,32528,32897,33266,33635,34004,34373,34742,35111,35480,35849,36218,36587,36956,37325,37694,38063,38432,38801,39170,39539,39908,40277,40646,41015,41384,41753,42122,42491,42860,43229,43598,43967,44336,44705,45074,45443,45812,46181,46550,46919,47288,47657,48026,48395,48764,49133,49502,49871,50240,50609,50978,51347,51716,52085,52454,52823,53192,53561,53930,54299,54668,55037,55406,55775,56144,56513,56882,57251,57620,57989,58358,58727,59096,59465,59834,60203,60572,60941,61310,61679,62048,62417,62786,63155,63524,63893,64262,64631,65000,65369,65738,66107,66476,66845,67214,67583,67952,-67840,-67471,-67102,-66733,-66364,-65995,-65626,-65257,-64888,-64519,-64150,-63781,-63412,-63043,-62674,-62305,-61936,-61567,-61198,-60829,-60460,-60091,-59722,-59353,-58984,-58615,-58246,-57877,-57508,-57139,-56770,-56401,-56032,-55663,-55294,-54925,-54556,-54187,-53818,-53449,-53080,-52711,-52342,-51973,-51604,-51235,-50866,-50497,-50128,-49759,-49390,-49021,-48652,-48283,-47914,-47545,-47176,-46807,-46438,-46069,-45700,-45331,-44962,-44593,-44224,-43855,-43486,-43117,-42748,-42379,-42010,-41641,-41272,-40903,-40534,-40165,-39796,-39427,-39058,-38689,-38320,-37951,-37582,-37213,-36844,-36475,-36106,-35737,-35368,-34999,-34630,-34261,-33892,-33523,-33154,-32785,-32416,-32047,-31678,-31309,-30940,-30571,-30202,-29833,-29464,-29095,-28726,-28357,-27988,-27619,-27250,-26881,-26512,-26143,-25774,-25405,-25036,-24667,-24298,-23929,-23560,-23191,-22822,-22453,-22084,-21715,-21346,-20977,-20664,-20608,-20239,-19870,-19501,-19132,-18763,-18394,-18025,-17656,-17287,-16918,-16549,-16180,-15811,-15442,-15073,-14704,-14335,-13966,-13597,-13228,-12859,-12490,-12121,-11752,-11383,-11014,-10645,-10276,-9907,-9538,-9169,-8800,-8431,-8062,-7693,-7324,-6955,-6586,-6217,-5848,-5479,-5110,-4741,-4372,-4003,-3634,-3265,-2896,-2527,-2158,-1789,-1420,-1051,-682,-313
57,426,795,1164,1533,1902,2271,2640,3009,3378,3747,4116,4485,4854,5223,5592,5961,6330,6699,7068,7437,7806,8175,8544,8913,9282,9651,10020,10389,10758,11127,11496,11865,12234,12603,12972,13341,13710,14079,14448,14817,15186,15555,15924,16293,16662,17031,17400,17769,18138,18507,18876,19245,19614,19983,20352,20721,21090,21459,21828,22197,22566,22935,23304,23673,24042,24411,24780,25149,25518,25887,26256,26625,26994,27363,27732,28101,28470,28839,29208,29577,29946,30315,30684,31053,31422,31791,32160,32529,32898,33267,33636,34005,34374,34743,35112,35481,35850,36219,36588,36957,37326,37695,38064,38433,38802,39171,39540,39909,40278,40647,41016,41385,41754,42123,42492,42861,43230,43599,43968,44337,44706,45075,45444,45813,46182,46551,46920,47289,47658,48027,48396,48765,49134,49503,49872,50241,50610,50979,51348,51717,52086,52455,52824,53193,53562,53931,54300,54669,55038,55407,55776,56145,56514,56883,57252,57621,57990,58359,58728,59097,59466,59835,60204,60573,60942,61311,61680,62049,62418,62787,63156,63525,63894,64263,64632,65001,65370,65739,66108,66477,66846,67215,67584,67953,-67839,-67470,-67101,-66732,-66363,-65994,-65625,-65256,-64887,-64518,-64149,-63780,-63411,-63042,-62673,-62304,-61935,-61566,-61197,-60828,-60459,-60090,-59721,-59352,-58983,-58614,-58245,-57876,-57507,-57138,-56769,-56400,-56031,-55662,-55293,-54924,-54555,-54186,-53817,-53448,-53079,-52710,-52341,-51972,-51603,-51234,-50865,-50496,-50127,-49758,-49389,-49020,-48651,-48282,-47913,-47544,-47175,-46806,-46437,-46068,-45699,-45330,-44961,-44592,-44223,-43854,-43485,-43116,-42747,-42378,-42009,-41640,-41271,-40902,-40533,-40164,-39795,-39426,-39057,-38688,-38319,-37950,-37581,-37212,-36843,-36474,-36105,-35736,-35367,-34998,-34629,-34260,-33891,-33522,-33153,-32784,-32415,-32046,-31677,-31308,-30939,-30570,-30201,-29832,-29463,-29094,-28725,-28356,-27987,-27618,-27249,-26880,-26511,-26142,-25773,-25404,-25035,-24666,-24297,-23928,-23559,-23190,-22821,-22452,-22083,-21714,-21345,-21033,-20976,-20607,-20238,-19869,-19500,-19131,-18762,-18393,-18024,-17655,-17286,-16917,-16548,-16179,-15810,-15441,-15072,-14703,-14334,-13965,-13596,-13227,-12858,-12489,-12120,-11751,-11382,-11013,-10644,-10275,-9906,-9537,-9168,-8799,-8430,-8061,-7692,-7323,-6954,-6585,-6216,-5847,-5478,-5109,-4740,-4371,-4002,-3633,-3264,-2895,-2526,-2157,-1788,-1419,-1050,-681,-312
58,427,796,1165,1534,1903,2272,2641,3010,3379,3748,4117,4486,4855,5224,5593,5962,6331,6700,7069,7438,7807,8176,8545,8914,9283,9652,10021,10390,10759,11128,11497,11866,12235,12604,12973,13342,13711,14080,14449,14818,15187,15556,15925,16294,16663,17032,17401,17770,18139,18508,18877,19246,19615,19984,20353,20722,21091,21460,21829,22198,22567,22936,23305,23674,24043,24412,24781,25150,25519,25888,26257,26626,26995,27364,27733,28102,28471,28840,29209,29578,29947,30316,30685,31054,31423,31792,32161,32530,32899,33268,33637,34006,34375,34744,35113,35482,35851,36220,36589,36958,37327,37696,38065,38434,38803,39172,39541,39910,40279,40648,41017,41386,41755,42124,42493,42862,43231,43600,43969,44338,44707,45076,45445,45814,46183,46552,46921,47290,47659,48028,48397,48766,49135,49504,49873,50242,50611,50980,51349,51718,52087,52456,52825,53194,53563,53932,54301,54670,55039,55408,55777,56146,56515,56884,57253,57622,57991,58360,58729,59098,59467,59836,60205,60574,60943,61312,61681,62050,62419,62788,63157,63526,63895,64264,64633,65002,65371,65740,66109,66478,66847,67216,67585,67954,-67838,-67469,-67100,-66731,-66362,-65993,-65624,-65255,-64886,-64517,-64148,-63779,-63410,-63041,-62672,-62303,-61934,-61565,-61196,-60827,-60458,-60089,-59720,-59351,-58982,-58613,-58244,-57875,-57506,-57137,-56768,-56399,-56030,-55661,-55292,-54923,-54554,-54185,-53816,-53447,-53078,-52709,-52340,-51971,-51602,-51233,-50864,-50495,-50126,-49757,-49388,-49019,-48650,-48281,-47912,-47543,-47174,-46805,-46436,-46067,-45698,-45329,-44960,-44591,-44222,-43853,-43484,-43115,-42746,-42377,-42008,-41639,-41270,-40901,-40532,-40163,-39794,-39425,-39056,-38687,-38318,-37949,-37580,-37211,-36842,-36473,-36104,-35735,-35366,-34997,-34628,-34259,-33890,-33521,-33152,-32783,-32414,-32045,-31676,-31307,-30938,-30569,-30200,-29831,-29462,-29093,-28724,-28355,-27986,-27617,-27248,-26879,-26510,-26141,-25772,-25403,-25034,-24665,-24296,-23927,-23558,-23189,-22820,-22451,-22082,-21713,-21402,-21344,-20975,-20606,-20237,-19868,-19499,-19130,-18761,-18392,-18023,-17654,-17285,-16916,-16547,-16178,-15809,-15440,-15071,-14702,-14333,-13964,-13595,-13226,-12857,-12488,-12119,-11750,-11381,-11012,-10643,-10274,-9905,-9536,-9167,-8798,-8429,-8060,-7691,-7322,-6953,-6584,-6215,-5846,-5477,-5108,-4739,-4370,-4001,-3632,-3263,-2894,-2525,-2156,-1787,-1418,-1049,-680,-311
59,428,797,1166,1535,1904,2273,2642,3011,3380,3749,4118,4487,4856,5225,5594,5963,6332,6701,7070,7439,7808,8177,8546,8915,9284,9653,10022,10391,10760,11129,11498,11867,12236,12605,12974,13343,13712,14081,14450,14819,15188,15557,15926,16295,16664,17033,17402,17771,18140,18509,18878,19247,19616,19985,20354,20723,21092,21461,21830,22199,22568,22937,23306,23675,24044,24413,24782,25151,25520,25889,26258,26627,26996,27365,27734,28103,28472,28841,29210,29579,29948,30317,30686,31055,31424,31793,32162,32531,32900,33269,33638,34007,34376,34745,35114,35483,35852,36221,36590,36959,37328,37697,38066,38435,38804,39173,39542,39911,40280,40649,41018,41387,41756,42125,42494,42863,43232,43601,43970,44339,44708,45077,45446,45815,46184,46553,46922,47291,47660,48029,48398,48767,49136,49505,49874,50243,50612,50981,51350,51719,52088,52457,52826,53195,53564,53933,54302,54671,55040,55409,55778,56147,56516,56885,57254,57623,57992,58361,58730,59099,59468,59837,60206,60575,60944,61313,61682,62051,62420,62789,63158,63527,63896,64265,64634,65003,65372,65741,66110,66479,66848,67217,67586,67955,-67837,-67468,-67099,-66730,-66361,-65992,-65623,-65254,-64885,-64516,-64147,-63778,-63409,-63040,-62671,-62302,-61933,-61564,-61195,-60826,-60457,-60088,-59719,-59350,-58981,-58612,-58243,-57874,-57505,-57136,-56767,-56398,-56029,-55660,-55291,-54922,-54553,-54184,-53815,-53446,-53077,-52708,-52339,-51970,-51601,-51232,-50863,-50494,-50125,-49756,-49387,-49018,-48649,-48280,-47911,-47542,-47173,-46804,-46435,-46066,-45697,-45328,-44959,-44590,-44221,-43852,-43483,-43114,-42745,-42376,-42007,-41638,-41269,-40900,-40531,-40162,-39793,-39424,-39055,-38686,-38317,-37948,-37579,-37210,-36841,-36472,-36103,-35734,-35365,-34996,-34627,-34258,-33889,-33520,-33151,-32782,-32413,-32044,-31675,-31306,-30937,-30568,-30199,-29830,-29461,-29092,-28723,-28354,-27985,-27616,-27247,-26878,-26509,-26140,-25771,-25402,-25033,-24664,-24295,-23926,-23557,-23188,-22819,-22450,-22081,-21771,-21712,-21343,-20974,-20605,-20236,-19867,-19498,-19129,-18760,-18391,-18022,-17653,-17284,-16915,-16546,-16177,-15808,-15439,-15070,-14701,-14332,-13963,-13594,-13225,-12856,-12487,-12118,-11749,-11380,-11011,-10642,-10273,-9904,-9535,-9166,-8797,-8428,-8059,-7690,-7321,-6952,-6583,-6214,-5845,-5476,-5107,-4738,-4369,-4000,-3631,-3262,-2893,-2524,-2155,-1786,-1417,-1048,-679,-310
60,429,798,1167,1536,1905,2274,2643,3012,3381,3750,4119,4488,4857,5226,5595,5964,6333,6702,7071,7440,7809,8178,8547,8916,9285,9654,10023,10392,10761,11130,11499,11868,12237,12606,12975,13344,13713,14082,14451,14820,15189,15558,15927,16296,16665,17034,17403,17772,18141,18510,18879,19248,19617,19986,20355,20724,21093,21462,21831,22200,22569,22938,23307,23676,24045,24414,24783,25152,25521,25890,26259,26628,26997,27366,27735,28104,28473,28842,29211,29580,29949,30318,30687,31056,31425,31794,32163,32532,32901,33270,33639,34008,34377,34746,35115,35484,35853,36222,36591,36960,37329,37698,38067,38436,38805,39174,39543,39912,40281,40650,41019,41388,41757,42126,42495,42864,43233,43602,43971,44340,44709,45078,45447,45816,46185,46554,46923,47292,47661,48030,48399,48768,49137,49506,49875,50244,50613,50982,51351,51720,52089,52458,52827,53196,53565,53934,54303,54672,55041,55410,55779,56148,56517,56886,57255,57624,57993,58362,58731,59100,59469,59838,60207,60576,60945,61314,61683,62052,62421,62790,63159,63528,63897,64266,64635,65004,65373,65742,66111,66480,66849,67218,67587,67956,-67836,-67467,-67098,-66729,-66360,-65991,-65622,-65253,-64884,-64515,-64146,-63777,-63408,-63039,-62670,-62301,-61932,-61563,-61194,-60825,-60456,-60087,-59718,-59349,-58980,-58611,-58242,-57873,-57504,-57135,-56766,-56397,-56028,-55659,-55290,-54921,-54552,-54183,-53814,-53445,-53076,-52707,-52338,-51969,-51600,-51231,-50862,-50493,-50124,-49755,-49386,-49017,-48648,-48279,-47910,-47541,-47172,-46803,-46434,-46065,-45696,-45327,-44958,-44589,-44220,-43851,-43482,-43113,-42744,-42375,-42006,-41637,-41268,-40899,-40530,-40161,-39792,-39423,-39054,-38685,-38316,-37947,-37578,-37209,-36840,-36471,-36102,-35733,-35364,-34995,-34626,-34257,-33888,-33519,-33150,-32781,-32412,-32043,-31674,-31305,-30936,-30567,-30198,-29829,-29460,-29091,-28722,-28353,-27984,-27615,-27246,-26877,-26508,-26139,-25770,-25401,-25032,-24663,-24294,-23925,-23556,-23187,-22818,-22449,-22140,-22080,-21711,-21342,-20973,-20604,-20235,-19866,-19497,-19128,-18759,-18390,-18021,-17652,-17283,-16914,-16545,-16176,-15807,-15438,-15069,-14700,-14331,-13962,-13593,-13224,-12855,-12486,-12117,-11748,-11379,-11010,-10641,-10272,-9903,-9534,-9165,-8796,-8427,-8058,-7689,-7320,-6951,-6582,-6213,-5844,-5475,-5106,-4737,-4368,-3999,-3630,-3261,-2892,-2523,-2154,-1785,-1416,-1047,-678,-309
61,430,799,1168,1537,1906,2275,2644,3013,3382,3751,4120,4489,4858,5227,5596,5965,6334,6703,7072,7441,7810,8179,8548,8917,9286,9655,10024,10393,10762,11131,11500,11869,12238,12607,12976,13345,13714,14083,14452,14821,15190,15559,15928,16297,16666,17035,17404,17773,18142,18511,18880,19249,19618,19987,20356,20725,21094,21463,21832,22201,22570,22939,23308,23677,24046,24415,24784,25153,25522,25891,26260,26629,26998,27367,27736,28105,28474,28843,29212,29581,29950,30319,30688,31057,31426,31795,32164,32533,32902,33271,33640,34009,34378,34747,35116,35485,35854,36223,36592,36961,37330,37699,38068,38437,38806,39175,39544,39913,40282,40651,41020,41389,41758,42127,42496,42865,43234,43603,43972,44341,44710,45079,45448,45817,46186,46555,46924,47293,47662,48031,48400,48769,49138,49507,49876,50245,50614,50983,51352,51721,52090,52459,52828,53197,53566,53935,54304,54673,55042,55411,55780,56149,56518,56887,57256,57625,57994,58363,58732,59101,59470,59839,60208,60577,60946,61315,61684,62053,62422,62791,63160,63529,63898,64267,64636,65005,65374,65743,66112,66481,66850,67219,67588,67957,-67835,-67466,-67097,-66728,-66359,-65990,-65621,-65252,-64883,-64514,-64145,-63776,-63407,-63038,-62669,-62300,-61931,-61562,-61193,-60824,-60455,-60086,-59717,-59348,-58979,-58610,-58241,-57872,-57503,-57134,-56765,-56396,-56027,-55658,-55289,-54920,-54551,-54182,-53813,-53444,-53075,-52706,-52337,-51968,-51599,-51230,-50861,-50492,-50123,-49754,-49385,-49016,-48647,-48278,-47909,-47540,-47171,-46802,-46433,-46064,-45695,-45326,-44957,-44588,-44219,-43850,-43481,-43112,-42743,-42374,-42005,-41636,-41267,-40898,-40529,-40160,-39791,-39422,-39053,-38684,-38315,-37946,-37577,-37208,-36839,-36470,-36101,-35732,-35363,-34994,-34625,-34256,-33887,-33518,-33149,-32780,-32411,-32042,-31673,-31304,-30935,-30566,-30197,-29828,-29459,-29090,-28721,-28352,-27983,-27614,-27245,-26876,-26507,-26138,-25769,-25400,-25031,-24662,-24293,-23924,-23555,-23186,-22817,-22509,-22448,-22079,-21710,-21341,-20972,-20603,-20234,-19865,-19496,-19127,-18758,-18389,-18020,-17651,-17282,-16913,-16544,-16175,-15806,-15437,-15068,-14699,-14330,-13961,-13592,-13223,-12854,-12485,-12116,-11747,-11378,-11009,-10640,-10271,-9902,-9533,-9164,-8795,-8426,-8057,-7688,-7319,-6950,-6581,-6212,-5843,-5474,-5105,-4736,-4367,-3998,-3629,-3260,-2891,-2522,-2153,-1784,-1415,-1046,-677,-308
62,431,800,1169,1538,1907,2276,2645,3014,3383,3752,4121,4490,4859,5228,5597,5966,6335,6704,7073,7442,7811,8180,8549,8918,9287,9656,10025,10394,10763,11132,11501,11870,12239,12608,12977,13346,13715,14084,14453,14822,15191,15560,15929,16298,16667,17036,17405,17774,18143,18512,18881,19250,19619,19988,20357,20726,21095,21464,21833,22202,22571,22940,23309,23678,24047,24416,24785,25154,25523,25892,26261,26630,26999,27368,27737,28106,28475,28844,29213,29582,29951,30320,30689,31058,31427,31796,32165,32534,32903,33272,33641,34010,34379,34748,35117,35486,35855,36224,36593,36962,37331,37700,38069,38438,38807,39176,39545,39914,40283,40652,41021,41390,41759,42128,42497,42866,43235,43604,43973,44342,44711,45080,45449,45818,46187,46556,46925,47294,47663,48032,48401,48770,49139,49508,49877,50246,50615,50984,51353,51722,52091,52460,52829,53198,53567,53936,54305,54674,55043,55412,55781,56150,56519,56888,57257,57626,57995,58364,58733,59102,59471,59840,60209,60578,60947,61316,61685,62054,62423,62792,63161,63530,63899,64268,64637,65006,65375,65744,66113,66482,66851,67220,67589,67958,-67834,-67465,-67096,-66727,-66358,-65989,-65620,-65251,-64882,-64513,-64144,-63775,-63406,-63037,-62668,-62299,-61930,-61561,-61192,-60823,-60454,-60085,-59716,-59347,-58978,-58609,-58240,-57871,-57502,-57133,-56764,-56395,-56026,-55657,-55288,-54919,-54550,-54181,-53812,-53443,-53074,-52705,-52336,-51967,-51598,-51229,-50860,-50491,-50122,-49753,-49384,-49015,-48646,-48277,-47908,-47539,-47170,-46801,-46432,-46063,-45694,-45325,-44956,-44587,-44218,-43849,-43480,-43111,-42742,-42373,-42004,-41635,-41266,-40897,-40528,-40159,-39790,-39421,-39052,-38683,-38314,-37945,-37576,-37207,-36838,-36469,-36100,-35731,-35362,-34993,-34624,-34255,-33886,-33517,-33148,-32779,-32410,-32041,-31672,-31303,-30934,-30565,-30196,-29827,-29458,-29089,-28720,-28351,-27982,-27613,-27244,-26875,-26506,-26137,-25768,-25399,-25030,-24661,-24292,-23923,-23554,-23185,-22878,-22816,-22447,-22078,-21709,-21340,-20971,-20602,-20233,-19864,-19495,-19126,-18757,-18388,-18019,-17650,-17281,-16912,-16543,-16174,-15805,-15436,-15067,-14698,-14329,-13960,-13591,-13222,-12853,-12484,-12115,-11746,-11377,-11008,-10639,-10270,-9901,-9532,-9163,-8794,-8425,-8056,-7687,-7318,-6949,-6580,-6211,-5842,-5473,-5104,-4735,-4366,-3997,-3628,-3259,-2890,-2521,-2152,-1783,-1414,-1045,-676,-307
63,432,801,1170,1539,1908,2277,2646,3015,3384,3753,4122,4491,4860,5229,5598,5967,6336,6705,7074,7443,7812,8181,8550,8919,9288,9657,10026,10395,10764,11133,11502,11871,12240,12609,12978,13347,13716,14085,14454,14823,15192,15561,15930,16299,16668,17037,17406,17775,18144,18513,18882,19251,19620,19989,20358,20727,21096,21465,21834,22203,22572,22941,23310,23679,24048,24417,24786,25155,25524,25893,26262,26631,27000,27369,27738,28107,28476,28845,29214,29583,29952,30321,30690,31059,31428,31797,32166,32535,32904,33273,33642,34011,34380,34749,35118,35487,35856,36225,36594,36963,37332,37701,38070,38439,38808,39177,39546,39915,40284,40653,41022,41391,41760,42129,42498,42867,43236,43605,43974,44343,44712,45081,45450,45819,46188,46557,46926,47295,47664,48033,48402,48771,49140,49509,49878,50247,50616,50985,51354,51723,52092,52461,52830,53199,53568,53937,54306,54675,55044,55413,55782,56151,56520,56889,57258,57627,57996,58365,58734,59103,59472,59841,60210,60579,60948,61317,61686,62055,62424,62793,63162,63531,63900,64269,64638,65007,65376,65745,66114,66483,66852,67221,67590,67959,-67833,-67464,-67095,-66726,-66357,-65988,-65619,-65250,-64881,-64512,-64143,-63774,-63405,-63036,-62667,-62298,-61929,-61560,-61191,-60822,-60453,-60084,-59715,-59346,-58977,-58608,-58239,-57870,-57501,-57132,-56763,-56394,-56025,-55656,-55287,-54918,-54549,-54180,-53811,-53442,-53073,-52704,-52335,-51966,-51597,-51228,-50859,-50490,-50121,-49752,-49383,-49014,-48645,-48276,-47907,-47538,-47169,-46800,-46431,-46062,-45693,-45324,-44955,-44586,-44217,-43848,-43479,-43110,-42741,-42372,-42003,-41634,-41265,-40896,-40527,-40158,-39789,-39420,-39051,-38682,-38313,-37944,-37575,-37206,-36837,-36468,-36099,-35730,-35361,-34992,-34623,-34254,-33885,-33516,-33147,-32778,-32409,-32040,-31671,-31302,-30933,-30564,-30195,-29826,-29457,-29088,-28719,-28350,-27981,-27612,-27243,-26874,-26505,-26136,-25767,-25398,-25029,-24660,-24291,-23922,-23553,-23247,-23184,-22815,-22446,-22077,-21708,-21339,-20970,-20601,-20232,-19863,-19494,-19125,-18756,-18387,-18018,-17649,-17280,-16911,-16542,-16173,-15804,-15435,-15066,-14697,-14328,-13959,-13590,-13221,-12852,-12483,-12114,-11745,-11376,-11007,-10638,-10269,-9900,-9531,-9162,-8793,-8424,-8055,-7686,-7317,-6948,-6579,-6210,-5841,-5472,-5103,-4734,-4365,-3996,-3627,-3258,-2889,-2520,-2151,-1782,-1413,-1044,-675,-306
64,433,802,1171,1540,1909,2278,2647,3016,3385,3754,4123,4492,4861,5230,5599,5968,6337,6706,7075,7444,7813,8182,8551,8920,9289,9658,10027,10396,10765,11134,11503,11872,12241,12610,12979,13348,13717,14086,14455,14824,15193,15562,15931,16300,16669,17038,17407,17776,18145,18514,18883,19252,19621,19990,20359,20728,21097,21466,21835,22204,22573,22942,23311,23680,24049,24418,24787,25156,25525,25894,26263,26632,27001,27370,27739,28108,28477,28846,29215,29584,29953,30322,30691,31060,31429,31798,32167,32536,32905,33274,33643,34012,34381,34750,35119,35488,35857,36226,36595,36964,37333,37702,38071,38440,38809,39178,39547,39916,40285,40654,41023,41392,41761,42130,42499,42868,43237,43606,43975,44344,44713,45082,45451,45820,46189,46558,46927,47296,47665,48034,48403,48772,49141,49510,49879,50248,50617,50986,51355,51724,52093,52462,52831,53200,53569,53938,54307,54676,55045,55414,55783,56152,56521,56890,57259,57628,57997,58366,58735,59104,59473,59842,60211,60580,60949,61318,61687,62056,62425,62794,63163,63532,63901,64270,64639,65008,65377,65746,66115,66484,66853,67222,67591,67960,-67832,-67463,-67094,-66725,-66356,-65987,-65618,-65249,-64880,-64511,-64142,-63773,-63404,-63035,-62666,-62297,-61928,-61559,-61190,-60821,-60452,-60083,-59714,-59345,-58976,-58607,-58238,-57869,-57500,-57131,-56762,-56393,-56024,-55655,-55286,-54917,-54548,-54179,-53810,-53441,-53072,-52703,-52334,-51965,-51596,-51227,-50858,-50489,-50120,-49751,-49382,-49013,-48644,-48275,-47906,-47537,-47168,-46799,-46430,-46061,-45692,-45323,-44954,-44585,-44216,-43847,-43478,-43109,-42740,-42371,-42002,-41633,-41264,-40895,-40526,-40157,-39788,-39419,-39050,-38681,-38312,-37943,-37574,-37205,-36836,-36467,-36098,-35729,-35360,-34991,-34622,-34253,-33884,-33515,-33146,-32777,-32408,-32039,-31670,-31301,-30932,-30563,-30194,-29825,-29456,-29087,-28718,-28349,-27980,-27611,-27242,-26873,-26504,-26135,-25766,-25397,-25028,-24659,-24290,-23921,-23616,-23552,-23183,-22814,-22445,-22076,-21707,-21338,-20969,-20600,-20231,-19862,-19493,-19124,-18755,-18386,-18017,-17648,-17279,-16910,-16541,-16172,-15803,-15434,-15065,-14696,-14327,-13958,-13589,-13220,-12851,-12482,-12113,-11744,-11375,-11006,-10637,-10268,-9899,-9530,-9161,-8792,-8423,-8054,-7685,-7316,-6947,-6578,-6209,-5840,-5471,-5102,-4733,-4364,-3995,-3626,-3257,-2888,-2519,-2150,-1781,-1412,-1043,-674,-305
65,434,803,1172,1541,1910,2279,2648,3017,3386,3755,4124,4493,4862,5231,5600,5969,6338,6707,7076,7445,7814,8183,8552,8921,9290,9659,10028,10397,10766,11135,11504,11873,12242,12611,12980,13349,13718,14087,14456,14825,15194,15563,15932,16301,16670,17039,17408,17777,18146,18515,18884,19253,19622,19991,20360,20729,21098,21467,21836,22205,22574,22943,23312,23681,24050,24419,24788,25157,25526,25895,26264,26633,27002,27371,27740,28109,28478,28847,29216,29585,29954,30323,30692,31061,31430,31799,32168,32537,32906,33275,33644,34013,34382,34751,35120,35489,35858,36227,36596,36965,37334,37703,38072,38441,38810,39179,39548,39917,40286,40655,41024,41393,41762,42131,42500,42869,43238,43607,43976,44345,44714,45083,45452,45821,46190,46559,46928,47297,47666,48035,48404,48773,49142,49511,49880,50249,50618,50987,51356,51725,52094,52463,52832,53201,53570,53939,54308,54677,55046,55415,55784,56153,56522,56891,57260,57629,57998,58367,58736,59105,59474,59843,60212,60581,60950,61319,61688,62057,62426,62795,63164,63533,63902,64271,64640,65009,65378,65747,66116,66485,66854,67223,67592,67961,-67831,-67462,-67093,-66724,-66355,-65986,-65617,-65248,-64879,-64510,-64141,-63772,-63403,-63034,-62665,-62296,-61927,-61558,-61189,-60820,-60451,-60082,-59713,-59344,-58975,-58606,-58237,-57868,-57499,-57130,-56761,-56392,-56023,-55654,-55285,-54916,-54547,-54178,-53809,-53440,-53071,-52702,-52333,-51964,-51595,-51226,-50857,-50488,-50119,-49750,-49381,-49012,-48643,-48274,-47905,-47536,-47167,-46798,-46429,-46060,-45691,-45322,-44953,-44584,-44215,-43846,-43477,-43108,-42739,-42370,-42001,-41632,-41263,-40894,-40525,-40156,-39787,-39418,-39049,-38680,-38311,-37942,-37573,-37204,-36835,-36466,-36097,-35728,-35359,-34990,-34621,-34252,-33883,-33514,-33145,-32776,-32407,-32038,-31669,-31300,-30931,-30562,-30193,-29824,-29455,-29086,-28717,-28348,-27979,-27610,-27241,-26872,-26503,-26134,-25765,-25396,-25027,-24658,-24289,-23985,-23920,-23551,-23182,-22813,-22444,-22075,-21706,-21337,-20968,-20599,-20230,-19861,-19492,-19123,-18754,-18385,-18016,-17647,-17278,-16909,-16540,-16171,-15802,-15433,-15064,-14695,-14326,-13957,-13588,-13219,-12850,-12481,-12112,-11743,-11374,-11005,-10636,-10267,-9898,-9529,-9160,-8791,-8422,-8053,-7684,-7315,-6946,-6577,-6208,-5839,-5470,-5101,-4732,-4363,-3994,-3625,-3256,-2887,-2518,-2149,-1780,-1411,-1042,-673,-304
66,435,804,1173,1542,1911,2280,2649,3018,3387,3756,4125,4494,4863,5232,5601,5970,6339,6708,7077,7446,7815,8184,8553,8922,9291,9660,10029,10398,10767,11136,11505,11874,12243,12612,12981,13350,13719,14088,14457,14826,15195,15564,15933,16302,16671,17040,17409,17778,18147,18516,18885,19254,19623,19992,20361,20730,21099,21468,21837,22206,22575,22944,23313,23682,24051,24420,24789,25158,25527,25896,26265,26634,27003,27372,27741,28110,28479,28848,29217,29586,29955,30324,30693,31062,31431,31800,32169,32538,32907,33276,33645,34014,34383,34752,35121,35490,35859,36228,36597,36966,37335,37704,38073,38442,38811,39180,39549,39918,40287,40656,41025,41394,41763,42132,42501,42870,43239,43608,43977,44346,44715,45084,45453,45822,46191,46560,46929,47298,47667,48036,48405,48774,49143,49512,49881,50250,50619,50988,51357,51726,52095,52464,52833,53202,53571,53940,54309,54678,55047,55416,55785,56154,56523,56892,57261,57630,57999,58368,58737,59106,59475,59844,60213,60582,60951,61320,61689,62058,62427,62796,63165,63534,63903,64272,64641,65010,65379,65748,66117,66486,66855,67224,67593,67962,-67830,-67461,-67092,-66723,-66354,-65985,-65616,-65247,-64878,-64509,-64140,-63771,-63402,-63033,-62664,-62295,-61926,-61557,-61188,-60819,-60450,-60081,-59712,-59343,-58974,-58605,-58236,-57867,-57498,-57129,-56760,-56391,-56022,-55653,-55284,-54915,-54546,-54177,-53808,-53439,-53070,-52701,-52332,-51963,-51594,-51225,-50856,-50487,-50118,-49749,-49380,-49011,-48642,-48273,-47904,-47535,-47166,-46797,-46428,-46059,-45690,-45321,-44952,-44583,-44214,-43845,-43476,-43107,-42738,-42369,-42000,-41631,-41262,-40893,-40524,-40155,-39786,-39417,-39048,-38679,-38310,-37941,-37572,-37203,-36834,-36465,-36096,-35727,-35358,-34989,-34620,-34251,-33882,-33513,-33144,-32775,-32406,-32037,-31668,-31299,-30930,-30561,-30192,-29823,-29454,-29085,-28716,-28347,-27978,-27609,-27240,-26871,-26502,-26133,-25764,-25395,-25026,-24657,-24354,-24288,-23919,-23550,-23181,-22812,-22443,-22074,-21705,-21336,-20967,-20598,-20229,-19860,-19491,-19122,-18753,-18384,-18015,-17646,-17277,-16908,-16539,-16170,-15801,-15432,-15063,-14694,-14325,-13956,-13587,-13218,-12849,-12480,-12111,-11742,-11373,-11004,-10635,-10266,-9897,-9528,-9159,-8790,-8421,-8052,-7683,-7314,-6945,-6576,-6207,-5838,-5469,-5100,-4731,-4362,-3993,-3624,-3255,-2886,-2517,-2148,-1779,-1410,-1041,-672,-303
67,436,805,1174,1543,1912,2281,2650,3019,3388,3757,4126,4495,4864,5233,5602,5971,6340,6709,7078,7447,7816,8185,8554,8923,9292,9661,10030,10399,10768,11137,11506,11875,12244,12613,12982,13351,13720,14089,14458,14827,15196,15565,15934,16303,16672,17041,17410,17779,18148,18517,18886,19255,19624,19993,20362,20731,21100,21469,21838,22207,22576,22945,23314,23683,24052,24421,24790,25159,25528,25897,26266,26635,27004,27373,27742,28111,28480,28849,29218,29587,29956,30325,30694,31063,31432,31801,32170,32539,32908,33277,33646,34015,34384,34753,35122,35491,35860,36229,36598,36967,37336,37705,38074,38443,38812,39181,39550,39919,40288,40657,41026,41395,41764,42133,42502,42871,43240,43609,43978,44347,44716,45085,45454,45823,46192,46561,46930,47299,47668,48037,48406,48775,49144,49513,49882,50251,50620,50989,51358,51727,52096,52465,52834,53203,53572,53941,54310,54679,55048,55417,55786,56155,56524,56893,57262,57631,58000,58369,58738,59107,59476,59845,60214,60583,60952,61321,61690,62059,62428,62797,63166,63535,63904,64273,64642,65011,65380,65749,66118,66487,66856,67225,67594,67963,-67829,-67460,-67091,-66722,-66353,-65984,-65615,-65246,-64877,-64508,-64139,-63770,-63401,-63032,-62663,-62294,-61925,-61556,-61187,-60818,-60449,-60080,-59711,-59342,-58973,-58604,-58235,-57866,-57497,-57128,-56759,-56390,-56021,-55652,-55283,-54914,-54545,-54176,-53807,-53438,-53069,-52700,-52331,-51962,-51593,-51224,-50855,-50486,-50117,-49748,-49379,-49010,-48641,-48272,-47903,-47534,-47165,-46796,-46427,-46058,-45689,-45320,-44951,-44582,-44213,-43844,-43475,-43106,-42737,-42368,-41999,-41630,-41261,-40892,-40523,-40154,-39785,-39416,-39047,-38678,-38309,-37940,-37571,-37202,-36833,-36464,-36095,-35726,-35357,-34988,-34619,-34250,-33881,-33512,-33143,-32774,-32405,-32036,-31667,-31298,-30929,-30560,-30191,-29822,-29453,-29084,-28715,-28346,-27977,-27608,-27239,-26870,-26501,-26132,-25763,-25394,-25025,-24723,-24656,-24287,-23918,-23549,-23180,-22811,-22442,-22073,-21704,-21335,-20966,-20597,-20228,-19859,-19490,-19121,-18752,-18383,-18014,-17645,-17276,-16907,-16538,-16169,-15800,-15431,-15062,-14693,-14324,-13955,-13586,-13217,-12848,-12479,-12110,-11741,-11372,-11003,-10634,-10265,-9896,-9527,-9158,-8789,-8420,-8051,-7682,-7313,-6944,-6575,-6206,-5837,-5468,-5099,-4730,-4361,-3992,-3623,-3254,-2885,-2516,-2147,-1778,-1409,-1040,-671,-302
68,437,806,1175,1544,1913,2282,2651,3020,3389,3758,4127,4496,4865,5234,5603,5972,6341,6710,7079,7448,7817,8186,8555,8924,9293,9662,10031,10400,10769,11138,11507,11876,12245,12614,12983,13352,13721,14090,14459,14828,15197,15566,15935,16304,16673,17042,17411,17780,18149,18518,18887,19256,19625,19994,20363,20732,21101,21470,21839,22208,22577,22946,23315,23684,24053,24422,24791,25160,25529,25898,26267,26636,27005,27374,27743,28112,28481,28850,29219,29588,29957,30326,30695,31064,31433,31802,32171,32540,32909,33278,33647,34016,34385,34754,35123,35492,35861,36230,36599,36968,37337,37706,38075,38444,38813,39182,39551,39920,40289,40658,41027,41396,41765,42134,42503,42872,43241,43610,43979,44348,44717,45086,45455,45824,46193,46562,46931,47300,47669,48038,48407,48776,49145,49514,49883,50252,50621,50990,51359,51728,52097,52466,52835,53204,53573,53942,54311,54680,55049,55418,55787,56156,56525,56894,57263,57632,58001,58370,58739,59108,59477,59846,60215,60584,60953,61322,61691,62060,62429,62798,63167,63536,63905,64274,64643,65012,65381,65750,66119,66488,66857,67226,67595,67964,-67828,-67459,-67090,-66721,-66352,-65983,-65614,-65245,-64876,-64507,-64138,-63769,-63400,-63031,-62662,-62293,-61924,-61555,-61186,-60817,-60448,-60079,-59710,-59341,-58972,-58603,-58234,-57865,-57496,-57127,-56758,-56389,-56020,-55651,-55282,-54913,-54544,-54175,-53806,-53437,-53068,-52699,-52330,-51961,-51592,-51223,-50854,-50485,-50116,-49747,-49378,-49009,-48640,-48271,-47902,-47533,-47164,-46795,-46426,-46057,-45688,-45319,-44950,-44581,-44212,-43843,-43474,-43105,-42736,-42367,-41998,-41629,-41260,-40891,-40522,-40153,-39784,-39415,-39046,-38677,-38308,-37939,-37570,-37201,-36832,-36463,-36094,-35725,-35356,-34987,-34618,-34249,-33880,-33511,-33142,-32773,-32404,-32035,-31666,-31297,-30928,-30559,-30190,-29821,-29452,-29083,-28714,-28345,-27976,-27607,-27238,-26869,-26500,-26131,-25762,-25393,-25092,-25024,-24655,-24286,-23917,-23548,-23179,-22810,-22441,-22072,-21703,-21334,-20965,-20596,-20227,-19858,-19489,-19120,-18751,-18382,-18013,-17644,-17275,-16906,-16537,-16168,-15799,-15430,-15061,-14692,-14323,-13954,-13585,-13216,-12847,-12478,-12109,-11740,-11371,-11002,-10633,-10264,-9895,-9526,-9157,-8788,-8419,-8050,-7681,-7312,-6943,-6574,-6205,-5836,-5467,-5098,-4729,-4360,-3991,-3622,-3253,-2884,-2515,-2146,-1777,-1408,-1039,-670,-301
69,438,807,1176,1545,1914,2283,2652,3021,3390,3759,4128,4497,4866,5235,5604,5973,6342,6711,7080,7449,7818,8187,8556,8925,9294,9663,10032,10401,10770,11139,11508,11877,12246,12615,12984,13353,13722,14091,14460,14829,15198,15567,15936,16305,16674,17043,17412,17781,18150,18519,18888,19257,19626,19995,20364,20733,21102,21471,21840,22209,22578,22947,23316,23685,24054,24423,24792,25161,25530,25899,26268,26637,27006,27375,27744,28113,28482,28851,29220,29589,29958,30327,30696,31065,31434,31803,32172,32541,32910,33279,33648,34017,34386,34755,35124,35493,35862,36231,36600,36969,37338,37707,38076,38445,38814,39183,39552,39921,40290,40659,41028,41397,41766,42135,42504,42873,43242,43611,43980,44349,44718,45087,45456,45825,46194,46563,46932,47301,47670,48039,48408,48777,49146,49515,49884,50253,50622,50991,51360,51729,52098,52467,52836,53205,53574,53943,54312,54681,55050,55419,55788,56157,56526,56895,57264,57633,58002,58371,58740,59109,59478,59847,60216,60585,60954,61323,61692,62061,62430,62799,63168,63537,63906,64275,64644,65013,65382,65751,66120,66489,66858,67227,67596,67965,-67827,-67458,-67089,-66720,-66351,-65982,-65613,-65244,-64875,-64506,-64137,-63768,-63399,-63030,-62661,-62292,-61923,-61554,-61185,-60816,-60447,-60078,-59709,-59340,-58971,-58602,-58233,-57864,-57495,-57126,-56757,-56388,-56019,-55650,-55281,-54912,-54543,-54174,-53805,-53436,-53067,-52698,-52329,-51960,-51591,-51222,-50853,-50484,-50115,-49746,-49377,-49008,-48639,-48270,-47901,-47532,-47163,-46794,-46425,-46056,-45687,-45318,-44949,-44580,-44211,-43842,-43473,-43104,-42735,-42366,-41997,-41628,-41259,-40890,-40521,-40152,-39783,-39414,-39045,-38676,-38307,-37938,-37569,-37200,-36831,-36462,-36093,-35724,-35355,-34986,-34617,-34248,-33879,-33510,-33141,-32772,-32403,-32034,-31665,-31296,-30927,-30558,-30189,-29820,-29451,-29082,-28713,-28344,-27975,-27606,-27237,-26868,-26499,-26130,-25761,-25461,-25392,-25023,-24654,-24285,-23916,-23547,-23178,-22809,-22440,-22071,-21702,-21333,-20964,-20595,-20226,-19857,-19488,-19119,-18750,-18381,-18012,-17643,-17274,-16905,-16536,-16167,-15798,-15429,-15060,-14691,-14322,-13953,-13584,-13215,-12846,-12477,-12108,-11739,-11370,-11001,-10632,-10263,-9894,-9525,-9156,-8787,-8418,-8049,-7680,-7311,-6942,-6573,-6204,-5835,-5466,-5097,-4728,-4359,-3990,-3621,-3252,-2883,-2514,-2145,-1776,-1407,-1038,-669,-300
70,439,808,1177,1546,1915,2284,2653,3022,3391,3760,4129,4498,4867,5236,5605,5974,6343,6712,7081,7450,7819,8188,8557,8926,9295,9664,10033,10402,10771,11140,11509,11878,12247,12616,12985,13354,13723,14092,14461,14830,15199,15568,15937,16306,16675,17044,17413,17782,18151,18520,18889,19258,19627,19996,20365,20734,21103,21472,21841,22210,22579,22948,23317,23686,24055,24424,24793,25162,25531,25900,26269,26638,27007,27376,27745,28114,28483,28852,29221,29590,29959,30328,30697,31066,31435,31804,32173,32542,32911,33280,33649,34018,34387,34756,35125,35494,35863,36232,36601,36970,37339,37708,38077,38446,38815,39184,39553,39922,40291,40660,41029,41398,41767,42136,42505,42874,43243,43612,43981,44350,44719,45088,45457,45826,46195,46564,46933,47302,47671,48040,48409,48778,49147,49516,49885,50254,50623,50992,51361,51730,52099,52468,52837,53206,53575,53944,54313,54682,55051,55420,55789,56158,56527,56896,57265,57634,58003,58372,58741,59110,59479,59848,60217,60586,60955,61324,61693,62062,62431,62800,63169,63538,63907,64276,64645,65014,65383,65752,66121,66490,66859,67228,67597,67966,-67826,-67457,-67088,-66719,-66350,-65981,-65612,-65243,-64874,-64505,-64136,-63767,-63398,-63029,-62660,-62291,-61922,-61553,-61184,-60815,-60446,-60077,-59708,-59339,-58970,-58601,-58232,-57863,-57494,-57125,-56756,-56387,-56018,-55649,-55280,-54911,-54542,-54173,-53804,-53435,-53066,-52697,-52328,-51959,-51590,-51221,-50852,-50483,-50114,-49745,-49376,-49007,-48638,-48269,-47900,-47531,-47162,-46793,-46424,-46055,-45686,-45317,-44948,-44579,-44210,-43841,-43472,-43103,-42734,-42365,-41996,-41627,-41258,-40889,-40520,-40151,-39782,-39413,-39044,-38675,-38306,-37937,-37568,-37199,-36830,-36461,-36092,-35723,-35354,-34985,-34616,-34247,-33878,-33509,-33140,-32771,-32402,-32033,-31664,-31295,-30926,-30557,-30188,-29819,-29450,-29081,-28712,-28343,-27974,-27605,-27236,-26867,-26498,-26129,-25830,-25760,-25391,-25022,-24653,-24284,-23915,-23546,-23177,-22808,-22439,-22070,-21701,-21332,-20963,-20594,-20225,-19856,-19487,-19118,-18749,-18380,-18011,-17642,-17273,-16904,-16535,-16166,-15797,-15428,-15059,-14690,-14321,-13952,-13583,-13214,-12845,-12476,-12107,-11738,-11369,-11000,-10631,-10262,-9893,-9524,-9155,-8786,-8417,-8048,-7679,-7310,-6941,-6572,-6203,-5834,-5465,-5096,-4727,-4358,-3989,-3620,-3251,-2882,-2513,-2144,-1775,-1406,-1037,-668,-299
71,440,809,1178,1547,1916,2285,2654,3023,3392,3761,4130,4499,4868,5237,5606,5975,6344,6713,7082,7451,7820,8189,8558,8927,9296,9665,10034,10403,10772,11141,11510,11879,12248,12617,12986,13355,13724,14093,14462,14831,15200,15569,15938,16307,16676,17045,17414,17783,18152,18521,18890,19259,19628,19997,20366,20735,21104,21473,21842,22211,22580,22949,23318,23687,24056,24425,24794,25163,25532,25901,26270,26639,27008,27377,27746,28115,28484,28853,29222,29591,29960,30329,30698,31067,31436,31805,32174,32543,32912,33281,33650,34019,34388,34757,35126,35495,35864,36233,36602,36971,37340,37709,38078,38447,38816,39185,39554,39923,40292,40661,41030,41399,41768,42137,42506,42875,43244,43613,43982,44351,44720,45089,45458,45827,46196,46565,46934,47303,47672,48041,48410,48779,49148,49517,49886,50255,50624,50993,51362,51731,52100,52469,52838,53207,53576,53945,54314,54683,55052,55421,55790,56159,56528,56897,57266,57635,58004,58373,58742,59111,59480,59849,60218,60587,60956,61325,61694,62063,62432,62801,63170,63539,63908,64277,64646,65015,65384,65753,66122,66491,66860,67229,67598,67967,-67825,-67456,-67087,-66718,-66349,-65980,-65611,-65242,-64873,-64504,-64135,-63766,-63397,-63028,-62659,-62290,-61921,-61552,-61183,-60814,-60445,-60076,-59707,-59338,-58969,-58600,-58231,-57862,-57493,-57124,-56755,-56386,-56017,-55648,-55279,-54910,-54541,-54172,-53803,-53434,-53065,-52696,-52327,-51958,-51589,-51220,-50851,-50482,-50113,-49744,-49375,-49006,-48637,-48268,-47899,-47530,-47161,-46792,-46423,-46054,-45685,-45316,-44947,-44578,-44209,-43840,-43471,-43102,-42733,-42364,-41995,-41626,-41257,-40888,-40519,-40150,-39781,-39412,-39043,-38674,-38305,-37936,-37567,-37198,-36829,-36460,-36091,-35722,-35353,-34984,-34615,-34246,-33877,-33508,-33139,-32770,-32401,-32032,-31663,-31294,-30925,-30556,-30187,-29818,-29449,-29080,-28711,-28342,-27973,-27604,-27235,-26866,-26497,-26199,-26128,-25759,-25390,-25021,-24652,-24283,-23914,-23545,-23176,-22807,-22438,-22069,-21700,-21331,-20962,-20593,-20224,-19855,-19486,-19117,-18748,-18379,-18010,-17641,-17272,-16903,-16534,-16165,-15796,-15427,-15058,-14689,-14320,-13951,-13582,-13213,-12844,-12475,-12106,-11737,-11368,-10999,-10630,-10261,-9892,-9523,-9154,-8785,-8416,-8047,-7678,-7309,-6940,-6571,-6202,-5833,-5464,-5095,-4726,-4357,-3988,-3619,-3250,-2881,-2512,-2143,-1774,-1405,-1036,-667,-298
72,441,810,1179,1548,1917,2286,2655,3024,3393,3762,4131,4500,4869,5238,5607,5976,6345,6714,7083,7452,7821,8190,8559,8928,9297,9666,10035,10404,10773,11142,11511,11880,12249,12618,12987,13356,13725,14094,14463,14832,15201,15570,15939,16308,16677,17046,17415,17784,18153,18522,18891,19260,19629,19998,20367,20736,21105,21474,21843,22212,22581,22950,23319,23688,24057,24426,24795,25164,25533,25902,26271,26640,27009,27378,27747,28116,28485,28854,29223,29592,29961,30330,30699,31068,31437,31806,32175,32544,32913,33282,33651,34020,34389,34758,35127,35496,35865,36234,36603,36972,37341,37710,38079,38448,38817,39186,39555,39924,40293,40662,41031,41400,41769,42138,42507,42876,43245,43614,43983,44352,44721,45090,45459,45828,46197,46566,46935,47304,47673,48042,48411,48780,49149,49518,49887,50256,50625,50994,51363,51732,52101,52470,52839,53208,53577,53946,54315,54684,55053,55422,55791,56160,56529,56898,57267,57636,58005,58374,58743,59112,59481,59850,60219,60588,60957,61326,61695,62064,62433,62802,63171,63540,63909,64278,64647,65016,65385,65754,66123,66492,66861,67230,67599,67968,-67824,-67455,-67086,-66717,-66348,-65979,-65610,-65241,-64872,-64503,-64134,-63765,-63396,-63027,-62658,-62289,-61920,-61551,-61182,-60813,-60444,-60075,-59706,-59337,-58968,-58599,-58230,-57861,-57492,-57123,-56754,-56385,-56016,-55647,-55278,-54909,-54540,-54171,-53802,-53433,-53064,-52695,-52326,-51957,-51588,-51219,-50850,-50481,-50112,-49743,-49374,-49005,-48636,-48267,-47898,-47529,-47160,-46791,-46422,-46053,-45684,-45315,-44946,-44577,-44208,-43839,-43470,-43101,-42732,-42363,-41994,-41625,-41256,-40887,-40518,-40149,-39780,-39411,-39042,-38673,-38304,-37935,-37566,-37197,-36828,-36459,-36090,-35721,-35352,-34983,-34614,-34245,-33876,-33507,-33138,-32769,-32400,-32031,-31662,-31293,-30924,-30555,-30186,-29817,-29448,-29079,-28710,-28341,-27972,-27603,-27234,-26865,-26568,-26496,-26127,-25758,-25389,-25020,-24651,-24282,-23913,-23544,-23175,-22806,-22437,-22068,-21699,-21330,-20961,-20592,-20223,-19854,-19485,-19116,-18747,-18378,-18009,-17640,-17271,-16902,-16533,-16164,-15795,-15426,-15057,-14688,-14319,-13950,-13581,-13212,-12843,-12474,-12105,-11736,-11367,-10998,-10629,-10260,-9891,-9522,-9153,-8784,-8415,-8046,-7677,-7308,-6939,-6570,-6201,-5832,-5463,-5094,-4725,-4356,-3987,-3618,-3249,-2880,-2511,-2142,-1773,-1404,-1035,-666,-297
73,442,811,1180,1549,1918,2287,2656,3025,3394,3763,4132,4501,4870,5239,5608,5977,6346,6715,7084,7453,7822,8191,8560,8929,9298,9667,10036,10405,10774,11143,11512,11881,12250,12619,12988,13357,13726,14095,14464,14833,15202,15571,15940,16309,16678,17047,17416,17785,18154,18523,18892,19261,19630,19999,20368,20737,21106,21475,21844,22213,22582,22951,23320,23689,24058,24427,24796,25165,25534,25903,26272,26641,27010,27379,27748,28117,28486,28855,29224,29593,29962,30331,30700,31069,31438,31807,32176,32545,32914,33283,33652,34021,34390,34759,35128,35497,35866,36235,36604,36973,37342,37711,38080,38449,38818,39187,39556,39925,40294,40663,41032,41401,41770,42139,42508,42877,43246,43615,43984,44353,44722,45091,45460,45829,46198,46567,46936,47305,47674,48043,48412,48781,49150,49519,49888,50257,50626,50995,51364,51733,52102,52471,52840,53209,53578,53947,54316,54685,55054,55423,55792,56161,56530,56899,57268,57637,58006,58375,58744,59113,59482,59851,60220,60589,60958,61327,61696,62065,62434,62803,63172,63541,63910,64279,64648,65017,65386,65755,66124,66493,66862,67231,67600,67969,-67823,-67454,-67085,-66716,-66347,-65978,-65609,-65240,-64871,-64502,-64133,-63764,-63395,-63026,-62657,-62288,-61919,-61550,-61181,-60812,-60443,-60074,-59705,-59336,-58967,-58598,-58229,-57860,-57491,-57122,-56753,-56384,-56015,-55646,-55277,-54908,-54539,-54170,-53801,-53432,-53063,-52694,-52325,-51956,-51587,-51218,-50849,-50480,-50111,-49742,-49373,-49004,-48635,-48266,-47897,-47528,-47159,-46790,-46421,-46052,-45683,-45314,-44945,-44576,-44207,-43838,-43469,-43100,-42731,-42362,-41993,-41624,-41255,-40886,-40517,-40148,-39779,-39410,-39041,-38672,-38303,-37934,-37565,-37196,-36827,-36458,-36089,-35720,-35351,-34982,-34613,-34244,-33875,-33506,-33137,-32768,-32399,-32030,-31661,-31292,-30923,-30554,-30185,-29816,-29447,-29078,-28709,-28340,-27971,-27602,-27233,-26937,-26864,-26495,-26126,-25757,-25388,-25019,-24650,-24281,-23912,-23543,-23174,-22805,-22436,-22067,-21698,-21329,-20960,-20591,-20222,-19853,-19484,-19115,-18746,-18377,-18008,-17639,-17270,-16901,-16532,-16163,-15794,-15425,-15056,-14687,-14318,-13949,-13580,-13211,-12842,-12473,-12104,-11735,-11366,-10997,-10628,-10259,-9890,-9521,-9152,-8783,-8414,-8045,-7676,-7307,-6938,-6569,-6200,-5831,-5462,-5093,-4724,-4355,-3986,-3617,-3248,-2879,-2510,-2141,-1772,-1403,-1034,-665,-296
74,443,812,1181,1550,1919,2288,2657,3026,3395,3764,4133,4502,4871,5240,5609,5978,6347,6716,7085,7454,7823,8192,8561,8930,9299,9668,10037,10406,10775,11144,11513,11882,12251,12620,12989,13358,13727,14096,14465,14834,15203,15572,15941,16310,16679,17048,17417,17786,18155,18524,18893,19262,19631,20000,20369,20738,21107,21476,21845,22214,22583,22952,23321,23690,24059,24428,24797,25166,25535,25904,26273,26642,27011,27380,27749,28118,28487,28856,29225,29594,29963,30332,30701,31070,31439,31808,32177,32546,32915,33284,33653,34022,34391,34760,35129,35498,35867,36236,36605,36974,37343,37712,38081,38450,38819,39188,39557,39926,40295,40664,41033,41402,41771,42140,42509,42878,43247,43616,43985,44354,44723,45092,45461,45830,46199,46568,46937,47306,47675,48044,48413,48782,49151,49520,49889,50258,50627,50996,51365,51734,52103,52472,52841,53210,53579,53948,54317,54686,55055,55424,55793,56162,56531,56900,57269,57638,58007,58376,58745,59114,59483,59852,60221,60590,60959,61328,61697,62066,62435,62804,63173,63542,63911,64280,64649,65018,65387,65756,66125,66494,66863,67232,67601,67970,-67822,-67453,-67084,-66715,-66346,-65977,-65608,-65239,-64870,-64501,-64132,-63763,-63394,-63025,-62656,-62287,-61918,-61549,-61180,-60811,-60442,-60073,-59704,-59335,-58966,-58597,-58228,-57859,-57490,-57121,-56752,-56383,-56014,-55645,-55276,-54907,-54538,-54169,-53800,-53431,-53062,-52693,-52324,-51955,-51586,-51217,-50848,-50479,-50110,-49741,-49372,-49003,-48634,-48265,-47896,-47527,-47158,-46789,-46420,-46051,-45682,-45313,-44944,-44575,-44206,-43837,-43468,-43099,-42730,-42361,-41992,-41623,-41254,-40885,-40516,-40147,-39778,-39409,-39040,-38671,-38302,-37933,-37564,-37195,-36826,-36457,-36088,-35719,-35350,-34981,-34612,-34243,-33874,-33505,-33136,-32767,-32398,-32029,-31660,-31291,-30922,-30553,-30184,-29815,-29446,-29077,-28708,-28339,-27970,-27601,-27306,-27232,-26863,-26494,-26125,-25756,-25387,-25018,-24649,-24280,-23911,-23542,-23173,-22804,-22435,-22066,-21697,-21328,-20959,-20590,-20221,-19852,-19483,-19114,-18745,-18376,-18007,-17638,-17269,-16900,-16531,-16162,-15793,-15424,-15055,-14686,-14317,-13948,-13579,-13210,-12841,-12472,-12103,-11734,-11365,-10996,-10627,-10258,-9889,-9520,-9151,-8782,-8413,-8044,-7675,-7306,-6937,-6568,-6199,-5830,-5461,-5092,-4723,-4354,-3985,-3616,-3247,-2878,-2509,-2140,-1771,-1402,-1033,-664,-295
75,444,813,1182,1551,1920,2289,2658,3027,3396,3765,4134,4503,4872,5241,5610,5979,6348,6717,7086,7455,7824,8193,8562,8931,9300,9669,10038,10407,10776,11145,11514,11883,12252,12621,12990,13359,13728,14097,14466,14835,15204,15573,15942,16311,16680,17049,17418,17787,18156,18525,18894,19263,19632,20001,20370,20739,21108,21477,21846,22215,22584,22953,23322,23691,24060,24429,24798,25167,25536,25905,26274,26643,27012,27381,27750,28119,28488,28857,29226,29595,29964,30333,30702,31071,31440,31809,32178,32547,32916,33285,33654,34023,34392,34761,35130,35499,35868,36237,36606,36975,37344,37713,38082,38451,38820,39189,39558,39927,40296,40665,41034,41403,41772,42141,42510,42879,43248,43617,43986,44355,44724,45093,45462,45831,46200,46569,46938,47307,47676,48045,48414,48783,49152,49521,49890,50259,50628,50997,51366,51735,52104,52473,52842,53211,53580,53949,54318,54687,55056,55425,55794,56163,56532,56901,57270,57639,58008,58377,58746,59115,59484,59853,60222,60591,60960,61329,61698,62067,62436,62805,63174,63543,63912,64281,64650,65019,65388,65757,66126,66495,66864,67233,67602,67971,-67821,-67452,-67083,-66714,-66345,-65976,-65607,-65238,-64869,-64500,-64131,-63762,-63393,-63024,-62655,-62286,-61917,-61548,-61179,-60810,-60441,-60072,-59703,-59334,-58965,-58596,-58227,-57858,-57489,-57120,-56751,-56382,-56013,-55644,-55275,-54906,-54537,-54168,-53799,-53430,-53061,-52692,-52323,-51954,-51585,-51216,-50847,-50478,-50109,-49740,-49371,-49002,-48633,-48264,-47895,-47526,-47157,-46788,-46419,-46050,-45681,-45312,-44943,-44574,-44205,-43836,-43467,-43098,-42729,-42360,-41991,-41622,-41253,-40884,-40515,-40146,-39777,-39408,-39039,-38670,-38301,-37932,-37563,-37194,-36825,-36456,-36087,-35718,-35349,-34980,-34611,-34242,-33873,-33504,-33135,-32766,-32397,-32028,-31659,-31290,-30921,-30552,-30183,-29814,-29445,-29076,-28707,-28338,-27969,-27675,-27600,-27231,-26862,-26493,-26124,-25755,-25386,-25017,-24648,-24279,-23910,-23541,-23172,-22803,-22434,-22065,-21696,-21327,-20958,-20589,-20220,-19851,-19482,-19113,-18744,-18375,-18006,-17637,-17268,-16899,-16530,-16161,-15792,-15423,-15054,-14685,-14316,-13947,-13578,-13209,-12840,-12471,-12102,-11733,-11364,-10995,-10626,-10257,-9888,-9519,-9150,-8781,-8412,-8043,-7674,-7305,-6936,-6567,-6198,-5829,-5460,-5091,-4722,-4353,-3984,-3615,-3246,-2877,-2508,-2139,-1770,-1401,-1032,-663,-294
76,445,814,1183,1552,1921,2290,2659,3028,3397,3766,4135,4504,4873,5242,5611,5980,6349,6718,7087,7456,7825,8194,8563,8932,9301,9670,10039,10408,10777,11146,11515,11884,12253,12622,12991,13360,13729,14098,14467,14836,15205,15574,15943,16312,16681,17050,17419,17788,18157,18526,18895,19264,19633,20002,20371,20740,21109,21478,21847,22216,22585,22954,23323,23692,24061,24430,24799,25168,25537,25906,26275,26644,27013,27382,27751,28120,28489,28858,29227,29596,29965,30334,30703,31072,31441,31810,32179,32548,32917,33286,33655,34024,34393,34762,35131,35500,35869,36238,36607,36976,37345,37714,38083,38452,38821,39190,39559,39928,40297,40666,41035,41404,41773,42142,42511,42880,43249,43618,43987,44356,44725,45094,45463,45832,46201,46570,46939,47308,47677,48046,48415,48784,49153,49522,49891,50260,50629,50998,51367,51736,52105,52474,52843,53212,53581,53950,54319,54688,55057,55426,55795,56164,56533,56902,57271,57640,58009,58378,58747,59116,59485,59854,60223,60592,60961,61330,61699,62068,62437,62806,63175,63544,63913,64282,64651,65020,65389,65758,66127,66496,66865,67234,67603,67972,-67820,-67451,-67082,-66713,-66344,-65975,-65606,-65237,-64868,-64499,-64130,-63761,-63392,-63023,-62654,-62285,-61916,-61547,-61178,-60809,-60440,-60071,-59702,-59333,-58964,-58595,-58226,-57857,-57488,-57119,-56750,-56381,-56012,-55643,-55274,-54905,-54536,-54167,-53798,-53429,-53060,-52691,-52322,-51953,-51584,-51215,-50846,-50477,-50108,-49739,-49370,-49001,-48632,-48263,-47894,-47525,-47156,-46787,-46418,-46049,-45680,-45311,-44942,-44573,-44204,-43835,-43466,-43097,-42728,-42359,-41990,-41621,-41252,-40883,-40514,-40145,-39776,-39407,-39038,-38669,-38300,-37931,-37562,-37193,-36824,-36455,-36086,-35717,-35348,-34979,-34610,-34241,-33872,-33503,-33134,-32765,-32396,-32027,-31658,-31289,-30920,-30551,-30182,-29813,-29444,-29075,-28706,-28337,-28044,-27968,-27599,-27230,-26861,-26492,-26123,-25754,-25385,-25016,-24647,-24278,-23909,-23540,-23171,-22802,-22433,-22064,-21695,-21326,-20957,-20588,-20219,-19850,-19481,-19112,-18743,-18374,-18005,-17636,-17267,-16898,-16529,-16160,-15791,-15422,-15053,-14684,-14315,-13946,-13577,-13208,-12839,-12470,-12101,-11732,-11363,-10994,-10625,-10256,-9887,-9518,-9149,-8780,-8411,-8042,-7673,-7304,-6935,-6566,-6197,-5828,-5459,-5090,-4721,-4352,-3983,-3614,-3245,-2876,-2507,-2138,-1769,-1400,-1031,-662,-293
77,446,815,1184,1553,1922,2291,2660,3029,3398,3767,4136,4505,4874,5243,5612,5981,6350,6719,7088,7457,7826,8195,8564,8933,9302,9671,10040,10409,10778,11147,11516,11885,12254,12623,12992,13361,13730,14099,14468,14837,15206,15575,15944,16313,16682,17051,17420,17789,18158,18527,18896,19265,19634,20003,20372,20741,21110,21479,21848,22217,22586,22955,23324,23693,24062,24431,24800,25169,25538,25907,26276,26645,27014,27383,27752,28121,28490,28859,29228,29597,29966,30335,30704,31073,31442,31811,32180,32549,32918,33287,33656,34025,34394,34763,35132,35501,35870,36239,36608,36977,37346,37715,38084,38453,38822,39191,39560,39929,40298,40667,41036,41405,41774,42143,42512,42881,43250,43619,43988,44357,44726,45095,45464,45833,46202,46571,46940,47309,47678,48047,48416,48785,49154,49523,49892,50261,50630,50999,51368,51737,52106,52475,52844,53213,53582,53951,54320,54689,55058,55427,55796,56165,56534,56903,57272,57641,58010,58379,58748,59117,59486,59855,60224,60593,60962,61331,61700,62069,62438,62807,63176,63545,63914,64283,64652,65021,65390,65759,66128,66497,66866,67235,67604,67973,-67819,-67450,-67081,-66712,-66343,-65974,-65605,-65236,-64867,-64498,-64129,-63760,-63391,-63022,-62653,-62284,-61915,-61546,-61177,-60808,-60439,-60070,-59701,-59332,-58963,-58594,-58225,-57856,-57487,-57118,-56749,-56380,-56011,-55642,-55273,-54904,-54535,-54166,-53797,-53428,-53059,-52690,-52321,-51952,-51583,-51214,-50845,-50476,-50107,-49738,-49369,-49000,-48631,-48262,-47893,-47524,-47155,-46786,-46417,-46048,-45679,-45310,-44941,-44572,-44203,-43834,-43465,-43096,-42727,-42358,-41989,-41620,-41251,-40882,-40513,-40144,-39775,-39406,-39037,-38668,-38299,-37930,-37561,-37192,-36823,-36454,-36085,-35716,-35347,-34978,-34609,-34240,-33871,-33502,-33133,-32764,-32395,-32026,-31657,-31288,-30919,-30550,-30181,-29812,-29443,-29074,-28705,-28413,-28336,-27967,-27598,-27229,-26860,-26491,-26122,-25753,-25384,-25015,-24646,-24277,-23908,-23539,-23170,-22801,-22432,-22063,-21694,-21325,-20956,-20587,-20218,-19849,-19480,-19111,-18742,-18373,-18004,-17635,-17266,-16897,-16528,-16159,-15790,-15421,-15052,-14683,-14314,-13945,-13576,-13207,-12838,-12469,-12100,-11731,-11362,-10993,-10624,-10255,-9886,-9517,-9148,-8779,-8410,-8041,-7672,-7303,-6934,-6565,-6196,-5827,-5458,-5089,-4720,-4351,-3982,-3613,-3244,-2875,-2506,-2137,-1768,-1399,-1030,-661,-292
78,447,816,1185,1554,1923,2292,2661,3030,3399,3768,4137,4506,4875,5244,5613,5982,6351,6720,7089,7458,7827,8196,8565,8934,9303,9672,10041,10410,10779,11148,11517,11886,12255,12624,12993,13362,13731,14100,14469,14838,15207,15576,15945,16314,16683,17052,17421,17790,18159,18528,18897,19266,19635,20004,20373,20742,21111,21480,21849,22218,22587,22956,23325,23694,24063,24432,24801,25170,25539,25908,26277,26646,27015,27384,27753,28122,28491,28860,29229,29598,29967,30336,30705,31074,31443,31812,32181,32550,32919,33288,33657,34026,34395,34764,35133,35502,35871,36240,36609,36978,37347,37716,38085,38454,38823,39192,39561,39930,40299,40668,41037,41406,41775,42144,42513,42882,43251,43620,43989,44358,44727,45096,45465,45834,46203,46572,46941,47310,47679,48048,48417,48786,49155,49524,49893,50262,50631,51000,51369,51738,52107,52476,52845,53214,53583,53952,54321,54690,55059,55428,55797,56166,56535,56904,57273,57642,58011,58380,58749,59118,59487,59856,60225,60594,60963,61332,61701,62070,62439,62808,63177,63546,63915,64284,64653,65022,65391,65760,66129,66498,66867,67236,67605,67974,-67818,-67449,-67080,-66711,-66342,-65973,-65604,-65235,-64866,-64497,-64128,-63759,-63390,-63021,-62652,-62283,-61914,-61545,-61176,-60807,-60438,-60069,-59700,-59331,-58962,-58593,-58224,-57855,-57486,-57117,-56748,-56379,-56010,-55641,-55272,-54903,-54534,-54165,-53796,-53427,-53058,-52689,-52320,-51951,-51582,-51213,-50844,-50475,-50106,-49737,-49368,-48999,-48630,-48261,-47892,-47523,-47154,-46785,-46416,-46047,-45678,-45309,-44940,-44571,-44202,-43833,-43464,-43095,-42726,-42357,-41988,-41619,-41250,-40881,-40512,-40143,-39774,-39405,-39036,-38667,-38298,-37929,-37560,-37191,-36822,-36453,-36084,-35715,-35346,-34977,-34608,-34239,-33870,-33501,-33132,-32763,-32394,-32025,-31656,-31287,-30918,-30549,-30180,-29811,-29442,-29073,-28782,-28704,-28335,-27966,-27597,-27228,-26859,-26490,-26121,-25752,-25383,-25014,-24645,-24276,-23907,-23538,-23169,-22800,-22431,-22062,-21693,-21324,-20955,-20586,-20217,-19848,-19479,-19110,-18741,-18372,-18003,-17634,-17265,-16896,-16527,-16158,-15789,-15420,-15051,-14682,-14313,-13944,-13575,-13206,-12837,-12468,-12099,-11730,-11361,-10992,-10623,-10254,-9885,-9516,-9147,-8778,-8409,-8040,-7671,-7302,-6933,-6564,-6195,-5826,-5457,-5088,-4719,-4350,-3981,-3612,-3243,-2874,-2505,-2136,-1767,-1398,-1029,-660,-291
79,448,817,1186,1555,1924,2293,2662,3031,3400,3769,4138,4507,4876,5245,5614,5983,6352,6721,7090,7459,7828,8197,8566,8935,9304,9673,10042,10411,10780,11149,11518,11887,12256,12625,12994,13363,13732,14101,14470,14839,15208,15577,15946,16315,16684,17053,17422,17791,18160,18529,18898,19267,19636,20005,20374,20743,21112,21481,21850,22219,22588,22957,23326,23695,24064,24433,24802,25171,25540,25909,26278,26647,27016,27385,27754,28123,28492,28861,29230,29599,29968,30337,30706,31075,31444,31813,32182,32551,32920,33289,33658,34027,34396,34765,35134,35503,35872,36241,36610,36979,37348,37717,38086,38455,38824,39193,39562,39931,40300,40669,41038,41407,41776,42145,42514,42883,43252,43621,43990,44359,44728,45097,45466,45835,46204,46573,46942,47311,47680,48049,48418,48787,49156,49525,49894,50263,50632,51001,51370,51739,52108,52477,52846,53215,53584,53953,54322,54691,55060,55429,55798,56167,56536,56905,57274,57643,58012,58381,58750,59119,59488,59857,60226,60595,60964,61333,61702,62071,62440,62809,63178,63547,63916,64285,64654,65023,65392,65761,66130,66499,66868,67237,67606,67975,-67817,-67448,-67079,-66710,-66341,-65972,-65603,-65234,-64865,-64496,-64127,-63758,-63389,-63020,-62651,-62282,-61913,-61544,-61175,-60806,-60437,-60068,-59699,-59330,-58961,-58592,-58223,-57854,-57485,-57116,-56747,-56378,-56009,-55640,-55271,-54902,-54533,-54164,-53795,-53426,-53057,-52688,-52319,-51950,-51581,-51212,-50843,-50474,-50105,-49736,-49367,-48998,-48629,-48260,-47891,-47522,-47153,-46784,-46415,-46046,-45677,-45308,-44939,-44570,-44201,-43832,-43463,-43094,-42725,-42356,-41987,-41618,-41249,-40880,-40511,-40142,-39773,-39404,-39035,-38666,-38297,-37928,-37559,-37190,-36821,-36452,-36083,-35714,-35345,-34976,-34607,-34238,-33869,-33500,-33131,-32762,-32393,-32024,-31655,-31286,-30917,-30548,-30179,-29810,-29441,-29151,-29072,-28703,-28334,-27965,-27596,-27227,-26858,-26489,-26120,-25751,-25382,-25013,-24644,-24275,-23906,-23537,-23168,-22799,-22430,-22061,-21692,-21323,-20954,-20585,-20216,-19847,-19478,-19109,-18740,-18371,-18002,-17633,-17264,-16895,-16526,-16157,-15788,-15419,-15050,-14681,-14312,-13943,-13574,-13205,-12836,-12467,-12098,-11729,-11360,-10991,-10622,-10253,-9884,-9515,-9146,-8777,-8408,-8039,-7670,-7301,-6932,-6563,-6194,-5825,-5456,-5087,-4718,-4349,-3980,-3611,-3242,-2873,-2504,-2135,-1766,-1397,-1028,-659,-290
80,449,818,1187,1556,1925,2294,2663,3032,3401,3770,4139,4508,4877,5246,5615,5984,6353,6722,7091,7460,7829,8198,8567,8936,9305,9674,10043,10412,10781,11150,11519,11888,12257,12626,12995,13364,13733,14102,14471,14840,15209,15578,15947,16316,16685,17054,17423,17792,18161,18530,18899,19268,19637,20006,20375,20744,21113,21482,21851,22220,22589,22958,23327,23696,24065,24434,24803,25172,25541,25910,26279,26648,27017,27386,27755,28124,28493,28862,29231,29600,29969,30338,30707,31076,31445,31814,32183,32552,32921,33290,33659,34028,34397,34766,35135,35504,35873,36242,36611,36980,37349,37718,38087,38456,38825,39194,39563,39932,40301,40670,41039,41408,41777,42146,42515,42884,43253,43622,43991,44360,44729,45098,45467,45836,46205,46574,46943,47312,47681,48050,48419,48788,49157,49526,49895,50264,50633,51002,51371,51740,52109,52478,52847,53216,53585,53954,54323,54692,55061,55430,55799,56168,56537,56906,57275,57644,58013,58382,58751,59120,59489,59858,60227,60596,60965,61334,61703,62072,62441,62810,63179,63548,63917,64286,64655,65024,65393,65762,66131,66500,66869,67238,67607,67976,-67816,-67447,-67078,-66709,-66340,-65971,-65602,-65233,-64864,-64495,-64126,-63757,-63388,-63019,-62650,-62281,-61912,-61543,-61174,-60805,-60436,-60067,-59698,-59329,-58960,-58591,-58222,-57853,-57484,-57115,-56746,-56377,-56008,-55639,-55270,-54901,-54532,-54163,-53794,-53425,-53056,-52687,-52318,-51949,-51580,-51211,-50842,-50473,-50104,-49735,-49366,-48997,-48628,-48259,-47890,-47521,-47152,-46783,-46414,-46045,-45676,-45307,-44938,-44569,-44200,-43831,-43462,-43093,-42724,-42355,-41986,-41617,-41248,-40879,-40510,-40141,-39772,-39403,-39034,-38665,-38296,-37927,-37558,-37189,-36820,-36451,-36082,-35713,-35344,-34975,-34606,-34237,-33868,-33499,-33130,-32761,-32392,-32023,-31654,-31285,-30916,-30547,-30178,-29809,-29520,-29440,-29071,-28702,-28333,-27964,-27595,-27226,-26857,-26488,-26119,-25750,-25381,-25012,-24643,-24274,-23905,-23536,-23167,-22798,-22429,-22060,-21691,-21322,-20953,-20584,-20215,-19846,-19477,-19108,-18739,-18370,-18001,-17632,-17263,-16894,-16525,-16156,-15787,-15418,-15049,-14680,-14311,-13942,-13573,-13204,-12835,-12466,-12097,-11728,-11359,-10990,-10621,-10252,-9883,-9514,-9145,-8776,-8407,-8038,-7669,-7300,-6931,-6562,-6193,-5824,-5455,-5086,-4717,-4348,-3979,-3610,-3241,-2872,-2503,-2134,-1765,-1396,-1027,-658,-289
81,450,819,1188,1557,1926,2295,2664,3033,3402,3771,4140,4509,4878,5247,5616,5985,6354,6723,7092,7461,7830,8199,8568,8937,9306,9675,10044,10413,10782,11151,11520,11889,12258,12627,12996,13365,13734,14103,14472,14841,15210,15579,15948,16317,16686,17055,17424,17793,18162,18531,18900,19269,19638,20007,20376,20745,21114,21483,21852,22221,22590,22959,23328,23697,24066,24435,24804,25173,25542,25911,26280,26649,27018,27387,27756,28125,28494,28863,29232,29601,29970,30339,30708,31077,31446,31815,32184,32553,32922,33291,33660,34029,34398,34767,35136,35505,35874,36243,36612,36981,37350,37719,38088,38457,38826,39195,39564,39933,40302,40671,41040,41409,41778,42147,42516,42885,43254,43623,43992,44361,44730,45099,45468,45837,46206,46575,46944,47313,47682,48051,48420,48789,49158,49527,49896,50265,50634,51003,51372,51741,52110,52479,52848,53217,53586,53955,54324,54693,55062,55431,55800,56169,56538,56907,57276,57645,58014,58383,58752,59121,59490,59859,60228,60597,60966,61335,61704,62073,62442,62811,63180,63549,63918,64287,64656,65025,65394,65763,66132,66501,66870,67239,67608,67977,-67815,-67446,-67077,-66708,-66339,-65970,-65601,-65232,-64863,-64494,-64125,-63756,-63387,-63018,-62649,-62280,-61911,-61542,-61173,-60804,-60435,-60066,-59697,-59328,-58959,-58590,-58221,-57852,-57483,-57114,-56745,-56376,-56007,-55638,-55269,-54900,-54531,-54162,-53793,-53424,-53055,-52686,-52317,-51948,-51579,-51210,-50841,-50472,-50103,-49734,-49365,-48996,-48627,-48258,-47889,-47520,-47151,-46782,-46413,-46044,-45675,-45306,-44937,-44568,-44199,-43830,-43461,-43092,-42723,-42354,-41985,-41616,-41247,-40878,-40509,-40140,-39771,-39402,-39033,-38664,-38295,-37926,-37557,-37188,-36819,-36450,-36081,-35712,-35343,-34974,-34605,-34236,-33867,-33498,-33129,-32760,-32391,-32022,-31653,-31284,-30915,-30546,-30177,-29889,-29808,-29439,-29070,-28701,-28332,-27963,-27594,-27225,-26856,-26487,-26118,-25749,-25380,-25011,-24642,-24273,-23904,-23535,-23166,-22797,-22428,-22059,-21690,-21321,-20952,-20583,-20214,-19845,-19476,-19107,-18738,-18369,-18000,-17631,-17262,-16893,-16524,-16155,-15786,-15417,-15048,-14679,-14310,-13941,-13572,-13203,-12834,-12465,-12096,-11727,-11358,-10989,-10620,-10251,-9882,-9513,-9144,-8775,-8406,-8037,-7668,-7299,-6930,-6561,-6192,-5823,-5454,-5085,-4716,-4347,-3978,-3609,-3240,-2871,-2502,-2133,-1764,-1395,-1026,-657,-288
82,451,820,1189,1558,1927,2296,2665,3034,3403,3772,4141,4510,4879,5248,5617,5986,6355,6724,7093,7462,7831,8200,8569,8938,9307,9676,10045,10414,10783,11152,11521,11890,12259,12628,12997,13366,13735,14104,14473,14842,15211,15580,15949,16318,16687,17056,17425,17794,18163,18532,18901,19270,19639,20008,20377,20746,21115,21484,21853,22222,22591,22960,23329,23698,24067,24436,24805,25174,25543,25912,26281,26650,27019,27388,27757,28126,28495,28864,29233,29602,29971,30340,30709,31078,31447,31816,32185,32554,32923,33292,33661,34030,34399,34768,35137,35506,35875,36244,36613,36982,37351,37720,38089,38458,38827,39196,39565,39934,40303,40672,41041,41410,41779,42148,42517,42886,43255,43624,43993,44362,44731,45100,45469,45838,46207,46576,46945,47314,47683,48052,48421,48790,49159,49528,49897,50266,50635,51004,51373,51742,52111,52480,52849,53218,53587,53956,54325,54694,55063,55432,55801,56170,56539,56908,57277,57646,58015,58384,58753,59122,59491,59860,60229,60598,60967,61336,61705,62074,62443,62812,63181,63550,63919,64288,64657,65026,65395,65764,66133,66502,66871,67240,67609,67978,-67814,-67445,-67076,-66707,-66338,-65969,-65600,-65231,-64862,-64493,-64124,-63755,-63386,-63017,-62648,-62279,-61910,-61541,-61172,-60803,-60434,-60065,-59696,-59327,-58958,-58589,-58220,-57851,-57482,-57113,-56744,-56375,-56006,-55637,-55268,-54899,-54530,-54161,-53792,-53423,-53054,-52685,-52316,-51947,-51578,-51209,-50840,-50471,-50102,-49733,-49364,-48995,-48626,-48257,-47888,-47519,-47150,-46781,-46412,-46043,-45674,-45305,-44936,-44567,-44198,-43829,-43460,-43091,-42722,-42353,-41984,-41615,-41246,-40877,-40508,-40139,-39770,-39401,-39032,-38663,-38294,-37925,-37556,-37187,-36818,-36449,-36080,-35711,-35342,-34973,-34604,-34235,-33866,-33497,-33128,-32759,-32390,-32021,-31652,-31283,-30914,-30545,-30258,-30176,-29807,-29438,-29069,-28700,-28331,-27962,-27593,-27224,-26855,-26486,-26117,-25748,-25379,-25010,-24641,-24272,-23903,-23534,-23165,-22796,-22427,-22058,-21689,-21320,-20951,-20582,-20213,-19844,-19475,-19106,-18737,-18368,-17999,-17630,-17261,-16892,-16523,-16154,-15785,-15416,-15047,-14678,-14309,-13940,-13571,-13202,-12833,-12464,-12095,-11726,-11357,-10988,-10619,-10250,-9881,-9512,-9143,-8774,-8405,-8036,-7667,-7298,-6929,-6560,-6191,-5822,-5453,-5084,-4715,-4346,-3977,-3608,-3239,-2870,-2501,-2132,-1763,-1394,-1025,-656,-287
83,452,821,1190,1559,1928,2297,2666,3035,3404,3773,4142,4511,4880,5249,5618,5987,6356,6725,7094,7463,7832,8201,8570,8939,9308,9677,10046,10415,10784,11153,11522,11891,12260,12629,12998,13367,13736,14105,14474,14843,15212,15581,15950,16319,16688,17057,17426,17795,18164,18533,18902,19271,19640,20009,20378,20747,21116,21485,21854,22223,22592,22961,23330,23699,24068,24437,24806,25175,25544,25913,26282,26651,27020,27389,27758,28127,28496,28865,29234,29603,29972,30341,30710,31079,31448,31817,32186,32555,32924,33293,33662,34031,34400,34769,35138,35507,35876,36245,36614,36983,37352,37721,38090,38459,38828,39197,39566,39935,40304,40673,41042,41411,41780,42149,42518,42887,43256,43625,43994,44363,44732,45101,45470,45839,46208,46577,46946,47315,47684,48053,48422,48791,49160,49529,49898,50267,50636,51005,51374,51743,52112,52481,52850,53219,53588,53957,54326,54695,55064,55433,55802,56171,56540,56909,57278,57647,58016,58385,58754,59123,59492,59861,60230,60599,60968,61337,61706,62075,62444,62813,63182,63551,63920,64289,64658,65027,65396,65765,66134,66503,66872,67241,67610,67979,-67813,-67444,-67075,-66706,-66337,-65968,-65599,-65230,-64861,-64492,-64123,-63754,-63385,-63016,-62647,-62278,-61909,-61540,-61171,-60802,-60433,-60064,-59695,-59326,-58957,-58588,-58219,-57850,-57481,-57112,-56743,-56374,-56005,-55636,-55267,-54898,-54529,-54160,-53791,-53422,-53053,-52684,-52315,-51946,-51577,-51208,-50839,-50470,-50101,-49732,-49363,-48994,-48625,-48256,-47887,-47518,-47149,-46780,-46411,-46042,-45673,-45304,-44935,-44566,-44197,-43828,-43459,-43090,-42721,-42352,-41983,-41614,-41245,-40876,-40507,-40138,-39769,-39400,-39031,-38662,-38293,-37924,-37555,-37186,-36817,-36448,-36079,-35710,-35341,-34972,-34603,-34234,-33865,-33496,-33127,-32758,-32389,-32020,-31651,-31282,-30913,-30627,-30544,-30175,-29806,-29437,-29068,-28699,-28330,-27961,-27592,-27223,-26854,-26485,-26116,-25747,-25378,-25009,-24640,-24271,-23902,-23533,-23164,-22795,-22426,-22057,-21688,-21319,-20950,-20581,-20212,-19843,-19474,-19105,-18736,-18367,-17998,-17629,-17260,-16891,-16522,-16153,-15784,-15415,-15046,-14677,-14308,-13939,-13570,-13201,-12832,-12463,-12094,-11725,-11356,-10987,-10618,-10249,-9880,-9511,-9142,-8773,-8404,-8035,-7666,-7297,-6928,-6559,-6190,-5821,-5452,-5083,-4714,-4345,-3976,-3607,-3238,-2869,-2500,-2131,-1762,-1393,-1024,-655,-286
84,453,822,1191,1560,1929,2298,2667,3036,3405,3774,4143,4512,4881,5250,5619,5988,6357,6726,7095,7464,7833,8202,8571,8940,9309,9678,10047,10416,10785,11154,11523,11892,12261,12630,12999,13368,13737,14106,14475,14844,15213,15582,15951,16320,16689,17058,17427,17796,18165,18534,18903,19272,19641,20010,20379,20748,21117,21486,21855,22224,22593,22962,23331,23700,24069,24438,24807,25176,25545,25914,26283,26652,27021,27390,27759,28128,28497,28866,29235,29604,29973,30342,30711,31080,31449,31818,32187,32556,32925,33294,33663,34032,34401,34770,35139,35508,35877,36246,36615,36984,37353,37722,38091,38460,38829,39198,39567,39936,40305,40674,41043,41412,41781,42150,42519,42888,43257,43626,43995,44364,44733,45102,45471,45840,46209,46578,46947,47316,47685,48054,48423,48792,49161,49530,49899,50268,50637,51006,51375,51744,52113,52482,52851,53220,53589,53958,54327,54696,55065,55434,55803,56172,56541,56910,57279,57648,58017,58386,58755,59124,59493,59862,60231,60600,60969,61338,61707,62076,62445,62814,63183,63552,63921,64290,64659,65028,65397,65766,66135,66504,66873,67242,67611,67980,-67812,-67443,-67074,-66705,-66336,-65967,-65598,-65229,-64860,-64491,-64122,-63753,-63384,-63015,-62646,-62277,-61908,-61539,-61170,-60801,-60432,-60063,-59694,-59325,-58956,-58587,-58218,-57849,-57480,-57111,-56742,-56373,-56004,-55635,-55266,-54897,-54528,-54159,-53790,-53421,-53052,-52683,-52314,-51945,-51576,-51207,-50838,-50469,-50100,-49731,-49362,-48993,-48624,-48255,-47886,-47517,-47148,-46779,-46410,-46041,-45672,-45303,-44934,-44565,-44196,-43827,-43458,-43089,-42720,-42351,-41982,-41613,-41244,-40875,-40506,-40137,-39768,-39399,-39030,-38661,-38292,-37923,-37554,-37185,-36816,-36447,-36078,-35709,-35340,-34971,-34602,-34233,-33864,-33495,-33126,-32757,-32388,-32019,-31650,-31281,-30996,-30912,-30543,-30174,-29805,-29436,-29067,-28698,-28329,-27960,-27591,-27222,-26853,-26484,-26115,-25746,-25377,-25008,-24639,-24270,-23901,-23532,-23163,-22794,-22425,-22056,-21687,-21318,-20949,-20580,-20211,-19842,-19473,-19104,-18735,-18366,-17997,-17628,-17259,-16890,-16521,-16152,-15783,-15414,-15045,-14676,-14307,-13938,-13569,-13200,-12831,-12462,-12093,-11724,-11355,-10986,-10617,-10248,-9879,-9510,-9141,-8772,-8403,-8034,-7665,-7296,-6927,-6558,-6189,-5820,-5451,-5082,-4713,-4344,-3975,-3606,-3237,-2868,-2499,-2130,-1761,-1392,-1023,-654,-285
85,454,823,1192,1561,1930,2299,2668,3037,3406,3775,4144,4513,4882,5251,5620,5989,6358,6727,7096,7465,7834,8203,8572,8941,9310,9679,10048,10417,10786,11155,11524,11893,12262,12631,13000,13369,13738,14107,14476,14845,15214,15583,15952,16321,16690,17059,17428,17797,18166,18535,18904,19273,19642,20011,20380,20749,21118,21487,21856,22225,22594,22963,23332,23701,24070,24439,24808,25177,25546,25915,26284,26653,27022,27391,27760,28129,28498,28867,29236,29605,29974,30343,30712,31081,31450,31819,32188,32557,32926,33295,33664,34033,34402,34771,35140,35509,35878,36247,36616,36985,37354,37723,38092,38461,38830,39199,39568,39937,40306,40675,41044,41413,41782,42151,42520,42889,43258,43627,43996,44365,44734,45103,45472,45841,46210,46579,46948,47317,47686,48055,48424,48793,49162,49531,49900,50269,50638,51007,51376,51745,52114,52483,52852,53221,53590,53959,54328,54697,55066,55435,55804,56173,56542,56911,57280,57649,58018,58387,58756,59125,59494,59863,60232,60601,60970,61339,61708,62077,62446,62815,63184,63553,63922,64291,64660,65029,65398,65767,66136,66505,66874,67243,67612,67981,-67811,-67442,-67073,-66704,-66335,-65966,-65597,-65228,-64859,-64490,-64121,-63752,-63383,-63014,-62645,-62276,-61907,-61538,-61169,-60800,-60431,-60062,-59693,-59324,-58955,-58586,-58217,-57848,-57479,-57110,-56741,-56372,-56003,-55634,-55265,-54896,-54527,-54158,-53789,-53420,-53051,-52682,-52313,-51944,-51575,-51206,-50837,-50468,-50099,-49730,-49361,-48992,-48623,-48254,-47885,-47516,-47147,-46778,-46409,-46040,-45671,-45302,-44933,-44564,-44195,-43826,-43457,-43088,-42719,-42350,-41981,-41612,-41243,-40874,-40505,-40136,-39767,-39398,-39029,-38660,-38291,-37922,-37553,-37184,-36815,-36446,-36077,-35708,-35339,-34970,-34601,-34232,-33863,-33494,-33125,-32756,-32387,-32018,-31649,-31365,-31280,-30911,-30542,-30173,-29804,-29435,-29066,-28697,-28328,-27959,-27590,-27221,-26852,-26483,-26114,-25745,-25376,-25007,-24638,-24269,-23900,-23531,-23162,-22793,-22424,-22055,-21686,-21317,-20948,-20579,-20210,-19841,-19472,-19103,-18734,-18365,-17996,-17627,-17258,-16889,-16520,-16151,-15782,-15413,-15044,-14675,-14306,-13937,-13568,-13199,-12830,-12461,-12092,-11723,-11354,-10985,-10616,-10247,-9878,-9509,-9140,-8771,-8402,-8033,-7664,-7295,-6926,-6557,-6188,-5819,-5450,-5081,-4712,-4343,-3974,-3605,-3236,-2867,-2498,-2129,-1760,-1391,-1022,-653,-284
86,455,824,1193,1562,1931,2300,2669,3038,3407,3776,4145,4514,4883,5252,5621,5990,6359,6728,7097,7466,7835,8204,8573,8942,9311,9680,10049,10418,10787,11156,11525,11894,12263,12632,13001,13370,13739,14108,14477,14846,15215,15584,15953,16322,16691,17060,17429,17798,18167,18536,18905,19274,19643,20012,20381,20750,21119,21488,21857,22226,22595,22964,23333,23702,24071,24440,24809,25178,25547,25916,26285,26654,27023,27392,27761,28130,28499,28868,29237,29606,29975,30344,30713,31082,31451,31820,32189,32558,32927,33296,33665,34034,34403,34772,35141,35510,35879,36248,36617,36986,37355,37724,38093,38462,38831,39200,39569,39938,40307,40676,41045,41414,41783,42152,42521,42890,43259,43628,43997,44366,44735,45104,45473,45842,46211,46580,46949,47318,47687,48056,48425,48794,49163,49532,49901,50270,50639,51008,51377,51746,52115,52484,52853,53222,53591,53960,54329,54698,55067,55436,55805,56174,56543,56912,57281,57650,58019,58388,58757,59126,59495,59864,60233,60602,60971,61340,61709,62078,62447,62816,63185,63554,63923,64292,64661,65030,65399,65768,66137,66506,66875,67244,67613,67982,-67810,-67441,-67072,-66703,-66334,-65965,-65596,-65227,-64858,-64489,-64120,-63751,-63382,-63013,-62644,-62275,-61906,-61537,-61168,-60799,-60430,-60061,-59692,-59323,-58954,-58585,-58216,-57847,-57478,-57109,-56740,-56371,-56002,-55633,-55264,-54895,-54526,-54157,-53788,-53419,-53050,-52681,-52312,-51943,-51574,-51205,-50836,-50467,-50098,-49729,-49360,-48991,-48622,-48253,-47884,-47515,-47146,-46777,-46408,-46039,-45670,-45301,-44932,-44563,-44194,-43825,-43456,-43087,-42718,-42349,-41980,-41611,-41242,-40873,-40504,-40135,-39766,-39397,-39028,-38659,-38290,-37921,-37552,-37183,-36814,-36445,-36076,-35707,-35338,-34969,-34600,-34231,-33862,-33493,-33124,-32755,-32386,-32017,-31734,-31648,-31279,-30910,-30541,-30172,-29803,-29434,-29065,-28696,-28327,-27958,-27589,-27220,-26851,-26482,-26113,-25744,-25375,-25006,-24637,-24268,-23899,-23530,-23161,-22792,-22423,-22054,-21685,-21316,-20947,-20578,-20209,-19840,-19471,-19102,-18733,-18364,-17995,-17626,-17257,-16888,-16519,-16150,-15781,-15412,-15043,-14674,-14305,-13936,-13567,-13198,-12829,-12460,-12091,-11722,-11353,-10984,-10615,-10246,-9877,-9508,-9139,-8770,-8401,-8032,-7663,-7294,-6925,-6556,-6187,-5818,-5449,-5080,-4711,-4342,-3973,-3604,-3235,-2866,-2497,-2128,-1759,-1390,-1021,-652,-283
87,456,825,1194,1563,1932,2301,2670,3039,3408,3777,4146,4515,4884,5253,5622,5991,6360,6729,7098,7467,7836,8205,8574,8943,9312,9681,10050,10419,10788,11157,11526,11895,12264,12633,13002,13371,13740,14109,14478,14847,15216,15585,15954,16323,16692,17061,17430,17799,18168,18537,18906,19275,19644,20013,20382,20751,21120,21489,21858,22227,22596,22965,23334,23703,24072,24441,24810,25179,25548,25917,26286,26655,27024,27393,27762,28131,28500,28869,29238,29607,29976,30345,30714,31083,31452,31821,32190,32559,32928,33297,33666,34035,34404,34773,35142,35511,35880,36249,36618,36987,37356,37725,38094,38463,38832,39201,39570,39939,40308,40677,41046,41415,41784,42153,42522,42891,43260,43629,43998,44367,44736,45105,45474,45843,46212,46581,46950,47319,47688,48057,48426,48795,49164,49533,49902,50271,50640,51009,51378,51747,52116,52485,52854,53223,53592,53961,54330,54699,55068,55437,55806,56175,56544,56913,57282,57651,58020,58389,58758,59127,59496,59865,60234,60603,60972,61341,61710,62079,62448,62817,63186,63555,63924,64293,64662,65031,65400,65769,66138,66507,66876,67245,67614,67983,-67809,-67440,-67071,-66702,-66333,-65964,-65595,-65226,-64857,-64488,-64119,-63750,-63381,-63012,-62643,-62274,-61905,-61536,-61167,-60798,-60429,-60060,-59691,-59322,-58953,-58584,-58215,-57846,-57477,-57108,-56739,-56370,-56001,-55632,-55263,-54894,-54525,-54156,-53787,-53418,-53049,-52680,-52311,-51942,-51573,-51204,-50835,-50466,-50097,-49728,-49359,-48990,-48621,-48252,-47883,-47514,-47145,-46776,-46407,-46038,-45669,-45300,-44931,-44562,-44193,-43824,-43455,-43086,-42717,-42348,-41979,-41610,-41241,-40872,-40503,-40134,-39765,-39396,-39027,-38658,-38289,-37920,-37551,-37182,-36813,-36444,-36075,-35706,-35337,-34968,-34599,-34230,-33861,-33492,-33123,-32754,-32385,-32103,-32016,-31647,-31278,-30909,-30540,-30171,-29802,-29433,-29064,-28695,-28326,-27957,-27588,-27219,-26850,-26481,-26112,-25743,-25374,-25005,-24636,-24267,-23898,-23529,-23160,-22791,-22422,-22053,-21684,-21315,-20946,-20577,-20208,-19839,-19470,-19101,-18732,-18363,-17994,-17625,-17256,-16887,-16518,-16149,-15780,-15411,-15042,-14673,-14304,-13935,-13566,-13197,-12828,-12459,-12090,-11721,-11352,-10983,-10614,-10245,-9876,-9507,-9138,-8769,-8400,-8031,-7662,-7293,-6924,-6555,-6186,-5817,-5448,-5079,-4710,-4341,-3972,-3603,-3234,-2865,-2496,-2127,-1758,-1389,-1020,-651,-282
88,457,826,1195,1564,1933,2302,2671,3040,3409,3778,4147,4516,4885,5254,5623,5992,6361,6730,7099,7468,7837,8206,8575,8944,9313,9682,10051,10420,10789,11158,11527,11896,12265,12634,13003,13372,13741,14110,14479,14848,15217,15586,15955,16324,16693,17062,17431,17800,18169,18538,18907,19276,19645,20014,20383,20752,21121,21490,21859,22228,22597,22966,23335,23704,24073,24442,24811,25180,25549,25918,26287,26656,27025,27394,27763,28132,28501,28870,29239,29608,29977,30346,30715,31084,31453,31822,32191,32560,32929,33298,33667,34036,34405,34774,35143,35512,35881,36250,36619,36988,37357,37726,38095,38464,38833,39202,39571,39940,40309,40678,41047,41416,41785,42154,42523,42892,43261,43630,43999,44368,44737,45106,45475,45844,46213,46582,46951,47320,47689,48058,48427,48796,49165,49534,49903,50272,50641,51010,51379,51748,52117,52486,52855,53224,53593,53962,54331,54700,55069,55438,55807,56176,56545,56914,57283,57652,58021,58390,58759,59128,59497,59866,60235,60604,60973,61342,61711,62080,62449,62818,63187,63556,63925,64294,64663,65032,65401,65770,66139,66508,66877,67246,67615,67984,-67808,-67439,-67070,-66701,-66332,-65963,-65594,-65225,-64856,-64487,-64118,-63749,-63380,-63011,-62642,-62273,-61904,-61535,-61166,-60797,-60428,-60059,-59690,-59321,-58952,-58583,-58214,-57845,-57476,-57107,-56738,-56369,-56000,-55631,-55262,-54893,-54524,-54155,-53786,-53417,-53048,-52679,-52310,-51941,-51572,-51203,-50834,-50465,-50096,-49727,-49358,-48989,-48620,-48251,-47882,-47513,-47144,-46775,-46406,-46037,-45668,-45299,-44930,-44561,-44192,-43823,-43454,-43085,-42716,-42347,-41978,-41609,-41240,-40871,-40502,-40133,-39764,-39395,-39026,-38657,-38288,-37919,-37550,-37181,-36812,-36443,-36074,-35705,-35336,-34967,-34598,-34229,-33860,-33491,-33122,-32753,-32472,-32384,-32015,-31646,-31277,-30908,-30539,-30170,-29801,-29432,-29063,-28694,-28325,-27956,-27587,-27218,-26849,-26480,-26111,-25742,-25373,-25004,-24635,-24266,-23897,-23528,-23159,-22790,-22421,-22052,-21683,-21314,-20945,-20576,-20207,-19838,-19469,-19100,-18731,-18362,-17993,-17624,-17255,-16886,-16517,-16148,-15779,-15410,-15041,-14672,-14303,-13934,-13565,-13196,-12827,-12458,-12089,-11720,-11351,-10982,-10613,-10244,-9875,-9506,-9137,-8768,-8399,-8030,-7661,-7292,-6923,-6554,-6185,-5816,-5447,-5078,-4709,-4340,-3971,-3602,-3233,-2864,-2495,-2126,-1757,-1388,-1019,-650,-281
89,458,827,1196,1565,1934,2303,2672,3041,3410,3779,4148,4517,4886,5255,5624,5993,6362,6731,7100,7469,7838,8207,8576,8945,9314,9683,10052,10421,10790,11159,11528,11897,12266,12635,13004,13373,13742,14111,14480,14849,15218,15587,15956,16325,16694,17063,17432,17801,18170,18539,18908,19277,19646,20015,20384,20753,21122,21491,21860,22229,22598,22967,23336,23705,24074,24443,24812,25181,25550,25919,26288,26657,27026,27395,27764,28133,28502,28871,29240,29609,29978,30347,30716,31085,31454,31823,32192,32561,32930,33299,33668,34037,34406,34775,35144,35513,35882,36251,36620,36989,37358,37727,38096,38465,38834,39203,39572,39941,40310,40679,41048,41417,41786,42155,42524,42893,43262,43631,44000,44369,44738,45107,45476,45845,46214,46583,46952,47321,47690,48059,48428,48797,49166,49535,49904,50273,50642,51011,51380,51749,52118,52487,52856,53225,53594,53963,54332,54701,55070,55439,55808,56177,56546,56915,57284,57653,58022,58391,58760,59129,59498,59867,60236,60605,60974,61343,61712,62081,62450,62819,63188,63557,63926,64295,64664,65033,65402,65771,66140,66509,66878,67247,67616,67985,-67807,-67438,-67069,-66700,-66331,-65962,-65593,-65224,-64855,-64486,-64117,-63748,-63379,-63010,-62641,-62272,-61903,-61534,-61165,-60796,-60427,-60058,-59689,-59320,-58951,-58582,-58213,-57844,-57475,-57106,-56737,-56368,-55999,-55630,-55261,-54892,-54523,-54154,-53785,-53416,-53047,-52678,-52309,-51940,-51571,-51202,-50833,-50464,-50095,-49726,-49357,-48988,-48619,-48250,-47881,-47512,-47143,-46774,-46405,-46036,-45667,-45298,-44929,-44560,-44191,-43822,-43453,-43084,-42715,-42346,-41977,-41608,-41239,-40870,-40501,-40132,-39763,-39394,-39025,-38656,-38287,-37918,-37549,-37180,-36811,-36442,-36073,-35704,-35335,-34966,-34597,-34228,-33859,-33490,-33121,-32841,-32752,-32383,-32014,-31645,-31276,-30907,-30538,-30169,-29800,-29431,-29062,-28693,-28324,-27955,-27586,-27217,-26848,-26479,-26110,-25741,-25372,-25003,-24634,-24265,-23896,-23527,-23158,-22789,-22420,-22051,-21682,-21313,-20944,-20575,-20206,-19837,-19468,-19099,-18730,-18361,-17992,-17623,-17254,-16885,-16516,-16147,-15778,-15409,-15040,-14671,-14302,-13933,-13564,-13195,-12826,-12457,-12088,-11719,-11350,-10981,-10612,-10243,-9874,-9505,-9136,-8767,-8398,-8029,-7660,-7291,-6922,-6553,-6184,-5815,-5446,-5077,-4708,-4339,-3970,-3601,-3232,-2863,-2494,-2125,-1756,-1387,-1018,-649,-280
90,459,828,1197,1566,1935,2304,2673,3042,3411,3780,4149,4518,4887,5256,5625,5994,6363,6732,7101,7470,7839,8208,8577,8946,9315,9684,10053,10422,10791,11160,11529,11898,12267,12636,13005,13374,13743,14112,14481,14850,15219,15588,15957,16326,16695,17064,17433,17802,18171,18540,18909,19278,19647,20016,20385,20754,21123,21492,21861,22230,22599,22968,23337,23706,24075,24444,24813,25182,25551,25920,26289,26658,27027,27396,27765,28134,28503,28872,29241,29610,29979,30348,30717,31086,31455,31824,32193,32562,32931,33300,33669,34038,34407,34776,35145,35514,35883,36252,36621,36990,37359,37728,38097,38466,38835,39204,39573,39942,40311,40680,41049,41418,41787,42156,42525,42894,43263,43632,44001,44370,44739,45108,45477,45846,46215,46584,46953,47322,47691,48060,48429,48798,49167,49536,49905,50274,50643,51012,51381,51750,52119,52488,52857,53226,53595,53964,54333,54702,55071,55440,55809,56178,56547,56916,57285,57654,58023,58392,58761,59130,59499,59868,60237,60606,60975,61344,61713,62082,62451,62820,63189,63558,63927,64296,64665,65034,65403,65772,66141,66510,66879,67248,67617,67986,-67806,-67437,-67068,-66699,-66330,-65961,-65592,-65223,-64854,-64485,-64116,-63747,-63378,-63009,-62640,-62271,-61902,-61533,-61164,-60795,-60426,-60057,-59688,-59319,-58950,-58581,-58212,-57843,-57474,-57105,-56736,-56367,-55998,-55629,-55260,-54891,-54522,-54153,-53784,-53415,-53046,-52677,-52308,-51939,-51570,-51201,-50832,-50463,-50094,-49725,-49356,-48987,-48618,-48249,-47880,-47511,-47142,-46773,-46404,-46035,-45666,-45297,-44928,-44559,-44190,-43821,-43452,-43083,-42714,-42345,-41976,-41607,-41238,-40869,-40500,-40131,-39762,-39393,-39024,-38655,-38286,-37917,-37548,-37179,-36810,-36441,-36072,-35703,-35334,-34965,-34596,-34227,-33858,-33489,-33210,-33120,-32751,-32382,-32013,-31644,-31275,-30906,-30537,-30168,-29799,-29430,-29061,-28692,-28323,-27954,-27585,-27216,-26847,-26478,-26109,-25740,-25371,-25002,-24633,-24264,-23895,-23526,-23157,-22788,-22419,-22050,-21681,-21312,-20943,-20574,-20205,-19836,-19467,-19098,-18729,-18360,-17991,-17622,-17253,-16884,-16515,-16146,-15777,-15408,-15039,-14670,-14301,-13932,-13563,-13194,-12825,-12456,-12087,-11718,-11349,-10980,-10611,-10242,-9873,-9504,-9135,-8766,-8397,-8028,-7659,-7290,-6921,-6552,-6183,-5814,-5445,-5076,-4707,-4338,-3969,-3600,-3231,-2862,-2493,-2124,-1755,-1386,-1017,-648,-279
91,460,829,1198,1567,1936,2305,2674,3043,3412,3781,4150,4519,4888,5257,5626,5995,6364,6733,7102,7471,7840,8209,8578,8947,9316,9685,10054,10423,10792,11161,11530,11899,12268,12637,13006,13375,13744,14113,14482,14851,15220,15589,15958,16327,16696,17065,17434,17803,18172,18541,18910,19279,19648,20017,20386,20755,21124,21493,21862,22231,22600,22969,23338,23707,24076,24445,24814,25183,25552,25921,26290,26659,27028,27397,27766,28135,28504,28873,29242,29611,29980,30349,30718,31087,31456,31825,32194,32563,32932,33301,33670,34039,34408,34777,35146,35515,35884,36253,36622,36991,37360,37729,38098,38467,38836,39205,39574,39943,40312,40681,41050,41419,41788,42157,42526,42895,43264,43633,44002,44371,44740,45109,45478,45847,46216,46585,46954,47323,47692,48061,48430,48799,49168,49537,49906,50275,50644,51013,51382,51751,52120,52489,52858,53227,53596,53965,54334,54703,55072,55441,55810,56179,56548,56917,57286,57655,58024,58393,58762,59131,59500,59869,60238,60607,60976,61345,61714,62083,62452,62821,63190,63559,63928,64297,64666,65035,65404,65773,66142,66511,66880,67249,67618,67987,-67805,-67436,-67067,-66698,-66329,-65960,-65591,-65222,-64853,-64484,-64115,-63746,-63377,-63008,-62639,-62270,-61901,-61532,-61163,-60794,-60425,-60056,-59687,-59318,-58949,-58580,-58211,-57842,-57473,-57104,-56735,-56366,-55997,-55628,-55259,-54890,-54521,-54152,-53783,-53414,-53045,-52676,-52307,-51938,-51569,-51200,-50831,-50462,-50093,-49724,-49355,-48986,-48617,-48248,-47879,-47510,-47141,-46772,-46403,-46034,-45665,-45296,-44927,-44558,-44189,-43820,-43451,-43082,-42713,-42344,-41975,-41606,-41237,-40868,-40499,-40130,-39761,-39392,-39023,-38654,-38285,-37916,-37547,-37178,-36809,-36440,-36071,-35702,-35333,-34964,-34595,-34226,-33857,-33579,-33488,-33119,-32750,-32381,-32012,-31643,-31274,-30905,-30536,-30167,-29798,-29429,-29060,-28691,-28322,-27953,-27584,-27215,-26846,-26477,-26108,-25739,-25370,-25001,-24632,-24263,-23894,-23525,-23156,-22787,-22418,-22049,-21680,-21311,-20942,-20573,-20204,-19835,-19466,-19097,-18728,-18359,-17990,-17621,-17252,-16883,-16514,-16145,-15776,-15407,-15038,-14669,-14300,-13931,-13562,-13193,-12824,-12455,-12086,-11717,-11348,-10979,-10610,-10241,-9872,-9503,-9134,-8765,-8396,-8027,-7658,-7289,-6920,-6551,-6182,-5813,-5444,-5075,-4706,-4337,-3968,-3599,-3230,-2861,-2492,-2123,-1754,-1385,-1016,-647,-278
92,461,830,1199,1568,1937,2306,2675,3044,3413,3782,4151,4520,4889,5258,5627,5996,6365,6734,7103,7472,7841,8210,8579,8948,9317,9686,10055,10424,10793,11162,11531,11900,12269,12638,13007,13376,13745,14114,14483,14852,15221,15590,15959,16328,16697,17066,17435,17804,18173,18542,18911,19280,19649,20018,20387,20756,21125,21494,21863,22232,22601,22970,23339,23708,24077,24446,24815,25184,25553,25922,26291,26660,27029,27398,27767,28136,28505,28874,29243,29612,29981,30350,30719,31088,31457,31826,32195,32564,32933,33302,33671,34040,34409,34778,35147,35516,35885,36254,36623,36992,37361,37730,38099,38468,38837,39206,39575,39944,40313,40682,41051,41420,41789,42158,42527,42896,43265,43634,44003,44372,44741,45110,45479,45848,46217,46586,46955,47324,47693,48062,48431,48800,49169,49538,49907,50276,50645,51014,51383,51752,52121,52490,52859,53228,53597,53966,54335,54704,55073,55442,55811,56180,56549,56918,57287,57656,58025,58394,58763,59132,59501,59870,60239,60608,60977,61346,61715,62084,62453,62822,63191,63560,63929,64298,64667,65036,65405,65774,66143,66512,66881,67250,67619,67988,-67804,-67435,-67066,-66697,-66328,-65959,-65590,-65221,-64852,-64483,-64114,-63745,-63376,-63007,-62638,-62269,-61900,-61531,-61162,-60793,-60424,-60055,-59686,-59317,-58948,-58579,-58210,-57841,-57472,-57103,-56734,-56365,-55996,-55627,-55258,-54889,-54520,-54151,-53782,-53413,-53044,-52675,-52306,-51937,-51568,-51199,-50830,-50461,-50092,-49723,-49354,-48985,-48616,-48247,-47878,-47509,-47140,-46771,-46402,-46033,-45664,-45295,-44926,-44557,-44188,-43819,-43450,-43081,-42712,-42343,-41974,-41605,-41236,-40867,-40498,-40129,-39760,-39391,-39022,-38653,-38284,-37915,-37546,-37177,-36808,-36439,-36070,-35701,-35332,-34963,-34594,-34225,-33948,-33856,-33487,-33118,-32749,-32380,-32011,-31642,-31273,-30904,-30535,-30166,-29797,-29428,-29059,-28690,-28321,-27952,-27583,-27214,-26845,-26476,-26107,-25738,-25369,-25000,-24631,-24262,-23893,-23524,-23155,-22786,-22417,-22048,-21679,-21310,-20941,-20572,-20203,-19834,-19465,-19096,-18727,-18358,-17989,-17620,-17251,-16882,-16513,-16144,-15775,-15406,-15037,-14668,-14299,-13930,-13561,-13192,-12823,-12454,-12085,-11716,-11347,-10978,-10609,-10240,-9871,-9502,-9133,-8764,-8395,-8026,-7657,-7288,-6919,-6550,-6181,-5812,-5443,-5074,-4705,-4336,-3967,-3598,-3229,-2860,-2491,-2122,-1753,-1384,-1015,-646,-277
93,462,831,1200,1569,1938,2307,2676,3045,3414,3783,4152,4521,4890,5259,5628,5997,6366,6735,7104,7473,7842,8211,8580,8949,9318,9687,10056,10425,10794,11163,11532,11901,12270,12639,13008,13377,13746,14115,14484,14853,15222,15591,15960,16329,16698,17067,17436,17805,18174,18543,18912,19281,19650,20019,20388,20757,21126,21495,21864,22233,22602,22971,23340,23709,24078,24447,24816,25185,25554,25923,26292,26661,27030,27399,27768,28137,28506,28875,29244,29613,29982,30351,30720,31089,31458,31827,32196,32565,32934,33303,33672,34041,34410,34779,35148,35517,35886,36255,36624,36993,37362,37731,38100,38469,38838,39207,39576,39945,40314,40683,41052,41421,41790,42159,42528,42897,43266,43635,44004,44373,44742,45111,45480,45849,46218,46587,46956,47325,47694,48063,48432,48801,49170,49539,49908,50277,50646,51015,51384,51753,52122,52491,52860,53229,53598,53967,54336,54705,55074,55443,55812,56181,56550,56919,57288,57657,58026,58395,58764,59133,59502,59871,60240,60609,60978,61347,61716,62085,62454,62823,63192,63561,63930,64299,64668,65037,65406,65775,66144,66513,66882,67251,67620,67989,-67803,-67434,-67065,-66696,-66327,-65958,-65589,-65220,-64851,-64482,-64113,-63744,-63375,-63006,-62637,-62268,-61899,-61530,-61161,-60792,-60423,-60054,-59685,-59316,-58947,-58578,-58209,-57840,-57471,-57102,-56733,-56364,-55995,-55626,-55257,-54888,-54519,-54150,-53781,-53412,-53043,-52674,-52305,-51936,-51567,-51198,-50829,-50460,-50091,-49722,-49353,-48984,-48615,-48246,-47877,-47508,-47139,-46770,-46401,-46032,-45663,-45294,-44925,-44556,-44187,-43818,-43449,-43080,-42711,-42342,-41973,-41604,-41235,-40866,-40497,-40128,-39759,-39390,-39021,-38652,-38283,-37914,-37545,-37176,-36807,-36438,-36069,-35700,-35331,-34962,-34593,-34317,-34224,-33855,-33486,-33117,-32748,-32379,-32010,-31641,-31272,-30903,-30534,-30165,-29796,-29427,-29058,-28689,-28320,-27951,-27582,-27213,-26844,-26475,-26106,-25737,-25368,-24999,-24630,-24261,-23892,-23523,-23154,-22785,-22416,-22047,-21678,-21309,-20940,-20571,-20202,-19833,-19464,-19095,-18726,-18357,-17988,-17619,-17250,-16881,-16512,-16143,-15774,-15405,-15036,-14667,-14298,-13929,-13560,-13191,-12822,-12453,-12084,-11715,-11346,-10977,-10608,-10239,-9870,-9501,-9132,-8763,-8394,-8025,-7656,-7287,-6918,-6549,-6180,-5811,-5442,-5073,-4704,-4335,-3966,-3597,-3228,-2859,-2490,-2121,-1752,-1383,-1014,-645,-276
94,463,832,1201,1570,1939,2308,2677,3046,3415,3784,4153,4522,4891,5260,5629,5998,6367,6736,7105,7474,7843,8212,8581,8950,9319,9688,10057,10426,10795,11164,11533,11902,12271,12640,13009,13378,13747,14116,14485,14854,15223,15592,15961,16330,16699,17068,17437,17806,18175,18544,18913,19282,19651,20020,20389,20758,21127,21496,21865,22234,22603,22972,23341,23710,24079,24448,24817,25186,25555,25924,26293,26662,27031,27400,27769,28138,28507,28876,29245,29614,29983,30352,30721,31090,31459,31828,32197,32566,32935,33304,33673,34042,34411,34780,35149,35518,35887,36256,36625,36994,37363,37732,38101,38470,38839,39208,39577,39946,40315,40684,41053,41422,41791,42160,42529,42898,43267,43636,44005,44374,44743,45112,45481,45850,46219,46588,46957,47326,47695,48064,48433,48802,49171,49540,49909,50278,50647,51016,51385,51754,52123,52492,52861,53230,53599,53968,54337,54706,55075,55444,55813,56182,56551,56920,57289,57658,58027,58396,58765,59134,59503,59872,60241,60610,60979,61348,61717,62086,62455,62824,63193,63562,63931,64300,64669,65038,65407,65776,66145,66514,66883,67252,67621,67990,-67802,-67433,-67064,-66695,-66326,-65957,-65588,-65219,-64850,-64481,-64112,-63743,-63374,-63005,-62636,-62267,-61898,-61529,-61160,-60791,-60422,-60053,-59684,-59315,-58946,-58577,-58208,-57839,-57470,-57101,-56732,-56363,-55994,-55625,-55256,-54887,-54518,-54149,-53780,-53411,-53042,-52673,-52304,-51935,-51566,-51197,-50828,-50459,-50090,-49721,-49352,-48983,-48614,-48245,-47876,-47507,-47138,-46769,-46400,-46031,-45662,-45293,-44924,-44555,-44186,-43817,-43448,-43079,-42710,-42341,-41972,-41603,-41234,-40865,-40496,-40127,-39758,-39389,-39020,-38651,-38282,-37913,-37544,-37175,-36806,-36437,-36068,-35699,-35330,-34961,-34686,-34592,-34223,-33854,-33485,-33116,-32747,-32378,-32009,-31640,-31271,-30902,-30533,-30164,-29795,-29426,-29057,-28688,-28319,-27950,-27581,-27212,-26843,-26474,-26105,-25736,-25367,-24998,-24629,-24260,-23891,-23522,-23153,-22784,-22415,-22046,-21677,-21308,-20939,-20570,-20201,-19832,-19463,-19094,-18725,-18356,-17987,-17618,-17249,-16880,-16511,-16142,-15773,-15404,-15035,-14666,-14297,-13928,-13559,-13190,-12821,-12452,-12083,-11714,-11345,-10976,-10607,-10238,-9869,-9500,-9131,-8762,-8393,-8024,-7655,-7286,-6917,-6548,-6179,-5810,-5441,-5072,-4703,-4334,-3965,-3596,-3227,-2858,-2489,-2120,-1751,-1382,-1013,-644,-275
95,464,833,1202,1571,1940,2309,2678,3047,3416,3785,4154,4523,4892,5261,5630,5999,6368,6737,7106,7475,7844,8213,8582,8951,9320,9689,10058,10427,10796,11165,11534,11903,12272,12641,13010,13379,13748,14117,14486,14855,15224,15593,15962,16331,16700,17069,17438,17807,18176,18545,18914,19283,19652,20021,20390,20759,21128,21497,21866,22235,22604,22973,23342,23711,24080,24449,24818,25187,25556,25925,26294,26663,27032,27401,27770,28139,28508,28877,29246,29615,29984,30353,30722,31091,31460,31829,32198,32567,32936,33305,33674,34043,34412,34781,35150,35519,35888,36257,36626,36995,37364,37733,38102,38471,38840,39209,39578,39947,40316,40685,41054,41423,41792,42161,42530,42899,43268,43637,44006,44375,44744,45113,45482,45851,46220,46589,46958,47327,47696,48065,48434,48803,49172,49541,49910,50279,50648,51017,51386,51755,52124,52493,52862,53231,53600,53969,54338,54707,55076,55445,55814,56183,56552,56921,57290,57659,58028,58397,58766,59135,59504,59873,60242,60611,60980,61349,61718,62087,62456,62825,63194,63563,63932,64301,64670,65039,65408,65777,66146,66515,66884,67253,67622,67991,-67801,-67432,-67063,-66694,-66325,-65956,-65587,-65218,-64849,-64480,-64111,-63742,-63373,-63004,-62635,-62266,-61897,-61528,-61159,-60790,-60421,-60052,-59683,-59314,-58945,-58576,-58207,-57838,-57469,-57100,-56731,-56362,-55993,-55624,-55255,-54886,-54517,-54148,-53779,-53410,-53041,-52672,-52303,-51934,-51565,-51196,-50827,-50458,-50089,-49720,-49351,-48982,-48613,-48244,-47875,-47506,-47137,-46768,-46399,-46030,-45661,-45292,-44923,-44554,-44185,-43816,-43447,-43078,-42709,-42340,-41971,-41602,-41233,-40864,-40495,-40126,-39757,-39388,-39019,-38650,-38281,-37912,-37543,-37174,-36805,-36436,-36067,-35698,-35329,-35055,-34960,-34591,-34222,-33853,-33484,-33115,-32746,-32377,-32008,-31639,-31270,-30901,-30532,-30163,-29794,-29425,-29056,-28687,-28318,-27949,-27580,-27211,-26842,-26473,-26104,-25735,-25366,-24997,-24628,-24259,-23890,-23521,-23152,-22783,-22414,-22045,-21676,-21307,-20938,-20569,-20200,-19831,-19462,-19093,-18724,-18355,-17986,-17617,-17248,-16879,-16510,-16141,-15772,-15403,-15034,-14665,-14296,-13927,-13558,-13189,-12820,-12451,-12082,-11713,-11344,-10975,-10606,-10237,-9868,-9499,-9130,-8761,-8392,-8023,-7654,-7285,-6916,-6547,-6178,-5809,-5440,-5071,-4702,-4333,-3964,-3595,-3226,-2857,-2488,-2119,-1750,-1381,-1012,-643,-274
96,465,834,1203,1572,1941,2310,2679,3048,3417,3786,4155,4524,4893,5262,5631,6000,6369,6738,7107,7476,7845,8214,8583,8952,9321,9690,10059,10428,10797,11166,11535,11904,12273,12642,13011,13380,13749,14118,14487,14856,15225,15594,15963,16332,16701,17070,17439,17808,18177,18546,18915,19284,19653,20022,20391,20760,21129,21498,21867,22236,22605,22974,23343,23712,24081,24450,24819,25188,25557,25926,26295,26664,27033,27402,27771,28140,28509,28878,29247,29616,29985,30354,30723,31092,31461,31830,32199,32568,32937,33306,33675,34044,34413,34782,35151,35520,35889,36258,36627,36996,37365,37734,38103,38472,38841,39210,39579,39948,40317,40686,41055,41424,41793,42162,42531,42900,43269,43638,44007,44376,44745,45114,45483,45852,46221,46590,46959,47328,47697,48066,48435,48804,49173,49542,49911,50280,50649,51018,51387,51756,52125,52494,52863,53232,53601,53970,54339,54708,55077,55446,55815,56184,56553,56922,57291,57660,58029,58398,58767,59136,59505,59874,60243,60612,60981,61350,61719,62088,62457,62826,63195,63564,63933,64302,64671,65040,65409,65778,66147,66516,66885,67254,67623,67992,-67800,-67431,-67062,-66693,-66324,-65955,-65586,-65217,-64848,-64479,-64110,-63741,-63372,-63003,-62634,-62265,-61896,-61527,-61158,-60789,-60420,-60051,-59682,-59313,-58944,-58575,-58206,-57837,-57468,-57099,-56730,-56361,-55992,-55623,-55254,-54885,-54516,-54147,-53778,-53409,-53040,-52671,-52302,-51933,-51564,-51195,-50826,-50457,-50088,-49719,-49350,-48981,-48612,-48243,-47874,-47505,-47136,-46767,-46398,-46029,-45660,-45291,-44922,-44553,-44184,-43815,-43446,-43077,-42708,-42339,-41970,-41601,-41232,-40863,-40494,-40125,-39756,-39387,-39018,-38649,-38280,-37911,-37542,-37173,-36804,-36435,-36066,-35697,-35424,-35328,-34959,-34590,-34221,-33852,-33483,-33114,-32745,-32376,-32007,-31638,-31269,-30900,-30531,-30162,-29793,-29424,-29055,-28686,-28317,-27948,-27579,-27210,-26841,-26472,-26103,-25734,-25365,-24996,-24627,-24258,-23889,-23520,-23151,-22782,-22413,-22044,-21675,-21306,-20937,-20568,-20199,-19830,-19461,-19092,-18723,-18354,-17985,-17616,-17247,-16878,-16509,-16140,-15771,-15402,-15033,-14664,-14295,-13926,-13557,-13188,-12819,-12450,-12081,-11712,-11343,-10974,-10605,-10236,-9867,-9498,-9129,-8760,-8391,-8022,-7653,-7284,-6915,-6546,-6177,-5808,-5439,-5070,-4701,-4332,-3963,-3594,-3225,-2856,-2487,-2118,-1749,-1380,-1011,-642,-273
97,466,835,1204,1573,1942,2311,2680,3049,3418,3787,4156,4525,4894,5263,5632,6001,6370,6739,7108,7477,7846,8215,8584,8953,9322,9691,10060,10429,10798,11167,11536,11905,12274,12643,13012,13381,13750,14119,14488,14857,15226,15595,15964,16333,16702,17071,17440,17809,18178,18547,18916,19285,19654,20023,20392,20761,21130,21499,21868,22237,22606,22975,23344,23713,24082,24451,24820,25189,25558,25927,26296,26665,27034,27403,27772,28141,28510,28879,29248,29617,29986,30355,30724,31093,31462,31831,32200,32569,32938,33307,33676,34045,34414,34783,35152,35521,35890,36259,36628,36997,37366,37735,38104,38473,38842,39211,39580,39949,40318,40687,41056,41425,41794,42163,42532,42901,43270,43639,44008,44377,44746,45115,45484,45853,46222,46591,46960,47329,47698,48067,48436,48805,49174,49543,49912,50281,50650,51019,51388,51757,52126,52495,52864,53233,53602,53971,54340,54709,55078,55447,55816,56185,56554,56923,57292,57661,58030,58399,58768,59137,59506,59875,60244,60613,60982,61351,61720,62089,62458,62827,63196,63565,63934,64303,64672,65041,65410,65779,66148,66517,66886,67255,67624,67993,-67799,-67430,-67061,-66692,-66323,-65954,-65585,-65216,-64847,-64478,-64109,-63740,-63371,-63002,-62633,-62264,-61895,-61526,-61157,-60788,-60419,-60050,-59681,-59312,-58943,-58574,-58205,-57836,-57467,-57098,-56729,-56360,-55991,-55622,-55253,-54884,-54515,-54146,-53777,-53408,-53039,-52670,-52301,-51932,-51563,-51194,-50825,-50456,-50087,-49718,-49349,-48980,-48611,-48242,-47873,-47504,-47135,-46766,-46397,-46028,-45659,-45290,-44921,-44552,-44183,-43814,-43445,-43076,-42707,-42338,-41969,-41600,-41231,-40862,-40493,-40124,-39755,-39386,-39017,-38648,-38279,-37910,-37541,-37172,-36803,-36434,-36065,-35793,-35696,-35327,-34958,-34589,-34220,-33851,-33482,-33113,-32744,-32375,-32006,-31637,-31268,-30899,-30530,-30161,-29792,-29423,-29054,-28685,-28316,-27947,-27578,-27209,-26840,-26471,-26102,-25733,-25364,-24995,-24626,-24257,-23888,-23519,-23150,-22781,-22412,-22043,-21674,-21305,-20936,-20567,-20198,-19829,-19460,-19091,-18722,-18353,-17984,-17615,-17246,-16877,-16508,-16139,-15770,-15401,-15032,-14663,-14294,-13925,-13556,-13187,-12818,-12449,-12080,-11711,-11342,-10973,-10604,-10235,-9866,-9497,-9128,-8759,-8390,-8021,-7652,-7283,-6914,-6545,-6176,-5807,-5438,-5069,-4700,-4331,-3962,-3593,-3224,-2855,-2486,-2117,-1748,-1379,-1010,-641,-272
98,467,836,1205,1574,1943,2312,2681,3050,3419,3788,4157,4526,4895,5264,5633,6002,6371,6740,7109,7478,7847,8216,8585,8954,9323,9692,10061,10430,10799,11168,11537,11906,12275,12644,13013,13382,13751,14120,14489,14858,15227,15596,15965,16334,16703,17072,17441,17810,18179,18548,18917,19286,19655,20024,20393,20762,21131,21500,21869,22238,22607,22976,23345,23714,24083,24452,24821,25190,25559,25928,26297,26666,27035,27404,27773,28142,28511,28880,29249,29618,29987,30356,30725,31094,31463,31832,32201,32570,32939,33308,33677,34046,34415,34784,35153,35522,35891,36260,36629,36998,37367,37736,38105,38474,38843,39212,39581,39950,40319,40688,41057,41426,41795,42164,42533,42902,43271,43640,44009,44378,44747,45116,45485,45854,46223,46592,46961,47330,47699,48068,48437,48806,49175,49544,49913,50282,50651,51020,51389,51758,52127,52496,52865,53234,53603,53972,54341,54710,55079,55448,55817,56186,56555,56924,57293,57662,58031,58400,58769,59138,59507,59876,60245,60614,60983,61352,61721,62090,62459,62828,63197,63566,63935,64304,64673,65042,65411,65780,66149,66518,66887,67256,67625,67994,-67798,-67429,-67060,-66691,-66322,-65953,-65584,-65215,-64846,-64477,-64108,-63739,-63370,-63001,-62632,-62263,-61894,-61525,-61156,-60787,-60418,-60049,-59680,-59311,-58942,-58573,-58204,-57835,-57466,-57097,-56728,-56359,-55990,-55621,-55252,-54883,-54514,-54145,-53776,-53407,-53038,-52669,-52300,-51931,-51562,-51193,-50824,-50455,-50086,-49717,-49348,-48979,-48610,-48241,-47872,-47503,-47134,-46765,-46396,-46027,-45658,-45289,-44920,-44551,-44182,-43813,-43444,-43075,-42706,-42337,-41968,-41599,-41230,-40861,-40492,-40123,-39754,-39385,-39016,-38647,-38278,-37909,-37540,-37171,-36802,-36433,-36162,-36064,-35695,-35326,-34957,-34588,-34219,-33850,-33481,-33112,-32743,-32374,-32005,-31636,-31267,-30898,-30529,-30160,-29791,-29422,-29053,-28684,-28315,-27946,-27577,-27208,-26839,-26470,-26101,-25732,-25363,-24994,-24625,-24256,-23887,-23518,-23149,-22780,-22411,-22042,-21673,-21304,-20935,-20566,-20197,-19828,-19459,-19090,-18721,-18352,-17983,-17614,-17245,-16876,-16507,-16138,-15769,-15400,-15031,-14662,-14293,-13924,-13555,-13186,-12817,-12448,-12079,-11710,-11341,-10972,-10603,-10234,-9865,-9496,-9127,-8758,-8389,-8020,-7651,-7282,-6913,-6544,-6175,-5806,-5437,-5068,-4699,-4330,-3961,-3592,-3223,-2854,-2485,-2116,-1747,-1378,-1009,-640,-271
99,468,837,1206,1575,1944,2313,2682,3051,3420,3789,4158,4527,4896,5265,5634,6003,6372,6741,7110,7479,7848,8217,8586,8955,9324,9693,10062,10431,10800,11169,11538,11907,12276,12645,13014,13383,13752,14121,14490,14859,15228,15597,15966,16335,16704,17073,17442,17811,18180,18549,18918,19287,19656,20025,20394,20763,21132,21501,21870,22239,22608,22977,23346,23715,24084,24453,24822,25191,25560,25929,26298,26667,27036,27405,27774,28143,28512,28881,29250,29619,29988,30357,30726,31095,31464,31833,32202,32571,32940,33309,33678,34047,34416,34785,35154,35523,35892,36261,36630,36999,37368,37737,38106,38475,38844,39213,39582,39951,40320,40689,41058,41427,41796,42165,42534,42903,43272,43641,44010,44379,44748,45117,45486,45855,46224,46593,46962,47331,47700,48069,48438,48807,49176,49545,49914,50283,50652,51021,51390,51759,52128,52497,52866,53235,53604,53973,54342,54711,55080,55449,55818,56187,56556,56925,57294,57663,58032,58401,58770,59139,59508,59877,60246,60615,60984,61353,61722,62091,62460,62829,63198,63567,63936,64305,64674,65043,65412,65781,66150,66519,66888,67257,67626,67995,-67797,-67428,-67059,-66690,-66321,-65952,-65583,-65214,-64845,-64476,-64107,-63738,-63369,-63000,-62631,-62262,-61893,-61524,-61155,-60786,-60417,-60048,-59679,-59310,-58941,-58572,-58203,-57834,-57465,-57096,-56727,-56358,-55989,-55620,-55251,-54882,-54513,-54144,-53775,-53406,-53037,-52668,-52299,-51930,-51561,-51192,-50823,-50454,-50085,-49716,-49347,-48978,-48609,-48240,-47871,-47502,-47133,-46764,-46395,-46026,-45657,-45288,-44919,-44550,-44181,-43812,-43443,-43074,-42705,-42336,-41967,-41598,-41229,-40860,-40491,-40122,-39753,-39384,-39015,-38646,-38277,-37908,-37539,-37170,-36801,-36531,-36432,-36063,-35694,-35325,-34956,-34587,-34218,-33849,-33480,-33111,-32742,-32373,-32004,-31635,-31266,-30897,-30528,-30159,-29790,-29421,-29052,-28683,-28314,-27945,-27576,-27207,-26838,-26469,-26100,-25731,-25362,-24993,-24624,-24255,-23886,-23517,-23148,-22779,-22410,-22041,-21672,-21303,-20934,-20565,-20196,-19827,-19458,-19089,-18720,-18351,-17982,-17613,-17244,-16875,-16506,-16137,-15768,-15399,-15030,-14661,-14292,-13923,-13554,-13185,-12816,-12447,-12078,-11709,-11340,-10971,-10602,-10233,-9864,-9495,-9126,-8757,-8388,-8019,-7650,-7281,-6912,-6543,-6174,-5805,-5436,-5067,-4698,-4329,-3960,-3591,-3222,-2853,-2484,-2115,-1746,-1377,-1008,-639,-270
100,469,838,1207,1576,1945,2314,2683,3052,3421,3790,4159,4528,4897,5266,5635,6004,6373,6742,7111,7480,7849,8218,8587,8956,9325,9694,10063,10432,10801,11170,11539,11908,12277,12646,13015,13384,13753,14122,14491,14860,15229,15598,15967,16336,16705,17074,17443,17812,18181,18550,18919,19288,19657,20026,20395,20764,21133,21502,21871,22240,22609,22978,23347,23716,24085,24454,24823,25192,25561,25930,26299,26668,27037,27406,27775,28144,28513,28882,29251,29620,29989,30358,30727,31096,31465,31834,32203,32572,32941,33310,33679,34048,34417,34786,35155,35524,35893,36262,36631,37000,37369,37738,38107,38476,38845,39214,39583,39952,40321,40690,41059,41428,41797,42166,42535,42904,43273,43642,44011,44380,44749,45118,45487,45856,46225,46594,46963,47332,47701,48070,48439,48808,49177,49546,49915,50284,50653,51022,51391,51760,52129,52498,52867,53236,53605,53974,54343,54712,55081,55450,55819,56188,56557,56926,57295,57664,58033,58402,58771,59140,59509,59878,60247,60616,60985,61354,61723,62092,62461,62830,63199,63568,63937,64306,64675,65044,65413,65782,66151,66520,66889,67258,67627,67996,-67796,-67427,-67058,-66689,-66320,-65951,-65582,-65213,-64844,-64475,-64106,-63737,-63368,-62999,-62630,-62261,-61892,-61523,-61154,-60785,-60416,-60047,-59678,-59309,-58940,-58571,-58202,-57833,-57464,-57095,-56726,-56357,-55988,-55619,-55250,-54881,-54512,-54143,-53774,-53405,-53036,-52667,-52298,-51929,-51560,-51191,-50822,-50453,-50084,-49715,-49346,-48977,-48608,-48239,-47870,-47501,-47132,-46763,-46394,-46025,-45656,-45287,-44918,-44549,-44180,-43811,-43442,-43073,-42704,-42335,-41966,-41597,-41228,-40859,-40490,-40121,-39752,-39383,-39014,-38645,-38276,-37907,-37538,-37169,-36900,-36800,-36431,-36062,-35693,-35324,-34955,-34586,-34217,-33848,-33479,-33110,-32741,-32372,-32003,-31634,-31265,-30896,-30527,-30158,-29789,-29420,-29051,-28682,-28313,-27944,-27575,-27206,-26837,-26468,-26099,-25730,-25361,-24992,-24623,-24254,-23885,-23516,-23147,-22778,-22409,-22040,-21671,-21302,-20933,-20564,-20195,-19826,-19457,-19088,-18719,-18350,-17981,-17612,-17243,-16874,-16505,-16136,-15767,-15398,-15029,-14660,-14291,-13922,-13553,-13184,-12815,-12446,-12077,-11708,-11339,-10970,-10601,-10232,-9863,-9494,-9125,-8756,-8387,-8018,-7649,-7280,-6911,-6542,-6173,-5804,-5435,-5066,-4697,-4328,-3959,-3590,-3221,-2852,-2483,-2114,-1745,-1376,-1007,-638,-269
101,470,839,1208,1577,1946,2315,2684,3053,3422,3791,4160,4529,4898,5267,5636,6005,6374,6743,7112,7481,7850,8219,8588,8957,9326,9695,10064,10433,10802,11171,11540,11909,12278,12647,13016,13385,13754,14123,14492,14861,15230,15599,15968,16337,16706,17075,17444,17813,18182,18551,18920,19289,19658,20027,20396,20765,21134,21503,21872,22241,22610,22979,23348,23717,24086,24455,24824,25193,25562,25931,26300,26669,27038,27407,27776,28145,28514,28883,29252,29621,29990,30359,30728,31097,31466,31835,32204,32573,32942,33311,33680,34049,34418,34787,35156,35525,35894,36263,36632,37001,37370,37739,38108,38477,38846,39215,39584,39953,40322,40691,41060,41429,41798,42167,42536,42905,43274,43643,44012,44381,44750,45119,45488,45857,46226,46595,46964,47333,47702,48071,48440,48809,49178,49547,49916,50285,50654,51023,51392,51761,52130,52499,52868,53237,53606,53975,54344,54713,55082,55451,55820,56189,56558,56927,57296,57665,58034,58403,58772,59141,59510,59879,60248,60617,60986,61355,61724,62093,62462,62831,63200,63569,63938,64307,64676,65045,65414,65783,66152,66521,66890,67259,67628,67997,-67795,-67426,-67057,-66688,-66319,-65950,-65581,-65212,-64843,-64474,-64105,-63736,-63367,-62998,-62629,-62260,-61891,-61522,-61153,-60784,-60415,-60046,-59677,-59308,-58939,-58570,-58201,-57832,-57463,-57094,-56725,-56356,-55987,-55618,-55249,-54880,-54511,-54142,-53773,-53404,-53035,-52666,-52297,-51928,-51559,-51190,-50821,-50452,-50083,-49714,-49345,-48976,-48607,-48238,-47869,-47500,-47131,-46762,-46393,-46024,-45655,-45286,-44917,-44548,-44179,-43810,-43441,-43072,-42703,-42334,-41965,-41596,-41227,-40858,-40489,-40120,-39751,-39382,-39013,-38644,-38275,-37906,-37537,-37269,-37168,-36799,-36430,-36061,-35692,-35323,-34954,-34585,-34216,-33847,-33478,-33109,-32740,-32371,-32002,-31633,-31264,-30895,-30526,-30157,-29788,-29419,-29050,-28681,-28312,-27943,-27574,-27205,-26836,-26467,-26098,-25729,-25360,-24991,-24622,-24253,-23884,-23515,-23146,-22777,-22408,-22039,-21670,-21301,-20932,-20563,-20194,-19825,-19456,-19087,-18718,-18349,-17980,-17611,-17242,-16873,-16504,-16135,-15766,-15397,-15028,-14659,-14290,-13921,-13552,-13183,-12814,-12445,-12076,-11707,-11338,-10969,-10600,-10231,-9862,-9493,-9124,-8755,-8386,-8017,-7648,-7279,-6910,-6541,-6172,-5803,-5434,-5065,-4696,-4327,-3958,-3589,-3220,-2851,-2482,-2113,-1744,-1375,-1006,-637,-268
102,471,840,1209,1578,1947,2316,2685,3054,3423,3792,4161,4530,4899,5268,5637,6006,6375,6744,7113,7482,7851,8220,8589,8958,9327,9696,10065,10434,10803,11172,11541,11910,12279,12648,13017,13386,13755,14124,14493,14862,15231,15600,15969,16338,16707,17076,17445,17814,18183,18552,18921,19290,19659,20028,20397,20766,21135,21504,21873,22242,22611,22980,23349,23718,24087,24456,24825,25194,25563,25932,26301,26670,27039,27408,27777,28146,28515,28884,29253,29622,29991,30360,30729,31098,31467,31836,32205,32574,32943,33312,33681,34050,34419,34788,35157,35526,35895,36264,36633,37002,37371,37740,38109,38478,38847,39216,39585,39954,40323,40692,41061,41430,41799,42168,42537,42906,43275,43644,44013,44382,44751,45120,45489,45858,46227,46596,46965,47334,47703,48072,48441,48810,49179,49548,49917,50286,50655,51024,51393,51762,52131,52500,52869,53238,53607,53976,54345,54714,55083,55452,55821,56190,56559,56928,57297,57666,58035,58404,58773,59142,59511,59880,60249,60618,60987,61356,61725,62094,62463,62832,63201,63570,63939,64308,64677,65046,65415,65784,66153,66522,66891,67260,67629,67998,-67794,-67425,-67056,-66687,-66318,-65949,-65580,-65211,-64842,-64473,-64104,-63735,-63366,-62997,-62628,-62259,-61890,-61521,-61152,-60783,-60414,-60045,-59676,-59307,-58938,-58569,-58200,-57831,-57462,-57093,-56724,-56355,-55986,-55617,-55248,-54879,-54510,-54141,-53772,-53403,-53034,-52665,-52296,-51927,-51558,-51189,-50820,-50451,-50082,-49713,-49344,-48975,-48606,-48237,-47868,-47499,-47130,-46761,-46392,-46023,-45654,-45285,-44916,-44547,-44178,-43809,-43440,-43071,-42702,-42333,-41964,-41595,-41226,-40857,-40488,-40119,-39750,-39381,-39012,-38643,-38274,-37905,-37638,-37536,-37167,-36798,-36429,-36060,-35691,-35322,-34953,-34584,-34215,-33846,-33477,-33108,-32739,-32370,-32001,-31632,-31263,-30894,-30525,-30156,-29787,-29418,-29049,-28680,-28311,-27942,-27573,-27204,-26835,-26466,-26097,-25728,-25359,-24990,-24621,-24252,-23883,-23514,-23145,-22776,-22407,-22038,-21669,-21300,-20931,-20562,-20193,-19824,-19455,-19086,-18717,-18348,-17979,-17610,-17241,-16872,-16503,-16134,-15765,-15396,-15027,-14658,-14289,-13920,-13551,-13182,-12813,-12444,-12075,-11706,-11337,-10968,-10599,-10230,-9861,-9492,-9123,-8754,-8385,-8016,-7647,-7278,-6909,-6540,-6171,-5802,-5433,-5064,-4695,-4326,-3957,-3588,-3219,-2850,-2481,-2112,-1743,-1374,-1005,-636,-267
103,472,841,1210,1579,1948,2317,2686,3055,3424,3793,4162,4531,4900,5269,5638,6007,6376,6745,7114,7483,7852,8221,8590,8959,9328,9697,10066,10435,10804,11173,11542,11911,12280,12649,13018,13387,13756,14125,14494,14863,15232,15601,15970,16339,16708,17077,17446,17815,18184,18553,18922,19291,19660,20029,20398,20767,21136,21505,21874,22243,22612,22981,23350,23719,24088,24457,24826,25195,25564,25933,26302,26671,27040,27409,27778,28147,28516,28885,29254,29623,29992,30361,30730,31099,31468,31837,32206,32575,32944,33313,33682,34051,34420,34789,35158,35527,35896,36265,36634,37003,37372,37741,38110,38479,38848,39217,39586,39955,40324,40693,41062,41431,41800,42169,42538,42907,43276,43645,44014,44383,44752,45121,45490,45859,46228,46597,46966,47335,47704,48073,48442,48811,49180,49549,49918,50287,50656,51025,51394,51763,52132,52501,52870,53239,53608,53977,54346,54715,55084,55453,55822,56191,56560,56929,57298,57667,58036,58405,58774,59143,59512,59881,60250,60619,60988,61357,61726,62095,62464,62833,63202,63571,63940,64309,64678,65047,65416,65785,66154,66523,66892,67261,67630,67999,-67793,-67424,-67055,-66686,-66317,-65948,-65579,-65210,-64841,-64472,-64103,-63734,-63365,-62996,-62627,-62258,-61889,-61520,-61151,-60782,-60413,-60044,-59675,-59306,-58937,-58568,-58199,-57830,-57461,-57092,-56723,-56354,-55985,-55616,-55247,-54878,-54509,-54140,-53771,-53402,-53033,-52664,-52295,-51926,-51557,-51188,-50819,-50450,-50081,-49712,-49343,-48974,-48605,-48236,-47867,-47498,-47129,-46760,-46391,-46022,-45653,-45284,-44915,-44546,-44177,-43808,-43439,-43070,-42701,-42332,-41963,-41594,-41225,-40856,-40487,-40118,-39749,-39380,-39011,-38642,-38273,-38007,-37904,-37535,-37166,-36797,-36428,-36059,-35690,-35321,-34952,-34583,-34214,-33845,-33476,-33107,-32738,-32369,-32000,-31631,-31262,-30893,-30524,-30155,-29786,-29417,-29048,-28679,-28310,-27941,-27572,-27203,-26834,-26465,-26096,-25727,-25358,-24989,-24620,-24251,-23882,-23513,-23144,-22775,-22406,-22037,-21668,-21299,-20930,-20561,-20192,-19823,-19454,-19085,-18716,-18347,-17978,-17609,-17240,-16871,-16502,-16133,-15764,-15395,-15026,-14657,-14288,-13919,-13550,-13181,-12812,-12443,-12074,-11705,-11336,-10967,-10598,-10229,-9860,-9491,-9122,-8753,-8384,-8015,-7646,-7277,-6908,-6539,-6170,-5801,-5432,-5063,-4694,-4325,-3956,-3587,-3218,-2849,-2480,-2111,-1742,-1373,-1004,-635,-266
104,473,842,1211,1580,1949,2318,2687,3056,3425,3794,4163,4532,4901,5270,5639,6008,6377,6746,7115,7484,7853,8222,8591,8960,9329,9698,10067,10436,10805,11174,11543,11912,12281,12650,13019,13388,13757,14126,14495,14864,15233,15602,15971,16340,16709,17078,17447,17816,18185,18554,18923,19292,19661,20030,20399,20768,21137,21506,21875,22244,22613,22982,23351,23720,24089,24458,24827,25196,25565,25934,26303,26672,27041,27410,27779,28148,28517,28886,29255,29624,29993,30362,30731,31100,31469,31838,32207,32576,32945,33314,33683,34052,34421,34790,35159,35528,35897,36266,36635,37004,37373,37742,38111,38480,38849,39218,39587,39956,40325,40694,41063,41432,41801,42170,42539,42908,43277,43646,44015,44384,44753,45122,45491,45860,46229,46598,46967,47336,47705,48074,48443,48812,49181,49550,49919,50288,50657,51026,51395,51764,52133,52502,52871,53240,53609,53978,54347,54716,55085,55454,55823,56192,56561,56930,57299,57668,58037,58406,58775,59144,59513,59882,60251,60620,60989,61358,61727,62096,62465,62834,63203,63572,63941,64310,64679,65048,65417,65786,66155,66524,66893,67262,67631,68000,-67792,-67423,-67054,-66685,-66316,-65947,-65578,-65209,-64840,-64471,-64102,-63733,-63364,-62995,-62626,-62257,-61888,-61519,-61150,-60781,-60412,-60043,-59674,-59305,-58936,-58567,-58198,-57829,-57460,-57091,-56722,-56353,-55984,-55615,-55246,-54877,-54508,-54139,-53770,-53401,-53032,-52663,-52294,-51925,-51556,-51187,-50818,-50449,-50080,-49711,-49342,-48973,-48604,-48235,-47866,-47497,-47128,-46759,-46390,-46021,-45652,-45283,-44914,-44545,-44176,-43807,-43438,-43069,-42700,-42331,-41962,-41593,-41224,-40855,-40486,-40117,-39748,-39379,-39010,-38641,-38376,-38272,-37903,-37534,-37165,-36796,-36427,-36058,-35689,-35320,-34951,-34582,-34213,-33844,-33475,-33106,-32737,-32368,-31999,-31630,-31261,-30892,-30523,-30154,-29785,-29416,-29047,-28678,-28309,-27940,-27571,-27202,-26833,-26464,-26095,-25726,-25357,-24988,-24619,-24250,-23881,-23512,-23143,-22774,-22405,-22036,-21667,-21298,-20929,-20560,-20191,-19822,-19453,-19084,-18715,-18346,-17977,-17608,-17239,-16870,-16501,-16132,-15763,-15394,-15025,-14656,-14287,-13918,-13549,-13180,-12811,-12442,-12073,-11704,-11335,-10966,-10597,-10228,-9859,-9490,-9121,-8752,-8383,-8014,-7645,-7276,-6907,-6538,-6169,-5800,-5431,-5062,-4693,-4324,-3955,-3586,-3217,-2848,-2479,-2110,-1741,-1372,-1003,-634,-265
105,474,843,1212,1581,1950,2319,2688,3057,3426,3795,4164,4533,4902,5271,5640,6009,6378,6747,7116,7485,7854,8223,8592,8961,9330,9699,10068,10437,10806,11175,11544,11913,12282,12651,13020,13389,13758,14127,14496,14865,15234,15603,15972,16341,16710,17079,17448,17817,18186,18555,18924,19293,19662,20031,20400,20769,21138,21507,21876,22245,22614,22983,23352,23721,24090,24459,24828,25197,25566,25935,26304,26673,27042,27411,27780,28149,28518,28887,29256,29625,29994,30363,30732,31101,31470,31839,32208,32577,32946,33315,33684,34053,34422,34791,35160,35529,35898,36267,36636,37005,37374,37743,38112,38481,38850,39219,39588,39957,40326,40695,41064,41433,41802,42171,42540,42909,43278,43647,44016,44385,44754,45123,45492,45861,46230,46599,46968,47337,47706,48075,48444,48813,49182,49551,49920,50289,50658,51027,51396,51765,52134,52503,52872,53241,53610,53979,54348,54717,55086,55455,55824,56193,56562,56931,57300,57669,58038,58407,58776,59145,59514,59883,60252,60621,60990,61359,61728,62097,62466,62835,63204,63573,63942,64311,64680,65049,65418,65787,66156,66525,66894,67263,67632,68001,-67791,-67422,-67053,-66684,-66315,-65946,-65577,-65208,-64839,-64470,-64101,-63732,-63363,-62994,-62625,-62256,-61887,-61518,-61149,-60780,-60411,-60042,-59673,-59304,-58935,-58566,-58197,-57828,-57459,-57090,-56721,-56352,-55983,-55614,-55245,-54876,-54507,-54138,-53769,-53400,-53031,-52662,-52293,-51924,-51555,-51186,-50817,-50448,-50079,-49710,-49341,-48972,-48603,-48234,-47865,-47496,-47127,-46758,-46389,-46020,-45651,-45282,-44913,-44544,-44175,-43806,-43437,-43068,-42699,-42330,-41961,-41592,-41223,-40854,-40485,-40116,-39747,-39378,-39009,-38745,-38640,-38271,-37902,-37533,-37164,-36795,-36426,-36057,-35688,-35319,-34950,-34581,-34212,-33843,-33474,-33105,-32736,-32367,-31998,-31629,-31260,-30891,-30522,-30153,-29784,-29415,-29046,-28677,-28308,-27939,-27570,-27201,-26832,-26463,-26094,-25725,-25356,-24987,-24618,-24249,-23880,-23511,-23142,-22773,-22404,-22035,-21666,-21297,-20928,-20559,-20190,-19821,-19452,-19083,-18714,-18345,-17976,-17607,-17238,-16869,-16500,-16131,-15762,-15393,-15024,-14655,-14286,-13917,-13548,-13179,-12810,-12441,-12072,-11703,-11334,-10965,-10596,-10227,-9858,-9489,-9120,-8751,-8382,-8013,-7644,-7275,-6906,-6537,-6168,-5799,-5430,-5061,-4692,-4323,-3954,-3585,-3216,-2847,-2478,-2109,-1740,-1371,-1002,-633,-264
106,475,844,1213,1582,1951,2320,2689,3058,3427,3796,4165,4534,4903,5272,5641,6010,6379,6748,7117,7486,7855,8224,8593,8962,9331,9700,10069,10438,10807,11176,11545,11914,12283,12652,13021,13390,13759,14128,14497,14866,15235,15604,15973,16342,16711,17080,17449,17818,18187,18556,18925,19294,19663,20032,20401,20770,21139,21508,21877,22246,22615,22984,23353,23722,24091,24460,24829,25198,25567,25936,26305,26674,27043,27412,27781,28150,28519,28888,29257,29626,29995,30364,30733,31102,31471,31840,32209,32578,32947,33316,33685,34054,34423,34792,35161,35530,35899,36268,36637,37006,37375,37744,38113,38482,38851,39220,39589,39958,40327,40696,41065,41434,41803,42172,42541,42910,43279,43648,44017,44386,44755,45124,45493,45862,46231,46600,46969,47338,47707,48076,48445,48814,49183,49552,49921,50290,50659,51028,51397,51766,52135,52504,52873,53242,53611,53980,54349,54718,55087,55456,55825,56194,56563,56932,57301,57670,58039,58408,58777,59146,59515,59884,60253,60622,60991,61360,61729,62098,62467,62836,63205,63574,63943,64312,64681,65050,65419,65788,66157,66526,66895,67264,67633,68002,-67790,-67421,-67052,-66683,-66314,-65945,-65576,-65207,-64838,-64469,-64100,-63731,-63362,-62993,-62624,-62255,-61886,-61517,-61148,-60779,-60410,-60041,-59672,-59303,-58934,-58565,-58196,-57827,-57458,-57089,-56720,-56351,-55982,-55613,-55244,-54875,-54506,-54137,-53768,-53399,-53030,-52661,-52292,-51923,-51554,-51185,-50816,-50447,-50078,-49709,-49340,-48971,-48602,-48233,-47864,-47495,-47126,-46757,-46388,-46019,-45650,-45281,-44912,-44543,-44174,-43805,-43436,-43067,-42698,-42329,-41960,-41591,-41222,-40853,-40484,-40115,-39746,-39377,-39114,-39008,-38639,-38270,-37901,-37532,-37163,-36794,-36425,-36056,-35687,-35318,-34949,-34580,-34211,-33842,-33473,-33104,-32735,-32366,-31997,-31628,-31259,-30890,-30521,-30152,-29783,-29414,-29045,-28676,-28307,-27938,-27569,-27200,-26831,-26462,-26093,-25724,-25355,-24986,-24617,-24248,-23879,-23510,-23141,-22772,-22403,-22034,-21665,-21296,-20927,-20558,-20189,-19820,-19451,-19082,-18713,-18344,-17975,-17606,-17237,-16868,-16499,-16130,-15761,-15392,-15023,-14654,-14285,-13916,-13547,-13178,-12809,-12440,-12071,-11702,-11333,-10964,-10595,-10226,-9857,-9488,-9119,-8750,-8381,-8012,-7643,-7274,-6905,-6536,-6167,-5798,-5429,-5060,-4691,-4322,-3953,-3584,-3215,-2846,-2477,-2108,-1739,-1370,-1001,-632,-263
107,476,845,1214,1583,1952,2321,2690,3059,3428,3797,4166,4535,4904,5273,5642,6011,6380,6749,7118,7487,7856,8225,8594,8963,9332,9701,10070,10439,10808,11177,11546,11915,12284,12653,13022,13391,13760,14129,14498,14867,15236,15605,15974,16343,16712,17081,17450,17819,18188,18557,18926,19295,19664,20033,20402,20771,21140,21509,21878,22247,22616,22985,23354,23723,24092,24461,24830,25199,25568,25937,26306,26675,27044,27413,27782,28151,28520,28889,29258,29627,29996,30365,30734,31103,31472,31841,32210,32579,32948,33317,33686,34055,34424,34793,35162,35531,35900,36269,36638,37007,37376,37745,38114,38483,38852,39221,39590,39959,40328,40697,41066,41435,41804,42173,42542,42911,43280,43649,44018,44387,44756,45125,45494,45863,46232,46601,46970,47339,47708,48077,48446,48815,49184,49553,49922,50291,50660,51029,51398,51767,52136,52505,52874,53243,53612,53981,54350,54719,55088,55457,55826,56195,56564,56933,57302,57671,58040,58409,58778,59147,59516,59885,60254,60623,60992,61361,61730,62099,62468,62837,63206,63575,63944,64313,64682,65051,65420,65789,66158,66527,66896,67265,67634,68003,-67789,-67420,-67051,-66682,-66313,-65944,-65575,-65206,-64837,-64468,-64099,-63730,-63361,-62992,-62623,-62254,-61885,-61516,-61147,-60778,-60409,-60040,-59671,-59302,-58933,-58564,-58195,-57826,-57457,-57088,-56719,-56350,-55981,-55612,-55243,-54874,-54505,-54136,-53767,-53398,-53029,-52660,-52291,-51922,-51553,-51184,-50815,-50446,-50077,-49708,-49339,-48970,-48601,-48232,-47863,-47494,-47125,-46756,-46387,-46018,-45649,-45280,-44911,-44542,-44173,-43804,-43435,-43066,-42697,-42328,-41959,-41590,-41221,-40852,-40483,-40114,-39745,-39483,-39376,-39007,-38638,-38269,-37900,-37531,-37162,-36793,-36424,-36055,-35686,-35317,-34948,-34579,-34210,-33841,-33472,-33103,-32734,-32365,-31996,-31627,-31258,-30889,-30520,-30151,-29782,-29413,-29044,-28675,-28306,-27937,-27568,-27199,-26830,-26461,-26092,-25723,-25354,-24985,-24616,-24247,-23878,-23509,-23140,-22771,-22402,-22033,-21664,-21295,-20926,-20557,-20188,-19819,-19450,-19081,-18712,-18343,-17974,-17605,-17236,-16867,-16498,-16129,-15760,-15391,-15022,-14653,-14284,-13915,-13546,-13177,-12808,-12439,-12070,-11701,-11332,-10963,-10594,-10225,-9856,-9487,-9118,-8749,-8380,-8011,-7642,-7273,-6904,-6535,-6166,-5797,-5428,-5059,-4690,-4321,-3952,-3583,-3214,-2845,-2476,-2107,-1738,-1369,-1000,-631,-262
108,477,846,1215,1584,1953,2322,2691,3060,3429,3798,4167,4536,4905,5274,5643,6012,6381,6750,7119,7488,7857,8226,8595,8964,9333,9702,10071,10440,10809,11178,11547,11916,12285,12654,13023,13392,13761,14130,14499,14868,15237,15606,15975,16344,16713,17082,17451,17820,18189,18558,18927,19296,19665,20034,20403,20772,21141,21510,21879,22248,22617,22986,23355,23724,24093,24462,24831,25200,25569,25938,26307,26676,27045,27414,27783,28152,28521,28890,29259,29628,29997,30366,30735,31104,31473,31842,32211,32580,32949,33318,33687,34056,34425,34794,35163,35532,35901,36270,36639,37008,37377,37746,38115,38484,38853,39222,39591,39960,40329,40698,41067,41436,41805,42174,42543,42912,43281,43650,44019,44388,44757,45126,45495,45864,46233,46602,46971,47340,47709,48078,48447,48816,49185,49554,49923,50292,50661,51030,51399,51768,52137,52506,52875,53244,53613,53982,54351,54720,55089,55458,55827,56196,56565,56934,57303,57672,58041,58410,58779,59148,59517,59886,60255,60624,60993,61362,61731,62100,62469,62838,63207,63576,63945,64314,64683,65052,65421,65790,66159,66528,66897,67266,67635,68004,-67788,-67419,-67050,-66681,-66312,-65943,-65574,-65205,-64836,-64467,-64098,-63729,-63360,-62991,-62622,-62253,-61884,-61515,-61146,-60777,-60408,-60039,-59670,-59301,-58932,-58563,-58194,-57825,-57456,-57087,-56718,-56349,-55980,-55611,-55242,-54873,-54504,-54135,-53766,-53397,-53028,-52659,-52290,-51921,-51552,-51183,-50814,-50445,-50076,-49707,-49338,-48969,-48600,-48231,-47862,-47493,-47124,-46755,-46386,-46017,-45648,-45279,-44910,-44541,-44172,-43803,-43434,-43065,-42696,-42327,-41958,-41589,-41220,-40851,-40482,-40113,-39852,-39744,-39375,-39006,-38637,-38268,-37899,-37530,-37161,-36792,-36423,-36054,-35685,-35316,-34947,-34578,-34209,-33840,-33471,-33102,-32733,-32364,-31995,-31626,-31257,-30888,-30519,-30150,-29781,-29412,-29043,-28674,-28305,-27936,-27567,-27198,-26829,-26460,-26091,-25722,-25353,-24984,-24615,-24246,-23877,-23508,-23139,-22770,-22401,-22032,-21663,-21294,-20925,-20556,-20187,-19818,-19449,-19080,-18711,-18342,-17973,-17604,-17235,-16866,-16497,-16128,-15759,-15390,-15021,-14652,-14283,-13914,-13545,-13176,-12807,-12438,-12069,-11700,-11331,-10962,-10593,-10224,-9855,-9486,-9117,-8748,-8379,-8010,-7641,-7272,-6903,-6534,-6165,-5796,-5427,-5058,-4689,-4320,-3951,-3582,-3213,-2844,-2475,-2106,-1737,-1368,-999,-630,-261
109,478,847,1216,1585,1954,2323,2692,3061,3430,3799,4168,4537,4906,5275,5644,6013,6382,6751,7120,7489,7858,8227,8596,8965,9334,9703,10072,10441,10810,11179,11548,11917,12286,12655,13024,13393,13762,14131,14500,14869,15238,15607,15976,16345,16714,17083,17452,17821,18190,18559,18928,19297,19666,20035,20404,20773,21142,21511,21880,22249,22618,22987,23356,23725,24094,24463,24832,25201,25570,25939,26308,26677,27046,27415,27784,28153,28522,28891,29260,29629,29998,30367,30736,31105,31474,31843,32212,32581,32950,33319,33688,34057,34426,34795,35164,35533,35902,36271,36640,37009,37378,37747,38116,38485,38854,39223,39592,39961,40330,40699,41068,41437,41806,42175,42544,42913,43282,43651,44020,44389,44758,45127,45496,45865,46234,46603,46972,47341,47710,48079,48448,48817,49186,49555,49924,50293,50662,51031,51400,51769,52138,52507,52876,53245,53614,53983,54352,54721,55090,55459,55828,56197,56566,56935,57304,57673,58042,58411,58780,59149,59518,59887,60256,60625,60994,61363,61732,62101,62470,62839,63208,63577,63946,64315,64684,65053,65422,65791,66160,66529,66898,67267,67636,68005,-67787,-67418,-67049,-66680,-66311,-65942,-65573,-65204,-64835,-64466,-64097,-63728,-63359,-62990,-62621,-62252,-61883,-61514,-61145,-60776,-60407,-60038,-59669,-59300,-58931,-58562,-58193,-57824,-57455,-57086,-56717,-56348,-55979,-55610,-55241,-54872,-54503,-54134,-53765,-53396,-53027,-52658,-52289,-51920,-51551,-51182,-50813,-50444,-50075,-49706,-49337,-48968,-48599,-48230,-47861,-47492,-47123,-46754,-46385,-46016,-45647,-45278,-44909,-44540,-44171,-43802,-43433,-43064,-42695,-42326,-41957,-41588,-41219,-40850,-40481,-40221,-40112,-39743,-39374,-39005,-38636,-38267,-37898,-37529,-37160,-36791,-36422,-36053,-35684,-35315,-34946,-34577,-34208,-33839,-33470,-33101,-32732,-32363,-31994,-31625,-31256,-30887,-30518,-30149,-29780,-29411,-29042,-28673,-28304,-27935,-27566,-27197,-26828,-26459,-26090,-25721,-25352,-24983,-24614,-24245,-23876,-23507,-23138,-22769,-22400,-22031,-21662,-21293,-20924,-20555,-20186,-19817,-19448,-19079,-18710,-18341,-17972,-17603,-17234,-16865,-16496,-16127,-15758,-15389,-15020,-14651,-14282,-13913,-13544,-13175,-12806,-12437,-12068,-11699,-11330,-10961,-10592,-10223,-9854,-9485,-9116,-8747,-8378,-8009,-7640,-7271,-6902,-6533,-6164,-5795,-5426,-5057,-4688,-4319,-3950,-3581,-3212,-2843,-2474,-2105,-1736,-1367,-998,-629,-260
110,479,848,1217,1586,1955,2324,2693,3062,3431,3800,4169,4538,4907,5276,5645,6014,6383,6752,7121,7490,7859,8228,8597,8966,9335,9704,10073,10442,10811,11180,11549,11918,12287,12656,13025,13394,13763,14132,14501,14870,15239,15608,15977,16346,16715,17084,17453,17822,18191,18560,18929,19298,19667,20036,20405,20774,21143,21512,21881,22250,22619,22988,23357,23726,24095,24464,24833,25202,25571,25940,26309,26678,27047,27416,27785,28154,28523,28892,29261,29630,29999,30368,30737,31106,31475,31844,32213,32582,32951,33320,33689,34058,34427,34796,35165,35534,35903,36272,36641,37010,37379,37748,38117,38486,38855,39224,39593,39962,40331,40700,41069,41438,41807,42176,42545,42914,43283,43652,44021,44390,44759,45128,45497,45866,46235,46604,46973,47342,47711,48080,48449,48818,49187,49556,49925,50294,50663,51032,51401,51770,52139,52508,52877,53246,53615,53984,54353,54722,55091,55460,55829,56198,56567,56936,57305,57674,58043,58412,58781,59150,59519,59888,60257,60626,60995,61364,61733,62102,62471,62840,63209,63578,63947,64316,64685,65054,65423,65792,66161,66530,66899,67268,67637,68006,-67786,-67417,-67048,-66679,-66310,-65941,-65572,-65203,-64834,-64465,-64096,-63727,-63358,-62989,-62620,-62251,-61882,-61513,-61144,-60775,-60406,-60037,-59668,-59299,-58930,-58561,-58192,-57823,-57454,-57085,-56716,-56347,-55978,-55609,-55240,-54871,-54502,-54133,-53764,-53395,-53026,-52657,-52288,-51919,-51550,-51181,-50812,-50443,-50074,-49705,-49336,-48967,-48598,-48229,-47860,-47491,-47122,-46753,-46384,-46015,-45646,-45277,-44908,-44539,-44170,-43801,-43432,-43063,-42694,-42325,-41956,-41587,-41218,-40849,-40590,-40480,-40111,-39742,-39373,-39004,-38635,-38266,-37897,-37528,-37159,-36790,-36421,-36052,-35683,-35314,-34945,-34576,-34207,-33838,-33469,-33100,-32731,-32362,-31993,-31624,-31255,-30886,-30517,-30148,-29779,-29410,-29041,-28672,-28303,-27934,-27565,-27196,-26827,-26458,-26089,-25720,-25351,-24982,-24613,-24244,-23875,-23506,-23137,-22768,-22399,-22030,-21661,-21292,-20923,-20554,-20185,-19816,-19447,-19078,-18709,-18340,-17971,-17602,-17233,-16864,-16495,-16126,-15757,-15388,-15019,-14650,-14281,-13912,-13543,-13174,-12805,-12436,-12067,-11698,-11329,-10960,-10591,-10222,-9853,-9484,-9115,-8746,-8377,-8008,-7639,-7270,-6901,-6532,-6163,-5794,-5425,-5056,-4687,-4318,-3949,-3580,-3211,-2842,-2473,-2104,-1735,-1366,-997,-628,-259
111,480,849,1218,1587,1956,2325,2694,3063,3432,3801,4170,4539,4908,5277,5646,6015,6384,6753,7122,7491,7860,8229,8598,8967,9336,9705,10074,10443,10812,11181,11550,11919,12288,12657,13026,13395,13764,14133,14502,14871,15240,15609,15978,16347,16716,17085,17454,17823,18192,18561,18930,19299,19668,20037,20406,20775,21144,21513,21882,22251,22620,22989,23358,23727,24096,24465,24834,25203,25572,25941,26310,26679,27048,27417,27786,28155,28524,28893,29262,29631,30000,30369,30738,31107,31476,31845,32214,32583,32952,33321,33690,34059,34428,34797,35166,35535,35904,36273,36642,37011,37380,37749,38118,38487,38856,39225,39594,39963,40332,40701,41070,41439,41808,42177,42546,42915,43284,43653,44022,44391,44760,45129,45498,45867,46236,46605,46974,47343,47712,48081,48450,48819,49188,49557,49926,50295,50664,51033,51402,51771,52140,52509,52878,53247,53616,53985,54354,54723,55092,55461,55830,56199,56568,56937,57306,57675,58044,58413,58782,59151,59520,59889,60258,60627,60996,61365,61734,62103,62472,62841,63210,63579,63948,64317,64686,65055,65424,65793,66162,66531,66900,67269,67638,68007,-67785,-67416,-67047,-66678,-66309,-65940,-65571,-65202,-64833,-64464,-64095,-63726,-63357,-62988,-62619,-62250,-61881,-61512,-61143,-60774,-60405,-60036,-59667,-59298,-58929,-58560,-58191,-57822,-57453,-57084,-56715,-56346,-55977,-55608,-55239,-54870,-54501,-54132,-53763,-53394,-53025,-52656,-52287,-51918,-51549,-51180,-50811,-50442,-50073,-49704,-49335,-48966,-48597,-48228,-47859,-47490,-47121,-46752,-46383,-46014,-45645,-45276,-44907,-44538,-44169,-43800,-43431,-43062,-42693,-42324,-41955,-41586,-41217,-40959,-40848,-40479,-40110,-39741,-39372,-39003,-38634,-38265,-37896,-37527,-37158,-36789,-36420,-36051,-35682,-35313,-34944,-34575,-34206,-33837,-33468,-33099,-32730,-32361,-31992,-31623,-31254,-30885,-30516,-30147,-29778,-29409,-29040,-28671,-28302,-27933,-27564,-27195,-26826,-26457,-26088,-25719,-25350,-24981,-24612,-24243,-23874,-23505,-23136,-22767,-22398,-22029,-21660,-21291,-20922,-20553,-20184,-19815,-19446,-19077,-18708,-18339,-17970,-17601,-17232,-16863,-16494,-16125,-15756,-15387,-15018,-14649,-14280,-13911,-13542,-13173,-12804,-12435,-12066,-11697,-11328,-10959,-10590,-10221,-9852,-9483,-9114,-8745,-8376,-8007,-7638,-7269,-6900,-6531,-6162,-5793,-5424,-5055,-4686,-4317,-3948,-3579,-3210,-2841,-2472,-2103,-1734,-1365,-996,-627,-258
112,481,850,1219,1588,1957,2326,2695,3064,3433,3802,4171,4540,4909,5278,5647,6016,6385,6754,7123,7492,7861,8230,8599,8968,9337,9706,10075,10444,10813,11182,11551,11920,12289,12658,13027,13396,13765,14134,14503,14872,15241,15610,15979,16348,16717,17086,17455,17824,18193,18562,18931,19300,19669,20038,20407,20776,21145,21514,21883,22252,22621,22990,23359,23728,24097,24466,24835,25204,25573,25942,26311,26680,27049,27418,27787,28156,28525,28894,29263,29632,30001,30370,30739,31108,31477,31846,32215,32584,32953,33322,33691,34060,34429,34798,35167,35536,35905,36274,36643,37012,37381,37750,38119,38488,38857,39226,39595,39964,40333,40702,41071,41440,41809,42178,42547,42916,43285,43654,44023,44392,44761,45130,45499,45868,46237,46606,46975,47344,47713,48082,48451,48820,49189,49558,49927,50296,50665,51034,51403,51772,52141,52510,52879,53248,53617,53986,54355,54724,55093,55462,55831,56200,56569,56938,57307,57676,58045,58414,58783,59152,59521,59890,60259,60628,60997,61366,61735,62104,62473,62842,63211,63580,63949,64318,64687,65056,65425,65794,66163,66532,66901,67270,67639,68008,-67784,-67415,-67046,-66677,-66308,-65939,-65570,-65201,-64832,-64463,-64094,-63725,-63356,-62987,-62618,-62249,-61880,-61511,-61142,-60773,-60404,-60035,-59666,-59297,-58928,-58559,-58190,-57821,-57452,-57083,-56714,-56345,-55976,-55607,-55238,-54869,-54500,-54131,-53762,-53393,-53024,-52655,-52286,-51917,-51548,-51179,-50810,-50441,-50072,-49703,-49334,-48965,-48596,-48227,-47858,-47489,-47120,-46751,-46382,-46013,-45644,-45275,-44906,-44537,-44168,-43799,-43430,-43061,-42692,-42323,-41954,-41585,-41328,-41216,-40847,-40478,-40109,-39740,-39371,-39002,-38633,-38264,-37895,-37526,-37157,-36788,-36419,-36050,-35681,-35312,-34943,-34574,-34205,-33836,-33467,-33098,-32729,-32360,-31991,-31622,-31253,-30884,-30515,-30146,-29777,-29408,-29039,-28670,-28301,-27932,-27563,-27194,-26825,-26456,-26087,-25718,-25349,-24980,-24611,-24242,-23873,-23504,-23135,-22766,-22397,-22028,-21659,-21290,-20921,-20552,-20183,-19814,-19445,-19076,-18707,-18338,-17969,-17600,-17231,-16862,-16493,-16124,-15755,-15386,-15017,-14648,-14279,-13910,-13541,-13172,-12803,-12434,-12065,-11696,-11327,-10958,-10589,-10220,-9851,-9482,-9113,-8744,-8375,-8006,-7637,-7268,-6899,-6530,-6161,-5792,-5423,-5054,-4685,-4316,-3947,-3578,-3209,-2840,-2471,-2102,-1733,-1364,-995,-626,-257
113,482,851,1220,1589,1958,2327,2696,3065,3434,3803,4172,4541,4910,5279,5648,6017,6386,6755,7124,7493,7862,8231,8600,8969,9338,9707,10076,10445,10814,11183,11552,11921,12290,12659,13028,13397,13766,14135,14504,14873,15242,15611,15980,16349,16718,17087,17456,17825,18194,18563,18932,19301,19670,20039,20408,20777,21146,21515,21884,22253,22622,22991,23360,23729,24098,24467,24836,25205,25574,25943,26312,26681,27050,27419,27788,28157,28526,28895,29264,29633,30002,30371,30740,31109,31478,31847,32216,32585,32954,33323,33692,34061,34430,34799,35168,35537,35906,36275,36644,37013,37382,37751,38120,38489,38858,39227,39596,39965,40334,40703,41072,41441,41810,42179,42548,42917,43286,43655,44024,44393,44762,45131,45500,45869,46238,46607,46976,47345,47714,48083,48452,48821,49190,49559,49928,50297,50666,51035,51404,51773,52142,52511,52880,53249,53618,53987,54356,54725,55094,55463,55832,56201,56570,56939,57308,57677,58046,58415,58784,59153,59522,59891,60260,60629,60998,61367,61736,62105,62474,62843,63212,63581,63950,64319,64688,65057,65426,65795,66164,66533,66902,67271,67640,68009,-67783,-67414,-67045,-66676,-66307,-65938,-65569,-65200,-64831,-64462,-64093,-63724,-63355,-62986,-62617,-62248,-61879,-61510,-61141,-60772,-60403,-60034,-59665,-59296,-58927,-58558,-58189,-57820,-57451,-57082,-56713,-56344,-55975,-55606,-55237,-54868,-54499,-54130,-53761,-53392,-53023,-52654,-52285,-51916,-51547,-51178,-50809,-50440,-50071,-49702,-49333,-48964,-48595,-48226,-47857,-47488,-47119,-46750,-46381,-46012,-45643,-45274,-44905,-44536,-44167,-43798,-43429,-43060,-42691,-42322,-41953,-41697,-41584,-41215,-40846,-40477,-40108,-39739,-39370,-39001,-38632,-38263,-37894,-37525,-37156,-36787,-36418,-36049,-35680,-35311,-34942,-34573,-34204,-33835,-33466,-33097,-32728,-32359,-31990,-31621,-31252,-30883,-30514,-30145,-29776,-29407,-29038,-28669,-28300,-27931,-27562,-27193,-26824,-26455,-26086,-25717,-25348,-24979,-24610,-24241,-23872,-23503,-23134,-22765,-22396,-22027,-21658,-21289,-20920,-20551,-20182,-19813,-19444,-19075,-18706,-18337,-17968,-17599,-17230,-16861,-16492,-16123,-15754,-15385,-15016,-14647,-14278,-13909,-13540,-13171,-12802,-12433,-12064,-11695,-11326,-10957,-10588,-10219,-9850,-9481,-9112,-8743,-8374,-8005,-7636,-7267,-6898,-6529,-6160,-5791,-5422,-5053,-4684,-4315,-3946,-3577,-3208,-2839,-2470,-2101,-1732,-1363,-994,-625,-256
114,483,852,1221,1590,1959,2328,2697,3066,3435,3804,4173,4542,4911,5280,5649,6018,6387,6756,7125,7494,7863,8232,8601,8970,9339,9708,10077,10446,10815,11184,11553,11922,12291,12660,13029,13398,13767,14136,14505,14874,15243,15612,15981,16350,16719,17088,17457,17826,18195,18564,18933,19302,19671,20040,20409,20778,21147,21516,21885,22254,22623,22992,23361,23730,24099,24468,24837,25206,25575,25944,26313,26682,27051,27420,27789,28158,28527,28896,29265,29634,30003,30372,30741,31110,31479,31848,32217,32586,32955,33324,33693,34062,34431,34800,35169,35538,35907,36276,36645,37014,37383,37752,38121,38490,38859,39228,39597,39966,40335,40704,41073,41442,41811,42180,42549,42918,43287,43656,44025,44394,44763,45132,45501,45870,46239,46608,46977,47346,47715,48084,48453,48822,49191,49560,49929,50298,50667,51036,51405,51774,52143,52512,52881,53250,53619,53988,54357,54726,55095,55464,55833,56202,56571,56940,57309,57678,58047,58416,58785,59154,59523,59892,60261,60630,60999,61368,61737,62106,62475,62844,63213,63582,63951,64320,64689,65058,65427,65796,66165,66534,66903,67272,67641,68010,-67782,-67413,-67044,-66675,-66306,-65937,-65568,-65199,-64830,-64461,-64092,-63723,-63354,-62985,-62616,-62247,-61878,-61509,-61140,-60771,-60402,-60033,-59664,-59295,-58926,-58557,-58188,-57819,-57450,-57081,-56712,-56343,-55974,-55605,-55236,-54867,-54498,-54129,-53760,-53391,-53022,-52653,-52284,-51915,-51546,-51177,-50808,-50439,-50070,-49701,-49332,-48963,-48594,-48225,-47856,-47487,-47118,-46749,-46380,-46011,-45642,-45273,-44904,-44535,-44166,-43797,-43428,-43059,-42690,-42321,-42066,-41952,-41583,-41214,-40845,-40476,-40107,-39738,-39369,-39000,-38631,-38262,-37893,-37524,-37155,-36786,-36417,-36048,-35679,-35310,-34941,-34572,-34203,-33834,-33465,-33096,-32727,-32358,-31989,-31620,-31251,-30882,-30513,-30144,-29775,-29406,-29037,-28668,-28299,-27930,-27561,-27192,-26823,-26454,-26085,-25716,-25347,-24978,-24609,-24240,-23871,-23502,-23133,-22764,-22395,-22026,-21657,-21288,-20919,-20550,-20181,-19812,-19443,-19074,-18705,-18336,-17967,-17598,-17229,-16860,-16491,-16122,-15753,-15384,-15015,-14646,-14277,-13908,-13539,-13170,-12801,-12432,-12063,-11694,-11325,-10956,-10587,-10218,-9849,-9480,-9111,-8742,-8373,-8004,-7635,-7266,-6897,-6528,-6159,-5790,-5421,-5052,-4683,-4314,-3945,-3576,-3207,-2838,-2469,-2100,-1731,-1362,-993,-624,-255
115,484,853,1222,1591,1960,2329,2698,3067,3436,3805,4174,4543,4912,5281,5650,6019,6388,6757,7126,7495,7864,8233,8602,8971,9340,9709,10078,10447,10816,11185,11554,11923,12292,12661,13030,13399,13768,14137,14506,14875,15244,15613,15982,16351,16720,17089,17458,17827,18196,18565,18934,19303,19672,20041,20410,20779,21148,21517,21886,22255,22624,22993,23362,23731,24100,24469,24838,25207,25576,25945,26314,26683,27052,27421,27790,28159,28528,28897,29266,29635,30004,30373,30742,31111,31480,31849,32218,32587,32956,33325,33694,34063,34432,34801,35170,35539,35908,36277,36646,37015,37384,37753,38122,38491,38860,39229,39598,39967,40336,40705,41074,41443,41812,42181,42550,42919,43288,43657,44026,44395,44764,45133,45502,45871,46240,46609,46978,47347,47716,48085,48454,48823,49192,49561,49930,50299,50668,51037,51406,51775,52144,52513,52882,53251,53620,53989,54358,54727,55096,55465,55834,56203,56572,56941,57310,57679,58048,58417,58786,59155,59524,59893,60262,60631,61000,61369,61738,62107,62476,62845,63214,63583,63952,64321,64690,65059,65428,65797,66166,66535,66904,67273,67642,68011,-67781,-67412,-67043,-66674,-66305,-65936,-65567,-65198,-64829,-64460,-64091,-63722,-63353,-62984,-62615,-62246,-61877,-61508,-61139,-60770,-60401,-60032,-59663,-59294,-58925,-58556,-58187,-57818,-57449,-57080,-56711,-56342,-55973,-55604,-55235,-54866,-54497,-54128,-53759,-53390,-53021,-52652,-52283,-51914,-51545,-51176,-50807,-50438,-50069,-49700,-49331,-48962,-48593,-48224,-47855,-47486,-47117,-46748,-46379,-46010,-45641,-45272,-44903,-44534,-44165,-43796,-43427,-43058,-42689,-42435,-42320,-41951,-41582,-41213,-40844,-40475,-40106,-39737,-39368,-38999,-38630,-38261,-37892,-37523,-37154,-36785,-36416,-36047,-35678,-35309,-34940,-34571,-34202,-33833,-33464,-33095,-32726,-32357,-31988,-31619,-31250,-30881,-30512,-30143,-29774,-29405,-29036,-28667,-28298,-27929,-27560,-27191,-26822,-26453,-26084,-25715,-25346,-24977,-24608,-24239,-23870,-23501,-23132,-22763,-22394,-22025,-21656,-21287,-20918,-20549,-20180,-19811,-19442,-19073,-18704,-18335,-17966,-17597,-17228,-16859,-16490,-16121,-15752,-15383,-15014,-14645,-14276,-13907,-13538,-13169,-12800,-12431,-12062,-11693,-11324,-10955,-10586,-10217,-9848,-9479,-9110,-8741,-8372,-8003,-7634,-7265,-6896,-6527,-6158,-5789,-5420,-5051,-4682,-4313,-3944,-3575,-3206,-2837,-2468,-2099,-1730,-1361,-992,-623,-254
116,485,854,1223,1592,1961,2330,2699,3068,3437,3806,4175,4544,4913,5282,5651,6020,6389,6758,7127,7496,7865,8234,8603,8972,9341,9710,10079,10448,10817,11186,11555,11924,12293,12662,13031,13400,13769,14138,14507,14876,15245,15614,15983,16352,16721,17090,17459,17828,18197,18566,18935,19304,19673,20042,20411,20780,21149,21518,21887,22256,22625,22994,23363,23732,24101,24470,24839,25208,25577,25946,26315,26684,27053,27422,27791,28160,28529,28898,29267,29636,30005,30374,30743,31112,31481,31850,32219,32588,32957,33326,33695,34064,34433,34802,35171,35540,35909,36278,36647,37016,37385,37754,38123,38492,38861,39230,39599,39968,40337,40706,41075,41444,41813,42182,42551,42920,43289,43658,44027,44396,44765,45134,45503,45872,46241,46610,46979,47348,47717,48086,48455,48824,49193,49562,49931,50300,50669,51038,51407,51776,52145,52514,52883,53252,53621,53990,54359,54728,55097,55466,55835,56204,56573,56942,57311,57680,58049,58418,58787,59156,59525,59894,60263,60632,61001,61370,61739,62108,62477,62846,63215,63584,63953,64322,64691,65060,65429,65798,66167,66536,66905,67274,67643,68012,-67780,-67411,-67042,-66673,-66304,-65935,-65566,-65197,-64828,-64459,-64090,-63721,-63352,-62983,-62614,-62245,-61876,-61507,-61138,-60769,-60400,-60031,-59662,-59293,-58924,-58555,-58186,-57817,-57448,-57079,-56710,-56341,-55972,-55603,-55234,-54865,-54496,-54127,-53758,-53389,-53020,-52651,-52282,-51913,-51544,-51175,-50806,-50437,-50068,-49699,-49330,-48961,-48592,-48223,-47854,-47485,-47116,-46747,-46378,-46009,-45640,-45271,-44902,-44533,-44164,-43795,-43426,-43057,-42804,-42688,-42319,-41950,-41581,-41212,-40843,-40474,-40105,-39736,-39367,-38998,-38629,-38260,-37891,-37522,-37153,-36784,-36415,-36046,-35677,-35308,-34939,-34570,-34201,-33832,-33463,-33094,-32725,-32356,-31987,-31618,-31249,-30880,-30511,-30142,-29773,-29404,-29035,-28666,-28297,-27928,-27559,-27190,-26821,-26452,-26083,-25714,-25345,-24976,-24607,-24238,-23869,-23500,-23131,-22762,-22393,-22024,-21655,-21286,-20917,-20548,-20179,-19810,-19441,-19072,-18703,-18334,-17965,-17596,-17227,-16858,-16489,-16120,-15751,-15382,-15013,-14644,-14275,-13906,-13537,-13168,-12799,-12430,-12061,-11692,-11323,-10954,-10585,-10216,-9847,-9478,-9109,-8740,-8371,-8002,-7633,-7264,-6895,-6526,-6157,-5788,-5419,-5050,-4681,-4312,-3943,-3574,-3205,-2836,-2467,-2098,-1729,-1360,-991,-622,-253
117,486,855,1224,1593,1962,2331,2700,3069,3438,3807,4176,4545,4914,5283,5652,6021,6390,6759,7128,7497,7866,8235,8604,8973,9342,9711,10080,10449,10818,11187,11556,11925,12294,12663,13032,13401,13770,14139,14508,14877,15246,15615,15984,16353,16722,17091,17460,17829,18198,18567,18936,19305,19674,20043,20412,20781,21150,21519,21888,22257,22626,22995,23364,23733,24102,24471,24840,25209,25578,25947,26316,26685,27054,27423,27792,28161,28530,28899,29268,29637,30006,30375,30744,31113,31482,31851,32220,32589,32958,33327,33696,34065,34434,34803,35172,35541,35910,36279,36648,37017,37386,37755,38124,38493,38862,39231,39600,39969,40338,40707,41076,41445,41814,42183,42552,42921,43290,43659,44028,44397,44766,45135,45504,45873,46242,46611,46980,47349,47718,48087,48456,48825,49194,49563,49932,50301,50670,51039,51408,51777,52146,52515,52884,53253,53622,53991,54360,54729,55098,55467,55836,56205,56574,56943,57312,57681,58050,58419,58788,59157,59526,59895,60264,60633,61002,61371,61740,62109,62478,62847,63216,63585,63954,64323,64692,65061,65430,65799,66168,66537,66906,67275,67644,68013,-67779,-67410,-67041,-66672,-66303,-65934,-65565,-65196,-64827,-64458,-64089,-63720,-63351,-62982,-62613,-62244,-61875,-61506,-61137,-60768,-60399,-60030,-59661,-59292,-58923,-58554,-58185,-57816,-57447,-57078,-56709,-56340,-55971,-55602,-55233,-54864,-54495,-54126,-53757,-53388,-53019,-52650,-52281,-51912,-51543,-51174,-50805,-50436,-50067,-49698,-49329,-48960,-48591,-48222,-47853,-47484,-47115,-46746,-46377,-46008,-45639,-45270,-44901,-44532,-44163,-43794,-43425,-43173,-43056,-42687,-42318,-41949,-41580,-41211,-40842,-40473,-40104,-39735,-39366,-38997,-38628,-38259,-37890,-37521,-37152,-36783,-36414,-36045,-35676,-35307,-34938,-34569,-34200,-33831,-33462,-33093,-32724,-32355,-31986,-31617,-31248,-30879,-30510,-30141,-29772,-29403,-29034,-28665,-28296,-27927,-27558,-27189,-26820,-26451,-26082,-25713,-25344,-24975,-24606,-24237,-23868,-23499,-23130,-22761,-22392,-22023,-21654,-21285,-20916,-20547,-20178,-19809,-19440,-19071,-18702,-18333,-17964,-17595,-17226,-16857,-16488,-16119,-15750,-15381,-15012,-14643,-14274,-13905,-13536,-13167,-12798,-12429,-12060,-11691,-11322,-10953,-10584,-10215,-9846,-9477,-9108,-8739,-8370,-8001,-7632,-7263,-6894,-6525,-6156,-5787,-5418,-5049,-4680,-4311,-3942,-3573,-3204,-2835,-2466,-2097,-1728,-1359,-990,-621,-252
118,487,856,1225,1594,1963,2332,2701,3070,3439,3808,4177,4546,4915,5284,5653,6022,6391,6760,7129,7498,7867,8236,8605,8974,9343,9712,10081,10450,10819,11188,11557,11926,12295,12664,13033,13402,13771,14140,14509,14878,15247,15616,15985,16354,16723,17092,17461,17830,18199,18568,18937,19306,19675,20044,20413,20782,21151,21520,21889,22258,22627,22996,23365,23734,24103,24472,24841,25210,25579,25948,26317,26686,27055,27424,27793,28162,28531,28900,29269,29638,30007,30376,30745,31114,31483,31852,32221,32590,32959,33328,33697,34066,34435,34804,35173,35542,35911,36280,36649,37018,37387,37756,38125,38494,38863,39232,39601,39970,40339,40708,41077,41446,41815,42184,42553,42922,43291,43660,44029,44398,44767,45136,45505,45874,46243,46612,46981,47350,47719,48088,48457,48826,49195,49564,49933,50302,50671,51040,51409,51778,52147,52516,52885,53254,53623,53992,54361,54730,55099,55468,55837,56206,56575,56944,57313,57682,58051,58420,58789,59158,59527,59896,60265,60634,61003,61372,61741,62110,62479,62848,63217,63586,63955,64324,64693,65062,65431,65800,66169,66538,66907,67276,67645,68014,-67778,-67409,-67040,-66671,-66302,-65933,-65564,-65195,-64826,-64457,-64088,-63719,-63350,-62981,-62612,-62243,-61874,-61505,-61136,-60767,-60398,-60029,-59660,-59291,-58922,-58553,-58184,-57815,-57446,-57077,-56708,-56339,-55970,-55601,-55232,-54863,-54494,-54125,-53756,-53387,-53018,-52649,-52280,-51911,-51542,-51173,-50804,-50435,-50066,-49697,-49328,-48959,-48590,-48221,-47852,-47483,-47114,-46745,-46376,-46007,-45638,-45269,-44900,-44531,-44162,-43793,-43542,-43424,-43055,-42686,-42317,-41948,-41579,-41210,-40841,-40472,-40103,-39734,-39365,-38996,-38627,-38258,-37889,-37520,-37151,-36782,-36413,-36044,-35675,-35306,-34937,-34568,-34199,-33830,-33461,-33092,-32723,-32354,-31985,-31616,-31247,-30878,-30509,-30140,-29771,-29402,-29033,-28664,-28295,-27926,-27557,-27188,-26819,-26450,-26081,-25712,-25343,-24974,-24605,-24236,-23867,-23498,-23129,-22760,-22391,-22022,-21653,-21284,-20915,-20546,-20177,-19808,-19439,-19070,-18701,-18332,-17963,-17594,-17225,-16856,-16487,-16118,-15749,-15380,-15011,-14642,-14273,-13904,-13535,-13166,-12797,-12428,-12059,-11690,-11321,-10952,-10583,-10214,-9845,-9476,-9107,-8738,-8369,-8000,-7631,-7262,-6893,-6524,-6155,-5786,-5417,-5048,-4679,-4310,-3941,-3572,-3203,-2834,-2465,-2096,-1727,-1358,-989,-620,-251
119,488,857,1226,1595,1964,2333,2702,3071,3440,3809,4178,4547,4916,5285,5654,6023,6392,6761,7130,7499,7868,8237,8606,8975,9344,9713,10082,10451,10820,11189,11558,11927,12296,12665,13034,13403,13772,14141,14510,14879,15248,15617,15986,16355,16724,17093,17462,17831,18200,18569,18938,19307,19676,20045,20414,20783,21152,21521,21890,22259,22628,22997,23366,23735,24104,24473,24842,25211,25580,25949,26318,26687,27056,27425,27794,28163,28532,28901,29270,29639,30008,30377,30746,31115,31484,31853,32222,32591,32960,33329,33698,34067,34436,34805,35174,35543,35912,36281,36650,37019,37388,37757,38126,38495,38864,39233,39602,39971,40340,40709,41078,41447,41816,42185,42554,42923,43292,43661,44030,44399,44768,45137,45506,45875,46244,46613,46982,47351,47720,48089,48458,48827,49196,49565,49934,50303,50672,51041,51410,51779,52148,52517,52886,53255,53624,53993,54362,54731,55100,55469,55838,56207,56576,56945,57314,57683,58052,58421,58790,59159,59528,59897,60266,60635,61004,61373,61742,62111,62480,62849,63218,63587,63956,64325,64694,65063,65432,65801,66170,66539,66908,67277,67646,68015,-67777,-67408,-67039,-66670,-66301,-65932,-65563,-65194,-64825,-64456,-64087,-63718,-63349,-62980,-62611,-62242,-61873,-61504,-61135,-60766,-60397,-60028,-59659,-59290,-58921,-58552,-58183,-57814,-57445,-57076,-56707,-56338,-55969,-55600,-55231,-54862,-54493,-54124,-53755,-53386,-53017,-52648,-52279,-51910,-51541,-51172,-50803,-50434,-50065,-49696,-49327,-48958,-48589,-48220,-47851,-47482,-47113,-46744,-46375,-46006,-45637,-45268,-44899,-44530,-44161,-43911,-43792,-43423,-43054,-42685,-42316,-41947,-41578,-41209,-40840,-40471,-40102,-39733,-39364,-38995,-38626,-38257,-37888,-37519,-37150,-36781,-36412,-36043,-35674,-35305,-34936,-34567,-34198,-33829,-33460,-33091,-32722,-32353,-31984,-31615,-31246,-30877,-30508,-30139,-29770,-29401,-29032,-28663,-28294,-27925,-27556,-27187,-26818,-26449,-26080,-25711,-25342,-24973,-24604,-24235,-23866,-23497,-23128,-22759,-22390,-22021,-21652,-21283,-20914,-20545,-20176,-19807,-19438,-19069,-18700,-18331,-17962,-17593,-17224,-16855,-16486,-16117,-15748,-15379,-15010,-14641,-14272,-13903,-13534,-13165,-12796,-12427,-12058,-11689,-11320,-10951,-10582,-10213,-9844,-9475,-9106,-8737,-8368,-7999,-7630,-7261,-6892,-6523,-6154,-5785,-5416,-5047,-4678,-4309,-3940,-3571,-3202,-2833,-2464,-2095,-1726,-1357,-988,-619,-250
120,489,858,1227,1596,1965,2334,2703,3072,3441,3810,4179,4548,4917,5286,5655,6024,6393,6762,7131,7500,7869,8238,8607,8976,9345,9714,10083,10452,10821,11190,11559,11928,12297,12666,13035,13404,13773,14142,14511,14880,15249,15618,15987,16356,16725,17094,17463,17832,18201,18570,18939,19308,19677,20046,20415,20784,21153,21522,21891,22260,22629,22998,23367,23736,24105,24474,24843,25212,25581,25950,26319,26688,27057,27426,27795,28164,28533,28902,29271,29640,30009,30378,30747,31116,31485,31854,32223,32592,32961,33330,33699,34068,34437,34806,35175,35544,35913,36282,36651,37020,37389,37758,38127,38496,38865,39234,39603,39972,40341,40710,41079,41448,41817,42186,42555,42924,43293,43662,44031,44400,44769,45138,45507,45876,46245,46614,46983,47352,47721,48090,48459,48828,49197,49566,49935,50304,50673,51042,51411,51780,52149,52518,52887,53256,53625,53994,54363,54732,55101,55470,55839,56208,56577,56946,57315,57684,58053,58422,58791,59160,59529,59898,60267,60636,61005,61374,61743,62112,62481,62850,63219,63588,63957,64326,64695,65064,65433,65802,66171,66540,66909,67278,67647,68016,-67776,-67407,-67038,-66669,-66300,-65931,-65562,-65193,-64824,-64455,-64086,-63717,-63348,-62979,-62610,-62241,-61872,-61503,-61134,-60765,-60396,-60027,-59658,-59289,-58920,-58551,-58182,-57813,-57444,-57075,-56706,-56337,-55968,-55599,-55230,-54861,-54492,-54123,-53754,-53385,-53016,-52647,-52278,-51909,-51540,-51171,-50802,-50433,-50064,-49695,-49326,-48957,-48588,-48219,-47850,-47481,-47112,-46743,-46374,-46005,-45636,-45267,-44898,-44529,-44280,-44160,-43791,-43422,-43053,-42684,-42315,-41946,-41577,-41208,-40839,-40470,-40101,-39732,-39363,-38994,-38625,-38256,-37887,-37518,-37149,-36780,-36411,-36042,-35673,-35304,-34935,-34566,-34197,-33828,-33459,-33090,-32721,-32352,-31983,-31614,-31245,-30876,-30507,-30138,-29769,-29400,-29031,-28662,-28293,-27924,-27555,-27186,-26817,-26448,-26079,-25710,-25341,-24972,-24603,-24234,-23865,-23496,-23127,-22758,-22389,-22020,-21651,-21282,-20913,-20544,-20175,-19806,-19437,-19068,-18699,-18330,-17961,-17592,-17223,-16854,-16485,-16116,-15747,-15378,-15009,-14640,-14271,-13902,-13533,-13164,-12795,-12426,-12057,-11688,-11319,-10950,-10581,-10212,-9843,-9474,-9105,-8736,-8367,-7998,-7629,-7260,-6891,-6522,-6153,-5784,-5415,-5046,-4677,-4308,-3939,-3570,-3201,-2832,-2463,-2094,-1725,-1356,-987,-618,-249
121,490,859,1228,1597,1966,2335,2704,3073,3442,3811,4180,4549,4918,5287,5656,6025,6394,6763,7132,7501,7870,8239,8608,8977,9346,9715,10084,10453,10822,11191,11560,11929,12298,12667,13036,13405,13774,14143,14512,14881,15250,15619,15988,16357,16726,17095,17464,17833,18202,18571,18940,19309,19678,20047,20416,20785,21154,21523,21892,22261,22630,22999,23368,23737,24106,24475,24844,25213,25582,25951,26320,26689,27058,27427,27796,28165,28534,28903,29272,29641,30010,30379,30748,31117,31486,31855,32224,32593,32962,33331,33700,34069,34438,34807,35176,35545,35914,36283,36652,37021,37390,37759,38128,38497,38866,39235,39604,39973,40342,40711,41080,41449,41818,42187,42556,42925,43294,43663,44032,44401,44770,45139,45508,45877,46246,46615,46984,47353,47722,48091,48460,48829,49198,49567,49936,50305,50674,51043,51412,51781,52150,52519,52888,53257,53626,53995,54364,54733,55102,55471,55840,56209,56578,56947,57316,57685,58054,58423,58792,59161,59530,59899,60268,60637,61006,61375,61744,62113,62482,62851,63220,63589,63958,64327,64696,65065,65434,65803,66172,66541,66910,67279,67648,68017,-67775,-67406,-67037,-66668,-66299,-65930,-65561,-65192,-64823,-64454,-64085,-63716,-63347,-62978,-62609,-62240,-61871,-61502,-61133,-60764,-60395,-60026,-59657,-59288,-58919,-58550,-58181,-57812,-57443,-57074,-56705,-56336,-55967,-55598,-55229,-54860,-54491,-54122,-53753,-53384,-53015,-52646,-52277,-51908,-51539,-51170,-50801,-50432,-50063,-49694,-49325,-48956,-48587,-48218,-47849,-47480,-47111,-46742,-46373,-46004,-45635,-45266,-44897,-44649,-44528,-44159,-43790,-43421,-43052,-42683,-42314,-41945,-41576,-41207,-40838,-40469,-40100,-39731,-39362,-38993,-38624,-38255,-37886,-37517,-37148,-36779,-36410,-36041,-35672,-35303,-34934,-34565,-34196,-33827,-33458,-33089,-32720,-32351,-31982,-31613,-31244,-30875,-30506,-30137,-29768,-29399,-29030,-28661,-28292,-27923,-27554,-27185,-26816,-26447,-26078,-25709,-25340,-24971,-24602,-24233,-23864,-23495,-23126,-22757,-22388,-22019,-21650,-21281,-20912,-20543,-20174,-19805,-19436,-19067,-18698,-18329,-17960,-17591,-17222,-16853,-16484,-16115,-15746,-15377,-15008,-14639,-14270,-13901,-13532,-13163,-12794,-12425,-12056,-11687,-11318,-10949,-10580,-10211,-9842,-9473,-9104,-8735,-8366,-7997,-7628,-7259,-6890,-6521,-6152,-5783,-5414,-5045,-4676,-4307,-3938,-3569,-3200,-2831,-2462,-2093,-1724,-1355,-986,-617,-248
122,491,860,1229,1598,1967,2336,2705,3074,3443,3812,4181,4550,4919,5288,5657,6026,6395,6764,7133,7502,7871,8240,8609,8978,9347,9716,10085,10454,10823,11192,11561,11930,12299,12668,13037,13406,13775,14144,14513,14882,15251,15620,15989,16358,16727,17096,17465,17834,18203,18572,18941,19310,19679,20048,20417,20786,21155,21524,21893,22262,22631,23000,23369,23738,24107,24476,24845,25214,25583,25952,26321,26690,27059,27428,27797,28166,28535,28904,29273,29642,30011,30380,30749,31118,31487,31856,32225,32594,32963,33332,33701,34070,34439,34808,35177,35546,35915,36284,36653,37022,37391,37760,38129,38498,38867,39236,39605,39974,40343,40712,41081,41450,41819,42188,42557,42926,43295,43664,44033,44402,44771,45140,45509,45878,46247,46616,46985,47354,47723,48092,48461,48830,49199,49568,49937,50306,50675,51044,51413,51782,52151,52520,52889,53258,53627,53996,54365,54734,55103,55472,55841,56210,56579,56948,57317,57686,58055,58424,58793,59162,59531,59900,60269,60638,61007,61376,61745,62114,62483,62852,63221,63590,63959,64328,64697,65066,65435,65804,66173,66542,66911,67280,67649,68018,-67774,-67405,-67036,-66667,-66298,-65929,-65560,-65191,-64822,-64453,-64084,-63715,-63346,-62977,-62608,-62239,-61870,-61501,-61132,-60763,-60394,-60025,-59656,-59287,-58918,-58549,-58180,-57811,-57442,-57073,-56704,-56335,-55966,-55597,-55228,-54859,-54490,-54121,-53752,-53383,-53014,-52645,-52276,-51907,-51538,-51169,-50800,-50431,-50062,-49693,-49324,-48955,-48586,-48217,-47848,-47479,-47110,-46741,-46372,-46003,-45634,-45265,-45018,-44896,-44527,-44158,-43789,-43420,-43051,-42682,-42313,-41944,-41575,-41206,-40837,-40468,-40099,-39730,-39361,-38992,-38623,-38254,-37885,-37516,-37147,-36778,-36409,-36040,-35671,-35302,-34933,-34564,-34195,-33826,-33457,-33088,-32719,-32350,-31981,-31612,-31243,-30874,-30505,-30136,-29767,-29398,-29029,-28660,-28291,-27922,-27553,-27184,-26815,-26446,-26077,-25708,-25339,-24970,-24601,-24232,-23863,-23494,-23125,-22756,-22387,-22018,-21649,-21280,-20911,-20542,-20173,-19804,-19435,-19066,-18697,-18328,-17959,-17590,-17221,-16852,-16483,-16114,-15745,-15376,-15007,-14638,-14269,-13900,-13531,-13162,-12793,-12424,-12055,-11686,-11317,-10948,-10579,-10210,-9841,-9472,-9103,-8734,-8365,-7996,-7627,-7258,-6889,-6520,-6151,-5782,-5413,-5044,-4675,-4306,-3937,-3568,-3199,-2830,-2461,-2092,-1723,-1354,-985,-616,-247
123,492,861,1230,1599,1968,2337,2706,3075,3444,3813,4182,4551,4920,5289,5658,6027,6396,6765,7134,7503,7872,8241,8610,8979,9348,9717,10086,10455,10824,11193,11562,11931,12300,12669,13038,13407,13776,14145,14514,14883,15252,15621,15990,16359,16728,17097,17466,17835,18204,18573,18942,19311,19680,20049,20418,20787,21156,21525,21894,22263,22632,23001,23370,23739,24108,24477,24846,25215,25584,25953,26322,26691,27060,27429,27798,28167,28536,28905,29274,29643,30012,30381,30750,31119,31488,31857,32226,32595,32964,33333,33702,34071,34440,34809,35178,35547,35916,36285,36654,37023,37392,37761,38130,38499,38868,39237,39606,39975,40344,40713,41082,41451,41820,42189,42558,42927,43296,43665,44034,44403,44772,45141,45510,45879,46248,46617,46986,47355,47724,48093,48462,48831,49200,49569,49938,50307,50676,51045,51414,51783,52152,52521,52890,53259,53628,53997,54366,54735,55104,55473,55842,56211,56580,56949,57318,57687,58056,58425,58794,59163,59532,59901,60270,60639,61008,61377,61746,62115,62484,62853,63222,63591,63960,64329,64698,65067,65436,65805,66174,66543,66912,67281,67650,68019,-67773,-67404,-67035,-66666,-66297,-65928,-65559,-65190,-64821,-64452,-64083,-63714,-63345,-62976,-62607,-62238,-61869,-61500,-61131,-60762,-60393,-60024,-59655,-59286,-58917,-58548,-58179,-57810,-57441,-57072,-56703,-56334,-55965,-55596,-55227,-54858,-54489,-54120,-53751,-53382,-53013,-52644,-52275,-51906,-51537,-51168,-50799,-50430,-50061,-49692,-49323,-48954,-48585,-48216,-47847,-47478,-47109,-46740,-46371,-46002,-45633,-45387,-45264,-44895,-44526,-44157,-43788,-43419,-43050,-42681,-42312,-41943,-41574,-41205,-40836,-40467,-40098,-39729,-39360,-38991,-38622,-38253,-37884,-37515,-37146,-36777,-36408,-36039,-35670,-35301,-34932,-34563,-34194,-33825,-33456,-33087,-32718,-32349,-31980,-31611,-31242,-30873,-30504,-30135,-29766,-29397,-29028,-28659,-28290,-27921,-27552,-27183,-26814,-26445,-26076,-25707,-25338,-24969,-24600,-24231,-23862,-23493,-23124,-22755,-22386,-22017,-21648,-21279,-20910,-20541,-20172,-19803,-19434,-19065,-18696,-18327,-17958,-17589,-17220,-16851,-16482,-16113,-15744,-15375,-15006,-14637,-14268,-13899,-13530,-13161,-12792,-12423,-12054,-11685,-11316,-10947,-10578,-10209,-9840,-9471,-9102,-8733,-8364,-7995,-7626,-7257,-6888,-6519,-6150,-5781,-5412,-5043,-4674,-4305,-3936,-3567,-3198,-2829,-2460,-2091,-1722,-1353,-984,-615,-246
124,493,862,1231,1600,1969,2338,2707,3076,3445,3814,4183,4552,4921,5290,5659,6028,6397,6766,7135,7504,7873,8242,8611,8980,9349,9718,10087,10456,10825,11194,11563,11932,12301,12670,13039,13408,13777,14146,14515,14884,15253,15622,15991,16360,16729,17098,17467,17836,18205,18574,18943,19312,19681,20050,20419,20788,21157,21526,21895,22264,22633,23002,23371,23740,24109,24478,24847,25216,25585,25954,26323,26692,27061,27430,27799,28168,28537,28906,29275,29644,30013,30382,30751,31120,31489,31858,32227,32596,32965,33334,33703,34072,34441,34810,35179,35548,35917,36286,36655,37024,37393,37762,38131,38500,38869,39238,39607,39976,40345,40714,41083,41452,41821,42190,42559,42928,43297,43666,44035,44404,44773,45142,45511,45880,46249,46618,46987,47356,47725,48094,48463,48832,49201,49570,49939,50308,50677,51046,51415,51784,52153,52522,52891,53260,53629,53998,54367,54736,55105,55474,55843,56212,56581,56950,57319,57688,58057,58426,58795,59164,59533,59902,60271,60640,61009,61378,61747,62116,62485,62854,63223,63592,63961,64330,64699,65068,65437,65806,66175,66544,66913,67282,67651,68020,-67772,-67403,-67034,-66665,-66296,-65927,-65558,-65189,-64820,-64451,-64082,-63713,-63344,-62975,-62606,-62237,-61868,-61499,-61130,-60761,-60392,-60023,-59654,-59285,-58916,-58547,-58178,-57809,-57440,-57071,-56702,-56333,-55964,-55595,-55226,-54857,-54488,-54119,-53750,-53381,-53012,-52643,-52274,-51905,-51536,-51167,-50798,-50429,-50060,-49691,-49322,-48953,-48584,-48215,-47846,-47477,-47108,-46739,-46370,-46001,-45756,-45632,-45263,-44894,-44525,-44156,-43787,-43418,-43049,-42680,-42311,-41942,-41573,-41204,-40835,-40466,-40097,-39728,-39359,-38990,-38621,-38252,-37883,-37514,-37145,-36776,-36407,-36038,-35669,-35300,-34931,-34562,-34193,-33824,-33455,-33086,-32717,-32348,-31979,-31610,-31241,-30872,-30503,-30134,-29765,-29396,-29027,-28658,-28289,-27920,-27551,-27182,-26813,-26444,-26075,-25706,-25337,-24968,-24599,-24230,-23861,-23492,-23123,-22754,-22385,-22016,-21647,-21278,-20909,-20540,-20171,-19802,-19433,-19064,-18695,-18326,-17957,-17588,-17219,-16850,-16481,-16112,-15743,-15374,-15005,-14636,-14267,-13898,-13529,-13160,-12791,-12422,-12053,-11684,-11315,-10946,-10577,-10208,-9839,-9470,-9101,-8732,-8363,-7994,-7625,-7256,-6887,-6518,-6149,-5780,-5411,-5042,-4673,-4304,-3935,-3566,-3197,-2828,-2459,-2090,-1721,-1352,-983,-614,-245
125,494,863,1232,1601,1970,2339,2708,3077,3446,3815,4184,4553,4922,5291,5660,6029,6398,6767,7136,7505,7874,8243,8612,8981,9350,9719,10088,10457,10826,11195,11564,11933,12302,12671,13040,13409,13778,14147,14516,14885,15254,15623,15992,16361,16730,17099,17468,17837,18206,18575,18944,19313,19682,20051,20420,20789,21158,21527,21896,22265,22634,23003,23372,23741,24110,24479,24848,25217,25586,25955,26324,26693,27062,27431,27800,28169,28538,28907,29276,29645,30014,30383,30752,31121,31490,31859,32228,32597,32966,33335,33704,34073,34442,34811,35180,35549,35918,36287,36656,37025,37394,37763,38132,38501,38870,39239,39608,39977,40346,40715,41084,41453,41822,42191,42560,42929,43298,43667,44036,44405,44774,45143,45512,45881,46250,46619,46988,47357,47726,48095,48464,48833,49202,49571,49940,50309,50678,51047,51416,51785,52154,52523,52892,53261,53630,53999,54368,54737,55106,55475,55844,56213,56582,56951,57320,57689,58058,58427,58796,59165,59534,59903,60272,60641,61010,61379,61748,62117,62486,62855,63224,63593,63962,64331,64700,65069,65438,65807,66176,66545,66914,67283,67652,68021,-67771,-67402,-67033,-66664,-66295,-65926,-65557,-65188,-64819,-64450,-64081,-63712,-63343,-62974,-62605,-62236,-61867,-61498,-61129,-60760,-60391,-60022,-59653,-59284,-58915,-58546,-58177,-57808,-57439,-57070,-56701,-56332,-55963,-55594,-55225,-54856,-54487,-54118,-53749,-53380,-53011,-52642,-52273,-51904,-51535,-51166,-50797,-50428,-50059,-49690,-49321,-48952,-48583,-48214,-47845,-47476,-47107,-46738,-46369,-46125,-46000,-45631,-45262,-44893,-44524,-44155,-43786,-43417,-43048,-42679,-42310,-41941,-41572,-41203,-40834,-40465,-40096,-39727,-39358,-38989,-38620,-38251,-37882,-37513,-37144,-36775,-36406,-36037,-35668,-35299,-34930,-34561,-34192,-33823,-33454,-33085,-32716,-32347,-31978,-31609,-31240,-30871,-30502,-30133,-29764,-29395,-29026,-28657,-28288,-27919,-27550,-27181,-26812,-26443,-26074,-25705,-25336,-24967,-24598,-24229,-23860,-23491,-23122,-22753,-22384,-22015,-21646,-21277,-20908,-20539,-20170,-19801,-19432,-19063,-18694,-18325,-17956,-17587,-17218,-16849,-16480,-16111,-15742,-15373,-15004,-14635,-14266,-13897,-13528,-13159,-12790,-12421,-12052,-11683,-11314,-10945,-10576,-10207,-9838,-9469,-9100,-8731,-8362,-7993,-7624,-7255,-6886,-6517,-6148,-5779,-5410,-5041,-4672,-4303,-3934,-3565,-3196,-2827,-2458,-2089,-1720,-1351,-982,-613,-244
126,495,864,1233,1602,1971,2340,2709,3078,3447,3816,4185,4554,4923,5292,5661,6030,6399,6768,7137,7506,7875,8244,8613,8982,9351,9720,10089,10458,10827,11196,11565,11934,12303,12672,13041,13410,13779,14148,14517,14886,15255,15624,15993,16362,16731,17100,17469,17838,18207,18576,18945,19314,19683,20052,20421,20790,21159,21528,21897,22266,22635,23004,23373,23742,24111,24480,24849,25218,25587,25956,26325,26694,27063,27432,27801,28170,28539,28908,29277,29646,30015,30384,30753,31122,31491,31860,32229,32598,32967,33336,33705,34074,34443,34812,35181,35550,35919,36288,36657,37026,37395,37764,38133,38502,38871,39240,39609,39978,40347,40716,41085,41454,41823,42192,42561,42930,43299,43668,44037,44406,44775,45144,45513,45882,46251,46620,46989,47358,47727,48096,48465,48834,49203,49572,49941,50310,50679,51048,51417,51786,52155,52524,52893,53262,53631,54000,54369,54738,55107,55476,55845,56214,56583,56952,57321,57690,58059,58428,58797,59166,59535,59904,60273,60642,61011,61380,61749,62118,62487,62856,63225,63594,63963,64332,64701,65070,65439,65808,66177,66546,66915,67284,67653,68022,-67770,-67401,-67032,-66663,-66294,-65925,-65556,-65187,-64818,-64449,-64080,-63711,-63342,-62973,-62604,-62235,-61866,-61497,-61128,-60759,-60390,-60021,-59652,-59283,-58914,-58545,-58176,-57807,-57438,-57069,-56700,-56331,-55962,-55593,-55224,-54855,-54486,-54117,-53748,-53379,-53010,-52641,-52272,-51903,-51534,-51165,-50796,-50427,-50058,-49689,-49320,-48951,-48582,-48213,-47844,-47475,-47106,-46737,-46494,-46368,-45999,-45630,-45261,-44892,-44523,-44154,-43785,-43416,-43047,-42678,-42309,-41940,-41571,-41202,-40833,-40464,-40095,-39726,-39357,-38988,-38619,-38250,-37881,-37512,-37143,-36774,-36405,-36036,-35667,-35298,-34929,-34560,-34191,-33822,-33453,-33084,-32715,-32346,-31977,-31608,-31239,-30870,-30501,-30132,-29763,-29394,-29025,-28656,-28287,-27918,-27549,-27180,-26811,-26442,-26073,-25704,-25335,-24966,-24597,-24228,-23859,-23490,-23121,-22752,-22383,-22014,-21645,-21276,-20907,-20538,-20169,-19800,-19431,-19062,-18693,-18324,-17955,-17586,-17217,-16848,-16479,-16110,-15741,-15372,-15003,-14634,-14265,-13896,-13527,-13158,-12789,-12420,-12051,-11682,-11313,-10944,-10575,-10206,-9837,-9468,-9099,-8730,-8361,-7992,-7623,-7254,-6885,-6516,-6147,-5778,-5409,-5040,-4671,-4302,-3933,-3564,-3195,-2826,-2457,-2088,-1719,-1350,-981,-612,-243
127,496,865,1234,1603,1972,2341,2710,3079,3448,3817,4186,4555,4924,5293,5662,6031,6400,6769,7138,7507,7876,8245,8614,8983,9352,9721,10090,10459,10828,11197,11566,11935,12304,12673,13042,13411,13780,14149,14518,14887,15256,15625,15994,16363,16732,17101,17470,17839,18208,18577,18946,19315,19684,20053,20422,20791,21160,21529,21898,22267,22636,23005,23374,23743,24112,24481,24850,25219,25588,25957,26326,26695,27064,27433,27802,28171,28540,28909,29278,29647,30016,30385,30754,31123,31492,31861,32230,32599,32968,33337,33706,34075,34444,34813,35182,35551,35920,36289,36658,37027,37396,37765,38134,38503,38872,39241,39610,39979,40348,40717,41086,41455,41824,42193,42562,42931,43300,43669,44038,44407,44776,45145,45514,45883,46252,46621,46990,47359,47728,48097,48466,48835,49204,49573,49942,50311,50680,51049,51418,51787,52156,52525,52894,53263,53632,54001,54370,54739,55108,55477,55846,56215,56584,56953,57322,57691,58060,58429,58798,59167,59536,59905,60274,60643,61012,61381,61750,62119,62488,62857,63226,63595,63964,64333,64702,65071,65440,65809,66178,66547,66916,67285,67654,68023,-67769,-67400,-67031,-66662,-66293,-65924,-65555,-65186,-64817,-64448,-64079,-63710,-63341,-62972,-62603,-62234,-61865,-61496,-61127,-60758,-60389,-60020,-59651,-59282,-58913,-58544,-58175,-57806,-57437,-57068,-56699,-56330,-55961,-55592,-55223,-54854,-54485,-54116,-53747,-53378,-53009,-52640,-52271,-51902,-51533,-51164,-50795,-50426,-50057,-49688,-49319,-48950,-48581,-48212,-47843,-47474,-47105,-46863,-46736,-46367,-45998,-45629,-45260,-44891,-44522,-44153,-43784,-43415,-43046,-42677,-42308,-41939,-41570,-41201,-40832,-40463,-40094,-39725,-39356,-38987,-38618,-38249,-37880,-37511,-37142,-36773,-36404,-36035,-35666,-35297,-34928,-34559,-34190,-33821,-33452,-33083,-32714,-32345,-31976,-31607,-31238,-30869,-30500,-30131,-29762,-29393,-29024,-28655,-28286,-27917,-27548,-27179,-26810,-26441,-26072,-25703,-25334,-24965,-24596,-24227,-23858,-23489,-23120,-22751,-22382,-22013,-21644,-21275,-20906,-20537,-20168,-19799,-19430,-19061,-18692,-18323,-17954,-17585,-17216,-16847,-16478,-16109,-15740,-15371,-15002,-14633,-14264,-13895,-13526,-13157,-12788,-12419,-12050,-11681,-11312,-10943,-10574,-10205,-9836,-9467,-9098,-8729,-8360,-7991,-7622,-7253,-6884,-6515,-6146,-5777,-5408,-5039,-4670,-4301,-3932,-3563,-3194,-2825,-2456,-2087,-1718,-1349,-980,-611,-242
128,497,866,1235,1604,1973,2342,2711,3080,3449,3818,4187,4556,4925,5294,5663,6032,6401,6770,7139,7508,7877,8246,8615,8984,9353,9722,10091,10460,10829,11198,11567,11936,12305,12674,13043,13412,13781,14150,14519,14888,15257,15626,15995,16364,16733,17102,17471,17840,18209,18578,18947,19316,19685,20054,20423,20792,21161,21530,21899,22268,22637,23006,23375,23744,24113,24482,24851,25220,25589,25958,26327,26696,27065,27434,27803,28172,28541,28910,29279,29648,30017,30386,30755,31124,31493,31862,32231,32600,32969,33338,33707,34076,34445,34814,35183,35552,35921,36290,36659,37028,37397,37766,38135,38504,38873,39242,39611,39980,40349,40718,41087,41456,41825,42194,42563,42932,43301,43670,44039,44408,44777,45146,45515,45884,46253,46622,46991,47360,47729,48098,48467,48836,49205,49574,49943,50312,50681,51050,51419,51788,52157,52526,52895,53264,53633,54002,54371,54740,55109,55478,55847,56216,56585,56954,57323,57692,58061,58430,58799,59168,59537,59906,60275,60644,61013,61382,61751,62120,62489,62858,63227,63596,63965,64334,64703,65072,65441,65810,66179,66548,66917,67286,67655,68024,-67768,-67399,-67030,-66661,-66292,-65923,-65554,-65185,-64816,-64447,-64078,-63709,-63340,-62971,-62602,-62233,-61864,-61495,-61126,-60757,-60388,-60019,-59650,-59281,-58912,-58543,-58174,-57805,-57436,-57067,-56698,-56329,-55960,-55591,-55222,-54853,-54484,-54115,-53746,-53377,-53008,-52639,-52270,-51901,-51532,-51163,-50794,-50425,-50056,-49687,-49318,-48949,-48580,-48211,-47842,-47473,-47232,-47104,-46735,-46366,-45997,-45628,-45259,-44890,-44521,-44152,-43783,-43414,-43045,-42676,-42307,-41938,-41569,-41200,-40831,-40462,-40093,-39724,-39355,-38986,-38617,-38248,-37879,-37510,-37141,-36772,-36403,-36034,-35665,-35296,-34927,-34558,-34189,-33820,-33451,-33082,-32713,-32344,-31975,-31606,-31237,-30868,-30499,-30130,-29761,-29392,-29023,-28654,-28285,-27916,-27547,-27178,-26809,-26440,-26071,-25702,-25333,-24964,-24595,-24226,-23857,-23488,-23119,-22750,-22381,-22012,-21643,-21274,-20905,-20536,-20167,-19798,-19429,-19060,-18691,-18322,-17953,-17584,-17215,-16846,-16477,-16108,-15739,-15370,-15001,-14632,-14263,-13894,-13525,-13156,-12787,-12418,-12049,-11680,-11311,-10942,-10573,-10204,-9835,-9466,-9097,-8728,-8359,-7990,-7621,-7252,-6883,-6514,-6145,-5776,-5407,-5038,-4669,-4300,-3931,-3562,-3193,-2824,-2455,-2086,-1717,-1348,-979,-610,-241
129,498,867,1236,1605,1974,2343,2712,3081,3450,3819,4188,4557,4926,5295,5664,6033,6402,6771,7140,7509,7878,8247,8616,8985,9354,9723,10092,10461,10830,11199,11568,11937,12306,12675,13044,13413,13782,14151,14520,14889,15258,15627,15996,16365,16734,17103,17472,17841,18210,18579,18948,19317,19686,20055,20424,20793,21162,21531,21900,22269,22638,23007,23376,23745,24114,24483,24852,25221,25590,25959,26328,26697,27066,27435,27804,28173,28542,28911,29280,29649,30018,30387,30756,31125,31494,31863,32232,32601,32970,33339,33708,34077,34446,34815,35184,35553,35922,36291,36660,37029,37398,37767,38136,38505,38874,39243,39612,39981,40350,40719,41088,41457,41826,42195,42564,42933,43302,43671,44040,44409,44778,45147,45516,45885,46254,46623,46992,47361,47730,48099,48468,48837,49206,49575,49944,50313,50682,51051,51420,51789,52158,52527,52896,53265,53634,54003,54372,54741,55110,55479,55848,56217,56586,56955,57324,57693,58062,58431,58800,59169,59538,59907,60276,60645,61014,61383,61752,62121,62490,62859,63228,63597,63966,64335,64704,65073,65442,65811,66180,66549,66918,67287,67656,68025,-67767,-67398,-67029,-66660,-66291,-65922,-65553,-65184,-64815,-64446,-64077,-63708,-63339,-62970,-62601,-62232,-61863,-61494,-61125,-60756,-60387,-60018,-59649,-59280,-58911,-58542,-58173,-57804,-57435,-57066,-56697,-56328,-55959,-55590,-55221,-54852,-54483,-54114,-53745,-53376,-53007,-52638,-52269,-51900,-51531,-51162,-50793,-50424,-50055,-49686,-49317,-48948,-48579,-48210,-47841,-47601,-47472,-47103,-46734,-46365,-45996,-45627,-45258,-44889,-44520,-44151,-43782,-43413,-43044,-42675,-42306,-41937,-41568,-41199,-40830,-40461,-40092,-39723,-39354,-38985,-38616,-38247,-37878,-37509,-37140,-36771,-36402,-36033,-35664,-35295,-34926,-34557,-34188,-33819,-33450,-33081,-32712,-32343,-31974,-31605,-31236,-30867,-30498,-30129,-29760,-29391,-29022,-28653,-28284,-27915,-27546,-27177,-26808,-26439,-26070,-25701,-25332,-24963,-24594,-24225,-23856,-23487,-23118,-22749,-22380,-22011,-21642,-21273,-20904,-20535,-20166,-19797,-19428,-19059,-18690,-18321,-17952,-17583,-17214,-16845,-16476,-16107,-15738,-15369,-15000,-14631,-14262,-13893,-13524,-13155,-12786,-12417,-12048,-11679,-11310,-10941,-10572,-10203,-9834,-9465,-9096,-8727,-8358,-7989,-7620,-7251,-6882,-6513,-6144,-5775,-5406,-5037,-4668,-4299,-3930,-3561,-3192,-2823,-2454,-2085,-1716,-1347,-978,-609,-240
130,499,868,1237,1606,1975,2344,2713,3082,3451,3820,4189,4558,4927,5296,5665,6034,6403,6772,7141,7510,7879,8248,8617,8986,9355,9724,10093,10462,10831,11200,11569,11938,12307,12676,13045,13414,13783,14152,14521,14890,15259,15628,15997,16366,16735,17104,17473,17842,18211,18580,18949,19318,19687,20056,20425,20794,21163,21532,21901,22270,22639,23008,23377,23746,24115,24484,24853,25222,25591,25960,26329,26698,27067,27436,27805,28174,28543,28912,29281,29650,30019,30388,30757,31126,31495,31864,32233,32602,32971,33340,33709,34078,34447,34816,35185,35554,35923,36292,36661,37030,37399,37768,38137,38506,38875,39244,39613,39982,40351,40720,41089,41458,41827,42196,42565,42934,43303,43672,44041,44410,44779,45148,45517,45886,46255,46624,46993,47362,47731,48100,48469,48838,49207,49576,49945,50314,50683,51052,51421,51790,52159,52528,52897,53266,53635,54004,54373,54742,55111,55480,55849,56218,56587,56956,57325,57694,58063,58432,58801,59170,59539,59908,60277,60646,61015,61384,61753,62122,62491,62860,63229,63598,63967,64336,64705,65074,65443,65812,66181,66550,66919,67288,67657,68026,-67766,-67397,-67028,-66659,-66290,-65921,-65552,-65183,-64814,-64445,-64076,-63707,-63338,-62969,-62600,-62231,-61862,-61493,-61124,-60755,-60386,-60017,-59648,-59279,-58910,-58541,-58172,-57803,-57434,-57065,-56696,-56327,-55958,-55589,-55220,-54851,-54482,-54113,-53744,-53375,-53006,-52637,-52268,-51899,-51530,-51161,-50792,-50423,-50054,-49685,-49316,-48947,-48578,-48209,-47970,-47840,-47471,-47102,-46733,-46364,-45995,-45626,-45257,-44888,-44519,-44150,-43781,-43412,-43043,-42674,-42305,-41936,-41567,-41198,-40829,-40460,-40091,-39722,-39353,-38984,-38615,-38246,-37877,-37508,-37139,-36770,-36401,-36032,-35663,-35294,-34925,-34556,-34187,-33818,-33449,-33080,-32711,-32342,-31973,-31604,-31235,-30866,-30497,-30128,-29759,-29390,-29021,-28652,-28283,-27914,-27545,-27176,-26807,-26438,-26069,-25700,-25331,-24962,-24593,-24224,-23855,-23486,-23117,-22748,-22379,-22010,-21641,-21272,-20903,-20534,-20165,-19796,-19427,-19058,-18689,-18320,-17951,-17582,-17213,-16844,-16475,-16106,-15737,-15368,-14999,-14630,-14261,-13892,-13523,-13154,-12785,-12416,-12047,-11678,-11309,-10940,-10571,-10202,-9833,-9464,-9095,-8726,-8357,-7988,-7619,-7250,-6881,-6512,-6143,-5774,-5405,-5036,-4667,-4298,-3929,-3560,-3191,-2822,-2453,-2084,-1715,-1346,-977,-608,-239
131,500,869,1238,1607,1976,2345,2714,3083,3452,3821,4190,4559,4928,5297,5666,6035,6404,6773,7142,7511,7880,8249,8618,8987,9356,9725,10094,10463,10832,11201,11570,11939,12308,12677,13046,13415,13784,14153,14522,14891,15260,15629,15998,16367,16736,17105,17474,17843,18212,18581,18950,19319,19688,20057,20426,20795,21164,21533,21902,22271,22640,23009,23378,23747,24116,24485,24854,25223,25592,25961,26330,26699,27068,27437,27806,28175,28544,28913,29282,29651,30020,30389,30758,31127,31496,31865,32234,32603,32972,33341,33710,34079,34448,34817,35186,35555,35924,36293,36662,37031,37400,37769,38138,38507,38876,39245,39614,39983,40352,40721,41090,41459,41828,42197,42566,42935,43304,43673,44042,44411,44780,45149,45518,45887,46256,46625,46994,47363,47732,48101,48470,48839,49208,49577,49946,50315,50684,51053,51422,51791,52160,52529,52898,53267,53636,54005,54374,54743,55112,55481,55850,56219,56588,56957,57326,57695,58064,58433,58802,59171,59540,59909,60278,60647,61016,61385,61754,62123,62492,62861,63230,63599,63968,64337,64706,65075,65444,65813,66182,66551,66920,67289,67658,68027,-67765,-67396,-67027,-66658,-66289,-65920,-65551,-65182,-64813,-64444,-64075,-63706,-63337,-62968,-62599,-62230,-61861,-61492,-61123,-60754,-60385,-60016,-59647,-59278,-58909,-58540,-58171,-57802,-57433,-57064,-56695,-56326,-55957,-55588,-55219,-54850,-54481,-54112,-53743,-53374,-53005,-52636,-52267,-51898,-51529,-51160,-50791,-50422,-50053,-49684,-49315,-48946,-48577,-48339,-48208,-47839,-47470,-47101,-46732,-46363,-45994,-45625,-45256,-44887,-44518,-44149,-43780,-43411,-43042,-42673,-42304,-41935,-41566,-41197,-40828,-40459,-40090,-39721,-39352,-38983,-38614,-38245,-37876,-37507,-37138,-36769,-36400,-36031,-35662,-35293,-34924,-34555,-34186,-33817,-33448,-33079,-32710,-32341,-31972,-31603,-31234,-30865,-30496,-30127,-29758,-29389,-29020,-28651,-28282,-27913,-27544,-27175,-26806,-26437,-26068,-25699,-25330,-24961,-24592,-24223,-23854,-23485,-23116,-22747,-22378,-22009,-21640,-21271,-20902,-20533,-20164,-19795,-19426,-19057,-18688,-18319,-17950,-17581,-17212,-16843,-16474,-16105,-15736,-15367,-14998,-14629,-14260,-13891,-13522,-13153,-12784,-12415,-12046,-11677,-11308,-10939,-10570,-10201,-9832,-9463,-9094,-8725,-8356,-7987,-7618,-7249,-6880,-6511,-6142,-5773,-5404,-5035,-4666,-4297,-3928,-3559,-3190,-2821,-2452,-2083,-1714,-1345,-976,-607,-238
132,501,870,1239,1608,1977,2346,2715,3084,3453,3822,4191,4560,4929,5298,5667,6036,6405,6774,7143,7512,7881,8250,8619,8988,9357,9726,10095,10464,10833,11202,11571,11940,12309,12678,13047,13416,13785,14154,14523,14892,15261,15630,15999,16368,16737,17106,17475,17844,18213,18582,18951,19320,19689,20058,20427,20796,21165,21534,21903,22272,22641,23010,23379,23748,24117,24486,24855,25224,25593,25962,26331,26700,27069,27438,27807,28176,28545,28914,29283,29652,30021,30390,30759,31128,31497,31866,32235,32604,32973,33342,33711,34080,34449,34818,35187,35556,35925,36294,36663,37032,37401,37770,38139,38508,38877,39246,39615,39984,40353,40722,41091,41460,41829,42198,42567,42936,43305,43674,44043,44412,44781,45150,45519,45888,46257,46626,46995,47364,47733,48102,48471,48840,49209,49578,49947,50316,50685,51054,51423,51792,52161,52530,52899,53268,53637,54006,54375,54744,55113,55482,55851,56220,56589,56958,57327,57696,58065,58434,58803,59172,59541,59910,60279,60648,61017,61386,61755,62124,62493,62862,63231,63600,63969,64338,64707,65076,65445,65814,66183,66552,66921,67290,67659,68028,-67764,-67395,-67026,-66657,-66288,-65919,-65550,-65181,-64812,-64443,-64074,-63705,-63336,-62967,-62598,-62229,-61860,-61491,-61122,-60753,-60384,-60015,-59646,-59277,-58908,-58539,-58170,-57801,-57432,-57063,-56694,-56325,-55956,-55587,-55218,-54849,-54480,-54111,-53742,-53373,-53004,-52635,-52266,-51897,-51528,-51159,-50790,-50421,-50052,-49683,-49314,-48945,-48708,-48576,-48207,-47838,-47469,-47100,-46731,-46362,-45993,-45624,-45255,-44886,-44517,-44148,-43779,-43410,-43041,-42672,-42303,-41934,-41565,-41196,-40827,-40458,-40089,-39720,-39351,-38982,-38613,-38244,-37875,-37506,-37137,-36768,-36399,-36030,-35661,-35292,-34923,-34554,-34185,-33816,-33447,-33078,-32709,-32340,-31971,-31602,-31233,-30864,-30495,-30126,-29757,-29388,-29019,-28650,-28281,-27912,-27543,-27174,-26805,-26436,-26067,-25698,-25329,-24960,-24591,-24222,-23853,-23484,-23115,-22746,-22377,-22008,-21639,-21270,-20901,-20532,-20163,-19794,-19425,-19056,-18687,-18318,-17949,-17580,-17211,-16842,-16473,-16104,-15735,-15366,-14997,-14628,-14259,-13890,-13521,-13152,-12783,-12414,-12045,-11676,-11307,-10938,-10569,-10200,-9831,-9462,-9093,-8724,-8355,-7986,-7617,-7248,-6879,-6510,-6141,-5772,-5403,-5034,-4665,-4296,-3927,-3558,-3189,-2820,-2451,-2082,-1713,-1344,-975,-606,-237
133,502,871,1240,1609,1978,2347,2716,3085,3454,3823,4192,4561,4930,5299,5668,6037,6406,6775,7144,7513,7882,8251,8620,8989,9358,9727,10096,10465,10834,11203,11572,11941,12310,12679,13048,13417,13786,14155,14524,14893,15262,15631,16000,16369,16738,17107,17476,17845,18214,18583,18952,19321,19690,20059,20428,20797,21166,21535,21904,22273,22642,23011,23380,23749,24118,24487,24856,25225,25594,25963,26332,26701,27070,27439,27808,28177,28546,28915,29284,29653,30022,30391,30760,31129,31498,31867,32236,32605,32974,33343,33712,34081,34450,34819,35188,35557,35926,36295,36664,37033,37402,37771,38140,38509,38878,39247,39616,39985,40354,40723,41092,41461,41830,42199,42568,42937,43306,43675,44044,44413,44782,45151,45520,45889,46258,46627,46996,47365,47734,48103,48472,48841,49210,49579,49948,50317,50686,51055,51424,51793,52162,52531,52900,53269,53638,54007,54376,54745,55114,55483,55852,56221,56590,56959,57328,57697,58066,58435,58804,59173,59542,59911,60280,60649,61018,61387,61756,62125,62494,62863,63232,63601,63970,64339,64708,65077,65446,65815,66184,66553,66922,67291,67660,68029,-67763,-67394,-67025,-66656,-66287,-65918,-65549,-65180,-64811,-64442,-64073,-63704,-63335,-62966,-62597,-62228,-61859,-61490,-61121,-60752,-60383,-60014,-59645,-59276,-58907,-58538,-58169,-57800,-57431,-57062,-56693,-56324,-55955,-55586,-55217,-54848,-54479,-54110,-53741,-53372,-53003,-52634,-52265,-51896,-51527,-51158,-50789,-50420,-50051,-49682,-49313,-49077,-48944,-48575,-48206,-47837,-47468,-47099,-46730,-46361,-45992,-45623,-45254,-44885,-44516,-44147,-43778,-43409,-43040,-42671,-42302,-41933,-41564,-41195,-40826,-40457,-40088,-39719,-39350,-38981,-38612,-38243,-37874,-37505,-37136,-36767,-36398,-36029,-35660,-35291,-34922,-34553,-34184,-33815,-33446,-33077,-32708,-32339,-31970,-31601,-31232,-30863,-30494,-30125,-29756,-29387,-29018,-28649,-28280,-27911,-27542,-27173,-26804,-26435,-26066,-25697,-25328,-24959,-24590,-24221,-23852,-23483,-23114,-22745,-22376,-22007,-21638,-21269,-20900,-20531,-20162,-19793,-19424,-19055,-18686,-18317,-17948,-17579,-17210,-16841,-16472,-16103,-15734,-15365,-14996,-14627,-14258,-13889,-13520,-13151,-12782,-12413,-12044,-11675,-11306,-10937,-10568,-10199,-9830,-9461,-9092,-8723,-8354,-7985,-7616,-7247,-6878,-6509,-6140,-5771,-5402,-5033,-4664,-4295,-3926,-3557,-3188,-2819,-2450,-2081,-1712,-1343,-974,-605,-236
134,503,872,1241,1610,1979,2348,2717,3086,3455,3824,4193,4562,4931,5300,5669,6038,6407,6776,7145,7514,7883,8252,8621,8990,9359,9728,10097,10466,10835,11204,11573,11942,12311,12680,13049,13418,13787,14156,14525,14894,15263,15632,16001,16370,16739,17108,17477,17846,18215,18584,18953,19322,19691,20060,20429,20798,21167,21536,21905,22274,22643,23012,23381,23750,24119,24488,24857,25226,25595,25964,26333,26702,27071,27440,27809,28178,28547,28916,29285,29654,30023,30392,30761,31130,31499,31868,32237,32606,32975,33344,33713,34082,34451,34820,35189,35558,35927,36296,36665,37034,37403,37772,38141,38510,38879,39248,39617,39986,40355,40724,41093,41462,41831,42200,42569,42938,43307,43676,44045,44414,44783,45152,45521,45890,46259,46628,46997,47366,47735,48104,48473,48842,49211,49580,49949,50318,50687,51056,51425,51794,52163,52532,52901,53270,53639,54008,54377,54746,55115,55484,55853,56222,56591,56960,57329,57698,58067,58436,58805,59174,59543,59912,60281,60650,61019,61388,61757,62126,62495,62864,63233,63602,63971,64340,64709,65078,65447,65816,66185,66554,66923,67292,67661,68030,-67762,-67393,-67024,-66655,-66286,-65917,-65548,-65179,-64810,-64441,-64072,-63703,-63334,-62965,-62596,-62227,-61858,-61489,-61120,-60751,-60382,-60013,-59644,-59275,-58906,-58537,-58168,-57799,-57430,-57061,-56692,-56323,-55954,-55585,-55216,-54847,-54478,-54109,-53740,-53371,-53002,-52633,-52264,-51895,-51526,-51157,-50788,-50419,-50050,-49681,-49446,-49312,-48943,-48574,-48205,-47836,-47467,-47098,-46729,-46360,-45991,-45622,-45253,-44884,-44515,-44146,-43777,-43408,-43039,-42670,-42301,-41932,-41563,-41194,-40825,-40456,-40087,-39718,-39349,-38980,-38611,-38242,-37873,-37504,-37135,-36766,-36397,-36028,-35659,-35290,-34921,-34552,-34183,-33814,-33445,-33076,-32707,-32338,-31969,-31600,-31231,-30862,-30493,-30124,-29755,-29386,-29017,-28648,-28279,-27910,-27541,-27172,-26803,-26434,-26065,-25696,-25327,-24958,-24589,-24220,-23851,-23482,-23113,-22744,-22375,-22006,-21637,-21268,-20899,-20530,-20161,-19792,-19423,-19054,-18685,-18316,-17947,-17578,-17209,-16840,-16471,-16102,-15733,-15364,-14995,-14626,-14257,-13888,-13519,-13150,-12781,-12412,-12043,-11674,-11305,-10936,-10567,-10198,-9829,-9460,-9091,-8722,-8353,-7984,-7615,-7246,-6877,-6508,-6139,-5770,-5401,-5032,-4663,-4294,-3925,-3556,-3187,-2818,-2449,-2080,-1711,-1342,-973,-604,-235
135,504,873,1242,1611,1980,2349,2718,3087,3456,3825,4194,4563,4932,5301,5670,6039,6408,6777,7146,7515,7884,8253,8622,8991,9360,9729,10098,10467,10836,11205,11574,11943,12312,12681,13050,13419,13788,14157,14526,14895,15264,15633,16002,16371,16740,17109,17478,17847,18216,18585,18954,19323,19692,20061,20430,20799,21168,21537,21906,22275,22644,23013,23382,23751,24120,24489,24858,25227,25596,25965,26334,26703,27072,27441,27810,28179,28548,28917,29286,29655,30024,30393,30762,31131,31500,31869,32238,32607,32976,33345,33714,34083,34452,34821,35190,35559,35928,36297,36666,37035,37404,37773,38142,38511,38880,39249,39618,39987,40356,40725,41094,41463,41832,42201,42570,42939,43308,43677,44046,44415,44784,45153,45522,45891,46260,46629,46998,47367,47736,48105,48474,48843,49212,49581,49950,50319,50688,51057,51426,51795,52164,52533,52902,53271,53640,54009,54378,54747,55116,55485,55854,56223,56592,56961,57330,57699,58068,58437,58806,59175,59544,59913,60282,60651,61020,61389,61758,62127,62496,62865,63234,63603,63972,64341,64710,65079,65448,65817,66186,66555,66924,67293,67662,68031,-67761,-67392,-67023,-66654,-66285,-65916,-65547,-65178,-64809,-64440,-64071,-63702,-63333,-62964,-62595,-62226,-61857,-61488,-61119,-60750,-60381,-60012,-59643,-59274,-58905,-58536,-58167,-57798,-57429,-57060,-56691,-56322,-55953,-55584,-55215,-54846,-54477,-54108,-53739,-53370,-53001,-52632,-52263,-51894,-51525,-51156,-50787,-50418,-50049,-49815,-49680,-49311,-48942,-48573,-48204,-47835,-47466,-47097,-46728,-46359,-45990,-45621,-45252,-44883,-44514,-44145,-43776,-43407,-43038,-42669,-42300,-41931,-41562,-41193,-40824,-40455,-40086,-39717,-39348,-38979,-38610,-38241,-37872,-37503,-37134,-36765,-36396,-36027,-35658,-35289,-34920,-34551,-34182,-33813,-33444,-33075,-32706,-32337,-31968,-31599,-31230,-30861,-30492,-30123,-29754,-29385,-29016,-28647,-28278,-27909,-27540,-27171,-26802,-26433,-26064,-25695,-25326,-24957,-24588,-24219,-23850,-23481,-23112,-22743,-22374,-22005,-21636,-21267,-20898,-20529,-20160,-19791,-19422,-19053,-18684,-18315,-17946,-17577,-17208,-16839,-16470,-16101,-15732,-15363,-14994,-14625,-14256,-13887,-13518,-13149,-12780,-12411,-12042,-11673,-11304,-10935,-10566,-10197,-9828,-9459,-9090,-8721,-8352,-7983,-7614,-7245,-6876,-6507,-6138,-5769,-5400,-5031,-4662,-4293,-3924,-3555,-3186,-2817,-2448,-2079,-1710,-1341,-972,-603,-234
136,505,874,1243,1612,1981,2350,2719,3088,3457,3826,4195,4564,4933,5302,5671,6040,6409,6778,7147,7516,7885,8254,8623,8992,9361,9730,10099,10468,10837,11206,11575,11944,12313,12682,13051,13420,13789,14158,14527,14896,15265,15634,16003,16372,16741,17110,17479,17848,18217,18586,18955,19324,19693,20062,20431,20800,21169,21538,21907,22276,22645,23014,23383,23752,24121,24490,24859,25228,25597,25966,26335,26704,27073,27442,27811,28180,28549,28918,29287,29656,30025,30394,30763,31132,31501,31870,32239,32608,32977,33346,33715,34084,34453,34822,35191,35560,35929,36298,36667,37036,37405,37774,38143,38512,38881,39250,39619,39988,40357,40726,41095,41464,41833,42202,42571,42940,43309,43678,44047,44416,44785,45154,45523,45892,46261,46630,46999,47368,47737,48106,48475,48844,49213,49582,49951,50320,50689,51058,51427,51796,52165,52534,52903,53272,53641,54010,54379,54748,55117,55486,55855,56224,56593,56962,57331,57700,58069,58438,58807,59176,59545,59914,60283,60652,61021,61390,61759,62128,62497,62866,63235,63604,63973,64342,64711,65080,65449,65818,66187,66556,66925,67294,67663,68032,-67760,-67391,-67022,-66653,-66284,-65915,-65546,-65177,-64808,-64439,-64070,-63701,-63332,-62963,-62594,-62225,-61856,-61487,-61118,-60749,-60380,-60011,-59642,-59273,-58904,-58535,-58166,-57797,-57428,-57059,-56690,-56321,-55952,-55583,-55214,-54845,-54476,-54107,-53738,-53369,-53000,-52631,-52262,-51893,-51524,-51155,-50786,-50417,-50184,-50048,-49679,-49310,-48941,-48572,-48203,-47834,-47465,-47096,-46727,-46358,-45989,-45620,-45251,-44882,-44513,-44144,-43775,-43406,-43037,-42668,-42299,-41930,-41561,-41192,-40823,-40454,-40085,-39716,-39347,-38978,-38609,-38240,-37871,-37502,-37133,-36764,-36395,-36026,-35657,-35288,-34919,-34550,-34181,-33812,-33443,-33074,-32705,-32336,-31967,-31598,-31229,-30860,-30491,-30122,-29753,-29384,-29015,-28646,-28277,-27908,-27539,-27170,-26801,-26432,-26063,-25694,-25325,-24956,-24587,-24218,-23849,-23480,-23111,-22742,-22373,-22004,-21635,-21266,-20897,-20528,-20159,-19790,-19421,-19052,-18683,-18314,-17945,-17576,-17207,-16838,-16469,-16100,-15731,-15362,-14993,-14624,-14255,-13886,-13517,-13148,-12779,-12410,-12041,-11672,-11303,-10934,-10565,-10196,-9827,-9458,-9089,-8720,-8351,-7982,-7613,-7244,-6875,-6506,-6137,-5768,-5399,-5030,-4661,-4292,-3923,-3554,-3185,-2816,-2447,-2078,-1709,-1340,-971,-602,-233
137,506,875,1244,1613,1982,2351,2720,3089,3458,3827,4196,4565,4934,5303,5672,6041,6410,6779,7148,7517,7886,8255,8624,8993,9362,9731,10100,10469,10838,11207,11576,11945,12314,12683,13052,13421,13790,14159,14528,14897,15266,15635,16004,16373,16742,17111,17480,17849,18218,18587,18956,19325,19694,20063,20432,20801,21170,21539,21908,22277,22646,23015,23384,23753,24122,24491,24860,25229,25598,25967,26336,26705,27074,27443,27812,28181,28550,28919,29288,29657,30026,30395,30764,31133,31502,31871,32240,32609,32978,33347,33716,34085,34454,34823,35192,35561,35930,36299,36668,37037,37406,37775,38144,38513,38882,39251,39620,39989,40358,40727,41096,41465,41834,42203,42572,42941,43310,43679,44048,44417,44786,45155,45524,45893,46262,46631,47000,47369,47738,48107,48476,48845,49214,49583,49952,50321,50690,51059,51428,51797,52166,52535,52904,53273,53642,54011,54380,54749,55118,55487,55856,56225,56594,56963,57332,57701,58070,58439,58808,59177,59546,59915,60284,60653,61022,61391,61760,62129,62498,62867,63236,63605,63974,64343,64712,65081,65450,65819,66188,66557,66926,67295,67664,68033,-67759,-67390,-67021,-66652,-66283,-65914,-65545,-65176,-64807,-64438,-64069,-63700,-63331,-62962,-62593,-62224,-61855,-61486,-61117,-60748,-60379,-60010,-59641,-59272,-58903,-58534,-58165,-57796,-57427,-57058,-56689,-56320,-55951,-55582,-55213,-54844,-54475,-54106,-53737,-53368,-52999,-52630,-52261,-51892,-51523,-51154,-50785,-50553,-50416,-50047,-49678,-49309,-48940,-48571,-48202,-47833,-47464,-47095,-46726,-46357,-45988,-45619,-45250,-44881,-44512,-44143,-43774,-43405,-43036,-42667,-42298,-41929,-41560,-41191,-40822,-40453,-40084,-39715,-39346,-38977,-38608,-38239,-37870,-37501,-37132,-36763,-36394,-36025,-35656,-35287,-34918,-34549,-34180,-33811,-33442,-33073,-32704,-32335,-31966,-31597,-31228,-30859,-30490,-30121,-29752,-29383,-29014,-28645,-28276,-27907,-27538,-27169,-26800,-26431,-26062,-25693,-25324,-24955,-24586,-24217,-23848,-23479,-23110,-22741,-22372,-22003,-21634,-21265,-20896,-20527,-20158,-19789,-19420,-19051,-18682,-18313,-17944,-17575,-17206,-16837,-16468,-16099,-15730,-15361,-14992,-14623,-14254,-13885,-13516,-13147,-12778,-12409,-12040,-11671,-11302,-10933,-10564,-10195,-9826,-9457,-9088,-8719,-8350,-7981,-7612,-7243,-6874,-6505,-6136,-5767,-5398,-5029,-4660,-4291,-3922,-3553,-3184,-2815,-2446,-2077,-1708,-1339,-970,-601,-232
138,507,876,1245,1614,1983,2352,2721,3090,3459,3828,4197,4566,4935,5304,5673,6042,6411,6780,7149,7518,7887,8256,8625,8994,9363,9732,10101,10470,10839,11208,11577,11946,12315,12684,13053,13422,13791,14160,14529,14898,15267,15636,16005,16374,16743,17112,17481,17850,18219,18588,18957,19326,19695,20064,20433,20802,21171,21540,21909,22278,22647,23016,23385,23754,24123,24492,24861,25230,25599,25968,26337,26706,27075,27444,27813,28182,28551,28920,29289,29658,30027,30396,30765,31134,31503,31872,32241,32610,32979,33348,33717,34086,34455,34824,35193,35562,35931,36300,36669,37038,37407,37776,38145,38514,38883,39252,39621,39990,40359,40728,41097,41466,41835,42204,42573,42942,43311,43680,44049,44418,44787,45156,45525,45894,46263,46632,47001,47370,47739,48108,48477,48846,49215,49584,49953,50322,50691,51060,51429,51798,52167,52536,52905,53274,53643,54012,54381,54750,55119,55488,55857,56226,56595,56964,57333,57702,58071,58440,58809,59178,59547,59916,60285,60654,61023,61392,61761,62130,62499,62868,63237,63606,63975,64344,64713,65082,65451,65820,66189,66558,66927,67296,67665,68034,-67758,-67389,-67020,-66651,-66282,-65913,-65544,-65175,-64806,-64437,-64068,-63699,-63330,-62961,-62592,-62223,-61854,-61485,-61116,-60747,-60378,-60009,-59640,-59271,-58902,-58533,-58164,-57795,-57426,-57057,-56688,-56319,-55950,-55581,-55212,-54843,-54474,-54105,-53736,-53367,-52998,-52629,-52260,-51891,-51522,-51153,-50922,-50784,-50415,-50046,-49677,-49308,-48939,-48570,-48201,-47832,-47463,-47094,-46725,-46356,-45987,-45618,-45249,-44880,-44511,-44142,-43773,-43404,-43035,-42666,-42297,-41928,-41559,-41190,-40821,-40452,-40083,-39714,-39345,-38976,-38607,-38238,-37869,-37500,-37131,-36762,-36393,-36024,-35655,-35286,-34917,-34548,-34179,-33810,-33441,-33072,-32703,-32334,-31965,-31596,-31227,-30858,-30489,-30120,-29751,-29382,-29013,-28644,-28275,-27906,-27537,-27168,-26799,-26430,-26061,-25692,-25323,-24954,-24585,-24216,-23847,-23478,-23109,-22740,-22371,-22002,-21633,-21264,-20895,-20526,-20157,-19788,-19419,-19050,-18681,-18312,-17943,-17574,-17205,-16836,-16467,-16098,-15729,-15360,-14991,-14622,-14253,-13884,-13515,-13146,-12777,-12408,-12039,-11670,-11301,-10932,-10563,-10194,-9825,-9456,-9087,-8718,-8349,-7980,-7611,-7242,-6873,-6504,-6135,-5766,-5397,-5028,-4659,-4290,-3921,-3552,-3183,-2814,-2445,-2076,-1707,-1338,-969,-600,-231
139,508,877,1246,1615,1984,2353,2722,3091,3460,3829,4198,4567,4936,5305,5674,6043,6412,6781,7150,7519,7888,8257,8626,8995,9364,9733,10102,10471,10840,11209,11578,11947,12316,12685,13054,13423,13792,14161,14530,14899,15268,15637,16006,16375,16744,17113,17482,17851,18220,18589,18958,19327,19696,20065,20434,20803,21172,21541,21910,22279,22648,23017,23386,23755,24124,24493,24862,25231,25600,25969,26338,26707,27076,27445,27814,28183,28552,28921,29290,29659,30028,30397,30766,31135,31504,31873,32242,32611,32980,33349,33718,34087,34456,34825,35194,35563,35932,36301,36670,37039,37408,37777,38146,38515,38884,39253,39622,39991,40360,40729,41098,41467,41836,42205,42574,42943,43312,43681,44050,44419,44788,45157,45526,45895,46264,46633,47002,47371,47740,48109,48478,48847,49216,49585,49954,50323,50692,51061,51430,51799,52168,52537,52906,53275,53644,54013,54382,54751,55120,55489,55858,56227,56596,56965,57334,57703,58072,58441,58810,59179,59548,59917,60286,60655,61024,61393,61762,62131,62500,62869,63238,63607,63976,64345,64714,65083,65452,65821,66190,66559,66928,67297,67666,68035,-67757,-67388,-67019,-66650,-66281,-65912,-65543,-65174,-64805,-64436,-64067,-63698,-63329,-62960,-62591,-62222,-61853,-61484,-61115,-60746,-60377,-60008,-59639,-59270,-58901,-58532,-58163,-57794,-57425,-57056,-56687,-56318,-55949,-55580,-55211,-54842,-54473,-54104,-53735,-53366,-52997,-52628,-52259,-51890,-51521,-51291,-51152,-50783,-50414,-50045,-49676,-49307,-48938,-48569,-48200,-47831,-47462,-47093,-46724,-46355,-45986,-45617,-45248,-44879,-44510,-44141,-43772,-43403,-43034,-42665,-42296,-41927,-41558,-41189,-40820,-40451,-40082,-39713,-39344,-38975,-38606,-38237,-37868,-37499,-37130,-36761,-36392,-36023,-35654,-35285,-34916,-34547,-34178,-33809,-33440,-33071,-32702,-32333,-31964,-31595,-31226,-30857,-30488,-30119,-29750,-29381,-29012,-28643,-28274,-27905,-27536,-27167,-26798,-26429,-26060,-25691,-25322,-24953,-24584,-24215,-23846,-23477,-23108,-22739,-22370,-22001,-21632,-21263,-20894,-20525,-20156,-19787,-19418,-19049,-18680,-18311,-17942,-17573,-17204,-16835,-16466,-16097,-15728,-15359,-14990,-14621,-14252,-13883,-13514,-13145,-12776,-12407,-12038,-11669,-11300,-10931,-10562,-10193,-9824,-9455,-9086,-8717,-8348,-7979,-7610,-7241,-6872,-6503,-6134,-5765,-5396,-5027,-4658,-4289,-3920,-3551,-3182,-2813,-2444,-2075,-1706,-1337,-968,-599,-230
140,509,878,1247,1616,1985,2354,2723,3092,3461,3830,4199,4568,4937,5306,5675,6044,6413,6782,7151,7520,7889,8258,8627,8996,9365,9734,10103,10472,10841,11210,11579,11948,12317,12686,13055,13424,13793,14162,14531,14900,15269,15638,16007,16376,16745,17114,17483,17852,18221,18590,18959,19328,19697,20066,20435,20804,21173,21542,21911,22280,22649,23018,23387,23756,24125,24494,24863,25232,25601,25970,26339,26708,27077,27446,27815,28184,28553,28922,29291,29660,30029,30398,30767,31136,31505,31874,32243,32612,32981,33350,33719,34088,34457,34826,35195,35564,35933,36302,36671,37040,37409,37778,38147,38516,38885,39254,39623,39992,40361,40730,41099,41468,41837,42206,42575,42944,43313,43682,44051,44420,44789,45158,45527,45896,46265,46634,47003,47372,47741,48110,48479,48848,49217,49586,49955,50324,50693,51062,51431,51800,52169,52538,52907,53276,53645,54014,54383,54752,55121,55490,55859,56228,56597,56966,57335,57704,58073,58442,58811,59180,59549,59918,60287,60656,61025,61394,61763,62132,62501,62870,63239,63608,63977,64346,64715,65084,65453,65822,66191,66560,66929,67298,67667,68036,-67756,-67387,-67018,-66649,-66280,-65911,-65542,-65173,-64804,-64435,-64066,-63697,-63328,-62959,-62590,-62221,-61852,-61483,-61114,-60745,-60376,-60007,-59638,-59269,-58900,-58531,-58162,-57793,-57424,-57055,-56686,-56317,-55948,-55579,-55210,-54841,-54472,-54103,-53734,-53365,-52996,-52627,-52258,-51889,-51660,-51520,-51151,-50782,-50413,-50044,-49675,-49306,-48937,-48568,-48199,-47830,-47461,-47092,-46723,-46354,-45985,-45616,-45247,-44878,-44509,-44140,-43771,-43402,-43033,-42664,-42295,-41926,-41557,-41188,-40819,-40450,-40081,-39712,-39343,-38974,-38605,-38236,-37867,-37498,-37129,-36760,-36391,-36022,-35653,-35284,-34915,-34546,-34177,-33808,-33439,-33070,-32701,-32332,-31963,-31594,-31225,-30856,-30487,-30118,-29749,-29380,-29011,-28642,-28273,-27904,-27535,-27166,-26797,-26428,-26059,-25690,-25321,-24952,-24583,-24214,-23845,-23476,-23107,-22738,-22369,-22000,-21631,-21262,-20893,-20524,-20155,-19786,-19417,-19048,-18679,-18310,-17941,-17572,-17203,-16834,-16465,-16096,-15727,-15358,-14989,-14620,-14251,-13882,-13513,-13144,-12775,-12406,-12037,-11668,-11299,-10930,-10561,-10192,-9823,-9454,-9085,-8716,-8347,-7978,-7609,-7240,-6871,-6502,-6133,-5764,-5395,-5026,-4657,-4288,-3919,-3550,-3181,-2812,-2443,-2074,-1705,-1336,-967,-598,-229
141,510,879,1248,1617,1986,2355,2724,3093,3462,3831,4200,4569,4938,5307,5676,6045,6414,6783,7152,7521,7890,8259,8628,8997,9366,9735,10104,10473,10842,11211,11580,11949,12318,12687,13056,13425,13794,14163,14532,14901,15270,15639,16008,16377,16746,17115,17484,17853,18222,18591,18960,19329,19698,20067,20436,20805,21174,21543,21912,22281,22650,23019,23388,23757,24126,24495,24864,25233,25602,25971,26340,26709,27078,27447,27816,28185,28554,28923,29292,29661,30030,30399,30768,31137,31506,31875,32244,32613,32982,33351,33720,34089,34458,34827,35196,35565,35934,36303,36672,37041,37410,37779,38148,38517,38886,39255,39624,39993,40362,40731,41100,41469,41838,42207,42576,42945,43314,43683,44052,44421,44790,45159,45528,45897,46266,46635,47004,47373,47742,48111,48480,48849,49218,49587,49956,50325,50694,51063,51432,51801,52170,52539,52908,53277,53646,54015,54384,54753,55122,55491,55860,56229,56598,56967,57336,57705,58074,58443,58812,59181,59550,59919,60288,60657,61026,61395,61764,62133,62502,62871,63240,63609,63978,64347,64716,65085,65454,65823,66192,66561,66930,67299,67668,68037,-67755,-67386,-67017,-66648,-66279,-65910,-65541,-65172,-64803,-64434,-64065,-63696,-63327,-62958,-62589,-62220,-61851,-61482,-61113,-60744,-60375,-60006,-59637,-59268,-58899,-58530,-58161,-57792,-57423,-57054,-56685,-56316,-55947,-55578,-55209,-54840,-54471,-54102,-53733,-53364,-52995,-52626,-52257,-52029,-51888,-51519,-51150,-50781,-50412,-50043,-49674,-49305,-48936,-48567,-48198,-47829,-47460,-47091,-46722,-46353,-45984,-45615,-45246,-44877,-44508,-44139,-43770,-43401,-43032,-42663,-42294,-41925,-41556,-41187,-40818,-40449,-40080,-39711,-39342,-38973,-38604,-38235,-37866,-37497,-37128,-36759,-36390,-36021,-35652,-35283,-34914,-34545,-34176,-33807,-33438,-33069,-32700,-32331,-31962,-31593,-31224,-30855,-30486,-30117,-29748,-29379,-29010,-28641,-28272,-27903,-27534,-27165,-26796,-26427,-26058,-25689,-25320,-24951,-24582,-24213,-23844,-23475,-23106,-22737,-22368,-21999,-21630,-21261,-20892,-20523,-20154,-19785,-19416,-19047,-18678,-18309,-17940,-17571,-17202,-16833,-16464,-16095,-15726,-15357,-14988,-14619,-14250,-13881,-13512,-13143,-12774,-12405,-12036,-11667,-11298,-10929,-10560,-10191,-9822,-9453,-9084,-8715,-8346,-7977,-7608,-7239,-6870,-6501,-6132,-5763,-5394,-5025,-4656,-4287,-3918,-3549,-3180,-2811,-2442,-2073,-1704,-1335,-966,-597,-228
142,511,880,1249,1618,1987,2356,2725,3094,3463,3832,4201,4570,4939,5308,5677,6046,6415,6784,7153,7522,7891,8260,8629,8998,9367,9736,10105,10474,10843,11212,11581,11950,12319,12688,13057,13426,13795,14164,14533,14902,15271,15640,16009,16378,16747,17116,17485,17854,18223,18592,18961,19330,19699,20068,20437,20806,21175,21544,21913,22282,22651,23020,23389,23758,24127,24496,24865,25234,25603,25972,26341,26710,27079,27448,27817,28186,28555,28924,29293,29662,30031,30400,30769,31138,31507,31876,32245,32614,32983,33352,33721,34090,34459,34828,35197,35566,35935,36304,36673,37042,37411,37780,38149,38518,38887,39256,39625,39994,40363,40732,41101,41470,41839,42208,42577,42946,43315,43684,44053,44422,44791,45160,45529,45898,46267,46636,47005,47374,47743,48112,48481,48850,49219,49588,49957,50326,50695,51064,51433,51802,52171,52540,52909,53278,53647,54016,54385,54754,55123,55492,55861,56230,56599,56968,57337,57706,58075,58444,58813,59182,59551,59920,60289,60658,61027,61396,61765,62134,62503,62872,63241,63610,63979,64348,64717,65086,65455,65824,66193,66562,66931,67300,67669,68038,-67754,-67385,-67016,-66647,-66278,-65909,-65540,-65171,-64802,-64433,-64064,-63695,-63326,-62957,-62588,-62219,-61850,-61481,-61112,-60743,-60374,-60005,-59636,-59267,-58898,-58529,-58160,-57791,-57422,-57053,-56684,-56315,-55946,-55577,-55208,-54839,-54470,-54101,-53732,-53363,-52994,-52625,-52398,-52256,-51887,-51518,-51149,-50780,-50411,-50042,-49673,-49304,-48935,-48566,-48197,-47828,-47459,-47090,-46721,-46352,-45983,-45614,-45245,-44876,-44507,-44138,-43769,-43400,-43031,-42662,-42293,-41924,-41555,-41186,-40817,-40448,-40079,-39710,-39341,-38972,-38603,-38234,-37865,-37496,-37127,-36758,-36389,-36020,-35651,-35282,-34913,-34544,-34175,-33806,-33437,-33068,-32699,-32330,-31961,-31592,-31223,-30854,-30485,-30116,-29747,-29378,-29009,-28640,-28271,-27902,-27533,-27164,-26795,-26426,-26057,-25688,-25319,-24950,-24581,-24212,-23843,-23474,-23105,-22736,-22367,-21998,-21629,-21260,-20891,-20522,-20153,-19784,-19415,-19046,-18677,-18308,-17939,-17570,-17201,-16832,-16463,-16094,-15725,-15356,-14987,-14618,-14249,-13880,-13511,-13142,-12773,-12404,-12035,-11666,-11297,-10928,-10559,-10190,-9821,-9452,-9083,-8714,-8345,-7976,-7607,-7238,-6869,-6500,-6131,-5762,-5393,-5024,-4655,-4286,-3917,-3548,-3179,-2810,-2441,-2072,-1703,-1334,-965,-596,-227
143,512,881,1250,1619,1988,2357,2726,3095,3464,3833,4202,4571,4940,5309,5678,6047,6416,6785,7154,7523,7892,8261,8630,8999,9368,9737,10106,10475,10844,11213,11582,11951,12320,12689,13058,13427,13796,14165,14534,14903,15272,15641,16010,16379,16748,17117,17486,17855,18224,18593,18962,19331,19700,20069,20438,20807,21176,21545,21914,22283,22652,23021,23390,23759,24128,24497,24866,25235,25604,25973,26342,26711,27080,27449,27818,28187,28556,28925,29294,29663,30032,30401,30770,31139,31508,31877,32246,32615,32984,33353,33722,34091,34460,34829,35198,35567,35936,36305,36674,37043,37412,37781,38150,38519,38888,39257,39626,39995,40364,40733,41102,41471,41840,42209,42578,42947,43316,43685,44054,44423,44792,45161,45530,45899,46268,46637,47006,47375,47744,48113,48482,48851,49220,49589,49958,50327,50696,51065,51434,51803,52172,52541,52910,53279,53648,54017,54386,54755,55124,55493,55862,56231,56600,56969,57338,57707,58076,58445,58814,59183,59552,59921,60290,60659,61028,61397,61766,62135,62504,62873,63242,63611,63980,64349,64718,65087,65456,65825,66194,66563,66932,67301,67670,68039,-67753,-67384,-67015,-66646,-66277,-65908,-65539,-65170,-64801,-64432,-64063,-63694,-63325,-62956,-62587,-62218,-61849,-61480,-61111,-60742,-60373,-60004,-59635,-59266,-58897,-58528,-58159,-57790,-57421,-57052,-56683,-56314,-55945,-55576,-55207,-54838,-54469,-54100,-53731,-53362,-52993,-52767,-52624,-52255,-51886,-51517,-51148,-50779,-50410,-50041,-49672,-49303,-48934,-48565,-48196,-47827,-47458,-47089,-46720,-46351,-45982,-45613,-45244,-44875,-44506,-44137,-43768,-43399,-43030,-42661,-42292,-41923,-41554,-41185,-40816,-40447,-40078,-39709,-39340,-38971,-38602,-38233,-37864,-37495,-37126,-36757,-36388,-36019,-35650,-35281,-34912,-34543,-34174,-33805,-33436,-33067,-32698,-32329,-31960,-31591,-31222,-30853,-30484,-30115,-29746,-29377,-29008,-28639,-28270,-27901,-27532,-27163,-26794,-26425,-26056,-25687,-25318,-24949,-24580,-24211,-23842,-23473,-23104,-22735,-22366,-21997,-21628,-21259,-20890,-20521,-20152,-19783,-19414,-19045,-18676,-18307,-17938,-17569,-17200,-16831,-16462,-16093,-15724,-15355,-14986,-14617,-14248,-13879,-13510,-13141,-12772,-12403,-12034,-11665,-11296,-10927,-10558,-10189,-9820,-9451,-9082,-8713,-8344,-7975,-7606,-7237,-6868,-6499,-6130,-5761,-5392,-5023,-4654,-4285,-3916,-3547,-3178,-2809,-2440,-2071,-1702,-1333,-964,-595,-226
144,513,882,1251,1620,1989,2358,2727,3096,3465,3834,4203,4572,4941,5310,5679,6048,6417,6786,7155,7524,7893,8262,8631,9000,9369,9738,10107,10476,10845,11214,11583,11952,12321,12690,13059,13428,13797,14166,14535,14904,15273,15642,16011,16380,16749,17118,17487,17856,18225,18594,18963,19332,19701,20070,20439,20808,21177,21546,21915,22284,22653,23022,23391,23760,24129,24498,24867,25236,25605,25974,26343,26712,27081,27450,27819,28188,28557,28926,29295,29664,30033,30402,30771,31140,31509,31878,32247,32616,32985,33354,33723,34092,34461,34830,35199,35568,35937,36306,36675,37044,37413,37782,38151,38520,38889,39258,39627,39996,40365,40734,41103,41472,41841,42210,42579,42948,43317,43686,44055,44424,44793,45162,45531,45900,46269,46638,47007,47376,47745,48114,48483,48852,49221,49590,49959,50328,50697,51066,51435,51804,52173,52542,52911,53280,53649,54018,54387,54756,55125,55494,55863,56232,56601,56970,57339,57708,58077,58446,58815,59184,59553,59922,60291,60660,61029,61398,61767,62136,62505,62874,63243,63612,63981,64350,64719,65088,65457,65826,66195,66564,66933,67302,67671,68040,-67752,-67383,-67014,-66645,-66276,-65907,-65538,-65169,-64800,-64431,-64062,-63693,-63324,-62955,-62586,-62217,-61848,-61479,-61110,-60741,-60372,-60003,-59634,-59265,-58896,-58527,-58158,-57789,-57420,-57051,-56682,-56313,-55944,-55575,-55206,-54837,-54468,-54099,-53730,-53361,-53136,-52992,-52623,-52254,-51885,-51516,-51147,-50778,-50409,-50040,-49671,-49302,-48933,-48564,-48195,-47826,-47457,-47088,-46719,-46350,-45981,-45612,-45243,-44874,-44505,-44136,-43767,-43398,-43029,-42660,-42291,-41922,-41553,-41184,-40815,-40446,-40077,-39708,-39339,-38970,-38601,-38232,-37863,-37494,-37125,-36756,-36387,-36018,-35649,-35280,-34911,-34542,-34173,-33804,-33435,-33066,-32697,-32328,-31959,-31590,-31221,-30852,-30483,-30114,-29745,-29376,-29007,-28638,-28269,-27900,-27531,-27162,-26793,-26424,-26055,-25686,-25317,-24948,-24579,-24210,-23841,-23472,-23103,-22734,-22365,-21996,-21627,-21258,-20889,-20520,-20151,-19782,-19413,-19044,-18675,-18306,-17937,-17568,-17199,-16830,-16461,-16092,-15723,-15354,-14985,-14616,-14247,-13878,-13509,-13140,-12771,-12402,-12033,-11664,-11295,-10926,-10557,-10188,-9819,-9450,-9081,-8712,-8343,-7974,-7605,-7236,-6867,-6498,-6129,-5760,-5391,-5022,-4653,-4284,-3915,-3546,-3177,-2808,-2439,-2070,-1701,-1332,-963,-594,-225
145,514,883,1252,1621,1990,2359,2728,3097,3466,3835,4204,4573,4942,5311,5680,6049,6418,6787,7156,7525,7894,8263,8632,9001,9370,9739,10108,10477,10846,11215,11584,11953,12322,12691,13060,13429,13798,14167,14536,14905,15274,15643,16012,16381,16750,17119,17488,17857,18226,18595,18964,19333,19702,20071,20440,20809,21178,21547,21916,22285,22654,23023,23392,23761,24130,24499,24868,25237,25606,25975,26344,26713,27082,27451,27820,28189,28558,28927,29296,29665,30034,30403,30772,31141,31510,31879,32248,32617,32986,33355,33724,34093,34462,34831,35200,35569,35938,36307,36676,37045,37414,37783,38152,38521,38890,39259,39628,39997,40366,40735,41104,41473,41842,42211,42580,42949,43318,43687,44056,44425,44794,45163,45532,45901,46270,46639,47008,47377,47746,48115,48484,48853,49222,49591,49960,50329,50698,51067,51436,51805,52174,52543,52912,53281,53650,54019,54388,54757,55126,55495,55864,56233,56602,56971,57340,57709,58078,58447,58816,59185,59554,59923,60292,60661,61030,61399,61768,62137,62506,62875,63244,63613,63982,64351,64720,65089,65458,65827,66196,66565,66934,67303,67672,68041,-67751,-67382,-67013,-66644,-66275,-65906,-65537,-65168,-64799,-64430,-64061,-63692,-63323,-62954,-62585,-62216,-61847,-61478,-61109,-60740,-60371,-60002,-59633,-59264,-58895,-58526,-58157,-57788,-57419,-57050,-56681,-56312,-55943,-55574,-55205,-54836,-54467,-54098,-53729,-53505,-53360,-52991,-52622,-52253,-51884,-51515,-51146,-50777,-50408,-50039,-49670,-49301,-48932,-48563,-48194,-47825,-47456,-47087,-46718,-46349,-45980,-45611,-45242,-44873,-44504,-44135,-43766,-43397,-43028,-42659,-42290,-41921,-41552,-41183,-40814,-40445,-40076,-39707,-39338,-38969,-38600,-38231,-37862,-37493,-37124,-36755,-36386,-36017,-35648,-35279,-34910,-34541,-34172,-33803,-33434,-33065,-32696,-32327,-31958,-31589,-31220,-30851,-30482,-30113,-29744,-29375,-29006,-28637,-28268,-27899,-27530,-27161,-26792,-26423,-26054,-25685,-25316,-24947,-24578,-24209,-23840,-23471,-23102,-22733,-22364,-21995,-21626,-21257,-20888,-20519,-20150,-19781,-19412,-19043,-18674,-18305,-17936,-17567,-17198,-16829,-16460,-16091,-15722,-15353,-14984,-14615,-14246,-13877,-13508,-13139,-12770,-12401,-12032,-11663,-11294,-10925,-10556,-10187,-9818,-9449,-9080,-8711,-8342,-7973,-7604,-7235,-6866,-6497,-6128,-5759,-5390,-5021,-4652,-4283,-3914,-3545,-3176,-2807,-2438,-2069,-1700,-1331,-962,-593,-224
146,515,884,1253,1622,1991,2360,2729,3098,3467,3836,4205,4574,4943,5312,5681,6050,6419,6788,7157,7526,7895,8264,8633,9002,9371,9740,10109,10478,10847,11216,11585,11954,12323,12692,13061,13430,13799,14168,14537,14906,15275,15644,16013,16382,16751,17120,17489,17858,18227,18596,18965,19334,19703,20072,20441,20810,21179,21548,21917,22286,22655,23024,23393,23762,24131,24500,24869,25238,25607,25976,26345,26714,27083,27452,27821,28190,28559,28928,29297,29666,30035,30404,30773,31142,31511,31880,32249,32618,32987,33356,33725,34094,34463,34832,35201,35570,35939,36308,36677,37046,37415,37784,38153,38522,38891,39260,39629,39998,40367,40736,41105,41474,41843,42212,42581,42950,43319,43688,44057,44426,44795,45164,45533,45902,46271,46640,47009,47378,47747,48116,48485,48854,49223,49592,49961,50330,50699,51068,51437,51806,52175,52544,52913,53282,53651,54020,54389,54758,55127,55496,55865,56234,56603,56972,57341,57710,58079,58448,58817,59186,59555,59924,60293,60662,61031,61400,61769,62138,62507,62876,63245,63614,63983,64352,64721,65090,65459,65828,66197,66566,66935,67304,67673,68042,-67750,-67381,-67012,-66643,-66274,-65905,-65536,-65167,-64798,-64429,-64060,-63691,-63322,-62953,-62584,-62215,-61846,-61477,-61108,-60739,-60370,-60001,-59632,-59263,-58894,-58525,-58156,-57787,-57418,-57049,-56680,-56311,-55942,-55573,-55204,-54835,-54466,-54097,-53874,-53728,-53359,-52990,-52621,-52252,-51883,-51514,-51145,-50776,-50407,-50038,-49669,-49300,-48931,-48562,-48193,-47824,-47455,-47086,-46717,-46348,-45979,-45610,-45241,-44872,-44503,-44134,-43765,-43396,-43027,-42658,-42289,-41920,-41551,-41182,-40813,-40444,-40075,-39706,-39337,-38968,-38599,-38230,-37861,-37492,-37123,-36754,-36385,-36016,-35647,-35278,-34909,-34540,-34171,-33802,-33433,-33064,-32695,-32326,-31957,-31588,-31219,-30850,-30481,-30112,-29743,-29374,-29005,-28636,-28267,-27898,-27529,-27160,-26791,-26422,-26053,-25684,-25315,-24946,-24577,-24208,-23839,-23470,-23101,-22732,-22363,-21994,-21625,-21256,-20887,-20518,-20149,-19780,-19411,-19042,-18673,-18304,-17935,-17566,-17197,-16828,-16459,-16090,-15721,-15352,-14983,-14614,-14245,-13876,-13507,-13138,-12769,-12400,-12031,-11662,-11293,-10924,-10555,-10186,-9817,-9448,-9079,-8710,-8341,-7972,-7603,-7234,-6865,-6496,-6127,-5758,-5389,-5020,-4651,-4282,-3913,-3544,-3175,-2806,-2437,-2068,-1699,-1330,-961,-592,-223
147,516,885,1254,1623,1992,2361,2730,3099,3468,3837,4206,4575,4944,5313,5682,6051,6420,6789,7158,7527,7896,8265,8634,9003,9372,9741,10110,10479,10848,11217,11586,11955,12324,12693,13062,13431,13800,14169,14538,14907,15276,15645,16014,16383,16752,17121,17490,17859,18228,18597,18966,19335,19704,20073,20442,20811,21180,21549,21918,22287,22656,23025,23394,23763,24132,24501,24870,25239,25608,25977,26346,26715,27084,27453,27822,28191,28560,28929,29298,29667,30036,30405,30774,31143,31512,31881,32250,32619,32988,33357,33726,34095,34464,34833,35202,35571,35940,36309,36678,37047,37416,37785,38154,38523,38892,39261,39630,39999,40368,40737,41106,41475,41844,42213,42582,42951,43320,43689,44058,44427,44796,45165,45534,45903,46272,46641,47010,47379,47748,48117,48486,48855,49224,49593,49962,50331,50700,51069,51438,51807,52176,52545,52914,53283,53652,54021,54390,54759,55128,55497,55866,56235,56604,56973,57342,57711,58080,58449,58818,59187,59556,59925,60294,60663,61032,61401,61770,62139,62508,62877,63246,63615,63984,64353,64722,65091,65460,65829,66198,66567,66936,67305,67674,68043,-67749,-67380,-67011,-66642,-66273,-65904,-65535,-65166,-64797,-64428,-64059,-63690,-63321,-62952,-62583,-62214,-61845,-61476,-61107,-60738,-60369,-60000,-59631,-59262,-58893,-58524,-58155,-57786,-57417,-57048,-56679,-56310,-55941,-55572,-55203,-54834,-54465,-54243,-54096,-53727,-53358,-52989,-52620,-52251,-51882,-51513,-51144,-50775,-50406,-50037,-49668,-49299,-48930,-48561,-48192,-47823,-47454,-47085,-46716,-46347,-45978,-45609,-45240,-44871,-44502,-44133,-43764,-43395,-43026,-42657,-42288,-41919,-41550,-41181,-40812,-40443,-40074,-39705,-39336,-38967,-38598,-38229,-37860,-37491,-37122,-36753,-36384,-36015,-35646,-35277,-34908,-34539,-34170,-33801,-33432,-33063,-32694,-32325,-31956,-31587,-31218,-30849,-30480,-30111,-29742,-29373,-29004,-28635,-28266,-27897,-27528,-27159,-26790,-26421,-26052,-25683,-25314,-24945,-24576,-24207,-23838,-23469,-23100,-22731,-22362,-21993,-21624,-21255,-20886,-20517,-20148,-19779,-19410,-19041,-18672,-18303,-17934,-17565,-17196,-16827,-16458,-16089,-15720,-15351,-14982,-14613,-14244,-13875,-13506,-13137,-12768,-12399,-12030,-11661,-11292,-10923,-10554,-10185,-9816,-9447,-9078,-8709,-8340,-7971,-7602,-7233,-6864,-6495,-6126,-5757,-5388,-5019,-4650,-4281,-3912,-3543,-3174,-2805,-2436,-2067,-1698,-1329,-960,-591,-222
148,517,886,1255,1624,1993,2362,2731,3100,3469,3838,4207,4576,4945,5314,5683,6052,6421,6790,7159,7528,7897,8266,8635,9004,9373,9742,10111,10480,10849,11218,11587,11956,12325,12694,13063,13432,13801,14170,14539,14908,15277,15646,16015,16384,16753,17122,17491,17860,18229,18598,18967,19336,19705,20074,20443,20812,21181,21550,21919,22288,22657,23026,23395,23764,24133,24502,24871,25240,25609,25978,26347,26716,27085,27454,27823,28192,28561,28930,29299,29668,30037,30406,30775,31144,31513,31882,32251,32620,32989,33358,33727,34096,34465,34834,35203,35572,35941,36310,36679,37048,37417,37786,38155,38524,38893,39262,39631,40000,40369,40738,41107,41476,41845,42214,42583,42952,43321,43690,44059,44428,44797,45166,45535,45904,46273,46642,47011,47380,47749,48118,48487,48856,49225,49594,49963,50332,50701,51070,51439,51808,52177,52546,52915,53284,53653,54022,54391,54760,55129,55498,55867,56236,56605,56974,57343,57712,58081,58450,58819,59188,59557,59926,60295,60664,61033,61402,61771,62140,62509,62878,63247,63616,63985,64354,64723,65092,65461,65830,66199,66568,66937,67306,67675,68044,-67748,-67379,-67010,-66641,-66272,-65903,-65534,-65165,-64796,-64427,-64058,-63689,-63320,-62951,-62582,-62213,-61844,-61475,-61106,-60737,-60368,-59999,-59630,-59261,-58892,-58523,-58154,-57785,-57416,-57047,-56678,-56309,-55940,-55571,-55202,-54833,-54612,-54464,-54095,-53726,-53357,-52988,-52619,-52250,-51881,-51512,-51143,-50774,-50405,-50036,-49667,-49298,-48929,-48560,-48191,-47822,-47453,-47084,-46715,-46346,-45977,-45608,-45239,-44870,-44501,-44132,-43763,-43394,-43025,-42656,-42287,-41918,-41549,-41180,-40811,-40442,-40073,-39704,-39335,-38966,-38597,-38228,-37859,-37490,-37121,-36752,-36383,-36014,-35645,-35276,-34907,-34538,-34169,-33800,-33431,-33062,-32693,-32324,-31955,-31586,-31217,-30848,-30479,-30110,-29741,-29372,-29003,-28634,-28265,-27896,-27527,-27158,-26789,-26420,-26051,-25682,-25313,-24944,-24575,-24206,-23837,-23468,-23099,-22730,-22361,-21992,-21623,-21254,-20885,-20516,-20147,-19778,-19409,-19040,-18671,-18302,-17933,-17564,-17195,-16826,-16457,-16088,-15719,-15350,-14981,-14612,-14243,-13874,-13505,-13136,-12767,-12398,-12029,-11660,-11291,-10922,-10553,-10184,-9815,-9446,-9077,-8708,-8339,-7970,-7601,-7232,-6863,-6494,-6125,-5756,-5387,-5018,-4649,-4280,-3911,-3542,-3173,-2804,-2435,-2066,-1697,-1328,-959,-590,-221
149,518,887,1256,1625,1994,2363,2732,3101,3470,3839,4208,4577,4946,5315,5684,6053,6422,6791,7160,7529,7898,8267,8636,9005,9374,9743,10112,10481,10850,11219,11588,11957,12326,12695,13064,13433,13802,14171,14540,14909,15278,15647,16016,16385,16754,17123,17492,17861,18230,18599,18968,19337,19706,20075,20444,20813,21182,21551,21920,22289,22658,23027,23396,23765,24134,24503,24872,25241,25610,25979,26348,26717,27086,27455,27824,28193,28562,28931,29300,29669,30038,30407,30776,31145,31514,31883,32252,32621,32990,33359,33728,34097,34466,34835,35204,35573,35942,36311,36680,37049,37418,37787,38156,38525,38894,39263,39632,40001,40370,40739,41108,41477,41846,42215,42584,42953,43322,43691,44060,44429,44798,45167,45536,45905,46274,46643,47012,47381,47750,48119,48488,48857,49226,49595,49964,50333,50702,51071,51440,51809,52178,52547,52916,53285,53654,54023,54392,54761,55130,55499,55868,56237,56606,56975,57344,57713,58082,58451,58820,59189,59558,59927,60296,60665,61034,61403,61772,62141,62510,62879,63248,63617,63986,64355,64724,65093,65462,65831,66200,66569,66938,67307,67676,68045,-67747,-67378,-67009,-66640,-66271,-65902,-65533,-65164,-64795,-64426,-64057,-63688,-63319,-62950,-62581,-62212,-61843,-61474,-61105,-60736,-60367,-59998,-59629,-59260,-58891,-58522,-58153,-57784,-57415,-57046,-56677,-56308,-55939,-55570,-55201,-54981,-54832,-54463,-54094,-53725,-53356,-52987,-52618,-52249,-51880,-51511,-51142,-50773,-50404,-50035,-49666,-49297,-48928,-48559,-48190,-47821,-47452,-47083,-46714,-46345,-45976,-45607,-45238,-44869,-44500,-44131,-43762,-43393,-43024,-42655,-42286,-41917,-41548,-41179,-40810,-40441,-40072,-39703,-39334,-38965,-38596,-38227,-37858,-37489,-37120,-36751,-36382,-36013,-35644,-35275,-34906,-34537,-34168,-33799,-33430,-33061,-32692,-32323,-31954,-31585,-31216,-30847,-30478,-30109,-29740,-29371,-29002,-28633,-28264,-27895,-27526,-27157,-26788,-26419,-26050,-25681,-25312,-24943,-24574,-24205,-23836,-23467,-23098,-22729,-22360,-21991,-21622,-21253,-20884,-20515,-20146,-19777,-19408,-19039,-18670,-18301,-17932,-17563,-17194,-16825,-16456,-16087,-15718,-15349,-14980,-14611,-14242,-13873,-13504,-13135,-12766,-12397,-12028,-11659,-11290,-10921,-10552,-10183,-9814,-9445,-9076,-8707,-8338,-7969,-7600,-7231,-6862,-6493,-6124,-5755,-5386,-5017,-4648,-4279,-3910,-3541,-3172,-2803,-2434,-2065,-1696,-1327,-958,-589,-220
150,519,888,1257,1626,1995,2364,2733,3102,3471,3840,4209,4578,4947,5316,5685,6054,6423,6792,7161,7530,7899,8268,8637,9006,9375,9744,10113,10482,10851,11220,11589,11958,12327,12696,13065,13434,13803,14172,14541,14910,15279,15648,16017,16386,16755,17124,17493,17862,18231,18600,18969,19338,19707,20076,20445,20814,21183,21552,21921,22290,22659,23028,23397,23766,24135,24504,24873,25242,25611,25980,26349,26718,27087,27456,27825,28194,28563,28932,29301,29670,30039,30408,30777,31146,31515,31884,32253,32622,32991,33360,33729,34098,34467,34836,35205,35574,35943,36312,36681,37050,37419,37788,38157,38526,38895,39264,39633,40002,40371,40740,41109,41478,41847,42216,42585,42954,43323,43692,44061,44430,44799,45168,45537,45906,46275,46644,47013,47382,47751,48120,48489,48858,49227,49596,49965,50334,50703,51072,51441,51810,52179,52548,52917,53286,53655,54024,54393,54762,55131,55500,55869,56238,56607,56976,57345,57714,58083,58452,58821,59190,59559,59928,60297,60666,61035,61404,61773,62142,62511,62880,63249,63618,63987,64356,64725,65094,65463,65832,66201,66570,66939,67308,67677,68046,-67746,-67377,-67008,-66639,-66270,-65901,-65532,-65163,-64794,-64425,-64056,-63687,-63318,-62949,-62580,-62211,-61842,-61473,-61104,-60735,-60366,-59997,-59628,-59259,-58890,-58521,-58152,-57783,-57414,-57045,-56676,-56307,-55938,-55569,-55350,-55200,-54831,-54462,-54093,-53724,-53355,-52986,-52617,-52248,-51879,-51510,-51141,-50772,-50403,-50034,-49665,-49296,-48927,-48558,-48189,-47820,-47451,-47082,-46713,-46344,-45975,-45606,-45237,-44868,-44499,-44130,-43761,-43392,-43023,-42654,-42285,-41916,-41547,-41178,-40809,-40440,-40071,-39702,-39333,-38964,-38595,-38226,-37857,-37488,-37119,-36750,-36381,-36012,-35643,-35274,-34905,-34536,-34167,-33798,-33429,-33060,-32691,-32322,-31953,-31584,-31215,-30846,-30477,-30108,-29739,-29370,-29001,-28632,-28263,-27894,-27525,-27156,-26787,-26418,-26049,-25680,-25311,-24942,-24573,-24204,-23835,-23466,-23097,-22728,-22359,-21990,-21621,-21252,-20883,-20514,-20145,-19776,-19407,-19038,-18669,-18300,-17931,-17562,-17193,-16824,-16455,-16086,-15717,-15348,-14979,-14610,-14241,-13872,-13503,-13134,-12765,-12396,-12027,-11658,-11289,-10920,-10551,-10182,-9813,-9444,-9075,-8706,-8337,-7968,-7599,-7230,-6861,-6492,-6123,-5754,-5385,-5016,-4647,-4278,-3909,-3540,-3171,-2802,-2433,-2064,-1695,-1326,-957,-588,-219
151,520,889,1258,1627,1996,2365,2734,3103,3472,3841,4210,4579,4948,5317,5686,6055,6424,6793,7162,7531,7900,8269,8638,9007,9376,9745,10114,10483,10852,11221,11590,11959,12328,12697,13066,13435,13804,14173,14542,14911,15280,15649,16018,16387,16756,17125,17494,17863,18232,18601,18970,19339,19708,20077,20446,20815,21184,21553,21922,22291,22660,23029,23398,23767,24136,24505,24874,25243,25612,25981,26350,26719,27088,27457,27826,28195,28564,28933,29302,29671,30040,30409,30778,31147,31516,31885,32254,32623,32992,33361,33730,34099,34468,34837,35206,35575,35944,36313,36682,37051,37420,37789,38158,38527,38896,39265,39634,40003,40372,40741,41110,41479,41848,42217,42586,42955,43324,43693,44062,44431,44800,45169,45538,45907,46276,46645,47014,47383,47752,48121,48490,48859,49228,49597,49966,50335,50704,51073,51442,51811,52180,52549,52918,53287,53656,54025,54394,54763,55132,55501,55870,56239,56608,56977,57346,57715,58084,58453,58822,59191,59560,59929,60298,60667,61036,61405,61774,62143,62512,62881,63250,63619,63988,64357,64726,65095,65464,65833,66202,66571,66940,67309,67678,68047,-67745,-67376,-67007,-66638,-66269,-65900,-65531,-65162,-64793,-64424,-64055,-63686,-63317,-62948,-62579,-62210,-61841,-61472,-61103,-60734,-60365,-59996,-59627,-59258,-58889,-58520,-58151,-57782,-57413,-57044,-56675,-56306,-55937,-55719,-55568,-55199,-54830,-54461,-54092,-53723,-53354,-52985,-52616,-52247,-51878,-51509,-51140,-50771,-50402,-50033,-49664,-49295,-48926,-48557,-48188,-47819,-47450,-47081,-46712,-46343,-45974,-45605,-45236,-44867,-44498,-44129,-43760,-43391,-43022,-42653,-42284,-41915,-41546,-41177,-40808,-40439,-40070,-39701,-39332,-38963,-38594,-38225,-37856,-37487,-37118,-36749,-36380,-36011,-35642,-35273,-34904,-34535,-34166,-33797,-33428,-33059,-32690,-32321,-31952,-31583,-31214,-30845,-30476,-30107,-29738,-29369,-29000,-28631,-28262,-27893,-27524,-27155,-26786,-26417,-26048,-25679,-25310,-24941,-24572,-24203,-23834,-23465,-23096,-22727,-22358,-21989,-21620,-21251,-20882,-20513,-20144,-19775,-19406,-19037,-18668,-18299,-17930,-17561,-17192,-16823,-16454,-16085,-15716,-15347,-14978,-14609,-14240,-13871,-13502,-13133,-12764,-12395,-12026,-11657,-11288,-10919,-10550,-10181,-9812,-9443,-9074,-8705,-8336,-7967,-7598,-7229,-6860,-6491,-6122,-5753,-5384,-5015,-4646,-4277,-3908,-3539,-3170,-2801,-2432,-2063,-1694,-1325,-956,-587,-218
152,521,890,1259,1628,1997,2366,2735,3104,3473,3842,4211,4580,4949,5318,5687,6056,6425,6794,7163,7532,7901,8270,8639,9008,9377,9746,10115,10484,10853,11222,11591,11960,12329,12698,13067,13436,13805,14174,14543,14912,15281,15650,16019,16388,16757,17126,17495,17864,18233,18602,18971,19340,19709,20078,20447,20816,21185,21554,21923,22292,22661,23030,23399,23768,24137,24506,24875,25244,25613,25982,26351,26720,27089,27458,27827,28196,28565,28934,29303,29672,30041,30410,30779,31148,31517,31886,32255,32624,32993,33362,33731,34100,34469,34838,35207,35576,35945,36314,36683,37052,37421,37790,38159,38528,38897,39266,39635,40004,40373,40742,41111,41480,41849,42218,42587,42956,43325,43694,44063,44432,44801,45170,45539,45908,46277,46646,47015,47384,47753,48122,48491,48860,49229,49598,49967,50336,50705,51074,51443,51812,52181,52550,52919,53288,53657,54026,54395,54764,55133,55502,55871,56240,56609,56978,57347,57716,58085,58454,58823,59192,59561,59930,60299,60668,61037,61406,61775,62144,62513,62882,63251,63620,63989,64358,64727,65096,65465,65834,66203,66572,66941,67310,67679,68048,-67744,-67375,-67006,-66637,-66268,-65899,-65530,-65161,-64792,-64423,-64054,-63685,-63316,-62947,-62578,-62209,-61840,-61471,-61102,-60733,-60364,-59995,-59626,-59257,-58888,-58519,-58150,-57781,-57412,-57043,-56674,-56305,-56088,-55936,-55567,-55198,-54829,-54460,-54091,-53722,-53353,-52984,-52615,-52246,-51877,-51508,-51139,-50770,-50401,-50032,-49663,-49294,-48925,-48556,-48187,-47818,-47449,-47080,-46711,-46342,-45973,-45604,-45235,-44866,-44497,-44128,-43759,-43390,-43021,-42652,-42283,-41914,-41545,-41176,-40807,-40438,-40069,-39700,-39331,-38962,-38593,-38224,-37855,-37486,-37117,-36748,-36379,-36010,-35641,-35272,-34903,-34534,-34165,-33796,-33427,-33058,-32689,-32320,-31951,-31582,-31213,-30844,-30475,-30106,-29737,-29368,-28999,-28630,-28261,-27892,-27523,-27154,-26785,-26416,-26047,-25678,-25309,-24940,-24571,-24202,-23833,-23464,-23095,-22726,-22357,-21988,-21619,-21250,-20881,-20512,-20143,-19774,-19405,-19036,-18667,-18298,-17929,-17560,-17191,-16822,-16453,-16084,-15715,-15346,-14977,-14608,-14239,-13870,-13501,-13132,-12763,-12394,-12025,-11656,-11287,-10918,-10549,-10180,-9811,-9442,-9073,-8704,-8335,-7966,-7597,-7228,-6859,-6490,-6121,-5752,-5383,-5014,-4645,-4276,-3907,-3538,-3169,-2800,-2431,-2062,-1693,-1324,-955,-586,-217
153,522,891,1260,1629,1998,2367,2736,3105,3474,3843,4212,4581,4950,5319,5688,6057,6426,6795,7164,7533,7902,8271,8640,9009,9378,9747,10116,10485,10854,11223,11592,11961,12330,12699,13068,13437,13806,14175,14544,14913,15282,15651,16020,16389,16758,17127,17496,17865,18234,18603,18972,19341,19710,20079,20448,20817,21186,21555,21924,22293,22662,23031,23400,23769,24138,24507,24876,25245,25614,25983,26352,26721,27090,27459,27828,28197,28566,28935,29304,29673,30042,30411,30780,31149,31518,31887,32256,32625,32994,33363,33732,34101,34470,34839,35208,35577,35946,36315,36684,37053,37422,37791,38160,38529,38898,39267,39636,40005,40374,40743,41112,41481,41850,42219,42588,42957,43326,43695,44064,44433,44802,45171,45540,45909,46278,46647,47016,47385,47754,48123,48492,48861,49230,49599,49968,50337,50706,51075,51444,51813,52182,52551,52920,53289,53658,54027,54396,54765,55134,55503,55872,56241,56610,56979,57348,57717,58086,58455,58824,59193,59562,59931,60300,60669,61038,61407,61776,62145,62514,62883,63252,63621,63990,64359,64728,65097,65466,65835,66204,66573,66942,67311,67680,68049,-67743,-67374,-67005,-66636,-66267,-65898,-65529,-65160,-64791,-64422,-64053,-63684,-63315,-62946,-62577,-62208,-61839,-61470,-61101,-60732,-60363,-59994,-59625,-59256,-58887,-58518,-58149,-57780,-57411,-57042,-56673,-56457,-56304,-55935,-55566,-55197,-54828,-54459,-54090,-53721,-53352,-52983,-52614,-52245,-51876,-51507,-51138,-50769,-50400,-50031,-49662,-49293,-48924,-48555,-48186,-47817,-47448,-47079,-46710,-46341,-45972,-45603,-45234,-44865,-44496,-44127,-43758,-43389,-43020,-42651,-42282,-41913,-41544,-41175,-40806,-40437,-40068,-39699,-39330,-38961,-38592,-38223,-37854,-37485,-37116,-36747,-36378,-36009,-35640,-35271,-34902,-34533,-34164,-33795,-33426,-33057,-32688,-32319,-31950,-31581,-31212,-30843,-30474,-30105,-29736,-29367,-28998,-28629,-28260,-27891,-27522,-27153,-26784,-26415,-26046,-25677,-25308,-24939,-24570,-24201,-23832,-23463,-23094,-22725,-22356,-21987,-21618,-21249,-20880,-20511,-20142,-19773,-19404,-19035,-18666,-18297,-17928,-17559,-17190,-16821,-16452,-16083,-15714,-15345,-14976,-14607,-14238,-13869,-13500,-13131,-12762,-12393,-12024,-11655,-11286,-10917,-10548,-10179,-9810,-9441,-9072,-8703,-8334,-7965,-7596,-7227,-6858,-6489,-6120,-5751,-5382,-5013,-4644,-4275,-3906,-3537,-3168,-2799,-2430,-2061,-1692,-1323,-954,-585,-216
154,523,892,1261,1630,1999,2368,2737,3106,3475,3844,4213,4582,4951,5320,5689,6058,6427,6796,7165,7534,7903,8272,8641,9010,9379,9748,10117,10486,10855,11224,11593,11962,12331,12700,13069,13438,13807,14176,14545,14914,15283,15652,16021,16390,16759,17128,17497,17866,18235,18604,18973,19342,19711,20080,20449,20818,21187,21556,21925,22294,22663,23032,23401,23770,24139,24508,24877,25246,25615,25984,26353,26722,27091,27460,27829,28198,28567,28936,29305,29674,30043,30412,30781,31150,31519,31888,32257,32626,32995,33364,33733,34102,34471,34840,35209,35578,35947,36316,36685,37054,37423,37792,38161,38530,38899,39268,39637,40006,40375,40744,41113,41482,41851,42220,42589,42958,43327,43696,44065,44434,44803,45172,45541,45910,46279,46648,47017,47386,47755,48124,48493,48862,49231,49600,49969,50338,50707,51076,51445,51814,52183,52552,52921,53290,53659,54028,54397,54766,55135,55504,55873,56242,56611,56980,57349,57718,58087,58456,58825,59194,59563,59932,60301,60670,61039,61408,61777,62146,62515,62884,63253,63622,63991,64360,64729,65098,65467,65836,66205,66574,66943,67312,67681,68050,-67742,-67373,-67004,-66635,-66266,-65897,-65528,-65159,-64790,-64421,-64052,-63683,-63314,-62945,-62576,-62207,-61838,-61469,-61100,-60731,-60362,-59993,-59624,-59255,-58886,-58517,-58148,-57779,-57410,-57041,-56826,-56672,-56303,-55934,-55565,-55196,-54827,-54458,-54089,-53720,-53351,-52982,-52613,-52244,-51875,-51506,-51137,-50768,-50399,-50030,-49661,-49292,-48923,-48554,-48185,-47816,-47447,-47078,-46709,-46340,-45971,-45602,-45233,-44864,-44495,-44126,-43757,-43388,-43019,-42650,-42281,-41912,-41543,-41174,-40805,-40436,-40067,-39698,-39329,-38960,-38591,-38222,-37853,-37484,-37115,-36746,-36377,-36008,-35639,-35270,-34901,-34532,-34163,-33794,-33425,-33056,-32687,-32318,-31949,-31580,-31211,-30842,-30473,-30104,-29735,-29366,-28997,-28628,-28259,-27890,-27521,-27152,-26783,-26414,-26045,-25676,-25307,-24938,-24569,-24200,-23831,-23462,-23093,-22724,-22355,-21986,-21617,-21248,-20879,-20510,-20141,-19772,-19403,-19034,-18665,-18296,-17927,-17558,-17189,-16820,-16451,-16082,-15713,-15344,-14975,-14606,-14237,-13868,-13499,-13130,-12761,-12392,-12023,-11654,-11285,-10916,-10547,-10178,-9809,-9440,-9071,-8702,-8333,-7964,-7595,-7226,-6857,-6488,-6119,-5750,-5381,-5012,-4643,-4274,-3905,-3536,-3167,-2798,-2429,-2060,-1691,-1322,-953,-584,-215
155,524,893,1262,1631,2000,2369,2738,3107,3476,3845,4214,4583,4952,5321,5690,6059,6428,6797,7166,7535,7904,8273,8642,9011,9380,9749,10118,10487,10856,11225,11594,11963,12332,12701,13070,13439,13808,14177,14546,14915,15284,15653,16022,16391,16760,17129,17498,17867,18236,18605,18974,19343,19712,20081,20450,20819,21188,21557,21926,22295,22664,23033,23402,23771,24140,24509,24878,25247,25616,25985,26354,26723,27092,27461,27830,28199,28568,28937,29306,29675,30044,30413,30782,31151,31520,31889,32258,32627,32996,33365,33734,34103,34472,34841,35210,35579,35948,36317,36686,37055,37424,37793,38162,38531,38900,39269,39638,40007,40376,40745,41114,41483,41852,42221,42590,42959,43328,43697,44066,44435,44804,45173,45542,45911,46280,46649,47018,47387,47756,48125,48494,48863,49232,49601,49970,50339,50708,51077,51446,51815,52184,52553,52922,53291,53660,54029,54398,54767,55136,55505,55874,56243,56612,56981,57350,57719,58088,58457,58826,59195,59564,59933,60302,60671,61040,61409,61778,62147,62516,62885,63254,63623,63992,64361,64730,65099,65468,65837,66206,66575,66944,67313,67682,68051,-67741,-67372,-67003,-66634,-66265,-65896,-65527,-65158,-64789,-64420,-64051,-63682,-63313,-62944,-62575,-62206,-61837,-61468,-61099,-60730,-60361,-59992,-59623,-59254,-58885,-58516,-58147,-57778,-57409,-57195,-57040,-56671,-56302,-55933,-55564,-55195,-54826,-54457,-54088,-53719,-53350,-52981,-52612,-52243,-51874,-51505,-51136,-50767,-50398,-50029,-49660,-49291,-48922,-48553,-48184,-47815,-47446,-47077,-46708,-46339,-45970,-45601,-45232,-44863,-44494,-44125,-43756,-43387,-43018,-42649,-42280,-41911,-41542,-41173,-40804,-40435,-40066,-39697,-39328,-38959,-38590,-38221,-37852,-37483,-37114,-36745,-36376,-36007,-35638,-35269,-34900,-34531,-34162,-33793,-33424,-33055,-32686,-32317,-31948,-31579,-31210,-30841,-30472,-30103,-29734,-29365,-28996,-28627,-28258,-27889,-27520,-27151,-26782,-26413,-26044,-25675,-25306,-24937,-24568,-24199,-23830,-23461,-23092,-22723,-22354,-21985,-21616,-21247,-20878,-20509,-20140,-19771,-19402,-19033,-18664,-18295,-17926,-17557,-17188,-16819,-16450,-16081,-15712,-15343,-14974,-14605,-14236,-13867,-13498,-13129,-12760,-12391,-12022,-11653,-11284,-10915,-10546,-10177,-9808,-9439,-9070,-8701,-8332,-7963,-7594,-7225,-6856,-6487,-6118,-5749,-5380,-5011,-4642,-4273,-3904,-3535,-3166,-2797,-2428,-2059,-1690,-1321,-952,-583,-214
156,525,894,1263,1632,2001,2370,2739,3108,3477,3846,4215,4584,4953,5322,5691,6060,6429,6798,7167,7536,7905,8274,8643,9012,9381,9750,10119,10488,10857,11226,11595,11964,12333,12702,13071,13440,13809,14178,14547,14916,15285,15654,16023,16392,16761,17130,17499,17868,18237,18606,18975,19344,19713,20082,20451,20820,21189,21558,21927,22296,22665,23034,23403,23772,24141,24510,24879,25248,25617,25986,26355,26724,27093,27462,27831,28200,28569,28938,29307,29676,30045,30414,30783,31152,31521,31890,32259,32628,32997,33366,33735,34104,34473,34842,35211,35580,35949,36318,36687,37056,37425,37794,38163,38532,38901,39270,39639,40008,40377,40746,41115,41484,41853,42222,42591,42960,43329,43698,44067,44436,44805,45174,45543,45912,46281,46650,47019,47388,47757,48126,48495,48864,49233,49602,49971,50340,50709,51078,51447,51816,52185,52554,52923,53292,53661,54030,54399,54768,55137,55506,55875,56244,56613,56982,57351,57720,58089,58458,58827,59196,59565,59934,60303,60672,61041,61410,61779,62148,62517,62886,63255,63624,63993,64362,64731,65100,65469,65838,66207,66576,66945,67314,67683,68052,-67740,-67371,-67002,-66633,-66264,-65895,-65526,-65157,-64788,-64419,-64050,-63681,-63312,-62943,-62574,-62205,-61836,-61467,-61098,-60729,-60360,-59991,-59622,-59253,-58884,-58515,-58146,-57777,-57564,-57408,-57039,-56670,-56301,-55932,-55563,-55194,-54825,-54456,-54087,-53718,-53349,-52980,-52611,-52242,-51873,-51504,-51135,-50766,-50397,-50028,-49659,-49290,-48921,-48552,-48183,-47814,-47445,-47076,-46707,-46338,-45969,-45600,-45231,-44862,-44493,-44124,-43755,-43386,-43017,-42648,-42279,-41910,-41541,-41172,-40803,-40434,-40065,-39696,-39327,-38958,-38589,-38220,-37851,-37482,-37113,-36744,-36375,-36006,-35637,-35268,-34899,-34530,-34161,-33792,-33423,-33054,-32685,-32316,-31947,-31578,-31209,-30840,-30471,-30102,-29733,-29364,-28995,-28626,-28257,-27888,-27519,-27150,-26781,-26412,-26043,-25674,-25305,-24936,-24567,-24198,-23829,-23460,-23091,-22722,-22353,-21984,-21615,-21246,-20877,-20508,-20139,-19770,-19401,-19032,-18663,-18294,-17925,-17556,-17187,-16818,-16449,-16080,-15711,-15342,-14973,-14604,-14235,-13866,-13497,-13128,-12759,-12390,-12021,-11652,-11283,-10914,-10545,-10176,-9807,-9438,-9069,-8700,-8331,-7962,-7593,-7224,-6855,-6486,-6117,-5748,-5379,-5010,-4641,-4272,-3903,-3534,-3165,-2796,-2427,-2058,-1689,-1320,-951,-582,-213
157,526,895,1264,1633,2002,2371,2740,3109,3478,3847,4216,4585,4954,5323,5692,6061,6430,6799,7168,7537,7906,8275,8644,9013,9382,9751,10120,10489,10858,11227,11596,11965,12334,12703,13072,13441,13810,14179,14548,14917,15286,15655,16024,16393,16762,17131,17500,17869,18238,18607,18976,19345,19714,20083,20452,20821,21190,21559,21928,22297,22666,23035,23404,23773,24142,24511,24880,25249,25618,25987,26356,26725,27094,27463,27832,28201,28570,28939,29308,29677,30046,30415,30784,31153,31522,31891,32260,32629,32998,33367,33736,34105,34474,34843,35212,35581,35950,36319,36688,37057,37426,37795,38164,38533,38902,39271,39640,40009,40378,40747,41116,41485,41854,42223,42592,42961,43330,43699,44068,44437,44806,45175,45544,45913,46282,46651,47020,47389,47758,48127,48496,48865,49234,49603,49972,50341,50710,51079,51448,51817,52186,52555,52924,53293,53662,54031,54400,54769,55138,55507,55876,56245,56614,56983,57352,57721,58090,58459,58828,59197,59566,59935,60304,60673,61042,61411,61780,62149,62518,62887,63256,63625,63994,64363,64732,65101,65470,65839,66208,66577,66946,67315,67684,68053,-67739,-67370,-67001,-66632,-66263,-65894,-65525,-65156,-64787,-64418,-64049,-63680,-63311,-62942,-62573,-62204,-61835,-61466,-61097,-60728,-60359,-59990,-59621,-59252,-58883,-58514,-58145,-57933,-57776,-57407,-57038,-56669,-56300,-55931,-55562,-55193,-54824,-54455,-54086,-53717,-53348,-52979,-52610,-52241,-51872,-51503,-51134,-50765,-50396,-50027,-49658,-49289,-48920,-48551,-48182,-47813,-47444,-47075,-46706,-46337,-45968,-45599,-45230,-44861,-44492,-44123,-43754,-43385,-43016,-42647,-42278,-41909,-41540,-41171,-40802,-40433,-40064,-39695,-39326,-38957,-38588,-38219,-37850,-37481,-37112,-36743,-36374,-36005,-35636,-35267,-34898,-34529,-34160,-33791,-33422,-33053,-32684,-32315,-31946,-31577,-31208,-30839,-30470,-30101,-29732,-29363,-28994,-28625,-28256,-27887,-27518,-27149,-26780,-26411,-26042,-25673,-25304,-24935,-24566,-24197,-23828,-23459,-23090,-22721,-22352,-21983,-21614,-21245,-20876,-20507,-20138,-19769,-19400,-19031,-18662,-18293,-17924,-17555,-17186,-16817,-16448,-16079,-15710,-15341,-14972,-14603,-14234,-13865,-13496,-13127,-12758,-12389,-12020,-11651,-11282,-10913,-10544,-10175,-9806,-9437,-9068,-8699,-8330,-7961,-7592,-7223,-6854,-6485,-6116,-5747,-5378,-5009,-4640,-4271,-3902,-3533,-3164,-2795,-2426,-2057,-1688,-1319,-950,-581,-212
158,527,896,1265,1634,2003,2372,2741,3110,3479,3848,4217,4586,4955,5324,5693,6062,6431,6800,7169,7538,7907,8276,8645,9014,9383,9752,10121,10490,10859,11228,11597,11966,12335,12704,13073,13442,13811,14180,14549,14918,15287,15656,16025,16394,16763,17132,17501,17870,18239,18608,18977,19346,19715,20084,20453,20822,21191,21560,21929,22298,22667,23036,23405,23774,24143,24512,24881,25250,25619,25988,26357,26726,27095,27464,27833,28202,28571,28940,29309,29678,30047,30416,30785,31154,31523,31892,32261,32630,32999,33368,33737,34106,34475,34844,35213,35582,35951,36320,36689,37058,37427,37796,38165,38534,38903,39272,39641,40010,40379,40748,41117,41486,41855,42224,42593,42962,43331,43700,44069,44438,44807,45176,45545,45914,46283,46652,47021,47390,47759,48128,48497,48866,49235,49604,49973,50342,50711,51080,51449,51818,52187,52556,52925,53294,53663,54032,54401,54770,55139,55508,55877,56246,56615,56984,57353,57722,58091,58460,58829,59198,59567,59936,60305,60674,61043,61412,61781,62150,62519,62888,63257,63626,63995,64364,64733,65102,65471,65840,66209,66578,66947,67316,67685,68054,-67738,-67369,-67000,-66631,-66262,-65893,-65524,-65155,-64786,-64417,-64048,-63679,-63310,-62941,-62572,-62203,-61834,-61465,-61096,-60727,-60358,-59989,-59620,-59251,-58882,-58513,-58302,-58144,-57775,-57406,-57037,-56668,-56299,-55930,-55561,-55192,-54823,-54454,-54085,-53716,-53347,-52978,-52609,-52240,-51871,-51502,-51133,-50764,-50395,-50026,-49657,-49288,-48919,-48550,-48181,-47812,-47443,-47074,-46705,-46336,-45967,-45598,-45229,-44860,-44491,-44122,-43753,-43384,-43015,-42646,-42277,-41908,-41539,-41170,-40801,-40432,-40063,-39694,-39325,-38956,-38587,-38218,-37849,-37480,-37111,-36742,-36373,-36004,-35635,-35266,-34897,-34528,-34159,-33790,-33421,-33052,-32683,-32314,-31945,-31576,-31207,-30838,-30469,-30100,-29731,-29362,-28993,-28624,-28255,-27886,-27517,-27148,-26779,-26410,-26041,-25672,-25303,-24934,-24565,-24196,-23827,-23458,-23089,-22720,-22351,-21982,-21613,-21244,-20875,-20506,-20137,-19768,-19399,-19030,-18661,-18292,-17923,-17554,-17185,-16816,-16447,-16078,-15709,-15340,-14971,-14602,-14233,-13864,-13495,-13126,-12757,-12388,-12019,-11650,-11281,-10912,-10543,-10174,-9805,-9436,-9067,-8698,-8329,-7960,-7591,-7222,-6853,-6484,-6115,-5746,-5377,-5008,-4639,-4270,-3901,-3532,-3163,-2794,-2425,-2056,-1687,-1318,-949,-580,-211
159,528,897,1266,1635,2004,2373,2742,3111,3480,3849,4218,4587,4956,5325,5694,6063,6432,6801,7170,7539,7908,8277,8646,9015,9384,9753,10122,10491,10860,11229,11598,11967,12336,12705,13074,13443,13812,14181,14550,14919,15288,15657,16026,16395,16764,17133,17502,17871,18240,18609,18978,19347,19716,20085,20454,20823,21192,21561,21930,22299,22668,23037,23406,23775,24144,24513,24882,25251,25620,25989,26358,26727,27096,27465,27834,28203,28572,28941,29310,29679,30048,30417,30786,31155,31524,31893,32262,32631,33000,33369,33738,34107,34476,34845,35214,35583,35952,36321,36690,37059,37428,37797,38166,38535,38904,39273,39642,40011,40380,40749,41118,41487,41856,42225,42594,42963,43332,43701,44070,44439,44808,45177,45546,45915,46284,46653,47022,47391,47760,48129,48498,48867,49236,49605,49974,50343,50712,51081,51450,51819,52188,52557,52926,53295,53664,54033,54402,54771,55140,55509,55878,56247,56616,56985,57354,57723,58092,58461,58830,59199,59568,59937,60306,60675,61044,61413,61782,62151,62520,62889,63258,63627,63996,64365,64734,65103,65472,65841,66210,66579,66948,67317,67686,68055,-67737,-67368,-66999,-66630,-66261,-65892,-65523,-65154,-64785,-64416,-64047,-63678,-63309,-62940,-62571,-62202,-61833,-61464,-61095,-60726,-60357,-59988,-59619,-59250,-58881,-58671,-58512,-58143,-57774,-57405,-57036,-56667,-56298,-55929,-55560,-55191,-54822,-54453,-54084,-53715,-53346,-52977,-52608,-52239,-51870,-51501,-51132,-50763,-50394,-50025,-49656,-49287,-48918,-48549,-48180,-47811,-47442,-47073,-46704,-46335,-45966,-45597,-45228,-44859,-44490,-44121,-43752,-43383,-43014,-42645,-42276,-41907,-41538,-41169,-40800,-40431,-40062,-39693,-39324,-38955,-38586,-38217,-37848,-37479,-37110,-36741,-36372,-36003,-35634,-35265,-34896,-34527,-34158,-33789,-33420,-33051,-32682,-32313,-31944,-31575,-31206,-30837,-30468,-30099,-29730,-29361,-28992,-28623,-28254,-27885,-27516,-27147,-26778,-26409,-26040,-25671,-25302,-24933,-24564,-24195,-23826,-23457,-23088,-22719,-22350,-21981,-21612,-21243,-20874,-20505,-20136,-19767,-19398,-19029,-18660,-18291,-17922,-17553,-17184,-16815,-16446,-16077,-15708,-15339,-14970,-14601,-14232,-13863,-13494,-13125,-12756,-12387,-12018,-11649,-11280,-10911,-10542,-10173,-9804,-9435,-9066,-8697,-8328,-7959,-7590,-7221,-6852,-6483,-6114,-5745,-5376,-5007,-4638,-4269,-3900,-3531,-3162,-2793,-2424,-2055,-1686,-1317,-948,-579,-210
160,529,898,1267,1636,2005,2374,2743,3112,3481,3850,4219,4588,4957,5326,5695,6064,6433,6802,7171,7540,7909,8278,8647,9016,9385,9754,10123,10492,10861,11230,11599,11968,12337,12706,13075,13444,13813,14182,14551,14920,15289,15658,16027,16396,16765,17134,17503,17872,18241,18610,18979,19348,19717,20086,20455,20824,21193,21562,21931,22300,22669,23038,23407,23776,24145,24514,24883,25252,25621,25990,26359,26728,27097,27466,27835,28204,28573,28942,29311,29680,30049,30418,30787,31156,31525,31894,32263,32632,33001,33370,33739,34108,34477,34846,35215,35584,35953,36322,36691,37060,37429,37798,38167,38536,38905,39274,39643,40012,40381,40750,41119,41488,41857,42226,42595,42964,43333,43702,44071,44440,44809,45178,45547,45916,46285,46654,47023,47392,47761,48130,48499,48868,49237,49606,49975,50344,50713,51082,51451,51820,52189,52558,52927,53296,53665,54034,54403,54772,55141,55510,55879,56248,56617,56986,57355,57724,58093,58462,58831,59200,59569,59938,60307,60676,61045,61414,61783,62152,62521,62890,63259,63628,63997,64366,64735,65104,65473,65842,66211,66580,66949,67318,67687,68056,-67736,-67367,-66998,-66629,-66260,-65891,-65522,-65153,-64784,-64415,-64046,-63677,-63308,-62939,-62570,-62201,-61832,-61463,-61094,-60725,-60356,-59987,-59618,-59249,-59040,-58880,-58511,-58142,-57773,-57404,-57035,-56666,-56297,-55928,-55559,-55190,-54821,-54452,-54083,-53714,-53345,-52976,-52607,-52238,-51869,-51500,-51131,-50762,-50393,-50024,-49655,-49286,-48917,-48548,-48179,-47810,-47441,-47072,-46703,-46334,-45965,-45596,-45227,-44858,-44489,-44120,-43751,-43382,-43013,-42644,-42275,-41906,-41537,-41168,-40799,-40430,-40061,-39692,-39323,-38954,-38585,-38216,-37847,-37478,-37109,-36740,-36371,-36002,-35633,-35264,-34895,-34526,-34157,-33788,-33419,-33050,-32681,-32312,-31943,-31574,-31205,-30836,-30467,-30098,-29729,-29360,-28991,-28622,-28253,-27884,-27515,-27146,-26777,-26408,-26039,-25670,-25301,-24932,-24563,-24194,-23825,-23456,-23087,-22718,-22349,-21980,-21611,-21242,-20873,-20504,-20135,-19766,-19397,-19028,-18659,-18290,-17921,-17552,-17183,-16814,-16445,-16076,-15707,-15338,-14969,-14600,-14231,-13862,-13493,-13124,-12755,-12386,-12017,-11648,-11279,-10910,-10541,-10172,-9803,-9434,-9065,-8696,-8327,-7958,-7589,-7220,-6851,-6482,-6113,-5744,-5375,-5006,-4637,-4268,-3899,-3530,-3161,-2792,-2423,-2054,-1685,-1316,-947,-578,-209
161,530,899,1268,1637,2006,2375,2744,3113,3482,3851,4220,4589,4958,5327,5696,6065,6434,6803,7172,7541,7910,8279,8648,9017,9386,9755,10124,10493,10862,11231,11600,11969,12338,12707,13076,13445,13814,14183,14552,14921,15290,15659,16028,16397,16766,17135,17504,17873,18242,18611,18980,19349,19718,20087,20456,20825,21194,21563,21932,22301,22670,23039,23408,23777,24146,24515,24884,25253,25622,25991,26360,26729,27098,27467,27836,28205,28574,28943,29312,29681,30050,30419,30788,31157,31526,31895,32264,32633,33002,33371,33740,34109,34478,34847,35216,35585,35954,36323,36692,37061,37430,37799,38168,38537,38906,39275,39644,40013,40382,40751,41120,41489,41858,42227,42596,42965,43334,43703,44072,44441,44810,45179,45548,45917,46286,46655,47024,47393,47762,48131,48500,48869,49238,49607,49976,50345,50714,51083,51452,51821,52190,52559,52928,53297,53666,54035,54404,54773,55142,55511,55880,56249,56618,56987,57356,57725,58094,58463,58832,59201,59570,59939,60308,60677,61046,61415,61784,62153,62522,62891,63260,63629,63998,64367,64736,65105,65474,65843,66212,66581,66950,67319,67688,68057,-67735,-67366,-66997,-66628,-66259,-65890,-65521,-65152,-64783,-64414,-64045,-63676,-63307,-62938,-62569,-62200,-61831,-61462,-61093,-60724,-60355,-59986,-59617,-59409,-59248,-58879,-58510,-58141,-57772,-57403,-57034,-56665,-56296,-55927,-55558,-55189,-54820,-54451,-54082,-53713,-53344,-52975,-52606,-52237,-51868,-51499,-51130,-50761,-50392,-50023,-49654,-49285,-48916,-48547,-48178,-47809,-47440,-47071,-46702,-46333,-45964,-45595,-45226,-44857,-44488,-44119,-43750,-43381,-43012,-42643,-42274,-41905,-41536,-41167,-40798,-40429,-40060,-39691,-39322,-38953,-38584,-38215,-37846,-37477,-37108,-36739,-36370,-36001,-35632,-35263,-34894,-34525,-34156,-33787,-33418,-33049,-32680,-32311,-31942,-31573,-31204,-30835,-30466,-30097,-29728,-29359,-28990,-28621,-28252,-27883,-27514,-27145,-26776,-26407,-26038,-25669,-25300,-24931,-24562,-24193,-23824,-23455,-23086,-22717,-22348,-21979,-21610,-21241,-20872,-20503,-20134,-19765,-19396,-19027,-18658,-18289,-17920,-17551,-17182,-16813,-16444,-16075,-15706,-15337,-14968,-14599,-14230,-13861,-13492,-13123,-12754,-12385,-12016,-11647,-11278,-10909,-10540,-10171,-9802,-9433,-9064,-8695,-8326,-7957,-7588,-7219,-6850,-6481,-6112,-5743,-5374,-5005,-4636,-4267,-3898,-3529,-3160,-2791,-2422,-2053,-1684,-1315,-946,-577,-208
162,531,900,1269,1638,2007,2376,2745,3114,3483,3852,4221,4590,4959,5328,5697,6066,6435,6804,7173,7542,7911,8280,8649,9018,9387,9756,10125,10494,10863,11232,11601,11970,12339,12708,13077,13446,13815,14184,14553,14922,15291,15660,16029,16398,16767,17136,17505,17874,18243,18612,18981,19350,19719,20088,20457,20826,21195,21564,21933,22302,22671,23040,23409,23778,24147,24516,24885,25254,25623,25992,26361,26730,27099,27468,27837,28206,28575,28944,29313,29682,30051,30420,30789,31158,31527,31896,32265,32634,33003,33372,33741,34110,34479,34848,35217,35586,35955,36324,36693,37062,37431,37800,38169,38538,38907,39276,39645,40014,40383,40752,41121,41490,41859,42228,42597,42966,43335,43704,44073,44442,44811,45180,45549,45918,46287,46656,47025,47394,47763,48132,48501,48870,49239,49608,49977,50346,50715,51084,51453,51822,52191,52560,52929,53298,53667,54036,54405,54774,55143,55512,55881,56250,56619,56988,57357,57726,58095,58464,58833,59202,59571,59940,60309,60678,61047,61416,61785,62154,62523,62892,63261,63630,63999,64368,64737,65106,65475,65844,66213,66582,66951,67320,67689,68058,-67734,-67365,-66996,-66627,-66258,-65889,-65520,-65151,-64782,-64413,-64044,-63675,-63306,-62937,-62568,-62199,-61830,-61461,-61092,-60723,-60354,-59985,-59778,-59616,-59247,-58878,-58509,-58140,-57771,-57402,-57033,-56664,-56295,-55926,-55557,-55188,-54819,-54450,-54081,-53712,-53343,-52974,-52605,-52236,-51867,-51498,-51129,-50760,-50391,-50022,-49653,-49284,-48915,-48546,-48177,-47808,-47439,-47070,-46701,-46332,-45963,-45594,-45225,-44856,-44487,-44118,-43749,-43380,-43011,-42642,-42273,-41904,-41535,-41166,-40797,-40428,-40059,-39690,-39321,-38952,-38583,-38214,-37845,-37476,-37107,-36738,-36369,-36000,-35631,-35262,-34893,-34524,-34155,-33786,-33417,-33048,-32679,-32310,-31941,-31572,-31203,-30834,-30465,-30096,-29727,-29358,-28989,-28620,-28251,-27882,-27513,-27144,-26775,-26406,-26037,-25668,-25299,-24930,-24561,-24192,-23823,-23454,-23085,-22716,-22347,-21978,-21609,-21240,-20871,-20502,-20133,-19764,-19395,-19026,-18657,-18288,-17919,-17550,-17181,-16812,-16443,-16074,-15705,-15336,-14967,-14598,-14229,-13860,-13491,-13122,-12753,-12384,-12015,-11646,-11277,-10908,-10539,-10170,-9801,-9432,-9063,-8694,-8325,-7956,-7587,-7218,-6849,-6480,-6111,-5742,-5373,-5004,-4635,-4266,-3897,-3528,-3159,-2790,-2421,-2052,-1683,-1314,-945,-576,-207
163,532,901,1270,1639,2008,2377,2746,3115,3484,3853,4222,4591,4960,5329,5698,6067,6436,6805,7174,7543,7912,8281,8650,9019,9388,9757,10126,10495,10864,11233,11602,11971,12340,12709,13078,13447,13816,14185,14554,14923,15292,15661,16030,16399,16768,17137,17506,17875,18244,18613,18982,19351,19720,20089,20458,20827,21196,21565,21934,22303,22672,23041,23410,23779,24148,24517,24886,25255,25624,25993,26362,26731,27100,27469,27838,28207,28576,28945,29314,29683,30052,30421,30790,31159,31528,31897,32266,32635,33004,33373,33742,34111,34480,34849,35218,35587,35956,36325,36694,37063,37432,37801,38170,38539,38908,39277,39646,40015,40384,40753,41122,41491,41860,42229,42598,42967,43336,43705,44074,44443,44812,45181,45550,45919,46288,46657,47026,47395,47764,48133,48502,48871,49240,49609,49978,50347,50716,51085,51454,51823,52192,52561,52930,53299,53668,54037,54406,54775,55144,55513,55882,56251,56620,56989,57358,57727,58096,58465,58834,59203,59572,59941,60310,60679,61048,61417,61786,62155,62524,62893,63262,63631,64000,64369,64738,65107,65476,65845,66214,66583,66952,67321,67690,68059,-67733,-67364,-66995,-66626,-66257,-65888,-65519,-65150,-64781,-64412,-64043,-63674,-63305,-62936,-62567,-62198,-61829,-61460,-61091,-60722,-60353,-60147,-59984,-59615,-59246,-58877,-58508,-58139,-57770,-57401,-57032,-56663,-56294,-55925,-55556,-55187,-54818,-54449,-54080,-53711,-53342,-52973,-52604,-52235,-51866,-51497,-51128,-50759,-50390,-50021,-49652,-49283,-48914,-48545,-48176,-47807,-47438,-47069,-46700,-46331,-45962,-45593,-45224,-44855,-44486,-44117,-43748,-43379,-43010,-42641,-42272,-41903,-41534,-41165,-40796,-40427,-40058,-39689,-39320,-38951,-38582,-38213,-37844,-37475,-37106,-36737,-36368,-35999,-35630,-35261,-34892,-34523,-34154,-33785,-33416,-33047,-32678,-32309,-31940,-31571,-31202,-30833,-30464,-30095,-29726,-29357,-28988,-28619,-28250,-27881,-27512,-27143,-26774,-26405,-26036,-25667,-25298,-24929,-24560,-24191,-23822,-23453,-23084,-22715,-22346,-21977,-21608,-21239,-20870,-20501,-20132,-19763,-19394,-19025,-18656,-18287,-17918,-17549,-17180,-16811,-16442,-16073,-15704,-15335,-14966,-14597,-14228,-13859,-13490,-13121,-12752,-12383,-12014,-11645,-11276,-10907,-10538,-10169,-9800,-9431,-9062,-8693,-8324,-7955,-7586,-7217,-6848,-6479,-6110,-5741,-5372,-5003,-4634,-4265,-3896,-3527,-3158,-2789,-2420,-2051,-1682,-1313,-944,-575,-206
164,533,902,1271,1640,2009,2378,2747,3116,3485,3854,4223,4592,4961,5330,5699,6068,6437,6806,7175,7544,7913,8282,8651,9020,9389,9758,10127,10496,10865,11234,11603,11972,12341,12710,13079,13448,13817,14186,14555,14924,15293,15662,16031,16400,16769,17138,17507,17876,18245,18614,18983,19352,19721,20090,20459,20828,21197,21566,21935,22304,22673,23042,23411,23780,24149,24518,24887,25256,25625,25994,26363,26732,27101,27470,27839,28208,28577,28946,29315,29684,30053,30422,30791,31160,31529,31898,32267,32636,33005,33374,33743,34112,34481,34850,35219,35588,35957,36326,36695,37064,37433,37802,38171,38540,38909,39278,39647,40016,40385,40754,41123,41492,41861,42230,42599,42968,43337,43706,44075,44444,44813,45182,45551,45920,46289,46658,47027,47396,47765,48134,48503,48872,49241,49610,49979,50348,50717,51086,51455,51824,52193,52562,52931,53300,53669,54038,54407,54776,55145,55514,55883,56252,56621,56990,57359,57728,58097,58466,58835,59204,59573,59942,60311,60680,61049,61418,61787,62156,62525,62894,63263,63632,64001,64370,64739,65108,65477,65846,66215,66584,66953,67322,67691,68060,-67732,-67363,-66994,-66625,-66256,-65887,-65518,-65149,-64780,-64411,-64042,-63673,-63304,-62935,-62566,-62197,-61828,-61459,-61090,-60721,-60516,-60352,-59983,-59614,-59245,-58876,-58507,-58138,-57769,-57400,-57031,-56662,-56293,-55924,-55555,-55186,-54817,-54448,-54079,-53710,-53341,-52972,-52603,-52234,-51865,-51496,-51127,-50758,-50389,-50020,-49651,-49282,-48913,-48544,-48175,-47806,-47437,-47068,-46699,-46330,-45961,-45592,-45223,-44854,-44485,-44116,-43747,-43378,-43009,-42640,-42271,-41902,-41533,-41164,-40795,-40426,-40057,-39688,-39319,-38950,-38581,-38212,-37843,-37474,-37105,-36736,-36367,-35998,-35629,-35260,-34891,-34522,-34153,-33784,-33415,-33046,-32677,-32308,-31939,-31570,-31201,-30832,-30463,-30094,-29725,-29356,-28987,-28618,-28249,-27880,-27511,-27142,-26773,-26404,-26035,-25666,-25297,-24928,-24559,-24190,-23821,-23452,-23083,-22714,-22345,-21976,-21607,-21238,-20869,-20500,-20131,-19762,-19393,-19024,-18655,-18286,-17917,-17548,-17179,-16810,-16441,-16072,-15703,-15334,-14965,-14596,-14227,-13858,-13489,-13120,-12751,-12382,-12013,-11644,-11275,-10906,-10537,-10168,-9799,-9430,-9061,-8692,-8323,-7954,-7585,-7216,-6847,-6478,-6109,-5740,-5371,-5002,-4633,-4264,-3895,-3526,-3157,-2788,-2419,-2050,-1681,-1312,-943,-574,-205
165,534,903,1272,1641,2010,2379,2748,3117,3486,3855,4224,4593,4962,5331,5700,6069,6438,6807,7176,7545,7914,8283,8652,9021,9390,9759,10128,10497,10866,11235,11604,11973,12342,12711,13080,13449,13818,14187,14556,14925,15294,15663,16032,16401,16770,17139,17508,17877,18246,18615,18984,19353,19722,20091,20460,20829,21198,21567,21936,22305,22674,23043,23412,23781,24150,24519,24888,25257,25626,25995,26364,26733,27102,27471,27840,28209,28578,28947,29316,29685,30054,30423,30792,31161,31530,31899,32268,32637,33006,33375,33744,34113,34482,34851,35220,35589,35958,36327,36696,37065,37434,37803,38172,38541,38910,39279,39648,40017,40386,40755,41124,41493,41862,42231,42600,42969,43338,43707,44076,44445,44814,45183,45552,45921,46290,46659,47028,47397,47766,48135,48504,48873,49242,49611,49980,50349,50718,51087,51456,51825,52194,52563,52932,53301,53670,54039,54408,54777,55146,55515,55884,56253,56622,56991,57360,57729,58098,58467,58836,59205,59574,59943,60312,60681,61050,61419,61788,62157,62526,62895,63264,63633,64002,64371,64740,65109,65478,65847,66216,66585,66954,67323,67692,68061,-67731,-67362,-66993,-66624,-66255,-65886,-65517,-65148,-64779,-64410,-64041,-63672,-63303,-62934,-62565,-62196,-61827,-61458,-61089,-60885,-60720,-60351,-59982,-59613,-59244,-58875,-58506,-58137,-57768,-57399,-57030,-56661,-56292,-55923,-55554,-55185,-54816,-54447,-54078,-53709,-53340,-52971,-52602,-52233,-51864,-51495,-51126,-50757,-50388,-50019,-49650,-49281,-48912,-48543,-48174,-47805,-47436,-47067,-46698,-46329,-45960,-45591,-45222,-44853,-44484,-44115,-43746,-43377,-43008,-42639,-42270,-41901,-41532,-41163,-40794,-40425,-40056,-39687,-39318,-38949,-38580,-38211,-37842,-37473,-37104,-36735,-36366,-35997,-35628,-35259,-34890,-34521,-34152,-33783,-33414,-33045,-32676,-32307,-31938,-31569,-31200,-30831,-30462,-30093,-29724,-29355,-28986,-28617,-28248,-27879,-27510,-27141,-26772,-26403,-26034,-25665,-25296,-24927,-24558,-24189,-23820,-23451,-23082,-22713,-22344,-21975,-21606,-21237,-20868,-20499,-20130,-19761,-19392,-19023,-18654,-18285,-17916,-17547,-17178,-16809,-16440,-16071,-15702,-15333,-14964,-14595,-14226,-13857,-13488,-13119,-12750,-12381,-12012,-11643,-11274,-10905,-10536,-10167,-9798,-9429,-9060,-8691,-8322,-7953,-7584,-7215,-6846,-6477,-6108,-5739,-5370,-5001,-4632,-4263,-3894,-3525,-3156,-2787,-2418,-2049,-1680,-1311,-942,-573,-204
166,535,904,1273,1642,2011,2380,2749,3118,3487,3856,4225,4594,4963,5332,5701,6070,6439,6808,7177,7546,7915,8284,8653,9022,9391,9760,10129,10498,10867,11236,11605,11974,12343,12712,13081,13450,13819,14188,14557,14926,15295,15664,16033,16402,16771,17140,17509,17878,18247,18616,18985,19354,19723,20092,20461,20830,21199,21568,21937,22306,22675,23044,23413,23782,24151,24520,24889,25258,25627,25996,26365,26734,27103,27472,27841,28210,28579,28948,29317,29686,30055,30424,30793,31162,31531,31900,32269,32638,33007,33376,33745,34114,34483,34852,35221,35590,35959,36328,36697,37066,37435,37804,38173,38542,38911,39280,39649,40018,40387,40756,41125,41494,41863,42232,42601,42970,43339,43708,44077,44446,44815,45184,45553,45922,46291,46660,47029,47398,47767,48136,48505,48874,49243,49612,49981,50350,50719,51088,51457,51826,52195,52564,52933,53302,53671,54040,54409,54778,55147,55516,55885,56254,56623,56992,57361,57730,58099,58468,58837,59206,59575,59944,60313,60682,61051,61420,61789,62158,62527,62896,63265,63634,64003,64372,64741,65110,65479,65848,66217,66586,66955,67324,67693,68062,-67730,-67361,-66992,-66623,-66254,-65885,-65516,-65147,-64778,-64409,-64040,-63671,-63302,-62933,-62564,-62195,-61826,-61457,-61254,-61088,-60719,-60350,-59981,-59612,-59243,-58874,-58505,-58136,-57767,-57398,-57029,-56660,-56291,-55922,-55553,-55184,-54815,-54446,-54077,-53708,-53339,-52970,-52601,-52232,-51863,-51494,-51125,-50756,-50387,-50018,-49649,-49280,-48911,-48542,-48173,-47804,-47435,-47066,-46697,-46328,-45959,-45590,-45221,-44852,-44483,-44114,-43745,-43376,-43007,-42638,-42269,-41900,-41531,-41162,-40793,-40424,-40055,-39686,-39317,-38948,-38579,-38210,-37841,-37472,-37103,-36734,-36365,-35996,-35627,-35258,-34889,-34520,-34151,-33782,-33413,-33044,-32675,-32306,-31937,-31568,-31199,-30830,-30461,-30092,-29723,-29354,-28985,-28616,-28247,-27878,-27509,-27140,-26771,-26402,-26033,-25664,-25295,-24926,-24557,-24188,-23819,-23450,-23081,-22712,-22343,-21974,-21605,-21236,-20867,-20498,-20129,-19760,-19391,-19022,-18653,-18284,-17915,-17546,-17177,-16808,-16439,-16070,-15701,-15332,-14963,-14594,-14225,-13856,-13487,-13118,-12749,-12380,-12011,-11642,-11273,-10904,-10535,-10166,-9797,-9428,-9059,-8690,-8321,-7952,-7583,-7214,-6845,-6476,-6107,-5738,-5369,-5000,-4631,-4262,-3893,-3524,-3155,-2786,-2417,-2048,-1679,-1310,-941,-572,-203
167,536,905,1274,1643,2012,2381,2750,3119,3488,3857,4226,4595,4964,5333,5702,6071,6440,6809,7178,7547,7916,8285,8654,9023,9392,9761,10130,10499,10868,11237,11606,11975,12344,12713,13082,13451,13820,14189,14558,14927,15296,15665,16034,16403,16772,17141,17510,17879,18248,18617,18986,19355,19724,20093,20462,20831,21200,21569,21938,22307,22676,23045,23414,23783,24152,24521,24890,25259,25628,25997,26366,26735,27104,27473,27842,28211,28580,28949,29318,29687,30056,30425,30794,31163,31532,31901,32270,32639,33008,33377,33746,34115,34484,34853,35222,35591,35960,36329,36698,37067,37436,37805,38174,38543,38912,39281,39650,40019,40388,40757,41126,41495,41864,42233,42602,42971,43340,43709,44078,44447,44816,45185,45554,45923,46292,46661,47030,47399,47768,48137,48506,48875,49244,49613,49982,50351,50720,51089,51458,51827,52196,52565,52934,53303,53672,54041,54410,54779,55148,55517,55886,56255,56624,56993,57362,57731,58100,58469,58838,59207,59576,59945,60314,60683,61052,61421,61790,62159,62528,62897,63266,63635,64004,64373,64742,65111,65480,65849,66218,66587,66956,67325,67694,68063,-67729,-67360,-66991,-66622,-66253,-65884,-65515,-65146,-64777,-64408,-64039,-63670,-63301,-62932,-62563,-62194,-61825,-61623,-61456,-61087,-60718,-60349,-59980,-59611,-59242,-58873,-58504,-58135,-57766,-57397,-57028,-56659,-56290,-55921,-55552,-55183,-54814,-54445,-54076,-53707,-53338,-52969,-52600,-52231,-51862,-51493,-51124,-50755,-50386,-50017,-49648,-49279,-48910,-48541,-48172,-47803,-47434,-47065,-46696,-46327,-45958,-45589,-45220,-44851,-44482,-44113,-43744,-43375,-43006,-42637,-42268,-41899,-41530,-41161,-40792,-40423,-40054,-39685,-39316,-38947,-38578,-38209,-37840,-37471,-37102,-36733,-36364,-35995,-35626,-35257,-34888,-34519,-34150,-33781,-33412,-33043,-32674,-32305,-31936,-31567,-31198,-30829,-30460,-30091,-29722,-29353,-28984,-28615,-28246,-27877,-27508,-27139,-26770,-26401,-26032,-25663,-25294,-24925,-24556,-24187,-23818,-23449,-23080,-22711,-22342,-21973,-21604,-21235,-20866,-20497,-20128,-19759,-19390,-19021,-18652,-18283,-17914,-17545,-17176,-16807,-16438,-16069,-15700,-15331,-14962,-14593,-14224,-13855,-13486,-13117,-12748,-12379,-12010,-11641,-11272,-10903,-10534,-10165,-9796,-9427,-9058,-8689,-8320,-7951,-7582,-7213,-6844,-6475,-6106,-5737,-5368,-4999,-4630,-4261,-3892,-3523,-3154,-2785,-2416,-2047,-1678,-1309,-940,-571,-202
168,537,906,1275,1644,2013,2382,2751,3120,3489,3858,4227,4596,4965,5334,5703,6072,6441,6810,7179,7548,7917,8286,8655,9024,9393,9762,10131,10500,10869,11238,11607,11976,12345,12714,13083,13452,13821,14190,14559,14928,15297,15666,16035,16404,16773,17142,17511,17880,18249,18618,18987,19356,19725,20094,20463,20832,21201,21570,21939,22308,22677,23046,23415,23784,24153,24522,24891,25260,25629,25998,26367,26736,27105,27474,27843,28212,28581,28950,29319,29688,30057,30426,30795,31164,31533,31902,32271,32640,33009,33378,33747,34116,34485,34854,35223,35592,35961,36330,36699,37068,37437,37806,38175,38544,38913,39282,39651,40020,40389,40758,41127,41496,41865,42234,42603,42972,43341,43710,44079,44448,44817,45186,45555,45924,46293,46662,47031,47400,47769,48138,48507,48876,49245,49614,49983,50352,50721,51090,51459,51828,52197,52566,52935,53304,53673,54042,54411,54780,55149,55518,55887,56256,56625,56994,57363,57732,58101,58470,58839,59208,59577,59946,60315,60684,61053,61422,61791,62160,62529,62898,63267,63636,64005,64374,64743,65112,65481,65850,66219,66588,66957,67326,67695,68064,-67728,-67359,-66990,-66621,-66252,-65883,-65514,-65145,-64776,-64407,-64038,-63669,-63300,-62931,-62562,-62193,-61992,-61824,-61455,-61086,-60717,-60348,-59979,-59610,-59241,-58872,-58503,-58134,-57765,-57396,-57027,-56658,-56289,-55920,-55551,-55182,-54813,-54444,-54075,-53706,-53337,-52968,-52599,-52230,-51861,-51492,-51123,-50754,-50385,-50016,-49647,-49278,-48909,-48540,-48171,-47802,-47433,-47064,-46695,-46326,-45957,-45588,-45219,-44850,-44481,-44112,-43743,-43374,-43005,-42636,-42267,-41898,-41529,-41160,-40791,-40422,-40053,-39684,-39315,-38946,-38577,-38208,-37839,-37470,-37101,-36732,-36363,-35994,-35625,-35256,-34887,-34518,-34149,-33780,-33411,-33042,-32673,-32304,-31935,-31566,-31197,-30828,-30459,-30090,-29721,-29352,-28983,-28614,-28245,-27876,-27507,-27138,-26769,-26400,-26031,-25662,-25293,-24924,-24555,-24186,-23817,-23448,-23079,-22710,-22341,-21972,-21603,-21234,-20865,-20496,-20127,-19758,-19389,-19020,-18651,-18282,-17913,-17544,-17175,-16806,-16437,-16068,-15699,-15330,-14961,-14592,-14223,-13854,-13485,-13116,-12747,-12378,-12009,-11640,-11271,-10902,-10533,-10164,-9795,-9426,-9057,-8688,-8319,-7950,-7581,-7212,-6843,-6474,-6105,-5736,-5367,-4998,-4629,-4260,-3891,-3522,-3153,-2784,-2415,-2046,-1677,-1308,-939,-570,-201
169,538,907,1276,1645,2014,2383,2752,3121,3490,3859,4228,4597,4966,5335,5704,6073,6442,6811,7180,7549,7918,8287,8656,9025,9394,9763,10132,10501,10870,11239,11608,11977,12346,12715,13084,13453,13822,14191,14560,14929,15298,15667,16036,16405,16774,17143,17512,17881,18250,18619,18988,19357,19726,20095,20464,20833,21202,21571,21940,22309,22678,23047,23416,23785,24154,24523,24892,25261,25630,25999,26368,26737,27106,27475,27844,28213,28582,28951,29320,29689,30058,30427,30796,31165,31534,31903,32272,32641,33010,33379,33748,34117,34486,34855,35224,35593,35962,36331,36700,37069,37438,37807,38176,38545,38914,39283,39652,40021,40390,40759,41128,41497,41866,42235,42604,42973,43342,43711,44080,44449,44818,45187,45556,45925,46294,46663,47032,47401,47770,48139,48508,48877,49246,49615,49984,50353,50722,51091,51460,51829,52198,52567,52936,53305,53674,54043,54412,54781,55150,55519,55888,56257,56626,56995,57364,57733,58102,58471,58840,59209,59578,59947,60316,60685,61054,61423,61792,62161,62530,62899,63268,63637,64006,64375,64744,65113,65482,65851,66220,66589,66958,67327,67696,68065,-67727,-67358,-66989,-66620,-66251,-65882,-65513,-65144,-64775,-64406,-64037,-63668,-63299,-62930,-62561,-62361,-62192,-61823,-61454,-61085,-60716,-60347,-59978,-59609,-59240,-58871,-58502,-58133,-57764,-57395,-57026,-56657,-56288,-55919,-55550,-55181,-54812,-54443,-54074,-53705,-53336,-52967,-52598,-52229,-51860,-51491,-51122,-50753,-50384,-50015,-49646,-49277,-48908,-48539,-48170,-47801,-47432,-47063,-46694,-46325,-45956,-45587,-45218,-44849,-44480,-44111,-43742,-43373,-43004,-42635,-42266,-41897,-41528,-41159,-40790,-40421,-40052,-39683,-39314,-38945,-38576,-38207,-37838,-37469,-37100,-36731,-36362,-35993,-35624,-35255,-34886,-34517,-34148,-33779,-33410,-33041,-32672,-32303,-31934,-31565,-31196,-30827,-30458,-30089,-29720,-29351,-28982,-28613,-28244,-27875,-27506,-27137,-26768,-26399,-26030,-25661,-25292,-24923,-24554,-24185,-23816,-23447,-23078,-22709,-22340,-21971,-21602,-21233,-20864,-20495,-20126,-19757,-19388,-19019,-18650,-18281,-17912,-17543,-17174,-16805,-16436,-16067,-15698,-15329,-14960,-14591,-14222,-13853,-13484,-13115,-12746,-12377,-12008,-11639,-11270,-10901,-10532,-10163,-9794,-9425,-9056,-8687,-8318,-7949,-7580,-7211,-6842,-6473,-6104,-5735,-5366,-4997,-4628,-4259,-3890,-3521,-3152,-2783,-2414,-2045,-1676,-1307,-938,-569,-200
170,539,908,1277,1646,2015,2384,2753,3122,3491,3860,4229,4598,4967,5336,5705,6074,6443,6812,7181,7550,7919,8288,8657,9026,9395,9764,10133,10502,10871,11240,11609,11978,12347,12716,13085,13454,13823,14192,14561,14930,15299,15668,16037,16406,16775,17144,17513,17882,18251,18620,18989,19358,19727,20096,20465,20834,21203,21572,21941,22310,22679,23048,23417,23786,24155,24524,24893,25262,25631,26000,26369,26738,27107,27476,27845,28214,28583,28952,29321,29690,30059,30428,30797,31166,31535,31904,32273,32642,33011,33380,33749,34118,34487,34856,35225,35594,35963,36332,36701,37070,37439,37808,38177,38546,38915,39284,39653,40022,40391,40760,41129,41498,41867,42236,42605,42974,43343,43712,44081,44450,44819,45188,45557,45926,46295,46664,47033,47402,47771,48140,48509,48878,49247,49616,49985,50354,50723,51092,51461,51830,52199,52568,52937,53306,53675,54044,54413,54782,55151,55520,55889,56258,56627,56996,57365,57734,58103,58472,58841,59210,59579,59948,60317,60686,61055,61424,61793,62162,62531,62900,63269,63638,64007,64376,64745,65114,65483,65852,66221,66590,66959,67328,67697,68066,-67726,-67357,-66988,-66619,-66250,-65881,-65512,-65143,-64774,-64405,-64036,-63667,-63298,-62929,-62730,-62560,-62191,-61822,-61453,-61084,-60715,-60346,-59977,-59608,-59239,-58870,-58501,-58132,-57763,-57394,-57025,-56656,-56287,-55918,-55549,-55180,-54811,-54442,-54073,-53704,-53335,-52966,-52597,-52228,-51859,-51490,-51121,-50752,-50383,-50014,-49645,-49276,-48907,-48538,-48169,-47800,-47431,-47062,-46693,-46324,-45955,-45586,-45217,-44848,-44479,-44110,-43741,-43372,-43003,-42634,-42265,-41896,-41527,-41158,-40789,-40420,-40051,-39682,-39313,-38944,-38575,-38206,-37837,-37468,-37099,-36730,-36361,-35992,-35623,-35254,-34885,-34516,-34147,-33778,-33409,-33040,-32671,-32302,-31933,-31564,-31195,-30826,-30457,-30088,-29719,-29350,-28981,-28612,-28243,-27874,-27505,-27136,-26767,-26398,-26029,-25660,-25291,-24922,-24553,-24184,-23815,-23446,-23077,-22708,-22339,-21970,-21601,-21232,-20863,-20494,-20125,-19756,-19387,-19018,-18649,-18280,-17911,-17542,-17173,-16804,-16435,-16066,-15697,-15328,-14959,-14590,-14221,-13852,-13483,-13114,-12745,-12376,-12007,-11638,-11269,-10900,-10531,-10162,-9793,-9424,-9055,-8686,-8317,-7948,-7579,-7210,-6841,-6472,-6103,-5734,-5365,-4996,-4627,-4258,-3889,-3520,-3151,-2782,-2413,-2044,-1675,-1306,-937,-568,-199
171,540,909,1278,1647,2016,2385,2754,3123,3492,3861,4230,4599,4968,5337,5706,6075,6444,6813,7182,7551,7920,8289,8658,9027,9396,9765,10134,10503,10872,11241,11610,11979,12348,12717,13086,13455,13824,14193,14562,14931,15300,15669,16038,16407,16776,17145,17514,17883,18252,18621,18990,19359,19728,20097,20466,20835,21204,21573,21942,22311,22680,23049,23418,23787,24156,24525,24894,25263,25632,26001,26370,26739,27108,27477,27846,28215,28584,28953,29322,29691,30060,30429,30798,31167,31536,31905,32274,32643,33012,33381,33750,34119,34488,34857,35226,35595,35964,36333,36702,37071,37440,37809,38178,38547,38916,39285,39654,40023,40392,40761,41130,41499,41868,42237,42606,42975,43344,43713,44082,44451,44820,45189,45558,45927,46296,46665,47034,47403,47772,48141,48510,48879,49248,49617,49986,50355,50724,51093,51462,51831,52200,52569,52938,53307,53676,54045,54414,54783,55152,55521,55890,56259,56628,56997,57366,57735,58104,58473,58842,59211,59580,59949,60318,60687,61056,61425,61794,62163,62532,62901,63270,63639,64008,64377,64746,65115,65484,65853,66222,66591,66960,67329,67698,68067,-67725,-67356,-66987,-66618,-66249,-65880,-65511,-65142,-64773,-64404,-64035,-63666,-63297,-63099,-62928,-62559,-62190,-61821,-61452,-61083,-60714,-60345,-59976,-59607,-59238,-58869,-58500,-58131,-57762,-57393,-57024,-56655,-56286,-55917,-55548,-55179,-54810,-54441,-54072,-53703,-53334,-52965,-52596,-52227,-51858,-51489,-51120,-50751,-50382,-50013,-49644,-49275,-48906,-48537,-48168,-47799,-47430,-47061,-46692,-46323,-45954,-45585,-45216,-44847,-44478,-44109,-43740,-43371,-43002,-42633,-42264,-41895,-41526,-41157,-40788,-40419,-40050,-39681,-39312,-38943,-38574,-38205,-37836,-37467,-37098,-36729,-36360,-35991,-35622,-35253,-34884,-34515,-34146,-33777,-33408,-33039,-32670,-32301,-31932,-31563,-31194,-30825,-30456,-30087,-29718,-29349,-28980,-28611,-28242,-27873,-27504,-27135,-26766,-26397,-26028,-25659,-25290,-24921,-24552,-24183,-23814,-23445,-23076,-22707,-22338,-21969,-21600,-21231,-20862,-20493,-20124,-19755,-19386,-19017,-18648,-18279,-17910,-17541,-17172,-16803,-16434,-16065,-15696,-15327,-14958,-14589,-14220,-13851,-13482,-13113,-12744,-12375,-12006,-11637,-11268,-10899,-10530,-10161,-9792,-9423,-9054,-8685,-8316,-7947,-7578,-7209,-6840,-6471,-6102,-5733,-5364,-4995,-4626,-4257,-3888,-3519,-3150,-2781,-2412,-2043,-1674,-1305,-936,-567,-198
172,541,910,1279,1648,2017,2386,2755,3124,3493,3862,4231,4600,4969,5338,5707,6076,6445,6814,7183,7552,7921,8290,8659,9028,9397,9766,10135,10504,10873,11242,11611,11980,12349,12718,13087,13456,13825,14194,14563,14932,15301,15670,16039,16408,16777,17146,17515,17884,18253,18622,18991,19360,19729,20098,20467,20836,21205,21574,21943,22312,22681,23050,23419,23788,24157,24526,24895,25264,25633,26002,26371,26740,27109,27478,27847,28216,28585,28954,29323,29692,30061,30430,30799,31168,31537,31906,32275,32644,33013,33382,33751,34120,34489,34858,35227,35596,35965,36334,36703,37072,37441,37810,38179,38548,38917,39286,39655,40024,40393,40762,41131,41500,41869,42238,42607,42976,43345,43714,44083,44452,44821,45190,45559,45928,46297,46666,47035,47404,47773,48142,48511,48880,49249,49618,49987,50356,50725,51094,51463,51832,52201,52570,52939,53308,53677,54046,54415,54784,55153,55522,55891,56260,56629,56998,57367,57736,58105,58474,58843,59212,59581,59950,60319,60688,61057,61426,61795,62164,62533,62902,63271,63640,64009,64378,64747,65116,65485,65854,66223,66592,66961,67330,67699,68068,-67724,-67355,-66986,-66617,-66248,-65879,-65510,-65141,-64772,-64403,-64034,-63665,-63468,-63296,-62927,-62558,-62189,-61820,-61451,-61082,-60713,-60344,-59975,-59606,-59237,-58868,-58499,-58130,-57761,-57392,-57023,-56654,-56285,-55916,-55547,-55178,-54809,-54440,-54071,-53702,-53333,-52964,-52595,-52226,-51857,-51488,-51119,-50750,-50381,-50012,-49643,-49274,-48905,-48536,-48167,-47798,-47429,-47060,-46691,-46322,-45953,-45584,-45215,-44846,-44477,-44108,-43739,-43370,-43001,-42632,-42263,-41894,-41525,-41156,-40787,-40418,-40049,-39680,-39311,-38942,-38573,-38204,-37835,-37466,-37097,-36728,-36359,-35990,-35621,-35252,-34883,-34514,-34145,-33776,-33407,-33038,-32669,-32300,-31931,-31562,-31193,-30824,-30455,-30086,-29717,-29348,-28979,-28610,-28241,-27872,-27503,-27134,-26765,-26396,-26027,-25658,-25289,-24920,-24551,-24182,-23813,-23444,-23075,-22706,-22337,-21968,-21599,-21230,-20861,-20492,-20123,-19754,-19385,-19016,-18647,-18278,-17909,-17540,-17171,-16802,-16433,-16064,-15695,-15326,-14957,-14588,-14219,-13850,-13481,-13112,-12743,-12374,-12005,-11636,-11267,-10898,-10529,-10160,-9791,-9422,-9053,-8684,-8315,-7946,-7577,-7208,-6839,-6470,-6101,-5732,-5363,-4994,-4625,-4256,-3887,-3518,-3149,-2780,-2411,-2042,-1673,-1304,-935,-566,-197
173,542,911,1280,1649,2018,2387,2756,3125,3494,3863,4232,4601,4970,5339,5708,6077,6446,6815,7184,7553,7922,8291,8660,9029,9398,9767,10136,10505,10874,11243,11612,11981,12350,12719,13088,13457,13826,14195,14564,14933,15302,15671,16040,16409,16778,17147,17516,17885,18254,18623,18992,19361,19730,20099,20468,20837,21206,21575,21944,22313,22682,23051,23420,23789,24158,24527,24896,25265,25634,26003,26372,26741,27110,27479,27848,28217,28586,28955,29324,29693,30062,30431,30800,31169,31538,31907,32276,32645,33014,33383,33752,34121,34490,34859,35228,35597,35966,36335,36704,37073,37442,37811,38180,38549,38918,39287,39656,40025,40394,40763,41132,41501,41870,42239,42608,42977,43346,43715,44084,44453,44822,45191,45560,45929,46298,46667,47036,47405,47774,48143,48512,48881,49250,49619,49988,50357,50726,51095,51464,51833,52202,52571,52940,53309,53678,54047,54416,54785,55154,55523,55892,56261,56630,56999,57368,57737,58106,58475,58844,59213,59582,59951,60320,60689,61058,61427,61796,62165,62534,62903,63272,63641,64010,64379,64748,65117,65486,65855,66224,66593,66962,67331,67700,68069,-67723,-67354,-66985,-66616,-66247,-65878,-65509,-65140,-64771,-64402,-64033,-63837,-63664,-63295,-62926,-62557,-62188,-61819,-61450,-61081,-60712,-60343,-59974,-59605,-59236,-58867,-58498,-58129,-57760,-57391,-57022,-56653,-56284,-55915,-55546,-55177,-54808,-54439,-54070,-53701,-53332,-52963,-52594,-52225,-51856,-51487,-51118,-50749,-50380,-50011,-49642,-49273,-48904,-48535,-48166,-47797,-47428,-47059,-46690,-46321,-45952,-45583,-45214,-44845,-44476,-44107,-43738,-43369,-43000,-42631,-42262,-41893,-41524,-41155,-40786,-40417,-40048,-39679,-39310,-38941,-38572,-38203,-37834,-37465,-37096,-36727,-36358,-35989,-35620,-35251,-34882,-34513,-34144,-33775,-33406,-33037,-32668,-32299,-31930,-31561,-31192,-30823,-30454,-30085,-29716,-29347,-28978,-28609,-28240,-27871,-27502,-27133,-26764,-26395,-26026,-25657,-25288,-24919,-24550,-24181,-23812,-23443,-23074,-22705,-22336,-21967,-21598,-21229,-20860,-20491,-20122,-19753,-19384,-19015,-18646,-18277,-17908,-17539,-17170,-16801,-16432,-16063,-15694,-15325,-14956,-14587,-14218,-13849,-13480,-13111,-12742,-12373,-12004,-11635,-11266,-10897,-10528,-10159,-9790,-9421,-9052,-8683,-8314,-7945,-7576,-7207,-6838,-6469,-6100,-5731,-5362,-4993,-4624,-4255,-3886,-3517,-3148,-2779,-2410,-2041,-1672,-1303,-934,-565,-196
174,543,912,1281,1650,2019,2388,2757,3126,3495,3864,4233,4602,4971,5340,5709,6078,6447,6816,7185,7554,7923,8292,8661,9030,9399,9768,10137,10506,10875,11244,11613,11982,12351,12720,13089,13458,13827,14196,14565,14934,15303,15672,16041,16410,16779,17148,17517,17886,18255,18624,18993,19362,19731,20100,20469,20838,21207,21576,21945,22314,22683,23052,23421,23790,24159,24528,24897,25266,25635,26004,26373,26742,27111,27480,27849,28218,28587,28956,29325,29694,30063,30432,30801,31170,31539,31908,32277,32646,33015,33384,33753,34122,34491,34860,35229,35598,35967,36336,36705,37074,37443,37812,38181,38550,38919,39288,39657,40026,40395,40764,41133,41502,41871,42240,42609,42978,43347,43716,44085,44454,44823,45192,45561,45930,46299,46668,47037,47406,47775,48144,48513,48882,49251,49620,49989,50358,50727,51096,51465,51834,52203,52572,52941,53310,53679,54048,54417,54786,55155,55524,55893,56262,56631,57000,57369,57738,58107,58476,58845,59214,59583,59952,60321,60690,61059,61428,61797,62166,62535,62904,63273,63642,64011,64380,64749,65118,65487,65856,66225,66594,66963,67332,67701,68070,-67722,-67353,-66984,-66615,-66246,-65877,-65508,-65139,-64770,-64401,-64206,-64032,-63663,-63294,-62925,-62556,-62187,-61818,-61449,-61080,-60711,-60342,-59973,-59604,-59235,-58866,-58497,-58128,-57759,-57390,-57021,-56652,-56283,-55914,-55545,-55176,-54807,-54438,-54069,-53700,-53331,-52962,-52593,-52224,-51855,-51486,-51117,-50748,-50379,-50010,-49641,-49272,-48903,-48534,-48165,-47796,-47427,-47058,-46689,-46320,-45951,-45582,-45213,-44844,-44475,-44106,-43737,-43368,-42999,-42630,-42261,-41892,-41523,-41154,-40785,-40416,-40047,-39678,-39309,-38940,-38571,-38202,-37833,-37464,-37095,-36726,-36357,-35988,-35619,-35250,-34881,-34512,-34143,-33774,-33405,-33036,-32667,-32298,-31929,-31560,-31191,-30822,-30453,-30084,-29715,-29346,-28977,-28608,-28239,-27870,-27501,-27132,-26763,-26394,-26025,-25656,-25287,-24918,-24549,-24180,-23811,-23442,-23073,-22704,-22335,-21966,-21597,-21228,-20859,-20490,-20121,-19752,-19383,-19014,-18645,-18276,-17907,-17538,-17169,-16800,-16431,-16062,-15693,-15324,-14955,-14586,-14217,-13848,-13479,-13110,-12741,-12372,-12003,-11634,-11265,-10896,-10527,-10158,-9789,-9420,-9051,-8682,-8313,-7944,-7575,-7206,-6837,-6468,-6099,-5730,-5361,-4992,-4623,-4254,-3885,-3516,-3147,-2778,-2409,-2040,-1671,-1302,-933,-564,-195
175,544,913,1282,1651,2020,2389,2758,3127,3496,3865,4234,4603,4972,5341,5710,6079,6448,6817,7186,7555,7924,8293,8662,9031,9400,9769,10138,10507,10876,11245,11614,11983,12352,12721,13090,13459,13828,14197,14566,14935,15304,15673,16042,16411,16780,17149,17518,17887,18256,18625,18994,19363,19732,20101,20470,20839,21208,21577,21946,22315,22684,23053,23422,23791,24160,24529,24898,25267,25636,26005,26374,26743,27112,27481,27850,28219,28588,28957,29326,29695,30064,30433,30802,31171,31540,31909,32278,32647,33016,33385,33754,34123,34492,34861,35230,35599,35968,36337,36706,37075,37444,37813,38182,38551,38920,39289,39658,40027,40396,40765,41134,41503,41872,42241,42610,42979,43348,43717,44086,44455,44824,45193,45562,45931,46300,46669,47038,47407,47776,48145,48514,48883,49252,49621,49990,50359,50728,51097,51466,51835,52204,52573,52942,53311,53680,54049,54418,54787,55156,55525,55894,56263,56632,57001,57370,57739,58108,58477,58846,59215,59584,59953,60322,60691,61060,61429,61798,62167,62536,62905,63274,63643,64012,64381,64750,65119,65488,65857,66226,66595,66964,67333,67702,68071,-67721,-67352,-66983,-66614,-66245,-65876,-65507,-65138,-64769,-64575,-64400,-64031,-63662,-63293,-62924,-62555,-62186,-61817,-61448,-61079,-60710,-60341,-59972,-59603,-59234,-58865,-58496,-58127,-57758,-57389,-57020,-56651,-56282,-55913,-55544,-55175,-54806,-54437,-54068,-53699,-53330,-52961,-52592,-52223,-51854,-51485,-51116,-50747,-50378,-50009,-49640,-49271,-48902,-48533,-48164,-47795,-47426,-47057,-46688,-46319,-45950,-45581,-45212,-44843,-44474,-44105,-43736,-43367,-42998,-42629,-42260,-41891,-41522,-41153,-40784,-40415,-40046,-39677,-39308,-38939,-38570,-38201,-37832,-37463,-37094,-36725,-36356,-35987,-35618,-35249,-34880,-34511,-34142,-33773,-33404,-33035,-32666,-32297,-31928,-31559,-31190,-30821,-30452,-30083,-29714,-29345,-28976,-28607,-28238,-27869,-27500,-27131,-26762,-26393,-26024,-25655,-25286,-24917,-24548,-24179,-23810,-23441,-23072,-22703,-22334,-21965,-21596,-21227,-20858,-20489,-20120,-19751,-19382,-19013,-18644,-18275,-17906,-17537,-17168,-16799,-16430,-16061,-15692,-15323,-14954,-14585,-14216,-13847,-13478,-13109,-12740,-12371,-12002,-11633,-11264,-10895,-10526,-10157,-9788,-9419,-9050,-8681,-8312,-7943,-7574,-7205,-6836,-6467,-6098,-5729,-5360,-4991,-4622,-4253,-3884,-3515,-3146,-2777,-2408,-2039,-1670,-1301,-932,-563,-194
176,545,914,1283,1652,2021,2390,2759,3128,3497,3866,4235,4604,4973,5342,5711,6080,6449,6818,7187,7556,7925,8294,8663,9032,9401,9770,10139,10508,10877,11246,11615,11984,12353,12722,13091,13460,13829,14198,14567,14936,15305,15674,16043,16412,16781,17150,17519,17888,18257,18626,18995,19364,19733,20102,20471,20840,21209,21578,21947,22316,22685,23054,23423,23792,24161,24530,24899,25268,25637,26006,26375,26744,27113,27482,27851,28220,28589,28958,29327,29696,30065,30434,30803,31172,31541,31910,32279,32648,33017,33386,33755,34124,34493,34862,35231,35600,35969,36338,36707,37076,37445,37814,38183,38552,38921,39290,39659,40028,40397,40766,41135,41504,41873,42242,42611,42980,43349,43718,44087,44456,44825,45194,45563,45932,46301,46670,47039,47408,47777,48146,48515,48884,49253,49622,49991,50360,50729,51098,51467,51836,52205,52574,52943,53312,53681,54050,54419,54788,55157,55526,55895,56264,56633,57002,57371,57740,58109,58478,58847,59216,59585,59954,60323,60692,61061,61430,61799,62168,62537,62906,63275,63644,64013,64382,64751,65120,65489,65858,66227,66596,66965,67334,67703,68072,-67720,-67351,-66982,-66613,-66244,-65875,-65506,-65137,-64944,-64768,-64399,-64030,-63661,-63292,-62923,-62554,-62185,-61816,-61447,-61078,-60709,-60340,-59971,-59602,-59233,-58864,-58495,-58126,-57757,-57388,-57019,-56650,-56281,-55912,-55543,-55174,-54805,-54436,-54067,-53698,-53329,-52960,-52591,-52222,-51853,-51484,-51115,-50746,-50377,-50008,-49639,-49270,-48901,-48532,-48163,-47794,-47425,-47056,-46687,-46318,-45949,-45580,-45211,-44842,-44473,-44104,-43735,-43366,-42997,-42628,-42259,-41890,-41521,-41152,-40783,-40414,-40045,-39676,-39307,-38938,-38569,-38200,-37831,-37462,-37093,-36724,-36355,-35986,-35617,-35248,-34879,-34510,-34141,-33772,-33403,-33034,-32665,-32296,-31927,-31558,-31189,-30820,-30451,-30082,-29713,-29344,-28975,-28606,-28237,-27868,-27499,-27130,-26761,-26392,-26023,-25654,-25285,-24916,-24547,-24178,-23809,-23440,-23071,-22702,-22333,-21964,-21595,-21226,-20857,-20488,-20119,-19750,-19381,-19012,-18643,-18274,-17905,-17536,-17167,-16798,-16429,-16060,-15691,-15322,-14953,-14584,-14215,-13846,-13477,-13108,-12739,-12370,-12001,-11632,-11263,-10894,-10525,-10156,-9787,-9418,-9049,-8680,-8311,-7942,-7573,-7204,-6835,-6466,-6097,-5728,-5359,-4990,-4621,-4252,-3883,-3514,-3145,-2776,-2407,-2038,-1669,-1300,-931,-562,-193
177,546,915,1284,1653,2022,2391,2760,3129,3498,3867,4236,4605,4974,5343,5712,6081,6450,6819,7188,7557,7926,8295,8664,9033,9402,9771,10140,10509,10878,11247,11616,11985,12354,12723,13092,13461,13830,14199,14568,14937,15306,15675,16044,16413,16782,17151,17520,17889,18258,18627,18996,19365,19734,20103,20472,20841,21210,21579,21948,22317,22686,23055,23424,23793,24162,24531,24900,25269,25638,26007,26376,26745,27114,27483,27852,28221,28590,28959,29328,29697,30066,30435,30804,31173,31542,31911,32280,32649,33018,33387,33756,34125,34494,34863,35232,35601,35970,36339,36708,37077,37446,37815,38184,38553,38922,39291,39660,40029,40398,40767,41136,41505,41874,42243,42612,42981,43350,43719,44088,44457,44826,45195,45564,45933,46302,46671,47040,47409,47778,48147,48516,48885,49254,49623,49992,50361,50730,51099,51468,51837,52206,52575,52944,53313,53682,54051,54420,54789,55158,55527,55896,56265,56634,57003,57372,57741,58110,58479,58848,59217,59586,59955,60324,60693,61062,61431,61800,62169,62538,62907,63276,63645,64014,64383,64752,65121,65490,65859,66228,66597,66966,67335,67704,68073,-67719,-67350,-66981,-66612,-66243,-65874,-65505,-65313,-65136,-64767,-64398,-64029,-63660,-63291,-62922,-62553,-62184,-61815,-61446,-61077,-60708,-60339,-59970,-59601,-59232,-58863,-58494,-58125,-57756,-57387,-57018,-56649,-56280,-55911,-55542,-55173,-54804,-54435,-54066,-53697,-53328,-52959,-52590,-52221,-51852,-51483,-51114,-50745,-50376,-50007,-49638,-49269,-48900,-48531,-48162,-47793,-47424,-47055,-46686,-46317,-45948,-45579,-45210,-44841,-44472,-44103,-43734,-43365,-42996,-42627,-42258,-41889,-41520,-41151,-40782,-40413,-40044,-39675,-39306,-38937,-38568,-38199,-37830,-37461,-37092,-36723,-36354,-35985,-35616,-35247,-34878,-34509,-34140,-33771,-33402,-33033,-32664,-32295,-31926,-31557,-31188,-30819,-30450,-30081,-29712,-29343,-28974,-28605,-28236,-27867,-27498,-27129,-26760,-26391,-26022,-25653,-25284,-24915,-24546,-24177,-23808,-23439,-23070,-22701,-22332,-21963,-21594,-21225,-20856,-20487,-20118,-19749,-19380,-19011,-18642,-18273,-17904,-17535,-17166,-16797,-16428,-16059,-15690,-15321,-14952,-14583,-14214,-13845,-13476,-13107,-12738,-12369,-12000,-11631,-11262,-10893,-10524,-10155,-9786,-9417,-9048,-8679,-8310,-7941,-7572,-7203,-6834,-6465,-6096,-5727,-5358,-4989,-4620,-4251,-3882,-3513,-3144,-2775,-2406,-2037,-1668,-1299,-930,-561,-192
178,547,916,1285,1654,2023,2392,2761,3130,3499,3868,4237,4606,4975,5344,5713,6082,6451,6820,7189,7558,7927,8296,8665,9034,9403,9772,10141,10510,10879,11248,11617,11986,12355,12724,13093,13462,13831,14200,14569,14938,15307,15676,16045,16414,16783,17152,17521,17890,18259,18628,18997,19366,19735,20104,20473,20842,21211,21580,21949,22318,22687,23056,23425,23794,24163,24532,24901,25270,25639,26008,26377,26746,27115,27484,27853,28222,28591,28960,29329,29698,30067,30436,30805,31174,31543,31912,32281,32650,33019,33388,33757,34126,34495,34864,35233,35602,35971,36340,36709,37078,37447,37816,38185,38554,38923,39292,39661,40030,40399,40768,41137,41506,41875,42244,42613,42982,43351,43720,44089,44458,44827,45196,45565,45934,46303,46672,47041,47410,47779,48148,48517,48886,49255,49624,49993,50362,50731,51100,51469,51838,52207,52576,52945,53314,53683,54052,54421,54790,55159,55528,55897,56266,56635,57004,57373,57742,58111,58480,58849,59218,59587,59956,60325,60694,61063,61432,61801,62170,62539,62908,63277,63646,64015,64384,64753,65122,65491,65860,66229,66598,66967,67336,67705,68074,-67718,-67349,-66980,-66611,-66242,-65873,-65682,-65504,-65135,-64766,-64397,-64028,-63659,-63290,-62921,-62552,-62183,-61814,-61445,-61076,-60707,-60338,-59969,-59600,-59231,-58862,-58493,-58124,-57755,-57386,-57017,-56648,-56279,-55910,-55541,-55172,-54803,-54434,-54065,-53696,-53327,-52958,-52589,-52220,-51851,-51482,-51113,-50744,-50375,-50006,-49637,-49268,-48899,-48530,-48161,-47792,-47423,-47054,-46685,-46316,-45947,-45578,-45209,-44840,-44471,-44102,-43733,-43364,-42995,-42626,-42257,-41888,-41519,-41150,-40781,-40412,-40043,-39674,-39305,-38936,-38567,-38198,-37829,-37460,-37091,-36722,-36353,-35984,-35615,-35246,-34877,-34508,-34139,-33770,-33401,-33032,-32663,-32294,-31925,-31556,-31187,-30818,-30449,-30080,-29711,-29342,-28973,-28604,-28235,-27866,-27497,-27128,-26759,-26390,-26021,-25652,-25283,-24914,-24545,-24176,-23807,-23438,-23069,-22700,-22331,-21962,-21593,-21224,-20855,-20486,-20117,-19748,-19379,-19010,-18641,-18272,-17903,-17534,-17165,-16796,-16427,-16058,-15689,-15320,-14951,-14582,-14213,-13844,-13475,-13106,-12737,-12368,-11999,-11630,-11261,-10892,-10523,-10154,-9785,-9416,-9047,-8678,-8309,-7940,-7571,-7202,-6833,-6464,-6095,-5726,-5357,-4988,-4619,-4250,-3881,-3512,-3143,-2774,-2405,-2036,-1667,-1298,-929,-560,-191
179,548,917,1286,1655,2024,2393,2762,3131,3500,3869,4238,4607,4976,5345,5714,6083,6452,6821,7190,7559,7928,8297,8666,9035,9404,9773,10142,10511,10880,11249,11618,11987,12356,12725,13094,13463,13832,14201,14570,14939,15308,15677,16046,16415,16784,17153,17522,17891,18260,18629,18998,19367,19736,20105,20474,20843,21212,21581,21950,22319,22688,23057,23426,23795,24164,24533,24902,25271,25640,26009,26378,26747,27116,27485,27854,28223,28592,28961,29330,29699,30068,30437,30806,31175,31544,31913,32282,32651,33020,33389,33758,34127,34496,34865,35234,35603,35972,36341,36710,37079,37448,37817,38186,38555,38924,39293,39662,40031,40400,40769,41138,41507,41876,42245,42614,42983,43352,43721,44090,44459,44828,45197,45566,45935,46304,46673,47042,47411,47780,48149,48518,48887,49256,49625,49994,50363,50732,51101,51470,51839,52208,52577,52946,53315,53684,54053,54422,54791,55160,55529,55898,56267,56636,57005,57374,57743,58112,58481,58850,59219,59588,59957,60326,60695,61064,61433,61802,62171,62540,62909,63278,63647,64016,64385,64754,65123,65492,65861,66230,66599,66968,67337,67706,68075,-67717,-67348,-66979,-66610,-66241,-66051,-65872,-65503,-65134,-64765,-64396,-64027,-63658,-63289,-62920,-62551,-62182,-61813,-61444,-61075,-60706,-60337,-59968,-59599,-59230,-58861,-58492,-58123,-57754,-57385,-57016,-56647,-56278,-55909,-55540,-55171,-54802,-54433,-54064,-53695,-53326,-52957,-52588,-52219,-51850,-51481,-51112,-50743,-50374,-50005,-49636,-49267,-48898,-48529,-48160,-47791,-47422,-47053,-46684,-46315,-45946,-45577,-45208,-44839,-44470,-44101,-43732,-43363,-42994,-42625,-42256,-41887,-41518,-41149,-40780,-40411,-40042,-39673,-39304,-38935,-38566,-38197,-37828,-37459,-37090,-36721,-36352,-35983,-35614,-35245,-34876,-34507,-34138,-33769,-33400,-33031,-32662,-32293,-31924,-31555,-31186,-30817,-30448,-30079,-29710,-29341,-28972,-28603,-28234,-27865,-27496,-27127,-26758,-26389,-26020,-25651,-25282,-24913,-24544,-24175,-23806,-23437,-23068,-22699,-22330,-21961,-21592,-21223,-20854,-20485,-20116,-19747,-19378,-19009,-18640,-18271,-17902,-17533,-17164,-16795,-16426,-16057,-15688,-15319,-14950,-14581,-14212,-13843,-13474,-13105,-12736,-12367,-11998,-11629,-11260,-10891,-10522,-10153,-9784,-9415,-9046,-8677,-8308,-7939,-7570,-7201,-6832,-6463,-6094,-5725,-5356,-4987,-4618,-4249,-3880,-3511,-3142,-2773,-2404,-2035,-1666,-1297,-928,-559,-190
180,549,918,1287,1656,2025,2394,2763,3132,3501,3870,4239,4608,4977,5346,5715,6084,6453,6822,7191,7560,7929,8298,8667,9036,9405,9774,10143,10512,10881,11250,11619,11988,12357,12726,13095,13464,13833,14202,14571,14940,15309,15678,16047,16416,16785,17154,17523,17892,18261,18630,18999,19368,19737,20106,20475,20844,21213,21582,21951,22320,22689,23058,23427,23796,24165,24534,24903,25272,25641,26010,26379,26748,27117,27486,27855,28224,28593,28962,29331,29700,30069,30438,30807,31176,31545,31914,32283,32652,33021,33390,33759,34128,34497,34866,35235,35604,35973,36342,36711,37080,37449,37818,38187,38556,38925,39294,39663,40032,40401,40770,41139,41508,41877,42246,42615,42984,43353,43722,44091,44460,44829,45198,45567,45936,46305,46674,47043,47412,47781,48150,48519,48888,49257,49626,49995,50364,50733,51102,51471,51840,52209,52578,52947,53316,53685,54054,54423,54792,55161,55530,55899,56268,56637,57006,57375,57744,58113,58482,58851,59220,59589,59958,60327,60696,61065,61434,61803,62172,62541,62910,63279,63648,64017,64386,64755,65124,65493,65862,66231,66600,66969,67338,67707,68076,-67716,-67347,-66978,-66609,-66420,-66240,-65871,-65502,-65133,-64764,-64395,-64026,-63657,-63288,-62919,-62550,-62181,-61812,-61443,-61074,-60705,-60336,-59967,-59598,-59229,-58860,-58491,-58122,-57753,-57384,-57015,-56646,-56277,-55908,-55539,-55170,-54801,-54432,-54063,-53694,-53325,-52956,-52587,-52218,-51849,-51480,-51111,-50742,-50373,-50004,-49635,-49266,-48897,-48528,-48159,-47790,-47421,-47052,-46683,-46314,-45945,-45576,-45207,-44838,-44469,-44100,-43731,-43362,-42993,-42624,-42255,-41886,-41517,-41148,-40779,-40410,-40041,-39672,-39303,-38934,-38565,-38196,-37827,-37458,-37089,-36720,-36351,-35982,-35613,-35244,-34875,-34506,-34137,-33768,-33399,-33030,-32661,-32292,-31923,-31554,-31185,-30816,-30447,-30078,-29709,-29340,-28971,-28602,-28233,-27864,-27495,-27126,-26757,-26388,-26019,-25650,-25281,-24912,-24543,-24174,-23805,-23436,-23067,-22698,-22329,-21960,-21591,-21222,-20853,-20484,-20115,-19746,-19377,-19008,-18639,-18270,-17901,-17532,-17163,-16794,-16425,-16056,-15687,-15318,-14949,-14580,-14211,-13842,-13473,-13104,-12735,-12366,-11997,-11628,-11259,-10890,-10521,-10152,-9783,-9414,-9045,-8676,-8307,-7938,-7569,-7200,-6831,-6462,-6093,-5724,-5355,-4986,-4617,-4248,-3879,-3510,-3141,-2772,-2403,-2034,-1665,-1296,-927,-558,-189
181,550,919,1288,1657,2026,2395,2764,3133,3502,3871,4240,4609,4978,5347,5716,6085,6454,6823,7192,7561,7930,8299,8668,9037,9406,9775,10144,10513,10882,11251,11620,11989,12358,12727,13096,13465,13834,14203,14572,14941,15310,15679,16048,16417,16786,17155,17524,17893,18262,18631,19000,19369,19738,20107,20476,20845,21214,21583,21952,22321,22690,23059,23428,23797,24166,24535,24904,25273,25642,26011,26380,26749,27118,27487,27856,28225,28594,28963,29332,29701,30070,30439,30808,31177,31546,31915,32284,32653,33022,33391,33760,34129,34498,34867,35236,35605,35974,36343,36712,37081,37450,37819,38188,38557,38926,39295,39664,40033,40402,40771,41140,41509,41878,42247,42616,42985,43354,43723,44092,44461,44830,45199,45568,45937,46306,46675,47044,47413,47782,48151,48520,48889,49258,49627,49996,50365,50734,51103,51472,51841,52210,52579,52948,53317,53686,54055,54424,54793,55162,55531,55900,56269,56638,57007,57376,57745,58114,58483,58852,59221,59590,59959,60328,60697,61066,61435,61804,62173,62542,62911,63280,63649,64018,64387,64756,65125,65494,65863,66232,66601,66970,67339,67708,68077,-67715,-67346,-66977,-66789,-66608,-66239,-65870,-65501,-65132,-64763,-64394,-64025,-63656,-63287,-62918,-62549,-62180,-61811,-61442,-61073,-60704,-60335,-59966,-59597,-59228,-58859,-58490,-58121,-57752,-57383,-57014,-56645,-56276,-55907,-55538,-55169,-54800,-54431,-54062,-53693,-53324,-52955,-52586,-52217,-51848,-51479,-51110,-50741,-50372,-50003,-49634,-49265,-48896,-48527,-48158,-47789,-47420,-47051,-46682,-46313,-45944,-45575,-45206,-44837,-44468,-44099,-43730,-43361,-42992,-42623,-42254,-41885,-41516,-41147,-40778,-40409,-40040,-39671,-39302,-38933,-38564,-38195,-37826,-37457,-37088,-36719,-36350,-35981,-35612,-35243,-34874,-34505,-34136,-33767,-33398,-33029,-32660,-32291,-31922,-31553,-31184,-30815,-30446,-30077,-29708,-29339,-28970,-28601,-28232,-27863,-27494,-27125,-26756,-26387,-26018,-25649,-25280,-24911,-24542,-24173,-23804,-23435,-23066,-22697,-22328,-21959,-21590,-21221,-20852,-20483,-20114,-19745,-19376,-19007,-18638,-18269,-17900,-17531,-17162,-16793,-16424,-16055,-15686,-15317,-14948,-14579,-14210,-13841,-13472,-13103,-12734,-12365,-11996,-11627,-11258,-10889,-10520,-10151,-9782,-9413,-9044,-8675,-8306,-7937,-7568,-7199,-6830,-6461,-6092,-5723,-5354,-4985,-4616,-4247,-3878,-3509,-3140,-2771,-2402,-2033,-1664,-1295,-926,-557,-188
182,551,920,1289,1658,2027,2396,2765,3134,3503,3872,4241,4610,4979,5348,5717,6086,6455,6824,7193,7562,7931,8300,8669,9038,9407,9776,10145,10514,10883,11252,11621,11990,12359,12728,13097,13466,13835,14204,14573,14942,15311,15680,16049,16418,16787,17156,17525,17894,18263,18632,19001,19370,19739,20108,20477,20846,21215,21584,21953,22322,22691,23060,23429,23798,24167,24536,24905,25274,25643,26012,26381,26750,27119,27488,27857,28226,28595,28964,29333,29702,30071,30440,30809,31178,31547,31916,32285,32654,33023,33392,33761,34130,34499,34868,35237,35606,35975,36344,36713,37082,37451,37820,38189,38558,38927,39296,39665,40034,40403,40772,41141,41510,41879,42248,42617,42986,43355,43724,44093,44462,44831,45200,45569,45938,46307,46676,47045,47414,47783,48152,48521,48890,49259,49628,49997,50366,50735,51104,51473,51842,52211,52580,52949,53318,53687,54056,54425,54794,55163,55532,55901,56270,56639,57008,57377,57746,58115,58484,58853,59222,59591,59960,60329,60698,61067,61436,61805,62174,62543,62912,63281,63650,64019,64388,64757,65126,65495,65864,66233,66602,66971,67340,67709,68078,-67714,-67345,-67158,-66976,-66607,-66238,-65869,-65500,-65131,-64762,-64393,-64024,-63655,-63286,-62917,-62548,-62179,-61810,-61441,-61072,-60703,-60334,-59965,-59596,-59227,-58858,-58489,-58120,-57751,-57382,-57013,-56644,-56275,-55906,-55537,-55168,-54799,-54430,-54061,-53692,-53323,-52954,-52585,-52216,-51847,-51478,-51109,-50740,-50371,-50002,-49633,-49264,-48895,-48526,-48157,-47788,-47419,-47050,-46681,-46312,-45943,-45574,-45205,-44836,-44467,-44098,-43729,-43360,-42991,-42622,-42253,-41884,-41515,-41146,-40777,-40408,-40039,-39670,-39301,-38932,-38563,-38194,-37825,-37456,-37087,-36718,-36349,-35980,-35611,-35242,-34873,-34504,-34135,-33766,-33397,-33028,-32659,-32290,-31921,-31552,-31183,-30814,-30445,-30076,-29707,-29338,-28969,-28600,-28231,-27862,-27493,-27124,-26755,-26386,-26017,-25648,-25279,-24910,-24541,-24172,-23803,-23434,-23065,-22696,-22327,-21958,-21589,-21220,-20851,-20482,-20113,-19744,-19375,-19006,-18637,-18268,-17899,-17530,-17161,-16792,-16423,-16054,-15685,-15316,-14947,-14578,-14209,-13840,-13471,-13102,-12733,-12364,-11995,-11626,-11257,-10888,-10519,-10150,-9781,-9412,-9043,-8674,-8305,-7936,-7567,-7198,-6829,-6460,-6091,-5722,-5353,-4984,-4615,-4246,-3877,-3508,-3139,-2770,-2401,-2032,-1663,-1294,-925,-556,-187
183,552,921,1290,1659,2028,2397,2766,3135,3504,3873,4242,4611,4980,5349,5718,6087,6456,6825,7194,7563,7932,8301,8670,9039,9408,9777,10146,10515,10884,11253,11622,11991,12360,12729,13098,13467,13836,14205,14574,14943,15312,15681,16050,16419,16788,17157,17526,17895,18264,18633,19002,19371,19740,20109,20478,20847,21216,21585,21954,22323,22692,23061,23430,23799,24168,24537,24906,25275,25644,26013,26382,26751,27120,27489,27858,28227,28596,28965,29334,29703,30072,30441,30810,31179,31548,31917,32286,32655,33024,33393,33762,34131,34500,34869,35238,35607,35976,36345,36714,37083,37452,37821,38190,38559,38928,39297,39666,40035,40404,40773,41142,41511,41880,42249,42618,42987,43356,43725,44094,44463,44832,45201,45570,45939,46308,46677,47046,47415,47784,48153,48522,48891,49260,49629,49998,50367,50736,51105,51474,51843,52212,52581,52950,53319,53688,54057,54426,54795,55164,55533,55902,56271,56640,57009,57378,57747,58116,58485,58854,59223,59592,59961,60330,60699,61068,61437,61806,62175,62544,62913,63282,63651,64020,64389,64758,65127,65496,65865,66234,66603,66972,67341,67710,68079,-67713,-67527,-67344,-66975,-66606,-66237,-65868,-65499,-65130,-64761,-64392,-64023,-63654,-63285,-62916,-62547,-62178,-61809,-61440,-61071,-60702,-60333,-59964,-59595,-59226,-58857,-58488,-58119,-57750,-57381,-57012,-56643,-56274,-55905,-55536,-55167,-54798,-54429,-54060,-53691,-53322,-52953,-52584,-52215,-51846,-51477,-51108,-50739,-50370,-50001,-49632,-49263,-48894,-48525,-48156,-47787,-47418,-47049,-46680,-46311,-45942,-45573,-45204,-44835,-44466,-44097,-43728,-43359,-42990,-42621,-42252,-41883,-41514,-41145,-40776,-40407,-40038,-39669,-39300,-38931,-38562,-38193,-37824,-37455,-37086,-36717,-36348,-35979,-35610,-35241,-34872,-34503,-34134,-33765,-33396,-33027,-32658,-32289,-31920,-31551,-31182,-30813,-30444,-30075,-29706,-29337,-28968,-28599,-28230,-27861,-27492,-27123,-26754,-26385,-26016,-25647,-25278,-24909,-24540,-24171,-23802,-23433,-23064,-22695,-22326,-21957,-21588,-21219,-20850,-20481,-20112,-19743,-19374,-19005,-18636,-18267,-17898,-17529,-17160,-16791,-16422,-16053,-15684,-15315,-14946,-14577,-14208,-13839,-13470,-13101,-12732,-12363,-11994,-11625,-11256,-10887,-10518,-10149,-9780,-9411,-9042,-8673,-8304,-7935,-7566,-7197,-6828,-6459,-6090,-5721,-5352,-4983,-4614,-4245,-3876,-3507,-3138,-2769,-2400,-2031,-1662,-1293,-924,-555,-186
184,553,922,1291,1660,2029,2398,2767,3136,3505,3874,4243,4612,4981,5350,5719,6088,6457,6826,7195,7564,7933,8302,8671,9040,9409,9778,10147,10516,10885,11254,11623,11992,12361,12730,13099,13468,13837,14206,14575,14944,15313,15682,16051,16420,16789,17158,17527,17896,18265,18634,19003,19372,19741,20110,20479,20848,21217,21586,21955,22324,22693,23062,23431,23800,24169,24538,24907,25276,25645,26014,26383,26752,27121,27490,27859,28228,28597,28966,29335,29704,30073,30442,30811,31180,31549,31918,32287,32656,33025,33394,33763,34132,34501,34870,35239,35608,35977,36346,36715,37084,37453,37822,38191,38560,38929,39298,39667,40036,40405,40774,41143,41512,41881,42250,42619,42988,43357,43726,44095,44464,44833,45202,45571,45940,46309,46678,47047,47416,47785,48154,48523,48892,49261,49630,49999,50368,50737,51106,51475,51844,52213,52582,52951,53320,53689,54058,54427,54796,55165,55534,55903,56272,56641,57010,57379,57748,58117,58486,58855,59224,59593,59962,60331,60700,61069,61438,61807,62176,62545,62914,63283,63652,64021,64390,64759,65128,65497,65866,66235,66604,66973,67342,67711,68080,-67896,-67712,-67343,-66974,-66605,-66236,-65867,-65498,-65129,-64760,-64391,-64022,-63653,-63284,-62915,-62546,-62177,-61808,-61439,-61070,-60701,-60332,-59963,-59594,-59225,-58856,-58487,-58118,-57749,-57380,-57011,-56642,-56273,-55904,-55535,-55166,-54797,-54428,-54059,-53690,-53321,-52952,-52583,-52214,-51845,-51476,-51107,-50738,-50369,-50000,-49631,-49262,-48893,-48524,-48155,-47786,-47417,-47048,-46679,-46310,-45941,-45572,-45203,-44834,-44465,-44096,-43727,-43358,-42989,-42620,-42251,-41882,-41513,-41144,-40775,-40406,-40037,-39668,-39299,-38930,-38561,-38192,-37823,-37454,-37085,-36716,-36347,-35978,-35609,-35240,-34871,-34502,-34133,-33764,-33395,-33026,-32657,-32288,-31919,-31550,-31181,-30812,-30443,-30074,-29705,-29336,-28967,-28598,-28229,-27860,-27491,-27122,-26753,-26384,-26015,-25646,-25277,-24908,-24539,-24170,-23801,-23432,-23063,-22694,-22325,-21956,-21587,-21218,-20849,-20480,-20111,-19742,-19373,-19004,-18635,-18266,-17897,-17528,-17159,-16790,-16421,-16052,-15683,-15314,-14945,-14576,-14207,-13838,-13469,-13100,-12731,-12362,-11993,-11624,-11255,-10886,-10517,-10148,-9779,-9410,-9041,-8672,-8303,-7934,-7565,-7196,-6827,-6458,-6089,-5720,-5351,-4982,-4613,-4244,-3875,-3506,-3137,-2768,-2399,-2030,-1661,-1292,-923,-554,-185
185,554,923,1292,1661,2030,2399,2768,3137,3506,3875,4244,4613,4982,5351,5720,6089,6458,6827,7196,7565,7934,8303,8672,9041,9410,9779,10148,10517,10886,11255,11624,11993,12362,12731,13100,13469,13838,14207,14576,14945,15314,15683,16052,16421,16790,17159,17528,17897,18266,18635,19004,19373,19742,20111,20480,20849,21218,21587,21956,22325,22694,23063,23432,23801,24170,24539,24908,25277,25646,26015,26384,26753,27122,27491,27860,28229,28598,28967,29336,29705,30074,30443,30812,31181,31550,31919,32288,32657,33026,33395,33764,34133,34502,34871,35240,35609,35978,36347,36716,37085,37454,37823,38192,38561,38930,39299,39668,40037,40406,40775,41144,41513,41882,42251,42620,42989,43358,43727,44096,44465,44834,45203,45572,45941,46310,46679,47048,47417,47786,48155,48524,48893,49262,49631,50000,50369,50738,51107,51476,51845,52214,52583,52952,53321,53690,54059,54428,54797,55166,55535,55904,56273,56642,57011,57380,57749,58118,58487,58856,59225,59594,59963,60332,60701,61070,61439,61808,62177,62546,62915,63284,63653,64022,64391,64760,65129,65498,65867,66236,66605,66974,67343,67712,67896,-68080,-67711,-67342,-66973,-66604,-66235,-65866,-65497,-65128,-64759,-64390,-64021,-63652,-63283,-62914,-62545,-62176,-61807,-61438,-61069,-60700,-60331,-59962,-59593,-59224,-58855,-58486,-58117,-57748,-57379,-57010,-56641,-56272,-55903,-55534,-55165,-54796,-54427,-54058,-53689,-53320,-52951,-52582,-52213,-51844,-51475,-51106,-50737,-50368,-49999,-49630,-49261,-48892,-48523,-48154,-47785,-47416,-47047,-46678,-46309,-45940,-45571,-45202,-44833,-44464,-44095,-43726,-43357,-42988,-42619,-42250,-41881,-41512,-41143,-40774,-40405,-40036,-39667,-39298,-38929,-38560,-38191,-37822,-37453,-37084,-36715,-36346,-35977,-35608,-35239,-34870,-34501,-34132,-33763,-33394,-33025,-32656,-32287,-31918,-31549,-31180,-30811,-30442,-30073,-29704,-29335,-28966,-28597,-28228,-27859,-27490,-27121,-26752,-26383,-26014,-25645,-25276,-24907,-24538,-24169,-23800,-23431,-23062,-22693,-22324,-21955,-21586,-21217,-20848,-20479,-20110,-19741,-19372,-19003,-18634,-18265,-17896,-17527,-17158,-16789,-16420,-16051,-15682,-15313,-14944,-14575,-14206,-13837,-13468,-13099,-12730,-12361,-11992,-11623,-11254,-10885,-10516,-10147,-9778,-9409,-9040,-8671,-8302,-7933,-7564,-7195,-6826,-6457,-6088,-5719,-5350,-4981,-4612,-4243,-3874,-3505,-3136,-2767,-2398,-2029,-1660,-1291,-922,-553,-184
186,555,924,1293,1662,2031,2400,2769,3138,3507,3876,4245,4614,4983,5352,5721,6090,6459,6828,7197,7566,7935,8304,8673,9042,9411,9780,10149,10518,10887,11256,11625,11994,12363,12732,13101,13470,13839,14208,14577,14946,15315,15684,16053,16422,16791,17160,17529,17898,18267,18636,19005,19374,19743,20112,20481,20850,21219,21588,21957,22326,22695,23064,23433,23802,24171,24540,24909,25278,25647,26016,26385,26754,27123,27492,27861,28230,28599,28968,29337,29706,30075,30444,30813,31182,31551,31920,32289,32658,33027,33396,33765,34134,34503,34872,35241,35610,35979,36348,36717,37086,37455,37824,38193,38562,38931,39300,39669,40038,40407,40776,41145,41514,41883,42252,42621,42990,43359,43728,44097,44466,44835,45204,45573,45942,46311,46680,47049,47418,47787,48156,48525,48894,49263,49632,50001,50370,50739,51108,51477,51846,52215,52584,52953,53322,53691,54060,54429,54798,55167,55536,55905,56274,56643,57012,57381,57750,58119,58488,58857,59226,59595,59964,60333,60702,61071,61440,61809,62178,62547,62916,63285,63654,64023,64392,64761,65130,65499,65868,66237,66606,66975,67344,67527,67713,-68079,-67710,-67341,-66972,-66603,-66234,-65865,-65496,-65127,-64758,-64389,-64020,-63651,-63282,-62913,-62544,-62175,-61806,-61437,-61068,-60699,-60330,-59961,-59592,-59223,-58854,-58485,-58116,-57747,-57378,-57009,-56640,-56271,-55902,-55533,-55164,-54795,-54426,-54057,-53688,-53319,-52950,-52581,-52212,-51843,-51474,-51105,-50736,-50367,-49998,-49629,-49260,-48891,-48522,-48153,-47784,-47415,-47046,-46677,-46308,-45939,-45570,-45201,-44832,-44463,-44094,-43725,-43356,-42987,-42618,-42249,-41880,-41511,-41142,-40773,-40404,-40035,-39666,-39297,-38928,-38559,-38190,-37821,-37452,-37083,-36714,-36345,-35976,-35607,-35238,-34869,-34500,-34131,-33762,-33393,-33024,-32655,-32286,-31917,-31548,-31179,-30810,-30441,-30072,-29703,-29334,-28965,-28596,-28227,-27858,-27489,-27120,-26751,-26382,-26013,-25644,-25275,-24906,-24537,-24168,-23799,-23430,-23061,-22692,-22323,-21954,-21585,-21216,-20847,-20478,-20109,-19740,-19371,-19002,-18633,-18264,-17895,-17526,-17157,-16788,-16419,-16050,-15681,-15312,-14943,-14574,-14205,-13836,-13467,-13098,-12729,-12360,-11991,-11622,-11253,-10884,-10515,-10146,-9777,-9408,-9039,-8670,-8301,-7932,-7563,-7194,-6825,-6456,-6087,-5718,-5349,-4980,-4611,-4242,-3873,-3504,-3135,-2766,-2397,-2028,-1659,-1290,-921,-552,-183
187,556,925,1294,1663,2032,2401,2770,3139,3508,3877,4246,4615,4984,5353,5722,6091,6460,6829,7198,7567,7936,8305,8674,9043,9412,9781,10150,10519,10888,11257,11626,11995,12364,12733,13102,13471,13840,14209,14578,14947,15316,15685,16054,16423,16792,17161,17530,17899,18268,18637,19006,19375,19744,20113,20482,20851,21220,21589,21958,22327,22696,23065,23434,23803,24172,24541,24910,25279,25648,26017,26386,26755,27124,27493,27862,28231,28600,28969,29338,29707,30076,30445,30814,31183,31552,31921,32290,32659,33028,33397,33766,34135,34504,34873,35242,35611,35980,36349,36718,37087,37456,37825,38194,38563,38932,39301,39670,40039,40408,40777,41146,41515,41884,42253,42622,42991,43360,43729,44098,44467,44836,45205,45574,45943,46312,46681,47050,47419,47788,48157,48526,48895,49264,49633,50002,50371,50740,51109,51478,51847,52216,52585,52954,53323,53692,54061,54430,54799,55168,55537,55906,56275,56644,57013,57382,57751,58120,58489,58858,59227,59596,59965,60334,60703,61072,61441,61810,62179,62548,62917,63286,63655,64024,64393,64762,65131,65500,65869,66238,66607,66976,67158,67345,67714,-68078,-67709,-67340,-66971,-66602,-66233,-65864,-65495,-65126,-64757,-64388,-64019,-63650,-63281,-62912,-62543,-62174,-61805,-61436,-61067,-60698,-60329,-59960,-59591,-59222,-58853,-58484,-58115,-57746,-57377,-57008,-56639,-56270,-55901,-55532,-55163,-54794,-54425,-54056,-53687,-53318,-52949,-52580,-52211,-51842,-51473,-51104,-50735,-50366,-49997,-49628,-49259,-48890,-48521,-48152,-47783,-47414,-47045,-46676,-46307,-45938,-45569,-45200,-44831,-44462,-44093,-43724,-43355,-42986,-42617,-42248,-41879,-41510,-41141,-40772,-40403,-40034,-39665,-39296,-38927,-38558,-38189,-37820,-37451,-37082,-36713,-36344,-35975,-35606,-35237,-34868,-34499,-34130,-33761,-33392,-33023,-32654,-32285,-31916,-31547,-31178,-30809,-30440,-30071,-29702,-29333,-28964,-28595,-28226,-27857,-27488,-27119,-26750,-26381,-26012,-25643,-25274,-24905,-24536,-24167,-23798,-23429,-23060,-22691,-22322,-21953,-21584,-21215,-20846,-20477,-20108,-19739,-19370,-19001,-18632,-18263,-17894,-17525,-17156,-16787,-16418,-16049,-15680,-15311,-14942,-14573,-14204,-13835,-13466,-13097,-12728,-12359,-11990,-11621,-11252,-10883,-10514,-10145,-9776,-9407,-9038,-8669,-8300,-7931,-7562,-7193,-6824,-6455,-6086,-5717,-5348,-4979,-4610,-4241,-3872,-3503,-3134,-2765,-2396,-2027,-1658,-1289,-920,-551,-182
188,557,926,1295,1664,2033,2402,2771,3140,3509,3878,4247,4616,4985,5354,5723,6092,6461,6830,7199,7568,7937,8306,8675,9044,9413,9782,10151,10520,10889,11258,11627,11996,12365,12734,13103,13472,13841,14210,14579,14948,15317,15686,16055,16424,16793,17162,17531,17900,18269,18638,19007,19376,19745,20114,20483,20852,21221,21590,21959,22328,22697,23066,23435,23804,24173,24542,24911,25280,25649,26018,26387,26756,27125,27494,27863,28232,28601,28970,29339,29708,30077,30446,30815,31184,31553,31922,32291,32660,33029,33398,33767,34136,34505,34874,35243,35612,35981,36350,36719,37088,37457,37826,38195,38564,38933,39302,39671,40040,40409,40778,41147,41516,41885,42254,42623,42992,43361,43730,44099,44468,44837,45206,45575,45944,46313,46682,47051,47420,47789,48158,48527,48896,49265,49634,50003,50372,50741,51110,51479,51848,52217,52586,52955,53324,53693,54062,54431,54800,55169,55538,55907,56276,56645,57014,57383,57752,58121,58490,58859,59228,59597,59966,60335,60704,61073,61442,61811,62180,62549,62918,63287,63656,64025,64394,64763,65132,65501,65870,66239,66608,66789,66977,67346,67715,-68077,-67708,-67339,-66970,-66601,-66232,-65863,-65494,-65125,-64756,-64387,-64018,-63649,-63280,-62911,-62542,-62173,-61804,-61435,-61066,-60697,-60328,-59959,-59590,-59221,-58852,-58483,-58114,-57745,-57376,-57007,-56638,-56269,-55900,-55531,-55162,-54793,-54424,-54055,-53686,-53317,-52948,-52579,-52210,-51841,-51472,-51103,-50734,-50365,-49996,-49627,-49258,-48889,-48520,-48151,-47782,-47413,-47044,-46675,-46306,-45937,-45568,-45199,-44830,-44461,-44092,-43723,-43354,-42985,-42616,-42247,-41878,-41509,-41140,-40771,-40402,-40033,-39664,-39295,-38926,-38557,-38188,-37819,-37450,-37081,-36712,-36343,-35974,-35605,-35236,-34867,-34498,-34129,-33760,-33391,-33022,-32653,-32284,-31915,-31546,-31177,-30808,-30439,-30070,-29701,-29332,-28963,-28594,-28225,-27856,-27487,-27118,-26749,-26380,-26011,-25642,-25273,-24904,-24535,-24166,-23797,-23428,-23059,-22690,-22321,-21952,-21583,-21214,-20845,-20476,-20107,-19738,-19369,-19000,-18631,-18262,-17893,-17524,-17155,-16786,-16417,-16048,-15679,-15310,-14941,-14572,-14203,-13834,-13465,-13096,-12727,-12358,-11989,-11620,-11251,-10882,-10513,-10144,-9775,-9406,-9037,-8668,-8299,-7930,-7561,-7192,-6823,-6454,-6085,-5716,-5347,-4978,-4609,-4240,-3871,-3502,-3133,-2764,-2395,-2026,-1657,-1288,-919,-550,-181
189,558,927,1296,1665,2034,2403,2772,3141,3510,3879,4248,4617,4986,5355,5724,6093,6462,6831,7200,7569,7938,8307,8676,9045,9414,9783,10152,10521,10890,11259,11628,11997,12366,12735,13104,13473,13842,14211,14580,14949,15318,15687,16056,16425,16794,17163,17532,17901,18270,18639,19008,19377,19746,20115,20484,20853,21222,21591,21960,22329,22698,23067,23436,23805,24174,24543,24912,25281,25650,26019,26388,26757,27126,27495,27864,28233,28602,28971,29340,29709,30078,30447,30816,31185,31554,31923,32292,32661,33030,33399,33768,34137,34506,34875,35244,35613,35982,36351,36720,37089,37458,37827,38196,38565,38934,39303,39672,40041,40410,40779,41148,41517,41886,42255,42624,42993,43362,43731,44100,44469,44838,45207,45576,45945,46314,46683,47052,47421,47790,48159,48528,48897,49266,49635,50004,50373,50742,51111,51480,51849,52218,52587,52956,53325,53694,54063,54432,54801,55170,55539,55908,56277,56646,57015,57384,57753,58122,58491,58860,59229,59598,59967,60336,60705,61074,61443,61812,62181,62550,62919,63288,63657,64026,64395,64764,65133,65502,65871,66240,66420,66609,66978,67347,67716,-68076,-67707,-67338,-66969,-66600,-66231,-65862,-65493,-65124,-64755,-64386,-64017,-63648,-63279,-62910,-62541,-62172,-61803,-61434,-61065,-60696,-60327,-59958,-59589,-59220,-58851,-58482,-58113,-57744,-57375,-57006,-56637,-56268,-55899,-55530,-55161,-54792,-54423,-54054,-53685,-53316,-52947,-52578,-52209,-51840,-51471,-51102,-50733,-50364,-49995,-49626,-49257,-48888,-48519,-48150,-47781,-47412,-47043,-46674,-46305,-45936,-45567,-45198,-44829,-44460,-44091,-43722,-43353,-42984,-42615,-42246,-41877,-41508,-41139,-40770,-40401,-40032,-39663,-39294,-38925,-38556,-38187,-37818,-37449,-37080,-36711,-36342,-35973,-35604,-35235,-34866,-34497,-34128,-33759,-33390,-33021,-32652,-32283,-31914,-31545,-31176,-30807,-30438,-30069,-29700,-29331,-28962,-28593,-28224,-27855,-27486,-27117,-26748,-26379,-26010,-25641,-25272,-24903,-24534,-24165,-23796,-23427,-23058,-22689,-22320,-21951,-21582,-21213,-20844,-20475,-20106,-19737,-19368,-18999,-18630,-18261,-17892,-17523,-17154,-16785,-16416,-16047,-15678,-15309,-14940,-14571,-14202,-13833,-13464,-13095,-12726,-12357,-11988,-11619,-11250,-10881,-10512,-10143,-9774,-9405,-9036,-8667,-8298,-7929,-7560,-7191,-6822,-6453,-6084,-5715,-5346,-4977,-4608,-4239,-3870,-3501,-3132,-2763,-2394,-2025,-1656,-1287,-918,-549,-180
190,559,928,1297,1666,2035,2404,2773,3142,3511,3880,4249,4618,4987,5356,5725,6094,6463,6832,7201,7570,7939,8308,8677,9046,9415,9784,10153,10522,10891,11260,11629,11998,12367,12736,13105,13474,13843,14212,14581,14950,15319,15688,16057,16426,16795,17164,17533,17902,18271,18640,19009,19378,19747,20116,20485,20854,21223,21592,21961,22330,22699,23068,23437,23806,24175,24544,24913,25282,25651,26020,26389,26758,27127,27496,27865,28234,28603,28972,29341,29710,30079,30448,30817,31186,31555,31924,32293,32662,33031,33400,33769,34138,34507,34876,35245,35614,35983,36352,36721,37090,37459,37828,38197,38566,38935,39304,39673,40042,40411,40780,41149,41518,41887,42256,42625,42994,43363,43732,44101,44470,44839,45208,45577,45946,46315,46684,47053,47422,47791,48160,48529,48898,49267,49636,50005,50374,50743,51112,51481,51850,52219,52588,52957,53326,53695,54064,54433,54802,55171,55540,55909,56278,56647,57016,57385,57754,58123,58492,58861,59230,59599,59968,60337,60706,61075,61444,61813,62182,62551,62920,63289,63658,64027,64396,64765,65134,65503,65872,66051,66241,66610,66979,67348,67717,-68075,-67706,-67337,-66968,-66599,-66230,-65861,-65492,-65123,-64754,-64385,-64016,-63647,-63278,-62909,-62540,-62171,-61802,-61433,-61064,-60695,-60326,-59957,-59588,-59219,-58850,-58481,-58112,-57743,-57374,-57005,-56636,-56267,-55898,-55529,-55160,-54791,-54422,-54053,-53684,-53315,-52946,-52577,-52208,-51839,-51470,-51101,-50732,-50363,-49994,-49625,-49256,-48887,-48518,-48149,-47780,-47411,-47042,-46673,-46304,-45935,-45566,-45197,-44828,-44459,-44090,-43721,-43352,-42983,-42614,-42245,-41876,-41507,-41138,-40769,-40400,-40031,-39662,-39293,-38924,-38555,-38186,-37817,-37448,-37079,-36710,-36341,-35972,-35603,-35234,-34865,-34496,-34127,-33758,-33389,-33020,-32651,-32282,-31913,-31544,-31175,-30806,-30437,-30068,-29699,-29330,-28961,-28592,-28223,-27854,-27485,-27116,-26747,-26378,-26009,-25640,-25271,-24902,-24533,-24164,-23795,-23426,-23057,-22688,-22319,-21950,-21581,-21212,-20843,-20474,-20105,-19736,-19367,-18998,-18629,-18260,-17891,-17522,-17153,-16784,-16415,-16046,-15677,-15308,-14939,-14570,-14201,-13832,-13463,-13094,-12725,-12356,-11987,-11618,-11249,-10880,-10511,-10142,-9773,-9404,-9035,-8666,-8297,-7928,-7559,-7190,-6821,-6452,-6083,-5714,-5345,-4976,-4607,-4238,-3869,-3500,-3131,-2762,-2393,-2024,-1655,-1286,-917,-548,-179
191,560,929,1298,1667,2036,2405,2774,3143,3512,3881,4250,4619,4988,5357,5726,6095,6464,6833,7202,7571,7940,8309,8678,9047,9416,9785,10154,10523,10892,11261,11630,11999,12368,12737,13106,13475,13844,14213,14582,14951,15320,15689,16058,16427,16796,17165,17534,17903,18272,18641,19010,19379,19748,20117,20486,20855,21224,21593,21962,22331,22700,23069,23438,23807,24176,24545,24914,25283,25652,26021,26390,26759,27128,27497,27866,28235,28604,28973,29342,29711,30080,30449,30818,31187,31556,31925,32294,32663,33032,33401,33770,34139,34508,34877,35246,35615,35984,36353,36722,37091,37460,37829,38198,38567,38936,39305,39674,40043,40412,40781,41150,41519,41888,42257,42626,42995,43364,43733,44102,44471,44840,45209,45578,45947,46316,46685,47054,47423,47792,48161,48530,48899,49268,49637,50006,50375,50744,51113,51482,51851,52220,52589,52958,53327,53696,54065,54434,54803,55172,55541,55910,56279,56648,57017,57386,57755,58124,58493,58862,59231,59600,59969,60338,60707,61076,61445,61814,62183,62552,62921,63290,63659,64028,64397,64766,65135,65504,65682,65873,66242,66611,66980,67349,67718,-68074,-67705,-67336,-66967,-66598,-66229,-65860,-65491,-65122,-64753,-64384,-64015,-63646,-63277,-62908,-62539,-62170,-61801,-61432,-61063,-60694,-60325,-59956,-59587,-59218,-58849,-58480,-58111,-57742,-57373,-57004,-56635,-56266,-55897,-55528,-55159,-54790,-54421,-54052,-53683,-53314,-52945,-52576,-52207,-51838,-51469,-51100,-50731,-50362,-49993,-49624,-49255,-48886,-48517,-48148,-47779,-47410,-47041,-46672,-46303,-45934,-45565,-45196,-44827,-44458,-44089,-43720,-43351,-42982,-42613,-42244,-41875,-41506,-41137,-40768,-40399,-40030,-39661,-39292,-38923,-38554,-38185,-37816,-37447,-37078,-36709,-36340,-35971,-35602,-35233,-34864,-34495,-34126,-33757,-33388,-33019,-32650,-32281,-31912,-31543,-31174,-30805,-30436,-30067,-29698,-29329,-28960,-28591,-28222,-27853,-27484,-27115,-26746,-26377,-26008,-25639,-25270,-24901,-24532,-24163,-23794,-23425,-23056,-22687,-22318,-21949,-21580,-21211,-20842,-20473,-20104,-19735,-19366,-18997,-18628,-18259,-17890,-17521,-17152,-16783,-16414,-16045,-15676,-15307,-14938,-14569,-14200,-13831,-13462,-13093,-12724,-12355,-11986,-11617,-11248,-10879,-10510,-10141,-9772,-9403,-9034,-8665,-8296,-7927,-7558,-7189,-6820,-6451,-6082,-5713,-5344,-4975,-4606,-4237,-3868,-3499,-3130,-2761,-2392,-2023,-1654,-1285,-916,-547,-178
192,561,930,1299,1668,2037,2406,2775,3144,3513,3882,4251,4620,4989,5358,5727,6096,6465,6834,7203,7572,7941,8310,8679,9048,9417,9786,10155,10524,10893,11262,11631,12000,12369,12738,13107,13476,13845,14214,14583,14952,15321,15690,16059,16428,16797,17166,17535,17904,18273,18642,19011,19380,19749,20118,20487,20856,21225,21594,21963,22332,22701,23070,23439,23808,24177,24546,24915,25284,25653,26022,26391,26760,27129,27498,27867,28236,28605,28974,29343,29712,30081,30450,30819,31188,31557,31926,32295,32664,33033,33402,33771,34140,34509,34878,35247,35616,35985,36354,36723,37092,37461,37830,38199,38568,38937,39306,39675,40044,40413,40782,41151,41520,41889,42258,42627,42996,43365,43734,44103,44472,44841,45210,45579,45948,46317,46686,47055,47424,47793,48162,48531,48900,49269,49638,50007,50376,50745,51114,51483,51852,52221,52590,52959,53328,53697,54066,54435,54804,55173,55542,55911,56280,56649,57018,57387,57756,58125,58494,58863,59232,59601,59970,60339,60708,61077,61446,61815,62184,62553,62922,63291,63660,64029,64398,64767,65136,65313,65505,65874,66243,66612,66981,67350,67719,-68073,-67704,-67335,-66966,-66597,-66228,-65859,-65490,-65121,-64752,-64383,-64014,-63645,-63276,-62907,-62538,-62169,-61800,-61431,-61062,-60693,-60324,-59955,-59586,-59217,-58848,-58479,-58110,-57741,-57372,-57003,-56634,-56265,-55896,-55527,-55158,-54789,-54420,-54051,-53682,-53313,-52944,-52575,-52206,-51837,-51468,-51099,-50730,-50361,-49992,-49623,-49254,-48885,-48516,-48147,-47778,-47409,-47040,-46671,-46302,-45933,-45564,-45195,-44826,-44457,-44088,-43719,-43350,-42981,-42612,-42243,-41874,-41505,-41136,-40767,-40398,-40029,-39660,-39291,-38922,-38553,-38184,-37815,-37446,-37077,-36708,-36339,-35970,-35601,-35232,-34863,-34494,-34125,-33756,-33387,-33018,-32649,-32280,-31911,-31542,-31173,-30804,-30435,-30066,-29697,-29328,-28959,-28590,-28221,-27852,-27483,-27114,-26745,-26376,-26007,-25638,-25269,-24900,-24531,-24162,-23793,-23424,-23055,-22686,-22317,-21948,-21579,-21210,-20841,-20472,-20103,-19734,-19365,-18996,-18627,-18258,-17889,-17520,-17151,-16782,-16413,-16044,-15675,-15306,-14937,-14568,-14199,-13830,-13461,-13092,-12723,-12354,-11985,-11616,-11247,-10878,-10509,-10140,-9771,-9402,-9033,-8664,-8295,-7926,-7557,-7188,-6819,-6450,-6081,-5712,-5343,-4974,-4605,-4236,-3867,-3498,-3129,-2760,-2391,-2022,-1653,-1284,-915,-546,-177
193,562,931,1300,1669,2038,2407,2776,3145,3514,3883,4252,4621,4990,5359,5728,6097,6466,6835,7204,7573,7942,8311,8680,9049,9418,9787,10156,10525,10894,11263,11632,12001,12370,12739,13108,13477,13846,14215,14584,14953,15322,15691,16060,16429,16798,17167,17536,17905,18274,18643,19012,19381,19750,20119,20488,20857,21226,21595,21964,22333,22702,23071,23440,23809,24178,24547,24916,25285,25654,26023,26392,26761,27130,27499,27868,28237,28606,28975,29344,29713,30082,30451,30820,31189,31558,31927,32296,32665,33034,33403,33772,34141,34510,34879,35248,35617,35986,36355,36724,37093,37462,37831,38200,38569,38938,39307,39676,40045,40414,40783,41152,41521,41890,42259,42628,42997,43366,43735,44104,44473,44842,45211,45580,45949,46318,46687,47056,47425,47794,48163,48532,48901,49270,49639,50008,50377,50746,51115,51484,51853,52222,52591,52960,53329,53698,54067,54436,54805,55174,55543,55912,56281,56650,57019,57388,57757,58126,58495,58864,59233,59602,59971,60340,60709,61078,61447,61816,62185,62554,62923,63292,63661,64030,64399,64768,64944,65137,65506,65875,66244,66613,66982,67351,67720,-68072,-67703,-67334,-66965,-66596,-66227,-65858,-65489,-65120,-64751,-64382,-64013,-63644,-63275,-62906,-62537,-62168,-61799,-61430,-61061,-60692,-60323,-59954,-59585,-59216,-58847,-58478,-58109,-57740,-57371,-57002,-56633,-56264,-55895,-55526,-55157,-54788,-54419,-54050,-53681,-53312,-52943,-52574,-52205,-51836,-51467,-51098,-50729,-50360,-49991,-49622,-49253,-48884,-48515,-48146,-47777,-47408,-47039,-46670,-46301,-45932,-45563,-45194,-44825,-44456,-44087,-43718,-43349,-42980,-42611,-42242,-41873,-41504,-41135,-40766,-40397,-40028,-39659,-39290,-38921,-38552,-38183,-37814,-37445,-37076,-36707,-36338,-35969,-35600,-35231,-34862,-34493,-34124,-33755,-33386,-33017,-32648,-32279,-31910,-31541,-31172,-30803,-30434,-30065,-29696,-29327,-28958,-28589,-28220,-27851,-27482,-27113,-26744,-26375,-26006,-25637,-25268,-24899,-24530,-24161,-23792,-23423,-23054,-22685,-22316,-21947,-21578,-21209,-20840,-20471,-20102,-19733,-19364,-18995,-18626,-18257,-17888,-17519,-17150,-16781,-16412,-16043,-15674,-15305,-14936,-14567,-14198,-13829,-13460,-13091,-12722,-12353,-11984,-11615,-11246,-10877,-10508,-10139,-9770,-9401,-9032,-8663,-8294,-7925,-7556,-7187,-6818,-6449,-6080,-5711,-5342,-4973,-4604,-4235,-3866,-3497,-3128,-2759,-2390,-2021,-1652,-1283,-914,-545,-176
194,563,932,1301,1670,2039,2408,2777,3146,3515,3884,4253,4622,4991,5360,5729,6098,6467,6836,7205,7574,7943,8312,8681,9050,9419,9788,10157,10526,10895,11264,11633,12002,12371,12740,13109,13478,13847,14216,14585,14954,15323,15692,16061,16430,16799,17168,17537,17906,18275,18644,19013,19382,19751,20120,20489,20858,21227,21596,21965,22334,22703,23072,23441,23810,24179,24548,24917,25286,25655,26024,26393,26762,27131,27500,27869,28238,28607,28976,29345,29714,30083,30452,30821,31190,31559,31928,32297,32666,33035,33404,33773,34142,34511,34880,35249,35618,35987,36356,36725,37094,37463,37832,38201,38570,38939,39308,39677,40046,40415,40784,41153,41522,41891,42260,42629,42998,43367,43736,44105,44474,44843,45212,45581,45950,46319,46688,47057,47426,47795,48164,48533,48902,49271,49640,50009,50378,50747,51116,51485,51854,52223,52592,52961,53330,53699,54068,54437,54806,55175,55544,55913,56282,56651,57020,57389,57758,58127,58496,58865,59234,59603,59972,60341,60710,61079,61448,61817,62186,62555,62924,63293,63662,64031,64400,64575,64769,65138,65507,65876,66245,66614,66983,67352,67721,-68071,-67702,-67333,-66964,-66595,-66226,-65857,-65488,-65119,-64750,-64381,-64012,-63643,-63274,-62905,-62536,-62167,-61798,-61429,-61060,-60691,-60322,-59953,-59584,-59215,-58846,-58477,-58108,-57739,-57370,-57001,-56632,-56263,-55894,-55525,-55156,-54787,-54418,-54049,-53680,-53311,-52942,-52573,-52204,-51835,-51466,-51097,-50728,-50359,-49990,-49621,-49252,-48883,-48514,-48145,-47776,-47407,-47038,-46669,-46300,-45931,-45562,-45193,-44824,-44455,-44086,-43717,-43348,-42979,-42610,-42241,-41872,-41503,-41134,-40765,-40396,-40027,-39658,-39289,-38920,-38551,-38182,-37813,-37444,-37075,-36706,-36337,-35968,-35599,-35230,-34861,-34492,-34123,-33754,-33385,-33016,-32647,-32278,-31909,-31540,-31171,-30802,-30433,-30064,-29695,-29326,-28957,-28588,-28219,-27850,-27481,-27112,-26743,-26374,-26005,-25636,-25267,-24898,-24529,-24160,-23791,-23422,-23053,-22684,-22315,-21946,-21577,-21208,-20839,-20470,-20101,-19732,-19363,-18994,-18625,-18256,-17887,-17518,-17149,-16780,-16411,-16042,-15673,-15304,-14935,-14566,-14197,-13828,-13459,-13090,-12721,-12352,-11983,-11614,-11245,-10876,-10507,-10138,-9769,-9400,-9031,-8662,-8293,-7924,-7555,-7186,-6817,-6448,-6079,-5710,-5341,-4972,-4603,-4234,-3865,-3496,-3127,-2758,-2389,-2020,-1651,-1282,-913,-544,-175
195,564,933,1302,1671,2040,2409,2778,3147,3516,3885,4254,4623,4992,5361,5730,6099,6468,6837,7206,7575,7944,8313,8682,9051,9420,9789,10158,10527,10896,11265,11634,12003,12372,12741,13110,13479,13848,14217,14586,14955,15324,15693,16062,16431,16800,17169,17538,17907,18276,18645,19014,19383,19752,20121,20490,20859,21228,21597,21966,22335,22704,23073,23442,23811,24180,24549,24918,25287,25656,26025,26394,26763,27132,27501,27870,28239,28608,28977,29346,29715,30084,30453,30822,31191,31560,31929,32298,32667,33036,33405,33774,34143,34512,34881,35250,35619,35988,36357,36726,37095,37464,37833,38202,38571,38940,39309,39678,40047,40416,40785,41154,41523,41892,42261,42630,42999,43368,43737,44106,44475,44844,45213,45582,45951,46320,46689,47058,47427,47796,48165,48534,48903,49272,49641,50010,50379,50748,51117,51486,51855,52224,52593,52962,53331,53700,54069,54438,54807,55176,55545,55914,56283,56652,57021,57390,57759,58128,58497,58866,59235,59604,59973,60342,60711,61080,61449,61818,62187,62556,62925,63294,63663,64032,64206,64401,64770,65139,65508,65877,66246,66615,66984,67353,67722,-68070,-67701,-67332,-66963,-66594,-66225,-65856,-65487,-65118,-64749,-64380,-64011,-63642,-63273,-62904,-62535,-62166,-61797,-61428,-61059,-60690,-60321,-59952,-59583,-59214,-58845,-58476,-58107,-57738,-57369,-57000,-56631,-56262,-55893,-55524,-55155,-54786,-54417,-54048,-53679,-53310,-52941,-52572,-52203,-51834,-51465,-51096,-50727,-50358,-49989,-49620,-49251,-48882,-48513,-48144,-47775,-47406,-47037,-46668,-46299,-45930,-45561,-45192,-44823,-44454,-44085,-43716,-43347,-42978,-42609,-42240,-41871,-41502,-41133,-40764,-40395,-40026,-39657,-39288,-38919,-38550,-38181,-37812,-37443,-37074,-36705,-36336,-35967,-35598,-35229,-34860,-34491,-34122,-33753,-33384,-33015,-32646,-32277,-31908,-31539,-31170,-30801,-30432,-30063,-29694,-29325,-28956,-28587,-28218,-27849,-27480,-27111,-26742,-26373,-26004,-25635,-25266,-24897,-24528,-24159,-23790,-23421,-23052,-22683,-22314,-21945,-21576,-21207,-20838,-20469,-20100,-19731,-19362,-18993,-18624,-18255,-17886,-17517,-17148,-16779,-16410,-16041,-15672,-15303,-14934,-14565,-14196,-13827,-13458,-13089,-12720,-12351,-11982,-11613,-11244,-10875,-10506,-10137,-9768,-9399,-9030,-8661,-8292,-7923,-7554,-7185,-6816,-6447,-6078,-5709,-5340,-4971,-4602,-4233,-3864,-3495,-3126,-2757,-2388,-2019,-1650,-1281,-912,-543,-174
196,565,934,1303,1672,2041,2410,2779,3148,3517,3886,4255,4624,4993,5362,5731,6100,6469,6838,7207,7576,7945,8314,8683,9052,9421,9790,10159,10528,10897,11266,11635,12004,12373,12742,13111,13480,13849,14218,14587,14956,15325,15694,16063,16432,16801,17170,17539,17908,18277,18646,19015,19384,19753,20122,20491,20860,21229,21598,21967,22336,22705,23074,23443,23812,24181,24550,24919,25288,25657,26026,26395,26764,27133,27502,27871,28240,28609,28978,29347,29716,30085,30454,30823,31192,31561,31930,32299,32668,33037,33406,33775,34144,34513,34882,35251,35620,35989,36358,36727,37096,37465,37834,38203,38572,38941,39310,39679,40048,40417,40786,41155,41524,41893,42262,42631,43000,43369,43738,44107,44476,44845,45214,45583,45952,46321,46690,47059,47428,47797,48166,48535,48904,49273,49642,50011,50380,50749,51118,51487,51856,52225,52594,52963,53332,53701,54070,54439,54808,55177,55546,55915,56284,56653,57022,57391,57760,58129,58498,58867,59236,59605,59974,60343,60712,61081,61450,61819,62188,62557,62926,63295,63664,63837,64033,64402,64771,65140,65509,65878,66247,66616,66985,67354,67723,-68069,-67700,-67331,-66962,-66593,-66224,-65855,-65486,-65117,-64748,-64379,-64010,-63641,-63272,-62903,-62534,-62165,-61796,-61427,-61058,-60689,-60320,-59951,-59582,-59213,-58844,-58475,-58106,-57737,-57368,-56999,-56630,-56261,-55892,-55523,-55154,-54785,-54416,-54047,-53678,-53309,-52940,-52571,-52202,-51833,-51464,-51095,-50726,-50357,-49988,-49619,-49250,-48881,-48512,-48143,-47774,-47405,-47036,-46667,-46298,-45929,-45560,-45191,-44822,-44453,-44084,-43715,-43346,-42977,-42608,-42239,-41870,-41501,-41132,-40763,-40394,-40025,-39656,-39287,-38918,-38549,-38180,-37811,-37442,-37073,-36704,-36335,-35966,-35597,-35228,-34859,-34490,-34121,-33752,-33383,-33014,-32645,-32276,-31907,-31538,-31169,-30800,-30431,-30062,-29693,-29324,-28955,-28586,-28217,-27848,-27479,-27110,-26741,-26372,-26003,-25634,-25265,-24896,-24527,-24158,-23789,-23420,-23051,-22682,-22313,-21944,-21575,-21206,-20837,-20468,-20099,-19730,-19361,-18992,-18623,-18254,-17885,-17516,-17147,-16778,-16409,-16040,-15671,-15302,-14933,-14564,-14195,-13826,-13457,-13088,-12719,-12350,-11981,-11612,-11243,-10874,-10505,-10136,-9767,-9398,-9029,-8660,-8291,-7922,-7553,-7184,-6815,-6446,-6077,-5708,-5339,-4970,-4601,-4232,-3863,-3494,-3125,-2756,-2387,-2018,-1649,-1280,-911,-542,-173
197,566,935,1304,1673,2042,2411,2780,3149,3518,3887,4256,4625,4994,5363,5732,6101,6470,6839,7208,7577,7946,8315,8684,9053,9422,9791,10160,10529,10898,11267,11636,12005,12374,12743,13112,13481,13850,14219,14588,14957,15326,15695,16064,16433,16802,17171,17540,17909,18278,18647,19016,19385,19754,20123,20492,20861,21230,21599,21968,22337,22706,23075,23444,23813,24182,24551,24920,25289,25658,26027,26396,26765,27134,27503,27872,28241,28610,28979,29348,29717,30086,30455,30824,31193,31562,31931,32300,32669,33038,33407,33776,34145,34514,34883,35252,35621,35990,36359,36728,37097,37466,37835,38204,38573,38942,39311,39680,40049,40418,40787,41156,41525,41894,42263,42632,43001,43370,43739,44108,44477,44846,45215,45584,45953,46322,46691,47060,47429,47798,48167,48536,48905,49274,49643,50012,50381,50750,51119,51488,51857,52226,52595,52964,53333,53702,54071,54440,54809,55178,55547,55916,56285,56654,57023,57392,57761,58130,58499,58868,59237,59606,59975,60344,60713,61082,61451,61820,62189,62558,62927,63296,63468,63665,64034,64403,64772,65141,65510,65879,66248,66617,66986,67355,67724,-68068,-67699,-67330,-66961,-66592,-66223,-65854,-65485,-65116,-64747,-64378,-64009,-63640,-63271,-62902,-62533,-62164,-61795,-61426,-61057,-60688,-60319,-59950,-59581,-59212,-58843,-58474,-58105,-57736,-57367,-56998,-56629,-56260,-55891,-55522,-55153,-54784,-54415,-54046,-53677,-53308,-52939,-52570,-52201,-51832,-51463,-51094,-50725,-50356,-49987,-49618,-49249,-48880,-48511,-48142,-47773,-47404,-47035,-46666,-46297,-45928,-45559,-45190,-44821,-44452,-44083,-43714,-43345,-42976,-42607,-42238,-41869,-41500,-41131,-40762,-40393,-40024,-39655,-39286,-38917,-38548,-38179,-37810,-37441,-37072,-36703,-36334,-35965,-35596,-35227,-34858,-34489,-34120,-33751,-33382,-33013,-32644,-32275,-31906,-31537,-31168,-30799,-30430,-30061,-29692,-29323,-28954,-28585,-28216,-27847,-27478,-27109,-26740,-26371,-26002,-25633,-25264,-24895,-24526,-24157,-23788,-23419,-23050,-22681,-22312,-21943,-21574,-21205,-20836,-20467,-20098,-19729,-19360,-18991,-18622,-18253,-17884,-17515,-17146,-16777,-16408,-16039,-15670,-15301,-14932,-14563,-14194,-13825,-13456,-13087,-12718,-12349,-11980,-11611,-11242,-10873,-10504,-10135,-9766,-9397,-9028,-8659,-8290,-7921,-7552,-7183,-6814,-6445,-6076,-5707,-5338,-4969,-4600,-4231,-3862,-3493,-3124,-2755,-2386,-2017,-1648,-1279,-910,-541,-172
198,567,936,1305,1674,2043,2412,2781,3150,3519,3888,4257,4626,4995,5364,5733,6102,6471,6840,7209,7578,7947,8316,8685,9054,9423,9792,10161,10530,10899,11268,11637,12006,12375,12744,13113,13482,13851,14220,14589,14958,15327,15696,16065,16434,16803,17172,17541,17910,18279,18648,19017,19386,19755,20124,20493,20862,21231,21600,21969,22338,22707,23076,23445,23814,24183,24552,24921,25290,25659,26028,26397,26766,27135,27504,27873,28242,28611,28980,29349,29718,30087,30456,30825,31194,31563,31932,32301,32670,33039,33408,33777,34146,34515,34884,35253,35622,35991,36360,36729,37098,37467,37836,38205,38574,38943,39312,39681,40050,40419,40788,41157,41526,41895,42264,42633,43002,43371,43740,44109,44478,44847,45216,45585,45954,46323,46692,47061,47430,47799,48168,48537,48906,49275,49644,50013,50382,50751,51120,51489,51858,52227,52596,52965,53334,53703,54072,54441,54810,55179,55548,55917,56286,56655,57024,57393,57762,58131,58500,58869,59238,59607,59976,60345,60714,61083,61452,61821,62190,62559,62928,63099,63297,63666,64035,64404,64773,65142,65511,65880,66249,66618,66987,67356,67725,-68067,-67698,-67329,-66960,-66591,-66222,-65853,-65484,-65115,-64746,-64377,-64008,-63639,-63270,-62901,-62532,-62163,-61794,-61425,-61056,-60687,-60318,-59949,-59580,-59211,-58842,-58473,-58104,-57735,-57366,-56997,-56628,-56259,-55890,-55521,-55152,-54783,-54414,-54045,-53676,-53307,-52938,-52569,-52200,-51831,-51462,-51093,-50724,-50355,-49986,-49617,-49248,-48879,-48510,-48141,-47772,-47403,-47034,-46665,-46296,-45927,-45558,-45189,-44820,-44451,-44082,-43713,-43344,-42975,-42606,-42237,-41868,-41499,-41130,-40761,-40392,-40023,-39654,-39285,-38916,-38547,-38178,-37809,-37440,-37071,-36702,-36333,-35964,-35595,-35226,-34857,-34488,-34119,-33750,-33381,-33012,-32643,-32274,-31905,-31536,-31167,-30798,-30429,-30060,-29691,-29322,-28953,-28584,-28215,-27846,-27477,-27108,-26739,-26370,-26001,-25632,-25263,-24894,-24525,-24156,-23787,-23418,-23049,-22680,-22311,-21942,-21573,-21204,-20835,-20466,-20097,-19728,-19359,-18990,-18621,-18252,-17883,-17514,-17145,-16776,-16407,-16038,-15669,-15300,-14931,-14562,-14193,-13824,-13455,-13086,-12717,-12348,-11979,-11610,-11241,-10872,-10503,-10134,-9765,-9396,-9027,-8658,-8289,-7920,-7551,-7182,-6813,-6444,-6075,-5706,-5337,-4968,-4599,-4230,-3861,-3492,-3123,-2754,-2385,-2016,-1647,-1278,-909,-540,-171
199,568,937,1306,1675,2044,2413,2782,3151,3520,3889,4258,4627,4996,5365,5734,6103,6472,6841,7210,7579,7948,8317,8686,9055,9424,9793,10162,10531,10900,11269,11638,12007,12376,12745,13114,13483,13852,14221,14590,14959,15328,15697,16066,16435,16804,17173,17542,17911,18280,18649,19018,19387,19756,20125,20494,20863,21232,21601,21970,22339,22708,23077,23446,23815,24184,24553,24922,25291,25660,26029,26398,26767,27136,27505,27874,28243,28612,28981,29350,29719,30088,30457,30826,31195,31564,31933,32302,32671,33040,33409,33778,34147,34516,34885,35254,35623,35992,36361,36730,37099,37468,37837,38206,38575,38944,39313,39682,40051,40420,40789,41158,41527,41896,42265,42634,43003,43372,43741,44110,44479,44848,45217,45586,45955,46324,46693,47062,47431,47800,48169,48538,48907,49276,49645,50014,50383,50752,51121,51490,51859,52228,52597,52966,53335,53704,54073,54442,54811,55180,55549,55918,56287,56656,57025,57394,57763,58132,58501,58870,59239,59608,59977,60346,60715,61084,61453,61822,62191,62560,62730,62929,63298,63667,64036,64405,64774,65143,65512,65881,66250,66619,66988,67357,67726,-68066,-67697,-67328,-66959,-66590,-66221,-65852,-65483,-65114,-64745,-64376,-64007,-63638,-63269,-62900,-62531,-62162,-61793,-61424,-61055,-60686,-60317,-59948,-59579,-59210,-58841,-58472,-58103,-57734,-57365,-56996,-56627,-56258,-55889,-55520,-55151,-54782,-54413,-54044,-53675,-53306,-52937,-52568,-52199,-51830,-51461,-51092,-50723,-50354,-49985,-49616,-49247,-48878,-48509,-48140,-47771,-47402,-47033,-46664,-46295,-45926,-45557,-45188,-44819,-44450,-44081,-43712,-43343,-42974,-42605,-42236,-41867,-41498,-41129,-40760,-40391,-40022,-39653,-39284,-38915,-38546,-38177,-37808,-37439,-37070,-36701,-36332,-35963,-35594,-35225,-34856,-34487,-34118,-33749,-33380,-33011,-32642,-32273,-31904,-31535,-31166,-30797,-30428,-30059,-29690,-29321,-28952,-28583,-28214,-27845,-27476,-27107,-26738,-26369,-26000,-25631,-25262,-24893,-24524,-24155,-23786,-23417,-23048,-22679,-22310,-21941,-21572,-21203,-20834,-20465,-20096,-19727,-19358,-18989,-18620,-18251,-17882,-17513,-17144,-16775,-16406,-16037,-15668,-15299,-14930,-14561,-14192,-13823,-13454,-13085,-12716,-12347,-11978,-11609,-11240,-10871,-10502,-10133,-9764,-9395,-9026,-8657,-8288,-7919,-7550,-7181,-6812,-6443,-6074,-5705,-5336,-4967,-4598,-4229,-3860,-3491,-3122,-2753,-2384,-2015,-1646,-1277,-908,-539,-170
200,569,938,1307,1676,2045,2414,2783,3152,3521,3890,4259,4628,4997,5366,5735,6104,6473,6842,7211,7580,7949,8318,8687,9056,9425,9794,10163,10532,10901,11270,11639,12008,12377,12746,13115,13484,13853,14222,14591,14960,15329,15698,16067,16436,16805,17174,17543,17912,18281,18650,19019,19388,19757,20126,20495,20864,21233,21602,21971,22340,22709,23078,23447,23816,24185,24554,24923,25292,25661,26030,26399,26768,27137,27506,27875,28244,28613,28982,29351,29720,30089,30458,30827,31196,31565,31934,32303,32672,33041,33410,33779,34148,34517,34886,35255,35624,35993,36362,36731,37100,37469,37838,38207,38576,38945,39314,39683,40052,40421,40790,41159,41528,41897,42266,42635,43004,43373,43742,44111,44480,44849,45218,45587,45956,46325,46694,47063,47432,47801,48170,48539,48908,49277,49646,50015,50384,50753,51122,51491,51860,52229,52598,52967,53336,53705,54074,54443,54812,55181,55550,55919,56288,56657,57026,57395,57764,58133,58502,58871,59240,59609,59978,60347,60716,61085,61454,61823,62192,62361,62561,62930,63299,63668,64037,64406,64775,65144,65513,65882,66251,66620,66989,67358,67727,-68065,-67696,-67327,-66958,-66589,-66220,-65851,-65482,-65113,-64744,-64375,-64006,-63637,-63268,-62899,-62530,-62161,-61792,-61423,-61054,-60685,-60316,-59947,-59578,-59209,-58840,-58471,-58102,-57733,-57364,-56995,-56626,-56257,-55888,-55519,-55150,-54781,-54412,-54043,-53674,-53305,-52936,-52567,-52198,-51829,-51460,-51091,-50722,-50353,-49984,-49615,-49246,-48877,-48508,-48139,-47770,-47401,-47032,-46663,-46294,-45925,-45556,-45187,-44818,-44449,-44080,-43711,-43342,-42973,-42604,-42235,-41866,-41497,-41128,-40759,-40390,-40021,-39652,-39283,-38914,-38545,-38176,-37807,-37438,-37069,-36700,-36331,-35962,-35593,-35224,-34855,-34486,-34117,-33748,-33379,-33010,-32641,-32272,-31903,-31534,-31165,-30796,-30427,-30058,-29689,-29320,-28951,-28582,-28213,-27844,-27475,-27106,-26737,-26368,-25999,-25630,-25261,-24892,-24523,-24154,-23785,-23416,-23047,-22678,-22309,-21940,-21571,-21202,-20833,-20464,-20095,-19726,-19357,-18988,-18619,-18250,-17881,-17512,-17143,-16774,-16405,-16036,-15667,-15298,-14929,-14560,-14191,-13822,-13453,-13084,-12715,-12346,-11977,-11608,-11239,-10870,-10501,-10132,-9763,-9394,-9025,-8656,-8287,-7918,-7549,-7180,-6811,-6442,-6073,-5704,-5335,-4966,-4597,-4228,-3859,-3490,-3121,-2752,-2383,-2014,-1645,-1276,-907,-538,-169
201,570,939,1308,1677,2046,2415,2784,3153,3522,3891,4260,4629,4998,5367,5736,6105,6474,6843,7212,7581,7950,8319,8688,9057,9426,9795,10164,10533,10902,11271,11640,12009,12378,12747,13116,13485,13854,14223,14592,14961,15330,15699,16068,16437,16806,17175,17544,17913,18282,18651,19020,19389,19758,20127,20496,20865,21234,21603,21972,22341,22710,23079,23448,23817,24186,24555,24924,25293,25662,26031,26400,26769,27138,27507,27876,28245,28614,28983,29352,29721,30090,30459,30828,31197,31566,31935,32304,32673,33042,33411,33780,34149,34518,34887,35256,35625,35994,36363,36732,37101,37470,37839,38208,38577,38946,39315,39684,40053,40422,40791,41160,41529,41898,42267,42636,43005,43374,43743,44112,44481,44850,45219,45588,45957,46326,46695,47064,47433,47802,48171,48540,48909,49278,49647,50016,50385,50754,51123,51492,51861,52230,52599,52968,53337,53706,54075,54444,54813,55182,55551,55920,56289,56658,57027,57396,57765,58134,58503,58872,59241,59610,59979,60348,60717,61086,61455,61824,61992,62193,62562,62931,63300,63669,64038,64407,64776,65145,65514,65883,66252,66621,66990,67359,67728,-68064,-67695,-67326,-66957,-66588,-66219,-65850,-65481,-65112,-64743,-64374,-64005,-63636,-63267,-62898,-62529,-62160,-61791,-61422,-61053,-60684,-60315,-59946,-59577,-59208,-58839,-58470,-58101,-57732,-57363,-56994,-56625,-56256,-55887,-55518,-55149,-54780,-54411,-54042,-53673,-53304,-52935,-52566,-52197,-51828,-51459,-51090,-50721,-50352,-49983,-49614,-49245,-48876,-48507,-48138,-47769,-47400,-47031,-46662,-46293,-45924,-45555,-45186,-44817,-44448,-44079,-43710,-43341,-42972,-42603,-42234,-41865,-41496,-41127,-40758,-40389,-40020,-39651,-39282,-38913,-38544,-38175,-37806,-37437,-37068,-36699,-36330,-35961,-35592,-35223,-34854,-34485,-34116,-33747,-33378,-33009,-32640,-32271,-31902,-31533,-31164,-30795,-30426,-30057,-29688,-29319,-28950,-28581,-28212,-27843,-27474,-27105,-26736,-26367,-25998,-25629,-25260,-24891,-24522,-24153,-23784,-23415,-23046,-22677,-22308,-21939,-21570,-21201,-20832,-20463,-20094,-19725,-19356,-18987,-18618,-18249,-17880,-17511,-17142,-16773,-16404,-16035,-15666,-15297,-14928,-14559,-14190,-13821,-13452,-13083,-12714,-12345,-11976,-11607,-11238,-10869,-10500,-10131,-9762,-9393,-9024,-8655,-8286,-7917,-7548,-7179,-6810,-6441,-6072,-5703,-5334,-4965,-4596,-4227,-3858,-3489,-3120,-2751,-2382,-2013,-1644,-1275,-906,-537,-168
202,571,940,1309,1678,2047,2416,2785,3154,3523,3892,4261,4630,4999,5368,5737,6106,6475,6844,7213,7582,7951,8320,8689,9058,9427,9796,10165,10534,10903,11272,11641,12010,12379,12748,13117,13486,13855,14224,14593,14962,15331,15700,16069,16438,16807,17176,17545,17914,18283,18652,19021,19390,19759,20128,20497,20866,21235,21604,21973,22342,22711,23080,23449,23818,24187,24556,24925,25294,25663,26032,26401,26770,27139,27508,27877,28246,28615,28984,29353,29722,30091,30460,30829,31198,31567,31936,32305,32674,33043,33412,33781,34150,34519,34888,35257,35626,35995,36364,36733,37102,37471,37840,38209,38578,38947,39316,39685,40054,40423,40792,41161,41530,41899,42268,42637,43006,43375,43744,44113,44482,44851,45220,45589,45958,46327,46696,47065,47434,47803,48172,48541,48910,49279,49648,50017,50386,50755,51124,51493,51862,52231,52600,52969,53338,53707,54076,54445,54814,55183,55552,55921,56290,56659,57028,57397,57766,58135,58504,58873,59242,59611,59980,60349,60718,61087,61456,61623,61825,62194,62563,62932,63301,63670,64039,64408,64777,65146,65515,65884,66253,66622,66991,67360,67729,-68063,-67694,-67325,-66956,-66587,-66218,-65849,-65480,-65111,-64742,-64373,-64004,-63635,-63266,-62897,-62528,-62159,-61790,-61421,-61052,-60683,-60314,-59945,-59576,-59207,-58838,-58469,-58100,-57731,-57362,-56993,-56624,-56255,-55886,-55517,-55148,-54779,-54410,-54041,-53672,-53303,-52934,-52565,-52196,-51827,-51458,-51089,-50720,-50351,-49982,-49613,-49244,-48875,-48506,-48137,-47768,-47399,-47030,-46661,-46292,-45923,-45554,-45185,-44816,-44447,-44078,-43709,-43340,-42971,-42602,-42233,-41864,-41495,-41126,-40757,-40388,-40019,-39650,-39281,-38912,-38543,-38174,-37805,-37436,-37067,-36698,-36329,-35960,-35591,-35222,-34853,-34484,-34115,-33746,-33377,-33008,-32639,-32270,-31901,-31532,-31163,-30794,-30425,-30056,-29687,-29318,-28949,-28580,-28211,-27842,-27473,-27104,-26735,-26366,-25997,-25628,-25259,-24890,-24521,-24152,-23783,-23414,-23045,-22676,-22307,-21938,-21569,-21200,-20831,-20462,-20093,-19724,-19355,-18986,-18617,-18248,-17879,-17510,-17141,-16772,-16403,-16034,-15665,-15296,-14927,-14558,-14189,-13820,-13451,-13082,-12713,-12344,-11975,-11606,-11237,-10868,-10499,-10130,-9761,-9392,-9023,-8654,-8285,-7916,-7547,-7178,-6809,-6440,-6071,-5702,-5333,-4964,-4595,-4226,-3857,-3488,-3119,-2750,-2381,-2012,-1643,-1274,-905,-536,-167
203,572,941,1310,1679,2048,2417,2786,3155,3524,3893,4262,4631,5000,5369,5738,6107,6476,6845,7214,7583,7952,8321,8690,9059,9428,9797,10166,10535,10904,11273,11642,12011,12380,12749,13118,13487,13856,14225,14594,14963,15332,15701,16070,16439,16808,17177,17546,17915,18284,18653,19022,19391,19760,20129,20498,20867,21236,21605,21974,22343,22712,23081,23450,23819,24188,24557,24926,25295,25664,26033,26402,26771,27140,27509,27878,28247,28616,28985,29354,29723,30092,30461,30830,31199,31568,31937,32306,32675,33044,33413,33782,34151,34520,34889,35258,35627,35996,36365,36734,37103,37472,37841,38210,38579,38948,39317,39686,40055,40424,40793,41162,41531,41900,42269,42638,43007,43376,43745,44114,44483,44852,45221,45590,45959,46328,46697,47066,47435,47804,48173,48542,48911,49280,49649,50018,50387,50756,51125,51494,51863,52232,52601,52970,53339,53708,54077,54446,54815,55184,55553,55922,56291,56660,57029,57398,57767,58136,58505,58874,59243,59612,59981,60350,60719,61088,61254,61457,61826,62195,62564,62933,63302,63671,64040,64409,64778,65147,65516,65885,66254,66623,66992,67361,67730,-68062,-67693,-67324,-66955,-66586,-66217,-65848,-65479,-65110,-64741,-64372,-64003,-63634,-63265,-62896,-62527,-62158,-61789,-61420,-61051,-60682,-60313,-59944,-59575,-59206,-58837,-58468,-58099,-57730,-57361,-56992,-56623,-56254,-55885,-55516,-55147,-54778,-54409,-54040,-53671,-53302,-52933,-52564,-52195,-51826,-51457,-51088,-50719,-50350,-49981,-49612,-49243,-48874,-48505,-48136,-47767,-47398,-47029,-46660,-46291,-45922,-45553,-45184,-44815,-44446,-44077,-43708,-43339,-42970,-42601,-42232,-41863,-41494,-41125,-40756,-40387,-40018,-39649,-39280,-38911,-38542,-38173,-37804,-37435,-37066,-36697,-36328,-35959,-35590,-35221,-34852,-34483,-34114,-33745,-33376,-33007,-32638,-32269,-31900,-31531,-31162,-30793,-30424,-30055,-29686,-29317,-28948,-28579,-28210,-27841,-27472,-27103,-26734,-26365,-25996,-25627,-25258,-24889,-24520,-24151,-23782,-23413,-23044,-22675,-22306,-21937,-21568,-21199,-20830,-20461,-20092,-19723,-19354,-18985,-18616,-18247,-17878,-17509,-17140,-16771,-16402,-16033,-15664,-15295,-14926,-14557,-14188,-13819,-13450,-13081,-12712,-12343,-11974,-11605,-11236,-10867,-10498,-10129,-9760,-9391,-9022,-8653,-8284,-7915,-7546,-7177,-6808,-6439,-6070,-5701,-5332,-4963,-4594,-4225,-3856,-3487,-3118,-2749,-2380,-2011,-1642,-1273,-904,-535,-166
204,573,942,1311,1680,2049,2418,2787,3156,3525,3894,4263,4632,5001,5370,5739,6108,6477,6846,7215,7584,7953,8322,8691,9060,9429,9798,10167,10536,10905,11274,11643,12012,12381,12750,13119,13488,13857,14226,14595,14964,15333,15702,16071,16440,16809,17178,17547,17916,18285,18654,19023,19392,19761,20130,20499,20868,21237,21606,21975,22344,22713,23082,23451,23820,24189,24558,24927,25296,25665,26034,26403,26772,27141,27510,27879,28248,28617,28986,29355,29724,30093,30462,30831,31200,31569,31938,32307,32676,33045,33414,33783,34152,34521,34890,35259,35628,35997,36366,36735,37104,37473,37842,38211,38580,38949,39318,39687,40056,40425,40794,41163,41532,41901,42270,42639,43008,43377,43746,44115,44484,44853,45222,45591,45960,46329,46698,47067,47436,47805,48174,48543,48912,49281,49650,50019,50388,50757,51126,51495,51864,52233,52602,52971,53340,53709,54078,54447,54816,55185,55554,55923,56292,56661,57030,57399,57768,58137,58506,58875,59244,59613,59982,60351,60720,60885,61089,61458,61827,62196,62565,62934,63303,63672,64041,64410,64779,65148,65517,65886,66255,66624,66993,67362,67731,-68061,-67692,-67323,-66954,-66585,-66216,-65847,-65478,-65109,-64740,-64371,-64002,-63633,-63264,-62895,-62526,-62157,-61788,-61419,-61050,-60681,-60312,-59943,-59574,-59205,-58836,-58467,-58098,-57729,-57360,-56991,-56622,-56253,-55884,-55515,-55146,-54777,-54408,-54039,-53670,-53301,-52932,-52563,-52194,-51825,-51456,-51087,-50718,-50349,-49980,-49611,-49242,-48873,-48504,-48135,-47766,-47397,-47028,-46659,-46290,-45921,-45552,-45183,-44814,-44445,-44076,-43707,-43338,-42969,-42600,-42231,-41862,-41493,-41124,-40755,-40386,-40017,-39648,-39279,-38910,-38541,-38172,-37803,-37434,-37065,-36696,-36327,-35958,-35589,-35220,-34851,-34482,-34113,-33744,-33375,-33006,-32637,-32268,-31899,-31530,-31161,-30792,-30423,-30054,-29685,-29316,-28947,-28578,-28209,-27840,-27471,-27102,-26733,-26364,-25995,-25626,-25257,-24888,-24519,-24150,-23781,-23412,-23043,-22674,-22305,-21936,-21567,-21198,-20829,-20460,-20091,-19722,-19353,-18984,-18615,-18246,-17877,-17508,-17139,-16770,-16401,-16032,-15663,-15294,-14925,-14556,-14187,-13818,-13449,-13080,-12711,-12342,-11973,-11604,-11235,-10866,-10497,-10128,-9759,-9390,-9021,-8652,-8283,-7914,-7545,-7176,-6807,-6438,-6069,-5700,-5331,-4962,-4593,-4224,-3855,-3486,-3117,-2748,-2379,-2010,-1641,-1272,-903,-534,-165
205,574,943,1312,1681,2050,2419,2788,3157,3526,3895,4264,4633,5002,5371,5740,6109,6478,6847,7216,7585,7954,8323,8692,9061,9430,9799,10168,10537,10906,11275,11644,12013,12382,12751,13120,13489,13858,14227,14596,14965,15334,15703,16072,16441,16810,17179,17548,17917,18286,18655,19024,19393,19762,20131,20500,20869,21238,21607,21976,22345,22714,23083,23452,23821,24190,24559,24928,25297,25666,26035,26404,26773,27142,27511,27880,28249,28618,28987,29356,29725,30094,30463,30832,31201,31570,31939,32308,32677,33046,33415,33784,34153,34522,34891,35260,35629,35998,36367,36736,37105,37474,37843,38212,38581,38950,39319,39688,40057,40426,40795,41164,41533,41902,42271,42640,43009,43378,43747,44116,44485,44854,45223,45592,45961,46330,46699,47068,47437,47806,48175,48544,48913,49282,49651,50020,50389,50758,51127,51496,51865,52234,52603,52972,53341,53710,54079,54448,54817,55186,55555,55924,56293,56662,57031,57400,57769,58138,58507,58876,59245,59614,59983,60352,60516,60721,61090,61459,61828,62197,62566,62935,63304,63673,64042,64411,64780,65149,65518,65887,66256,66625,66994,67363,67732,-68060,-67691,-67322,-66953,-66584,-66215,-65846,-65477,-65108,-64739,-64370,-64001,-63632,-63263,-62894,-62525,-62156,-61787,-61418,-61049,-60680,-60311,-59942,-59573,-59204,-58835,-58466,-58097,-57728,-57359,-56990,-56621,-56252,-55883,-55514,-55145,-54776,-54407,-54038,-53669,-53300,-52931,-52562,-52193,-51824,-51455,-51086,-50717,-50348,-49979,-49610,-49241,-48872,-48503,-48134,-47765,-47396,-47027,-46658,-46289,-45920,-45551,-45182,-44813,-44444,-44075,-43706,-43337,-42968,-42599,-42230,-41861,-41492,-41123,-40754,-40385,-40016,-39647,-39278,-38909,-38540,-38171,-37802,-37433,-37064,-36695,-36326,-35957,-35588,-35219,-34850,-34481,-34112,-33743,-33374,-33005,-32636,-32267,-31898,-31529,-31160,-30791,-30422,-30053,-29684,-29315,-28946,-28577,-28208,-27839,-27470,-27101,-26732,-26363,-25994,-25625,-25256,-24887,-24518,-24149,-23780,-23411,-23042,-22673,-22304,-21935,-21566,-21197,-20828,-20459,-20090,-19721,-19352,-18983,-18614,-18245,-17876,-17507,-17138,-16769,-16400,-16031,-15662,-15293,-14924,-14555,-14186,-13817,-13448,-13079,-12710,-12341,-11972,-11603,-11234,-10865,-10496,-10127,-9758,-9389,-9020,-8651,-8282,-7913,-7544,-7175,-6806,-6437,-6068,-5699,-5330,-4961,-4592,-4223,-3854,-3485,-3116,-2747,-2378,-2009,-1640,-1271,-902,-533,-164
206,575,944,1313,1682,2051,2420,2789,3158,3527,3896,4265,4634,5003,5372,5741,6110,6479,6848,7217,7586,7955,8324,8693,9062,9431,9800,10169,10538,10907,11276,11645,12014,12383,12752,13121,13490,13859,14228,14597,14966,15335,15704,16073,16442,16811,17180,17549,17918,18287,18656,19025,19394,19763,20132,20501,20870,21239,21608,21977,22346,22715,23084,23453,23822,24191,24560,24929,25298,25667,26036,26405,26774,27143,27512,27881,28250,28619,28988,29357,29726,30095,30464,30833,31202,31571,31940,32309,32678,33047,33416,33785,34154,34523,34892,35261,35630,35999,36368,36737,37106,37475,37844,38213,38582,38951,39320,39689,40058,40427,40796,41165,41534,41903,42272,42641,43010,43379,43748,44117,44486,44855,45224,45593,45962,46331,46700,47069,47438,47807,48176,48545,48914,49283,49652,50021,50390,50759,51128,51497,51866,52235,52604,52973,53342,53711,54080,54449,54818,55187,55556,55925,56294,56663,57032,57401,57770,58139,58508,58877,59246,59615,59984,60147,60353,60722,61091,61460,61829,62198,62567,62936,63305,63674,64043,64412,64781,65150,65519,65888,66257,66626,66995,67364,67733,-68059,-67690,-67321,-66952,-66583,-66214,-65845,-65476,-65107,-64738,-64369,-64000,-63631,-63262,-62893,-62524,-62155,-61786,-61417,-61048,-60679,-60310,-59941,-59572,-59203,-58834,-58465,-58096,-57727,-57358,-56989,-56620,-56251,-55882,-55513,-55144,-54775,-54406,-54037,-53668,-53299,-52930,-52561,-52192,-51823,-51454,-51085,-50716,-50347,-49978,-49609,-49240,-48871,-48502,-48133,-47764,-47395,-47026,-46657,-46288,-45919,-45550,-45181,-44812,-44443,-44074,-43705,-43336,-42967,-42598,-42229,-41860,-41491,-41122,-40753,-40384,-40015,-39646,-39277,-38908,-38539,-38170,-37801,-37432,-37063,-36694,-36325,-35956,-35587,-35218,-34849,-34480,-34111,-33742,-33373,-33004,-32635,-32266,-31897,-31528,-31159,-30790,-30421,-30052,-29683,-29314,-28945,-28576,-28207,-27838,-27469,-27100,-26731,-26362,-25993,-25624,-25255,-24886,-24517,-24148,-23779,-23410,-23041,-22672,-22303,-21934,-21565,-21196,-20827,-20458,-20089,-19720,-19351,-18982,-18613,-18244,-17875,-17506,-17137,-16768,-16399,-16030,-15661,-15292,-14923,-14554,-14185,-13816,-13447,-13078,-12709,-12340,-11971,-11602,-11233,-10864,-10495,-10126,-9757,-9388,-9019,-8650,-8281,-7912,-7543,-7174,-6805,-6436,-6067,-5698,-5329,-4960,-4591,-4222,-3853,-3484,-3115,-2746,-2377,-2008,-1639,-1270,-901,-532,-163
207,576,945,1314,1683,2052,2421,2790,3159,3528,3897,4266,4635,5004,5373,5742,6111,6480,6849,7218,7587,7956,8325,8694,9063,9432,9801,10170,10539,10908,11277,11646,12015,12384,12753,13122,13491,13860,14229,14598,14967,15336,15705,16074,16443,16812,17181,17550,17919,18288,18657,19026,19395,19764,20133,20502,20871,21240,21609,21978,22347,22716,23085,23454,23823,24192,24561,24930,25299,25668,26037,26406,26775,27144,27513,27882,28251,28620,28989,29358,29727,30096,30465,30834,31203,31572,31941,32310,32679,33048,33417,33786,34155,34524,34893,35262,35631,36000,36369,36738,37107,37476,37845,38214,38583,38952,39321,39690,40059,40428,40797,41166,41535,41904,42273,42642,43011,43380,43749,44118,44487,44856,45225,45594,45963,46332,46701,47070,47439,47808,48177,48546,48915,49284,49653,50022,50391,50760,51129,51498,51867,52236,52605,52974,53343,53712,54081,54450,54819,55188,55557,55926,56295,56664,57033,57402,57771,58140,58509,58878,59247,59616,59778,59985,60354,60723,61092,61461,61830,62199,62568,62937,63306,63675,64044,64413,64782,65151,65520,65889,66258,66627,66996,67365,67734,-68058,-67689,-67320,-66951,-66582,-66213,-65844,-65475,-65106,-64737,-64368,-63999,-63630,-63261,-62892,-62523,-62154,-61785,-61416,-61047,-60678,-60309,-59940,-59571,-59202,-58833,-58464,-58095,-57726,-57357,-56988,-56619,-56250,-55881,-55512,-55143,-54774,-54405,-54036,-53667,-53298,-52929,-52560,-52191,-51822,-51453,-51084,-50715,-50346,-49977,-49608,-49239,-48870,-48501,-48132,-47763,-47394,-47025,-46656,-46287,-45918,-45549,-45180,-44811,-44442,-44073,-43704,-43335,-42966,-42597,-42228,-41859,-41490,-41121,-40752,-40383,-40014,-39645,-39276,-38907,-38538,-38169,-37800,-37431,-37062,-36693,-36324,-35955,-35586,-35217,-34848,-34479,-34110,-33741,-33372,-33003,-32634,-32265,-31896,-31527,-31158,-30789,-30420,-30051,-29682,-29313,-28944,-28575,-28206,-27837,-27468,-27099,-26730,-26361,-25992,-25623,-25254,-24885,-24516,-24147,-23778,-23409,-23040,-22671,-22302,-21933,-21564,-21195,-20826,-20457,-20088,-19719,-19350,-18981,-18612,-18243,-17874,-17505,-17136,-16767,-16398,-16029,-15660,-15291,-14922,-14553,-14184,-13815,-13446,-13077,-12708,-12339,-11970,-11601,-11232,-10863,-10494,-10125,-9756,-9387,-9018,-8649,-8280,-7911,-7542,-7173,-6804,-6435,-6066,-5697,-5328,-4959,-4590,-4221,-3852,-3483,-3114,-2745,-2376,-2007,-1638,-1269,-900,-531,-162
208,577,946,1315,1684,2053,2422,2791,3160,3529,3898,4267,4636,5005,5374,5743,6112,6481,6850,7219,7588,7957,8326,8695,9064,9433,9802,10171,10540,10909,11278,11647,12016,12385,12754,13123,13492,13861,14230,14599,14968,15337,15706,16075,16444,16813,17182,17551,17920,18289,18658,19027,19396,19765,20134,20503,20872,21241,21610,21979,22348,22717,23086,23455,23824,24193,24562,24931,25300,25669,26038,26407,26776,27145,27514,27883,28252,28621,28990,29359,29728,30097,30466,30835,31204,31573,31942,32311,32680,33049,33418,33787,34156,34525,34894,35263,35632,36001,36370,36739,37108,37477,37846,38215,38584,38953,39322,39691,40060,40429,40798,41167,41536,41905,42274,42643,43012,43381,43750,44119,44488,44857,45226,45595,45964,46333,46702,47071,47440,47809,48178,48547,48916,49285,49654,50023,50392,50761,51130,51499,51868,52237,52606,52975,53344,53713,54082,54451,54820,55189,55558,55927,56296,56665,57034,57403,57772,58141,58510,58879,59248,59409,59617,59986,60355,60724,61093,61462,61831,62200,62569,62938,63307,63676,64045,64414,64783,65152,65521,65890,66259,66628,66997,67366,67735,-68057,-67688,-67319,-66950,-66581,-66212,-65843,-65474,-65105,-64736,-64367,-63998,-63629,-63260,-62891,-62522,-62153,-61784,-61415,-61046,-60677,-60308,-59939,-59570,-59201,-58832,-58463,-58094,-57725,-57356,-56987,-56618,-56249,-55880,-55511,-55142,-54773,-54404,-54035,-53666,-53297,-52928,-52559,-52190,-51821,-51452,-51083,-50714,-50345,-49976,-49607,-49238,-48869,-48500,-48131,-47762,-47393,-47024,-46655,-46286,-45917,-45548,-45179,-44810,-44441,-44072,-43703,-43334,-42965,-42596,-42227,-41858,-41489,-41120,-40751,-40382,-40013,-39644,-39275,-38906,-38537,-38168,-37799,-37430,-37061,-36692,-36323,-35954,-35585,-35216,-34847,-34478,-34109,-33740,-33371,-33002,-32633,-32264,-31895,-31526,-31157,-30788,-30419,-30050,-29681,-29312,-28943,-28574,-28205,-27836,-27467,-27098,-26729,-26360,-25991,-25622,-25253,-24884,-24515,-24146,-23777,-23408,-23039,-22670,-22301,-21932,-21563,-21194,-20825,-20456,-20087,-19718,-19349,-18980,-18611,-18242,-17873,-17504,-17135,-16766,-16397,-16028,-15659,-15290,-14921,-14552,-14183,-13814,-13445,-13076,-12707,-12338,-11969,-11600,-11231,-10862,-10493,-10124,-9755,-9386,-9017,-8648,-8279,-7910,-7541,-7172,-6803,-6434,-6065,-5696,-5327,-4958,-4589,-4220,-3851,-3482,-3113,-2744,-2375,-2006,-1637,-1268,-899,-530,-161
209,578,947,1316,1685,2054,2423,2792,3161,3530,3899,4268,4637,5006,5375,5744,6113,6482,6851,7220,7589,7958,8327,8696,9065,9434,9803,10172,10541,10910,11279,11648,12017,12386,12755,13124,13493,13862,14231,14600,14969,15338,15707,16076,16445,16814,17183,17552,17921,18290,18659,19028,19397,19766,20135,20504,20873,21242,21611,21980,22349,22718,23087,23456,23825,24194,24563,24932,25301,25670,26039,26408,26777,27146,27515,27884,28253,28622,28991,29360,29729,30098,30467,30836,31205,31574,31943,32312,32681,33050,33419,33788,34157,34526,34895,35264,35633,36002,36371,36740,37109,37478,37847,38216,38585,38954,39323,39692,40061,40430,40799,41168,41537,41906,42275,42644,43013,43382,43751,44120,44489,44858,45227,45596,45965,46334,46703,47072,47441,47810,48179,48548,48917,49286,49655,50024,50393,50762,51131,51500,51869,52238,52607,52976,53345,53714,54083,54452,54821,55190,55559,55928,56297,56666,57035,57404,57773,58142,58511,58880,59040,59249,59618,59987,60356,60725,61094,61463,61832,62201,62570,62939,63308,63677,64046,64415,64784,65153,65522,65891,66260,66629,66998,67367,67736,-68056,-67687,-67318,-66949,-66580,-66211,-65842,-65473,-65104,-64735,-64366,-63997,-63628,-63259,-62890,-62521,-62152,-61783,-61414,-61045,-60676,-60307,-59938,-59569,-59200,-58831,-58462,-58093,-57724,-57355,-56986,-56617,-56248,-55879,-55510,-55141,-54772,-54403,-54034,-53665,-53296,-52927,-52558,-52189,-51820,-51451,-51082,-50713,-50344,-49975,-49606,-49237,-48868,-48499,-48130,-47761,-47392,-47023,-46654,-46285,-45916,-45547,-45178,-44809,-44440,-44071,-43702,-43333,-42964,-42595,-42226,-41857,-41488,-41119,-40750,-40381,-40012,-39643,-39274,-38905,-38536,-38167,-37798,-37429,-37060,-36691,-36322,-35953,-35584,-35215,-34846,-34477,-34108,-33739,-33370,-33001,-32632,-32263,-31894,-31525,-31156,-30787,-30418,-30049,-29680,-29311,-28942,-28573,-28204,-27835,-27466,-27097,-26728,-26359,-25990,-25621,-25252,-24883,-24514,-24145,-23776,-23407,-23038,-22669,-22300,-21931,-21562,-21193,-20824,-20455,-20086,-19717,-19348,-18979,-18610,-18241,-17872,-17503,-17134,-16765,-16396,-16027,-15658,-15289,-14920,-14551,-14182,-13813,-13444,-13075,-12706,-12337,-11968,-11599,-11230,-10861,-10492,-10123,-9754,-9385,-9016,-8647,-8278,-7909,-7540,-7171,-6802,-6433,-6064,-5695,-5326,-4957,-4588,-4219,-3850,-3481,-3112,-2743,-2374,-2005,-1636,-1267,-898,-529,-160
210,579,948,1317,1686,2055,2424,2793,3162,3531,3900,4269,4638,5007,5376,5745,6114,6483,6852,7221,7590,7959,8328,8697,9066,9435,9804,10173,10542,10911,11280,11649,12018,12387,12756,13125,13494,13863,14232,14601,14970,15339,15708,16077,16446,16815,17184,17553,17922,18291,18660,19029,19398,19767,20136,20505,20874,21243,21612,21981,22350,22719,23088,23457,23826,24195,24564,24933,25302,25671,26040,26409,26778,27147,27516,27885,28254,28623,28992,29361,29730,30099,30468,30837,31206,31575,31944,32313,32682,33051,33420,33789,34158,34527,34896,35265,35634,36003,36372,36741,37110,37479,37848,38217,38586,38955,39324,39693,40062,40431,40800,41169,41538,41907,42276,42645,43014,43383,43752,44121,44490,44859,45228,45597,45966,46335,46704,47073,47442,47811,48180,48549,48918,49287,49656,50025,50394,50763,51132,51501,51870,52239,52608,52977,53346,53715,54084,54453,54822,55191,55560,55929,56298,56667,57036,57405,57774,58143,58512,58671,58881,59250,59619,59988,60357,60726,61095,61464,61833,62202,62571,62940,63309,63678,64047,64416,64785,65154,65523,65892,66261,66630,66999,67368,67737,-68055,-67686,-67317,-66948,-66579,-66210,-65841,-65472,-65103,-64734,-64365,-63996,-63627,-63258,-62889,-62520,-62151,-61782,-61413,-61044,-60675,-60306,-59937,-59568,-59199,-58830,-58461,-58092,-57723,-57354,-56985,-56616,-56247,-55878,-55509,-55140,-54771,-54402,-54033,-53664,-53295,-52926,-52557,-52188,-51819,-51450,-51081,-50712,-50343,-49974,-49605,-49236,-48867,-48498,-48129,-47760,-47391,-47022,-46653,-46284,-45915,-45546,-45177,-44808,-44439,-44070,-43701,-43332,-42963,-42594,-42225,-41856,-41487,-41118,-40749,-40380,-40011,-39642,-39273,-38904,-38535,-38166,-37797,-37428,-37059,-36690,-36321,-35952,-35583,-35214,-34845,-34476,-34107,-33738,-33369,-33000,-32631,-32262,-31893,-31524,-31155,-30786,-30417,-30048,-29679,-29310,-28941,-28572,-28203,-27834,-27465,-27096,-26727,-26358,-25989,-25620,-25251,-24882,-24513,-24144,-23775,-23406,-23037,-22668,-22299,-21930,-21561,-21192,-20823,-20454,-20085,-19716,-19347,-18978,-18609,-18240,-17871,-17502,-17133,-16764,-16395,-16026,-15657,-15288,-14919,-14550,-14181,-13812,-13443,-13074,-12705,-12336,-11967,-11598,-11229,-10860,-10491,-10122,-9753,-9384,-9015,-8646,-8277,-7908,-7539,-7170,-6801,-6432,-6063,-5694,-5325,-4956,-4587,-4218,-3849,-3480,-3111,-2742,-2373,-2004,-1635,-1266,-897,-528,-159
211,580,949,1318,1687,2056,2425,2794,3163,3532,3901,4270,4639,5008,5377,5746,6115,6484,6853,7222,7591,7960,8329,8698,9067,9436,9805,10174,10543,10912,11281,11650,12019,12388,12757,13126,13495,13864,14233,14602,14971,15340,15709,16078,16447,16816,17185,17554,17923,18292,18661,19030,19399,19768,20137,20506,20875,21244,21613,21982,22351,22720,23089,23458,23827,24196,24565,24934,25303,25672,26041,26410,26779,27148,27517,27886,28255,28624,28993,29362,29731,30100,30469,30838,31207,31576,31945,32314,32683,33052,33421,33790,34159,34528,34897,35266,35635,36004,36373,36742,37111,37480,37849,38218,38587,38956,39325,39694,40063,40432,40801,41170,41539,41908,42277,42646,43015,43384,43753,44122,44491,44860,45229,45598,45967,46336,46705,47074,47443,47812,48181,48550,48919,49288,49657,50026,50395,50764,51133,51502,51871,52240,52609,52978,53347,53716,54085,54454,54823,55192,55561,55930,56299,56668,57037,57406,57775,58144,58302,58513,58882,59251,59620,59989,60358,60727,61096,61465,61834,62203,62572,62941,63310,63679,64048,64417,64786,65155,65524,65893,66262,66631,67000,67369,67738,-68054,-67685,-67316,-66947,-66578,-66209,-65840,-65471,-65102,-64733,-64364,-63995,-63626,-63257,-62888,-62519,-62150,-61781,-61412,-61043,-60674,-60305,-59936,-59567,-59198,-58829,-58460,-58091,-57722,-57353,-56984,-56615,-56246,-55877,-55508,-55139,-54770,-54401,-54032,-53663,-53294,-52925,-52556,-52187,-51818,-51449,-51080,-50711,-50342,-49973,-49604,-49235,-48866,-48497,-48128,-47759,-47390,-47021,-46652,-46283,-45914,-45545,-45176,-44807,-44438,-44069,-43700,-43331,-42962,-42593,-42224,-41855,-41486,-41117,-40748,-40379,-40010,-39641,-39272,-38903,-38534,-38165,-37796,-37427,-37058,-36689,-36320,-35951,-35582,-35213,-34844,-34475,-34106,-33737,-33368,-32999,-32630,-32261,-31892,-31523,-31154,-30785,-30416,-30047,-29678,-29309,-28940,-28571,-28202,-27833,-27464,-27095,-26726,-26357,-25988,-25619,-25250,-24881,-24512,-24143,-23774,-23405,-23036,-22667,-22298,-21929,-21560,-21191,-20822,-20453,-20084,-19715,-19346,-18977,-18608,-18239,-17870,-17501,-17132,-16763,-16394,-16025,-15656,-15287,-14918,-14549,-14180,-13811,-13442,-13073,-12704,-12335,-11966,-11597,-11228,-10859,-10490,-10121,-9752,-9383,-9014,-8645,-8276,-7907,-7538,-7169,-6800,-6431,-6062,-5693,-5324,-4955,-4586,-4217,-3848,-3479,-3110,-2741,-2372,-2003,-1634,-1265,-896,-527,-158
212,581,950,1319,1688,2057,2426,2795,3164,3533,3902,4271,4640,5009,5378,5747,6116,6485,6854,7223,7592,7961,8330,8699,9068,9437,9806,10175,10544,10913,11282,11651,12020,12389,12758,13127,13496,13865,14234,14603,14972,15341,15710,16079,16448,16817,17186,17555,17924,18293,18662,19031,19400,19769,20138,20507,20876,21245,21614,21983,22352,22721,23090,23459,23828,24197,24566,24935,25304,25673,26042,26411,26780,27149,27518,27887,28256,28625,28994,29363,29732,30101,30470,30839,31208,31577,31946,32315,32684,33053,33422,33791,34160,34529,34898,35267,35636,36005,36374,36743,37112,37481,37850,38219,38588,38957,39326,39695,40064,40433,40802,41171,41540,41909,42278,42647,43016,43385,43754,44123,44492,44861,45230,45599,45968,46337,46706,47075,47444,47813,48182,48551,48920,49289,49658,50027,50396,50765,51134,51503,51872,52241,52610,52979,53348,53717,54086,54455,54824,55193,55562,55931,56300,56669,57038,57407,57776,57933,58145,58514,58883,59252,59621,59990,60359,60728,61097,61466,61835,62204,62573,62942,63311,63680,64049,64418,64787,65156,65525,65894,66263,66632,67001,67370,67739,-68053,-67684,-67315,-66946,-66577,-66208,-65839,-65470,-65101,-64732,-64363,-63994,-63625,-63256,-62887,-62518,-62149,-61780,-61411,-61042,-60673,-60304,-59935,-59566,-59197,-58828,-58459,-58090,-57721,-57352,-56983,-56614,-56245,-55876,-55507,-55138,-54769,-54400,-54031,-53662,-53293,-52924,-52555,-52186,-51817,-51448,-51079,-50710,-50341,-49972,-49603,-49234,-48865,-48496,-48127,-47758,-47389,-47020,-46651,-46282,-45913,-45544,-45175,-44806,-44437,-44068,-43699,-43330,-42961,-42592,-42223,-41854,-41485,-41116,-40747,-40378,-40009,-39640,-39271,-38902,-38533,-38164,-37795,-37426,-37057,-36688,-36319,-35950,-35581,-35212,-34843,-34474,-34105,-33736,-33367,-32998,-32629,-32260,-31891,-31522,-31153,-30784,-30415,-30046,-29677,-29308,-28939,-28570,-28201,-27832,-27463,-27094,-26725,-26356,-25987,-25618,-25249,-24880,-24511,-24142,-23773,-23404,-23035,-22666,-22297,-21928,-21559,-21190,-20821,-20452,-20083,-19714,-19345,-18976,-18607,-18238,-17869,-17500,-17131,-16762,-16393,-16024,-15655,-15286,-14917,-14548,-14179,-13810,-13441,-13072,-12703,-12334,-11965,-11596,-11227,-10858,-10489,-10120,-9751,-9382,-9013,-8644,-8275,-7906,-7537,-7168,-6799,-6430,-6061,-5692,-5323,-4954,-4585,-4216,-3847,-3478,-3109,-2740,-2371,-2002,-1633,-1264,-895,-526,-157
213,582,951,1320,1689,2058,2427,2796,3165,3534,3903,4272,4641,5010,5379,5748,6117,6486,6855,7224,7593,7962,8331,8700,9069,9438,9807,10176,10545,10914,11283,11652,12021,12390,12759,13128,13497,13866,14235,14604,14973,15342,15711,16080,16449,16818,17187,17556,17925,18294,18663,19032,19401,19770,20139,20508,20877,21246,21615,21984,22353,22722,23091,23460,23829,24198,24567,24936,25305,25674,26043,26412,26781,27150,27519,27888,28257,28626,28995,29364,29733,30102,30471,30840,31209,31578,31947,32316,32685,33054,33423,33792,34161,34530,34899,35268,35637,36006,36375,36744,37113,37482,37851,38220,38589,38958,39327,39696,40065,40434,40803,41172,41541,41910,42279,42648,43017,43386,43755,44124,44493,44862,45231,45600,45969,46338,46707,47076,47445,47814,48183,48552,48921,49290,49659,50028,50397,50766,51135,51504,51873,52242,52611,52980,53349,53718,54087,54456,54825,55194,55563,55932,56301,56670,57039,57408,57564,57777,58146,58515,58884,59253,59622,59991,60360,60729,61098,61467,61836,62205,62574,62943,63312,63681,64050,64419,64788,65157,65526,65895,66264,66633,67002,67371,67740,-68052,-67683,-67314,-66945,-66576,-66207,-65838,-65469,-65100,-64731,-64362,-63993,-63624,-63255,-62886,-62517,-62148,-61779,-61410,-61041,-60672,-60303,-59934,-59565,-59196,-58827,-58458,-58089,-57720,-57351,-56982,-56613,-56244,-55875,-55506,-55137,-54768,-54399,-54030,-53661,-53292,-52923,-52554,-52185,-51816,-51447,-51078,-50709,-50340,-49971,-49602,-49233,-48864,-48495,-48126,-47757,-47388,-47019,-46650,-46281,-45912,-45543,-45174,-44805,-44436,-44067,-43698,-43329,-42960,-42591,-42222,-41853,-41484,-41115,-40746,-40377,-40008,-39639,-39270,-38901,-38532,-38163,-37794,-37425,-37056,-36687,-36318,-35949,-35580,-35211,-34842,-34473,-34104,-33735,-33366,-32997,-32628,-32259,-31890,-31521,-31152,-30783,-30414,-30045,-29676,-29307,-28938,-28569,-28200,-27831,-27462,-27093,-26724,-26355,-25986,-25617,-25248,-24879,-24510,-24141,-23772,-23403,-23034,-22665,-22296,-21927,-21558,-21189,-20820,-20451,-20082,-19713,-19344,-18975,-18606,-18237,-17868,-17499,-17130,-16761,-16392,-16023,-15654,-15285,-14916,-14547,-14178,-13809,-13440,-13071,-12702,-12333,-11964,-11595,-11226,-10857,-10488,-10119,-9750,-9381,-9012,-8643,-8274,-7905,-7536,-7167,-6798,-6429,-6060,-5691,-5322,-4953,-4584,-4215,-3846,-3477,-3108,-2739,-2370,-2001,-1632,-1263,-894,-525,-156
214,583,952,1321,1690,2059,2428,2797,3166,3535,3904,4273,4642,5011,5380,5749,6118,6487,6856,7225,7594,7963,8332,8701,9070,9439,9808,10177,10546,10915,11284,11653,12022,12391,12760,13129,13498,13867,14236,14605,14974,15343,15712,16081,16450,16819,17188,17557,17926,18295,18664,19033,19402,19771,20140,20509,20878,21247,21616,21985,22354,22723,23092,23461,23830,24199,24568,24937,25306,25675,26044,26413,26782,27151,27520,27889,28258,28627,28996,29365,29734,30103,30472,30841,31210,31579,31948,32317,32686,33055,33424,33793,34162,34531,34900,35269,35638,36007,36376,36745,37114,37483,37852,38221,38590,38959,39328,39697,40066,40435,40804,41173,41542,41911,42280,42649,43018,43387,43756,44125,44494,44863,45232,45601,45970,46339,46708,47077,47446,47815,48184,48553,48922,49291,49660,50029,50398,50767,51136,51505,51874,52243,52612,52981,53350,53719,54088,54457,54826,55195,55564,55933,56302,56671,57040,57195,57409,57778,58147,58516,58885,59254,59623,59992,60361,60730,61099,61468,61837,62206,62575,62944,63313,63682,64051,64420,64789,65158,65527,65896,66265,66634,67003,67372,67741,-68051,-67682,-67313,-66944,-66575,-66206,-65837,-65468,-65099,-64730,-64361,-63992,-63623,-63254,-62885,-62516,-62147,-61778,-61409,-61040,-60671,-60302,-59933,-59564,-59195,-58826,-58457,-58088,-57719,-57350,-56981,-56612,-56243,-55874,-55505,-55136,-54767,-54398,-54029,-53660,-53291,-52922,-52553,-52184,-51815,-51446,-51077,-50708,-50339,-49970,-49601,-49232,-48863,-48494,-48125,-47756,-47387,-47018,-46649,-46280,-45911,-45542,-45173,-44804,-44435,-44066,-43697,-43328,-42959,-42590,-42221,-41852,-41483,-41114,-40745,-40376,-40007,-39638,-39269,-38900,-38531,-38162,-37793,-37424,-37055,-36686,-36317,-35948,-35579,-35210,-34841,-34472,-34103,-33734,-33365,-32996,-32627,-32258,-31889,-31520,-31151,-30782,-30413,-30044,-29675,-29306,-28937,-28568,-28199,-27830,-27461,-27092,-26723,-26354,-25985,-25616,-25247,-24878,-24509,-24140,-23771,-23402,-23033,-22664,-22295,-21926,-21557,-21188,-20819,-20450,-20081,-19712,-19343,-18974,-18605,-18236,-17867,-17498,-17129,-16760,-16391,-16022,-15653,-15284,-14915,-14546,-14177,-13808,-13439,-13070,-12701,-12332,-11963,-11594,-11225,-10856,-10487,-10118,-9749,-9380,-9011,-8642,-8273,-7904,-7535,-7166,-6797,-6428,-6059,-5690,-5321,-4952,-4583,-4214,-3845,-3476,-3107,-2738,-2369,-2000,-1631,-1262,-893,-524,-155
215,584,953,1322,1691,2060,2429,2798,3167,3536,3905,4274,4643,5012,5381,5750,6119,6488,6857,7226,7595,7964,8333,8702,9071,9440,9809,10178,10547,10916,11285,11654,12023,12392,12761,13130,13499,13868,14237,14606,14975,15344,15713,16082,16451,16820,17189,17558,17927,18296,18665,19034,19403,19772,20141,20510,20879,21248,21617,21986,22355,22724,23093,23462,23831,24200,24569,24938,25307,25676,26045,26414,26783,27152,27521,27890,28259,28628,28997,29366,29735,30104,30473,30842,31211,31580,31949,32318,32687,33056,33425,33794,34163,34532,34901,35270,35639,36008,36377,36746,37115,37484,37853,38222,38591,38960,39329,39698,40067,40436,40805,41174,41543,41912,42281,42650,43019,43388,43757,44126,44495,44864,45233,45602,45971,46340,46709,47078,47447,47816,48185,48554,48923,49292,49661,50030,50399,50768,51137,51506,51875,52244,52613,52982,53351,53720,54089,54458,54827,55196,55565,55934,56303,56672,56826,57041,57410,57779,58148,58517,58886,59255,59624,59993,60362,60731,61100,61469,61838,62207,62576,62945,63314,63683,64052,64421,64790,65159,65528,65897,66266,66635,67004,67373,67742,-68050,-67681,-67312,-66943,-66574,-66205,-65836,-65467,-65098,-64729,-64360,-63991,-63622,-63253,-62884,-62515,-62146,-61777,-61408,-61039,-60670,-60301,-59932,-59563,-59194,-58825,-58456,-58087,-57718,-57349,-56980,-56611,-56242,-55873,-55504,-55135,-54766,-54397,-54028,-53659,-53290,-52921,-52552,-52183,-51814,-51445,-51076,-50707,-50338,-49969,-49600,-49231,-48862,-48493,-48124,-47755,-47386,-47017,-46648,-46279,-45910,-45541,-45172,-44803,-44434,-44065,-43696,-43327,-42958,-42589,-42220,-41851,-41482,-41113,-40744,-40375,-40006,-39637,-39268,-38899,-38530,-38161,-37792,-37423,-37054,-36685,-36316,-35947,-35578,-35209,-34840,-34471,-34102,-33733,-33364,-32995,-32626,-32257,-31888,-31519,-31150,-30781,-30412,-30043,-29674,-29305,-28936,-28567,-28198,-27829,-27460,-27091,-26722,-26353,-25984,-25615,-25246,-24877,-24508,-24139,-23770,-23401,-23032,-22663,-22294,-21925,-21556,-21187,-20818,-20449,-20080,-19711,-19342,-18973,-18604,-18235,-17866,-17497,-17128,-16759,-16390,-16021,-15652,-15283,-14914,-14545,-14176,-13807,-13438,-13069,-12700,-12331,-11962,-11593,-11224,-10855,-10486,-10117,-9748,-9379,-9010,-8641,-8272,-7903,-7534,-7165,-6796,-6427,-6058,-5689,-5320,-4951,-4582,-4213,-3844,-3475,-3106,-2737,-2368,-1999,-1630,-1261,-892,-523,-154
216,585,954,1323,1692,2061,2430,2799,3168,3537,3906,4275,4644,5013,5382,5751,6120,6489,6858,7227,7596,7965,8334,8703,9072,9441,9810,10179,10548,10917,11286,11655,12024,12393,12762,13131,13500,13869,14238,14607,14976,15345,15714,16083,16452,16821,17190,17559,17928,18297,18666,19035,19404,19773,20142,20511,20880,21249,21618,21987,22356,22725,23094,23463,23832,24201,24570,24939,25308,25677,26046,26415,26784,27153,27522,27891,28260,28629,28998,29367,29736,30105,30474,30843,31212,31581,31950,32319,32688,33057,33426,33795,34164,34533,34902,35271,35640,36009,36378,36747,37116,37485,37854,38223,38592,38961,39330,39699,40068,40437,40806,41175,41544,41913,42282,42651,43020,43389,43758,44127,44496,44865,45234,45603,45972,46341,46710,47079,47448,47817,48186,48555,48924,49293,49662,50031,50400,50769,51138,51507,51876,52245,52614,52983,53352,53721,54090,54459,54828,55197,55566,55935,56304,56457,56673,57042,57411,57780,58149,58518,58887,59256,59625,59994,60363,60732,61101,61470,61839,62208,62577,62946,63315,63684,64053,64422,64791,65160,65529,65898,66267,66636,67005,67374,67743,-68049,-67680,-67311,-66942,-66573,-66204,-65835,-65466,-65097,-64728,-64359,-63990,-63621,-63252,-62883,-62514,-62145,-61776,-61407,-61038,-60669,-60300,-59931,-59562,-59193,-58824,-58455,-58086,-57717,-57348,-56979,-56610,-56241,-55872,-55503,-55134,-54765,-54396,-54027,-53658,-53289,-52920,-52551,-52182,-51813,-51444,-51075,-50706,-50337,-49968,-49599,-49230,-48861,-48492,-48123,-47754,-47385,-47016,-46647,-46278,-45909,-45540,-45171,-44802,-44433,-44064,-43695,-43326,-42957,-42588,-42219,-41850,-41481,-41112,-40743,-40374,-40005,-39636,-39267,-38898,-38529,-38160,-37791,-37422,-37053,-36684,-36315,-35946,-35577,-35208,-34839,-34470,-34101,-33732,-33363,-32994,-32625,-32256,-31887,-31518,-31149,-30780,-30411,-30042,-29673,-29304,-28935,-28566,-28197,-27828,-27459,-27090,-26721,-26352,-25983,-25614,-25245,-24876,-24507,-24138,-23769,-23400,-23031,-22662,-22293,-21924,-21555,-21186,-20817,-20448,-20079,-19710,-19341,-18972,-18603,-18234,-17865,-17496,-17127,-16758,-16389,-16020,-15651,-15282,-14913,-14544,-14175,-13806,-13437,-13068,-12699,-12330,-11961,-11592,-11223,-10854,-10485,-10116,-9747,-9378,-9009,-8640,-8271,-7902,-7533,-7164,-6795,-6426,-6057,-5688,-5319,-4950,-4581,-4212,-3843,-3474,-3105,-2736,-2367,-1998,-1629,-1260,-891,-522,-153
217,586,955,1324,1693,2062,2431,2800,3169,3538,3907,4276,4645,5014,5383,5752,6121,6490,6859,7228,7597,7966,8335,8704,9073,9442,9811,10180,10549,10918,11287,11656,12025,12394,12763,13132,13501,13870,14239,14608,14977,15346,15715,16084,16453,16822,17191,17560,17929,18298,18667,19036,19405,19774,20143,20512,20881,21250,21619,21988,22357,22726,23095,23464,23833,24202,24571,24940,25309,25678,26047,26416,26785,27154,27523,27892,28261,28630,28999,29368,29737,30106,30475,30844,31213,31582,31951,32320,32689,33058,33427,33796,34165,34534,34903,35272,35641,36010,36379,36748,37117,37486,37855,38224,38593,38962,39331,39700,40069,40438,40807,41176,41545,41914,42283,42652,43021,43390,43759,44128,44497,44866,45235,45604,45973,46342,46711,47080,47449,47818,48187,48556,48925,49294,49663,50032,50401,50770,51139,51508,51877,52246,52615,52984,53353,53722,54091,54460,54829,55198,55567,55936,56088,56305,56674,57043,57412,57781,58150,58519,58888,59257,59626,59995,60364,60733,61102,61471,61840,62209,62578,62947,63316,63685,64054,64423,64792,65161,65530,65899,66268,66637,67006,67375,67744,-68048,-67679,-67310,-66941,-66572,-66203,-65834,-65465,-65096,-64727,-64358,-63989,-63620,-63251,-62882,-62513,-62144,-61775,-61406,-61037,-60668,-60299,-59930,-59561,-59192,-58823,-58454,-58085,-57716,-57347,-56978,-56609,-56240,-55871,-55502,-55133,-54764,-54395,-54026,-53657,-53288,-52919,-52550,-52181,-51812,-51443,-51074,-50705,-50336,-49967,-49598,-49229,-48860,-48491,-48122,-47753,-47384,-47015,-46646,-46277,-45908,-45539,-45170,-44801,-44432,-44063,-43694,-43325,-42956,-42587,-42218,-41849,-41480,-41111,-40742,-40373,-40004,-39635,-39266,-38897,-38528,-38159,-37790,-37421,-37052,-36683,-36314,-35945,-35576,-35207,-34838,-34469,-34100,-33731,-33362,-32993,-32624,-32255,-31886,-31517,-31148,-30779,-30410,-30041,-29672,-29303,-28934,-28565,-28196,-27827,-27458,-27089,-26720,-26351,-25982,-25613,-25244,-24875,-24506,-24137,-23768,-23399,-23030,-22661,-22292,-21923,-21554,-21185,-20816,-20447,-20078,-19709,-19340,-18971,-18602,-18233,-17864,-17495,-17126,-16757,-16388,-16019,-15650,-15281,-14912,-14543,-14174,-13805,-13436,-13067,-12698,-12329,-11960,-11591,-11222,-10853,-10484,-10115,-9746,-9377,-9008,-8639,-8270,-7901,-7532,-7163,-6794,-6425,-6056,-5687,-5318,-4949,-4580,-4211,-3842,-3473,-3104,-2735,-2366,-1997,-1628,-1259,-890,-521,-152
218,587,956,1325,1694,2063,2432,2801,3170,3539,3908,4277,4646,5015,5384,5753,6122,6491,6860,7229,7598,7967,8336,8705,9074,9443,9812,10181,10550,10919,11288,11657,12026,12395,12764,13133,13502,13871,14240,14609,14978,15347,15716,16085,16454,16823,17192,17561,17930,18299,18668,19037,19406,19775,20144,20513,20882,21251,21620,21989,22358,22727,23096,23465,23834,24203,24572,24941,25310,25679,26048,26417,26786,27155,27524,27893,28262,28631,29000,29369,29738,30107,30476,30845,31214,31583,31952,32321,32690,33059,33428,33797,34166,34535,34904,35273,35642,36011,36380,36749,37118,37487,37856,38225,38594,38963,39332,39701,40070,40439,40808,41177,41546,41915,42284,42653,43022,43391,43760,44129,44498,44867,45236,45605,45974,46343,46712,47081,47450,47819,48188,48557,48926,49295,49664,50033,50402,50771,51140,51509,51878,52247,52616,52985,53354,53723,54092,54461,54830,55199,55568,55719,55937,56306,56675,57044,57413,57782,58151,58520,58889,59258,59627,59996,60365,60734,61103,61472,61841,62210,62579,62948,63317,63686,64055,64424,64793,65162,65531,65900,66269,66638,67007,67376,67745,-68047,-67678,-67309,-66940,-66571,-66202,-65833,-65464,-65095,-64726,-64357,-63988,-63619,-63250,-62881,-62512,-62143,-61774,-61405,-61036,-60667,-60298,-59929,-59560,-59191,-58822,-58453,-58084,-57715,-57346,-56977,-56608,-56239,-55870,-55501,-55132,-54763,-54394,-54025,-53656,-53287,-52918,-52549,-52180,-51811,-51442,-51073,-50704,-50335,-49966,-49597,-49228,-48859,-48490,-48121,-47752,-47383,-47014,-46645,-46276,-45907,-45538,-45169,-44800,-44431,-44062,-43693,-43324,-42955,-42586,-42217,-41848,-41479,-41110,-40741,-40372,-40003,-39634,-39265,-38896,-38527,-38158,-37789,-37420,-37051,-36682,-36313,-35944,-35575,-35206,-34837,-34468,-34099,-33730,-33361,-32992,-32623,-32254,-31885,-31516,-31147,-30778,-30409,-30040,-29671,-29302,-28933,-28564,-28195,-27826,-27457,-27088,-26719,-26350,-25981,-25612,-25243,-24874,-24505,-24136,-23767,-23398,-23029,-22660,-22291,-21922,-21553,-21184,-20815,-20446,-20077,-19708,-19339,-18970,-18601,-18232,-17863,-17494,-17125,-16756,-16387,-16018,-15649,-15280,-14911,-14542,-14173,-13804,-13435,-13066,-12697,-12328,-11959,-11590,-11221,-10852,-10483,-10114,-9745,-9376,-9007,-8638,-8269,-7900,-7531,-7162,-6793,-6424,-6055,-5686,-5317,-4948,-4579,-4210,-3841,-3472,-3103,-2734,-2365,-1996,-1627,-1258,-889,-520,-151
219,588,957,1326,1695,2064,2433,2802,3171,3540,3909,4278,4647,5016,5385,5754,6123,6492,6861,7230,7599,7968,8337,8706,9075,9444,9813,10182,10551,10920,11289,11658,12027,12396,12765,13134,13503,13872,14241,14610,14979,15348,15717,16086,16455,16824,17193,17562,17931,18300,18669,19038,19407,19776,20145,20514,20883,21252,21621,21990,22359,22728,23097,23466,23835,24204,24573,24942,25311,25680,26049,26418,26787,27156,27525,27894,28263,28632,29001,29370,29739,30108,30477,30846,31215,31584,31953,32322,32691,33060,33429,33798,34167,34536,34905,35274,35643,36012,36381,36750,37119,37488,37857,38226,38595,38964,39333,39702,40071,40440,40809,41178,41547,41916,42285,42654,43023,43392,43761,44130,44499,44868,45237,45606,45975,46344,46713,47082,47451,47820,48189,48558,48927,49296,49665,50034,50403,50772,51141,51510,51879,52248,52617,52986,53355,53724,54093,54462,54831,55200,55350,55569,55938,56307,56676,57045,57414,57783,58152,58521,58890,59259,59628,59997,60366,60735,61104,61473,61842,62211,62580,62949,63318,63687,64056,64425,64794,65163,65532,65901,66270,66639,67008,67377,67746,-68046,-67677,-67308,-66939,-66570,-66201,-65832,-65463,-65094,-64725,-64356,-63987,-63618,-63249,-62880,-62511,-62142,-61773,-61404,-61035,-60666,-60297,-59928,-59559,-59190,-58821,-58452,-58083,-57714,-57345,-56976,-56607,-56238,-55869,-55500,-55131,-54762,-54393,-54024,-53655,-53286,-52917,-52548,-52179,-51810,-51441,-51072,-50703,-50334,-49965,-49596,-49227,-48858,-48489,-48120,-47751,-47382,-47013,-46644,-46275,-45906,-45537,-45168,-44799,-44430,-44061,-43692,-43323,-42954,-42585,-42216,-41847,-41478,-41109,-40740,-40371,-40002,-39633,-39264,-38895,-38526,-38157,-37788,-37419,-37050,-36681,-36312,-35943,-35574,-35205,-34836,-34467,-34098,-33729,-33360,-32991,-32622,-32253,-31884,-31515,-31146,-30777,-30408,-30039,-29670,-29301,-28932,-28563,-28194,-27825,-27456,-27087,-26718,-26349,-25980,-25611,-25242,-24873,-24504,-24135,-23766,-23397,-23028,-22659,-22290,-21921,-21552,-21183,-20814,-20445,-20076,-19707,-19338,-18969,-18600,-18231,-17862,-17493,-17124,-16755,-16386,-16017,-15648,-15279,-14910,-14541,-14172,-13803,-13434,-13065,-12696,-12327,-11958,-11589,-11220,-10851,-10482,-10113,-9744,-9375,-9006,-8637,-8268,-7899,-7530,-7161,-6792,-6423,-6054,-5685,-5316,-4947,-4578,-4209,-3840,-3471,-3102,-2733,-2364,-1995,-1626,-1257,-888,-519,-150
220,589,958,1327,1696,2065,2434,2803,3172,3541,3910,4279,4648,5017,5386,5755,6124,6493,6862,7231,7600,7969,8338,8707,9076,9445,9814,10183,10552,10921,11290,11659,12028,12397,12766,13135,13504,13873,14242,14611,14980,15349,15718,16087,16456,16825,17194,17563,17932,18301,18670,19039,19408,19777,20146,20515,20884,21253,21622,21991,22360,22729,23098,23467,23836,24205,24574,24943,25312,25681,26050,26419,26788,27157,27526,27895,28264,28633,29002,29371,29740,30109,30478,30847,31216,31585,31954,32323,32692,33061,33430,33799,34168,34537,34906,35275,35644,36013,36382,36751,37120,37489,37858,38227,38596,38965,39334,39703,40072,40441,40810,41179,41548,41917,42286,42655,43024,43393,43762,44131,44500,44869,45238,45607,45976,46345,46714,47083,47452,47821,48190,48559,48928,49297,49666,50035,50404,50773,51142,51511,51880,52249,52618,52987,53356,53725,54094,54463,54832,54981,55201,55570,55939,56308,56677,57046,57415,57784,58153,58522,58891,59260,59629,59998,60367,60736,61105,61474,61843,62212,62581,62950,63319,63688,64057,64426,64795,65164,65533,65902,66271,66640,67009,67378,67747,-68045,-67676,-67307,-66938,-66569,-66200,-65831,-65462,-65093,-64724,-64355,-63986,-63617,-63248,-62879,-62510,-62141,-61772,-61403,-61034,-60665,-60296,-59927,-59558,-59189,-58820,-58451,-58082,-57713,-57344,-56975,-56606,-56237,-55868,-55499,-55130,-54761,-54392,-54023,-53654,-53285,-52916,-52547,-52178,-51809,-51440,-51071,-50702,-50333,-49964,-49595,-49226,-48857,-48488,-48119,-47750,-47381,-47012,-46643,-46274,-45905,-45536,-45167,-44798,-44429,-44060,-43691,-43322,-42953,-42584,-42215,-41846,-41477,-41108,-40739,-40370,-40001,-39632,-39263,-38894,-38525,-38156,-37787,-37418,-37049,-36680,-36311,-35942,-35573,-35204,-34835,-34466,-34097,-33728,-33359,-32990,-32621,-32252,-31883,-31514,-31145,-30776,-30407,-30038,-29669,-29300,-28931,-28562,-28193,-27824,-27455,-27086,-26717,-26348,-25979,-25610,-25241,-24872,-24503,-24134,-23765,-23396,-23027,-22658,-22289,-21920,-21551,-21182,-20813,-20444,-20075,-19706,-19337,-18968,-18599,-18230,-17861,-17492,-17123,-16754,-16385,-16016,-15647,-15278,-14909,-14540,-14171,-13802,-13433,-13064,-12695,-12326,-11957,-11588,-11219,-10850,-10481,-10112,-9743,-9374,-9005,-8636,-8267,-7898,-7529,-7160,-6791,-6422,-6053,-5684,-5315,-4946,-4577,-4208,-3839,-3470,-3101,-2732,-2363,-1994,-1625,-1256,-887,-518,-149
221,590,959,1328,1697,2066,2435,2804,3173,3542,3911,4280,4649,5018,5387,5756,6125,6494,6863,7232,7601,7970,8339,8708,9077,9446,9815,10184,10553,10922,11291,11660,12029,12398,12767,13136,13505,13874,14243,14612,14981,15350,15719,16088,16457,16826,17195,17564,17933,18302,18671,19040,19409,19778,20147,20516,20885,21254,21623,21992,22361,22730,23099,23468,23837,24206,24575,24944,25313,25682,26051,26420,26789,27158,27527,27896,28265,28634,29003,29372,29741,30110,30479,30848,31217,31586,31955,32324,32693,33062,33431,33800,34169,34538,34907,35276,35645,36014,36383,36752,37121,37490,37859,38228,38597,38966,39335,39704,40073,40442,40811,41180,41549,41918,42287,42656,43025,43394,43763,44132,44501,44870,45239,45608,45977,46346,46715,47084,47453,47822,48191,48560,48929,49298,49667,50036,50405,50774,51143,51512,51881,52250,52619,52988,53357,53726,54095,54464,54612,54833,55202,55571,55940,56309,56678,57047,57416,57785,58154,58523,58892,59261,59630,59999,60368,60737,61106,61475,61844,62213,62582,62951,63320,63689,64058,64427,64796,65165,65534,65903,66272,66641,67010,67379,67748,-68044,-67675,-67306,-66937,-66568,-66199,-65830,-65461,-65092,-64723,-64354,-63985,-63616,-63247,-62878,-62509,-62140,-61771,-61402,-61033,-60664,-60295,-59926,-59557,-59188,-58819,-58450,-58081,-57712,-57343,-56974,-56605,-56236,-55867,-55498,-55129,-54760,-54391,-54022,-53653,-53284,-52915,-52546,-52177,-51808,-51439,-51070,-50701,-50332,-49963,-49594,-49225,-48856,-48487,-48118,-47749,-47380,-47011,-46642,-46273,-45904,-45535,-45166,-44797,-44428,-44059,-43690,-43321,-42952,-42583,-42214,-41845,-41476,-41107,-40738,-40369,-40000,-39631,-39262,-38893,-38524,-38155,-37786,-37417,-37048,-36679,-36310,-35941,-35572,-35203,-34834,-34465,-34096,-33727,-33358,-32989,-32620,-32251,-31882,-31513,-31144,-30775,-30406,-30037,-29668,-29299,-28930,-28561,-28192,-27823,-27454,-27085,-26716,-26347,-25978,-25609,-25240,-24871,-24502,-24133,-23764,-23395,-23026,-22657,-22288,-21919,-21550,-21181,-20812,-20443,-20074,-19705,-19336,-18967,-18598,-18229,-17860,-17491,-17122,-16753,-16384,-16015,-15646,-15277,-14908,-14539,-14170,-13801,-13432,-13063,-12694,-12325,-11956,-11587,-11218,-10849,-10480,-10111,-9742,-9373,-9004,-8635,-8266,-7897,-7528,-7159,-6790,-6421,-6052,-5683,-5314,-4945,-4576,-4207,-3838,-3469,-3100,-2731,-2362,-1993,-1624,-1255,-886,-517,-148
222,591,960,1329,1698,2067,2436,2805,3174,3543,3912,4281,4650,5019,5388,5757,6126,6495,6864,7233,7602,7971,8340,8709,9078,9447,9816,10185,10554,10923,11292,11661,12030,12399,12768,13137,13506,13875,14244,14613,14982,15351,15720,16089,16458,16827,17196,17565,17934,18303,18672,19041,19410,19779,20148,20517,20886,21255,21624,21993,22362,22731,23100,23469,23838,24207,24576,24945,25314,25683,26052,26421,26790,27159,27528,27897,28266,28635,29004,29373,29742,30111,30480,30849,31218,31587,31956,32325,32694,33063,33432,33801,34170,34539,34908,35277,35646,36015,36384,36753,37122,37491,37860,38229,38598,38967,39336,39705,40074,40443,40812,41181,41550,41919,42288,42657,43026,43395,43764,44133,44502,44871,45240,45609,45978,46347,46716,47085,47454,47823,48192,48561,48930,49299,49668,50037,50406,50775,51144,51513,51882,52251,52620,52989,53358,53727,54096,54243,54465,54834,55203,55572,55941,56310,56679,57048,57417,57786,58155,58524,58893,59262,59631,60000,60369,60738,61107,61476,61845,62214,62583,62952,63321,63690,64059,64428,64797,65166,65535,65904,66273,66642,67011,67380,67749,-68043,-67674,-67305,-66936,-66567,-66198,-65829,-65460,-65091,-64722,-64353,-63984,-63615,-63246,-62877,-62508,-62139,-61770,-61401,-61032,-60663,-60294,-59925,-59556,-59187,-58818,-58449,-58080,-57711,-57342,-56973,-56604,-56235,-55866,-55497,-55128,-54759,-54390,-54021,-53652,-53283,-52914,-52545,-52176,-51807,-51438,-51069,-50700,-50331,-49962,-49593,-49224,-48855,-48486,-48117,-47748,-47379,-47010,-46641,-46272,-45903,-45534,-45165,-44796,-44427,-44058,-43689,-43320,-42951,-42582,-42213,-41844,-41475,-41106,-40737,-40368,-39999,-39630,-39261,-38892,-38523,-38154,-37785,-37416,-37047,-36678,-36309,-35940,-35571,-35202,-34833,-34464,-34095,-33726,-33357,-32988,-32619,-32250,-31881,-31512,-31143,-30774,-30405,-30036,-29667,-29298,-28929,-28560,-28191,-27822,-27453,-27084,-26715,-26346,-25977,-25608,-25239,-24870,-24501,-24132,-23763,-23394,-23025,-22656,-22287,-21918,-21549,-21180,-20811,-20442,-20073,-19704,-19335,-18966,-18597,-18228,-17859,-17490,-17121,-16752,-16383,-16014,-15645,-15276,-14907,-14538,-14169,-13800,-13431,-13062,-12693,-12324,-11955,-11586,-11217,-10848,-10479,-10110,-9741,-9372,-9003,-8634,-8265,-7896,-7527,-7158,-6789,-6420,-6051,-5682,-5313,-4944,-4575,-4206,-3837,-3468,-3099,-2730,-2361,-1992,-1623,-1254,-885,-516,-147
223,592,961,1330,1699,2068,2437,2806,3175,3544,3913,4282,4651,5020,5389,5758,6127,6496,6865,7234,7603,7972,8341,8710,9079,9448,9817,10186,10555,10924,11293,11662,12031,12400,12769,13138,13507,13876,14245,14614,14983,15352,15721,16090,16459,16828,17197,17566,17935,18304,18673,19042,19411,19780,20149,20518,20887,21256,21625,21994,22363,22732,23101,23470,23839,24208,24577,24946,25315,25684,26053,26422,26791,27160,27529,27898,28267,28636,29005,29374,29743,30112,30481,30850,31219,31588,31957,32326,32695,33064,33433,33802,34171,34540,34909,35278,35647,36016,36385,36754,37123,37492,37861,38230,38599,38968,39337,39706,40075,40444,40813,41182,41551,41920,42289,42658,43027,43396,43765,44134,44503,44872,45241,45610,45979,46348,46717,47086,47455,47824,48193,48562,48931,49300,49669,50038,50407,50776,51145,51514,51883,52252,52621,52990,53359,53728,53874,54097,54466,54835,55204,55573,55942,56311,56680,57049,57418,57787,58156,58525,58894,59263,59632,60001,60370,60739,61108,61477,61846,62215,62584,62953,63322,63691,64060,64429,64798,65167,65536,65905,66274,66643,67012,67381,67750,-68042,-67673,-67304,-66935,-66566,-66197,-65828,-65459,-65090,-64721,-64352,-63983,-63614,-63245,-62876,-62507,-62138,-61769,-61400,-61031,-60662,-60293,-59924,-59555,-59186,-58817,-58448,-58079,-57710,-57341,-56972,-56603,-56234,-55865,-55496,-55127,-54758,-54389,-54020,-53651,-53282,-52913,-52544,-52175,-51806,-51437,-51068,-50699,-50330,-49961,-49592,-49223,-48854,-48485,-48116,-47747,-47378,-47009,-46640,-46271,-45902,-45533,-45164,-44795,-44426,-44057,-43688,-43319,-42950,-42581,-42212,-41843,-41474,-41105,-40736,-40367,-39998,-39629,-39260,-38891,-38522,-38153,-37784,-37415,-37046,-36677,-36308,-35939,-35570,-35201,-34832,-34463,-34094,-33725,-33356,-32987,-32618,-32249,-31880,-31511,-31142,-30773,-30404,-30035,-29666,-29297,-28928,-28559,-28190,-27821,-27452,-27083,-26714,-26345,-25976,-25607,-25238,-24869,-24500,-24131,-23762,-23393,-23024,-22655,-22286,-21917,-21548,-21179,-20810,-20441,-20072,-19703,-19334,-18965,-18596,-18227,-17858,-17489,-17120,-16751,-16382,-16013,-15644,-15275,-14906,-14537,-14168,-13799,-13430,-13061,-12692,-12323,-11954,-11585,-11216,-10847,-10478,-10109,-9740,-9371,-9002,-8633,-8264,-7895,-7526,-7157,-6788,-6419,-6050,-5681,-5312,-4943,-4574,-4205,-3836,-3467,-3098,-2729,-2360,-1991,-1622,-1253,-884,-515,-146
224,593,962,1331,1700,2069,2438,2807,3176,3545,3914,4283,4652,5021,5390,5759,6128,6497,6866,7235,7604,7973,8342,8711,9080,9449,9818,10187,10556,10925,11294,11663,12032,12401,12770,13139,13508,13877,14246,14615,14984,15353,15722,16091,16460,16829,17198,17567,17936,18305,18674,19043,19412,19781,20150,20519,20888,21257,21626,21995,22364,22733,23102,23471,23840,24209,24578,24947,25316,25685,26054,26423,26792,27161,27530,27899,28268,28637,29006,29375,29744,30113,30482,30851,31220,31589,31958,32327,32696,33065,33434,33803,34172,34541,34910,35279,35648,36017,36386,36755,37124,37493,37862,38231,38600,38969,39338,39707,40076,40445,40814,41183,41552,41921,42290,42659,43028,43397,43766,44135,44504,44873,45242,45611,45980,46349,46718,47087,47456,47825,48194,48563,48932,49301,49670,50039,50408,50777,51146,51515,51884,52253,52622,52991,53360,53505,53729,54098,54467,54836,55205,55574,55943,56312,56681,57050,57419,57788,58157,58526,58895,59264,59633,60002,60371,60740,61109,61478,61847,62216,62585,62954,63323,63692,64061,64430,64799,65168,65537,65906,66275,66644,67013,67382,67751,-68041,-67672,-67303,-66934,-66565,-66196,-65827,-65458,-65089,-64720,-64351,-63982,-63613,-63244,-62875,-62506,-62137,-61768,-61399,-61030,-60661,-60292,-59923,-59554,-59185,-58816,-58447,-58078,-57709,-57340,-56971,-56602,-56233,-55864,-55495,-55126,-54757,-54388,-54019,-53650,-53281,-52912,-52543,-52174,-51805,-51436,-51067,-50698,-50329,-49960,-49591,-49222,-48853,-48484,-48115,-47746,-47377,-47008,-46639,-46270,-45901,-45532,-45163,-44794,-44425,-44056,-43687,-43318,-42949,-42580,-42211,-41842,-41473,-41104,-40735,-40366,-39997,-39628,-39259,-38890,-38521,-38152,-37783,-37414,-37045,-36676,-36307,-35938,-35569,-35200,-34831,-34462,-34093,-33724,-33355,-32986,-32617,-32248,-31879,-31510,-31141,-30772,-30403,-30034,-29665,-29296,-28927,-28558,-28189,-27820,-27451,-27082,-26713,-26344,-25975,-25606,-25237,-24868,-24499,-24130,-23761,-23392,-23023,-22654,-22285,-21916,-21547,-21178,-20809,-20440,-20071,-19702,-19333,-18964,-18595,-18226,-17857,-17488,-17119,-16750,-16381,-16012,-15643,-15274,-14905,-14536,-14167,-13798,-13429,-13060,-12691,-12322,-11953,-11584,-11215,-10846,-10477,-10108,-9739,-9370,-9001,-8632,-8263,-7894,-7525,-7156,-6787,-6418,-6049,-5680,-5311,-4942,-4573,-4204,-3835,-3466,-3097,-2728,-2359,-1990,-1621,-1252,-883,-514,-145
225,594,963,1332,1701,2070,2439,2808,3177,3546,3915,4284,4653,5022,5391,5760,6129,6498,6867,7236,7605,7974,8343,8712,9081,9450,9819,10188,10557,10926,11295,11664,12033,12402,12771,13140,13509,13878,14247,14616,14985,15354,15723,16092,16461,16830,17199,17568,17937,18306,18675,19044,19413,19782,20151,20520,20889,21258,21627,21996,22365,22734,23103,23472,23841,24210,24579,24948,25317,25686,26055,26424,26793,27162,27531,27900,28269,28638,29007,29376,29745,30114,30483,30852,31221,31590,31959,32328,32697,33066,33435,33804,34173,34542,34911,35280,35649,36018,36387,36756,37125,37494,37863,38232,38601,38970,39339,39708,40077,40446,40815,41184,41553,41922,42291,42660,43029,43398,43767,44136,44505,44874,45243,45612,45981,46350,46719,47088,47457,47826,48195,48564,48933,49302,49671,50040,50409,50778,51147,51516,51885,52254,52623,52992,53136,53361,53730,54099,54468,54837,55206,55575,55944,56313,56682,57051,57420,57789,58158,58527,58896,59265,59634,60003,60372,60741,61110,61479,61848,62217,62586,62955,63324,63693,64062,64431,64800,65169,65538,65907,66276,66645,67014,67383,67752,-68040,-67671,-67302,-66933,-66564,-66195,-65826,-65457,-65088,-64719,-64350,-63981,-63612,-63243,-62874,-62505,-62136,-61767,-61398,-61029,-60660,-60291,-59922,-59553,-59184,-58815,-58446,-58077,-57708,-57339,-56970,-56601,-56232,-55863,-55494,-55125,-54756,-54387,-54018,-53649,-53280,-52911,-52542,-52173,-51804,-51435,-51066,-50697,-50328,-49959,-49590,-49221,-48852,-48483,-48114,-47745,-47376,-47007,-46638,-46269,-45900,-45531,-45162,-44793,-44424,-44055,-43686,-43317,-42948,-42579,-42210,-41841,-41472,-41103,-40734,-40365,-39996,-39627,-39258,-38889,-38520,-38151,-37782,-37413,-37044,-36675,-36306,-35937,-35568,-35199,-34830,-34461,-34092,-33723,-33354,-32985,-32616,-32247,-31878,-31509,-31140,-30771,-30402,-30033,-29664,-29295,-28926,-28557,-28188,-27819,-27450,-27081,-26712,-26343,-25974,-25605,-25236,-24867,-24498,-24129,-23760,-23391,-23022,-22653,-22284,-21915,-21546,-21177,-20808,-20439,-20070,-19701,-19332,-18963,-18594,-18225,-17856,-17487,-17118,-16749,-16380,-16011,-15642,-15273,-14904,-14535,-14166,-13797,-13428,-13059,-12690,-12321,-11952,-11583,-11214,-10845,-10476,-10107,-9738,-9369,-9000,-8631,-8262,-7893,-7524,-7155,-6786,-6417,-6048,-5679,-5310,-4941,-4572,-4203,-3834,-3465,-3096,-2727,-2358,-1989,-1620,-1251,-882,-513,-144
226,595,964,1333,1702,2071,2440,2809,3178,3547,3916,4285,4654,5023,5392,5761,6130,6499,6868,7237,7606,7975,8344,8713,9082,9451,9820,10189,10558,10927,11296,11665,12034,12403,12772,13141,13510,13879,14248,14617,14986,15355,15724,16093,16462,16831,17200,17569,17938,18307,18676,19045,19414,19783,20152,20521,20890,21259,21628,21997,22366,22735,23104,23473,23842,24211,24580,24949,25318,25687,26056,26425,26794,27163,27532,27901,28270,28639,29008,29377,29746,30115,30484,30853,31222,31591,31960,32329,32698,33067,33436,33805,34174,34543,34912,35281,35650,36019,36388,36757,37126,37495,37864,38233,38602,38971,39340,39709,40078,40447,40816,41185,41554,41923,42292,42661,43030,43399,43768,44137,44506,44875,45244,45613,45982,46351,46720,47089,47458,47827,48196,48565,48934,49303,49672,50041,50410,50779,51148,51517,51886,52255,52624,52767,52993,53362,53731,54100,54469,54838,55207,55576,55945,56314,56683,57052,57421,57790,58159,58528,58897,59266,59635,60004,60373,60742,61111,61480,61849,62218,62587,62956,63325,63694,64063,64432,64801,65170,65539,65908,66277,66646,67015,67384,67753,-68039,-67670,-67301,-66932,-66563,-66194,-65825,-65456,-65087,-64718,-64349,-63980,-63611,-63242,-62873,-62504,-62135,-61766,-61397,-61028,-60659,-60290,-59921,-59552,-59183,-58814,-58445,-58076,-57707,-57338,-56969,-56600,-56231,-55862,-55493,-55124,-54755,-54386,-54017,-53648,-53279,-52910,-52541,-52172,-51803,-51434,-51065,-50696,-50327,-49958,-49589,-49220,-48851,-48482,-48113,-47744,-47375,-47006,-46637,-46268,-45899,-45530,-45161,-44792,-44423,-44054,-43685,-43316,-42947,-42578,-42209,-41840,-41471,-41102,-40733,-40364,-39995,-39626,-39257,-38888,-38519,-38150,-37781,-37412,-37043,-36674,-36305,-35936,-35567,-35198,-34829,-34460,-34091,-33722,-33353,-32984,-32615,-32246,-31877,-31508,-31139,-30770,-30401,-30032,-29663,-29294,-28925,-28556,-28187,-27818,-27449,-27080,-26711,-26342,-25973,-25604,-25235,-24866,-24497,-24128,-23759,-23390,-23021,-22652,-22283,-21914,-21545,-21176,-20807,-20438,-20069,-19700,-19331,-18962,-18593,-18224,-17855,-17486,-17117,-16748,-16379,-16010,-15641,-15272,-14903,-14534,-14165,-13796,-13427,-13058,-12689,-12320,-11951,-11582,-11213,-10844,-10475,-10106,-9737,-9368,-8999,-8630,-8261,-7892,-7523,-7154,-6785,-6416,-6047,-5678,-5309,-4940,-4571,-4202,-3833,-3464,-3095,-2726,-2357,-1988,-1619,-1250,-881,-512,-143
227,596,965,1334,1703,2072,2441,2810,3179,3548,3917,4286,4655,5024,5393,5762,6131,6500,6869,7238,7607,7976,8345,8714,9083,9452,9821,10190,10559,10928,11297,11666,12035,12404,12773,13142,13511,13880,14249,14618,14987,15356,15725,16094,16463,16832,17201,17570,17939,18308,18677,19046,19415,19784,20153,20522,20891,21260,21629,21998,22367,22736,23105,23474,23843,24212,24581,24950,25319,25688,26057,26426,26795,27164,27533,27902,28271,28640,29009,29378,29747,30116,30485,30854,31223,31592,31961,32330,32699,33068,33437,33806,34175,34544,34913,35282,35651,36020,36389,36758,37127,37496,37865,38234,38603,38972,39341,39710,40079,40448,40817,41186,41555,41924,42293,42662,43031,43400,43769,44138,44507,44876,45245,45614,45983,46352,46721,47090,47459,47828,48197,48566,48935,49304,49673,50042,50411,50780,51149,51518,51887,52256,52398,52625,52994,53363,53732,54101,54470,54839,55208,55577,55946,56315,56684,57053,57422,57791,58160,58529,58898,59267,59636,60005,60374,60743,61112,61481,61850,62219,62588,62957,63326,63695,64064,64433,64802,65171,65540,65909,66278,66647,67016,67385,67754,-68038,-67669,-67300,-66931,-66562,-66193,-65824,-65455,-65086,-64717,-64348,-63979,-63610,-63241,-62872,-62503,-62134,-61765,-61396,-61027,-60658,-60289,-59920,-59551,-59182,-58813,-58444,-58075,-57706,-57337,-56968,-56599,-56230,-55861,-55492,-55123,-54754,-54385,-54016,-53647,-53278,-52909,-52540,-52171,-51802,-51433,-51064,-50695,-50326,-49957,-49588,-49219,-48850,-48481,-48112,-47743,-47374,-47005,-46636,-46267,-45898,-45529,-45160,-44791,-44422,-44053,-43684,-43315,-42946,-42577,-42208,-41839,-41470,-41101,-40732,-40363,-39994,-39625,-39256,-38887,-38518,-38149,-37780,-37411,-37042,-36673,-36304,-35935,-35566,-35197,-34828,-34459,-34090,-33721,-33352,-32983,-32614,-32245,-31876,-31507,-31138,-30769,-30400,-30031,-29662,-29293,-28924,-28555,-28186,-27817,-27448,-27079,-26710,-26341,-25972,-25603,-25234,-24865,-24496,-24127,-23758,-23389,-23020,-22651,-22282,-21913,-21544,-21175,-20806,-20437,-20068,-19699,-19330,-18961,-18592,-18223,-17854,-17485,-17116,-16747,-16378,-16009,-15640,-15271,-14902,-14533,-14164,-13795,-13426,-13057,-12688,-12319,-11950,-11581,-11212,-10843,-10474,-10105,-9736,-9367,-8998,-8629,-8260,-7891,-7522,-7153,-6784,-6415,-6046,-5677,-5308,-4939,-4570,-4201,-3832,-3463,-3094,-2725,-2356,-1987,-1618,-1249,-880,-511,-142
228,597,966,1335,1704,2073,2442,2811,3180,3549,3918,4287,4656,5025,5394,5763,6132,6501,6870,7239,7608,7977,8346,8715,9084,9453,9822,10191,10560,10929,11298,11667,12036,12405,12774,13143,13512,13881,14250,14619,14988,15357,15726,16095,16464,16833,17202,17571,17940,18309,18678,19047,19416,19785,20154,20523,20892,21261,21630,21999,22368,22737,23106,23475,23844,24213,24582,24951,25320,25689,26058,26427,26796,27165,27534,27903,28272,28641,29010,29379,29748,30117,30486,30855,31224,31593,31962,32331,32700,33069,33438,33807,34176,34545,34914,35283,35652,36021,36390,36759,37128,37497,37866,38235,38604,38973,39342,39711,40080,40449,40818,41187,41556,41925,42294,42663,43032,43401,43770,44139,44508,44877,45246,45615,45984,46353,46722,47091,47460,47829,48198,48567,48936,49305,49674,50043,50412,50781,51150,51519,51888,52029,52257,52626,52995,53364,53733,54102,54471,54840,55209,55578,55947,56316,56685,57054,57423,57792,58161,58530,58899,59268,59637,60006,60375,60744,61113,61482,61851,62220,62589,62958,63327,63696,64065,64434,64803,65172,65541,65910,66279,66648,67017,67386,67755,-68037,-67668,-67299,-66930,-66561,-66192,-65823,-65454,-65085,-64716,-64347,-63978,-63609,-63240,-62871,-62502,-62133,-61764,-61395,-61026,-60657,-60288,-59919,-59550,-59181,-58812,-58443,-58074,-57705,-57336,-56967,-56598,-56229,-55860,-55491,-55122,-54753,-54384,-54015,-53646,-53277,-52908,-52539,-52170,-51801,-51432,-51063,-50694,-50325,-49956,-49587,-49218,-48849,-48480,-48111,-47742,-47373,-47004,-46635,-46266,-45897,-45528,-45159,-44790,-44421,-44052,-43683,-43314,-42945,-42576,-42207,-41838,-41469,-41100,-40731,-40362,-39993,-39624,-39255,-38886,-38517,-38148,-37779,-37410,-37041,-36672,-36303,-35934,-35565,-35196,-34827,-34458,-34089,-33720,-33351,-32982,-32613,-32244,-31875,-31506,-31137,-30768,-30399,-30030,-29661,-29292,-28923,-28554,-28185,-27816,-27447,-27078,-26709,-26340,-25971,-25602,-25233,-24864,-24495,-24126,-23757,-23388,-23019,-22650,-22281,-21912,-21543,-21174,-20805,-20436,-20067,-19698,-19329,-18960,-18591,-18222,-17853,-17484,-17115,-16746,-16377,-16008,-15639,-15270,-14901,-14532,-14163,-13794,-13425,-13056,-12687,-12318,-11949,-11580,-11211,-10842,-10473,-10104,-9735,-9366,-8997,-8628,-8259,-7890,-7521,-7152,-6783,-6414,-6045,-5676,-5307,-4938,-4569,-4200,-3831,-3462,-3093,-2724,-2355,-1986,-1617,-1248,-879,-510,-141
229,598,967,1336,1705,2074,2443,2812,3181,3550,3919,4288,4657,5026,5395,5764,6133,6502,6871,7240,7609,7978,8347,8716,9085,9454,9823,10192,10561,10930,11299,11668,12037,12406,12775,13144,13513,13882,14251,14620,14989,15358,15727,16096,16465,16834,17203,17572,17941,18310,18679,19048,19417,19786,20155,20524,20893,21262,21631,22000,22369,22738,23107,23476,23845,24214,24583,24952,25321,25690,26059,26428,26797,27166,27535,27904,28273,28642,29011,29380,29749,30118,30487,30856,31225,31594,31963,32332,32701,33070,33439,33808,34177,34546,34915,35284,35653,36022,36391,36760,37129,37498,37867,38236,38605,38974,39343,39712,40081,40450,40819,41188,41557,41926,42295,42664,43033,43402,43771,44140,44509,44878,45247,45616,45985,46354,46723,47092,47461,47830,48199,48568,48937,49306,49675,50044,50413,50782,51151,51520,51660,51889,52258,52627,52996,53365,53734,54103,54472,54841,55210,55579,55948,56317,56686,57055,57424,57793,58162,58531,58900,59269,59638,60007,60376,60745,61114,61483,61852,62221,62590,62959,63328,63697,64066,64435,64804,65173,65542,65911,66280,66649,67018,67387,67756,-68036,-67667,-67298,-66929,-66560,-66191,-65822,-65453,-65084,-64715,-64346,-63977,-63608,-63239,-62870,-62501,-62132,-61763,-61394,-61025,-60656,-60287,-59918,-59549,-59180,-58811,-58442,-58073,-57704,-57335,-56966,-56597,-56228,-55859,-55490,-55121,-54752,-54383,-54014,-53645,-53276,-52907,-52538,-52169,-51800,-51431,-51062,-50693,-50324,-49955,-49586,-49217,-48848,-48479,-48110,-47741,-47372,-47003,-46634,-46265,-45896,-45527,-45158,-44789,-44420,-44051,-43682,-43313,-42944,-42575,-42206,-41837,-41468,-41099,-40730,-40361,-39992,-39623,-39254,-38885,-38516,-38147,-37778,-37409,-37040,-36671,-36302,-35933,-35564,-35195,-34826,-34457,-34088,-33719,-33350,-32981,-32612,-32243,-31874,-31505,-31136,-30767,-30398,-30029,-29660,-29291,-28922,-28553,-28184,-27815,-27446,-27077,-26708,-26339,-25970,-25601,-25232,-24863,-24494,-24125,-23756,-23387,-23018,-22649,-22280,-21911,-21542,-21173,-20804,-20435,-20066,-19697,-19328,-18959,-18590,-18221,-17852,-17483,-17114,-16745,-16376,-16007,-15638,-15269,-14900,-14531,-14162,-13793,-13424,-13055,-12686,-12317,-11948,-11579,-11210,-10841,-10472,-10103,-9734,-9365,-8996,-8627,-8258,-7889,-7520,-7151,-6782,-6413,-6044,-5675,-5306,-4937,-4568,-4199,-3830,-3461,-3092,-2723,-2354,-1985,-1616,-1247,-878,-509,-140
230,599,968,1337,1706,2075,2444,2813,3182,3551,3920,4289,4658,5027,5396,5765,6134,6503,6872,7241,7610,7979,8348,8717,9086,9455,9824,10193,10562,10931,11300,11669,12038,12407,12776,13145,13514,13883,14252,14621,14990,15359,15728,16097,16466,16835,17204,17573,17942,18311,18680,19049,19418,19787,20156,20525,20894,21263,21632,22001,22370,22739,23108,23477,23846,24215,24584,24953,25322,25691,26060,26429,26798,27167,27536,27905,28274,28643,29012,29381,29750,30119,30488,30857,31226,31595,31964,32333,32702,33071,33440,33809,34178,34547,34916,35285,35654,36023,36392,36761,37130,37499,37868,38237,38606,38975,39344,39713,40082,40451,40820,41189,41558,41927,42296,42665,43034,43403,43772,44141,44510,44879,45248,45617,45986,46355,46724,47093,47462,47831,48200,48569,48938,49307,49676,50045,50414,50783,51152,51291,51521,51890,52259,52628,52997,53366,53735,54104,54473,54842,55211,55580,55949,56318,56687,57056,57425,57794,58163,58532,58901,59270,59639,60008,60377,60746,61115,61484,61853,62222,62591,62960,63329,63698,64067,64436,64805,65174,65543,65912,66281,66650,67019,67388,67757,-68035,-67666,-67297,-66928,-66559,-66190,-65821,-65452,-65083,-64714,-64345,-63976,-63607,-63238,-62869,-62500,-62131,-61762,-61393,-61024,-60655,-60286,-59917,-59548,-59179,-58810,-58441,-58072,-57703,-57334,-56965,-56596,-56227,-55858,-55489,-55120,-54751,-54382,-54013,-53644,-53275,-52906,-52537,-52168,-51799,-51430,-51061,-50692,-50323,-49954,-49585,-49216,-48847,-48478,-48109,-47740,-47371,-47002,-46633,-46264,-45895,-45526,-45157,-44788,-44419,-44050,-43681,-43312,-42943,-42574,-42205,-41836,-41467,-41098,-40729,-40360,-39991,-39622,-39253,-38884,-38515,-38146,-37777,-37408,-37039,-36670,-36301,-35932,-35563,-35194,-34825,-34456,-34087,-33718,-33349,-32980,-32611,-32242,-31873,-31504,-31135,-30766,-30397,-30028,-29659,-29290,-28921,-28552,-28183,-27814,-27445,-27076,-26707,-26338,-25969,-25600,-25231,-24862,-24493,-24124,-23755,-23386,-23017,-22648,-22279,-21910,-21541,-21172,-20803,-20434,-20065,-19696,-19327,-18958,-18589,-18220,-17851,-17482,-17113,-16744,-16375,-16006,-15637,-15268,-14899,-14530,-14161,-13792,-13423,-13054,-12685,-12316,-11947,-11578,-11209,-10840,-10471,-10102,-9733,-9364,-8995,-8626,-8257,-7888,-7519,-7150,-6781,-6412,-6043,-5674,-5305,-4936,-4567,-4198,-3829,-3460,-3091,-2722,-2353,-1984,-1615,-1246,-877,-508,-139
231,600,969,1338,1707,2076,2445,2814,3183,3552,3921,4290,4659,5028,5397,5766,6135,6504,6873,7242,7611,7980,8349,8718,9087,9456,9825,10194,10563,10932,11301,11670,12039,12408,12777,13146,13515,13884,14253,14622,14991,15360,15729,16098,16467,16836,17205,17574,17943,18312,18681,19050,19419,19788,20157,20526,20895,21264,21633,22002,22371,22740,23109,23478,23847,24216,24585,24954,25323,25692,26061,26430,26799,27168,27537,27906,28275,28644,29013,29382,29751,30120,30489,30858,31227,31596,31965,32334,32703,33072,33441,33810,34179,34548,34917,35286,35655,36024,36393,36762,37131,37500,37869,38238,38607,38976,39345,39714,40083,40452,40821,41190,41559,41928,42297,42666,43035,43404,43773,44142,44511,44880,45249,45618,45987,46356,46725,47094,47463,47832,48201,48570,48939,49308,49677,50046,50415,50784,50922,51153,51522,51891,52260,52629,52998,53367,53736,54105,54474,54843,55212,55581,55950,56319,56688,57057,57426,57795,58164,58533,58902,59271,59640,60009,60378,60747,61116,61485,61854,62223,62592,62961,63330,63699,64068,64437,64806,65175,65544,65913,66282,66651,67020,67389,67758,-68034,-67665,-67296,-66927,-66558,-66189,-65820,-65451,-65082,-64713,-64344,-63975,-63606,-63237,-62868,-62499,-62130,-61761,-61392,-61023,-60654,-60285,-59916,-59547,-59178,-58809,-58440,-58071,-57702,-57333,-56964,-56595,-56226,-55857,-55488,-55119,-54750,-54381,-54012,-53643,-53274,-52905,-52536,-52167,-51798,-51429,-51060,-50691,-50322,-49953,-49584,-49215,-48846,-48477,-48108,-47739,-47370,-47001,-46632,-46263,-45894,-45525,-45156,-44787,-44418,-44049,-43680,-43311,-42942,-42573,-42204,-41835,-41466,-41097,-40728,-40359,-39990,-39621,-39252,-38883,-38514,-38145,-37776,-37407,-37038,-36669,-36300,-35931,-35562,-35193,-34824,-34455,-34086,-33717,-33348,-32979,-32610,-32241,-31872,-31503,-31134,-30765,-30396,-30027,-29658,-29289,-28920,-28551,-28182,-27813,-27444,-27075,-26706,-26337,-25968,-25599,-25230,-24861,-24492,-24123,-23754,-23385,-23016,-22647,-22278,-21909,-21540,-21171,-20802,-20433,-20064,-19695,-19326,-18957,-18588,-18219,-17850,-17481,-17112,-16743,-16374,-16005,-15636,-15267,-14898,-14529,-14160,-13791,-13422,-13053,-12684,-12315,-11946,-11577,-11208,-10839,-10470,-10101,-9732,-9363,-8994,-8625,-8256,-7887,-7518,-7149,-6780,-6411,-6042,-5673,-5304,-4935,-4566,-4197,-3828,-3459,-3090,-2721,-2352,-1983,-1614,-1245,-876,-507,-138
232,601,970,1339,1708,2077,2446,2815,3184,3553,3922,4291,4660,5029,5398,5767,6136,6505,6874,7243,7612,7981,8350,8719,9088,9457,9826,10195,10564,10933,11302,11671,12040,12409,12778,13147,13516,13885,14254,14623,14992,15361,15730,16099,16468,16837,17206,17575,17944,18313,18682,19051,19420,19789,20158,20527,20896,21265,21634,22003,22372,22741,23110,23479,23848,24217,24586,24955,25324,25693,26062,26431,26800,27169,27538,27907,28276,28645,29014,29383,29752,30121,30490,30859,31228,31597,31966,32335,32704,33073,33442,33811,34180,34549,34918,35287,35656,36025,36394,36763,37132,37501,37870,38239,38608,38977,39346,39715,40084,40453,40822,41191,41560,41929,42298,42667,43036,43405,43774,44143,44512,44881,45250,45619,45988,46357,46726,47095,47464,47833,48202,48571,48940,49309,49678,50047,50416,50553,50785,51154,51523,51892,52261,52630,52999,53368,53737,54106,54475,54844,55213,55582,55951,56320,56689,57058,57427,57796,58165,58534,58903,59272,59641,60010,60379,60748,61117,61486,61855,62224,62593,62962,63331,63700,64069,64438,64807,65176,65545,65914,66283,66652,67021,67390,67759,-68033,-67664,-67295,-66926,-66557,-66188,-65819,-65450,-65081,-64712,-64343,-63974,-63605,-63236,-62867,-62498,-62129,-61760,-61391,-61022,-60653,-60284,-59915,-59546,-59177,-58808,-58439,-58070,-57701,-57332,-56963,-56594,-56225,-55856,-55487,-55118,-54749,-54380,-54011,-53642,-53273,-52904,-52535,-52166,-51797,-51428,-51059,-50690,-50321,-49952,-49583,-49214,-48845,-48476,-48107,-47738,-47369,-47000,-46631,-46262,-45893,-45524,-45155,-44786,-44417,-44048,-43679,-43310,-42941,-42572,-42203,-41834,-41465,-41096,-40727,-40358,-39989,-39620,-39251,-38882,-38513,-38144,-37775,-37406,-37037,-36668,-36299,-35930,-35561,-35192,-34823,-34454,-34085,-33716,-33347,-32978,-32609,-32240,-31871,-31502,-31133,-30764,-30395,-30026,-29657,-29288,-28919,-28550,-28181,-27812,-27443,-27074,-26705,-26336,-25967,-25598,-25229,-24860,-24491,-24122,-23753,-23384,-23015,-22646,-22277,-21908,-21539,-21170,-20801,-20432,-20063,-19694,-19325,-18956,-18587,-18218,-17849,-17480,-17111,-16742,-16373,-16004,-15635,-15266,-14897,-14528,-14159,-13790,-13421,-13052,-12683,-12314,-11945,-11576,-11207,-10838,-10469,-10100,-9731,-9362,-8993,-8624,-8255,-7886,-7517,-7148,-6779,-6410,-6041,-5672,-5303,-4934,-4565,-4196,-3827,-3458,-3089,-2720,-2351,-1982,-1613,-1244,-875,-506,-137
233,602,971,1340,1709,2078,2447,2816,3185,3554,3923,4292,4661,5030,5399,5768,6137,6506,6875,7244,7613,7982,8351,8720,9089,9458,9827,10196,10565,10934,11303,11672,12041,12410,12779,13148,13517,13886,14255,14624,14993,15362,15731,16100,16469,16838,17207,17576,17945,18314,18683,19052,19421,19790,20159,20528,20897,21266,21635,22004,22373,22742,23111,23480,23849,24218,24587,24956,25325,25694,26063,26432,26801,27170,27539,27908,28277,28646,29015,29384,29753,30122,30491,30860,31229,31598,31967,32336,32705,33074,33443,33812,34181,34550,34919,35288,35657,36026,36395,36764,37133,37502,37871,38240,38609,38978,39347,39716,40085,40454,40823,41192,41561,41930,42299,42668,43037,43406,43775,44144,44513,44882,45251,45620,45989,46358,46727,47096,47465,47834,48203,48572,48941,49310,49679,50048,50184,50417,50786,51155,51524,51893,52262,52631,53000,53369,53738,54107,54476,54845,55214,55583,55952,56321,56690,57059,57428,57797,58166,58535,58904,59273,59642,60011,60380,60749,61118,61487,61856,62225,62594,62963,63332,63701,64070,64439,64808,65177,65546,65915,66284,66653,67022,67391,67760,-68032,-67663,-67294,-66925,-66556,-66187,-65818,-65449,-65080,-64711,-64342,-63973,-63604,-63235,-62866,-62497,-62128,-61759,-61390,-61021,-60652,-60283,-59914,-59545,-59176,-58807,-58438,-58069,-57700,-57331,-56962,-56593,-56224,-55855,-55486,-55117,-54748,-54379,-54010,-53641,-53272,-52903,-52534,-52165,-51796,-51427,-51058,-50689,-50320,-49951,-49582,-49213,-48844,-48475,-48106,-47737,-47368,-46999,-46630,-46261,-45892,-45523,-45154,-44785,-44416,-44047,-43678,-43309,-42940,-42571,-42202,-41833,-41464,-41095,-40726,-40357,-39988,-39619,-39250,-38881,-38512,-38143,-37774,-37405,-37036,-36667,-36298,-35929,-35560,-35191,-34822,-34453,-34084,-33715,-33346,-32977,-32608,-32239,-31870,-31501,-31132,-30763,-30394,-30025,-29656,-29287,-28918,-28549,-28180,-27811,-27442,-27073,-26704,-26335,-25966,-25597,-25228,-24859,-24490,-24121,-23752,-23383,-23014,-22645,-22276,-21907,-21538,-21169,-20800,-20431,-20062,-19693,-19324,-18955,-18586,-18217,-17848,-17479,-17110,-16741,-16372,-16003,-15634,-15265,-14896,-14527,-14158,-13789,-13420,-13051,-12682,-12313,-11944,-11575,-11206,-10837,-10468,-10099,-9730,-9361,-8992,-8623,-8254,-7885,-7516,-7147,-6778,-6409,-6040,-5671,-5302,-4933,-4564,-4195,-3826,-3457,-3088,-2719,-2350,-1981,-1612,-1243,-874,-505,-136
234,603,972,1341,1710,2079,2448,2817,3186,3555,3924,4293,4662,5031,5400,5769,6138,6507,6876,7245,7614,7983,8352,8721,9090,9459,9828,10197,10566,10935,11304,11673,12042,12411,12780,13149,13518,13887,14256,14625,14994,15363,15732,16101,16470,16839,17208,17577,17946,18315,18684,19053,19422,19791,20160,20529,20898,21267,21636,22005,22374,22743,23112,23481,23850,24219,24588,24957,25326,25695,26064,26433,26802,27171,27540,27909,28278,28647,29016,29385,29754,30123,30492,30861,31230,31599,31968,32337,32706,33075,33444,33813,34182,34551,34920,35289,35658,36027,36396,36765,37134,37503,37872,38241,38610,38979,39348,39717,40086,40455,40824,41193,41562,41931,42300,42669,43038,43407,43776,44145,44514,44883,45252,45621,45990,46359,46728,47097,47466,47835,48204,48573,48942,49311,49680,49815,50049,50418,50787,51156,51525,51894,52263,52632,53001,53370,53739,54108,54477,54846,55215,55584,55953,56322,56691,57060,57429,57798,58167,58536,58905,59274,59643,60012,60381,60750,61119,61488,61857,62226,62595,62964,63333,63702,64071,64440,64809,65178,65547,65916,66285,66654,67023,67392,67761,-68031,-67662,-67293,-66924,-66555,-66186,-65817,-65448,-65079,-64710,-64341,-63972,-63603,-63234,-62865,-62496,-62127,-61758,-61389,-61020,-60651,-60282,-59913,-59544,-59175,-58806,-58437,-58068,-57699,-57330,-56961,-56592,-56223,-55854,-55485,-55116,-54747,-54378,-54009,-53640,-53271,-52902,-52533,-52164,-51795,-51426,-51057,-50688,-50319,-49950,-49581,-49212,-48843,-48474,-48105,-47736,-47367,-46998,-46629,-46260,-45891,-45522,-45153,-44784,-44415,-44046,-43677,-43308,-42939,-42570,-42201,-41832,-41463,-41094,-40725,-40356,-39987,-39618,-39249,-38880,-38511,-38142,-37773,-37404,-37035,-36666,-36297,-35928,-35559,-35190,-34821,-34452,-34083,-33714,-33345,-32976,-32607,-32238,-31869,-31500,-31131,-30762,-30393,-30024,-29655,-29286,-28917,-28548,-28179,-27810,-27441,-27072,-26703,-26334,-25965,-25596,-25227,-24858,-24489,-24120,-23751,-23382,-23013,-22644,-22275,-21906,-21537,-21168,-20799,-20430,-20061,-19692,-19323,-18954,-18585,-18216,-17847,-17478,-17109,-16740,-16371,-16002,-15633,-15264,-14895,-14526,-14157,-13788,-13419,-13050,-12681,-12312,-11943,-11574,-11205,-10836,-10467,-10098,-9729,-9360,-8991,-8622,-8253,-7884,-7515,-7146,-6777,-6408,-6039,-5670,-5301,-4932,-4563,-4194,-3825,-3456,-3087,-2718,-2349,-1980,-1611,-1242,-873,-504,-135
235,604,973,1342,1711,2080,2449,2818,3187,3556,3925,4294,4663,5032,5401,5770,6139,6508,6877,7246,7615,7984,8353,8722,9091,9460,9829,10198,10567,10936,11305,11674,12043,12412,12781,13150,13519,13888,14257,14626,14995,15364,15733,16102,16471,16840,17209,17578,17947,18316,18685,19054,19423,19792,20161,20530,20899,21268,21637,22006,22375,22744,23113,23482,23851,24220,24589,24958,25327,25696,26065,26434,26803,27172,27541,27910,28279,28648,29017,29386,29755,30124,30493,30862,31231,31600,31969,32338,32707,33076,33445,33814,34183,34552,34921,35290,35659,36028,36397,36766,37135,37504,37873,38242,38611,38980,39349,39718,40087,40456,40825,41194,41563,41932,42301,42670,43039,43408,43777,44146,44515,44884,45253,45622,45991,46360,46729,47098,47467,47836,48205,48574,48943,49312,49446,49681,50050,50419,50788,51157,51526,51895,52264,52633,53002,53371,53740,54109,54478,54847,55216,55585,55954,56323,56692,57061,57430,57799,58168,58537,58906,59275,59644,60013,60382,60751,61120,61489,61858,62227,62596,62965,63334,63703,64072,64441,64810,65179,65548,65917,66286,66655,67024,67393,67762,-68030,-67661,-67292,-66923,-66554,-66185,-65816,-65447,-65078,-64709,-64340,-63971,-63602,-63233,-62864,-62495,-62126,-61757,-61388,-61019,-60650,-60281,-59912,-59543,-59174,-58805,-58436,-58067,-57698,-57329,-56960,-56591,-56222,-55853,-55484,-55115,-54746,-54377,-54008,-53639,-53270,-52901,-52532,-52163,-51794,-51425,-51056,-50687,-50318,-49949,-49580,-49211,-48842,-48473,-48104,-47735,-47366,-46997,-46628,-46259,-45890,-45521,-45152,-44783,-44414,-44045,-43676,-43307,-42938,-42569,-42200,-41831,-41462,-41093,-40724,-40355,-39986,-39617,-39248,-38879,-38510,-38141,-37772,-37403,-37034,-36665,-36296,-35927,-35558,-35189,-34820,-34451,-34082,-33713,-33344,-32975,-32606,-32237,-31868,-31499,-31130,-30761,-30392,-30023,-29654,-29285,-28916,-28547,-28178,-27809,-27440,-27071,-26702,-26333,-25964,-25595,-25226,-24857,-24488,-24119,-23750,-23381,-23012,-22643,-22274,-21905,-21536,-21167,-20798,-20429,-20060,-19691,-19322,-18953,-18584,-18215,-17846,-17477,-17108,-16739,-16370,-16001,-15632,-15263,-14894,-14525,-14156,-13787,-13418,-13049,-12680,-12311,-11942,-11573,-11204,-10835,-10466,-10097,-9728,-9359,-8990,-8621,-8252,-7883,-7514,-7145,-6776,-6407,-6038,-5669,-5300,-4931,-4562,-4193,-3824,-3455,-3086,-2717,-2348,-1979,-1610,-1241,-872,-503,-134
236,605,974,1343,1712,2081,2450,2819,3188,3557,3926,4295,4664,5033,5402,5771,6140,6509,6878,7247,7616,7985,8354,8723,9092,9461,9830,10199,10568,10937,11306,11675,12044,12413,12782,13151,13520,13889,14258,14627,14996,15365,15734,16103,16472,16841,17210,17579,17948,18317,18686,19055,19424,19793,20162,20531,20900,21269,21638,22007,22376,22745,23114,23483,23852,24221,24590,24959,25328,25697,26066,26435,26804,27173,27542,27911,28280,28649,29018,29387,29756,30125,30494,30863,31232,31601,31970,32339,32708,33077,33446,33815,34184,34553,34922,35291,35660,36029,36398,36767,37136,37505,37874,38243,38612,38981,39350,39719,40088,40457,40826,41195,41564,41933,42302,42671,43040,43409,43778,44147,44516,44885,45254,45623,45992,46361,46730,47099,47468,47837,48206,48575,48944,49077,49313,49682,50051,50420,50789,51158,51527,51896,52265,52634,53003,53372,53741,54110,54479,54848,55217,55586,55955,56324,56693,57062,57431,57800,58169,58538,58907,59276,59645,60014,60383,60752,61121,61490,61859,62228,62597,62966,63335,63704,64073,64442,64811,65180,65549,65918,66287,66656,67025,67394,67763,-68029,-67660,-67291,-66922,-66553,-66184,-65815,-65446,-65077,-64708,-64339,-63970,-63601,-63232,-62863,-62494,-62125,-61756,-61387,-61018,-60649,-60280,-59911,-59542,-59173,-58804,-58435,-58066,-57697,-57328,-56959,-56590,-56221,-55852,-55483,-55114,-54745,-54376,-54007,-53638,-53269,-52900,-52531,-52162,-51793,-51424,-51055,-50686,-50317,-49948,-49579,-49210,-48841,-48472,-48103,-47734,-47365,-46996,-46627,-46258,-45889,-45520,-45151,-44782,-44413,-44044,-43675,-43306,-42937,-42568,-42199,-41830,-41461,-41092,-40723,-40354,-39985,-39616,-39247,-38878,-38509,-38140,-37771,-37402,-37033,-36664,-36295,-35926,-35557,-35188,-34819,-34450,-34081,-33712,-33343,-32974,-32605,-32236,-31867,-31498,-31129,-30760,-30391,-30022,-29653,-29284,-28915,-28546,-28177,-27808,-27439,-27070,-26701,-26332,-25963,-25594,-25225,-24856,-24487,-24118,-23749,-23380,-23011,-22642,-22273,-21904,-21535,-21166,-20797,-20428,-20059,-19690,-19321,-18952,-18583,-18214,-17845,-17476,-17107,-16738,-16369,-16000,-15631,-15262,-14893,-14524,-14155,-13786,-13417,-13048,-12679,-12310,-11941,-11572,-11203,-10834,-10465,-10096,-9727,-9358,-8989,-8620,-8251,-7882,-7513,-7144,-6775,-6406,-6037,-5668,-5299,-4930,-4561,-4192,-3823,-3454,-3085,-2716,-2347,-1978,-1609,-1240,-871,-502,-133
237,606,975,1344,1713,2082,2451,2820,3189,3558,3927,4296,4665,5034,5403,5772,6141,6510,6879,7248,7617,7986,8355,8724,9093,9462,9831,10200,10569,10938,11307,11676,12045,12414,12783,13152,13521,13890,14259,14628,14997,15366,15735,16104,16473,16842,17211,17580,17949,18318,18687,19056,19425,19794,20163,20532,20901,21270,21639,22008,22377,22746,23115,23484,23853,24222,24591,24960,25329,25698,26067,26436,26805,27174,27543,27912,28281,28650,29019,29388,29757,30126,30495,30864,31233,31602,31971,32340,32709,33078,33447,33816,34185,34554,34923,35292,35661,36030,36399,36768,37137,37506,37875,38244,38613,38982,39351,39720,40089,40458,40827,41196,41565,41934,42303,42672,43041,43410,43779,44148,44517,44886,45255,45624,45993,46362,46731,47100,47469,47838,48207,48576,48708,48945,49314,49683,50052,50421,50790,51159,51528,51897,52266,52635,53004,53373,53742,54111,54480,54849,55218,55587,55956,56325,56694,57063,57432,57801,58170,58539,58908,59277,59646,60015,60384,60753,61122,61491,61860,62229,62598,62967,63336,63705,64074,64443,64812,65181,65550,65919,66288,66657,67026,67395,67764,-68028,-67659,-67290,-66921,-66552,-66183,-65814,-65445,-65076,-64707,-64338,-63969,-63600,-63231,-62862,-62493,-62124,-61755,-61386,-61017,-60648,-60279,-59910,-59541,-59172,-58803,-58434,-58065,-57696,-57327,-56958,-56589,-56220,-55851,-55482,-55113,-54744,-54375,-54006,-53637,-53268,-52899,-52530,-52161,-51792,-51423,-51054,-50685,-50316,-49947,-49578,-49209,-48840,-48471,-48102,-47733,-47364,-46995,-46626,-46257,-45888,-45519,-45150,-44781,-44412,-44043,-43674,-43305,-42936,-42567,-42198,-41829,-41460,-41091,-40722,-40353,-39984,-39615,-39246,-38877,-38508,-38139,-37770,-37401,-37032,-36663,-36294,-35925,-35556,-35187,-34818,-34449,-34080,-33711,-33342,-32973,-32604,-32235,-31866,-31497,-31128,-30759,-30390,-30021,-29652,-29283,-28914,-28545,-28176,-27807,-27438,-27069,-26700,-26331,-25962,-25593,-25224,-24855,-24486,-24117,-23748,-23379,-23010,-22641,-22272,-21903,-21534,-21165,-20796,-20427,-20058,-19689,-19320,-18951,-18582,-18213,-17844,-17475,-17106,-16737,-16368,-15999,-15630,-15261,-14892,-14523,-14154,-13785,-13416,-13047,-12678,-12309,-11940,-11571,-11202,-10833,-10464,-10095,-9726,-9357,-8988,-8619,-8250,-7881,-7512,-7143,-6774,-6405,-6036,-5667,-5298,-4929,-4560,-4191,-3822,-3453,-3084,-2715,-2346,-1977,-1608,-1239,-870,-501,-132
238,607,976,1345,1714,2083,2452,2821,3190,3559,3928,4297,4666,5035,5404,5773,6142,6511,6880,7249,7618,7987,8356,8725,9094,9463,9832,10201,10570,10939,11308,11677,12046,12415,12784,13153,13522,13891,14260,14629,14998,15367,15736,16105,16474,16843,17212,17581,17950,18319,18688,19057,19426,19795,20164,20533,20902,21271,21640,22009,22378,22747,23116,23485,23854,24223,24592,24961,25330,25699,26068,26437,26806,27175,27544,27913,28282,28651,29020,29389,29758,30127,30496,30865,31234,31603,31972,32341,32710,33079,33448,33817,34186,34555,34924,35293,35662,36031,36400,36769,37138,37507,37876,38245,38614,38983,39352,39721,40090,40459,40828,41197,41566,41935,42304,42673,43042,43411,43780,44149,44518,44887,45256,45625,45994,46363,46732,47101,47470,47839,48208,48339,48577,48946,49315,49684,50053,50422,50791,51160,51529,51898,52267,52636,53005,53374,53743,54112,54481,54850,55219,55588,55957,56326,56695,57064,57433,57802,58171,58540,58909,59278,59647,60016,60385,60754,61123,61492,61861,62230,62599,62968,63337,63706,64075,64444,64813,65182,65551,65920,66289,66658,67027,67396,67765,-68027,-67658,-67289,-66920,-66551,-66182,-65813,-65444,-65075,-64706,-64337,-63968,-63599,-63230,-62861,-62492,-62123,-61754,-61385,-61016,-60647,-60278,-59909,-59540,-59171,-58802,-58433,-58064,-57695,-57326,-56957,-56588,-56219,-55850,-55481,-55112,-54743,-54374,-54005,-53636,-53267,-52898,-52529,-52160,-51791,-51422,-51053,-50684,-50315,-49946,-49577,-49208,-48839,-48470,-48101,-47732,-47363,-46994,-46625,-46256,-45887,-45518,-45149,-44780,-44411,-44042,-43673,-43304,-42935,-42566,-42197,-41828,-41459,-41090,-40721,-40352,-39983,-39614,-39245,-38876,-38507,-38138,-37769,-37400,-37031,-36662,-36293,-35924,-35555,-35186,-34817,-34448,-34079,-33710,-33341,-32972,-32603,-32234,-31865,-31496,-31127,-30758,-30389,-30020,-29651,-29282,-28913,-28544,-28175,-27806,-27437,-27068,-26699,-26330,-25961,-25592,-25223,-24854,-24485,-24116,-23747,-23378,-23009,-22640,-22271,-21902,-21533,-21164,-20795,-20426,-20057,-19688,-19319,-18950,-18581,-18212,-17843,-17474,-17105,-16736,-16367,-15998,-15629,-15260,-14891,-14522,-14153,-13784,-13415,-13046,-12677,-12308,-11939,-11570,-11201,-10832,-10463,-10094,-9725,-9356,-8987,-8618,-8249,-7880,-7511,-7142,-6773,-6404,-6035,-5666,-5297,-4928,-4559,-4190,-3821,-3452,-3083,-2714,-2345,-1976,-1607,-1238,-869,-500,-131
239,608,977,1346,1715,2084,2453,2822,3191,3560,3929,4298,4667,5036,5405,5774,6143,6512,6881,7250,7619,7988,8357,8726,9095,9464,9833,10202,10571,10940,11309,11678,12047,12416,12785,13154,13523,13892,14261,14630,14999,15368,15737,16106,16475,16844,17213,17582,17951,18320,18689,19058,19427,19796,20165,20534,20903,21272,21641,22010,22379,22748,23117,23486,23855,24224,24593,24962,25331,25700,26069,26438,26807,27176,27545,27914,28283,28652,29021,29390,29759,30128,30497,30866,31235,31604,31973,32342,32711,33080,33449,33818,34187,34556,34925,35294,35663,36032,36401,36770,37139,37508,37877,38246,38615,38984,39353,39722,40091,40460,40829,41198,41567,41936,42305,42674,43043,43412,43781,44150,44519,44888,45257,45626,45995,46364,46733,47102,47471,47840,47970,48209,48578,48947,49316,49685,50054,50423,50792,51161,51530,51899,52268,52637,53006,53375,53744,54113,54482,54851,55220,55589,55958,56327,56696,57065,57434,57803,58172,58541,58910,59279,59648,60017,60386,60755,61124,61493,61862,62231,62600,62969,63338,63707,64076,64445,64814,65183,65552,65921,66290,66659,67028,67397,67766,-68026,-67657,-67288,-66919,-66550,-66181,-65812,-65443,-65074,-64705,-64336,-63967,-63598,-63229,-62860,-62491,-62122,-61753,-61384,-61015,-60646,-60277,-59908,-59539,-59170,-58801,-58432,-58063,-57694,-57325,-56956,-56587,-56218,-55849,-55480,-55111,-54742,-54373,-54004,-53635,-53266,-52897,-52528,-52159,-51790,-51421,-51052,-50683,-50314,-49945,-49576,-49207,-48838,-48469,-48100,-47731,-47362,-46993,-46624,-46255,-45886,-45517,-45148,-44779,-44410,-44041,-43672,-43303,-42934,-42565,-42196,-41827,-41458,-41089,-40720,-40351,-39982,-39613,-39244,-38875,-38506,-38137,-37768,-37399,-37030,-36661,-36292,-35923,-35554,-35185,-34816,-34447,-34078,-33709,-33340,-32971,-32602,-32233,-31864,-31495,-31126,-30757,-30388,-30019,-29650,-29281,-28912,-28543,-28174,-27805,-27436,-27067,-26698,-26329,-25960,-25591,-25222,-24853,-24484,-24115,-23746,-23377,-23008,-22639,-22270,-21901,-21532,-21163,-20794,-20425,-20056,-19687,-19318,-18949,-18580,-18211,-17842,-17473,-17104,-16735,-16366,-15997,-15628,-15259,-14890,-14521,-14152,-13783,-13414,-13045,-12676,-12307,-11938,-11569,-11200,-10831,-10462,-10093,-9724,-9355,-8986,-8617,-8248,-7879,-7510,-7141,-6772,-6403,-6034,-5665,-5296,-4927,-4558,-4189,-3820,-3451,-3082,-2713,-2344,-1975,-1606,-1237,-868,-499,-130
240,609,978,1347,1716,2085,2454,2823,3192,3561,3930,4299,4668,5037,5406,5775,6144,6513,6882,7251,7620,7989,8358,8727,9096,9465,9834,10203,10572,10941,11310,11679,12048,12417,12786,13155,13524,13893,14262,14631,15000,15369,15738,16107,16476,16845,17214,17583,17952,18321,18690,19059,19428,19797,20166,20535,20904,21273,21642,22011,22380,22749,23118,23487,23856,24225,24594,24963,25332,25701,26070,26439,26808,27177,27546,27915,28284,28653,29022,29391,29760,30129,30498,30867,31236,31605,31974,32343,32712,33081,33450,33819,34188,34557,34926,35295,35664,36033,36402,36771,37140,37509,37878,38247,38616,38985,39354,39723,40092,40461,40830,41199,41568,41937,42306,42675,43044,43413,43782,44151,44520,44889,45258,45627,45996,46365,46734,47103,47472,47601,47841,48210,48579,48948,49317,49686,50055,50424,50793,51162,51531,51900,52269,52638,53007,53376,53745,54114,54483,54852,55221,55590,55959,56328,56697,57066,57435,57804,58173,58542,58911,59280,59649,60018,60387,60756,61125,61494,61863,62232,62601,62970,63339,63708,64077,64446,64815,65184,65553,65922,66291,66660,67029,67398,67767,-68025,-67656,-67287,-66918,-66549,-66180,-65811,-65442,-65073,-64704,-64335,-63966,-63597,-63228,-62859,-62490,-62121,-61752,-61383,-61014,-60645,-60276,-59907,-59538,-59169,-58800,-58431,-58062,-57693,-57324,-56955,-56586,-56217,-55848,-55479,-55110,-54741,-54372,-54003,-53634,-53265,-52896,-52527,-52158,-51789,-51420,-51051,-50682,-50313,-49944,-49575,-49206,-48837,-48468,-48099,-47730,-47361,-46992,-46623,-46254,-45885,-45516,-45147,-44778,-44409,-44040,-43671,-43302,-42933,-42564,-42195,-41826,-41457,-41088,-40719,-40350,-39981,-39612,-39243,-38874,-38505,-38136,-37767,-37398,-37029,-36660,-36291,-35922,-35553,-35184,-34815,-34446,-34077,-33708,-33339,-32970,-32601,-32232,-31863,-31494,-31125,-30756,-30387,-30018,-29649,-29280,-28911,-28542,-28173,-27804,-27435,-27066,-26697,-26328,-25959,-25590,-25221,-24852,-24483,-24114,-23745,-23376,-23007,-22638,-22269,-21900,-21531,-21162,-20793,-20424,-20055,-19686,-19317,-18948,-18579,-18210,-17841,-17472,-17103,-16734,-16365,-15996,-15627,-15258,-14889,-14520,-14151,-13782,-13413,-13044,-12675,-12306,-11937,-11568,-11199,-10830,-10461,-10092,-9723,-9354,-8985,-8616,-8247,-7878,-7509,-7140,-6771,-6402,-6033,-5664,-5295,-4926,-4557,-4188,-3819,-3450,-3081,-2712,-2343,-1974,-1605,-1236,-867,-498,-129
241,610,979,1348,1717,2086,2455,2824,3193,3562,3931,4300,4669,5038,5407,5776,6145,6514,6883,7252,7621,7990,8359,8728,9097,9466,9835,10204,10573,10942,11311,11680,12049,12418,12787,13156,13525,13894,14263,14632,15001,15370,15739,16108,16477,16846,17215,17584,17953,18322,18691,19060,19429,19798,20167,20536,20905,21274,21643,22012,22381,22750,23119,23488,23857,24226,24595,24964,25333,25702,26071,26440,26809,27178,27547,27916,28285,28654,29023,29392,29761,30130,30499,30868,31237,31606,31975,32344,32713,33082,33451,33820,34189,34558,34927,35296,35665,36034,36403,36772,37141,37510,37879,38248,38617,38986,39355,39724,40093,40462,40831,41200,41569,41938,42307,42676,43045,43414,43783,44152,44521,44890,45259,45628,45997,46366,46735,47104,47232,47473,47842,48211,48580,48949,49318,49687,50056,50425,50794,51163,51532,51901,52270,52639,53008,53377,53746,54115,54484,54853,55222,55591,55960,56329,56698,57067,57436,57805,58174,58543,58912,59281,59650,60019,60388,60757,61126,61495,61864,62233,62602,62971,63340,63709,64078,64447,64816,65185,65554,65923,66292,66661,67030,67399,67768,-68024,-67655,-67286,-66917,-66548,-66179,-65810,-65441,-65072,-64703,-64334,-63965,-63596,-63227,-62858,-62489,-62120,-61751,-61382,-61013,-60644,-60275,-59906,-59537,-59168,-58799,-58430,-58061,-57692,-57323,-56954,-56585,-56216,-55847,-55478,-55109,-54740,-54371,-54002,-53633,-53264,-52895,-52526,-52157,-51788,-51419,-51050,-50681,-50312,-49943,-49574,-49205,-48836,-48467,-48098,-47729,-47360,-46991,-46622,-46253,-45884,-45515,-45146,-44777,-44408,-44039,-43670,-43301,-42932,-42563,-42194,-41825,-41456,-41087,-40718,-40349,-39980,-39611,-39242,-38873,-38504,-38135,-37766,-37397,-37028,-36659,-36290,-35921,-35552,-35183,-34814,-34445,-34076,-33707,-33338,-32969,-32600,-32231,-31862,-31493,-31124,-30755,-30386,-30017,-29648,-29279,-28910,-28541,-28172,-27803,-27434,-27065,-26696,-26327,-25958,-25589,-25220,-24851,-24482,-24113,-23744,-23375,-23006,-22637,-22268,-21899,-21530,-21161,-20792,-20423,-20054,-19685,-19316,-18947,-18578,-18209,-17840,-17471,-17102,-16733,-16364,-15995,-15626,-15257,-14888,-14519,-14150,-13781,-13412,-13043,-12674,-12305,-11936,-11567,-11198,-10829,-10460,-10091,-9722,-9353,-8984,-8615,-8246,-7877,-7508,-7139,-6770,-6401,-6032,-5663,-5294,-4925,-4556,-4187,-3818,-3449,-3080,-2711,-2342,-1973,-1604,-1235,-866,-497,-128
242,611,980,1349,1718,2087,2456,2825,3194,3563,3932,4301,4670,5039,5408,5777,6146,6515,6884,7253,7622,7991,8360,8729,9098,9467,9836,10205,10574,10943,11312,11681,12050,12419,12788,13157,13526,13895,14264,14633,15002,15371,15740,16109,16478,16847,17216,17585,17954,18323,18692,19061,19430,19799,20168,20537,20906,21275,21644,22013,22382,22751,23120,23489,23858,24227,24596,24965,25334,25703,26072,26441,26810,27179,27548,27917,28286,28655,29024,29393,29762,30131,30500,30869,31238,31607,31976,32345,32714,33083,33452,33821,34190,34559,34928,35297,35666,36035,36404,36773,37142,37511,37880,38249,38618,38987,39356,39725,40094,40463,40832,41201,41570,41939,42308,42677,43046,43415,43784,44153,44522,44891,45260,45629,45998,46367,46736,46863,47105,47474,47843,48212,48581,48950,49319,49688,50057,50426,50795,51164,51533,51902,52271,52640,53009,53378,53747,54116,54485,54854,55223,55592,55961,56330,56699,57068,57437,57806,58175,58544,58913,59282,59651,60020,60389,60758,61127,61496,61865,62234,62603,62972,63341,63710,64079,64448,64817,65186,65555,65924,66293,66662,67031,67400,67769,-68023,-67654,-67285,-66916,-66547,-66178,-65809,-65440,-65071,-64702,-64333,-63964,-63595,-63226,-62857,-62488,-62119,-61750,-61381,-61012,-60643,-60274,-59905,-59536,-59167,-58798,-58429,-58060,-57691,-57322,-56953,-56584,-56215,-55846,-55477,-55108,-54739,-54370,-54001,-53632,-53263,-52894,-52525,-52156,-51787,-51418,-51049,-50680,-50311,-49942,-49573,-49204,-48835,-48466,-48097,-47728,-47359,-46990,-46621,-46252,-45883,-45514,-45145,-44776,-44407,-44038,-43669,-43300,-42931,-42562,-42193,-41824,-41455,-41086,-40717,-40348,-39979,-39610,-39241,-38872,-38503,-38134,-37765,-37396,-37027,-36658,-36289,-35920,-35551,-35182,-34813,-34444,-34075,-33706,-33337,-32968,-32599,-32230,-31861,-31492,-31123,-30754,-30385,-30016,-29647,-29278,-28909,-28540,-28171,-27802,-27433,-27064,-26695,-26326,-25957,-25588,-25219,-24850,-24481,-24112,-23743,-23374,-23005,-22636,-22267,-21898,-21529,-21160,-20791,-20422,-20053,-19684,-19315,-18946,-18577,-18208,-17839,-17470,-17101,-16732,-16363,-15994,-15625,-15256,-14887,-14518,-14149,-13780,-13411,-13042,-12673,-12304,-11935,-11566,-11197,-10828,-10459,-10090,-9721,-9352,-8983,-8614,-8245,-7876,-7507,-7138,-6769,-6400,-6031,-5662,-5293,-4924,-4555,-4186,-3817,-3448,-3079,-2710,-2341,-1972,-1603,-1234,-865,-496,-127
243,612,981,1350,1719,2088,2457,2826,3195,3564,3933,4302,4671,5040,5409,5778,6147,6516,6885,7254,7623,7992,8361,8730,9099,9468,9837,10206,10575,10944,11313,11682,12051,12420,12789,13158,13527,13896,14265,14634,15003,15372,15741,16110,16479,16848,17217,17586,17955,18324,18693,19062,19431,19800,20169,20538,20907,21276,21645,22014,22383,22752,23121,23490,23859,24228,24597,24966,25335,25704,26073,26442,26811,27180,27549,27918,28287,28656,29025,29394,29763,30132,30501,30870,31239,31608,31977,32346,32715,33084,33453,33822,34191,34560,34929,35298,35667,36036,36405,36774,37143,37512,37881,38250,38619,38988,39357,39726,40095,40464,40833,41202,41571,41940,42309,42678,43047,43416,43785,44154,44523,44892,45261,45630,45999,46368,46494,46737,47106,47475,47844,48213,48582,48951,49320,49689,50058,50427,50796,51165,51534,51903,52272,52641,53010,53379,53748,54117,54486,54855,55224,55593,55962,56331,56700,57069,57438,57807,58176,58545,58914,59283,59652,60021,60390,60759,61128,61497,61866,62235,62604,62973,63342,63711,64080,64449,64818,65187,65556,65925,66294,66663,67032,67401,67770,-68022,-67653,-67284,-66915,-66546,-66177,-65808,-65439,-65070,-64701,-64332,-63963,-63594,-63225,-62856,-62487,-62118,-61749,-61380,-61011,-60642,-60273,-59904,-59535,-59166,-58797,-58428,-58059,-57690,-57321,-56952,-56583,-56214,-55845,-55476,-55107,-54738,-54369,-54000,-53631,-53262,-52893,-52524,-52155,-51786,-51417,-51048,-50679,-50310,-49941,-49572,-49203,-48834,-48465,-48096,-47727,-47358,-46989,-46620,-46251,-45882,-45513,-45144,-44775,-44406,-44037,-43668,-43299,-42930,-42561,-42192,-41823,-41454,-41085,-40716,-40347,-39978,-39609,-39240,-38871,-38502,-38133,-37764,-37395,-37026,-36657,-36288,-35919,-35550,-35181,-34812,-34443,-34074,-33705,-33336,-32967,-32598,-32229,-31860,-31491,-31122,-30753,-30384,-30015,-29646,-29277,-28908,-28539,-28170,-27801,-27432,-27063,-26694,-26325,-25956,-25587,-25218,-24849,-24480,-24111,-23742,-23373,-23004,-22635,-22266,-21897,-21528,-21159,-20790,-20421,-20052,-19683,-19314,-18945,-18576,-18207,-17838,-17469,-17100,-16731,-16362,-15993,-15624,-15255,-14886,-14517,-14148,-13779,-13410,-13041,-12672,-12303,-11934,-11565,-11196,-10827,-10458,-10089,-9720,-9351,-8982,-8613,-8244,-7875,-7506,-7137,-6768,-6399,-6030,-5661,-5292,-4923,-4554,-4185,-3816,-3447,-3078,-2709,-2340,-1971,-1602,-1233,-864,-495,-126
244,613,982,1351,1720,2089,2458,2827,3196,3565,3934,4303,4672,5041,5410,5779,6148,6517,6886,7255,7624,7993,8362,8731,9100,9469,9838,10207,10576,10945,11314,11683,12052,12421,12790,13159,13528,13897,14266,14635,15004,15373,15742,16111,16480,16849,17218,17587,17956,18325,18694,19063,19432,19801,20170,20539,20908,21277,21646,22015,22384,22753,23122,23491,23860,24229,24598,24967,25336,25705,26074,26443,26812,27181,27550,27919,28288,28657,29026,29395,29764,30133,30502,30871,31240,31609,31978,32347,32716,33085,33454,33823,34192,34561,34930,35299,35668,36037,36406,36775,37144,37513,37882,38251,38620,38989,39358,39727,40096,40465,40834,41203,41572,41941,42310,42679,43048,43417,43786,44155,44524,44893,45262,45631,46000,46125,46369,46738,47107,47476,47845,48214,48583,48952,49321,49690,50059,50428,50797,51166,51535,51904,52273,52642,53011,53380,53749,54118,54487,54856,55225,55594,55963,56332,56701,57070,57439,57808,58177,58546,58915,59284,59653,60022,60391,60760,61129,61498,61867,62236,62605,62974,63343,63712,64081,64450,64819,65188,65557,65926,66295,66664,67033,67402,67771,-68021,-67652,-67283,-66914,-66545,-66176,-65807,-65438,-65069,-64700,-64331,-63962,-63593,-63224,-62855,-62486,-62117,-61748,-61379,-61010,-60641,-60272,-59903,-59534,-59165,-58796,-58427,-58058,-57689,-57320,-56951,-56582,-56213,-55844,-55475,-55106,-54737,-54368,-53999,-53630,-53261,-52892,-52523,-52154,-51785,-51416,-51047,-50678,-50309,-49940,-49571,-49202,-48833,-48464,-48095,-47726,-47357,-46988,-46619,-46250,-45881,-45512,-45143,-44774,-44405,-44036,-43667,-43298,-42929,-42560,-42191,-41822,-41453,-41084,-40715,-40346,-39977,-39608,-39239,-38870,-38501,-38132,-37763,-37394,-37025,-36656,-36287,-35918,-35549,-35180,-34811,-34442,-34073,-33704,-33335,-32966,-32597,-32228,-31859,-31490,-31121,-30752,-30383,-30014,-29645,-29276,-28907,-28538,-28169,-27800,-27431,-27062,-26693,-26324,-25955,-25586,-25217,-24848,-24479,-24110,-23741,-23372,-23003,-22634,-22265,-21896,-21527,-21158,-20789,-20420,-20051,-19682,-19313,-18944,-18575,-18206,-17837,-17468,-17099,-16730,-16361,-15992,-15623,-15254,-14885,-14516,-14147,-13778,-13409,-13040,-12671,-12302,-11933,-11564,-11195,-10826,-10457,-10088,-9719,-9350,-8981,-8612,-8243,-7874,-7505,-7136,-6767,-6398,-6029,-5660,-5291,-4922,-4553,-4184,-3815,-3446,-3077,-2708,-2339,-1970,-1601,-1232,-863,-494,-125
245,614,983,1352,1721,2090,2459,2828,3197,3566,3935,4304,4673,5042,5411,5780,6149,6518,6887,7256,7625,7994,8363,8732,9101,9470,9839,10208,10577,10946,11315,11684,12053,12422,12791,13160,13529,13898,14267,14636,15005,15374,15743,16112,16481,16850,17219,17588,17957,18326,18695,19064,19433,19802,20171,20540,20909,21278,21647,22016,22385,22754,23123,23492,23861,24230,24599,24968,25337,25706,26075,26444,26813,27182,27551,27920,28289,28658,29027,29396,29765,30134,30503,30872,31241,31610,31979,32348,32717,33086,33455,33824,34193,34562,34931,35300,35669,36038,36407,36776,37145,37514,37883,38252,38621,38990,39359,39728,40097,40466,40835,41204,41573,41942,42311,42680,43049,43418,43787,44156,44525,44894,45263,45632,45756,46001,46370,46739,47108,47477,47846,48215,48584,48953,49322,49691,50060,50429,50798,51167,51536,51905,52274,52643,53012,53381,53750,54119,54488,54857,55226,55595,55964,56333,56702,57071,57440,57809,58178,58547,58916,59285,59654,60023,60392,60761,61130,61499,61868,62237,62606,62975,63344,63713,64082,64451,64820,65189,65558,65927,66296,66665,67034,67403,67772,-68020,-67651,-67282,-66913,-66544,-66175,-65806,-65437,-65068,-64699,-64330,-63961,-63592,-63223,-62854,-62485,-62116,-61747,-61378,-61009,-60640,-60271,-59902,-59533,-59164,-58795,-58426,-58057,-57688,-57319,-56950,-56581,-56212,-55843,-55474,-55105,-54736,-54367,-53998,-53629,-53260,-52891,-52522,-52153,-51784,-51415,-51046,-50677,-50308,-49939,-49570,-49201,-48832,-48463,-48094,-47725,-47356,-46987,-46618,-46249,-45880,-45511,-45142,-44773,-44404,-44035,-43666,-43297,-42928,-42559,-42190,-41821,-41452,-41083,-40714,-40345,-39976,-39607,-39238,-38869,-38500,-38131,-37762,-37393,-37024,-36655,-36286,-35917,-35548,-35179,-34810,-34441,-34072,-33703,-33334,-32965,-32596,-32227,-31858,-31489,-31120,-30751,-30382,-30013,-29644,-29275,-28906,-28537,-28168,-27799,-27430,-27061,-26692,-26323,-25954,-25585,-25216,-24847,-24478,-24109,-23740,-23371,-23002,-22633,-22264,-21895,-21526,-21157,-20788,-20419,-20050,-19681,-19312,-18943,-18574,-18205,-17836,-17467,-17098,-16729,-16360,-15991,-15622,-15253,-14884,-14515,-14146,-13777,-13408,-13039,-12670,-12301,-11932,-11563,-11194,-10825,-10456,-10087,-9718,-9349,-8980,-8611,-8242,-7873,-7504,-7135,-6766,-6397,-6028,-5659,-5290,-4921,-4552,-4183,-3814,-3445,-3076,-2707,-2338,-1969,-1600,-1231,-862,-493,-124
246,615,984,1353,1722,2091,2460,2829,3198,3567,3936,4305,4674,5043,5412,5781,6150,6519,6888,7257,7626,7995,8364,8733,9102,9471,9840,10209,10578,10947,11316,11685,12054,12423,12792,13161,13530,13899,14268,14637,15006,15375,15744,16113,16482,16851,17220,17589,17958,18327,18696,19065,19434,19803,20172,20541,20910,21279,21648,22017,22386,22755,23124,23493,23862,24231,24600,24969,25338,25707,26076,26445,26814,27183,27552,27921,28290,28659,29028,29397,29766,30135,30504,30873,31242,31611,31980,32349,32718,33087,33456,33825,34194,34563,34932,35301,35670,36039,36408,36777,37146,37515,37884,38253,38622,38991,39360,39729,40098,40467,40836,41205,41574,41943,42312,42681,43050,43419,43788,44157,44526,44895,45264,45387,45633,46002,46371,46740,47109,47478,47847,48216,48585,48954,49323,49692,50061,50430,50799,51168,51537,51906,52275,52644,53013,53382,53751,54120,54489,54858,55227,55596,55965,56334,56703,57072,57441,57810,58179,58548,58917,59286,59655,60024,60393,60762,61131,61500,61869,62238,62607,62976,63345,63714,64083,64452,64821,65190,65559,65928,66297,66666,67035,67404,67773,-68019,-67650,-67281,-66912,-66543,-66174,-65805,-65436,-65067,-64698,-64329,-63960,-63591,-63222,-62853,-62484,-62115,-61746,-61377,-61008,-60639,-60270,-59901,-59532,-59163,-58794,-58425,-58056,-57687,-57318,-56949,-56580,-56211,-55842,-55473,-55104,-54735,-54366,-53997,-53628,-53259,-52890,-52521,-52152,-51783,-51414,-51045,-50676,-50307,-49938,-49569,-49200,-48831,-48462,-48093,-47724,-47355,-46986,-46617,-46248,-45879,-45510,-45141,-44772,-44403,-44034,-43665,-43296,-42927,-42558,-42189,-41820,-41451,-41082,-40713,-40344,-39975,-39606,-39237,-38868,-38499,-38130,-37761,-37392,-37023,-36654,-36285,-35916,-35547,-35178,-34809,-34440,-34071,-33702,-33333,-32964,-32595,-32226,-31857,-31488,-31119,-30750,-30381,-30012,-29643,-29274,-28905,-28536,-28167,-27798,-27429,-27060,-26691,-26322,-25953,-25584,-25215,-24846,-24477,-24108,-23739,-23370,-23001,-22632,-22263,-21894,-21525,-21156,-20787,-20418,-20049,-19680,-19311,-18942,-18573,-18204,-17835,-17466,-17097,-16728,-16359,-15990,-15621,-15252,-14883,-14514,-14145,-13776,-13407,-13038,-12669,-12300,-11931,-11562,-11193,-10824,-10455,-10086,-9717,-9348,-8979,-8610,-8241,-7872,-7503,-7134,-6765,-6396,-6027,-5658,-5289,-4920,-4551,-4182,-3813,-3444,-3075,-2706,-2337,-1968,-1599,-1230,-861,-492,-123
247,616,985,1354,1723,2092,2461,2830,3199,3568,3937,4306,4675,5044,5413,5782,6151,6520,6889,7258,7627,7996,8365,8734,9103,9472,9841,10210,10579,10948,11317,11686,12055,12424,12793,13162,13531,13900,14269,14638,15007,15376,15745,16114,16483,16852,17221,17590,17959,18328,18697,19066,19435,19804,20173,20542,20911,21280,21649,22018,22387,22756,23125,23494,23863,24232,24601,24970,25339,25708,26077,26446,26815,27184,27553,27922,28291,28660,29029,29398,29767,30136,30505,30874,31243,31612,31981,32350,32719,33088,33457,33826,34195,34564,34933,35302,35671,36040,36409,36778,37147,37516,37885,38254,38623,38992,39361,39730,40099,40468,40837,41206,41575,41944,42313,42682,43051,43420,43789,44158,44527,44896,45018,45265,45634,46003,46372,46741,47110,47479,47848,48217,48586,48955,49324,49693,50062,50431,50800,51169,51538,51907,52276,52645,53014,53383,53752,54121,54490,54859,55228,55597,55966,56335,56704,57073,57442,57811,58180,58549,58918,59287,59656,60025,60394,60763,61132,61501,61870,62239,62608,62977,63346,63715,64084,64453,64822,65191,65560,65929,66298,66667,67036,67405,67774,-68018,-67649,-67280,-66911,-66542,-66173,-65804,-65435,-65066,-64697,-64328,-63959,-63590,-63221,-62852,-62483,-62114,-61745,-61376,-61007,-60638,-60269,-59900,-59531,-59162,-58793,-58424,-58055,-57686,-57317,-56948,-56579,-56210,-55841,-55472,-55103,-54734,-54365,-53996,-53627,-53258,-52889,-52520,-52151,-51782,-51413,-51044,-50675,-50306,-49937,-49568,-49199,-48830,-48461,-48092,-47723,-47354,-46985,-46616,-46247,-45878,-45509,-45140,-44771,-44402,-44033,-43664,-43295,-42926,-42557,-42188,-41819,-41450,-41081,-40712,-40343,-39974,-39605,-39236,-38867,-38498,-38129,-37760,-37391,-37022,-36653,-36284,-35915,-35546,-35177,-34808,-34439,-34070,-33701,-33332,-32963,-32594,-32225,-31856,-31487,-31118,-30749,-30380,-30011,-29642,-29273,-28904,-28535,-28166,-27797,-27428,-27059,-26690,-26321,-25952,-25583,-25214,-24845,-24476,-24107,-23738,-23369,-23000,-22631,-22262,-21893,-21524,-21155,-20786,-20417,-20048,-19679,-19310,-18941,-18572,-18203,-17834,-17465,-17096,-16727,-16358,-15989,-15620,-15251,-14882,-14513,-14144,-13775,-13406,-13037,-12668,-12299,-11930,-11561,-11192,-10823,-10454,-10085,-9716,-9347,-8978,-8609,-8240,-7871,-7502,-7133,-6764,-6395,-6026,-5657,-5288,-4919,-4550,-4181,-3812,-3443,-3074,-2705,-2336,-1967,-1598,-1229,-860,-491,-122
248,617,986,1355,1724,2093,2462,2831,3200,3569,3938,4307,4676,5045,5414,5783,6152,6521,6890,7259,7628,7997,8366,8735,9104,9473,9842,10211,10580,10949,11318,11687,12056,12425,12794,13163,13532,13901,14270,14639,15008,15377,15746,16115,16484,16853,17222,17591,17960,18329,18698,19067,19436,19805,20174,20543,20912,21281,21650,22019,22388,22757,23126,23495,23864,24233,24602,24971,25340,25709,26078,26447,26816,27185,27554,27923,28292,28661,29030,29399,29768,30137,30506,30875,31244,31613,31982,32351,32720,33089,33458,33827,34196,34565,34934,35303,35672,36041,36410,36779,37148,37517,37886,38255,38624,38993,39362,39731,40100,40469,40838,41207,41576,41945,42314,42683,43052,43421,43790,44159,44528,44649,44897,45266,45635,46004,46373,46742,47111,47480,47849,48218,48587,48956,49325,49694,50063,50432,50801,51170,51539,51908,52277,52646,53015,53384,53753,54122,54491,54860,55229,55598,55967,56336,56705,57074,57443,57812,58181,58550,58919,59288,59657,60026,60395,60764,61133,61502,61871,62240,62609,62978,63347,63716,64085,64454,64823,65192,65561,65930,66299,66668,67037,67406,67775,-68017,-67648,-67279,-66910,-66541,-66172,-65803,-65434,-65065,-64696,-64327,-63958,-63589,-63220,-62851,-62482,-62113,-61744,-61375,-61006,-60637,-60268,-59899,-59530,-59161,-58792,-58423,-58054,-57685,-57316,-56947,-56578,-56209,-55840,-55471,-55102,-54733,-54364,-53995,-53626,-53257,-52888,-52519,-52150,-51781,-51412,-51043,-50674,-50305,-49936,-49567,-49198,-48829,-48460,-48091,-47722,-47353,-46984,-46615,-46246,-45877,-45508,-45139,-44770,-44401,-44032,-43663,-43294,-42925,-42556,-42187,-41818,-41449,-41080,-40711,-40342,-39973,-39604,-39235,-38866,-38497,-38128,-37759,-37390,-37021,-36652,-36283,-35914,-35545,-35176,-34807,-34438,-34069,-33700,-33331,-32962,-32593,-32224,-31855,-31486,-31117,-30748,-30379,-30010,-29641,-29272,-28903,-28534,-28165,-27796,-27427,-27058,-26689,-26320,-25951,-25582,-25213,-24844,-24475,-24106,-23737,-23368,-22999,-22630,-22261,-21892,-21523,-21154,-20785,-20416,-20047,-19678,-19309,-18940,-18571,-18202,-17833,-17464,-17095,-16726,-16357,-15988,-15619,-15250,-14881,-14512,-14143,-13774,-13405,-13036,-12667,-12298,-11929,-11560,-11191,-10822,-10453,-10084,-9715,-9346,-8977,-8608,-8239,-7870,-7501,-7132,-6763,-6394,-6025,-5656,-5287,-4918,-4549,-4180,-3811,-3442,-3073,-2704,-2335,-1966,-1597,-1228,-859,-490,-121
249,618,987,1356,1725,2094,2463,2832,3201,3570,3939,4308,4677,5046,5415,5784,6153,6522,6891,7260,7629,7998,8367,8736,9105,9474,9843,10212,10581,10950,11319,11688,12057,12426,12795,13164,13533,13902,14271,14640,15009,15378,15747,16116,16485,16854,17223,17592,17961,18330,18699,19068,19437,19806,20175,20544,20913,21282,21651,22020,22389,22758,23127,23496,23865,24234,24603,24972,25341,25710,26079,26448,26817,27186,27555,27924,28293,28662,29031,29400,29769,30138,30507,30876,31245,31614,31983,32352,32721,33090,33459,33828,34197,34566,34935,35304,35673,36042,36411,36780,37149,37518,37887,38256,38625,38994,39363,39732,40101,40470,40839,41208,41577,41946,42315,42684,43053,43422,43791,44160,44280,44529,44898,45267,45636,46005,46374,46743,47112,47481,47850,48219,48588,48957,49326,49695,50064,50433,50802,51171,51540,51909,52278,52647,53016,53385,53754,54123,54492,54861,55230,55599,55968,56337,56706,57075,57444,57813,58182,58551,58920,59289,59658,60027,60396,60765,61134,61503,61872,62241,62610,62979,63348,63717,64086,64455,64824,65193,65562,65931,66300,66669,67038,67407,67776,-68016,-67647,-67278,-66909,-66540,-66171,-65802,-65433,-65064,-64695,-64326,-63957,-63588,-63219,-62850,-62481,-62112,-61743,-61374,-61005,-60636,-60267,-59898,-59529,-59160,-58791,-58422,-58053,-57684,-57315,-56946,-56577,-56208,-55839,-55470,-55101,-54732,-54363,-53994,-53625,-53256,-52887,-52518,-52149,-51780,-51411,-51042,-50673,-50304,-49935,-49566,-49197,-48828,-48459,-48090,-47721,-47352,-46983,-46614,-46245,-45876,-45507,-45138,-44769,-44400,-44031,-43662,-43293,-42924,-42555,-42186,-41817,-41448,-41079,-40710,-40341,-39972,-39603,-39234,-38865,-38496,-38127,-37758,-37389,-37020,-36651,-36282,-35913,-35544,-35175,-34806,-34437,-34068,-33699,-33330,-32961,-32592,-32223,-31854,-31485,-31116,-30747,-30378,-30009,-29640,-29271,-28902,-28533,-28164,-27795,-27426,-27057,-26688,-26319,-25950,-25581,-25212,-24843,-24474,-24105,-23736,-23367,-22998,-22629,-22260,-21891,-21522,-21153,-20784,-20415,-20046,-19677,-19308,-18939,-18570,-18201,-17832,-17463,-17094,-16725,-16356,-15987,-15618,-15249,-14880,-14511,-14142,-13773,-13404,-13035,-12666,-12297,-11928,-11559,-11190,-10821,-10452,-10083,-9714,-9345,-8976,-8607,-8238,-7869,-7500,-7131,-6762,-6393,-6024,-5655,-5286,-4917,-4548,-4179,-3810,-3441,-3072,-2703,-2334,-1965,-1596,-1227,-858,-489,-120
250,619,988,1357,1726,2095,2464,2833,3202,3571,3940,4309,4678,5047,5416,5785,6154,6523,6892,7261,7630,7999,8368,8737,9106,9475,9844,10213,10582,10951,11320,11689,12058,12427,12796,13165,13534,13903,14272,14641,15010,15379,15748,16117,16486,16855,17224,17593,17962,18331,18700,19069,19438,19807,20176,20545,20914,21283,21652,22021,22390,22759,23128,23497,23866,24235,24604,24973,25342,25711,26080,26449,26818,27187,27556,27925,28294,28663,29032,29401,29770,30139,30508,30877,31246,31615,31984,32353,32722,33091,33460,33829,34198,34567,34936,35305,35674,36043,36412,36781,37150,37519,37888,38257,38626,38995,39364,39733,40102,40471,40840,41209,41578,41947,42316,42685,43054,43423,43792,43911,44161,44530,44899,45268,45637,46006,46375,46744,47113,47482,47851,48220,48589,48958,49327,49696,50065,50434,50803,51172,51541,51910,52279,52648,53017,53386,53755,54124,54493,54862,55231,55600,55969,56338,56707,57076,57445,57814,58183,58552,58921,59290,59659,60028,60397,60766,61135,61504,61873,62242,62611,62980,63349,63718,64087,64456,64825,65194,65563,65932,66301,66670,67039,67408,67777,-68015,-67646,-67277,-66908,-66539,-66170,-65801,-65432,-65063,-64694,-64325,-63956,-63587,-63218,-62849,-62480,-62111,-61742,-61373,-61004,-60635,-60266,-59897,-59528,-59159,-58790,-58421,-58052,-57683,-57314,-56945,-56576,-56207,-55838,-55469,-55100,-54731,-54362,-53993,-53624,-53255,-52886,-52517,-52148,-51779,-51410,-51041,-50672,-50303,-49934,-49565,-49196,-48827,-48458,-48089,-47720,-47351,-46982,-46613,-46244,-45875,-45506,-45137,-44768,-44399,-44030,-43661,-43292,-42923,-42554,-42185,-41816,-41447,-41078,-40709,-40340,-39971,-39602,-39233,-38864,-38495,-38126,-37757,-37388,-37019,-36650,-36281,-35912,-35543,-35174,-34805,-34436,-34067,-33698,-33329,-32960,-32591,-32222,-31853,-31484,-31115,-30746,-30377,-30008,-29639,-29270,-28901,-28532,-28163,-27794,-27425,-27056,-26687,-26318,-25949,-25580,-25211,-24842,-24473,-24104,-23735,-23366,-22997,-22628,-22259,-21890,-21521,-21152,-20783,-20414,-20045,-19676,-19307,-18938,-18569,-18200,-17831,-17462,-17093,-16724,-16355,-15986,-15617,-15248,-14879,-14510,-14141,-13772,-13403,-13034,-12665,-12296,-11927,-11558,-11189,-10820,-10451,-10082,-9713,-9344,-8975,-8606,-8237,-7868,-7499,-7130,-6761,-6392,-6023,-5654,-5285,-4916,-4547,-4178,-3809,-3440,-3071,-2702,-2333,-1964,-1595,-1226,-857,-488,-119
251,620,989,1358,1727,2096,2465,2834,3203,3572,3941,4310,4679,5048,5417,5786,6155,6524,6893,7262,7631,8000,8369,8738,9107,9476,9845,10214,10583,10952,11321,11690,12059,12428,12797,13166,13535,13904,14273,14642,15011,15380,15749,16118,16487,16856,17225,17594,17963,18332,18701,19070,19439,19808,20177,20546,20915,21284,21653,22022,22391,22760,23129,23498,23867,24236,24605,24974,25343,25712,26081,26450,26819,27188,27557,27926,28295,28664,29033,29402,29771,30140,30509,30878,31247,31616,31985,32354,32723,33092,33461,33830,34199,34568,34937,35306,35675,36044,36413,36782,37151,37520,37889,38258,38627,38996,39365,39734,40103,40472,40841,41210,41579,41948,42317,42686,43055,43424,43542,43793,44162,44531,44900,45269,45638,46007,46376,46745,47114,47483,47852,48221,48590,48959,49328,49697,50066,50435,50804,51173,51542,51911,52280,52649,53018,53387,53756,54125,54494,54863,55232,55601,55970,56339,56708,57077,57446,57815,58184,58553,58922,59291,59660,60029,60398,60767,61136,61505,61874,62243,62612,62981,63350,63719,64088,64457,64826,65195,65564,65933,66302,66671,67040,67409,67778,-68014,-67645,-67276,-66907,-66538,-66169,-65800,-65431,-65062,-64693,-64324,-63955,-63586,-63217,-62848,-62479,-62110,-61741,-61372,-61003,-60634,-60265,-59896,-59527,-59158,-58789,-58420,-58051,-57682,-57313,-56944,-56575,-56206,-55837,-55468,-55099,-54730,-54361,-53992,-53623,-53254,-52885,-52516,-52147,-51778,-51409,-51040,-50671,-50302,-49933,-49564,-49195,-48826,-48457,-48088,-47719,-47350,-46981,-46612,-46243,-45874,-45505,-45136,-44767,-44398,-44029,-43660,-43291,-42922,-42553,-42184,-41815,-41446,-41077,-40708,-40339,-39970,-39601,-39232,-38863,-38494,-38125,-37756,-37387,-37018,-36649,-36280,-35911,-35542,-35173,-34804,-34435,-34066,-33697,-33328,-32959,-32590,-32221,-31852,-31483,-31114,-30745,-30376,-30007,-29638,-29269,-28900,-28531,-28162,-27793,-27424,-27055,-26686,-26317,-25948,-25579,-25210,-24841,-24472,-24103,-23734,-23365,-22996,-22627,-22258,-21889,-21520,-21151,-20782,-20413,-20044,-19675,-19306,-18937,-18568,-18199,-17830,-17461,-17092,-16723,-16354,-15985,-15616,-15247,-14878,-14509,-14140,-13771,-13402,-13033,-12664,-12295,-11926,-11557,-11188,-10819,-10450,-10081,-9712,-9343,-8974,-8605,-8236,-7867,-7498,-7129,-6760,-6391,-6022,-5653,-5284,-4915,-4546,-4177,-3808,-3439,-3070,-2701,-2332,-1963,-1594,-1225,-856,-487,-118
252,621,990,1359,1728,2097,2466,2835,3204,3573,3942,4311,4680,5049,5418,5787,6156,6525,6894,7263,7632,8001,8370,8739,9108,9477,9846,10215,10584,10953,11322,11691,12060,12429,12798,13167,13536,13905,14274,14643,15012,15381,15750,16119,16488,16857,17226,17595,17964,18333,18702,19071,19440,19809,20178,20547,20916,21285,21654,22023,22392,22761,23130,23499,23868,24237,24606,24975,25344,25713,26082,26451,26820,27189,27558,27927,28296,28665,29034,29403,29772,30141,30510,30879,31248,31617,31986,32355,32724,33093,33462,33831,34200,34569,34938,35307,35676,36045,36414,36783,37152,37521,37890,38259,38628,38997,39366,39735,40104,40473,40842,41211,41580,41949,42318,42687,43056,43173,43425,43794,44163,44532,44901,45270,45639,46008,46377,46746,47115,47484,47853,48222,48591,48960,49329,49698,50067,50436,50805,51174,51543,51912,52281,52650,53019,53388,53757,54126,54495,54864,55233,55602,55971,56340,56709,57078,57447,57816,58185,58554,58923,59292,59661,60030,60399,60768,61137,61506,61875,62244,62613,62982,63351,63720,64089,64458,64827,65196,65565,65934,66303,66672,67041,67410,67779,-68013,-67644,-67275,-66906,-66537,-66168,-65799,-65430,-65061,-64692,-64323,-63954,-63585,-63216,-62847,-62478,-62109,-61740,-61371,-61002,-60633,-60264,-59895,-59526,-59157,-58788,-58419,-58050,-57681,-57312,-56943,-56574,-56205,-55836,-55467,-55098,-54729,-54360,-53991,-53622,-53253,-52884,-52515,-52146,-51777,-51408,-51039,-50670,-50301,-49932,-49563,-49194,-48825,-48456,-48087,-47718,-47349,-46980,-46611,-46242,-45873,-45504,-45135,-44766,-44397,-44028,-43659,-43290,-42921,-42552,-42183,-41814,-41445,-41076,-40707,-40338,-39969,-39600,-39231,-38862,-38493,-38124,-37755,-37386,-37017,-36648,-36279,-35910,-35541,-35172,-34803,-34434,-34065,-33696,-33327,-32958,-32589,-32220,-31851,-31482,-31113,-30744,-30375,-30006,-29637,-29268,-28899,-28530,-28161,-27792,-27423,-27054,-26685,-26316,-25947,-25578,-25209,-24840,-24471,-24102,-23733,-23364,-22995,-22626,-22257,-21888,-21519,-21150,-20781,-20412,-20043,-19674,-19305,-18936,-18567,-18198,-17829,-17460,-17091,-16722,-16353,-15984,-15615,-15246,-14877,-14508,-14139,-13770,-13401,-13032,-12663,-12294,-11925,-11556,-11187,-10818,-10449,-10080,-9711,-9342,-8973,-8604,-8235,-7866,-7497,-7128,-6759,-6390,-6021,-5652,-5283,-4914,-4545,-4176,-3807,-3438,-3069,-2700,-2331,-1962,-1593,-1224,-855,-486,-117
253,622,991,1360,1729,2098,2467,2836,3205,3574,3943,4312,4681,5050,5419,5788,6157,6526,6895,7264,7633,8002,8371,8740,9109,9478,9847,10216,10585,10954,11323,11692,12061,12430,12799,13168,13537,13906,14275,14644,15013,15382,15751,16120,16489,16858,17227,17596,17965,18334,18703,19072,19441,19810,20179,20548,20917,21286,21655,22024,22393,22762,23131,23500,23869,24238,24607,24976,25345,25714,26083,26452,26821,27190,27559,27928,28297,28666,29035,29404,29773,30142,30511,30880,31249,31618,31987,32356,32725,33094,33463,33832,34201,34570,34939,35308,35677,36046,36415,36784,37153,37522,37891,38260,38629,38998,39367,39736,40105,40474,40843,41212,41581,41950,42319,42688,42804,43057,43426,43795,44164,44533,44902,45271,45640,46009,46378,46747,47116,47485,47854,48223,48592,48961,49330,49699,50068,50437,50806,51175,51544,51913,52282,52651,53020,53389,53758,54127,54496,54865,55234,55603,55972,56341,56710,57079,57448,57817,58186,58555,58924,59293,59662,60031,60400,60769,61138,61507,61876,62245,62614,62983,63352,63721,64090,64459,64828,65197,65566,65935,66304,66673,67042,67411,67780,-68012,-67643,-67274,-66905,-66536,-66167,-65798,-65429,-65060,-64691,-64322,-63953,-63584,-63215,-62846,-62477,-62108,-61739,-61370,-61001,-60632,-60263,-59894,-59525,-59156,-58787,-58418,-58049,-57680,-57311,-56942,-56573,-56204,-55835,-55466,-55097,-54728,-54359,-53990,-53621,-53252,-52883,-52514,-52145,-51776,-51407,-51038,-50669,-50300,-49931,-49562,-49193,-48824,-48455,-48086,-47717,-47348,-46979,-46610,-46241,-45872,-45503,-45134,-44765,-44396,-44027,-43658,-43289,-42920,-42551,-42182,-41813,-41444,-41075,-40706,-40337,-39968,-39599,-39230,-38861,-38492,-38123,-37754,-37385,-37016,-36647,-36278,-35909,-35540,-35171,-34802,-34433,-34064,-33695,-33326,-32957,-32588,-32219,-31850,-31481,-31112,-30743,-30374,-30005,-29636,-29267,-28898,-28529,-28160,-27791,-27422,-27053,-26684,-26315,-25946,-25577,-25208,-24839,-24470,-24101,-23732,-23363,-22994,-22625,-22256,-21887,-21518,-21149,-20780,-20411,-20042,-19673,-19304,-18935,-18566,-18197,-17828,-17459,-17090,-16721,-16352,-15983,-15614,-15245,-14876,-14507,-14138,-13769,-13400,-13031,-12662,-12293,-11924,-11555,-11186,-10817,-10448,-10079,-9710,-9341,-8972,-8603,-8234,-7865,-7496,-7127,-6758,-6389,-6020,-5651,-5282,-4913,-4544,-4175,-3806,-3437,-3068,-2699,-2330,-1961,-1592,-1223,-854,-485,-116
254,623,992,1361,1730,2099,2468,2837,3206,3575,3944,4313,4682,5051,5420,5789,6158,6527,6896,7265,7634,8003,8372,8741,9110,9479,9848,10217,10586,10955,11324,11693,12062,12431,12800,13169,13538,13907,14276,14645,15014,15383,15752,16121,16490,16859,17228,17597,17966,18335,18704,19073,19442,19811,20180,20549,20918,21287,21656,22025,22394,22763,23132,23501,23870,24239,24608,24977,25346,25715,26084,26453,26822,27191,27560,27929,28298,28667,29036,29405,29774,30143,30512,30881,31250,31619,31988,32357,32726,33095,33464,33833,34202,34571,34940,35309,35678,36047,36416,36785,37154,37523,37892,38261,38630,38999,39368,39737,40106,40475,40844,41213,41582,41951,42320,42435,42689,43058,43427,43796,44165,44534,44903,45272,45641,46010,46379,46748,47117,47486,47855,48224,48593,48962,49331,49700,50069,50438,50807,51176,51545,51914,52283,52652,53021,53390,53759,54128,54497,54866,55235,55604,55973,56342,56711,57080,57449,57818,58187,58556,58925,59294,59663,60032,60401,60770,61139,61508,61877,62246,62615,62984,63353,63722,64091,64460,64829,65198,65567,65936,66305,66674,67043,67412,67781,-68011,-67642,-67273,-66904,-66535,-66166,-65797,-65428,-65059,-64690,-64321,-63952,-63583,-63214,-62845,-62476,-62107,-61738,-61369,-61000,-60631,-60262,-59893,-59524,-59155,-58786,-58417,-58048,-57679,-57310,-56941,-56572,-56203,-55834,-55465,-55096,-54727,-54358,-53989,-53620,-53251,-52882,-52513,-52144,-51775,-51406,-51037,-50668,-50299,-49930,-49561,-49192,-48823,-48454,-48085,-47716,-47347,-46978,-46609,-46240,-45871,-45502,-45133,-44764,-44395,-44026,-43657,-43288,-42919,-42550,-42181,-41812,-41443,-41074,-40705,-40336,-39967,-39598,-39229,-38860,-38491,-38122,-37753,-37384,-37015,-36646,-36277,-35908,-35539,-35170,-34801,-34432,-34063,-33694,-33325,-32956,-32587,-32218,-31849,-31480,-31111,-30742,-30373,-30004,-29635,-29266,-28897,-28528,-28159,-27790,-27421,-27052,-26683,-26314,-25945,-25576,-25207,-24838,-24469,-24100,-23731,-23362,-22993,-22624,-22255,-21886,-21517,-21148,-20779,-20410,-20041,-19672,-19303,-18934,-18565,-18196,-17827,-17458,-17089,-16720,-16351,-15982,-15613,-15244,-14875,-14506,-14137,-13768,-13399,-13030,-12661,-12292,-11923,-11554,-11185,-10816,-10447,-10078,-9709,-9340,-8971,-8602,-8233,-7864,-7495,-7126,-6757,-6388,-6019,-5650,-5281,-4912,-4543,-4174,-3805,-3436,-3067,-2698,-2329,-1960,-1591,-1222,-853,-484,-115
255,624,993,1362,1731,2100,2469,2838,3207,3576,3945,4314,4683,5052,5421,5790,6159,6528,6897,7266,7635,8004,8373,8742,9111,9480,9849,10218,10587,10956,11325,11694,12063,12432,12801,13170,13539,13908,14277,14646,15015,15384,15753,16122,16491,16860,17229,17598,17967,18336,18705,19074,19443,19812,20181,20550,20919,21288,21657,22026,22395,22764,23133,23502,23871,24240,24609,24978,25347,25716,26085,26454,26823,27192,27561,27930,28299,28668,29037,29406,29775,30144,30513,30882,31251,31620,31989,32358,32727,33096,33465,33834,34203,34572,34941,35310,35679,36048,36417,36786,37155,37524,37893,38262,38631,39000,39369,39738,40107,40476,40845,41214,41583,41952,42066,42321,42690,43059,43428,43797,44166,44535,44904,45273,45642,46011,46380,46749,47118,47487,47856,48225,48594,48963,49332,49701,50070,50439,50808,51177,51546,51915,52284,52653,53022,53391,53760,54129,54498,54867,55236,55605,55974,56343,56712,57081,57450,57819,58188,58557,58926,59295,59664,60033,60402,60771,61140,61509,61878,62247,62616,62985,63354,63723,64092,64461,64830,65199,65568,65937,66306,66675,67044,67413,67782,-68010,-67641,-67272,-66903,-66534,-66165,-65796,-65427,-65058,-64689,-64320,-63951,-63582,-63213,-62844,-62475,-62106,-61737,-61368,-60999,-60630,-60261,-59892,-59523,-59154,-58785,-58416,-58047,-57678,-57309,-56940,-56571,-56202,-55833,-55464,-55095,-54726,-54357,-53988,-53619,-53250,-52881,-52512,-52143,-51774,-51405,-51036,-50667,-50298,-49929,-49560,-49191,-48822,-48453,-48084,-47715,-47346,-46977,-46608,-46239,-45870,-45501,-45132,-44763,-44394,-44025,-43656,-43287,-42918,-42549,-42180,-41811,-41442,-41073,-40704,-40335,-39966,-39597,-39228,-38859,-38490,-38121,-37752,-37383,-37014,-36645,-36276,-35907,-35538,-35169,-34800,-34431,-34062,-33693,-33324,-32955,-32586,-32217,-31848,-31479,-31110,-30741,-30372,-30003,-29634,-29265,-28896,-28527,-28158,-27789,-27420,-27051,-26682,-26313,-25944,-25575,-25206,-24837,-24468,-24099,-23730,-23361,-22992,-22623,-22254,-21885,-21516,-21147,-20778,-20409,-20040,-19671,-19302,-18933,-18564,-18195,-17826,-17457,-17088,-16719,-16350,-15981,-15612,-15243,-14874,-14505,-14136,-13767,-13398,-13029,-12660,-12291,-11922,-11553,-11184,-10815,-10446,-10077,-9708,-9339,-8970,-8601,-8232,-7863,-7494,-7125,-6756,-6387,-6018,-5649,-5280,-4911,-4542,-4173,-3804,-3435,-3066,-2697,-2328,-1959,-1590,-1221,-852,-483,-114
256,625,994,1363,1732,2101,2470,2839,3208,3577,3946,4315,4684,5053,5422,5791,6160,6529,6898,7267,7636,8005,8374,8743,9112,9481,9850,10219,10588,10957,11326,11695,12064,12433,12802,13171,13540,13909,14278,14647,15016,15385,15754,16123,16492,16861,17230,17599,17968,18337,18706,19075,19444,19813,20182,20551,20920,21289,21658,22027,22396,22765,23134,23503,23872,24241,24610,24979,25348,25717,26086,26455,26824,27193,27562,27931,28300,28669,29038,29407,29776,30145,30514,30883,31252,31621,31990,32359,32728,33097,33466,33835,34204,34573,34942,35311,35680,36049,36418,36787,37156,37525,37894,38263,38632,39001,39370,39739,40108,40477,40846,41215,41584,41697,41953,42322,42691,43060,43429,43798,44167,44536,44905,45274,45643,46012,46381,46750,47119,47488,47857,48226,48595,48964,49333,49702,50071,50440,50809,51178,51547,51916,52285,52654,53023,53392,53761,54130,54499,54868,55237,55606,55975,56344,56713,57082,57451,57820,58189,58558,58927,59296,59665,60034,60403,60772,61141,61510,61879,62248,62617,62986,63355,63724,64093,64462,64831,65200,65569,65938,66307,66676,67045,67414,67783,-68009,-67640,-67271,-66902,-66533,-66164,-65795,-65426,-65057,-64688,-64319,-63950,-63581,-63212,-62843,-62474,-62105,-61736,-61367,-60998,-60629,-60260,-59891,-59522,-59153,-58784,-58415,-58046,-57677,-57308,-56939,-56570,-56201,-55832,-55463,-55094,-54725,-54356,-53987,-53618,-53249,-52880,-52511,-52142,-51773,-51404,-51035,-50666,-50297,-49928,-49559,-49190,-48821,-48452,-48083,-47714,-47345,-46976,-46607,-46238,-45869,-45500,-45131,-44762,-44393,-44024,-43655,-43286,-42917,-42548,-42179,-41810,-41441,-41072,-40703,-40334,-39965,-39596,-39227,-38858,-38489,-38120,-37751,-37382,-37013,-36644,-36275,-35906,-35537,-35168,-34799,-34430,-34061,-33692,-33323,-32954,-32585,-32216,-31847,-31478,-31109,-30740,-30371,-30002,-29633,-29264,-28895,-28526,-28157,-27788,-27419,-27050,-26681,-26312,-25943,-25574,-25205,-24836,-24467,-24098,-23729,-23360,-22991,-22622,-22253,-21884,-21515,-21146,-20777,-20408,-20039,-19670,-19301,-18932,-18563,-18194,-17825,-17456,-17087,-16718,-16349,-15980,-15611,-15242,-14873,-14504,-14135,-13766,-13397,-13028,-12659,-12290,-11921,-11552,-11183,-10814,-10445,-10076,-9707,-9338,-8969,-8600,-8231,-7862,-7493,-7124,-6755,-6386,-6017,-5648,-5279,-4910,-4541,-4172,-3803,-3434,-3065,-2696,-2327,-1958,-1589,-1220,-851,-482,-113
257,626,995,1364,1733,2102,2471,2840,3209,3578,3947,4316,4685,5054,5423,5792,6161,6530,6899,7268,7637,8006,8375,8744,9113,9482,9851,10220,10589,10958,11327,11696,12065,12434,12803,13172,13541,13910,14279,14648,15017,15386,15755,16124,16493,16862,17231,17600,17969,18338,18707,19076,19445,19814,20183,20552,20921,21290,21659,22028,22397,22766,23135,23504,23873,24242,24611,24980,25349,25718,26087,26456,26825,27194,27563,27932,28301,28670,29039,29408,29777,30146,30515,30884,31253,31622,31991,32360,32729,33098,33467,33836,34205,34574,34943,35312,35681,36050,36419,36788,37157,37526,37895,38264,38633,39002,39371,39740,40109,40478,40847,41216,41328,41585,41954,42323,42692,43061,43430,43799,44168,44537,44906,45275,45644,46013,46382,46751,47120,47489,47858,48227,48596,48965,49334,49703,50072,50441,50810,51179,51548,51917,52286,52655,53024,53393,53762,54131,54500,54869,55238,55607,55976,56345,56714,57083,57452,57821,58190,58559,58928,59297,59666,60035,60404,60773,61142,61511,61880,62249,62618,62987,63356,63725,64094,64463,64832,65201,65570,65939,66308,66677,67046,67415,67784,-68008,-67639,-67270,-66901,-66532,-66163,-65794,-65425,-65056,-64687,-64318,-63949,-63580,-63211,-62842,-62473,-62104,-61735,-61366,-60997,-60628,-60259,-59890,-59521,-59152,-58783,-58414,-58045,-57676,-57307,-56938,-56569,-56200,-55831,-55462,-55093,-54724,-54355,-53986,-53617,-53248,-52879,-52510,-52141,-51772,-51403,-51034,-50665,-50296,-49927,-49558,-49189,-48820,-48451,-48082,-47713,-47344,-46975,-46606,-46237,-45868,-45499,-45130,-44761,-44392,-44023,-43654,-43285,-42916,-42547,-42178,-41809,-41440,-41071,-40702,-40333,-39964,-39595,-39226,-38857,-38488,-38119,-37750,-37381,-37012,-36643,-36274,-35905,-35536,-35167,-34798,-34429,-34060,-33691,-33322,-32953,-32584,-32215,-31846,-31477,-31108,-30739,-30370,-30001,-29632,-29263,-28894,-28525,-28156,-27787,-27418,-27049,-26680,-26311,-25942,-25573,-25204,-24835,-24466,-24097,-23728,-23359,-22990,-22621,-22252,-21883,-21514,-21145,-20776,-20407,-20038,-19669,-19300,-18931,-18562,-18193,-17824,-17455,-17086,-16717,-16348,-15979,-15610,-15241,-14872,-14503,-14134,-13765,-13396,-13027,-12658,-12289,-11920,-11551,-11182,-10813,-10444,-10075,-9706,-9337,-8968,-8599,-8230,-7861,-7492,-7123,-6754,-6385,-6016,-5647,-5278,-4909,-4540,-4171,-3802,-3433,-3064,-2695,-2326,-1957,-1588,-1219,-850,-481,-112
258,627,996,1365,1734,2103,2472,2841,3210,3579,3948,4317,4686,5055,5424,5793,6162,6531,6900,7269,7638,8007,8376,8745,9114,9483,9852,10221,10590,10959,11328,11697,12066,12435,12804,13173,13542,13911,14280,14649,15018,15387,15756,16125,16494,16863,17232,17601,17970,18339,18708,19077,19446,19815,20184,20553,20922,21291,21660,22029,22398,22767,23136,23505,23874,24243,24612,24981,25350,25719,26088,26457,26826,27195,27564,27933,28302,28671,29040,29409,29778,30147,30516,30885,31254,31623,31992,32361,32730,33099,33468,33837,34206,34575,34944,35313,35682,36051,36420,36789,37158,37527,37896,38265,38634,39003,39372,39741,40110,40479,40848,40959,41217,41586,41955,42324,42693,43062,43431,43800,44169,44538,44907,45276,45645,46014,46383,46752,47121,47490,47859,48228,48597,48966,49335,49704,50073,50442,50811,51180,51549,51918,52287,52656,53025,53394,53763,54132,54501,54870,55239,55608,55977,56346,56715,57084,57453,57822,58191,58560,58929,59298,59667,60036,60405,60774,61143,61512,61881,62250,62619,62988,63357,63726,64095,64464,64833,65202,65571,65940,66309,66678,67047,67416,67785,-68007,-67638,-67269,-66900,-66531,-66162,-65793,-65424,-65055,-64686,-64317,-63948,-63579,-63210,-62841,-62472,-62103,-61734,-61365,-60996,-60627,-60258,-59889,-59520,-59151,-58782,-58413,-58044,-57675,-57306,-56937,-56568,-56199,-55830,-55461,-55092,-54723,-54354,-53985,-53616,-53247,-52878,-52509,-52140,-51771,-51402,-51033,-50664,-50295,-49926,-49557,-49188,-48819,-48450,-48081,-47712,-47343,-46974,-46605,-46236,-45867,-45498,-45129,-44760,-44391,-44022,-43653,-43284,-42915,-42546,-42177,-41808,-41439,-41070,-40701,-40332,-39963,-39594,-39225,-38856,-38487,-38118,-37749,-37380,-37011,-36642,-36273,-35904,-35535,-35166,-34797,-34428,-34059,-33690,-33321,-32952,-32583,-32214,-31845,-31476,-31107,-30738,-30369,-30000,-29631,-29262,-28893,-28524,-28155,-27786,-27417,-27048,-26679,-26310,-25941,-25572,-25203,-24834,-24465,-24096,-23727,-23358,-22989,-22620,-22251,-21882,-21513,-21144,-20775,-20406,-20037,-19668,-19299,-18930,-18561,-18192,-17823,-17454,-17085,-16716,-16347,-15978,-15609,-15240,-14871,-14502,-14133,-13764,-13395,-13026,-12657,-12288,-11919,-11550,-11181,-10812,-10443,-10074,-9705,-9336,-8967,-8598,-8229,-7860,-7491,-7122,-6753,-6384,-6015,-5646,-5277,-4908,-4539,-4170,-3801,-3432,-3063,-2694,-2325,-1956,-1587,-1218,-849,-480,-111
259,628,997,1366,1735,2104,2473,2842,3211,3580,3949,4318,4687,5056,5425,5794,6163,6532,6901,7270,7639,8008,8377,8746,9115,9484,9853,10222,10591,10960,11329,11698,12067,12436,12805,13174,13543,13912,14281,14650,15019,15388,15757,16126,16495,16864,17233,17602,17971,18340,18709,19078,19447,19816,20185,20554,20923,21292,21661,22030,22399,22768,23137,23506,23875,24244,24613,24982,25351,25720,26089,26458,26827,27196,27565,27934,28303,28672,29041,29410,29779,30148,30517,30886,31255,31624,31993,32362,32731,33100,33469,33838,34207,34576,34945,35314,35683,36052,36421,36790,37159,37528,37897,38266,38635,39004,39373,39742,40111,40480,40590,40849,41218,41587,41956,42325,42694,43063,43432,43801,44170,44539,44908,45277,45646,46015,46384,46753,47122,47491,47860,48229,48598,48967,49336,49705,50074,50443,50812,51181,51550,51919,52288,52657,53026,53395,53764,54133,54502,54871,55240,55609,55978,56347,56716,57085,57454,57823,58192,58561,58930,59299,59668,60037,60406,60775,61144,61513,61882,62251,62620,62989,63358,63727,64096,64465,64834,65203,65572,65941,66310,66679,67048,67417,67786,-68006,-67637,-67268,-66899,-66530,-66161,-65792,-65423,-65054,-64685,-64316,-63947,-63578,-63209,-62840,-62471,-62102,-61733,-61364,-60995,-60626,-60257,-59888,-59519,-59150,-58781,-58412,-58043,-57674,-57305,-56936,-56567,-56198,-55829,-55460,-55091,-54722,-54353,-53984,-53615,-53246,-52877,-52508,-52139,-51770,-51401,-51032,-50663,-50294,-49925,-49556,-49187,-48818,-48449,-48080,-47711,-47342,-46973,-46604,-46235,-45866,-45497,-45128,-44759,-44390,-44021,-43652,-43283,-42914,-42545,-42176,-41807,-41438,-41069,-40700,-40331,-39962,-39593,-39224,-38855,-38486,-38117,-37748,-37379,-37010,-36641,-36272,-35903,-35534,-35165,-34796,-34427,-34058,-33689,-33320,-32951,-32582,-32213,-31844,-31475,-31106,-30737,-30368,-29999,-29630,-29261,-28892,-28523,-28154,-27785,-27416,-27047,-26678,-26309,-25940,-25571,-25202,-24833,-24464,-24095,-23726,-23357,-22988,-22619,-22250,-21881,-21512,-21143,-20774,-20405,-20036,-19667,-19298,-18929,-18560,-18191,-17822,-17453,-17084,-16715,-16346,-15977,-15608,-15239,-14870,-14501,-14132,-13763,-13394,-13025,-12656,-12287,-11918,-11549,-11180,-10811,-10442,-10073,-9704,-9335,-8966,-8597,-8228,-7859,-7490,-7121,-6752,-6383,-6014,-5645,-5276,-4907,-4538,-4169,-3800,-3431,-3062,-2693,-2324,-1955,-1586,-1217,-848,-479,-110
260,629,998,1367,1736,2105,2474,2843,3212,3581,3950,4319,4688,5057,5426,5795,6164,6533,6902,7271,7640,8009,8378,8747,9116,9485,9854,10223,10592,10961,11330,11699,12068,12437,12806,13175,13544,13913,14282,14651,15020,15389,15758,16127,16496,16865,17234,17603,17972,18341,18710,19079,19448,19817,20186,20555,20924,21293,21662,22031,22400,22769,23138,23507,23876,24245,24614,24983,25352,25721,26090,26459,26828,27197,27566,27935,28304,28673,29042,29411,29780,30149,30518,30887,31256,31625,31994,32363,32732,33101,33470,33839,34208,34577,34946,35315,35684,36053,36422,36791,37160,37529,37898,38267,38636,39005,39374,39743,40112,40221,40481,40850,41219,41588,41957,42326,42695,43064,43433,43802,44171,44540,44909,45278,45647,46016,46385,46754,47123,47492,47861,48230,48599,48968,49337,49706,50075,50444,50813,51182,51551,51920,52289,52658,53027,53396,53765,54134,54503,54872,55241,55610,55979,56348,56717,57086,57455,57824,58193,58562,58931,59300,59669,60038,60407,60776,61145,61514,61883,62252,62621,62990,63359,63728,64097,64466,64835,65204,65573,65942,66311,66680,67049,67418,67787,-68005,-67636,-67267,-66898,-66529,-66160,-65791,-65422,-65053,-64684,-64315,-63946,-63577,-63208,-62839,-62470,-62101,-61732,-61363,-60994,-60625,-60256,-59887,-59518,-59149,-58780,-58411,-58042,-57673,-57304,-56935,-56566,-56197,-55828,-55459,-55090,-54721,-54352,-53983,-53614,-53245,-52876,-52507,-52138,-51769,-51400,-51031,-50662,-50293,-49924,-49555,-49186,-48817,-48448,-48079,-47710,-47341,-46972,-46603,-46234,-45865,-45496,-45127,-44758,-44389,-44020,-43651,-43282,-42913,-42544,-42175,-41806,-41437,-41068,-40699,-40330,-39961,-39592,-39223,-38854,-38485,-38116,-37747,-37378,-37009,-36640,-36271,-35902,-35533,-35164,-34795,-34426,-34057,-33688,-33319,-32950,-32581,-32212,-31843,-31474,-31105,-30736,-30367,-29998,-29629,-29260,-28891,-28522,-28153,-27784,-27415,-27046,-26677,-26308,-25939,-25570,-25201,-24832,-24463,-24094,-23725,-23356,-22987,-22618,-22249,-21880,-21511,-21142,-20773,-20404,-20035,-19666,-19297,-18928,-18559,-18190,-17821,-17452,-17083,-16714,-16345,-15976,-15607,-15238,-14869,-14500,-14131,-13762,-13393,-13024,-12655,-12286,-11917,-11548,-11179,-10810,-10441,-10072,-9703,-9334,-8965,-8596,-8227,-7858,-7489,-7120,-6751,-6382,-6013,-5644,-5275,-4906,-4537,-4168,-3799,-3430,-3061,-2692,-2323,-1954,-1585,-1216,-847,-478,-109
261,630,999,1368,1737,2106,2475,2844,3213,3582,3951,4320,4689,5058,5427,5796,6165,6534,6903,7272,7641,8010,8379,8748,9117,9486,9855,10224,10593,10962,11331,11700,12069,12438,12807,13176,13545,13914,14283,14652,15021,15390,15759,16128,16497,16866,17235,17604,17973,18342,18711,19080,19449,19818,20187,20556,20925,21294,21663,22032,22401,22770,23139,23508,23877,24246,24615,24984,25353,25722,26091,26460,26829,27198,27567,27936,28305,28674,29043,29412,29781,30150,30519,30888,31257,31626,31995,32364,32733,33102,33471,33840,34209,34578,34947,35316,35685,36054,36423,36792,37161,37530,37899,38268,38637,39006,39375,39744,39852,40113,40482,40851,41220,41589,41958,42327,42696,43065,43434,43803,44172,44541,44910,45279,45648,46017,46386,46755,47124,47493,47862,48231,48600,48969,49338,49707,50076,50445,50814,51183,51552,51921,52290,52659,53028,53397,53766,54135,54504,54873,55242,55611,55980,56349,56718,57087,57456,57825,58194,58563,58932,59301,59670,60039,60408,60777,61146,61515,61884,62253,62622,62991,63360,63729,64098,64467,64836,65205,65574,65943,66312,66681,67050,67419,67788,-68004,-67635,-67266,-66897,-66528,-66159,-65790,-65421,-65052,-64683,-64314,-63945,-63576,-63207,-62838,-62469,-62100,-61731,-61362,-60993,-60624,-60255,-59886,-59517,-59148,-58779,-58410,-58041,-57672,-57303,-56934,-56565,-56196,-55827,-55458,-55089,-54720,-54351,-53982,-53613,-53244,-52875,-52506,-52137,-51768,-51399,-51030,-50661,-50292,-49923,-49554,-49185,-48816,-48447,-48078,-47709,-47340,-46971,-46602,-46233,-45864,-45495,-45126,-44757,-44388,-44019,-43650,-43281,-42912,-42543,-42174,-41805,-41436,-41067,-40698,-40329,-39960,-39591,-39222,-38853,-38484,-38115,-37746,-37377,-37008,-36639,-36270,-35901,-35532,-35163,-34794,-34425,-34056,-33687,-33318,-32949,-32580,-32211,-31842,-31473,-31104,-30735,-30366,-29997,-29628,-29259,-28890,-28521,-28152,-27783,-27414,-27045,-26676,-26307,-25938,-25569,-25200,-24831,-24462,-24093,-23724,-23355,-22986,-22617,-22248,-21879,-21510,-21141,-20772,-20403,-20034,-19665,-19296,-18927,-18558,-18189,-17820,-17451,-17082,-16713,-16344,-15975,-15606,-15237,-14868,-14499,-14130,-13761,-13392,-13023,-12654,-12285,-11916,-11547,-11178,-10809,-10440,-10071,-9702,-9333,-8964,-8595,-8226,-7857,-7488,-7119,-6750,-6381,-6012,-5643,-5274,-4905,-4536,-4167,-3798,-3429,-3060,-2691,-2322,-1953,-1584,-1215,-846,-477,-108
262,631,1000,1369,1738,2107,2476,2845,3214,3583,3952,4321,4690,5059,5428,5797,6166,6535,6904,7273,7642,8011,8380,8749,9118,9487,9856,10225,10594,10963,11332,11701,12070,12439,12808,13177,13546,13915,14284,14653,15022,15391,15760,16129,16498,16867,17236,17605,17974,18343,18712,19081,19450,19819,20188,20557,20926,21295,21664,22033,22402,22771,23140,23509,23878,24247,24616,24985,25354,25723,26092,26461,26830,27199,27568,27937,28306,28675,29044,29413,29782,30151,30520,30889,31258,31627,31996,32365,32734,33103,33472,33841,34210,34579,34948,35317,35686,36055,36424,36793,37162,37531,37900,38269,38638,39007,39376,39483,39745,40114,40483,40852,41221,41590,41959,42328,42697,43066,43435,43804,44173,44542,44911,45280,45649,46018,46387,46756,47125,47494,47863,48232,48601,48970,49339,49708,50077,50446,50815,51184,51553,51922,52291,52660,53029,53398,53767,54136,54505,54874,55243,55612,55981,56350,56719,57088,57457,57826,58195,58564,58933,59302,59671,60040,60409,60778,61147,61516,61885,62254,62623,62992,63361,63730,64099,64468,64837,65206,65575,65944,66313,66682,67051,67420,67789,-68003,-67634,-67265,-66896,-66527,-66158,-65789,-65420,-65051,-64682,-64313,-63944,-63575,-63206,-62837,-62468,-62099,-61730,-61361,-60992,-60623,-60254,-59885,-59516,-59147,-58778,-58409,-58040,-57671,-57302,-56933,-56564,-56195,-55826,-55457,-55088,-54719,-54350,-53981,-53612,-53243,-52874,-52505,-52136,-51767,-51398,-51029,-50660,-50291,-49922,-49553,-49184,-48815,-48446,-48077,-47708,-47339,-46970,-46601,-46232,-45863,-45494,-45125,-44756,-44387,-44018,-43649,-43280,-42911,-42542,-42173,-41804,-41435,-41066,-40697,-40328,-39959,-39590,-39221,-38852,-38483,-38114,-37745,-37376,-37007,-36638,-36269,-35900,-35531,-35162,-34793,-34424,-34055,-33686,-33317,-32948,-32579,-32210,-31841,-31472,-31103,-30734,-30365,-29996,-29627,-29258,-28889,-28520,-28151,-27782,-27413,-27044,-26675,-26306,-25937,-25568,-25199,-24830,-24461,-24092,-23723,-23354,-22985,-22616,-22247,-21878,-21509,-21140,-20771,-20402,-20033,-19664,-19295,-18926,-18557,-18188,-17819,-17450,-17081,-16712,-16343,-15974,-15605,-15236,-14867,-14498,-14129,-13760,-13391,-13022,-12653,-12284,-11915,-11546,-11177,-10808,-10439,-10070,-9701,-9332,-8963,-8594,-8225,-7856,-7487,-7118,-6749,-6380,-6011,-5642,-5273,-4904,-4535,-4166,-3797,-3428,-3059,-2690,-2321,-1952,-1583,-1214,-845,-476,-107
263,632,1001,1370,1739,2108,2477,2846,3215,3584,3953,4322,4691,5060,5429,5798,6167,6536,6905,7274,7643,8012,8381,8750,9119,9488,9857,10226,10595,10964,11333,11702,12071,12440,12809,13178,13547,13916,14285,14654,15023,15392,15761,16130,16499,16868,17237,17606,17975,18344,18713,19082,19451,19820,20189,20558,20927,21296,21665,22034,22403,22772,23141,23510,23879,24248,24617,24986,25355,25724,26093,26462,26831,27200,27569,27938,28307,28676,29045,29414,29783,30152,30521,30890,31259,31628,31997,32366,32735,33104,33473,33842,34211,34580,34949,35318,35687,36056,36425,36794,37163,37532,37901,38270,38639,39008,39114,39377,39746,40115,40484,40853,41222,41591,41960,42329,42698,43067,43436,43805,44174,44543,44912,45281,45650,46019,46388,46757,47126,47495,47864,48233,48602,48971,49340,49709,50078,50447,50816,51185,51554,51923,52292,52661,53030,53399,53768,54137,54506,54875,55244,55613,55982,56351,56720,57089,57458,57827,58196,58565,58934,59303,59672,60041,60410,60779,61148,61517,61886,62255,62624,62993,63362,63731,64100,64469,64838,65207,65576,65945,66314,66683,67052,67421,67790,-68002,-67633,-67264,-66895,-66526,-66157,-65788,-65419,-65050,-64681,-64312,-63943,-63574,-63205,-62836,-62467,-62098,-61729,-61360,-60991,-60622,-60253,-59884,-59515,-59146,-58777,-58408,-58039,-57670,-57301,-56932,-56563,-56194,-55825,-55456,-55087,-54718,-54349,-53980,-53611,-53242,-52873,-52504,-52135,-51766,-51397,-51028,-50659,-50290,-49921,-49552,-49183,-48814,-48445,-48076,-47707,-47338,-46969,-46600,-46231,-45862,-45493,-45124,-44755,-44386,-44017,-43648,-43279,-42910,-42541,-42172,-41803,-41434,-41065,-40696,-40327,-39958,-39589,-39220,-38851,-38482,-38113,-37744,-37375,-37006,-36637,-36268,-35899,-35530,-35161,-34792,-34423,-34054,-33685,-33316,-32947,-32578,-32209,-31840,-31471,-31102,-30733,-30364,-29995,-29626,-29257,-28888,-28519,-28150,-27781,-27412,-27043,-26674,-26305,-25936,-25567,-25198,-24829,-24460,-24091,-23722,-23353,-22984,-22615,-22246,-21877,-21508,-21139,-20770,-20401,-20032,-19663,-19294,-18925,-18556,-18187,-17818,-17449,-17080,-16711,-16342,-15973,-15604,-15235,-14866,-14497,-14128,-13759,-13390,-13021,-12652,-12283,-11914,-11545,-11176,-10807,-10438,-10069,-9700,-9331,-8962,-8593,-8224,-7855,-7486,-7117,-6748,-6379,-6010,-5641,-5272,-4903,-4534,-4165,-3796,-3427,-3058,-2689,-2320,-1951,-1582,-1213,-844,-475,-106
264,633,1002,1371,1740,2109,2478,2847,3216,3585,3954,4323,4692,5061,5430,5799,6168,6537,6906,7275,7644,8013,8382,8751,9120,9489,9858,10227,10596,10965,11334,11703,12072,12441,12810,13179,13548,13917,14286,14655,15024,15393,15762,16131,16500,16869,17238,17607,17976,18345,18714,19083,19452,19821,20190,20559,20928,21297,21666,22035,22404,22773,23142,23511,23880,24249,24618,24987,25356,25725,26094,26463,26832,27201,27570,27939,28308,28677,29046,29415,29784,30153,30522,30891,31260,31629,31998,32367,32736,33105,33474,33843,34212,34581,34950,35319,35688,36057,36426,36795,37164,37533,37902,38271,38640,38745,39009,39378,39747,40116,40485,40854,41223,41592,41961,42330,42699,43068,43437,43806,44175,44544,44913,45282,45651,46020,46389,46758,47127,47496,47865,48234,48603,48972,49341,49710,50079,50448,50817,51186,51555,51924,52293,52662,53031,53400,53769,54138,54507,54876,55245,55614,55983,56352,56721,57090,57459,57828,58197,58566,58935,59304,59673,60042,60411,60780,61149,61518,61887,62256,62625,62994,63363,63732,64101,64470,64839,65208,65577,65946,66315,66684,67053,67422,67791,-68001,-67632,-67263,-66894,-66525,-66156,-65787,-65418,-65049,-64680,-64311,-63942,-63573,-63204,-62835,-62466,-62097,-61728,-61359,-60990,-60621,-60252,-59883,-59514,-59145,-58776,-58407,-58038,-57669,-57300,-56931,-56562,-56193,-55824,-55455,-55086,-54717,-54348,-53979,-53610,-53241,-52872,-52503,-52134,-51765,-51396,-51027,-50658,-50289,-49920,-49551,-49182,-48813,-48444,-48075,-47706,-47337,-46968,-46599,-46230,-45861,-45492,-45123,-44754,-44385,-44016,-43647,-43278,-42909,-42540,-42171,-41802,-41433,-41064,-40695,-40326,-39957,-39588,-39219,-38850,-38481,-38112,-37743,-37374,-37005,-36636,-36267,-35898,-35529,-35160,-34791,-34422,-34053,-33684,-33315,-32946,-32577,-32208,-31839,-31470,-31101,-30732,-30363,-29994,-29625,-29256,-28887,-28518,-28149,-27780,-27411,-27042,-26673,-26304,-25935,-25566,-25197,-24828,-24459,-24090,-23721,-23352,-22983,-22614,-22245,-21876,-21507,-21138,-20769,-20400,-20031,-19662,-19293,-18924,-18555,-18186,-17817,-17448,-17079,-16710,-16341,-15972,-15603,-15234,-14865,-14496,-14127,-13758,-13389,-13020,-12651,-12282,-11913,-11544,-11175,-10806,-10437,-10068,-9699,-9330,-8961,-8592,-8223,-7854,-7485,-7116,-6747,-6378,-6009,-5640,-5271,-4902,-4533,-4164,-3795,-3426,-3057,-2688,-2319,-1950,-1581,-1212,-843,-474,-105
265,634,1003,1372,1741,2110,2479,2848,3217,3586,3955,4324,4693,5062,5431,5800,6169,6538,6907,7276,7645,8014,8383,8752,9121,9490,9859,10228,10597,10966,11335,11704,12073,12442,12811,13180,13549,13918,14287,14656,15025,15394,15763,16132,16501,16870,17239,17608,17977,18346,18715,19084,19453,19822,20191,20560,20929,21298,21667,22036,22405,22774,23143,23512,23881,24250,24619,24988,25357,25726,26095,26464,26833,27202,27571,27940,28309,28678,29047,29416,29785,30154,30523,30892,31261,31630,31999,32368,32737,33106,33475,33844,34213,34582,34951,35320,35689,36058,36427,36796,37165,37534,37903,38272,38376,38641,39010,39379,39748,40117,40486,40855,41224,41593,41962,42331,42700,43069,43438,43807,44176,44545,44914,45283,45652,46021,46390,46759,47128,47497,47866,48235,48604,48973,49342,49711,50080,50449,50818,51187,51556,51925,52294,52663,53032,53401,53770,54139,54508,54877,55246,55615,55984,56353,56722,57091,57460,57829,58198,58567,58936,59305,59674,60043,60412,60781,61150,61519,61888,62257,62626,62995,63364,63733,64102,64471,64840,65209,65578,65947,66316,66685,67054,67423,67792,-68000,-67631,-67262,-66893,-66524,-66155,-65786,-65417,-65048,-64679,-64310,-63941,-63572,-63203,-62834,-62465,-62096,-61727,-61358,-60989,-60620,-60251,-59882,-59513,-59144,-58775,-58406,-58037,-57668,-57299,-56930,-56561,-56192,-55823,-55454,-55085,-54716,-54347,-53978,-53609,-53240,-52871,-52502,-52133,-51764,-51395,-51026,-50657,-50288,-49919,-49550,-49181,-48812,-48443,-48074,-47705,-47336,-46967,-46598,-46229,-45860,-45491,-45122,-44753,-44384,-44015,-43646,-43277,-42908,-42539,-42170,-41801,-41432,-41063,-40694,-40325,-39956,-39587,-39218,-38849,-38480,-38111,-37742,-37373,-37004,-36635,-36266,-35897,-35528,-35159,-34790,-34421,-34052,-33683,-33314,-32945,-32576,-32207,-31838,-31469,-31100,-30731,-30362,-29993,-29624,-29255,-28886,-28517,-28148,-27779,-27410,-27041,-26672,-26303,-25934,-25565,-25196,-24827,-24458,-24089,-23720,-23351,-22982,-22613,-22244,-21875,-21506,-21137,-20768,-20399,-20030,-19661,-19292,-18923,-18554,-18185,-17816,-17447,-17078,-16709,-16340,-15971,-15602,-15233,-14864,-14495,-14126,-13757,-13388,-13019,-12650,-12281,-11912,-11543,-11174,-10805,-10436,-10067,-9698,-9329,-8960,-8591,-8222,-7853,-7484,-7115,-6746,-6377,-6008,-5639,-5270,-4901,-4532,-4163,-3794,-3425,-3056,-2687,-2318,-1949,-1580,-1211,-842,-473,-104
266,635,1004,1373,1742,2111,2480,2849,3218,3587,3956,4325,4694,5063,5432,5801,6170,6539,6908,7277,7646,8015,8384,8753,9122,9491,9860,10229,10598,10967,11336,11705,12074,12443,12812,13181,13550,13919,14288,14657,15026,15395,15764,16133,16502,16871,17240,17609,17978,18347,18716,19085,19454,19823,20192,20561,20930,21299,21668,22037,22406,22775,23144,23513,23882,24251,24620,24989,25358,25727,26096,26465,26834,27203,27572,27941,28310,28679,29048,29417,29786,30155,30524,30893,31262,31631,32000,32369,32738,33107,33476,33845,34214,34583,34952,35321,35690,36059,36428,36797,37166,37535,37904,38007,38273,38642,39011,39380,39749,40118,40487,40856,41225,41594,41963,42332,42701,43070,43439,43808,44177,44546,44915,45284,45653,46022,46391,46760,47129,47498,47867,48236,48605,48974,49343,49712,50081,50450,50819,51188,51557,51926,52295,52664,53033,53402,53771,54140,54509,54878,55247,55616,55985,56354,56723,57092,57461,57830,58199,58568,58937,59306,59675,60044,60413,60782,61151,61520,61889,62258,62627,62996,63365,63734,64103,64472,64841,65210,65579,65948,66317,66686,67055,67424,67793,-67999,-67630,-67261,-66892,-66523,-66154,-65785,-65416,-65047,-64678,-64309,-63940,-63571,-63202,-62833,-62464,-62095,-61726,-61357,-60988,-60619,-60250,-59881,-59512,-59143,-58774,-58405,-58036,-57667,-57298,-56929,-56560,-56191,-55822,-55453,-55084,-54715,-54346,-53977,-53608,-53239,-52870,-52501,-52132,-51763,-51394,-51025,-50656,-50287,-49918,-49549,-49180,-48811,-48442,-48073,-47704,-47335,-46966,-46597,-46228,-45859,-45490,-45121,-44752,-44383,-44014,-43645,-43276,-42907,-42538,-42169,-41800,-41431,-41062,-40693,-40324,-39955,-39586,-39217,-38848,-38479,-38110,-37741,-37372,-37003,-36634,-36265,-35896,-35527,-35158,-34789,-34420,-34051,-33682,-33313,-32944,-32575,-32206,-31837,-31468,-31099,-30730,-30361,-29992,-29623,-29254,-28885,-28516,-28147,-27778,-27409,-27040,-26671,-26302,-25933,-25564,-25195,-24826,-24457,-24088,-23719,-23350,-22981,-22612,-22243,-21874,-21505,-21136,-20767,-20398,-20029,-19660,-19291,-18922,-18553,-18184,-17815,-17446,-17077,-16708,-16339,-15970,-15601,-15232,-14863,-14494,-14125,-13756,-13387,-13018,-12649,-12280,-11911,-11542,-11173,-10804,-10435,-10066,-9697,-9328,-8959,-8590,-8221,-7852,-7483,-7114,-6745,-6376,-6007,-5638,-5269,-4900,-4531,-4162,-3793,-3424,-3055,-2686,-2317,-1948,-1579,-1210,-841,-472,-103
267,636,1005,1374,1743,2112,2481,2850,3219,3588,3957,4326,4695,5064,5433,5802,6171,6540,6909,7278,7647,8016,8385,8754,9123,9492,9861,10230,10599,10968,11337,11706,12075,12444,12813,13182,13551,13920,14289,14658,15027,15396,15765,16134,16503,16872,17241,17610,17979,18348,18717,19086,19455,19824,20193,20562,20931,21300,21669,22038,22407,22776,23145,23514,23883,24252,24621,24990,25359,25728,26097,26466,26835,27204,27573,27942,28311,28680,29049,29418,29787,30156,30525,30894,31263,31632,32001,32370,32739,33108,33477,33846,34215,34584,34953,35322,35691,36060,36429,36798,37167,37536,37638,37905,38274,38643,39012,39381,39750,40119,40488,40857,41226,41595,41964,42333,42702,43071,43440,43809,44178,44547,44916,45285,45654,46023,46392,46761,47130,47499,47868,48237,48606,48975,49344,49713,50082,50451,50820,51189,51558,51927,52296,52665,53034,53403,53772,54141,54510,54879,55248,55617,55986,56355,56724,57093,57462,57831,58200,58569,58938,59307,59676,60045,60414,60783,61152,61521,61890,62259,62628,62997,63366,63735,64104,64473,64842,65211,65580,65949,66318,66687,67056,67425,67794,-67998,-67629,-67260,-66891,-66522,-66153,-65784,-65415,-65046,-64677,-64308,-63939,-63570,-63201,-62832,-62463,-62094,-61725,-61356,-60987,-60618,-60249,-59880,-59511,-59142,-58773,-58404,-58035,-57666,-57297,-56928,-56559,-56190,-55821,-55452,-55083,-54714,-54345,-53976,-53607,-53238,-52869,-52500,-52131,-51762,-51393,-51024,-50655,-50286,-49917,-49548,-49179,-48810,-48441,-48072,-47703,-47334,-46965,-46596,-46227,-45858,-45489,-45120,-44751,-44382,-44013,-43644,-43275,-42906,-42537,-42168,-41799,-41430,-41061,-40692,-40323,-39954,-39585,-39216,-38847,-38478,-38109,-37740,-37371,-37002,-36633,-36264,-35895,-35526,-35157,-34788,-34419,-34050,-33681,-33312,-32943,-32574,-32205,-31836,-31467,-31098,-30729,-30360,-29991,-29622,-29253,-28884,-28515,-28146,-27777,-27408,-27039,-26670,-26301,-25932,-25563,-25194,-24825,-24456,-24087,-23718,-23349,-22980,-22611,-22242,-21873,-21504,-21135,-20766,-20397,-20028,-19659,-19290,-18921,-18552,-18183,-17814,-17445,-17076,-16707,-16338,-15969,-15600,-15231,-14862,-14493,-14124,-13755,-13386,-13017,-12648,-12279,-11910,-11541,-11172,-10803,-10434,-10065,-9696,-9327,-8958,-8589,-8220,-7851,-7482,-7113,-6744,-6375,-6006,-5637,-5268,-4899,-4530,-4161,-3792,-3423,-3054,-2685,-2316,-1947,-1578,-1209,-840,-471,-102
268,637,1006,1375,1744,2113,2482,2851,3220,3589,3958,4327,4696,5065,5434,5803,6172,6541,6910,7279,7648,8017,8386,8755,9124,9493,9862,10231,10600,10969,11338,11707,12076,12445,12814,13183,13552,13921,14290,14659,15028,15397,15766,16135,16504,16873,17242,17611,17980,18349,18718,19087,19456,19825,20194,20563,20932,21301,21670,22039,22408,22777,23146,23515,23884,24253,24622,24991,25360,25729,26098,26467,26836,27205,27574,27943,28312,28681,29050,29419,29788,30157,30526,30895,31264,31633,32002,32371,32740,33109,33478,33847,34216,34585,34954,35323,35692,36061,36430,36799,37168,37269,37537,37906,38275,38644,39013,39382,39751,40120,40489,40858,41227,41596,41965,42334,42703,43072,43441,43810,44179,44548,44917,45286,45655,46024,46393,46762,47131,47500,47869,48238,48607,48976,49345,49714,50083,50452,50821,51190,51559,51928,52297,52666,53035,53404,53773,54142,54511,54880,55249,55618,55987,56356,56725,57094,57463,57832,58201,58570,58939,59308,59677,60046,60415,60784,61153,61522,61891,62260,62629,62998,63367,63736,64105,64474,64843,65212,65581,65950,66319,66688,67057,67426,67795,-67997,-67628,-67259,-66890,-66521,-66152,-65783,-65414,-65045,-64676,-64307,-63938,-63569,-63200,-62831,-62462,-62093,-61724,-61355,-60986,-60617,-60248,-59879,-59510,-59141,-58772,-58403,-58034,-57665,-57296,-56927,-56558,-56189,-55820,-55451,-55082,-54713,-54344,-53975,-53606,-53237,-52868,-52499,-52130,-51761,-51392,-51023,-50654,-50285,-49916,-49547,-49178,-48809,-48440,-48071,-47702,-47333,-46964,-46595,-46226,-45857,-45488,-45119,-44750,-44381,-44012,-43643,-43274,-42905,-42536,-42167,-41798,-41429,-41060,-40691,-40322,-39953,-39584,-39215,-38846,-38477,-38108,-37739,-37370,-37001,-36632,-36263,-35894,-35525,-35156,-34787,-34418,-34049,-33680,-33311,-32942,-32573,-32204,-31835,-31466,-31097,-30728,-30359,-29990,-29621,-29252,-28883,-28514,-28145,-27776,-27407,-27038,-26669,-26300,-25931,-25562,-25193,-24824,-24455,-24086,-23717,-23348,-22979,-22610,-22241,-21872,-21503,-21134,-20765,-20396,-20027,-19658,-19289,-18920,-18551,-18182,-17813,-17444,-17075,-16706,-16337,-15968,-15599,-15230,-14861,-14492,-14123,-13754,-13385,-13016,-12647,-12278,-11909,-11540,-11171,-10802,-10433,-10064,-9695,-9326,-8957,-8588,-8219,-7850,-7481,-7112,-6743,-6374,-6005,-5636,-5267,-4898,-4529,-4160,-3791,-3422,-3053,-2684,-2315,-1946,-1577,-1208,-839,-470,-101
269,638,1007,1376,1745,2114,2483,2852,3221,3590,3959,4328,4697,5066,5435,5804,6173,6542,6911,7280,7649,8018,8387,8756,9125,9494,9863,10232,10601,10970,11339,11708,12077,12446,12815,13184,13553,13922,14291,14660,15029,15398,15767,16136,16505,16874,17243,17612,17981,18350,18719,19088,19457,19826,20195,20564,20933,21302,21671,22040,22409,22778,23147,23516,23885,24254,24623,24992,25361,25730,26099,26468,26837,27206,27575,27944,28313,28682,29051,29420,29789,30158,30527,30896,31265,31634,32003,32372,32741,33110,33479,33848,34217,34586,34955,35324,35693,36062,36431,36800,36900,37169,37538,37907,38276,38645,39014,39383,39752,40121,40490,40859,41228,41597,41966,42335,42704,43073,43442,43811,44180,44549,44918,45287,45656,46025,46394,46763,47132,47501,47870,48239,48608,48977,49346,49715,50084,50453,50822,51191,51560,51929,52298,52667,53036,53405,53774,54143,54512,54881,55250,55619,55988,56357,56726,57095,57464,57833,58202,58571,58940,59309,59678,60047,60416,60785,61154,61523,61892,62261,62630,62999,63368,63737,64106,64475,64844,65213,65582,65951,66320,66689,67058,67427,67796,-67996,-67627,-67258,-66889,-66520,-66151,-65782,-65413,-65044,-64675,-64306,-63937,-63568,-63199,-62830,-62461,-62092,-61723,-61354,-60985,-60616,-60247,-59878,-59509,-59140,-58771,-58402,-58033,-57664,-57295,-56926,-56557,-56188,-55819,-55450,-55081,-54712,-54343,-53974,-53605,-53236,-52867,-52498,-52129,-51760,-51391,-51022,-50653,-50284,-49915,-49546,-49177,-48808,-48439,-48070,-47701,-47332,-46963,-46594,-46225,-45856,-45487,-45118,-44749,-44380,-44011,-43642,-43273,-42904,-42535,-42166,-41797,-41428,-41059,-40690,-40321,-39952,-39583,-39214,-38845,-38476,-38107,-37738,-37369,-37000,-36631,-36262,-35893,-35524,-35155,-34786,-34417,-34048,-33679,-33310,-32941,-32572,-32203,-31834,-31465,-31096,-30727,-30358,-29989,-29620,-29251,-28882,-28513,-28144,-27775,-27406,-27037,-26668,-26299,-25930,-25561,-25192,-24823,-24454,-24085,-23716,-23347,-22978,-22609,-22240,-21871,-21502,-21133,-20764,-20395,-20026,-19657,-19288,-18919,-18550,-18181,-17812,-17443,-17074,-16705,-16336,-15967,-15598,-15229,-14860,-14491,-14122,-13753,-13384,-13015,-12646,-12277,-11908,-11539,-11170,-10801,-10432,-10063,-9694,-9325,-8956,-8587,-8218,-7849,-7480,-7111,-6742,-6373,-6004,-5635,-5266,-4897,-4528,-4159,-3790,-3421,-3052,-2683,-2314,-1945,-1576,-1207,-838,-469,-100
270,639,1008,1377,1746,2115,2484,2853,3222,3591,3960,4329,4698,5067,5436,5805,6174,6543,6912,7281,7650,8019,8388,8757,9126,9495,9864,10233,10602,10971,11340,11709,12078,12447,12816,13185,13554,13923,14292,14661,15030,15399,15768,16137,16506,16875,17244,17613,17982,18351,18720,19089,19458,19827,20196,20565,20934,21303,21672,22041,22410,22779,23148,23517,23886,24255,24624,24993,25362,25731,26100,26469,26838,27207,27576,27945,28314,28683,29052,29421,29790,30159,30528,30897,31266,31635,32004,32373,32742,33111,33480,33849,34218,34587,34956,35325,35694,36063,36432,36531,36801,37170,37539,37908,38277,38646,39015,39384,39753,40122,40491,40860,41229,41598,41967,42336,42705,43074,43443,43812,44181,44550,44919,45288,45657,46026,46395,46764,47133,47502,47871,48240,48609,48978,49347,49716,50085,50454,50823,51192,51561,51930,52299,52668,53037,53406,53775,54144,54513,54882,55251,55620,55989,56358,56727,57096,57465,57834,58203,58572,58941,59310,59679,60048,60417,60786,61155,61524,61893,62262,62631,63000,63369,63738,64107,64476,64845,65214,65583,65952,66321,66690,67059,67428,67797,-67995,-67626,-67257,-66888,-66519,-66150,-65781,-65412,-65043,-64674,-64305,-63936,-63567,-63198,-62829,-62460,-62091,-61722,-61353,-60984,-60615,-60246,-59877,-59508,-59139,-58770,-58401,-58032,-57663,-57294,-56925,-56556,-56187,-55818,-55449,-55080,-54711,-54342,-53973,-53604,-53235,-52866,-52497,-52128,-51759,-51390,-51021,-50652,-50283,-49914,-49545,-49176,-48807,-48438,-48069,-47700,-47331,-46962,-46593,-46224,-45855,-45486,-45117,-44748,-44379,-44010,-43641,-43272,-42903,-42534,-42165,-41796,-41427,-41058,-40689,-40320,-39951,-39582,-39213,-38844,-38475,-38106,-37737,-37368,-36999,-36630,-36261,-35892,-35523,-35154,-34785,-34416,-34047,-33678,-33309,-32940,-32571,-32202,-31833,-31464,-31095,-30726,-30357,-29988,-29619,-29250,-28881,-28512,-28143,-27774,-27405,-27036,-26667,-26298,-25929,-25560,-25191,-24822,-24453,-24084,-23715,-23346,-22977,-22608,-22239,-21870,-21501,-21132,-20763,-20394,-20025,-19656,-19287,-18918,-18549,-18180,-17811,-17442,-17073,-16704,-16335,-15966,-15597,-15228,-14859,-14490,-14121,-13752,-13383,-13014,-12645,-12276,-11907,-11538,-11169,-10800,-10431,-10062,-9693,-9324,-8955,-8586,-8217,-7848,-7479,-7110,-6741,-6372,-6003,-5634,-5265,-4896,-4527,-4158,-3789,-3420,-3051,-2682,-2313,-1944,-1575,-1206,-837,-468,-99
271,640,1009,1378,1747,2116,2485,2854,3223,3592,3961,4330,4699,5068,5437,5806,6175,6544,6913,7282,7651,8020,8389,8758,9127,9496,9865,10234,10603,10972,11341,11710,12079,12448,12817,13186,13555,13924,14293,14662,15031,15400,15769,16138,16507,16876,17245,17614,17983,18352,18721,19090,19459,19828,20197,20566,20935,21304,21673,22042,22411,22780,23149,23518,23887,24256,24625,24994,25363,25732,26101,26470,26839,27208,27577,27946,28315,28684,29053,29422,29791,30160,30529,30898,31267,31636,32005,32374,32743,33112,33481,33850,34219,34588,34957,35326,35695,36064,36162,36433,36802,37171,37540,37909,38278,38647,39016,39385,39754,40123,40492,40861,41230,41599,41968,42337,42706,43075,43444,43813,44182,44551,44920,45289,45658,46027,46396,46765,47134,47503,47872,48241,48610,48979,49348,49717,50086,50455,50824,51193,51562,51931,52300,52669,53038,53407,53776,54145,54514,54883,55252,55621,55990,56359,56728,57097,57466,57835,58204,58573,58942,59311,59680,60049,60418,60787,61156,61525,61894,62263,62632,63001,63370,63739,64108,64477,64846,65215,65584,65953,66322,66691,67060,67429,67798,-67994,-67625,-67256,-66887,-66518,-66149,-65780,-65411,-65042,-64673,-64304,-63935,-63566,-63197,-62828,-62459,-62090,-61721,-61352,-60983,-60614,-60245,-59876,-59507,-59138,-58769,-58400,-58031,-57662,-57293,-56924,-56555,-56186,-55817,-55448,-55079,-54710,-54341,-53972,-53603,-53234,-52865,-52496,-52127,-51758,-51389,-51020,-50651,-50282,-49913,-49544,-49175,-48806,-48437,-48068,-47699,-47330,-46961,-46592,-46223,-45854,-45485,-45116,-44747,-44378,-44009,-43640,-43271,-42902,-42533,-42164,-41795,-41426,-41057,-40688,-40319,-39950,-39581,-39212,-38843,-38474,-38105,-37736,-37367,-36998,-36629,-36260,-35891,-35522,-35153,-34784,-34415,-34046,-33677,-33308,-32939,-32570,-32201,-31832,-31463,-31094,-30725,-30356,-29987,-29618,-29249,-28880,-28511,-28142,-27773,-27404,-27035,-26666,-26297,-25928,-25559,-25190,-24821,-24452,-24083,-23714,-23345,-22976,-22607,-22238,-21869,-21500,-21131,-20762,-20393,-20024,-19655,-19286,-18917,-18548,-18179,-17810,-17441,-17072,-16703,-16334,-15965,-15596,-15227,-14858,-14489,-14120,-13751,-13382,-13013,-12644,-12275,-11906,-11537,-11168,-10799,-10430,-10061,-9692,-9323,-8954,-8585,-8216,-7847,-7478,-7109,-6740,-6371,-6002,-5633,-5264,-4895,-4526,-4157,-3788,-3419,-3050,-2681,-2312,-1943,-1574,-1205,-836,-467,-98
272,641,1010,1379,1748,2117,2486,2855,3224,3593,3962,4331,4700,5069,5438,5807,6176,6545,6914,7283,7652,8021,8390,8759,9128,9497,9866,10235,10604,10973,11342,11711,12080,12449,12818,13187,13556,13925,14294,14663,15032,15401,15770,16139,16508,16877,17246,17615,17984,18353,18722,19091,19460,19829,20198,20567,20936,21305,21674,22043,22412,22781,23150,23519,23888,24257,24626,24995,25364,25733,26102,26471,26840,27209,27578,27947,28316,28685,29054,29423,29792,30161,30530,30899,31268,31637,32006,32375,32744,33113,33482,33851,34220,34589,34958,35327,35696,35793,36065,36434,36803,37172,37541,37910,38279,38648,39017,39386,39755,40124,40493,40862,41231,41600,41969,42338,42707,43076,43445,43814,44183,44552,44921,45290,45659,46028,46397,46766,47135,47504,47873,48242,48611,48980,49349,49718,50087,50456,50825,51194,51563,51932,52301,52670,53039,53408,53777,54146,54515,54884,55253,55622,55991,56360,56729,57098,57467,57836,58205,58574,58943,59312,59681,60050,60419,60788,61157,61526,61895,62264,62633,63002,63371,63740,64109,64478,64847,65216,65585,65954,66323,66692,67061,67430,67799,-67993,-67624,-67255,-66886,-66517,-66148,-65779,-65410,-65041,-64672,-64303,-63934,-63565,-63196,-62827,-62458,-62089,-61720,-61351,-60982,-60613,-60244,-59875,-59506,-59137,-58768,-58399,-58030,-57661,-57292,-56923,-56554,-56185,-55816,-55447,-55078,-54709,-54340,-53971,-53602,-53233,-52864,-52495,-52126,-51757,-51388,-51019,-50650,-50281,-49912,-49543,-49174,-48805,-48436,-48067,-47698,-47329,-46960,-46591,-46222,-45853,-45484,-45115,-44746,-44377,-44008,-43639,-43270,-42901,-42532,-42163,-41794,-41425,-41056,-40687,-40318,-39949,-39580,-39211,-38842,-38473,-38104,-37735,-37366,-36997,-36628,-36259,-35890,-35521,-35152,-34783,-34414,-34045,-33676,-33307,-32938,-32569,-32200,-31831,-31462,-31093,-30724,-30355,-29986,-29617,-29248,-28879,-28510,-28141,-27772,-27403,-27034,-26665,-26296,-25927,-25558,-25189,-24820,-24451,-24082,-23713,-23344,-22975,-22606,-22237,-21868,-21499,-21130,-20761,-20392,-20023,-19654,-19285,-18916,-18547,-18178,-17809,-17440,-17071,-16702,-16333,-15964,-15595,-15226,-14857,-14488,-14119,-13750,-13381,-13012,-12643,-12274,-11905,-11536,-11167,-10798,-10429,-10060,-9691,-9322,-8953,-8584,-8215,-7846,-7477,-7108,-6739,-6370,-6001,-5632,-5263,-4894,-4525,-4156,-3787,-3418,-3049,-2680,-2311,-1942,-1573,-1204,-835,-466,-97
273,642,1011,1380,1749,2118,2487,2856,3225,3594,3963,4332,4701,5070,5439,5808,6177,6546,6915,7284,7653,8022,8391,8760,9129,9498,9867,10236,10605,10974,11343,11712,12081,12450,12819,13188,13557,13926,14295,14664,15033,15402,15771,16140,16509,16878,17247,17616,17985,18354,18723,19092,19461,19830,20199,20568,20937,21306,21675,22044,22413,22782,23151,23520,23889,24258,24627,24996,25365,25734,26103,26472,26841,27210,27579,27948,28317,28686,29055,29424,29793,30162,30531,30900,31269,31638,32007,32376,32745,33114,33483,33852,34221,34590,34959,35328,35424,35697,36066,36435,36804,37173,37542,37911,38280,38649,39018,39387,39756,40125,40494,40863,41232,41601,41970,42339,42708,43077,43446,43815,44184,44553,44922,45291,45660,46029,46398,46767,47136,47505,47874,48243,48612,48981,49350,49719,50088,50457,50826,51195,51564,51933,52302,52671,53040,53409,53778,54147,54516,54885,55254,55623,55992,56361,56730,57099,57468,57837,58206,58575,58944,59313,59682,60051,60420,60789,61158,61527,61896,62265,62634,63003,63372,63741,64110,64479,64848,65217,65586,65955,66324,66693,67062,67431,67800,-67992,-67623,-67254,-66885,-66516,-66147,-65778,-65409,-65040,-64671,-64302,-63933,-63564,-63195,-62826,-62457,-62088,-61719,-61350,-60981,-60612,-60243,-59874,-59505,-59136,-58767,-58398,-58029,-57660,-57291,-56922,-56553,-56184,-55815,-55446,-55077,-54708,-54339,-53970,-53601,-53232,-52863,-52494,-52125,-51756,-51387,-51018,-50649,-50280,-49911,-49542,-49173,-48804,-48435,-48066,-47697,-47328,-46959,-46590,-46221,-45852,-45483,-45114,-44745,-44376,-44007,-43638,-43269,-42900,-42531,-42162,-41793,-41424,-41055,-40686,-40317,-39948,-39579,-39210,-38841,-38472,-38103,-37734,-37365,-36996,-36627,-36258,-35889,-35520,-35151,-34782,-34413,-34044,-33675,-33306,-32937,-32568,-32199,-31830,-31461,-31092,-30723,-30354,-29985,-29616,-29247,-28878,-28509,-28140,-27771,-27402,-27033,-26664,-26295,-25926,-25557,-25188,-24819,-24450,-24081,-23712,-23343,-22974,-22605,-22236,-21867,-21498,-21129,-20760,-20391,-20022,-19653,-19284,-18915,-18546,-18177,-17808,-17439,-17070,-16701,-16332,-15963,-15594,-15225,-14856,-14487,-14118,-13749,-13380,-13011,-12642,-12273,-11904,-11535,-11166,-10797,-10428,-10059,-9690,-9321,-8952,-8583,-8214,-7845,-7476,-7107,-6738,-6369,-6000,-5631,-5262,-4893,-4524,-4155,-3786,-3417,-3048,-2679,-2310,-1941,-1572,-1203,-834,-465,-96
274,643,1012,1381,1750,2119,2488,2857,3226,3595,3964,4333,4702,5071,5440,5809,6178,6547,6916,7285,7654,8023,8392,8761,9130,9499,9868,10237,10606,10975,11344,11713,12082,12451,12820,13189,13558,13927,14296,14665,15034,15403,15772,16141,16510,16879,17248,17617,17986,18355,18724,19093,19462,19831,20200,20569,20938,21307,21676,22045,22414,22783,23152,23521,23890,24259,24628,24997,25366,25735,26104,26473,26842,27211,27580,27949,28318,28687,29056,29425,29794,30163,30532,30901,31270,31639,32008,32377,32746,33115,33484,33853,34222,34591,34960,35055,35329,35698,36067,36436,36805,37174,37543,37912,38281,38650,39019,39388,39757,40126,40495,40864,41233,41602,41971,42340,42709,43078,43447,43816,44185,44554,44923,45292,45661,46030,46399,46768,47137,47506,47875,48244,48613,48982,49351,49720,50089,50458,50827,51196,51565,51934,52303,52672,53041,53410,53779,54148,54517,54886,55255,55624,55993,56362,56731,57100,57469,57838,58207,58576,58945,59314,59683,60052,60421,60790,61159,61528,61897,62266,62635,63004,63373,63742,64111,64480,64849,65218,65587,65956,66325,66694,67063,67432,67801,-67991,-67622,-67253,-66884,-66515,-66146,-65777,-65408,-65039,-64670,-64301,-63932,-63563,-63194,-62825,-62456,-62087,-61718,-61349,-60980,-60611,-60242,-59873,-59504,-59135,-58766,-58397,-58028,-57659,-57290,-56921,-56552,-56183,-55814,-55445,-55076,-54707,-54338,-53969,-53600,-53231,-52862,-52493,-52124,-51755,-51386,-51017,-50648,-50279,-49910,-49541,-49172,-48803,-48434,-48065,-47696,-47327,-46958,-46589,-46220,-45851,-45482,-45113,-44744,-44375,-44006,-43637,-43268,-42899,-42530,-42161,-41792,-41423,-41054,-40685,-40316,-39947,-39578,-39209,-38840,-38471,-38102,-37733,-37364,-36995,-36626,-36257,-35888,-35519,-35150,-34781,-34412,-34043,-33674,-33305,-32936,-32567,-32198,-31829,-31460,-31091,-30722,-30353,-29984,-29615,-29246,-28877,-28508,-28139,-27770,-27401,-27032,-26663,-26294,-25925,-25556,-25187,-24818,-24449,-24080,-23711,-23342,-22973,-22604,-22235,-21866,-21497,-21128,-20759,-20390,-20021,-19652,-19283,-18914,-18545,-18176,-17807,-17438,-17069,-16700,-16331,-15962,-15593,-15224,-14855,-14486,-14117,-13748,-13379,-13010,-12641,-12272,-11903,-11534,-11165,-10796,-10427,-10058,-9689,-9320,-8951,-8582,-8213,-7844,-7475,-7106,-6737,-6368,-5999,-5630,-5261,-4892,-4523,-4154,-3785,-3416,-3047,-2678,-2309,-1940,-1571,-1202,-833,-464,-95
275,644,1013,1382,1751,2120,2489,2858,3227,3596,3965,4334,4703,5072,5441,5810,6179,6548,6917,7286,7655,8024,8393,8762,9131,9500,9869,10238,10607,10976,11345,11714,12083,12452,12821,13190,13559,13928,14297,14666,15035,15404,15773,16142,16511,16880,17249,17618,17987,18356,18725,19094,19463,19832,20201,20570,20939,21308,21677,22046,22415,22784,23153,23522,23891,24260,24629,24998,25367,25736,26105,26474,26843,27212,27581,27950,28319,28688,29057,29426,29795,30164,30533,30902,31271,31640,32009,32378,32747,33116,33485,33854,34223,34592,34686,34961,35330,35699,36068,36437,36806,37175,37544,37913,38282,38651,39020,39389,39758,40127,40496,40865,41234,41603,41972,42341,42710,43079,43448,43817,44186,44555,44924,45293,45662,46031,46400,46769,47138,47507,47876,48245,48614,48983,49352,49721,50090,50459,50828,51197,51566,51935,52304,52673,53042,53411,53780,54149,54518,54887,55256,55625,55994,56363,56732,57101,57470,57839,58208,58577,58946,59315,59684,60053,60422,60791,61160,61529,61898,62267,62636,63005,63374,63743,64112,64481,64850,65219,65588,65957,66326,66695,67064,67433,67802,-67990,-67621,-67252,-66883,-66514,-66145,-65776,-65407,-65038,-64669,-64300,-63931,-63562,-63193,-62824,-62455,-62086,-61717,-61348,-60979,-60610,-60241,-59872,-59503,-59134,-58765,-58396,-58027,-57658,-57289,-56920,-56551,-56182,-55813,-55444,-55075,-54706,-54337,-53968,-53599,-53230,-52861,-52492,-52123,-51754,-51385,-51016,-50647,-50278,-49909,-49540,-49171,-48802,-48433,-48064,-47695,-47326,-46957,-46588,-46219,-45850,-45481,-45112,-44743,-44374,-44005,-43636,-43267,-42898,-42529,-42160,-41791,-41422,-41053,-40684,-40315,-39946,-39577,-39208,-38839,-38470,-38101,-37732,-37363,-36994,-36625,-36256,-35887,-35518,-35149,-34780,-34411,-34042,-33673,-33304,-32935,-32566,-32197,-31828,-31459,-31090,-30721,-30352,-29983,-29614,-29245,-28876,-28507,-28138,-27769,-27400,-27031,-26662,-26293,-25924,-25555,-25186,-24817,-24448,-24079,-23710,-23341,-22972,-22603,-22234,-21865,-21496,-21127,-20758,-20389,-20020,-19651,-19282,-18913,-18544,-18175,-17806,-17437,-17068,-16699,-16330,-15961,-15592,-15223,-14854,-14485,-14116,-13747,-13378,-13009,-12640,-12271,-11902,-11533,-11164,-10795,-10426,-10057,-9688,-9319,-8950,-8581,-8212,-7843,-7474,-7105,-6736,-6367,-5998,-5629,-5260,-4891,-4522,-4153,-3784,-3415,-3046,-2677,-2308,-1939,-1570,-1201,-832,-463,-94
276,645,1014,1383,1752,2121,2490,2859,3228,3597,3966,4335,4704,5073,5442,5811,6180,6549,6918,7287,7656,8025,8394,8763,9132,9501,9870,10239,10608,10977,11346,11715,12084,12453,12822,13191,13560,13929,14298,14667,15036,15405,15774,16143,16512,16881,17250,17619,17988,18357,18726,19095,19464,19833,20202,20571,20940,21309,21678,22047,22416,22785,23154,23523,23892,24261,24630,24999,25368,25737,26106,26475,26844,27213,27582,27951,28320,28689,29058,29427,29796,30165,30534,30903,31272,31641,32010,32379,32748,33117,33486,33855,34224,34317,34593,34962,35331,35700,36069,36438,36807,37176,37545,37914,38283,38652,39021,39390,39759,40128,40497,40866,41235,41604,41973,42342,42711,43080,43449,43818,44187,44556,44925,45294,45663,46032,46401,46770,47139,47508,47877,48246,48615,48984,49353,49722,50091,50460,50829,51198,51567,51936,52305,52674,53043,53412,53781,54150,54519,54888,55257,55626,55995,56364,56733,57102,57471,57840,58209,58578,58947,59316,59685,60054,60423,60792,61161,61530,61899,62268,62637,63006,63375,63744,64113,64482,64851,65220,65589,65958,66327,66696,67065,67434,67803,-67989,-67620,-67251,-66882,-66513,-66144,-65775,-65406,-65037,-64668,-64299,-63930,-63561,-63192,-62823,-62454,-62085,-61716,-61347,-60978,-60609,-60240,-59871,-59502,-59133,-58764,-58395,-58026,-57657,-57288,-56919,-56550,-56181,-55812,-55443,-55074,-54705,-54336,-53967,-53598,-53229,-52860,-52491,-52122,-51753,-51384,-51015,-50646,-50277,-49908,-49539,-49170,-48801,-48432,-48063,-47694,-47325,-46956,-46587,-46218,-45849,-45480,-45111,-44742,-44373,-44004,-43635,-43266,-42897,-42528,-42159,-41790,-41421,-41052,-40683,-40314,-39945,-39576,-39207,-38838,-38469,-38100,-37731,-37362,-36993,-36624,-36255,-35886,-35517,-35148,-34779,-34410,-34041,-33672,-33303,-32934,-32565,-32196,-31827,-31458,-31089,-30720,-30351,-29982,-29613,-29244,-28875,-28506,-28137,-27768,-27399,-27030,-26661,-26292,-25923,-25554,-25185,-24816,-24447,-24078,-23709,-23340,-22971,-22602,-22233,-21864,-21495,-21126,-20757,-20388,-20019,-19650,-19281,-18912,-18543,-18174,-17805,-17436,-17067,-16698,-16329,-15960,-15591,-15222,-14853,-14484,-14115,-13746,-13377,-13008,-12639,-12270,-11901,-11532,-11163,-10794,-10425,-10056,-9687,-9318,-8949,-8580,-8211,-7842,-7473,-7104,-6735,-6366,-5997,-5628,-5259,-4890,-4521,-4152,-3783,-3414,-3045,-2676,-2307,-1938,-1569,-1200,-831,-462,-93
277,646,1015,1384,1753,2122,2491,2860,3229,3598,3967,4336,4705,5074,5443,5812,6181,6550,6919,7288,7657,8026,8395,8764,9133,9502,9871,10240,10609,10978,11347,11716,12085,12454,12823,13192,13561,13930,14299,14668,15037,15406,15775,16144,16513,16882,17251,17620,17989,18358,18727,19096,19465,19834,20203,20572,20941,21310,21679,22048,22417,22786,23155,23524,23893,24262,24631,25000,25369,25738,26107,26476,26845,27214,27583,27952,28321,28690,29059,29428,29797,30166,30535,30904,31273,31642,32011,32380,32749,33118,33487,33856,33948,34225,34594,34963,35332,35701,36070,36439,36808,37177,37546,37915,38284,38653,39022,39391,39760,40129,40498,40867,41236,41605,41974,42343,42712,43081,43450,43819,44188,44557,44926,45295,45664,46033,46402,46771,47140,47509,47878,48247,48616,48985,49354,49723,50092,50461,50830,51199,51568,51937,52306,52675,53044,53413,53782,54151,54520,54889,55258,55627,55996,56365,56734,57103,57472,57841,58210,58579,58948,59317,59686,60055,60424,60793,61162,61531,61900,62269,62638,63007,63376,63745,64114,64483,64852,65221,65590,65959,66328,66697,67066,67435,67804,-67988,-67619,-67250,-66881,-66512,-66143,-65774,-65405,-65036,-64667,-64298,-63929,-63560,-63191,-62822,-62453,-62084,-61715,-61346,-60977,-60608,-60239,-59870,-59501,-59132,-58763,-58394,-58025,-57656,-57287,-56918,-56549,-56180,-55811,-55442,-55073,-54704,-54335,-53966,-53597,-53228,-52859,-52490,-52121,-51752,-51383,-51014,-50645,-50276,-49907,-49538,-49169,-48800,-48431,-48062,-47693,-47324,-46955,-46586,-46217,-45848,-45479,-45110,-44741,-44372,-44003,-43634,-43265,-42896,-42527,-42158,-41789,-41420,-41051,-40682,-40313,-39944,-39575,-39206,-38837,-38468,-38099,-37730,-37361,-36992,-36623,-36254,-35885,-35516,-35147,-34778,-34409,-34040,-33671,-33302,-32933,-32564,-32195,-31826,-31457,-31088,-30719,-30350,-29981,-29612,-29243,-28874,-28505,-28136,-27767,-27398,-27029,-26660,-26291,-25922,-25553,-25184,-24815,-24446,-24077,-23708,-23339,-22970,-22601,-22232,-21863,-21494,-21125,-20756,-20387,-20018,-19649,-19280,-18911,-18542,-18173,-17804,-17435,-17066,-16697,-16328,-15959,-15590,-15221,-14852,-14483,-14114,-13745,-13376,-13007,-12638,-12269,-11900,-11531,-11162,-10793,-10424,-10055,-9686,-9317,-8948,-8579,-8210,-7841,-7472,-7103,-6734,-6365,-5996,-5627,-5258,-4889,-4520,-4151,-3782,-3413,-3044,-2675,-2306,-1937,-1568,-1199,-830,-461,-92
278,647,1016,1385,1754,2123,2492,2861,3230,3599,3968,4337,4706,5075,5444,5813,6182,6551,6920,7289,7658,8027,8396,8765,9134,9503,9872,10241,10610,10979,11348,11717,12086,12455,12824,13193,13562,13931,14300,14669,15038,15407,15776,16145,16514,16883,17252,17621,17990,18359,18728,19097,19466,19835,20204,20573,20942,21311,21680,22049,22418,22787,23156,23525,23894,24263,24632,25001,25370,25739,26108,26477,26846,27215,27584,27953,28322,28691,29060,29429,29798,30167,30536,30905,31274,31643,32012,32381,32750,33119,33488,33579,33857,34226,34595,34964,35333,35702,36071,36440,36809,37178,37547,37916,38285,38654,39023,39392,39761,40130,40499,40868,41237,41606,41975,42344,42713,43082,43451,43820,44189,44558,44927,45296,45665,46034,46403,46772,47141,47510,47879,48248,48617,48986,49355,49724,50093,50462,50831,51200,51569,51938,52307,52676,53045,53414,53783,54152,54521,54890,55259,55628,55997,56366,56735,57104,57473,57842,58211,58580,58949,59318,59687,60056,60425,60794,61163,61532,61901,62270,62639,63008,63377,63746,64115,64484,64853,65222,65591,65960,66329,66698,67067,67436,67805,-67987,-67618,-67249,-66880,-66511,-66142,-65773,-65404,-65035,-64666,-64297,-63928,-63559,-63190,-62821,-62452,-62083,-61714,-61345,-60976,-60607,-60238,-59869,-59500,-59131,-58762,-58393,-58024,-57655,-57286,-56917,-56548,-56179,-55810,-55441,-55072,-54703,-54334,-53965,-53596,-53227,-52858,-52489,-52120,-51751,-51382,-51013,-50644,-50275,-49906,-49537,-49168,-48799,-48430,-48061,-47692,-47323,-46954,-46585,-46216,-45847,-45478,-45109,-44740,-44371,-44002,-43633,-43264,-42895,-42526,-42157,-41788,-41419,-41050,-40681,-40312,-39943,-39574,-39205,-38836,-38467,-38098,-37729,-37360,-36991,-36622,-36253,-35884,-35515,-35146,-34777,-34408,-34039,-33670,-33301,-32932,-32563,-32194,-31825,-31456,-31087,-30718,-30349,-29980,-29611,-29242,-28873,-28504,-28135,-27766,-27397,-27028,-26659,-26290,-25921,-25552,-25183,-24814,-24445,-24076,-23707,-23338,-22969,-22600,-22231,-21862,-21493,-21124,-20755,-20386,-20017,-19648,-19279,-18910,-18541,-18172,-17803,-17434,-17065,-16696,-16327,-15958,-15589,-15220,-14851,-14482,-14113,-13744,-13375,-13006,-12637,-12268,-11899,-11530,-11161,-10792,-10423,-10054,-9685,-9316,-8947,-8578,-8209,-7840,-7471,-7102,-6733,-6364,-5995,-5626,-5257,-4888,-4519,-4150,-3781,-3412,-3043,-2674,-2305,-1936,-1567,-1198,-829,-460,-91
279,648,1017,1386,1755,2124,2493,2862,3231,3600,3969,4338,4707,5076,5445,5814,6183,6552,6921,7290,7659,8028,8397,8766,9135,9504,9873,10242,10611,10980,11349,11718,12087,12456,12825,13194,13563,13932,14301,14670,15039,15408,15777,16146,16515,16884,17253,17622,17991,18360,18729,19098,19467,19836,20205,20574,20943,21312,21681,22050,22419,22788,23157,23526,23895,24264,24633,25002,25371,25740,26109,26478,26847,27216,27585,27954,28323,28692,29061,29430,29799,30168,30537,30906,31275,31644,32013,32382,32751,33120,33210,33489,33858,34227,34596,34965,35334,35703,36072,36441,36810,37179,37548,37917,38286,38655,39024,39393,39762,40131,40500,40869,41238,41607,41976,42345,42714,43083,43452,43821,44190,44559,44928,45297,45666,46035,46404,46773,47142,47511,47880,48249,48618,48987,49356,49725,50094,50463,50832,51201,51570,51939,52308,52677,53046,53415,53784,54153,54522,54891,55260,55629,55998,56367,56736,57105,57474,57843,58212,58581,58950,59319,59688,60057,60426,60795,61164,61533,61902,62271,62640,63009,63378,63747,64116,64485,64854,65223,65592,65961,66330,66699,67068,67437,67806,-67986,-67617,-67248,-66879,-66510,-66141,-65772,-65403,-65034,-64665,-64296,-63927,-63558,-63189,-62820,-62451,-62082,-61713,-61344,-60975,-60606,-60237,-59868,-59499,-59130,-58761,-58392,-58023,-57654,-57285,-56916,-56547,-56178,-55809,-55440,-55071,-54702,-54333,-53964,-53595,-53226,-52857,-52488,-52119,-51750,-51381,-51012,-50643,-50274,-49905,-49536,-49167,-48798,-48429,-48060,-47691,-47322,-46953,-46584,-46215,-45846,-45477,-45108,-44739,-44370,-44001,-43632,-43263,-42894,-42525,-42156,-41787,-41418,-41049,-40680,-40311,-39942,-39573,-39204,-38835,-38466,-38097,-37728,-37359,-36990,-36621,-36252,-35883,-35514,-35145,-34776,-34407,-34038,-33669,-33300,-32931,-32562,-32193,-31824,-31455,-31086,-30717,-30348,-29979,-29610,-29241,-28872,-28503,-28134,-27765,-27396,-27027,-26658,-26289,-25920,-25551,-25182,-24813,-24444,-24075,-23706,-23337,-22968,-22599,-22230,-21861,-21492,-21123,-20754,-20385,-20016,-19647,-19278,-18909,-18540,-18171,-17802,-17433,-17064,-16695,-16326,-15957,-15588,-15219,-14850,-14481,-14112,-13743,-13374,-13005,-12636,-12267,-11898,-11529,-11160,-10791,-10422,-10053,-9684,-9315,-8946,-8577,-8208,-7839,-7470,-7101,-6732,-6363,-5994,-5625,-5256,-4887,-4518,-4149,-3780,-3411,-3042,-2673,-2304,-1935,-1566,-1197,-828,-459,-90
280,649,1018,1387,1756,2125,2494,2863,3232,3601,3970,4339,4708,5077,5446,5815,6184,6553,6922,7291,7660,8029,8398,8767,9136,9505,9874,10243,10612,10981,11350,11719,12088,12457,12826,13195,13564,13933,14302,14671,15040,15409,15778,16147,16516,16885,17254,17623,17992,18361,18730,19099,19468,19837,20206,20575,20944,21313,21682,22051,22420,22789,23158,23527,23896,24265,24634,25003,25372,25741,26110,26479,26848,27217,27586,27955,28324,28693,29062,29431,29800,30169,30538,30907,31276,31645,32014,32383,32752,32841,33121,33490,33859,34228,34597,34966,35335,35704,36073,36442,36811,37180,37549,37918,38287,38656,39025,39394,39763,40132,40501,40870,41239,41608,41977,42346,42715,43084,43453,43822,44191,44560,44929,45298,45667,46036,46405,46774,47143,47512,47881,48250,48619,48988,49357,49726,50095,50464,50833,51202,51571,51940,52309,52678,53047,53416,53785,54154,54523,54892,55261,55630,55999,56368,56737,57106,57475,57844,58213,58582,58951,59320,59689,60058,60427,60796,61165,61534,61903,62272,62641,63010,63379,63748,64117,64486,64855,65224,65593,65962,66331,66700,67069,67438,67807,-67985,-67616,-67247,-66878,-66509,-66140,-65771,-65402,-65033,-64664,-64295,-63926,-63557,-63188,-62819,-62450,-62081,-61712,-61343,-60974,-60605,-60236,-59867,-59498,-59129,-58760,-58391,-58022,-57653,-57284,-56915,-56546,-56177,-55808,-55439,-55070,-54701,-54332,-53963,-53594,-53225,-52856,-52487,-52118,-51749,-51380,-51011,-50642,-50273,-49904,-49535,-49166,-48797,-48428,-48059,-47690,-47321,-46952,-46583,-46214,-45845,-45476,-45107,-44738,-44369,-44000,-43631,-43262,-42893,-42524,-42155,-41786,-41417,-41048,-40679,-40310,-39941,-39572,-39203,-38834,-38465,-38096,-37727,-37358,-36989,-36620,-36251,-35882,-35513,-35144,-34775,-34406,-34037,-33668,-33299,-32930,-32561,-32192,-31823,-31454,-31085,-30716,-30347,-29978,-29609,-29240,-28871,-28502,-28133,-27764,-27395,-27026,-26657,-26288,-25919,-25550,-25181,-24812,-24443,-24074,-23705,-23336,-22967,-22598,-22229,-21860,-21491,-21122,-20753,-20384,-20015,-19646,-19277,-18908,-18539,-18170,-17801,-17432,-17063,-16694,-16325,-15956,-15587,-15218,-14849,-14480,-14111,-13742,-13373,-13004,-12635,-12266,-11897,-11528,-11159,-10790,-10421,-10052,-9683,-9314,-8945,-8576,-8207,-7838,-7469,-7100,-6731,-6362,-5993,-5624,-5255,-4886,-4517,-4148,-3779,-3410,-3041,-2672,-2303,-1934,-1565,-1196,-827,-458,-89
281,650,1019,1388,1757,2126,2495,2864,3233,3602,3971,4340,4709,5078,5447,5816,6185,6554,6923,7292,7661,8030,8399,8768,9137,9506,9875,10244,10613,10982,11351,11720,12089,12458,12827,13196,13565,13934,14303,14672,15041,15410,15779,16148,16517,16886,17255,17624,17993,18362,18731,19100,19469,19838,20207,20576,20945,21314,21683,22052,22421,22790,23159,23528,23897,24266,24635,25004,25373,25742,26111,26480,26849,27218,27587,27956,28325,28694,29063,29432,29801,30170,30539,30908,31277,31646,32015,32384,32472,32753,33122,33491,33860,34229,34598,34967,35336,35705,36074,36443,36812,37181,37550,37919,38288,38657,39026,39395,39764,40133,40502,40871,41240,41609,41978,42347,42716,43085,43454,43823,44192,44561,44930,45299,45668,46037,46406,46775,47144,47513,47882,48251,48620,48989,49358,49727,50096,50465,50834,51203,51572,51941,52310,52679,53048,53417,53786,54155,54524,54893,55262,55631,56000,56369,56738,57107,57476,57845,58214,58583,58952,59321,59690,60059,60428,60797,61166,61535,61904,62273,62642,63011,63380,63749,64118,64487,64856,65225,65594,65963,66332,66701,67070,67439,67808,-67984,-67615,-67246,-66877,-66508,-66139,-65770,-65401,-65032,-64663,-64294,-63925,-63556,-63187,-62818,-62449,-62080,-61711,-61342,-60973,-60604,-60235,-59866,-59497,-59128,-58759,-58390,-58021,-57652,-57283,-56914,-56545,-56176,-55807,-55438,-55069,-54700,-54331,-53962,-53593,-53224,-52855,-52486,-52117,-51748,-51379,-51010,-50641,-50272,-49903,-49534,-49165,-48796,-48427,-48058,-47689,-47320,-46951,-46582,-46213,-45844,-45475,-45106,-44737,-44368,-43999,-43630,-43261,-42892,-42523,-42154,-41785,-41416,-41047,-40678,-40309,-39940,-39571,-39202,-38833,-38464,-38095,-37726,-37357,-36988,-36619,-36250,-35881,-35512,-35143,-34774,-34405,-34036,-33667,-33298,-32929,-32560,-32191,-31822,-31453,-31084,-30715,-30346,-29977,-29608,-29239,-28870,-28501,-28132,-27763,-27394,-27025,-26656,-26287,-25918,-25549,-25180,-24811,-24442,-24073,-23704,-23335,-22966,-22597,-22228,-21859,-21490,-21121,-20752,-20383,-20014,-19645,-19276,-18907,-18538,-18169,-17800,-17431,-17062,-16693,-16324,-15955,-15586,-15217,-14848,-14479,-14110,-13741,-13372,-13003,-12634,-12265,-11896,-11527,-11158,-10789,-10420,-10051,-9682,-9313,-8944,-8575,-8206,-7837,-7468,-7099,-6730,-6361,-5992,-5623,-5254,-4885,-4516,-4147,-3778,-3409,-3040,-2671,-2302,-1933,-1564,-1195,-826,-457,-88
282,651,1020,1389,1758,2127,2496,2865,3234,3603,3972,4341,4710,5079,5448,5817,6186,6555,6924,7293,7662,8031,8400,8769,9138,9507,9876,10245,10614,10983,11352,11721,12090,12459,12828,13197,13566,13935,14304,14673,15042,15411,15780,16149,16518,16887,17256,17625,17994,18363,18732,19101,19470,19839,20208,20577,20946,21315,21684,22053,22422,22791,23160,23529,23898,24267,24636,25005,25374,25743,26112,26481,26850,27219,27588,27957,28326,28695,29064,29433,29802,30171,30540,30909,31278,31647,32016,32103,32385,32754,33123,33492,33861,34230,34599,34968,35337,35706,36075,36444,36813,37182,37551,37920,38289,38658,39027,39396,39765,40134,40503,40872,41241,41610,41979,42348,42717,43086,43455,43824,44193,44562,44931,45300,45669,46038,46407,46776,47145,47514,47883,48252,48621,48990,49359,49728,50097,50466,50835,51204,51573,51942,52311,52680,53049,53418,53787,54156,54525,54894,55263,55632,56001,56370,56739,57108,57477,57846,58215,58584,58953,59322,59691,60060,60429,60798,61167,61536,61905,62274,62643,63012,63381,63750,64119,64488,64857,65226,65595,65964,66333,66702,67071,67440,67809,-67983,-67614,-67245,-66876,-66507,-66138,-65769,-65400,-65031,-64662,-64293,-63924,-63555,-63186,-62817,-62448,-62079,-61710,-61341,-60972,-60603,-60234,-59865,-59496,-59127,-58758,-58389,-58020,-57651,-57282,-56913,-56544,-56175,-55806,-55437,-55068,-54699,-54330,-53961,-53592,-53223,-52854,-52485,-52116,-51747,-51378,-51009,-50640,-50271,-49902,-49533,-49164,-48795,-48426,-48057,-47688,-47319,-46950,-46581,-46212,-45843,-45474,-45105,-44736,-44367,-43998,-43629,-43260,-42891,-42522,-42153,-41784,-41415,-41046,-40677,-40308,-39939,-39570,-39201,-38832,-38463,-38094,-37725,-37356,-36987,-36618,-36249,-35880,-35511,-35142,-34773,-34404,-34035,-33666,-33297,-32928,-32559,-32190,-31821,-31452,-31083,-30714,-30345,-29976,-29607,-29238,-28869,-28500,-28131,-27762,-27393,-27024,-26655,-26286,-25917,-25548,-25179,-24810,-24441,-24072,-23703,-23334,-22965,-22596,-22227,-21858,-21489,-21120,-20751,-20382,-20013,-19644,-19275,-18906,-18537,-18168,-17799,-17430,-17061,-16692,-16323,-15954,-15585,-15216,-14847,-14478,-14109,-13740,-13371,-13002,-12633,-12264,-11895,-11526,-11157,-10788,-10419,-10050,-9681,-9312,-8943,-8574,-8205,-7836,-7467,-7098,-6729,-6360,-5991,-5622,-5253,-4884,-4515,-4146,-3777,-3408,-3039,-2670,-2301,-1932,-1563,-1194,-825,-456,-87
283,652,1021,1390,1759,2128,2497,2866,3235,3604,3973,4342,4711,5080,5449,5818,6187,6556,6925,7294,7663,8032,8401,8770,9139,9508,9877,10246,10615,10984,11353,11722,12091,12460,12829,13198,13567,13936,14305,14674,15043,15412,15781,16150,16519,16888,17257,17626,17995,18364,18733,19102,19471,19840,20209,20578,20947,21316,21685,22054,22423,22792,23161,23530,23899,24268,24637,25006,25375,25744,26113,26482,26851,27220,27589,27958,28327,28696,29065,29434,29803,30172,30541,30910,31279,31648,31734,32017,32386,32755,33124,33493,33862,34231,34600,34969,35338,35707,36076,36445,36814,37183,37552,37921,38290,38659,39028,39397,39766,40135,40504,40873,41242,41611,41980,42349,42718,43087,43456,43825,44194,44563,44932,45301,45670,46039,46408,46777,47146,47515,47884,48253,48622,48991,49360,49729,50098,50467,50836,51205,51574,51943,52312,52681,53050,53419,53788,54157,54526,54895,55264,55633,56002,56371,56740,57109,57478,57847,58216,58585,58954,59323,59692,60061,60430,60799,61168,61537,61906,62275,62644,63013,63382,63751,64120,64489,64858,65227,65596,65965,66334,66703,67072,67441,67810,-67982,-67613,-67244,-66875,-66506,-66137,-65768,-65399,-65030,-64661,-64292,-63923,-63554,-63185,-62816,-62447,-62078,-61709,-61340,-60971,-60602,-60233,-59864,-59495,-59126,-58757,-58388,-58019,-57650,-57281,-56912,-56543,-56174,-55805,-55436,-55067,-54698,-54329,-53960,-53591,-53222,-52853,-52484,-52115,-51746,-51377,-51008,-50639,-50270,-49901,-49532,-49163,-48794,-48425,-48056,-47687,-47318,-46949,-46580,-46211,-45842,-45473,-45104,-44735,-44366,-43997,-43628,-43259,-42890,-42521,-42152,-41783,-41414,-41045,-40676,-40307,-39938,-39569,-39200,-38831,-38462,-38093,-37724,-37355,-36986,-36617,-36248,-35879,-35510,-35141,-34772,-34403,-34034,-33665,-33296,-32927,-32558,-32189,-31820,-31451,-31082,-30713,-30344,-29975,-29606,-29237,-28868,-28499,-28130,-27761,-27392,-27023,-26654,-26285,-25916,-25547,-25178,-24809,-24440,-24071,-23702,-23333,-22964,-22595,-22226,-21857,-21488,-21119,-20750,-20381,-20012,-19643,-19274,-18905,-18536,-18167,-17798,-17429,-17060,-16691,-16322,-15953,-15584,-15215,-14846,-14477,-14108,-13739,-13370,-13001,-12632,-12263,-11894,-11525,-11156,-10787,-10418,-10049,-9680,-9311,-8942,-8573,-8204,-7835,-7466,-7097,-6728,-6359,-5990,-5621,-5252,-4883,-4514,-4145,-3776,-3407,-3038,-2669,-2300,-1931,-1562,-1193,-824,-455,-86
284,653,1022,1391,1760,2129,2498,2867,3236,3605,3974,4343,4712,5081,5450,5819,6188,6557,6926,7295,7664,8033,8402,8771,9140,9509,9878,10247,10616,10985,11354,11723,12092,12461,12830,13199,13568,13937,14306,14675,15044,15413,15782,16151,16520,16889,17258,17627,17996,18365,18734,19103,19472,19841,20210,20579,20948,21317,21686,22055,22424,22793,23162,23531,23900,24269,24638,25007,25376,25745,26114,26483,26852,27221,27590,27959,28328,28697,29066,29435,29804,30173,30542,30911,31280,31365,31649,32018,32387,32756,33125,33494,33863,34232,34601,34970,35339,35708,36077,36446,36815,37184,37553,37922,38291,38660,39029,39398,39767,40136,40505,40874,41243,41612,41981,42350,42719,43088,43457,43826,44195,44564,44933,45302,45671,46040,46409,46778,47147,47516,47885,48254,48623,48992,49361,49730,50099,50468,50837,51206,51575,51944,52313,52682,53051,53420,53789,54158,54527,54896,55265,55634,56003,56372,56741,57110,57479,57848,58217,58586,58955,59324,59693,60062,60431,60800,61169,61538,61907,62276,62645,63014,63383,63752,64121,64490,64859,65228,65597,65966,66335,66704,67073,67442,67811,-67981,-67612,-67243,-66874,-66505,-66136,-65767,-65398,-65029,-64660,-64291,-63922,-63553,-63184,-62815,-62446,-62077,-61708,-61339,-60970,-60601,-60232,-59863,-59494,-59125,-58756,-58387,-58018,-57649,-57280,-56911,-56542,-56173,-55804,-55435,-55066,-54697,-54328,-53959,-53590,-53221,-52852,-52483,-52114,-51745,-51376,-51007,-50638,-50269,-49900,-49531,-49162,-48793,-48424,-48055,-47686,-47317,-46948,-46579,-46210,-45841,-45472,-45103,-44734,-44365,-43996,-43627,-43258,-42889,-42520,-42151,-41782,-41413,-41044,-40675,-40306,-39937,-39568,-39199,-38830,-38461,-38092,-37723,-37354,-36985,-36616,-36247,-35878,-35509,-35140,-34771,-34402,-34033,-33664,-33295,-32926,-32557,-32188,-31819,-31450,-31081,-30712,-30343,-29974,-29605,-29236,-28867,-28498,-28129,-27760,-27391,-27022,-26653,-26284,-25915,-25546,-25177,-24808,-24439,-24070,-23701,-23332,-22963,-22594,-22225,-21856,-21487,-21118,-20749,-20380,-20011,-19642,-19273,-18904,-18535,-18166,-17797,-17428,-17059,-16690,-16321,-15952,-15583,-15214,-14845,-14476,-14107,-13738,-13369,-13000,-12631,-12262,-11893,-11524,-11155,-10786,-10417,-10048,-9679,-9310,-8941,-8572,-8203,-7834,-7465,-7096,-6727,-6358,-5989,-5620,-5251,-4882,-4513,-4144,-3775,-3406,-3037,-2668,-2299,-1930,-1561,-1192,-823,-454,-85
285,654,1023,1392,1761,2130,2499,2868,3237,3606,3975,4344,4713,5082,5451,5820,6189,6558,6927,7296,7665,8034,8403,8772,9141,9510,9879,10248,10617,10986,11355,11724,12093,12462,12831,13200,13569,13938,14307,14676,15045,15414,15783,16152,16521,16890,17259,17628,17997,18366,18735,19104,19473,19842,20211,20580,20949,21318,21687,22056,22425,22794,23163,23532,23901,24270,24639,25008,25377,25746,26115,26484,26853,27222,27591,27960,28329,28698,29067,29436,29805,30174,30543,30912,30996,31281,31650,32019,32388,32757,33126,33495,33864,34233,34602,34971,35340,35709,36078,36447,36816,37185,37554,37923,38292,38661,39030,39399,39768,40137,40506,40875,41244,41613,41982,42351,42720,43089,43458,43827,44196,44565,44934,45303,45672,46041,46410,46779,47148,47517,47886,48255,48624,48993,49362,49731,50100,50469,50838,51207,51576,51945,52314,52683,53052,53421,53790,54159,54528,54897,55266,55635,56004,56373,56742,57111,57480,57849,58218,58587,58956,59325,59694,60063,60432,60801,61170,61539,61908,62277,62646,63015,63384,63753,64122,64491,64860,65229,65598,65967,66336,66705,67074,67443,67812,-67980,-67611,-67242,-66873,-66504,-66135,-65766,-65397,-65028,-64659,-64290,-63921,-63552,-63183,-62814,-62445,-62076,-61707,-61338,-60969,-60600,-60231,-59862,-59493,-59124,-58755,-58386,-58017,-57648,-57279,-56910,-56541,-56172,-55803,-55434,-55065,-54696,-54327,-53958,-53589,-53220,-52851,-52482,-52113,-51744,-51375,-51006,-50637,-50268,-49899,-49530,-49161,-48792,-48423,-48054,-47685,-47316,-46947,-46578,-46209,-45840,-45471,-45102,-44733,-44364,-43995,-43626,-43257,-42888,-42519,-42150,-41781,-41412,-41043,-40674,-40305,-39936,-39567,-39198,-38829,-38460,-38091,-37722,-37353,-36984,-36615,-36246,-35877,-35508,-35139,-34770,-34401,-34032,-33663,-33294,-32925,-32556,-32187,-31818,-31449,-31080,-30711,-30342,-29973,-29604,-29235,-28866,-28497,-28128,-27759,-27390,-27021,-26652,-26283,-25914,-25545,-25176,-24807,-24438,-24069,-23700,-23331,-22962,-22593,-22224,-21855,-21486,-21117,-20748,-20379,-20010,-19641,-19272,-18903,-18534,-18165,-17796,-17427,-17058,-16689,-16320,-15951,-15582,-15213,-14844,-14475,-14106,-13737,-13368,-12999,-12630,-12261,-11892,-11523,-11154,-10785,-10416,-10047,-9678,-9309,-8940,-8571,-8202,-7833,-7464,-7095,-6726,-6357,-5988,-5619,-5250,-4881,-4512,-4143,-3774,-3405,-3036,-2667,-2298,-1929,-1560,-1191,-822,-453,-84
286,655,1024,1393,1762,2131,2500,2869,3238,3607,3976,4345,4714,5083,5452,5821,6190,6559,6928,7297,7666,8035,8404,8773,9142,9511,9880,10249,10618,10987,11356,11725,12094,12463,12832,13201,13570,13939,14308,14677,15046,15415,15784,16153,16522,16891,17260,17629,17998,18367,18736,19105,19474,19843,20212,20581,20950,21319,21688,22057,22426,22795,23164,23533,23902,24271,24640,25009,25378,25747,26116,26485,26854,27223,27592,27961,28330,28699,29068,29437,29806,30175,30544,30627,30913,31282,31651,32020,32389,32758,33127,33496,33865,34234,34603,34972,35341,35710,36079,36448,36817,37186,37555,37924,38293,38662,39031,39400,39769,40138,40507,40876,41245,41614,41983,42352,42721,43090,43459,43828,44197,44566,44935,45304,45673,46042,46411,46780,47149,47518,47887,48256,48625,48994,49363,49732,50101,50470,50839,51208,51577,51946,52315,52684,53053,53422,53791,54160,54529,54898,55267,55636,56005,56374,56743,57112,57481,57850,58219,58588,58957,59326,59695,60064,60433,60802,61171,61540,61909,62278,62647,63016,63385,63754,64123,64492,64861,65230,65599,65968,66337,66706,67075,67444,67813,-67979,-67610,-67241,-66872,-66503,-66134,-65765,-65396,-65027,-64658,-64289,-63920,-63551,-63182,-62813,-62444,-62075,-61706,-61337,-60968,-60599,-60230,-59861,-59492,-59123,-58754,-58385,-58016,-57647,-57278,-56909,-56540,-56171,-55802,-55433,-55064,-54695,-54326,-53957,-53588,-53219,-52850,-52481,-52112,-51743,-51374,-51005,-50636,-50267,-49898,-49529,-49160,-48791,-48422,-48053,-47684,-47315,-46946,-46577,-46208,-45839,-45470,-45101,-44732,-44363,-43994,-43625,-43256,-42887,-42518,-42149,-41780,-41411,-41042,-40673,-40304,-39935,-39566,-39197,-38828,-38459,-38090,-37721,-37352,-36983,-36614,-36245,-35876,-35507,-35138,-34769,-34400,-34031,-33662,-33293,-32924,-32555,-32186,-31817,-31448,-31079,-30710,-30341,-29972,-29603,-29234,-28865,-28496,-28127,-27758,-27389,-27020,-26651,-26282,-25913,-25544,-25175,-24806,-24437,-24068,-23699,-23330,-22961,-22592,-22223,-21854,-21485,-21116,-20747,-20378,-20009,-19640,-19271,-18902,-18533,-18164,-17795,-17426,-17057,-16688,-16319,-15950,-15581,-15212,-14843,-14474,-14105,-13736,-13367,-12998,-12629,-12260,-11891,-11522,-11153,-10784,-10415,-10046,-9677,-9308,-8939,-8570,-8201,-7832,-7463,-7094,-6725,-6356,-5987,-5618,-5249,-4880,-4511,-4142,-3773,-3404,-3035,-2666,-2297,-1928,-1559,-1190,-821,-452,-83
287,656,1025,1394,1763,2132,2501,2870,3239,3608,3977,4346,4715,5084,5453,5822,6191,6560,6929,7298,7667,8036,8405,8774,9143,9512,9881,10250,10619,10988,11357,11726,12095,12464,12833,13202,13571,13940,14309,14678,15047,15416,15785,16154,16523,16892,17261,17630,17999,18368,18737,19106,19475,19844,20213,20582,20951,21320,21689,22058,22427,22796,23165,23534,23903,24272,24641,25010,25379,25748,26117,26486,26855,27224,27593,27962,28331,28700,29069,29438,29807,30176,30258,30545,30914,31283,31652,32021,32390,32759,33128,33497,33866,34235,34604,34973,35342,35711,36080,36449,36818,37187,37556,37925,38294,38663,39032,39401,39770,40139,40508,40877,41246,41615,41984,42353,42722,43091,43460,43829,44198,44567,44936,45305,45674,46043,46412,46781,47150,47519,47888,48257,48626,48995,49364,49733,50102,50471,50840,51209,51578,51947,52316,52685,53054,53423,53792,54161,54530,54899,55268,55637,56006,56375,56744,57113,57482,57851,58220,58589,58958,59327,59696,60065,60434,60803,61172,61541,61910,62279,62648,63017,63386,63755,64124,64493,64862,65231,65600,65969,66338,66707,67076,67445,67814,-67978,-67609,-67240,-66871,-66502,-66133,-65764,-65395,-65026,-64657,-64288,-63919,-63550,-63181,-62812,-62443,-62074,-61705,-61336,-60967,-60598,-60229,-59860,-59491,-59122,-58753,-58384,-58015,-57646,-57277,-56908,-56539,-56170,-55801,-55432,-55063,-54694,-54325,-53956,-53587,-53218,-52849,-52480,-52111,-51742,-51373,-51004,-50635,-50266,-49897,-49528,-49159,-48790,-48421,-48052,-47683,-47314,-46945,-46576,-46207,-45838,-45469,-45100,-44731,-44362,-43993,-43624,-43255,-42886,-42517,-42148,-41779,-41410,-41041,-40672,-40303,-39934,-39565,-39196,-38827,-38458,-38089,-37720,-37351,-36982,-36613,-36244,-35875,-35506,-35137,-34768,-34399,-34030,-33661,-33292,-32923,-32554,-32185,-31816,-31447,-31078,-30709,-30340,-29971,-29602,-29233,-28864,-28495,-28126,-27757,-27388,-27019,-26650,-26281,-25912,-25543,-25174,-24805,-24436,-24067,-23698,-23329,-22960,-22591,-22222,-21853,-21484,-21115,-20746,-20377,-20008,-19639,-19270,-18901,-18532,-18163,-17794,-17425,-17056,-16687,-16318,-15949,-15580,-15211,-14842,-14473,-14104,-13735,-13366,-12997,-12628,-12259,-11890,-11521,-11152,-10783,-10414,-10045,-9676,-9307,-8938,-8569,-8200,-7831,-7462,-7093,-6724,-6355,-5986,-5617,-5248,-4879,-4510,-4141,-3772,-3403,-3034,-2665,-2296,-1927,-1558,-1189,-820,-451,-82
288,657,1026,1395,1764,2133,2502,2871,3240,3609,3978,4347,4716,5085,5454,5823,6192,6561,6930,7299,7668,8037,8406,8775,9144,9513,9882,10251,10620,10989,11358,11727,12096,12465,12834,13203,13572,13941,14310,14679,15048,15417,15786,16155,16524,16893,17262,17631,18000,18369,18738,19107,19476,19845,20214,20583,20952,21321,21690,22059,22428,22797,23166,23535,23904,24273,24642,25011,25380,25749,26118,26487,26856,27225,27594,27963,28332,28701,29070,29439,29808,29889,30177,30546,30915,31284,31653,32022,32391,32760,33129,33498,33867,34236,34605,34974,35343,35712,36081,36450,36819,37188,37557,37926,38295,38664,39033,39402,39771,40140,40509,40878,41247,41616,41985,42354,42723,43092,43461,43830,44199,44568,44937,45306,45675,46044,46413,46782,47151,47520,47889,48258,48627,48996,49365,49734,50103,50472,50841,51210,51579,51948,52317,52686,53055,53424,53793,54162,54531,54900,55269,55638,56007,56376,56745,57114,57483,57852,58221,58590,58959,59328,59697,60066,60435,60804,61173,61542,61911,62280,62649,63018,63387,63756,64125,64494,64863,65232,65601,65970,66339,66708,67077,67446,67815,-67977,-67608,-67239,-66870,-66501,-66132,-65763,-65394,-65025,-64656,-64287,-63918,-63549,-63180,-62811,-62442,-62073,-61704,-61335,-60966,-60597,-60228,-59859,-59490,-59121,-58752,-58383,-58014,-57645,-57276,-56907,-56538,-56169,-55800,-55431,-55062,-54693,-54324,-53955,-53586,-53217,-52848,-52479,-52110,-51741,-51372,-51003,-50634,-50265,-49896,-49527,-49158,-48789,-48420,-48051,-47682,-47313,-46944,-46575,-46206,-45837,-45468,-45099,-44730,-44361,-43992,-43623,-43254,-42885,-42516,-42147,-41778,-41409,-41040,-40671,-40302,-39933,-39564,-39195,-38826,-38457,-38088,-37719,-37350,-36981,-36612,-36243,-35874,-35505,-35136,-34767,-34398,-34029,-33660,-33291,-32922,-32553,-32184,-31815,-31446,-31077,-30708,-30339,-29970,-29601,-29232,-28863,-28494,-28125,-27756,-27387,-27018,-26649,-26280,-25911,-25542,-25173,-24804,-24435,-24066,-23697,-23328,-22959,-22590,-22221,-21852,-21483,-21114,-20745,-20376,-20007,-19638,-19269,-18900,-18531,-18162,-17793,-17424,-17055,-16686,-16317,-15948,-15579,-15210,-14841,-14472,-14103,-13734,-13365,-12996,-12627,-12258,-11889,-11520,-11151,-10782,-10413,-10044,-9675,-9306,-8937,-8568,-8199,-7830,-7461,-7092,-6723,-6354,-5985,-5616,-5247,-4878,-4509,-4140,-3771,-3402,-3033,-2664,-2295,-1926,-1557,-1188,-819,-450,-81
289,658,1027,1396,1765,2134,2503,2872,3241,3610,3979,4348,4717,5086,5455,5824,6193,6562,6931,7300,7669,8038,8407,8776,9145,9514,9883,10252,10621,10990,11359,11728,12097,12466,12835,13204,13573,13942,14311,14680,15049,15418,15787,16156,16525,16894,17263,17632,18001,18370,18739,19108,19477,19846,20215,20584,20953,21322,21691,22060,22429,22798,23167,23536,23905,24274,24643,25012,25381,25750,26119,26488,26857,27226,27595,27964,28333,28702,29071,29440,29520,29809,30178,30547,30916,31285,31654,32023,32392,32761,33130,33499,33868,34237,34606,34975,35344,35713,36082,36451,36820,37189,37558,37927,38296,38665,39034,39403,39772,40141,40510,40879,41248,41617,41986,42355,42724,43093,43462,43831,44200,44569,44938,45307,45676,46045,46414,46783,47152,47521,47890,48259,48628,48997,49366,49735,50104,50473,50842,51211,51580,51949,52318,52687,53056,53425,53794,54163,54532,54901,55270,55639,56008,56377,56746,57115,57484,57853,58222,58591,58960,59329,59698,60067,60436,60805,61174,61543,61912,62281,62650,63019,63388,63757,64126,64495,64864,65233,65602,65971,66340,66709,67078,67447,67816,-67976,-67607,-67238,-66869,-66500,-66131,-65762,-65393,-65024,-64655,-64286,-63917,-63548,-63179,-62810,-62441,-62072,-61703,-61334,-60965,-60596,-60227,-59858,-59489,-59120,-58751,-58382,-58013,-57644,-57275,-56906,-56537,-56168,-55799,-55430,-55061,-54692,-54323,-53954,-53585,-53216,-52847,-52478,-52109,-51740,-51371,-51002,-50633,-50264,-49895,-49526,-49157,-48788,-48419,-48050,-47681,-47312,-46943,-46574,-46205,-45836,-45467,-45098,-44729,-44360,-43991,-43622,-43253,-42884,-42515,-42146,-41777,-41408,-41039,-40670,-40301,-39932,-39563,-39194,-38825,-38456,-38087,-37718,-37349,-36980,-36611,-36242,-35873,-35504,-35135,-34766,-34397,-34028,-33659,-33290,-32921,-32552,-32183,-31814,-31445,-31076,-30707,-30338,-29969,-29600,-29231,-28862,-28493,-28124,-27755,-27386,-27017,-26648,-26279,-25910,-25541,-25172,-24803,-24434,-24065,-23696,-23327,-22958,-22589,-22220,-21851,-21482,-21113,-20744,-20375,-20006,-19637,-19268,-18899,-18530,-18161,-17792,-17423,-17054,-16685,-16316,-15947,-15578,-15209,-14840,-14471,-14102,-13733,-13364,-12995,-12626,-12257,-11888,-11519,-11150,-10781,-10412,-10043,-9674,-9305,-8936,-8567,-8198,-7829,-7460,-7091,-6722,-6353,-5984,-5615,-5246,-4877,-4508,-4139,-3770,-3401,-3032,-2663,-2294,-1925,-1556,-1187,-818,-449,-80
290,659,1028,1397,1766,2135,2504,2873,3242,3611,3980,4349,4718,5087,5456,5825,6194,6563,6932,7301,7670,8039,8408,8777,9146,9515,9884,10253,10622,10991,11360,11729,12098,12467,12836,13205,13574,13943,14312,14681,15050,15419,15788,16157,16526,16895,17264,17633,18002,18371,18740,19109,19478,19847,20216,20585,20954,21323,21692,22061,22430,22799,23168,23537,23906,24275,24644,25013,25382,25751,26120,26489,26858,27227,27596,27965,28334,28703,29072,29151,29441,29810,30179,30548,30917,31286,31655,32024,32393,32762,33131,33500,33869,34238,34607,34976,35345,35714,36083,36452,36821,37190,37559,37928,38297,38666,39035,39404,39773,40142,40511,40880,41249,41618,41987,42356,42725,43094,43463,43832,44201,44570,44939,45308,45677,46046,46415,46784,47153,47522,47891,48260,48629,48998,49367,49736,50105,50474,50843,51212,51581,51950,52319,52688,53057,53426,53795,54164,54533,54902,55271,55640,56009,56378,56747,57116,57485,57854,58223,58592,58961,59330,59699,60068,60437,60806,61175,61544,61913,62282,62651,63020,63389,63758,64127,64496,64865,65234,65603,65972,66341,66710,67079,67448,67817,-67975,-67606,-67237,-66868,-66499,-66130,-65761,-65392,-65023,-64654,-64285,-63916,-63547,-63178,-62809,-62440,-62071,-61702,-61333,-60964,-60595,-60226,-59857,-59488,-59119,-58750,-58381,-58012,-57643,-57274,-56905,-56536,-56167,-55798,-55429,-55060,-54691,-54322,-53953,-53584,-53215,-52846,-52477,-52108,-51739,-51370,-51001,-50632,-50263,-49894,-49525,-49156,-48787,-48418,-48049,-47680,-47311,-46942,-46573,-46204,-45835,-45466,-45097,-44728,-44359,-43990,-43621,-43252,-42883,-42514,-42145,-41776,-41407,-41038,-40669,-40300,-39931,-39562,-39193,-38824,-38455,-38086,-37717,-37348,-36979,-36610,-36241,-35872,-35503,-35134,-34765,-34396,-34027,-33658,-33289,-32920,-32551,-32182,-31813,-31444,-31075,-30706,-30337,-29968,-29599,-29230,-28861,-28492,-28123,-27754,-27385,-27016,-26647,-26278,-25909,-25540,-25171,-24802,-24433,-24064,-23695,-23326,-22957,-22588,-22219,-21850,-21481,-21112,-20743,-20374,-20005,-19636,-19267,-18898,-18529,-18160,-17791,-17422,-17053,-16684,-16315,-15946,-15577,-15208,-14839,-14470,-14101,-13732,-13363,-12994,-12625,-12256,-11887,-11518,-11149,-10780,-10411,-10042,-9673,-9304,-8935,-8566,-8197,-7828,-7459,-7090,-6721,-6352,-5983,-5614,-5245,-4876,-4507,-4138,-3769,-3400,-3031,-2662,-2293,-1924,-1555,-1186,-817,-448,-79
291,660,1029,1398,1767,2136,2505,2874,3243,3612,3981,4350,4719,5088,5457,5826,6195,6564,6933,7302,7671,8040,8409,8778,9147,9516,9885,10254,10623,10992,11361,11730,12099,12468,12837,13206,13575,13944,14313,14682,15051,15420,15789,16158,16527,16896,17265,17634,18003,18372,18741,19110,19479,19848,20217,20586,20955,21324,21693,22062,22431,22800,23169,23538,23907,24276,24645,25014,25383,25752,26121,26490,26859,27228,27597,27966,28335,28704,28782,29073,29442,29811,30180,30549,30918,31287,31656,32025,32394,32763,33132,33501,33870,34239,34608,34977,35346,35715,36084,36453,36822,37191,37560,37929,38298,38667,39036,39405,39774,40143,40512,40881,41250,41619,41988,42357,42726,43095,43464,43833,44202,44571,44940,45309,45678,46047,46416,46785,47154,47523,47892,48261,48630,48999,49368,49737,50106,50475,50844,51213,51582,51951,52320,52689,53058,53427,53796,54165,54534,54903,55272,55641,56010,56379,56748,57117,57486,57855,58224,58593,58962,59331,59700,60069,60438,60807,61176,61545,61914,62283,62652,63021,63390,63759,64128,64497,64866,65235,65604,65973,66342,66711,67080,67449,67818,-67974,-67605,-67236,-66867,-66498,-66129,-65760,-65391,-65022,-64653,-64284,-63915,-63546,-63177,-62808,-62439,-62070,-61701,-61332,-60963,-60594,-60225,-59856,-59487,-59118,-58749,-58380,-58011,-57642,-57273,-56904,-56535,-56166,-55797,-55428,-55059,-54690,-54321,-53952,-53583,-53214,-52845,-52476,-52107,-51738,-51369,-51000,-50631,-50262,-49893,-49524,-49155,-48786,-48417,-48048,-47679,-47310,-46941,-46572,-46203,-45834,-45465,-45096,-44727,-44358,-43989,-43620,-43251,-42882,-42513,-42144,-41775,-41406,-41037,-40668,-40299,-39930,-39561,-39192,-38823,-38454,-38085,-37716,-37347,-36978,-36609,-36240,-35871,-35502,-35133,-34764,-34395,-34026,-33657,-33288,-32919,-32550,-32181,-31812,-31443,-31074,-30705,-30336,-29967,-29598,-29229,-28860,-28491,-28122,-27753,-27384,-27015,-26646,-26277,-25908,-25539,-25170,-24801,-24432,-24063,-23694,-23325,-22956,-22587,-22218,-21849,-21480,-21111,-20742,-20373,-20004,-19635,-19266,-18897,-18528,-18159,-17790,-17421,-17052,-16683,-16314,-15945,-15576,-15207,-14838,-14469,-14100,-13731,-13362,-12993,-12624,-12255,-11886,-11517,-11148,-10779,-10410,-10041,-9672,-9303,-8934,-8565,-8196,-7827,-7458,-7089,-6720,-6351,-5982,-5613,-5244,-4875,-4506,-4137,-3768,-3399,-3030,-2661,-2292,-1923,-1554,-1185,-816,-447,-78
292,661,1030,1399,1768,2137,2506,2875,3244,3613,3982,4351,4720,5089,5458,5827,6196,6565,6934,7303,7672,8041,8410,8779,9148,9517,9886,10255,10624,10993,11362,11731,12100,12469,12838,13207,13576,13945,14314,14683,15052,15421,15790,16159,16528,16897,17266,17635,18004,18373,18742,19111,19480,19849,20218,20587,20956,21325,21694,22063,22432,22801,23170,23539,23908,24277,24646,25015,25384,25753,26122,26491,26860,27229,27598,27967,28336,28413,28705,29074,29443,29812,30181,30550,30919,31288,31657,32026,32395,32764,33133,33502,33871,34240,34609,34978,35347,35716,36085,36454,36823,37192,37561,37930,38299,38668,39037,39406,39775,40144,40513,40882,41251,41620,41989,42358,42727,43096,43465,43834,44203,44572,44941,45310,45679,46048,46417,46786,47155,47524,47893,48262,48631,49000,49369,49738,50107,50476,50845,51214,51583,51952,52321,52690,53059,53428,53797,54166,54535,54904,55273,55642,56011,56380,56749,57118,57487,57856,58225,58594,58963,59332,59701,60070,60439,60808,61177,61546,61915,62284,62653,63022,63391,63760,64129,64498,64867,65236,65605,65974,66343,66712,67081,67450,67819,-67973,-67604,-67235,-66866,-66497,-66128,-65759,-65390,-65021,-64652,-64283,-63914,-63545,-63176,-62807,-62438,-62069,-61700,-61331,-60962,-60593,-60224,-59855,-59486,-59117,-58748,-58379,-58010,-57641,-57272,-56903,-56534,-56165,-55796,-55427,-55058,-54689,-54320,-53951,-53582,-53213,-52844,-52475,-52106,-51737,-51368,-50999,-50630,-50261,-49892,-49523,-49154,-48785,-48416,-48047,-47678,-47309,-46940,-46571,-46202,-45833,-45464,-45095,-44726,-44357,-43988,-43619,-43250,-42881,-42512,-42143,-41774,-41405,-41036,-40667,-40298,-39929,-39560,-39191,-38822,-38453,-38084,-37715,-37346,-36977,-36608,-36239,-35870,-35501,-35132,-34763,-34394,-34025,-33656,-33287,-32918,-32549,-32180,-31811,-31442,-31073,-30704,-30335,-29966,-29597,-29228,-28859,-28490,-28121,-27752,-27383,-27014,-26645,-26276,-25907,-25538,-25169,-24800,-24431,-24062,-23693,-23324,-22955,-22586,-22217,-21848,-21479,-21110,-20741,-20372,-20003,-19634,-19265,-18896,-18527,-18158,-17789,-17420,-17051,-16682,-16313,-15944,-15575,-15206,-14837,-14468,-14099,-13730,-13361,-12992,-12623,-12254,-11885,-11516,-11147,-10778,-10409,-10040,-9671,-9302,-8933,-8564,-8195,-7826,-7457,-7088,-6719,-6350,-5981,-5612,-5243,-4874,-4505,-4136,-3767,-3398,-3029,-2660,-2291,-1922,-1553,-1184,-815,-446,-77
293,662,1031,1400,1769,2138,2507,2876,3245,3614,3983,4352,4721,5090,5459,5828,6197,6566,6935,7304,7673,8042,8411,8780,9149,9518,9887,10256,10625,10994,11363,11732,12101,12470,12839,13208,13577,13946,14315,14684,15053,15422,15791,16160,16529,16898,17267,17636,18005,18374,18743,19112,19481,19850,20219,20588,20957,21326,21695,22064,22433,22802,23171,23540,23909,24278,24647,25016,25385,25754,26123,26492,26861,27230,27599,27968,28044,28337,28706,29075,29444,29813,30182,30551,30920,31289,31658,32027,32396,32765,33134,33503,33872,34241,34610,34979,35348,35717,36086,36455,36824,37193,37562,37931,38300,38669,39038,39407,39776,40145,40514,40883,41252,41621,41990,42359,42728,43097,43466,43835,44204,44573,44942,45311,45680,46049,46418,46787,47156,47525,47894,48263,48632,49001,49370,49739,50108,50477,50846,51215,51584,51953,52322,52691,53060,53429,53798,54167,54536,54905,55274,55643,56012,56381,56750,57119,57488,57857,58226,58595,58964,59333,59702,60071,60440,60809,61178,61547,61916,62285,62654,63023,63392,63761,64130,64499,64868,65237,65606,65975,66344,66713,67082,67451,67820,-67972,-67603,-67234,-66865,-66496,-66127,-65758,-65389,-65020,-64651,-64282,-63913,-63544,-63175,-62806,-62437,-62068,-61699,-61330,-60961,-60592,-60223,-59854,-59485,-59116,-58747,-58378,-58009,-57640,-57271,-56902,-56533,-56164,-55795,-55426,-55057,-54688,-54319,-53950,-53581,-53212,-52843,-52474,-52105,-51736,-51367,-50998,-50629,-50260,-49891,-49522,-49153,-48784,-48415,-48046,-47677,-47308,-46939,-46570,-46201,-45832,-45463,-45094,-44725,-44356,-43987,-43618,-43249,-42880,-42511,-42142,-41773,-41404,-41035,-40666,-40297,-39928,-39559,-39190,-38821,-38452,-38083,-37714,-37345,-36976,-36607,-36238,-35869,-35500,-35131,-34762,-34393,-34024,-33655,-33286,-32917,-32548,-32179,-31810,-31441,-31072,-30703,-30334,-29965,-29596,-29227,-28858,-28489,-28120,-27751,-27382,-27013,-26644,-26275,-25906,-25537,-25168,-24799,-24430,-24061,-23692,-23323,-22954,-22585,-22216,-21847,-21478,-21109,-20740,-20371,-20002,-19633,-19264,-18895,-18526,-18157,-17788,-17419,-17050,-16681,-16312,-15943,-15574,-15205,-14836,-14467,-14098,-13729,-13360,-12991,-12622,-12253,-11884,-11515,-11146,-10777,-10408,-10039,-9670,-9301,-8932,-8563,-8194,-7825,-7456,-7087,-6718,-6349,-5980,-5611,-5242,-4873,-4504,-4135,-3766,-3397,-3028,-2659,-2290,-1921,-1552,-1183,-814,-445,-76
294,663,1032,1401,1770,2139,2508,2877,3246,3615,3984,4353,4722,5091,5460,5829,6198,6567,6936,7305,7674,8043,8412,8781,9150,9519,9888,10257,10626,10995,11364,11733,12102,12471,12840,13209,13578,13947,14316,14685,15054,15423,15792,16161,16530,16899,17268,17637,18006,18375,18744,19113,19482,19851,20220,20589,20958,21327,21696,22065,22434,22803,23172,23541,23910,24279,24648,25017,25386,25755,26124,26493,26862,27231,27600,27675,27969,28338,28707,29076,29445,29814,30183,30552,30921,31290,31659,32028,32397,32766,33135,33504,33873,34242,34611,34980,35349,35718,36087,36456,36825,37194,37563,37932,38301,38670,39039,39408,39777,40146,40515,40884,41253,41622,41991,42360,42729,43098,43467,43836,44205,44574,44943,45312,45681,46050,46419,46788,47157,47526,47895,48264,48633,49002,49371,49740,50109,50478,50847,51216,51585,51954,52323,52692,53061,53430,53799,54168,54537,54906,55275,55644,56013,56382,56751,57120,57489,57858,58227,58596,58965,59334,59703,60072,60441,60810,61179,61548,61917,62286,62655,63024,63393,63762,64131,64500,64869,65238,65607,65976,66345,66714,67083,67452,67821,-67971,-67602,-67233,-66864,-66495,-66126,-65757,-65388,-65019,-64650,-64281,-63912,-63543,-63174,-62805,-62436,-62067,-61698,-61329,-60960,-60591,-60222,-59853,-59484,-59115,-58746,-58377,-58008,-57639,-57270,-56901,-56532,-56163,-55794,-55425,-55056,-54687,-54318,-53949,-53580,-53211,-52842,-52473,-52104,-51735,-51366,-50997,-50628,-50259,-49890,-49521,-49152,-48783,-48414,-48045,-47676,-47307,-46938,-46569,-46200,-45831,-45462,-45093,-44724,-44355,-43986,-43617,-43248,-42879,-42510,-42141,-41772,-41403,-41034,-40665,-40296,-39927,-39558,-39189,-38820,-38451,-38082,-37713,-37344,-36975,-36606,-36237,-35868,-35499,-35130,-34761,-34392,-34023,-33654,-33285,-32916,-32547,-32178,-31809,-31440,-31071,-30702,-30333,-29964,-29595,-29226,-28857,-28488,-28119,-27750,-27381,-27012,-26643,-26274,-25905,-25536,-25167,-24798,-24429,-24060,-23691,-23322,-22953,-22584,-22215,-21846,-21477,-21108,-20739,-20370,-20001,-19632,-19263,-18894,-18525,-18156,-17787,-17418,-17049,-16680,-16311,-15942,-15573,-15204,-14835,-14466,-14097,-13728,-13359,-12990,-12621,-12252,-11883,-11514,-11145,-10776,-10407,-10038,-9669,-9300,-8931,-8562,-8193,-7824,-7455,-7086,-6717,-6348,-5979,-5610,-5241,-4872,-4503,-4134,-3765,-3396,-3027,-2658,-2289,-1920,-1551,-1182,-813,-444,-75
295,664,1033,1402,1771,2140,2509,2878,3247,3616,3985,4354,4723,5092,5461,5830,6199,6568,6937,7306,7675,8044,8413,8782,9151,9520,9889,10258,10627,10996,11365,11734,12103,12472,12841,13210,13579,13948,14317,14686,15055,15424,15793,16162,16531,16900,17269,17638,18007,18376,18745,19114,19483,19852,20221,20590,20959,21328,21697,22066,22435,22804,23173,23542,23911,24280,24649,25018,25387,25756,26125,26494,26863,27232,27306,27601,27970,28339,28708,29077,29446,29815,30184,30553,30922,31291,31660,32029,32398,32767,33136,33505,33874,34243,34612,34981,35350,35719,36088,36457,36826,37195,37564,37933,38302,38671,39040,39409,39778,40147,40516,40885,41254,41623,41992,42361,42730,43099,43468,43837,44206,44575,44944,45313,45682,46051,46420,46789,47158,47527,47896,48265,48634,49003,49372,49741,50110,50479,50848,51217,51586,51955,52324,52693,53062,53431,53800,54169,54538,54907,55276,55645,56014,56383,56752,57121,57490,57859,58228,58597,58966,59335,59704,60073,60442,60811,61180,61549,61918,62287,62656,63025,63394,63763,64132,64501,64870,65239,65608,65977,66346,66715,67084,67453,67822,-67970,-67601,-67232,-66863,-66494,-66125,-65756,-65387,-65018,-64649,-64280,-63911,-63542,-63173,-62804,-62435,-62066,-61697,-61328,-60959,-60590,-60221,-59852,-59483,-59114,-58745,-58376,-58007,-57638,-57269,-56900,-56531,-56162,-55793,-55424,-55055,-54686,-54317,-53948,-53579,-53210,-52841,-52472,-52103,-51734,-51365,-50996,-50627,-50258,-49889,-49520,-49151,-48782,-48413,-48044,-47675,-47306,-46937,-46568,-46199,-45830,-45461,-45092,-44723,-44354,-43985,-43616,-43247,-42878,-42509,-42140,-41771,-41402,-41033,-40664,-40295,-39926,-39557,-39188,-38819,-38450,-38081,-37712,-37343,-36974,-36605,-36236,-35867,-35498,-35129,-34760,-34391,-34022,-33653,-33284,-32915,-32546,-32177,-31808,-31439,-31070,-30701,-30332,-29963,-29594,-29225,-28856,-28487,-28118,-27749,-27380,-27011,-26642,-26273,-25904,-25535,-25166,-24797,-24428,-24059,-23690,-23321,-22952,-22583,-22214,-21845,-21476,-21107,-20738,-20369,-20000,-19631,-19262,-18893,-18524,-18155,-17786,-17417,-17048,-16679,-16310,-15941,-15572,-15203,-14834,-14465,-14096,-13727,-13358,-12989,-12620,-12251,-11882,-11513,-11144,-10775,-10406,-10037,-9668,-9299,-8930,-8561,-8192,-7823,-7454,-7085,-6716,-6347,-5978,-5609,-5240,-4871,-4502,-4133,-3764,-3395,-3026,-2657,-2288,-1919,-1550,-1181,-812,-443,-74
296,665,1034,1403,1772,2141,2510,2879,3248,3617,3986,4355,4724,5093,5462,5831,6200,6569,6938,7307,7676,8045,8414,8783,9152,9521,9890,10259,10628,10997,11366,11735,12104,12473,12842,13211,13580,13949,14318,14687,15056,15425,15794,16163,16532,16901,17270,17639,18008,18377,18746,19115,19484,19853,20222,20591,20960,21329,21698,22067,22436,22805,23174,23543,23912,24281,24650,25019,25388,25757,26126,26495,26864,26937,27233,27602,27971,28340,28709,29078,29447,29816,30185,30554,30923,31292,31661,32030,32399,32768,33137,33506,33875,34244,34613,34982,35351,35720,36089,36458,36827,37196,37565,37934,38303,38672,39041,39410,39779,40148,40517,40886,41255,41624,41993,42362,42731,43100,43469,43838,44207,44576,44945,45314,45683,46052,46421,46790,47159,47528,47897,48266,48635,49004,49373,49742,50111,50480,50849,51218,51587,51956,52325,52694,53063,53432,53801,54170,54539,54908,55277,55646,56015,56384,56753,57122,57491,57860,58229,58598,58967,59336,59705,60074,60443,60812,61181,61550,61919,62288,62657,63026,63395,63764,64133,64502,64871,65240,65609,65978,66347,66716,67085,67454,67823,-67969,-67600,-67231,-66862,-66493,-66124,-65755,-65386,-65017,-64648,-64279,-63910,-63541,-63172,-62803,-62434,-62065,-61696,-61327,-60958,-60589,-60220,-59851,-59482,-59113,-58744,-58375,-58006,-57637,-57268,-56899,-56530,-56161,-55792,-55423,-55054,-54685,-54316,-53947,-53578,-53209,-52840,-52471,-52102,-51733,-51364,-50995,-50626,-50257,-49888,-49519,-49150,-48781,-48412,-48043,-47674,-47305,-46936,-46567,-46198,-45829,-45460,-45091,-44722,-44353,-43984,-43615,-43246,-42877,-42508,-42139,-41770,-41401,-41032,-40663,-40294,-39925,-39556,-39187,-38818,-38449,-38080,-37711,-37342,-36973,-36604,-36235,-35866,-35497,-35128,-34759,-34390,-34021,-33652,-33283,-32914,-32545,-32176,-31807,-31438,-31069,-30700,-30331,-29962,-29593,-29224,-28855,-28486,-28117,-27748,-27379,-27010,-26641,-26272,-25903,-25534,-25165,-24796,-24427,-24058,-23689,-23320,-22951,-22582,-22213,-21844,-21475,-21106,-20737,-20368,-19999,-19630,-19261,-18892,-18523,-18154,-17785,-17416,-17047,-16678,-16309,-15940,-15571,-15202,-14833,-14464,-14095,-13726,-13357,-12988,-12619,-12250,-11881,-11512,-11143,-10774,-10405,-10036,-9667,-9298,-8929,-8560,-8191,-7822,-7453,-7084,-6715,-6346,-5977,-5608,-5239,-4870,-4501,-4132,-3763,-3394,-3025,-2656,-2287,-1918,-1549,-1180,-811,-442,-73
297,666,1035,1404,1773,2142,2511,2880,3249,3618,3987,4356,4725,5094,5463,5832,6201,6570,6939,7308,7677,8046,8415,8784,9153,9522,9891,10260,10629,10998,11367,11736,12105,12474,12843,13212,13581,13950,14319,14688,15057,15426,15795,16164,16533,16902,17271,17640,18009,18378,18747,19116,19485,19854,20223,20592,20961,21330,21699,22068,22437,22806,23175,23544,23913,24282,24651,25020,25389,25758,26127,26496,26568,26865,27234,27603,27972,28341,28710,29079,29448,29817,30186,30555,30924,31293,31662,32031,32400,32769,33138,33507,33876,34245,34614,34983,35352,35721,36090,36459,36828,37197,37566,37935,38304,38673,39042,39411,39780,40149,40518,40887,41256,41625,41994,42363,42732,43101,43470,43839,44208,44577,44946,45315,45684,46053,46422,46791,47160,47529,47898,48267,48636,49005,49374,49743,50112,50481,50850,51219,51588,51957,52326,52695,53064,53433,53802,54171,54540,54909,55278,55647,56016,56385,56754,57123,57492,57861,58230,58599,58968,59337,59706,60075,60444,60813,61182,61551,61920,62289,62658,63027,63396,63765,64134,64503,64872,65241,65610,65979,66348,66717,67086,67455,67824,-67968,-67599,-67230,-66861,-66492,-66123,-65754,-65385,-65016,-64647,-64278,-63909,-63540,-63171,-62802,-62433,-62064,-61695,-61326,-60957,-60588,-60219,-59850,-59481,-59112,-58743,-58374,-58005,-57636,-57267,-56898,-56529,-56160,-55791,-55422,-55053,-54684,-54315,-53946,-53577,-53208,-52839,-52470,-52101,-51732,-51363,-50994,-50625,-50256,-49887,-49518,-49149,-48780,-48411,-48042,-47673,-47304,-46935,-46566,-46197,-45828,-45459,-45090,-44721,-44352,-43983,-43614,-43245,-42876,-42507,-42138,-41769,-41400,-41031,-40662,-40293,-39924,-39555,-39186,-38817,-38448,-38079,-37710,-37341,-36972,-36603,-36234,-35865,-35496,-35127,-34758,-34389,-34020,-33651,-33282,-32913,-32544,-32175,-31806,-31437,-31068,-30699,-30330,-29961,-29592,-29223,-28854,-28485,-28116,-27747,-27378,-27009,-26640,-26271,-25902,-25533,-25164,-24795,-24426,-24057,-23688,-23319,-22950,-22581,-22212,-21843,-21474,-21105,-20736,-20367,-19998,-19629,-19260,-18891,-18522,-18153,-17784,-17415,-17046,-16677,-16308,-15939,-15570,-15201,-14832,-14463,-14094,-13725,-13356,-12987,-12618,-12249,-11880,-11511,-11142,-10773,-10404,-10035,-9666,-9297,-8928,-8559,-8190,-7821,-7452,-7083,-6714,-6345,-5976,-5607,-5238,-4869,-4500,-4131,-3762,-3393,-3024,-2655,-2286,-1917,-1548,-1179,-810,-441,-72
298,667,1036,1405,1774,2143,2512,2881,3250,3619,3988,4357,4726,5095,5464,5833,6202,6571,6940,7309,7678,8047,8416,8785,9154,9523,9892,10261,10630,10999,11368,11737,12106,12475,12844,13213,13582,13951,14320,14689,15058,15427,15796,16165,16534,16903,17272,17641,18010,18379,18748,19117,19486,19855,20224,20593,20962,21331,21700,22069,22438,22807,23176,23545,23914,24283,24652,25021,25390,25759,26128,26199,26497,26866,27235,27604,27973,28342,28711,29080,29449,29818,30187,30556,30925,31294,31663,32032,32401,32770,33139,33508,33877,34246,34615,34984,35353,35722,36091,36460,36829,37198,37567,37936,38305,38674,39043,39412,39781,40150,40519,40888,41257,41626,41995,42364,42733,43102,43471,43840,44209,44578,44947,45316,45685,46054,46423,46792,47161,47530,47899,48268,48637,49006,49375,49744,50113,50482,50851,51220,51589,51958,52327,52696,53065,53434,53803,54172,54541,54910,55279,55648,56017,56386,56755,57124,57493,57862,58231,58600,58969,59338,59707,60076,60445,60814,61183,61552,61921,62290,62659,63028,63397,63766,64135,64504,64873,65242,65611,65980,66349,66718,67087,67456,67825,-67967,-67598,-67229,-66860,-66491,-66122,-65753,-65384,-65015,-64646,-64277,-63908,-63539,-63170,-62801,-62432,-62063,-61694,-61325,-60956,-60587,-60218,-59849,-59480,-59111,-58742,-58373,-58004,-57635,-57266,-56897,-56528,-56159,-55790,-55421,-55052,-54683,-54314,-53945,-53576,-53207,-52838,-52469,-52100,-51731,-51362,-50993,-50624,-50255,-49886,-49517,-49148,-48779,-48410,-48041,-47672,-47303,-46934,-46565,-46196,-45827,-45458,-45089,-44720,-44351,-43982,-43613,-43244,-42875,-42506,-42137,-41768,-41399,-41030,-40661,-40292,-39923,-39554,-39185,-38816,-38447,-38078,-37709,-37340,-36971,-36602,-36233,-35864,-35495,-35126,-34757,-34388,-34019,-33650,-33281,-32912,-32543,-32174,-31805,-31436,-31067,-30698,-30329,-29960,-29591,-29222,-28853,-28484,-28115,-27746,-27377,-27008,-26639,-26270,-25901,-25532,-25163,-24794,-24425,-24056,-23687,-23318,-22949,-22580,-22211,-21842,-21473,-21104,-20735,-20366,-19997,-19628,-19259,-18890,-18521,-18152,-17783,-17414,-17045,-16676,-16307,-15938,-15569,-15200,-14831,-14462,-14093,-13724,-13355,-12986,-12617,-12248,-11879,-11510,-11141,-10772,-10403,-10034,-9665,-9296,-8927,-8558,-8189,-7820,-7451,-7082,-6713,-6344,-5975,-5606,-5237,-4868,-4499,-4130,-3761,-3392,-3023,-2654,-2285,-1916,-1547,-1178,-809,-440,-71
299,668,1037,1406,1775,2144,2513,2882,3251,3620,3989,4358,4727,5096,5465,5834,6203,6572,6941,7310,7679,8048,8417,8786,9155,9524,9893,10262,10631,11000,11369,11738,12107,12476,12845,13214,13583,13952,14321,14690,15059,15428,15797,16166,16535,16904,17273,17642,18011,18380,18749,19118,19487,19856,20225,20594,20963,21332,21701,22070,22439,22808,23177,23546,23915,24284,24653,25022,25391,25760,25830,26129,26498,26867,27236,27605,27974,28343,28712,29081,29450,29819,30188,30557,30926,31295,31664,32033,32402,32771,33140,33509,33878,34247,34616,34985,35354,35723,36092,36461,36830,37199,37568,37937,38306,38675,39044,39413,39782,40151,40520,40889,41258,41627,41996,42365,42734,43103,43472,43841,44210,44579,44948,45317,45686,46055,46424,46793,47162,47531,47900,48269,48638,49007,49376,49745,50114,50483,50852,51221,51590,51959,52328,52697,53066,53435,53804,54173,54542,54911,55280,55649,56018,56387,56756,57125,57494,57863,58232,58601,58970,59339,59708,60077,60446,60815,61184,61553,61922,62291,62660,63029,63398,63767,64136,64505,64874,65243,65612,65981,66350,66719,67088,67457,67826,-67966,-67597,-67228,-66859,-66490,-66121,-65752,-65383,-65014,-64645,-64276,-63907,-63538,-63169,-62800,-62431,-62062,-61693,-61324,-60955,-60586,-60217,-59848,-59479,-59110,-58741,-58372,-58003,-57634,-57265,-56896,-56527,-56158,-55789,-55420,-55051,-54682,-54313,-53944,-53575,-53206,-52837,-52468,-52099,-51730,-51361,-50992,-50623,-50254,-49885,-49516,-49147,-48778,-48409,-48040,-47671,-47302,-46933,-46564,-46195,-45826,-45457,-45088,-44719,-44350,-43981,-43612,-43243,-42874,-42505,-42136,-41767,-41398,-41029,-40660,-40291,-39922,-39553,-39184,-38815,-38446,-38077,-37708,-37339,-36970,-36601,-36232,-35863,-35494,-35125,-34756,-34387,-34018,-33649,-33280,-32911,-32542,-32173,-31804,-31435,-31066,-30697,-30328,-29959,-29590,-29221,-28852,-28483,-28114,-27745,-27376,-27007,-26638,-26269,-25900,-25531,-25162,-24793,-24424,-24055,-23686,-23317,-22948,-22579,-22210,-21841,-21472,-21103,-20734,-20365,-19996,-19627,-19258,-18889,-18520,-18151,-17782,-17413,-17044,-16675,-16306,-15937,-15568,-15199,-14830,-14461,-14092,-13723,-13354,-12985,-12616,-12247,-11878,-11509,-11140,-10771,-10402,-10033,-9664,-9295,-8926,-8557,-8188,-7819,-7450,-7081,-6712,-6343,-5974,-5605,-5236,-4867,-4498,-4129,-3760,-3391,-3022,-2653,-2284,-1915,-1546,-1177,-808,-439,-70
300,669,1038,1407,1776,2145,2514,2883,3252,3621,3990,4359,4728,5097,5466,5835,6204,6573,6942,7311,7680,8049,8418,8787,9156,9525,9894,10263,10632,11001,11370,11739,12108,12477,12846,13215,13584,13953,14322,14691,15060,15429,15798,16167,16536,16905,17274,17643,18012,18381,18750,19119,19488,19857,20226,20595,20964,21333,21702,22071,22440,22809,23178,23547,23916,24285,24654,25023,25392,25461,25761,26130,26499,26868,27237,27606,27975,28344,28713,29082,29451,29820,30189,30558,30927,31296,31665,32034,32403,32772,33141,33510,33879,34248,34617,34986,35355,35724,36093,36462,36831,37200,37569,37938,38307,38676,39045,39414,39783,40152,40521,40890,41259,41628,41997,42366,42735,43104,43473,43842,44211,44580,44949,45318,45687,46056,46425,46794,47163,47532,47901,48270,48639,49008,49377,49746,50115,50484,50853,51222,51591,51960,52329,52698,53067,53436,53805,54174,54543,54912,55281,55650,56019,56388,56757,57126,57495,57864,58233,58602,58971,59340,59709,60078,60447,60816,61185,61554,61923,62292,62661,63030,63399,63768,64137,64506,64875,65244,65613,65982,66351,66720,67089,67458,67827,-67965,-67596,-67227,-66858,-66489,-66120,-65751,-65382,-65013,-64644,-64275,-63906,-63537,-63168,-62799,-62430,-62061,-61692,-61323,-60954,-60585,-60216,-59847,-59478,-59109,-58740,-58371,-58002,-57633,-57264,-56895,-56526,-56157,-55788,-55419,-55050,-54681,-54312,-53943,-53574,-53205,-52836,-52467,-52098,-51729,-51360,-50991,-50622,-50253,-49884,-49515,-49146,-48777,-48408,-48039,-47670,-47301,-46932,-46563,-46194,-45825,-45456,-45087,-44718,-44349,-43980,-43611,-43242,-42873,-42504,-42135,-41766,-41397,-41028,-40659,-40290,-39921,-39552,-39183,-38814,-38445,-38076,-37707,-37338,-36969,-36600,-36231,-35862,-35493,-35124,-34755,-34386,-34017,-33648,-33279,-32910,-32541,-32172,-31803,-31434,-31065,-30696,-30327,-29958,-29589,-29220,-28851,-28482,-28113,-27744,-27375,-27006,-26637,-26268,-25899,-25530,-25161,-24792,-24423,-24054,-23685,-23316,-22947,-22578,-22209,-21840,-21471,-21102,-20733,-20364,-19995,-19626,-19257,-18888,-18519,-18150,-17781,-17412,-17043,-16674,-16305,-15936,-15567,-15198,-14829,-14460,-14091,-13722,-13353,-12984,-12615,-12246,-11877,-11508,-11139,-10770,-10401,-10032,-9663,-9294,-8925,-8556,-8187,-7818,-7449,-7080,-6711,-6342,-5973,-5604,-5235,-4866,-4497,-4128,-3759,-3390,-3021,-2652,-2283,-1914,-1545,-1176,-807,-438,-69
301,670,1039,1408,1777,2146,2515,2884,3253,3622,3991,4360,4729,5098,5467,5836,6205,6574,6943,7312,7681,8050,8419,8788,9157,9526,9895,10264,10633,11002,11371,11740,12109,12478,12847,13216,13585,13954,14323,14692,15061,15430,15799,16168,16537,16906,17275,17644,18013,18382,18751,19120,19489,19858,20227,20596,20965,21334,21703,22072,22441,22810,23179,23548,23917,24286,24655,25024,25092,25393,25762,26131,26500,26869,27238,27607,27976,28345,28714,29083,29452,29821,30190,30559,30928,31297,31666,32035,32404,32773,33142,33511,33880,34249,34618,34987,35356,35725,36094,36463,36832,37201,37570,37939,38308,38677,39046,39415,39784,40153,40522,40891,41260,41629,41998,42367,42736,43105,43474,43843,44212,44581,44950,45319,45688,46057,46426,46795,47164,47533,47902,48271,48640,49009,49378,49747,50116,50485,50854,51223,51592,51961,52330,52699,53068,53437,53806,54175,54544,54913,55282,55651,56020,56389,56758,57127,57496,57865,58234,58603,58972,59341,59710,60079,60448,60817,61186,61555,61924,62293,62662,63031,63400,63769,64138,64507,64876,65245,65614,65983,66352,66721,67090,67459,67828,-67964,-67595,-67226,-66857,-66488,-66119,-65750,-65381,-65012,-64643,-64274,-63905,-63536,-63167,-62798,-62429,-62060,-61691,-61322,-60953,-60584,-60215,-59846,-59477,-59108,-58739,-58370,-58001,-57632,-57263,-56894,-56525,-56156,-55787,-55418,-55049,-54680,-54311,-53942,-53573,-53204,-52835,-52466,-52097,-51728,-51359,-50990,-50621,-50252,-49883,-49514,-49145,-48776,-48407,-48038,-47669,-47300,-46931,-46562,-46193,-45824,-45455,-45086,-44717,-44348,-43979,-43610,-43241,-42872,-42503,-42134,-41765,-41396,-41027,-40658,-40289,-39920,-39551,-39182,-38813,-38444,-38075,-37706,-37337,-36968,-36599,-36230,-35861,-35492,-35123,-34754,-34385,-34016,-33647,-33278,-32909,-32540,-32171,-31802,-31433,-31064,-30695,-30326,-29957,-29588,-29219,-28850,-28481,-28112,-27743,-27374,-27005,-26636,-26267,-25898,-25529,-25160,-24791,-24422,-24053,-23684,-23315,-22946,-22577,-22208,-21839,-21470,-21101,-20732,-20363,-19994,-19625,-19256,-18887,-18518,-18149,-17780,-17411,-17042,-16673,-16304,-15935,-15566,-15197,-14828,-14459,-14090,-13721,-13352,-12983,-12614,-12245,-11876,-11507,-11138,-10769,-10400,-10031,-9662,-9293,-8924,-8555,-8186,-7817,-7448,-7079,-6710,-6341,-5972,-5603,-5234,-4865,-4496,-4127,-3758,-3389,-3020,-2651,-2282,-1913,-1544,-1175,-806,-437,-68
302,671,1040,1409,1778,2147,2516,2885,3254,3623,3992,4361,4730,5099,5468,5837,6206,6575,6944,7313,7682,8051,8420,8789,9158,9527,9896,10265,10634,11003,11372,11741,12110,12479,12848,13217,13586,13955,14324,14693,15062,15431,15800,16169,16538,16907,17276,17645,18014,18383,18752,19121,19490,19859,20228,20597,20966,21335,21704,22073,22442,22811,23180,23549,23918,24287,24656,24723,25025,25394,25763,26132,26501,26870,27239,27608,27977,28346,28715,29084,29453,29822,30191,30560,30929,31298,31667,32036,32405,32774,33143,33512,33881,34250,34619,34988,35357,35726,36095,36464,36833,37202,37571,37940,38309,38678,39047,39416,39785,40154,40523,40892,41261,41630,41999,42368,42737,43106,43475,43844,44213,44582,44951,45320,45689,46058,46427,46796,47165,47534,47903,48272,48641,49010,49379,49748,50117,50486,50855,51224,51593,51962,52331,52700,53069,53438,53807,54176,54545,54914,55283,55652,56021,56390,56759,57128,57497,57866,58235,58604,58973,59342,59711,60080,60449,60818,61187,61556,61925,62294,62663,63032,63401,63770,64139,64508,64877,65246,65615,65984,66353,66722,67091,67460,67829,-67963,-67594,-67225,-66856,-66487,-66118,-65749,-65380,-65011,-64642,-64273,-63904,-63535,-63166,-62797,-62428,-62059,-61690,-61321,-60952,-60583,-60214,-59845,-59476,-59107,-58738,-58369,-58000,-57631,-57262,-56893,-56524,-56155,-55786,-55417,-55048,-54679,-54310,-53941,-53572,-53203,-52834,-52465,-52096,-51727,-51358,-50989,-50620,-50251,-49882,-49513,-49144,-48775,-48406,-48037,-47668,-47299,-46930,-46561,-46192,-45823,-45454,-45085,-44716,-44347,-43978,-43609,-43240,-42871,-42502,-42133,-41764,-41395,-41026,-40657,-40288,-39919,-39550,-39181,-38812,-38443,-38074,-37705,-37336,-36967,-36598,-36229,-35860,-35491,-35122,-34753,-34384,-34015,-33646,-33277,-32908,-32539,-32170,-31801,-31432,-31063,-30694,-30325,-29956,-29587,-29218,-28849,-28480,-28111,-27742,-27373,-27004,-26635,-26266,-25897,-25528,-25159,-24790,-24421,-24052,-23683,-23314,-22945,-22576,-22207,-21838,-21469,-21100,-20731,-20362,-19993,-19624,-19255,-18886,-18517,-18148,-17779,-17410,-17041,-16672,-16303,-15934,-15565,-15196,-14827,-14458,-14089,-13720,-13351,-12982,-12613,-12244,-11875,-11506,-11137,-10768,-10399,-10030,-9661,-9292,-8923,-8554,-8185,-7816,-7447,-7078,-6709,-6340,-5971,-5602,-5233,-4864,-4495,-4126,-3757,-3388,-3019,-2650,-2281,-1912,-1543,-1174,-805,-436,-67
303,672,1041,1410,1779,2148,2517,2886,3255,3624,3993,4362,4731,5100,5469,5838,6207,6576,6945,7314,7683,8052,8421,8790,9159,9528,9897,10266,10635,11004,11373,11742,12111,12480,12849,13218,13587,13956,14325,14694,15063,15432,15801,16170,16539,16908,17277,17646,18015,18384,18753,19122,19491,19860,20229,20598,20967,21336,21705,22074,22443,22812,23181,23550,23919,24288,24354,24657,25026,25395,25764,26133,26502,26871,27240,27609,27978,28347,28716,29085,29454,29823,30192,30561,30930,31299,31668,32037,32406,32775,33144,33513,33882,34251,34620,34989,35358,35727,36096,36465,36834,37203,37572,37941,38310,38679,39048,39417,39786,40155,40524,40893,41262,41631,42000,42369,42738,43107,43476,43845,44214,44583,44952,45321,45690,46059,46428,46797,47166,47535,47904,48273,48642,49011,49380,49749,50118,50487,50856,51225,51594,51963,52332,52701,53070,53439,53808,54177,54546,54915,55284,55653,56022,56391,56760,57129,57498,57867,58236,58605,58974,59343,59712,60081,60450,60819,61188,61557,61926,62295,62664,63033,63402,63771,64140,64509,64878,65247,65616,65985,66354,66723,67092,67461,67830,-67962,-67593,-67224,-66855,-66486,-66117,-65748,-65379,-65010,-64641,-64272,-63903,-63534,-63165,-62796,-62427,-62058,-61689,-61320,-60951,-60582,-60213,-59844,-59475,-59106,-58737,-58368,-57999,-57630,-57261,-56892,-56523,-56154,-55785,-55416,-55047,-54678,-54309,-53940,-53571,-53202,-52833,-52464,-52095,-51726,-51357,-50988,-50619,-50250,-49881,-49512,-49143,-48774,-48405,-48036,-47667,-47298,-46929,-46560,-46191,-45822,-45453,-45084,-44715,-44346,-43977,-43608,-43239,-42870,-42501,-42132,-41763,-41394,-41025,-40656,-40287,-39918,-39549,-39180,-38811,-38442,-38073,-37704,-37335,-36966,-36597,-36228,-35859,-35490,-35121,-34752,-34383,-34014,-33645,-33276,-32907,-32538,-32169,-31800,-31431,-31062,-30693,-30324,-29955,-29586,-29217,-28848,-28479,-28110,-27741,-27372,-27003,-26634,-26265,-25896,-25527,-25158,-24789,-24420,-24051,-23682,-23313,-22944,-22575,-22206,-21837,-21468,-21099,-20730,-20361,-19992,-19623,-19254,-18885,-18516,-18147,-17778,-17409,-17040,-16671,-16302,-15933,-15564,-15195,-14826,-14457,-14088,-13719,-13350,-12981,-12612,-12243,-11874,-11505,-11136,-10767,-10398,-10029,-9660,-9291,-8922,-8553,-8184,-7815,-7446,-7077,-6708,-6339,-5970,-5601,-5232,-4863,-4494,-4125,-3756,-3387,-3018,-2649,-2280,-1911,-1542,-1173,-804,-435,-66
304,673,1042,1411,1780,2149,2518,2887,3256,3625,3994,4363,4732,5101,5470,5839,6208,6577,6946,7315,7684,8053,8422,8791,9160,9529,9898,10267,10636,11005,11374,11743,12112,12481,12850,13219,13588,13957,14326,14695,15064,15433,15802,16171,16540,16909,17278,17647,18016,18385,18754,19123,19492,19861,20230,20599,20968,21337,21706,22075,22444,22813,23182,23551,23920,23985,24289,24658,25027,25396,25765,26134,26503,26872,27241,27610,27979,28348,28717,29086,29455,29824,30193,30562,30931,31300,31669,32038,32407,32776,33145,33514,33883,34252,34621,34990,35359,35728,36097,36466,36835,37204,37573,37942,38311,38680,39049,39418,39787,40156,40525,40894,41263,41632,42001,42370,42739,43108,43477,43846,44215,44584,44953,45322,45691,46060,46429,46798,47167,47536,47905,48274,48643,49012,49381,49750,50119,50488,50857,51226,51595,51964,52333,52702,53071,53440,53809,54178,54547,54916,55285,55654,56023,56392,56761,57130,57499,57868,58237,58606,58975,59344,59713,60082,60451,60820,61189,61558,61927,62296,62665,63034,63403,63772,64141,64510,64879,65248,65617,65986,66355,66724,67093,67462,67831,-67961,-67592,-67223,-66854,-66485,-66116,-65747,-65378,-65009,-64640,-64271,-63902,-63533,-63164,-62795,-62426,-62057,-61688,-61319,-60950,-60581,-60212,-59843,-59474,-59105,-58736,-58367,-57998,-57629,-57260,-56891,-56522,-56153,-55784,-55415,-55046,-54677,-54308,-53939,-53570,-53201,-52832,-52463,-52094,-51725,-51356,-50987,-50618,-50249,-49880,-49511,-49142,-48773,-48404,-48035,-47666,-47297,-46928,-46559,-46190,-45821,-45452,-45083,-44714,-44345,-43976,-43607,-43238,-42869,-42500,-42131,-41762,-41393,-41024,-40655,-40286,-39917,-39548,-39179,-38810,-38441,-38072,-37703,-37334,-36965,-36596,-36227,-35858,-35489,-35120,-34751,-34382,-34013,-33644,-33275,-32906,-32537,-32168,-31799,-31430,-31061,-30692,-30323,-29954,-29585,-29216,-28847,-28478,-28109,-27740,-27371,-27002,-26633,-26264,-25895,-25526,-25157,-24788,-24419,-24050,-23681,-23312,-22943,-22574,-22205,-21836,-21467,-21098,-20729,-20360,-19991,-19622,-19253,-18884,-18515,-18146,-17777,-17408,-17039,-16670,-16301,-15932,-15563,-15194,-14825,-14456,-14087,-13718,-13349,-12980,-12611,-12242,-11873,-11504,-11135,-10766,-10397,-10028,-9659,-9290,-8921,-8552,-8183,-7814,-7445,-7076,-6707,-6338,-5969,-5600,-5231,-4862,-4493,-4124,-3755,-3386,-3017,-2648,-2279,-1910,-1541,-1172,-803,-434,-65
305,674,1043,1412,1781,2150,2519,2888,3257,3626,3995,4364,4733,5102,5471,5840,6209,6578,6947,7316,7685,8054,8423,8792,9161,9530,9899,10268,10637,11006,11375,11744,12113,12482,12851,13220,13589,13958,14327,14696,15065,15434,15803,16172,16541,16910,17279,17648,18017,18386,18755,19124,19493,19862,20231,20600,20969,21338,21707,22076,22445,22814,23183,23552,23616,23921,24290,24659,25028,25397,25766,26135,26504,26873,27242,27611,27980,28349,28718,29087,29456,29825,30194,30563,30932,31301,31670,32039,32408,32777,33146,33515,33884,34253,34622,34991,35360,35729,36098,36467,36836,37205,37574,37943,38312,38681,39050,39419,39788,40157,40526,40895,41264,41633,42002,42371,42740,43109,43478,43847,44216,44585,44954,45323,45692,46061,46430,46799,47168,47537,47906,48275,48644,49013,49382,49751,50120,50489,50858,51227,51596,51965,52334,52703,53072,53441,53810,54179,54548,54917,55286,55655,56024,56393,56762,57131,57500,57869,58238,58607,58976,59345,59714,60083,60452,60821,61190,61559,61928,62297,62666,63035,63404,63773,64142,64511,64880,65249,65618,65987,66356,66725,67094,67463,67832,-67960,-67591,-67222,-66853,-66484,-66115,-65746,-65377,-65008,-64639,-64270,-63901,-63532,-63163,-62794,-62425,-62056,-61687,-61318,-60949,-60580,-60211,-59842,-59473,-59104,-58735,-58366,-57997,-57628,-57259,-56890,-56521,-56152,-55783,-55414,-55045,-54676,-54307,-53938,-53569,-53200,-52831,-52462,-52093,-51724,-51355,-50986,-50617,-50248,-49879,-49510,-49141,-48772,-48403,-48034,-47665,-47296,-46927,-46558,-46189,-45820,-45451,-45082,-44713,-44344,-43975,-43606,-43237,-42868,-42499,-42130,-41761,-41392,-41023,-40654,-40285,-39916,-39547,-39178,-38809,-38440,-38071,-37702,-37333,-36964,-36595,-36226,-35857,-35488,-35119,-34750,-34381,-34012,-33643,-33274,-32905,-32536,-32167,-31798,-31429,-31060,-30691,-30322,-29953,-29584,-29215,-28846,-28477,-28108,-27739,-27370,-27001,-26632,-26263,-25894,-25525,-25156,-24787,-24418,-24049,-23680,-23311,-22942,-22573,-22204,-21835,-21466,-21097,-20728,-20359,-19990,-19621,-19252,-18883,-18514,-18145,-17776,-17407,-17038,-16669,-16300,-15931,-15562,-15193,-14824,-14455,-14086,-13717,-13348,-12979,-12610,-12241,-11872,-11503,-11134,-10765,-10396,-10027,-9658,-9289,-8920,-8551,-8182,-7813,-7444,-7075,-6706,-6337,-5968,-5599,-5230,-4861,-4492,-4123,-3754,-3385,-3016,-2647,-2278,-1909,-1540,-1171,-802,-433,-64
306,675,1044,1413,1782,2151,2520,2889,3258,3627,3996,4365,4734,5103,5472,5841,6210,6579,6948,7317,7686,8055,8424,8793,9162,9531,9900,10269,10638,11007,11376,11745,12114,12483,12852,13221,13590,13959,14328,14697,15066,15435,15804,16173,16542,16911,17280,17649,18018,18387,18756,19125,19494,19863,20232,20601,20970,21339,21708,22077,22446,22815,23184,23247,23553,23922,24291,24660,25029,25398,25767,26136,26505,26874,27243,27612,27981,28350,28719,29088,29457,29826,30195,30564,30933,31302,31671,32040,32409,32778,33147,33516,33885,34254,34623,34992,35361,35730,36099,36468,36837,37206,37575,37944,38313,38682,39051,39420,39789,40158,40527,40896,41265,41634,42003,42372,42741,43110,43479,43848,44217,44586,44955,45324,45693,46062,46431,46800,47169,47538,47907,48276,48645,49014,49383,49752,50121,50490,50859,51228,51597,51966,52335,52704,53073,53442,53811,54180,54549,54918,55287,55656,56025,56394,56763,57132,57501,57870,58239,58608,58977,59346,59715,60084,60453,60822,61191,61560,61929,62298,62667,63036,63405,63774,64143,64512,64881,65250,65619,65988,66357,66726,67095,67464,67833,-67959,-67590,-67221,-66852,-66483,-66114,-65745,-65376,-65007,-64638,-64269,-63900,-63531,-63162,-62793,-62424,-62055,-61686,-61317,-60948,-60579,-60210,-59841,-59472,-59103,-58734,-58365,-57996,-57627,-57258,-56889,-56520,-56151,-55782,-55413,-55044,-54675,-54306,-53937,-53568,-53199,-52830,-52461,-52092,-51723,-51354,-50985,-50616,-50247,-49878,-49509,-49140,-48771,-48402,-48033,-47664,-47295,-46926,-46557,-46188,-45819,-45450,-45081,-44712,-44343,-43974,-43605,-43236,-42867,-42498,-42129,-41760,-41391,-41022,-40653,-40284,-39915,-39546,-39177,-38808,-38439,-38070,-37701,-37332,-36963,-36594,-36225,-35856,-35487,-35118,-34749,-34380,-34011,-33642,-33273,-32904,-32535,-32166,-31797,-31428,-31059,-30690,-30321,-29952,-29583,-29214,-28845,-28476,-28107,-27738,-27369,-27000,-26631,-26262,-25893,-25524,-25155,-24786,-24417,-24048,-23679,-23310,-22941,-22572,-22203,-21834,-21465,-21096,-20727,-20358,-19989,-19620,-19251,-18882,-18513,-18144,-17775,-17406,-17037,-16668,-16299,-15930,-15561,-15192,-14823,-14454,-14085,-13716,-13347,-12978,-12609,-12240,-11871,-11502,-11133,-10764,-10395,-10026,-9657,-9288,-8919,-8550,-8181,-7812,-7443,-7074,-6705,-6336,-5967,-5598,-5229,-4860,-4491,-4122,-3753,-3384,-3015,-2646,-2277,-1908,-1539,-1170,-801,-432,-63
307,676,1045,1414,1783,2152,2521,2890,3259,3628,3997,4366,4735,5104,5473,5842,6211,6580,6949,7318,7687,8056,8425,8794,9163,9532,9901,10270,10639,11008,11377,11746,12115,12484,12853,13222,13591,13960,14329,14698,15067,15436,15805,16174,16543,16912,17281,17650,18019,18388,18757,19126,19495,19864,20233,20602,20971,21340,21709,22078,22447,22816,22878,23185,23554,23923,24292,24661,25030,25399,25768,26137,26506,26875,27244,27613,27982,28351,28720,29089,29458,29827,30196,30565,30934,31303,31672,32041,32410,32779,33148,33517,33886,34255,34624,34993,35362,35731,36100,36469,36838,37207,37576,37945,38314,38683,39052,39421,39790,40159,40528,40897,41266,41635,42004,42373,42742,43111,43480,43849,44218,44587,44956,45325,45694,46063,46432,46801,47170,47539,47908,48277,48646,49015,49384,49753,50122,50491,50860,51229,51598,51967,52336,52705,53074,53443,53812,54181,54550,54919,55288,55657,56026,56395,56764,57133,57502,57871,58240,58609,58978,59347,59716,60085,60454,60823,61192,61561,61930,62299,62668,63037,63406,63775,64144,64513,64882,65251,65620,65989,66358,66727,67096,67465,67834,-67958,-67589,-67220,-66851,-66482,-66113,-65744,-65375,-65006,-64637,-64268,-63899,-63530,-63161,-62792,-62423,-62054,-61685,-61316,-60947,-60578,-60209,-59840,-59471,-59102,-58733,-58364,-57995,-57626,-57257,-56888,-56519,-56150,-55781,-55412,-55043,-54674,-54305,-53936,-53567,-53198,-52829,-52460,-52091,-51722,-51353,-50984,-50615,-50246,-49877,-49508,-49139,-48770,-48401,-48032,-47663,-47294,-46925,-46556,-46187,-45818,-45449,-45080,-44711,-44342,-43973,-43604,-43235,-42866,-42497,-42128,-41759,-41390,-41021,-40652,-40283,-39914,-39545,-39176,-38807,-38438,-38069,-37700,-37331,-36962,-36593,-36224,-35855,-35486,-35117,-34748,-34379,-34010,-33641,-33272,-32903,-32534,-32165,-31796,-31427,-31058,-30689,-30320,-29951,-29582,-29213,-28844,-28475,-28106,-27737,-27368,-26999,-26630,-26261,-25892,-25523,-25154,-24785,-24416,-24047,-23678,-23309,-22940,-22571,-22202,-21833,-21464,-21095,-20726,-20357,-19988,-19619,-19250,-18881,-18512,-18143,-17774,-17405,-17036,-16667,-16298,-15929,-15560,-15191,-14822,-14453,-14084,-13715,-13346,-12977,-12608,-12239,-11870,-11501,-11132,-10763,-10394,-10025,-9656,-9287,-8918,-8549,-8180,-7811,-7442,-7073,-6704,-6335,-5966,-5597,-5228,-4859,-4490,-4121,-3752,-3383,-3014,-2645,-2276,-1907,-1538,-1169,-800,-431,-62
308,677,1046,1415,1784,2153,2522,2891,3260,3629,3998,4367,4736,5105,5474,5843,6212,6581,6950,7319,7688,8057,8426,8795,9164,9533,9902,10271,10640,11009,11378,11747,12116,12485,12854,13223,13592,13961,14330,14699,15068,15437,15806,16175,16544,16913,17282,17651,18020,18389,18758,19127,19496,19865,20234,20603,20972,21341,21710,22079,22448,22509,22817,23186,23555,23924,24293,24662,25031,25400,25769,26138,26507,26876,27245,27614,27983,28352,28721,29090,29459,29828,30197,30566,30935,31304,31673,32042,32411,32780,33149,33518,33887,34256,34625,34994,35363,35732,36101,36470,36839,37208,37577,37946,38315,38684,39053,39422,39791,40160,40529,40898,41267,41636,42005,42374,42743,43112,43481,43850,44219,44588,44957,45326,45695,46064,46433,46802,47171,47540,47909,48278,48647,49016,49385,49754,50123,50492,50861,51230,51599,51968,52337,52706,53075,53444,53813,54182,54551,54920,55289,55658,56027,56396,56765,57134,57503,57872,58241,58610,58979,59348,59717,60086,60455,60824,61193,61562,61931,62300,62669,63038,63407,63776,64145,64514,64883,65252,65621,65990,66359,66728,67097,67466,67835,-67957,-67588,-67219,-66850,-66481,-66112,-65743,-65374,-65005,-64636,-64267,-63898,-63529,-63160,-62791,-62422,-62053,-61684,-61315,-60946,-60577,-60208,-59839,-59470,-59101,-58732,-58363,-57994,-57625,-57256,-56887,-56518,-56149,-55780,-55411,-55042,-54673,-54304,-53935,-53566,-53197,-52828,-52459,-52090,-51721,-51352,-50983,-50614,-50245,-49876,-49507,-49138,-48769,-48400,-48031,-47662,-47293,-46924,-46555,-46186,-45817,-45448,-45079,-44710,-44341,-43972,-43603,-43234,-42865,-42496,-42127,-41758,-41389,-41020,-40651,-40282,-39913,-39544,-39175,-38806,-38437,-38068,-37699,-37330,-36961,-36592,-36223,-35854,-35485,-35116,-34747,-34378,-34009,-33640,-33271,-32902,-32533,-32164,-31795,-31426,-31057,-30688,-30319,-29950,-29581,-29212,-28843,-28474,-28105,-27736,-27367,-26998,-26629,-26260,-25891,-25522,-25153,-24784,-24415,-24046,-23677,-23308,-22939,-22570,-22201,-21832,-21463,-21094,-20725,-20356,-19987,-19618,-19249,-18880,-18511,-18142,-17773,-17404,-17035,-16666,-16297,-15928,-15559,-15190,-14821,-14452,-14083,-13714,-13345,-12976,-12607,-12238,-11869,-11500,-11131,-10762,-10393,-10024,-9655,-9286,-8917,-8548,-8179,-7810,-7441,-7072,-6703,-6334,-5965,-5596,-5227,-4858,-4489,-4120,-3751,-3382,-3013,-2644,-2275,-1906,-1537,-1168,-799,-430,-61
309,678,1047,1416,1785,2154,2523,2892,3261,3630,3999,4368,4737,5106,5475,5844,6213,6582,6951,7320,7689,8058,8427,8796,9165,9534,9903,10272,10641,11010,11379,11748,12117,12486,12855,13224,13593,13962,14331,14700,15069,15438,15807,16176,16545,16914,17283,17652,18021,18390,18759,19128,19497,19866,20235,20604,20973,21342,21711,22080,22140,22449,22818,23187,23556,23925,24294,24663,25032,25401,25770,26139,26508,26877,27246,27615,27984,28353,28722,29091,29460,29829,30198,30567,30936,31305,31674,32043,32412,32781,33150,33519,33888,34257,34626,34995,35364,35733,36102,36471,36840,37209,37578,37947,38316,38685,39054,39423,39792,40161,40530,40899,41268,41637,42006,42375,42744,43113,43482,43851,44220,44589,44958,45327,45696,46065,46434,46803,47172,47541,47910,48279,48648,49017,49386,49755,50124,50493,50862,51231,51600,51969,52338,52707,53076,53445,53814,54183,54552,54921,55290,55659,56028,56397,56766,57135,57504,57873,58242,58611,58980,59349,59718,60087,60456,60825,61194,61563,61932,62301,62670,63039,63408,63777,64146,64515,64884,65253,65622,65991,66360,66729,67098,67467,67836,-67956,-67587,-67218,-66849,-66480,-66111,-65742,-65373,-65004,-64635,-64266,-63897,-63528,-63159,-62790,-62421,-62052,-61683,-61314,-60945,-60576,-60207,-59838,-59469,-59100,-58731,-58362,-57993,-57624,-57255,-56886,-56517,-56148,-55779,-55410,-55041,-54672,-54303,-53934,-53565,-53196,-52827,-52458,-52089,-51720,-51351,-50982,-50613,-50244,-49875,-49506,-49137,-48768,-48399,-48030,-47661,-47292,-46923,-46554,-46185,-45816,-45447,-45078,-44709,-44340,-43971,-43602,-43233,-42864,-42495,-42126,-41757,-41388,-41019,-40650,-40281,-39912,-39543,-39174,-38805,-38436,-38067,-37698,-37329,-36960,-36591,-36222,-35853,-35484,-35115,-34746,-34377,-34008,-33639,-33270,-32901,-32532,-32163,-31794,-31425,-31056,-30687,-30318,-29949,-29580,-29211,-28842,-28473,-28104,-27735,-27366,-26997,-26628,-26259,-25890,-25521,-25152,-24783,-24414,-24045,-23676,-23307,-22938,-22569,-22200,-21831,-21462,-21093,-20724,-20355,-19986,-19617,-19248,-18879,-18510,-18141,-17772,-17403,-17034,-16665,-16296,-15927,-15558,-15189,-14820,-14451,-14082,-13713,-13344,-12975,-12606,-12237,-11868,-11499,-11130,-10761,-10392,-10023,-9654,-9285,-8916,-8547,-8178,-7809,-7440,-7071,-6702,-6333,-5964,-5595,-5226,-4857,-4488,-4119,-3750,-3381,-3012,-2643,-2274,-1905,-1536,-1167,-798,-429,-60
310,679,1048,1417,1786,2155,2524,2893,3262,3631,4000,4369,4738,5107,5476,5845,6214,6583,6952,7321,7690,8059,8428,8797,9166,9535,9904,10273,10642,11011,11380,11749,12118,12487,12856,13225,13594,13963,14332,14701,15070,15439,15808,16177,16546,16915,17284,17653,18022,18391,18760,19129,19498,19867,20236,20605,20974,21343,21712,21771,22081,22450,22819,23188,23557,23926,24295,24664,25033,25402,25771,26140,26509,26878,27247,27616,27985,28354,28723,29092,29461,29830,30199,30568,30937,31306,31675,32044,32413,32782,33151,33520,33889,34258,34627,34996,35365,35734,36103,36472,36841,37210,37579,37948,38317,38686,39055,39424,39793,40162,40531,40900,41269,41638,42007,42376,42745,43114,43483,43852,44221,44590,44959,45328,45697,46066,46435,46804,47173,47542,47911,48280,48649,49018,49387,49756,50125,50494,50863,51232,51601,51970,52339,52708,53077,53446,53815,54184,54553,54922,55291,55660,56029,56398,56767,57136,57505,57874,58243,58612,58981,59350,59719,60088,60457,60826,61195,61564,61933,62302,62671,63040,63409,63778,64147,64516,64885,65254,65623,65992,66361,66730,67099,67468,67837,-67955,-67586,-67217,-66848,-66479,-66110,-65741,-65372,-65003,-64634,-64265,-63896,-63527,-63158,-62789,-62420,-62051,-61682,-61313,-60944,-60575,-60206,-59837,-59468,-59099,-58730,-58361,-57992,-57623,-57254,-56885,-56516,-56147,-55778,-55409,-55040,-54671,-54302,-53933,-53564,-53195,-52826,-52457,-52088,-51719,-51350,-50981,-50612,-50243,-49874,-49505,-49136,-48767,-48398,-48029,-47660,-47291,-46922,-46553,-46184,-45815,-45446,-45077,-44708,-44339,-43970,-43601,-43232,-42863,-42494,-42125,-41756,-41387,-41018,-40649,-40280,-39911,-39542,-39173,-38804,-38435,-38066,-37697,-37328,-36959,-36590,-36221,-35852,-35483,-35114,-34745,-34376,-34007,-33638,-33269,-32900,-32531,-32162,-31793,-31424,-31055,-30686,-30317,-29948,-29579,-29210,-28841,-28472,-28103,-27734,-27365,-26996,-26627,-26258,-25889,-25520,-25151,-24782,-24413,-24044,-23675,-23306,-22937,-22568,-22199,-21830,-21461,-21092,-20723,-20354,-19985,-19616,-19247,-18878,-18509,-18140,-17771,-17402,-17033,-16664,-16295,-15926,-15557,-15188,-14819,-14450,-14081,-13712,-13343,-12974,-12605,-12236,-11867,-11498,-11129,-10760,-10391,-10022,-9653,-9284,-8915,-8546,-8177,-7808,-7439,-7070,-6701,-6332,-5963,-5594,-5225,-4856,-4487,-4118,-3749,-3380,-3011,-2642,-2273,-1904,-1535,-1166,-797,-428,-59
311,680,1049,1418,1787,2156,2525,2894,3263,3632,4001,4370,4739,5108,5477,5846,6215,6584,6953,7322,7691,8060,8429,8798,9167,9536,9905,10274,10643,11012,11381,11750,12119,12488,12857,13226,13595,13964,14333,14702,15071,15440,15809,16178,16547,16916,17285,17654,18023,18392,18761,19130,19499,19868,20237,20606,20975,21344,21402,21713,22082,22451,22820,23189,23558,23927,24296,24665,25034,25403,25772,26141,26510,26879,27248,27617,27986,28355,28724,29093,29462,29831,30200,30569,30938,31307,31676,32045,32414,32783,33152,33521,33890,34259,34628,34997,35366,35735,36104,36473,36842,37211,37580,37949,38318,38687,39056,39425,39794,40163,40532,40901,41270,41639,42008,42377,42746,43115,43484,43853,44222,44591,44960,45329,45698,46067,46436,46805,47174,47543,47912,48281,48650,49019,49388,49757,50126,50495,50864,51233,51602,51971,52340,52709,53078,53447,53816,54185,54554,54923,55292,55661,56030,56399,56768,57137,57506,57875,58244,58613,58982,59351,59720,60089,60458,60827,61196,61565,61934,62303,62672,63041,63410,63779,64148,64517,64886,65255,65624,65993,66362,66731,67100,67469,67838,-67954,-67585,-67216,-66847,-66478,-66109,-65740,-65371,-65002,-64633,-64264,-63895,-63526,-63157,-62788,-62419,-62050,-61681,-61312,-60943,-60574,-60205,-59836,-59467,-59098,-58729,-58360,-57991,-57622,-57253,-56884,-56515,-56146,-55777,-55408,-55039,-54670,-54301,-53932,-53563,-53194,-52825,-52456,-52087,-51718,-51349,-50980,-50611,-50242,-49873,-49504,-49135,-48766,-48397,-48028,-47659,-47290,-46921,-46552,-46183,-45814,-45445,-45076,-44707,-44338,-43969,-43600,-43231,-42862,-42493,-42124,-41755,-41386,-41017,-40648,-40279,-39910,-39541,-39172,-38803,-38434,-38065,-37696,-37327,-36958,-36589,-36220,-35851,-35482,-35113,-34744,-34375,-34006,-33637,-33268,-32899,-32530,-32161,-31792,-31423,-31054,-30685,-30316,-29947,-29578,-29209,-28840,-28471,-28102,-27733,-27364,-26995,-26626,-26257,-25888,-25519,-25150,-24781,-24412,-24043,-23674,-23305,-22936,-22567,-22198,-21829,-21460,-21091,-20722,-20353,-19984,-19615,-19246,-18877,-18508,-18139,-17770,-17401,-17032,-16663,-16294,-15925,-15556,-15187,-14818,-14449,-14080,-13711,-13342,-12973,-12604,-12235,-11866,-11497,-11128,-10759,-10390,-10021,-9652,-9283,-8914,-8545,-8176,-7807,-7438,-7069,-6700,-6331,-5962,-5593,-5224,-4855,-4486,-4117,-3748,-3379,-3010,-2641,-2272,-1903,-1534,-1165,-796,-427,-58
312,681,1050,1419,1788,2157,2526,2895,3264,3633,4002,4371,4740,5109,5478,5847,6216,6585,6954,7323,7692,8061,8430,8799,9168,9537,9906,10275,10644,11013,11382,11751,12120,12489,12858,13227,13596,13965,14334,14703,15072,15441,15810,16179,16548,16917,17286,17655,18024,18393,18762,19131,19500,19869,20238,20607,20976,21033,21345,21714,22083,22452,22821,23190,23559,23928,24297,24666,25035,25404,25773,26142,26511,26880,27249,27618,27987,28356,28725,29094,29463,29832,30201,30570,30939,31308,31677,32046,32415,32784,33153,33522,33891,34260,34629,34998,35367,35736,36105,36474,36843,37212,37581,37950,38319,38688,39057,39426,39795,40164,40533,40902,41271,41640,42009,42378,42747,43116,43485,43854,44223,44592,44961,45330,45699,46068,46437,46806,47175,47544,47913,48282,48651,49020,49389,49758,50127,50496,50865,51234,51603,51972,52341,52710,53079,53448,53817,54186,54555,54924,55293,55662,56031,56400,56769,57138,57507,57876,58245,58614,58983,59352,59721,60090,60459,60828,61197,61566,61935,62304,62673,63042,63411,63780,64149,64518,64887,65256,65625,65994,66363,66732,67101,67470,67839,-67953,-67584,-67215,-66846,-66477,-66108,-65739,-65370,-65001,-64632,-64263,-63894,-63525,-63156,-62787,-62418,-62049,-61680,-61311,-60942,-60573,-60204,-59835,-59466,-59097,-58728,-58359,-57990,-57621,-57252,-56883,-56514,-56145,-55776,-55407,-55038,-54669,-54300,-53931,-53562,-53193,-52824,-52455,-52086,-51717,-51348,-50979,-50610,-50241,-49872,-49503,-49134,-48765,-48396,-48027,-47658,-47289,-46920,-46551,-46182,-45813,-45444,-45075,-44706,-44337,-43968,-43599,-43230,-42861,-42492,-42123,-41754,-41385,-41016,-40647,-40278,-39909,-39540,-39171,-38802,-38433,-38064,-37695,-37326,-36957,-36588,-36219,-35850,-35481,-35112,-34743,-34374,-34005,-33636,-33267,-32898,-32529,-32160,-31791,-31422,-31053,-30684,-30315,-29946,-29577,-29208,-28839,-28470,-28101,-27732,-27363,-26994,-26625,-26256,-25887,-25518,-25149,-24780,-24411,-24042,-23673,-23304,-22935,-22566,-22197,-21828,-21459,-21090,-20721,-20352,-19983,-19614,-19245,-18876,-18507,-18138,-17769,-17400,-17031,-16662,-16293,-15924,-15555,-15186,-14817,-14448,-14079,-13710,-13341,-12972,-12603,-12234,-11865,-11496,-11127,-10758,-10389,-10020,-9651,-9282,-8913,-8544,-8175,-7806,-7437,-7068,-6699,-6330,-5961,-5592,-5223,-4854,-4485,-4116,-3747,-3378,-3009,-2640,-2271,-1902,-1533,-1164,-795,-426,-57
313,682,1051,1420,1789,2158,2527,2896,3265,3634,4003,4372,4741,5110,5479,5848,6217,6586,6955,7324,7693,8062,8431,8800,9169,9538,9907,10276,10645,11014,11383,11752,12121,12490,12859,13228,13597,13966,14335,14704,15073,15442,15811,16180,16549,16918,17287,17656,18025,18394,18763,19132,19501,19870,20239,20608,20664,20977,21346,21715,22084,22453,22822,23191,23560,23929,24298,24667,25036,25405,25774,26143,26512,26881,27250,27619,27988,28357,28726,29095,29464,29833,30202,30571,30940,31309,31678,32047,32416,32785,33154,33523,33892,34261,34630,34999,35368,35737,36106,36475,36844,37213,37582,37951,38320,38689,39058,39427,39796,40165,40534,40903,41272,41641,42010,42379,42748,43117,43486,43855,44224,44593,44962,45331,45700,46069,46438,46807,47176,47545,47914,48283,48652,49021,49390,49759,50128,50497,50866,51235,51604,51973,52342,52711,53080,53449,53818,54187,54556,54925,55294,55663,56032,56401,56770,57139,57508,57877,58246,58615,58984,59353,59722,60091,60460,60829,61198,61567,61936,62305,62674,63043,63412,63781,64150,64519,64888,65257,65626,65995,66364,66733,67102,67471,67840,-67952,-67583,-67214,-66845,-66476,-66107,-65738,-65369,-65000,-64631,-64262,-63893,-63524,-63155,-62786,-62417,-62048,-61679,-61310,-60941,-60572,-60203,-59834,-59465,-59096,-58727,-58358,-57989,-57620,-57251,-56882,-56513,-56144,-55775,-55406,-55037,-54668,-54299,-53930,-53561,-53192,-52823,-52454,-52085,-51716,-51347,-50978,-50609,-50240,-49871,-49502,-49133,-48764,-48395,-48026,-47657,-47288,-46919,-46550,-46181,-45812,-45443,-45074,-44705,-44336,-43967,-43598,-43229,-42860,-42491,-42122,-41753,-41384,-41015,-40646,-40277,-39908,-39539,-39170,-38801,-38432,-38063,-37694,-37325,-36956,-36587,-36218,-35849,-35480,-35111,-34742,-34373,-34004,-33635,-33266,-32897,-32528,-32159,-31790,-31421,-31052,-30683,-30314,-29945,-29576,-29207,-28838,-28469,-28100,-27731,-27362,-26993,-26624,-26255,-25886,-25517,-25148,-24779,-24410,-24041,-23672,-23303,-22934,-22565,-22196,-21827,-21458,-21089,-20720,-20351,-19982,-19613,-19244,-18875,-18506,-18137,-17768,-17399,-17030,-16661,-16292,-15923,-15554,-15185,-14816,-14447,-14078,-13709,-13340,-12971,-12602,-12233,-11864,-11495,-11126,-10757,-10388,-10019,-9650,-9281,-8912,-8543,-8174,-7805,-7436,-7067,-6698,-6329,-5960,-5591,-5222,-4853,-4484,-4115,-3746,-3377,-3008,-2639,-2270,-1901,-1532,-1163,-794,-425,-56
314,683,1052,1421,1790,2159,2528,2897,3266,3635,4004,4373,4742,5111,5480,5849,6218,6587,6956,7325,7694,8063,8432,8801,9170,9539,9908,10277,10646,11015,11384,11753,12122,12491,12860,13229,13598,13967,14336,14705,15074,15443,15812,16181,16550,16919,17288,17657,18026,18395,18764,19133,19502,19871,20240,20295,20609,20978,21347,21716,22085,22454,22823,23192,23561,23930,24299,24668,25037,25406,25775,26144,26513,26882,27251,27620,27989,28358,28727,29096,29465,29834,30203,30572,30941,31310,31679,32048,32417,32786,33155,33524,33893,34262,34631,35000,35369,35738,36107,36476,36845,37214,37583,37952,38321,38690,39059,39428,39797,40166,40535,40904,41273,41642,42011,42380,42749,43118,43487,43856,44225,44594,44963,45332,45701,46070,46439,46808,47177,47546,47915,48284,48653,49022,49391,49760,50129,50498,50867,51236,51605,51974,52343,52712,53081,53450,53819,54188,54557,54926,55295,55664,56033,56402,56771,57140,57509,57878,58247,58616,58985,59354,59723,60092,60461,60830,61199,61568,61937,62306,62675,63044,63413,63782,64151,64520,64889,65258,65627,65996,66365,66734,67103,67472,67841,-67951,-67582,-67213,-66844,-66475,-66106,-65737,-65368,-64999,-64630,-64261,-63892,-63523,-63154,-62785,-62416,-62047,-61678,-61309,-60940,-60571,-60202,-59833,-59464,-59095,-58726,-58357,-57988,-57619,-57250,-56881,-56512,-56143,-55774,-55405,-55036,-54667,-54298,-53929,-53560,-53191,-52822,-52453,-52084,-51715,-51346,-50977,-50608,-50239,-49870,-49501,-49132,-48763,-48394,-48025,-47656,-47287,-46918,-46549,-46180,-45811,-45442,-45073,-44704,-44335,-43966,-43597,-43228,-42859,-42490,-42121,-41752,-41383,-41014,-40645,-40276,-39907,-39538,-39169,-38800,-38431,-38062,-37693,-37324,-36955,-36586,-36217,-35848,-35479,-35110,-34741,-34372,-34003,-33634,-33265,-32896,-32527,-32158,-31789,-31420,-31051,-30682,-30313,-29944,-29575,-29206,-28837,-28468,-28099,-27730,-27361,-26992,-26623,-26254,-25885,-25516,-25147,-24778,-24409,-24040,-23671,-23302,-22933,-22564,-22195,-21826,-21457,-21088,-20719,-20350,-19981,-19612,-19243,-18874,-18505,-18136,-17767,-17398,-17029,-16660,-16291,-15922,-15553,-15184,-14815,-14446,-14077,-13708,-13339,-12970,-12601,-12232,-11863,-11494,-11125,-10756,-10387,-10018,-9649,-9280,-8911,-8542,-8173,-7804,-7435,-7066,-6697,-6328,-5959,-5590,-5221,-4852,-4483,-4114,-3745,-3376,-3007,-2638,-2269,-1900,-1531,-1162,-793,-424,-55
315,684,1053,1422,1791,2160,2529,2898,3267,3636,4005,4374,4743,5112,5481,5850,6219,6588,6957,7326,7695,8064,8433,8802,9171,9540,9909,10278,10647,11016,11385,11754,12123,12492,12861,13230,13599,13968,14337,14706,15075,15444,15813,16182,16551,16920,17289,17658,18027,18396,18765,19134,19503,19872,19926,20241,20610,20979,21348,21717,22086,22455,22824,23193,23562,23931,24300,24669,25038,25407,25776,26145,26514,26883,27252,27621,27990,28359,28728,29097,29466,29835,30204,30573,30942,31311,31680,32049,32418,32787,33156,33525,33894,34263,34632,35001,35370,35739,36108,36477,36846,37215,37584,37953,38322,38691,39060,39429,39798,40167,40536,40905,41274,41643,42012,42381,42750,43119,43488,43857,44226,44595,44964,45333,45702,46071,46440,46809,47178,47547,47916,48285,48654,49023,49392,49761,50130,50499,50868,51237,51606,51975,52344,52713,53082,53451,53820,54189,54558,54927,55296,55665,56034,56403,56772,57141,57510,57879,58248,58617,58986,59355,59724,60093,60462,60831,61200,61569,61938,62307,62676,63045,63414,63783,64152,64521,64890,65259,65628,65997,66366,66735,67104,67473,67842,-67950,-67581,-67212,-66843,-66474,-66105,-65736,-65367,-64998,-64629,-64260,-63891,-63522,-63153,-62784,-62415,-62046,-61677,-61308,-60939,-60570,-60201,-59832,-59463,-59094,-58725,-58356,-57987,-57618,-57249,-56880,-56511,-56142,-55773,-55404,-55035,-54666,-54297,-53928,-53559,-53190,-52821,-52452,-52083,-51714,-51345,-50976,-50607,-50238,-49869,-49500,-49131,-48762,-48393,-48024,-47655,-47286,-46917,-46548,-46179,-45810,-45441,-45072,-44703,-44334,-43965,-43596,-43227,-42858,-42489,-42120,-41751,-41382,-41013,-40644,-40275,-39906,-39537,-39168,-38799,-38430,-38061,-37692,-37323,-36954,-36585,-36216,-35847,-35478,-35109,-34740,-34371,-34002,-33633,-33264,-32895,-32526,-32157,-31788,-31419,-31050,-30681,-30312,-29943,-29574,-29205,-28836,-28467,-28098,-27729,-27360,-26991,-26622,-26253,-25884,-25515,-25146,-24777,-24408,-24039,-23670,-23301,-22932,-22563,-22194,-21825,-21456,-21087,-20718,-20349,-19980,-19611,-19242,-18873,-18504,-18135,-17766,-17397,-17028,-16659,-16290,-15921,-15552,-15183,-14814,-14445,-14076,-13707,-13338,-12969,-12600,-12231,-11862,-11493,-11124,-10755,-10386,-10017,-9648,-9279,-8910,-8541,-8172,-7803,-7434,-7065,-6696,-6327,-5958,-5589,-5220,-4851,-4482,-4113,-3744,-3375,-3006,-2637,-2268,-1899,-1530,-1161,-792,-423,-54
316,685,1054,1423,1792,2161,2530,2899,3268,3637,4006,4375,4744,5113,5482,5851,6220,6589,6958,7327,7696,8065,8434,8803,9172,9541,9910,10279,10648,11017,11386,11755,12124,12493,12862,13231,13600,13969,14338,14707,15076,15445,15814,16183,16552,16921,17290,17659,18028,18397,18766,19135,19504,19557,19873,20242,20611,20980,21349,21718,22087,22456,22825,23194,23563,23932,24301,24670,25039,25408,25777,26146,26515,26884,27253,27622,27991,28360,28729,29098,29467,29836,30205,30574,30943,31312,31681,32050,32419,32788,33157,33526,33895,34264,34633,35002,35371,35740,36109,36478,36847,37216,37585,37954,38323,38692,39061,39430,39799,40168,40537,40906,41275,41644,42013,42382,42751,43120,43489,43858,44227,44596,44965,45334,45703,46072,46441,46810,47179,47548,47917,48286,48655,49024,49393,49762,50131,50500,50869,51238,51607,51976,52345,52714,53083,53452,53821,54190,54559,54928,55297,55666,56035,56404,56773,57142,57511,57880,58249,58618,58987,59356,59725,60094,60463,60832,61201,61570,61939,62308,62677,63046,63415,63784,64153,64522,64891,65260,65629,65998,66367,66736,67105,67474,67843,-67949,-67580,-67211,-66842,-66473,-66104,-65735,-65366,-64997,-64628,-64259,-63890,-63521,-63152,-62783,-62414,-62045,-61676,-61307,-60938,-60569,-60200,-59831,-59462,-59093,-58724,-58355,-57986,-57617,-57248,-56879,-56510,-56141,-55772,-55403,-55034,-54665,-54296,-53927,-53558,-53189,-52820,-52451,-52082,-51713,-51344,-50975,-50606,-50237,-49868,-49499,-49130,-48761,-48392,-48023,-47654,-47285,-46916,-46547,-46178,-45809,-45440,-45071,-44702,-44333,-43964,-43595,-43226,-42857,-42488,-42119,-41750,-41381,-41012,-40643,-40274,-39905,-39536,-39167,-38798,-38429,-38060,-37691,-37322,-36953,-36584,-36215,-35846,-35477,-35108,-34739,-34370,-34001,-33632,-33263,-32894,-32525,-32156,-31787,-31418,-31049,-30680,-30311,-29942,-29573,-29204,-28835,-28466,-28097,-27728,-27359,-26990,-26621,-26252,-25883,-25514,-25145,-24776,-24407,-24038,-23669,-23300,-22931,-22562,-22193,-21824,-21455,-21086,-20717,-20348,-19979,-19610,-19241,-18872,-18503,-18134,-17765,-17396,-17027,-16658,-16289,-15920,-15551,-15182,-14813,-14444,-14075,-13706,-13337,-12968,-12599,-12230,-11861,-11492,-11123,-10754,-10385,-10016,-9647,-9278,-8909,-8540,-8171,-7802,-7433,-7064,-6695,-6326,-5957,-5588,-5219,-4850,-4481,-4112,-3743,-3374,-3005,-2636,-2267,-1898,-1529,-1160,-791,-422,-53
317,686,1055,1424,1793,2162,2531,2900,3269,3638,4007,4376,4745,5114,5483,5852,6221,6590,6959,7328,7697,8066,8435,8804,9173,9542,9911,10280,10649,11018,11387,11756,12125,12494,12863,13232,13601,13970,14339,14708,15077,15446,15815,16184,16553,16922,17291,17660,18029,18398,18767,19136,19188,19505,19874,20243,20612,20981,21350,21719,22088,22457,22826,23195,23564,23933,24302,24671,25040,25409,25778,26147,26516,26885,27254,27623,27992,28361,28730,29099,29468,29837,30206,30575,30944,31313,31682,32051,32420,32789,33158,33527,33896,34265,34634,35003,35372,35741,36110,36479,36848,37217,37586,37955,38324,38693,39062,39431,39800,40169,40538,40907,41276,41645,42014,42383,42752,43121,43490,43859,44228,44597,44966,45335,45704,46073,46442,46811,47180,47549,47918,48287,48656,49025,49394,49763,50132,50501,50870,51239,51608,51977,52346,52715,53084,53453,53822,54191,54560,54929,55298,55667,56036,56405,56774,57143,57512,57881,58250,58619,58988,59357,59726,60095,60464,60833,61202,61571,61940,62309,62678,63047,63416,63785,64154,64523,64892,65261,65630,65999,66368,66737,67106,67475,67844,-67948,-67579,-67210,-66841,-66472,-66103,-65734,-65365,-64996,-64627,-64258,-63889,-63520,-63151,-62782,-62413,-62044,-61675,-61306,-60937,-60568,-60199,-59830,-59461,-59092,-58723,-58354,-57985,-57616,-57247,-56878,-56509,-56140,-55771,-55402,-55033,-54664,-54295,-53926,-53557,-53188,-52819,-52450,-52081,-51712,-51343,-50974,-50605,-50236,-49867,-49498,-49129,-48760,-48391,-48022,-47653,-47284,-46915,-46546,-46177,-45808,-45439,-45070,-44701,-44332,-43963,-43594,-43225,-42856,-42487,-42118,-41749,-41380,-41011,-40642,-40273,-39904,-39535,-39166,-38797,-38428,-38059,-37690,-37321,-36952,-36583,-36214,-35845,-35476,-35107,-34738,-34369,-34000,-33631,-33262,-32893,-32524,-32155,-31786,-31417,-31048,-30679,-30310,-29941,-29572,-29203,-28834,-28465,-28096,-27727,-27358,-26989,-26620,-26251,-25882,-25513,-25144,-24775,-24406,-24037,-23668,-23299,-22930,-22561,-22192,-21823,-21454,-21085,-20716,-20347,-19978,-19609,-19240,-18871,-18502,-18133,-17764,-17395,-17026,-16657,-16288,-15919,-15550,-15181,-14812,-14443,-14074,-13705,-13336,-12967,-12598,-12229,-11860,-11491,-11122,-10753,-10384,-10015,-9646,-9277,-8908,-8539,-8170,-7801,-7432,-7063,-6694,-6325,-5956,-5587,-5218,-4849,-4480,-4111,-3742,-3373,-3004,-2635,-2266,-1897,-1528,-1159,-790,-421,-52
318,687,1056,1425,1794,2163,2532,2901,3270,3639,4008,4377,4746,5115,5484,5853,6222,6591,6960,7329,7698,8067,8436,8805,9174,9543,9912,10281,10650,11019,11388,11757,12126,12495,12864,13233,13602,13971,14340,14709,15078,15447,15816,16185,16554,16923,17292,17661,18030,18399,18768,18819,19137,19506,19875,20244,20613,20982,21351,21720,22089,22458,22827,23196,23565,23934,24303,24672,25041,25410,25779,26148,26517,26886,27255,27624,27993,28362,28731,29100,29469,29838,30207,30576,30945,31314,31683,32052,32421,32790,33159,33528,33897,34266,34635,35004,35373,35742,36111,36480,36849,37218,37587,37956,38325,38694,39063,39432,39801,40170,40539,40908,41277,41646,42015,42384,42753,43122,43491,43860,44229,44598,44967,45336,45705,46074,46443,46812,47181,47550,47919,48288,48657,49026,49395,49764,50133,50502,50871,51240,51609,51978,52347,52716,53085,53454,53823,54192,54561,54930,55299,55668,56037,56406,56775,57144,57513,57882,58251,58620,58989,59358,59727,60096,60465,60834,61203,61572,61941,62310,62679,63048,63417,63786,64155,64524,64893,65262,65631,66000,66369,66738,67107,67476,67845,-67947,-67578,-67209,-66840,-66471,-66102,-65733,-65364,-64995,-64626,-64257,-63888,-63519,-63150,-62781,-62412,-62043,-61674,-61305,-60936,-60567,-60198,-59829,-59460,-59091,-58722,-58353,-57984,-57615,-57246,-56877,-56508,-56139,-55770,-55401,-55032,-54663,-54294,-53925,-53556,-53187,-52818,-52449,-52080,-51711,-51342,-50973,-50604,-50235,-49866,-49497,-49128,-48759,-48390,-48021,-47652,-47283,-46914,-46545,-46176,-45807,-45438,-45069,-44700,-44331,-43962,-43593,-43224,-42855,-42486,-42117,-41748,-41379,-41010,-40641,-40272,-39903,-39534,-39165,-38796,-38427,-38058,-37689,-37320,-36951,-36582,-36213,-35844,-35475,-35106,-34737,-34368,-33999,-33630,-33261,-32892,-32523,-32154,-31785,-31416,-31047,-30678,-30309,-29940,-29571,-29202,-28833,-28464,-28095,-27726,-27357,-26988,-26619,-26250,-25881,-25512,-25143,-24774,-24405,-24036,-23667,-23298,-22929,-22560,-22191,-21822,-21453,-21084,-20715,-20346,-19977,-19608,-19239,-18870,-18501,-18132,-17763,-17394,-17025,-16656,-16287,-15918,-15549,-15180,-14811,-14442,-14073,-13704,-13335,-12966,-12597,-12228,-11859,-11490,-11121,-10752,-10383,-10014,-9645,-9276,-8907,-8538,-8169,-7800,-7431,-7062,-6693,-6324,-5955,-5586,-5217,-4848,-4479,-4110,-3741,-3372,-3003,-2634,-2265,-1896,-1527,-1158,-789,-420,-51
319,688,1057,1426,1795,2164,2533,2902,3271,3640,4009,4378,4747,5116,5485,5854,6223,6592,6961,7330,7699,8068,8437,8806,9175,9544,9913,10282,10651,11020,11389,11758,12127,12496,12865,13234,13603,13972,14341,14710,15079,15448,15817,16186,16555,16924,17293,17662,18031,18400,18450,18769,19138,19507,19876,20245,20614,20983,21352,21721,22090,22459,22828,23197,23566,23935,24304,24673,25042,25411,25780,26149,26518,26887,27256,27625,27994,28363,28732,29101,29470,29839,30208,30577,30946,31315,31684,32053,32422,32791,33160,33529,33898,34267,34636,35005,35374,35743,36112,36481,36850,37219,37588,37957,38326,38695,39064,39433,39802,40171,40540,40909,41278,41647,42016,42385,42754,43123,43492,43861,44230,44599,44968,45337,45706,46075,46444,46813,47182,47551,47920,48289,48658,49027,49396,49765,50134,50503,50872,51241,51610,51979,52348,52717,53086,53455,53824,54193,54562,54931,55300,55669,56038,56407,56776,57145,57514,57883,58252,58621,58990,59359,59728,60097,60466,60835,61204,61573,61942,62311,62680,63049,63418,63787,64156,64525,64894,65263,65632,66001,66370,66739,67108,67477,67846,-67946,-67577,-67208,-66839,-66470,-66101,-65732,-65363,-64994,-64625,-64256,-63887,-63518,-63149,-62780,-62411,-62042,-61673,-61304,-60935,-60566,-60197,-59828,-59459,-59090,-58721,-58352,-57983,-57614,-57245,-56876,-56507,-56138,-55769,-55400,-55031,-54662,-54293,-53924,-53555,-53186,-52817,-52448,-52079,-51710,-51341,-50972,-50603,-50234,-49865,-49496,-49127,-48758,-48389,-48020,-47651,-47282,-46913,-46544,-46175,-45806,-45437,-45068,-44699,-44330,-43961,-43592,-43223,-42854,-42485,-42116,-41747,-41378,-41009,-40640,-40271,-39902,-39533,-39164,-38795,-38426,-38057,-37688,-37319,-36950,-36581,-36212,-35843,-35474,-35105,-34736,-34367,-33998,-33629,-33260,-32891,-32522,-32153,-31784,-31415,-31046,-30677,-30308,-29939,-29570,-29201,-28832,-28463,-28094,-27725,-27356,-26987,-26618,-26249,-25880,-25511,-25142,-24773,-24404,-24035,-23666,-23297,-22928,-22559,-22190,-21821,-21452,-21083,-20714,-20345,-19976,-19607,-19238,-18869,-18500,-18131,-17762,-17393,-17024,-16655,-16286,-15917,-15548,-15179,-14810,-14441,-14072,-13703,-13334,-12965,-12596,-12227,-11858,-11489,-11120,-10751,-10382,-10013,-9644,-9275,-8906,-8537,-8168,-7799,-7430,-7061,-6692,-6323,-5954,-5585,-5216,-4847,-4478,-4109,-3740,-3371,-3002,-2633,-2264,-1895,-1526,-1157,-788,-419,-50
320,689,1058,1427,1796,2165,2534,2903,3272,3641,4010,4379,4748,5117,5486,5855,6224,6593,6962,7331,7700,8069,8438,8807,9176,9545,9914,10283,10652,11021,11390,11759,12128,12497,12866,13235,13604,13973,14342,14711,15080,15449,15818,16187,16556,16925,17294,17663,18032,18081,18401,18770,19139,19508,19877,20246,20615,20984,21353,21722,22091,22460,22829,23198,23567,23936,24305,24674,25043,25412,25781,26150,26519,26888,27257,27626,27995,28364,28733,29102,29471,29840,30209,30578,30947,31316,31685,32054,32423,32792,33161,33530,33899,34268,34637,35006,35375,35744,36113,36482,36851,37220,37589,37958,38327,38696,39065,39434,39803,40172,40541,40910,41279,41648,42017,42386,42755,43124,43493,43862,44231,44600,44969,45338,45707,46076,46445,46814,47183,47552,47921,48290,48659,49028,49397,49766,50135,50504,50873,51242,51611,51980,52349,52718,53087,53456,53825,54194,54563,54932,55301,55670,56039,56408,56777,57146,57515,57884,58253,58622,58991,59360,59729,60098,60467,60836,61205,61574,61943,62312,62681,63050,63419,63788,64157,64526,64895,65264,65633,66002,66371,66740,67109,67478,67847,-67945,-67576,-67207,-66838,-66469,-66100,-65731,-65362,-64993,-64624,-64255,-63886,-63517,-63148,-62779,-62410,-62041,-61672,-61303,-60934,-60565,-60196,-59827,-59458,-59089,-58720,-58351,-57982,-57613,-57244,-56875,-56506,-56137,-55768,-55399,-55030,-54661,-54292,-53923,-53554,-53185,-52816,-52447,-52078,-51709,-51340,-50971,-50602,-50233,-49864,-49495,-49126,-48757,-48388,-48019,-47650,-47281,-46912,-46543,-46174,-45805,-45436,-45067,-44698,-44329,-43960,-43591,-43222,-42853,-42484,-42115,-41746,-41377,-41008,-40639,-40270,-39901,-39532,-39163,-38794,-38425,-38056,-37687,-37318,-36949,-36580,-36211,-35842,-35473,-35104,-34735,-34366,-33997,-33628,-33259,-32890,-32521,-32152,-31783,-31414,-31045,-30676,-30307,-29938,-29569,-29200,-28831,-28462,-28093,-27724,-27355,-26986,-26617,-26248,-25879,-25510,-25141,-24772,-24403,-24034,-23665,-23296,-22927,-22558,-22189,-21820,-21451,-21082,-20713,-20344,-19975,-19606,-19237,-18868,-18499,-18130,-17761,-17392,-17023,-16654,-16285,-15916,-15547,-15178,-14809,-14440,-14071,-13702,-13333,-12964,-12595,-12226,-11857,-11488,-11119,-10750,-10381,-10012,-9643,-9274,-8905,-8536,-8167,-7798,-7429,-7060,-6691,-6322,-5953,-5584,-5215,-4846,-4477,-4108,-3739,-3370,-3001,-2632,-2263,-1894,-1525,-1156,-787,-418,-49
321,690,1059,1428,1797,2166,2535,2904,3273,3642,4011,4380,4749,5118,5487,5856,6225,6594,6963,7332,7701,8070,8439,8808,9177,9546,9915,10284,10653,11022,11391,11760,12129,12498,12867,13236,13605,13974,14343,14712,15081,15450,15819,16188,16557,16926,17295,17664,17712,18033,18402,18771,19140,19509,19878,20247,20616,20985,21354,21723,22092,22461,22830,23199,23568,23937,24306,24675,25044,25413,25782,26151,26520,26889,27258,27627,27996,28365,28734,29103,29472,29841,30210,30579,30948,31317,31686,32055,32424,32793,33162,33531,33900,34269,34638,35007,35376,35745,36114,36483,36852,37221,37590,37959,38328,38697,39066,39435,39804,40173,40542,40911,41280,41649,42018,42387,42756,43125,43494,43863,44232,44601,44970,45339,45708,46077,46446,46815,47184,47553,47922,48291,48660,49029,49398,49767,50136,50505,50874,51243,51612,51981,52350,52719,53088,53457,53826,54195,54564,54933,55302,55671,56040,56409,56778,57147,57516,57885,58254,58623,58992,59361,59730,60099,60468,60837,61206,61575,61944,62313,62682,63051,63420,63789,64158,64527,64896,65265,65634,66003,66372,66741,67110,67479,67848,-67944,-67575,-67206,-66837,-66468,-66099,-65730,-65361,-64992,-64623,-64254,-63885,-63516,-63147,-62778,-62409,-62040,-61671,-61302,-60933,-60564,-60195,-59826,-59457,-59088,-58719,-58350,-57981,-57612,-57243,-56874,-56505,-56136,-55767,-55398,-55029,-54660,-54291,-53922,-53553,-53184,-52815,-52446,-52077,-51708,-51339,-50970,-50601,-50232,-49863,-49494,-49125,-48756,-48387,-48018,-47649,-47280,-46911,-46542,-46173,-45804,-45435,-45066,-44697,-44328,-43959,-43590,-43221,-42852,-42483,-42114,-41745,-41376,-41007,-40638,-40269,-39900,-39531,-39162,-38793,-38424,-38055,-37686,-37317,-36948,-36579,-36210,-35841,-35472,-35103,-34734,-34365,-33996,-33627,-33258,-32889,-32520,-32151,-31782,-31413,-31044,-30675,-30306,-29937,-29568,-29199,-28830,-28461,-28092,-27723,-27354,-26985,-26616,-26247,-25878,-25509,-25140,-24771,-24402,-24033,-23664,-23295,-22926,-22557,-22188,-21819,-21450,-21081,-20712,-20343,-19974,-19605,-19236,-18867,-18498,-18129,-17760,-17391,-17022,-16653,-16284,-15915,-15546,-15177,-14808,-14439,-14070,-13701,-13332,-12963,-12594,-12225,-11856,-11487,-11118,-10749,-10380,-10011,-9642,-9273,-8904,-8535,-8166,-7797,-7428,-7059,-6690,-6321,-5952,-5583,-5214,-4845,-4476,-4107,-3738,-3369,-3000,-2631,-2262,-1893,-1524,-1155,-786,-417,-48
322,691,1060,1429,1798,2167,2536,2905,3274,3643,4012,4381,4750,5119,5488,5857,6226,6595,6964,7333,7702,8071,8440,8809,9178,9547,9916,10285,10654,11023,11392,11761,12130,12499,12868,13237,13606,13975,14344,14713,15082,15451,15820,16189,16558,16927,17296,17343,17665,18034,18403,18772,19141,19510,19879,20248,20617,20986,21355,21724,22093,22462,22831,23200,23569,23938,24307,24676,25045,25414,25783,26152,26521,26890,27259,27628,27997,28366,28735,29104,29473,29842,30211,30580,30949,31318,31687,32056,32425,32794,33163,33532,33901,34270,34639,35008,35377,35746,36115,36484,36853,37222,37591,37960,38329,38698,39067,39436,39805,40174,40543,40912,41281,41650,42019,42388,42757,43126,43495,43864,44233,44602,44971,45340,45709,46078,46447,46816,47185,47554,47923,48292,48661,49030,49399,49768,50137,50506,50875,51244,51613,51982,52351,52720,53089,53458,53827,54196,54565,54934,55303,55672,56041,56410,56779,57148,57517,57886,58255,58624,58993,59362,59731,60100,60469,60838,61207,61576,61945,62314,62683,63052,63421,63790,64159,64528,64897,65266,65635,66004,66373,66742,67111,67480,67849,-67943,-67574,-67205,-66836,-66467,-66098,-65729,-65360,-64991,-64622,-64253,-63884,-63515,-63146,-62777,-62408,-62039,-61670,-61301,-60932,-60563,-60194,-59825,-59456,-59087,-58718,-58349,-57980,-57611,-57242,-56873,-56504,-56135,-55766,-55397,-55028,-54659,-54290,-53921,-53552,-53183,-52814,-52445,-52076,-51707,-51338,-50969,-50600,-50231,-49862,-49493,-49124,-48755,-48386,-48017,-47648,-47279,-46910,-46541,-46172,-45803,-45434,-45065,-44696,-44327,-43958,-43589,-43220,-42851,-42482,-42113,-41744,-41375,-41006,-40637,-40268,-39899,-39530,-39161,-38792,-38423,-38054,-37685,-37316,-36947,-36578,-36209,-35840,-35471,-35102,-34733,-34364,-33995,-33626,-33257,-32888,-32519,-32150,-31781,-31412,-31043,-30674,-30305,-29936,-29567,-29198,-28829,-28460,-28091,-27722,-27353,-26984,-26615,-26246,-25877,-25508,-25139,-24770,-24401,-24032,-23663,-23294,-22925,-22556,-22187,-21818,-21449,-21080,-20711,-20342,-19973,-19604,-19235,-18866,-18497,-18128,-17759,-17390,-17021,-16652,-16283,-15914,-15545,-15176,-14807,-14438,-14069,-13700,-13331,-12962,-12593,-12224,-11855,-11486,-11117,-10748,-10379,-10010,-9641,-9272,-8903,-8534,-8165,-7796,-7427,-7058,-6689,-6320,-5951,-5582,-5213,-4844,-4475,-4106,-3737,-3368,-2999,-2630,-2261,-1892,-1523,-1154,-785,-416,-47
323,692,1061,1430,1799,2168,2537,2906,3275,3644,4013,4382,4751,5120,5489,5858,6227,6596,6965,7334,7703,8072,8441,8810,9179,9548,9917,10286,10655,11024,11393,11762,12131,12500,12869,13238,13607,13976,14345,14714,15083,15452,15821,16190,16559,16928,16974,17297,17666,18035,18404,18773,19142,19511,19880,20249,20618,20987,21356,21725,22094,22463,22832,23201,23570,23939,24308,24677,25046,25415,25784,26153,26522,26891,27260,27629,27998,28367,28736,29105,29474,29843,30212,30581,30950,31319,31688,32057,32426,32795,33164,33533,33902,34271,34640,35009,35378,35747,36116,36485,36854,37223,37592,37961,38330,38699,39068,39437,39806,40175,40544,40913,41282,41651,42020,42389,42758,43127,43496,43865,44234,44603,44972,45341,45710,46079,46448,46817,47186,47555,47924,48293,48662,49031,49400,49769,50138,50507,50876,51245,51614,51983,52352,52721,53090,53459,53828,54197,54566,54935,55304,55673,56042,56411,56780,57149,57518,57887,58256,58625,58994,59363,59732,60101,60470,60839,61208,61577,61946,62315,62684,63053,63422,63791,64160,64529,64898,65267,65636,66005,66374,66743,67112,67481,67850,-67942,-67573,-67204,-66835,-66466,-66097,-65728,-65359,-64990,-64621,-64252,-63883,-63514,-63145,-62776,-62407,-62038,-61669,-61300,-60931,-60562,-60193,-59824,-59455,-59086,-58717,-58348,-57979,-57610,-57241,-56872,-56503,-56134,-55765,-55396,-55027,-54658,-54289,-53920,-53551,-53182,-52813,-52444,-52075,-51706,-51337,-50968,-50599,-50230,-49861,-49492,-49123,-48754,-48385,-48016,-47647,-47278,-46909,-46540,-46171,-45802,-45433,-45064,-44695,-44326,-43957,-43588,-43219,-42850,-42481,-42112,-41743,-41374,-41005,-40636,-40267,-39898,-39529,-39160,-38791,-38422,-38053,-37684,-37315,-36946,-36577,-36208,-35839,-35470,-35101,-34732,-34363,-33994,-33625,-33256,-32887,-32518,-32149,-31780,-31411,-31042,-30673,-30304,-29935,-29566,-29197,-28828,-28459,-28090,-27721,-27352,-26983,-26614,-26245,-25876,-25507,-25138,-24769,-24400,-24031,-23662,-23293,-22924,-22555,-22186,-21817,-21448,-21079,-20710,-20341,-19972,-19603,-19234,-18865,-18496,-18127,-17758,-17389,-17020,-16651,-16282,-15913,-15544,-15175,-14806,-14437,-14068,-13699,-13330,-12961,-12592,-12223,-11854,-11485,-11116,-10747,-10378,-10009,-9640,-9271,-8902,-8533,-8164,-7795,-7426,-7057,-6688,-6319,-5950,-5581,-5212,-4843,-4474,-4105,-3736,-3367,-2998,-2629,-2260,-1891,-1522,-1153,-784,-415,-46
324,693,1062,1431,1800,2169,2538,2907,3276,3645,4014,4383,4752,5121,5490,5859,6228,6597,6966,7335,7704,8073,8442,8811,9180,9549,9918,10287,10656,11025,11394,11763,12132,12501,12870,13239,13608,13977,14346,14715,15084,15453,15822,16191,16560,16605,16929,17298,17667,18036,18405,18774,19143,19512,19881,20250,20619,20988,21357,21726,22095,22464,22833,23202,23571,23940,24309,24678,25047,25416,25785,26154,26523,26892,27261,27630,27999,28368,28737,29106,29475,29844,30213,30582,30951,31320,31689,32058,32427,32796,33165,33534,33903,34272,34641,35010,35379,35748,36117,36486,36855,37224,37593,37962,38331,38700,39069,39438,39807,40176,40545,40914,41283,41652,42021,42390,42759,43128,43497,43866,44235,44604,44973,45342,45711,46080,46449,46818,47187,47556,47925,48294,48663,49032,49401,49770,50139,50508,50877,51246,51615,51984,52353,52722,53091,53460,53829,54198,54567,54936,55305,55674,56043,56412,56781,57150,57519,57888,58257,58626,58995,59364,59733,60102,60471,60840,61209,61578,61947,62316,62685,63054,63423,63792,64161,64530,64899,65268,65637,66006,66375,66744,67113,67482,67851,-67941,-67572,-67203,-66834,-66465,-66096,-65727,-65358,-64989,-64620,-64251,-63882,-63513,-63144,-62775,-62406,-62037,-61668,-61299,-60930,-60561,-60192,-59823,-59454,-59085,-58716,-58347,-57978,-57609,-57240,-56871,-56502,-56133,-55764,-55395,-55026,-54657,-54288,-53919,-53550,-53181,-52812,-52443,-52074,-51705,-51336,-50967,-50598,-50229,-49860,-49491,-49122,-48753,-48384,-48015,-47646,-47277,-46908,-46539,-46170,-45801,-45432,-45063,-44694,-44325,-43956,-43587,-43218,-42849,-42480,-42111,-41742,-41373,-41004,-40635,-40266,-39897,-39528,-39159,-38790,-38421,-38052,-37683,-37314,-36945,-36576,-36207,-35838,-35469,-35100,-34731,-34362,-33993,-33624,-33255,-32886,-32517,-32148,-31779,-31410,-31041,-30672,-30303,-29934,-29565,-29196,-28827,-28458,-28089,-27720,-27351,-26982,-26613,-26244,-25875,-25506,-25137,-24768,-24399,-24030,-23661,-23292,-22923,-22554,-22185,-21816,-21447,-21078,-20709,-20340,-19971,-19602,-19233,-18864,-18495,-18126,-17757,-17388,-17019,-16650,-16281,-15912,-15543,-15174,-14805,-14436,-14067,-13698,-13329,-12960,-12591,-12222,-11853,-11484,-11115,-10746,-10377,-10008,-9639,-9270,-8901,-8532,-8163,-7794,-7425,-7056,-6687,-6318,-5949,-5580,-5211,-4842,-4473,-4104,-3735,-3366,-2997,-2628,-2259,-1890,-1521,-1152,-783,-414,-45
325,694,1063,1432,1801,2170,2539,2908,3277,3646,4015,4384,4753,5122,5491,5860,6229,6598,6967,7336,7705,8074,8443,8812,9181,9550,9919,10288,10657,11026,11395,11764,12133,12502,12871,13240,13609,13978,14347,14716,15085,15454,15823,16192,16236,16561,16930,17299,17668,18037,18406,18775,19144,19513,19882,20251,20620,20989,21358,21727,22096,22465,22834,23203,23572,23941,24310,24679,25048,25417,25786,26155,26524,26893,27262,27631,28000,28369,28738,29107,29476,29845,30214,30583,30952,31321,31690,32059,32428,32797,33166,33535,33904,34273,34642,35011,35380,35749,36118,36487,36856,37225,37594,37963,38332,38701,39070,39439,39808,40177,40546,40915,41284,41653,42022,42391,42760,43129,43498,43867,44236,44605,44974,45343,45712,46081,46450,46819,47188,47557,47926,48295,48664,49033,49402,49771,50140,50509,50878,51247,51616,51985,52354,52723,53092,53461,53830,54199,54568,54937,55306,55675,56044,56413,56782,57151,57520,57889,58258,58627,58996,59365,59734,60103,60472,60841,61210,61579,61948,62317,62686,63055,63424,63793,64162,64531,64900,65269,65638,66007,66376,66745,67114,67483,67852,-67940,-67571,-67202,-66833,-66464,-66095,-65726,-65357,-64988,-64619,-64250,-63881,-63512,-63143,-62774,-62405,-62036,-61667,-61298,-60929,-60560,-60191,-59822,-59453,-59084,-58715,-58346,-57977,-57608,-57239,-56870,-56501,-56132,-55763,-55394,-55025,-54656,-54287,-53918,-53549,-53180,-52811,-52442,-52073,-51704,-51335,-50966,-50597,-50228,-49859,-49490,-49121,-48752,-48383,-48014,-47645,-47276,-46907,-46538,-46169,-45800,-45431,-45062,-44693,-44324,-43955,-43586,-43217,-42848,-42479,-42110,-41741,-41372,-41003,-40634,-40265,-39896,-39527,-39158,-38789,-38420,-38051,-37682,-37313,-36944,-36575,-36206,-35837,-35468,-35099,-34730,-34361,-33992,-33623,-33254,-32885,-32516,-32147,-31778,-31409,-31040,-30671,-30302,-29933,-29564,-29195,-28826,-28457,-28088,-27719,-27350,-26981,-26612,-26243,-25874,-25505,-25136,-24767,-24398,-24029,-23660,-23291,-22922,-22553,-22184,-21815,-21446,-21077,-20708,-20339,-19970,-19601,-19232,-18863,-18494,-18125,-17756,-17387,-17018,-16649,-16280,-15911,-15542,-15173,-14804,-14435,-14066,-13697,-13328,-12959,-12590,-12221,-11852,-11483,-11114,-10745,-10376,-10007,-9638,-9269,-8900,-8531,-8162,-7793,-7424,-7055,-6686,-6317,-5948,-5579,-5210,-4841,-4472,-4103,-3734,-3365,-2996,-2627,-2258,-1889,-1520,-1151,-782,-413,-44
326,695,1064,1433,1802,2171,2540,2909,3278,3647,4016,4385,4754,5123,5492,5861,6230,6599,6968,7337,7706,8075,8444,8813,9182,9551,9920,10289,10658,11027,11396,11765,12134,12503,12872,13241,13610,13979,14348,14717,15086,15455,15824,15867,16193,16562,16931,17300,17669,18038,18407,18776,19145,19514,19883,20252,20621,20990,21359,21728,22097,22466,22835,23204,23573,23942,24311,24680,25049,25418,25787,26156,26525,26894,27263,27632,28001,28370,28739,29108,29477,29846,30215,30584,30953,31322,31691,32060,32429,32798,33167,33536,33905,34274,34643,35012,35381,35750,36119,36488,36857,37226,37595,37964,38333,38702,39071,39440,39809,40178,40547,40916,41285,41654,42023,42392,42761,43130,43499,43868,44237,44606,44975,45344,45713,46082,46451,46820,47189,47558,47927,48296,48665,49034,49403,49772,50141,50510,50879,51248,51617,51986,52355,52724,53093,53462,53831,54200,54569,54938,55307,55676,56045,56414,56783,57152,57521,57890,58259,58628,58997,59366,59735,60104,60473,60842,61211,61580,61949,62318,62687,63056,63425,63794,64163,64532,64901,65270,65639,66008,66377,66746,67115,67484,67853,-67939,-67570,-67201,-66832,-66463,-66094,-65725,-65356,-64987,-64618,-64249,-63880,-63511,-63142,-62773,-62404,-62035,-61666,-61297,-60928,-60559,-60190,-59821,-59452,-59083,-58714,-58345,-57976,-57607,-57238,-56869,-56500,-56131,-55762,-55393,-55024,-54655,-54286,-53917,-53548,-53179,-52810,-52441,-52072,-51703,-51334,-50965,-50596,-50227,-49858,-49489,-49120,-48751,-48382,-48013,-47644,-47275,-46906,-46537,-46168,-45799,-45430,-45061,-44692,-44323,-43954,-43585,-43216,-42847,-42478,-42109,-41740,-41371,-41002,-40633,-40264,-39895,-39526,-39157,-38788,-38419,-38050,-37681,-37312,-36943,-36574,-36205,-35836,-35467,-35098,-34729,-34360,-33991,-33622,-33253,-32884,-32515,-32146,-31777,-31408,-31039,-30670,-30301,-29932,-29563,-29194,-28825,-28456,-28087,-27718,-27349,-26980,-26611,-26242,-25873,-25504,-25135,-24766,-24397,-24028,-23659,-23290,-22921,-22552,-22183,-21814,-21445,-21076,-20707,-20338,-19969,-19600,-19231,-18862,-18493,-18124,-17755,-17386,-17017,-16648,-16279,-15910,-15541,-15172,-14803,-14434,-14065,-13696,-13327,-12958,-12589,-12220,-11851,-11482,-11113,-10744,-10375,-10006,-9637,-9268,-8899,-8530,-8161,-7792,-7423,-7054,-6685,-6316,-5947,-5578,-5209,-4840,-4471,-4102,-3733,-3364,-2995,-2626,-2257,-1888,-1519,-1150,-781,-412,-43
327,696,1065,1434,1803,2172,2541,2910,3279,3648,4017,4386,4755,5124,5493,5862,6231,6600,6969,7338,7707,8076,8445,8814,9183,9552,9921,10290,10659,11028,11397,11766,12135,12504,12873,13242,13611,13980,14349,14718,15087,15456,15498,15825,16194,16563,16932,17301,17670,18039,18408,18777,19146,19515,19884,20253,20622,20991,21360,21729,22098,22467,22836,23205,23574,23943,24312,24681,25050,25419,25788,26157,26526,26895,27264,27633,28002,28371,28740,29109,29478,29847,30216,30585,30954,31323,31692,32061,32430,32799,33168,33537,33906,34275,34644,35013,35382,35751,36120,36489,36858,37227,37596,37965,38334,38703,39072,39441,39810,40179,40548,40917,41286,41655,42024,42393,42762,43131,43500,43869,44238,44607,44976,45345,45714,46083,46452,46821,47190,47559,47928,48297,48666,49035,49404,49773,50142,50511,50880,51249,51618,51987,52356,52725,53094,53463,53832,54201,54570,54939,55308,55677,56046,56415,56784,57153,57522,57891,58260,58629,58998,59367,59736,60105,60474,60843,61212,61581,61950,62319,62688,63057,63426,63795,64164,64533,64902,65271,65640,66009,66378,66747,67116,67485,67854,-67938,-67569,-67200,-66831,-66462,-66093,-65724,-65355,-64986,-64617,-64248,-63879,-63510,-63141,-62772,-62403,-62034,-61665,-61296,-60927,-60558,-60189,-59820,-59451,-59082,-58713,-58344,-57975,-57606,-57237,-56868,-56499,-56130,-55761,-55392,-55023,-54654,-54285,-53916,-53547,-53178,-52809,-52440,-52071,-51702,-51333,-50964,-50595,-50226,-49857,-49488,-49119,-48750,-48381,-48012,-47643,-47274,-46905,-46536,-46167,-45798,-45429,-45060,-44691,-44322,-43953,-43584,-43215,-42846,-42477,-42108,-41739,-41370,-41001,-40632,-40263,-39894,-39525,-39156,-38787,-38418,-38049,-37680,-37311,-36942,-36573,-36204,-35835,-35466,-35097,-34728,-34359,-33990,-33621,-33252,-32883,-32514,-32145,-31776,-31407,-31038,-30669,-30300,-29931,-29562,-29193,-28824,-28455,-28086,-27717,-27348,-26979,-26610,-26241,-25872,-25503,-25134,-24765,-24396,-24027,-23658,-23289,-22920,-22551,-22182,-21813,-21444,-21075,-20706,-20337,-19968,-19599,-19230,-18861,-18492,-18123,-17754,-17385,-17016,-16647,-16278,-15909,-15540,-15171,-14802,-14433,-14064,-13695,-13326,-12957,-12588,-12219,-11850,-11481,-11112,-10743,-10374,-10005,-9636,-9267,-8898,-8529,-8160,-7791,-7422,-7053,-6684,-6315,-5946,-5577,-5208,-4839,-4470,-4101,-3732,-3363,-2994,-2625,-2256,-1887,-1518,-1149,-780,-411,-42
328,697,1066,1435,1804,2173,2542,2911,3280,3649,4018,4387,4756,5125,5494,5863,6232,6601,6970,7339,7708,8077,8446,8815,9184,9553,9922,10291,10660,11029,11398,11767,12136,12505,12874,13243,13612,13981,14350,14719,15088,15129,15457,15826,16195,16564,16933,17302,17671,18040,18409,18778,19147,19516,19885,20254,20623,20992,21361,21730,22099,22468,22837,23206,23575,23944,24313,24682,25051,25420,25789,26158,26527,26896,27265,27634,28003,28372,28741,29110,29479,29848,30217,30586,30955,31324,31693,32062,32431,32800,33169,33538,33907,34276,34645,35014,35383,35752,36121,36490,36859,37228,37597,37966,38335,38704,39073,39442,39811,40180,40549,40918,41287,41656,42025,42394,42763,43132,43501,43870,44239,44608,44977,45346,45715,46084,46453,46822,47191,47560,47929,48298,48667,49036,49405,49774,50143,50512,50881,51250,51619,51988,52357,52726,53095,53464,53833,54202,54571,54940,55309,55678,56047,56416,56785,57154,57523,57892,58261,58630,58999,59368,59737,60106,60475,60844,61213,61582,61951,62320,62689,63058,63427,63796,64165,64534,64903,65272,65641,66010,66379,66748,67117,67486,67855,-67937,-67568,-67199,-66830,-66461,-66092,-65723,-65354,-64985,-64616,-64247,-63878,-63509,-63140,-62771,-62402,-62033,-61664,-61295,-60926,-60557,-60188,-59819,-59450,-59081,-58712,-58343,-57974,-57605,-57236,-56867,-56498,-56129,-55760,-55391,-55022,-54653,-54284,-53915,-53546,-53177,-52808,-52439,-52070,-51701,-51332,-50963,-50594,-50225,-49856,-49487,-49118,-48749,-48380,-48011,-47642,-47273,-46904,-46535,-46166,-45797,-45428,-45059,-44690,-44321,-43952,-43583,-43214,-42845,-42476,-42107,-41738,-41369,-41000,-40631,-40262,-39893,-39524,-39155,-38786,-38417,-38048,-37679,-37310,-36941,-36572,-36203,-35834,-35465,-35096,-34727,-34358,-33989,-33620,-33251,-32882,-32513,-32144,-31775,-31406,-31037,-30668,-30299,-29930,-29561,-29192,-28823,-28454,-28085,-27716,-27347,-26978,-26609,-26240,-25871,-25502,-25133,-24764,-24395,-24026,-23657,-23288,-22919,-22550,-22181,-21812,-21443,-21074,-20705,-20336,-19967,-19598,-19229,-18860,-18491,-18122,-17753,-17384,-17015,-16646,-16277,-15908,-15539,-15170,-14801,-14432,-14063,-13694,-13325,-12956,-12587,-12218,-11849,-11480,-11111,-10742,-10373,-10004,-9635,-9266,-8897,-8528,-8159,-7790,-7421,-7052,-6683,-6314,-5945,-5576,-5207,-4838,-4469,-4100,-3731,-3362,-2993,-2624,-2255,-1886,-1517,-1148,-779,-410,-41
329,698,1067,1436,1805,2174,2543,2912,3281,3650,4019,4388,4757,5126,5495,5864,6233,6602,6971,7340,7709,8078,8447,8816,9185,9554,9923,10292,10661,11030,11399,11768,12137,12506,12875,13244,13613,13982,14351,14720,14760,15089,15458,15827,16196,16565,16934,17303,17672,18041,18410,18779,19148,19517,19886,20255,20624,20993,21362,21731,22100,22469,22838,23207,23576,23945,24314,24683,25052,25421,25790,26159,26528,26897,27266,27635,28004,28373,28742,29111,29480,29849,30218,30587,30956,31325,31694,32063,32432,32801,33170,33539,33908,34277,34646,35015,35384,35753,36122,36491,36860,37229,37598,37967,38336,38705,39074,39443,39812,40181,40550,40919,41288,41657,42026,42395,42764,43133,43502,43871,44240,44609,44978,45347,45716,46085,46454,46823,47192,47561,47930,48299,48668,49037,49406,49775,50144,50513,50882,51251,51620,51989,52358,52727,53096,53465,53834,54203,54572,54941,55310,55679,56048,56417,56786,57155,57524,57893,58262,58631,59000,59369,59738,60107,60476,60845,61214,61583,61952,62321,62690,63059,63428,63797,64166,64535,64904,65273,65642,66011,66380,66749,67118,67487,67856,-67936,-67567,-67198,-66829,-66460,-66091,-65722,-65353,-64984,-64615,-64246,-63877,-63508,-63139,-62770,-62401,-62032,-61663,-61294,-60925,-60556,-60187,-59818,-59449,-59080,-58711,-58342,-57973,-57604,-57235,-56866,-56497,-56128,-55759,-55390,-55021,-54652,-54283,-53914,-53545,-53176,-52807,-52438,-52069,-51700,-51331,-50962,-50593,-50224,-49855,-49486,-49117,-48748,-48379,-48010,-47641,-47272,-46903,-46534,-46165,-45796,-45427,-45058,-44689,-44320,-43951,-43582,-43213,-42844,-42475,-42106,-41737,-41368,-40999,-40630,-40261,-39892,-39523,-39154,-38785,-38416,-38047,-37678,-37309,-36940,-36571,-36202,-35833,-35464,-35095,-34726,-34357,-33988,-33619,-33250,-32881,-32512,-32143,-31774,-31405,-31036,-30667,-30298,-29929,-29560,-29191,-28822,-28453,-28084,-27715,-27346,-26977,-26608,-26239,-25870,-25501,-25132,-24763,-24394,-24025,-23656,-23287,-22918,-22549,-22180,-21811,-21442,-21073,-20704,-20335,-19966,-19597,-19228,-18859,-18490,-18121,-17752,-17383,-17014,-16645,-16276,-15907,-15538,-15169,-14800,-14431,-14062,-13693,-13324,-12955,-12586,-12217,-11848,-11479,-11110,-10741,-10372,-10003,-9634,-9265,-8896,-8527,-8158,-7789,-7420,-7051,-6682,-6313,-5944,-5575,-5206,-4837,-4468,-4099,-3730,-3361,-2992,-2623,-2254,-1885,-1516,-1147,-778,-409,-40
330,699,1068,1437,1806,2175,2544,2913,3282,3651,4020,4389,4758,5127,5496,5865,6234,6603,6972,7341,7710,8079,8448,8817,9186,9555,9924,10293,10662,11031,11400,11769,12138,12507,12876,13245,13614,13983,14352,14391,14721,15090,15459,15828,16197,16566,16935,17304,17673,18042,18411,18780,19149,19518,19887,20256,20625,20994,21363,21732,22101,22470,22839,23208,23577,23946,24315,24684,25053,25422,25791,26160,26529,26898,27267,27636,28005,28374,28743,29112,29481,29850,30219,30588,30957,31326,31695,32064,32433,32802,33171,33540,33909,34278,34647,35016,35385,35754,36123,36492,36861,37230,37599,37968,38337,38706,39075,39444,39813,40182,40551,40920,41289,41658,42027,42396,42765,43134,43503,43872,44241,44610,44979,45348,45717,46086,46455,46824,47193,47562,47931,48300,48669,49038,49407,49776,50145,50514,50883,51252,51621,51990,52359,52728,53097,53466,53835,54204,54573,54942,55311,55680,56049,56418,56787,57156,57525,57894,58263,58632,59001,59370,59739,60108,60477,60846,61215,61584,61953,62322,62691,63060,63429,63798,64167,64536,64905,65274,65643,66012,66381,66750,67119,67488,67857,-67935,-67566,-67197,-66828,-66459,-66090,-65721,-65352,-64983,-64614,-64245,-63876,-63507,-63138,-62769,-62400,-62031,-61662,-61293,-60924,-60555,-60186,-59817,-59448,-59079,-58710,-58341,-57972,-57603,-57234,-56865,-56496,-56127,-55758,-55389,-55020,-54651,-54282,-53913,-53544,-53175,-52806,-52437,-52068,-51699,-51330,-50961,-50592,-50223,-49854,-49485,-49116,-48747,-48378,-48009,-47640,-47271,-46902,-46533,-46164,-45795,-45426,-45057,-44688,-44319,-43950,-43581,-43212,-42843,-42474,-42105,-41736,-41367,-40998,-40629,-40260,-39891,-39522,-39153,-38784,-38415,-38046,-37677,-37308,-36939,-36570,-36201,-35832,-35463,-35094,-34725,-34356,-33987,-33618,-33249,-32880,-32511,-32142,-31773,-31404,-31035,-30666,-30297,-29928,-29559,-29190,-28821,-28452,-28083,-27714,-27345,-26976,-26607,-26238,-25869,-25500,-25131,-24762,-24393,-24024,-23655,-23286,-22917,-22548,-22179,-21810,-21441,-21072,-20703,-20334,-19965,-19596,-19227,-18858,-18489,-18120,-17751,-17382,-17013,-16644,-16275,-15906,-15537,-15168,-14799,-14430,-14061,-13692,-13323,-12954,-12585,-12216,-11847,-11478,-11109,-10740,-10371,-10002,-9633,-9264,-8895,-8526,-8157,-7788,-7419,-7050,-6681,-6312,-5943,-5574,-5205,-4836,-4467,-4098,-3729,-3360,-2991,-2622,-2253,-1884,-1515,-1146,-777,-408,-39
331,700,1069,1438,1807,2176,2545,2914,3283,3652,4021,4390,4759,5128,5497,5866,6235,6604,6973,7342,7711,8080,8449,8818,9187,9556,9925,10294,10663,11032,11401,11770,12139,12508,12877,13246,13615,13984,14022,14353,14722,15091,15460,15829,16198,16567,16936,17305,17674,18043,18412,18781,19150,19519,19888,20257,20626,20995,21364,21733,22102,22471,22840,23209,23578,23947,24316,24685,25054,25423,25792,26161,26530,26899,27268,27637,28006,28375,28744,29113,29482,29851,30220,30589,30958,31327,31696,32065,32434,32803,33172,33541,33910,34279,34648,35017,35386,35755,36124,36493,36862,37231,37600,37969,38338,38707,39076,39445,39814,40183,40552,40921,41290,41659,42028,42397,42766,43135,43504,43873,44242,44611,44980,45349,45718,46087,46456,46825,47194,47563,47932,48301,48670,49039,49408,49777,50146,50515,50884,51253,51622,51991,52360,52729,53098,53467,53836,54205,54574,54943,55312,55681,56050,56419,56788,57157,57526,57895,58264,58633,59002,59371,59740,60109,60478,60847,61216,61585,61954,62323,62692,63061,63430,63799,64168,64537,64906,65275,65644,66013,66382,66751,67120,67489,67858,-67934,-67565,-67196,-66827,-66458,-66089,-65720,-65351,-64982,-64613,-64244,-63875,-63506,-63137,-62768,-62399,-62030,-61661,-61292,-60923,-60554,-60185,-59816,-59447,-59078,-58709,-58340,-57971,-57602,-57233,-56864,-56495,-56126,-55757,-55388,-55019,-54650,-54281,-53912,-53543,-53174,-52805,-52436,-52067,-51698,-51329,-50960,-50591,-50222,-49853,-49484,-49115,-48746,-48377,-48008,-47639,-47270,-46901,-46532,-46163,-45794,-45425,-45056,-44687,-44318,-43949,-43580,-43211,-42842,-42473,-42104,-41735,-41366,-40997,-40628,-40259,-39890,-39521,-39152,-38783,-38414,-38045,-37676,-37307,-36938,-36569,-36200,-35831,-35462,-35093,-34724,-34355,-33986,-33617,-33248,-32879,-32510,-32141,-31772,-31403,-31034,-30665,-30296,-29927,-29558,-29189,-28820,-28451,-28082,-27713,-27344,-26975,-26606,-26237,-25868,-25499,-25130,-24761,-24392,-24023,-23654,-23285,-22916,-22547,-22178,-21809,-21440,-21071,-20702,-20333,-19964,-19595,-19226,-18857,-18488,-18119,-17750,-17381,-17012,-16643,-16274,-15905,-15536,-15167,-14798,-14429,-14060,-13691,-13322,-12953,-12584,-12215,-11846,-11477,-11108,-10739,-10370,-10001,-9632,-9263,-8894,-8525,-8156,-7787,-7418,-7049,-6680,-6311,-5942,-5573,-5204,-4835,-4466,-4097,-3728,-3359,-2990,-2621,-2252,-1883,-1514,-1145,-776,-407,-38
332,701,1070,1439,1808,2177,2546,2915,3284,3653,4022,4391,4760,5129,5498,5867,6236,6605,6974,7343,7712,8081,8450,8819,9188,9557,9926,10295,10664,11033,11402,11771,12140,12509,12878,13247,13616,13653,13985,14354,14723,15092,15461,15830,16199,16568,16937,17306,17675,18044,18413,18782,19151,19520,19889,20258,20627,20996,21365,21734,22103,22472,22841,23210,23579,23948,24317,24686,25055,25424,25793,26162,26531,26900,27269,27638,28007,28376,28745,29114,29483,29852,30221,30590,30959,31328,31697,32066,32435,32804,33173,33542,33911,34280,34649,35018,35387,35756,36125,36494,36863,37232,37601,37970,38339,38708,39077,39446,39815,40184,40553,40922,41291,41660,42029,42398,42767,43136,43505,43874,44243,44612,44981,45350,45719,46088,46457,46826,47195,47564,47933,48302,48671,49040,49409,49778,50147,50516,50885,51254,51623,51992,52361,52730,53099,53468,53837,54206,54575,54944,55313,55682,56051,56420,56789,57158,57527,57896,58265,58634,59003,59372,59741,60110,60479,60848,61217,61586,61955,62324,62693,63062,63431,63800,64169,64538,64907,65276,65645,66014,66383,66752,67121,67490,67859,-67933,-67564,-67195,-66826,-66457,-66088,-65719,-65350,-64981,-64612,-64243,-63874,-63505,-63136,-62767,-62398,-62029,-61660,-61291,-60922,-60553,-60184,-59815,-59446,-59077,-58708,-58339,-57970,-57601,-57232,-56863,-56494,-56125,-55756,-55387,-55018,-54649,-54280,-53911,-53542,-53173,-52804,-52435,-52066,-51697,-51328,-50959,-50590,-50221,-49852,-49483,-49114,-48745,-48376,-48007,-47638,-47269,-46900,-46531,-46162,-45793,-45424,-45055,-44686,-44317,-43948,-43579,-43210,-42841,-42472,-42103,-41734,-41365,-40996,-40627,-40258,-39889,-39520,-39151,-38782,-38413,-38044,-37675,-37306,-36937,-36568,-36199,-35830,-35461,-35092,-34723,-34354,-33985,-33616,-33247,-32878,-32509,-32140,-31771,-31402,-31033,-30664,-30295,-29926,-29557,-29188,-28819,-28450,-28081,-27712,-27343,-26974,-26605,-26236,-25867,-25498,-25129,-24760,-24391,-24022,-23653,-23284,-22915,-22546,-22177,-21808,-21439,-21070,-20701,-20332,-19963,-19594,-19225,-18856,-18487,-18118,-17749,-17380,-17011,-16642,-16273,-15904,-15535,-15166,-14797,-14428,-14059,-13690,-13321,-12952,-12583,-12214,-11845,-11476,-11107,-10738,-10369,-10000,-9631,-9262,-8893,-8524,-8155,-7786,-7417,-7048,-6679,-6310,-5941,-5572,-5203,-4834,-4465,-4096,-3727,-3358,-2989,-2620,-2251,-1882,-1513,-1144,-775,-406,-37
333,702,1071,1440,1809,2178,2547,2916,3285,3654,4023,4392,4761,5130,5499,5868,6237,6606,6975,7344,7713,8082,8451,8820,9189,9558,9927,10296,10665,11034,11403,11772,12141,12510,12879,13248,13284,13617,13986,14355,14724,15093,15462,15831,16200,16569,16938,17307,17676,18045,18414,18783,19152,19521,19890,20259,20628,20997,21366,21735,22104,22473,22842,23211,23580,23949,24318,24687,25056,25425,25794,26163,26532,26901,27270,27639,28008,28377,28746,29115,29484,29853,30222,30591,30960,31329,31698,32067,32436,32805,33174,33543,33912,34281,34650,35019,35388,35757,36126,36495,36864,37233,37602,37971,38340,38709,39078,39447,39816,40185,40554,40923,41292,41661,42030,42399,42768,43137,43506,43875,44244,44613,44982,45351,45720,46089,46458,46827,47196,47565,47934,48303,48672,49041,49410,49779,50148,50517,50886,51255,51624,51993,52362,52731,53100,53469,53838,54207,54576,54945,55314,55683,56052,56421,56790,57159,57528,57897,58266,58635,59004,59373,59742,60111,60480,60849,61218,61587,61956,62325,62694,63063,63432,63801,64170,64539,64908,65277,65646,66015,66384,66753,67122,67491,67860,-67932,-67563,-67194,-66825,-66456,-66087,-65718,-65349,-64980,-64611,-64242,-63873,-63504,-63135,-62766,-62397,-62028,-61659,-61290,-60921,-60552,-60183,-59814,-59445,-59076,-58707,-58338,-57969,-57600,-57231,-56862,-56493,-56124,-55755,-55386,-55017,-54648,-54279,-53910,-53541,-53172,-52803,-52434,-52065,-51696,-51327,-50958,-50589,-50220,-49851,-49482,-49113,-48744,-48375,-48006,-47637,-47268,-46899,-46530,-46161,-45792,-45423,-45054,-44685,-44316,-43947,-43578,-43209,-42840,-42471,-42102,-41733,-41364,-40995,-40626,-40257,-39888,-39519,-39150,-38781,-38412,-38043,-37674,-37305,-36936,-36567,-36198,-35829,-35460,-35091,-34722,-34353,-33984,-33615,-33246,-32877,-32508,-32139,-31770,-31401,-31032,-30663,-30294,-29925,-29556,-29187,-28818,-28449,-28080,-27711,-27342,-26973,-26604,-26235,-25866,-25497,-25128,-24759,-24390,-24021,-23652,-23283,-22914,-22545,-22176,-21807,-21438,-21069,-20700,-20331,-19962,-19593,-19224,-18855,-18486,-18117,-17748,-17379,-17010,-16641,-16272,-15903,-15534,-15165,-14796,-14427,-14058,-13689,-13320,-12951,-12582,-12213,-11844,-11475,-11106,-10737,-10368,-9999,-9630,-9261,-8892,-8523,-8154,-7785,-7416,-7047,-6678,-6309,-5940,-5571,-5202,-4833,-4464,-4095,-3726,-3357,-2988,-2619,-2250,-1881,-1512,-1143,-774,-405,-36
334,703,1072,1441,1810,2179,2548,2917,3286,3655,4024,4393,4762,5131,5500,5869,6238,6607,6976,7345,7714,8083,8452,8821,9190,9559,9928,10297,10666,11035,11404,11773,12142,12511,12880,12915,13249,13618,13987,14356,14725,15094,15463,15832,16201,16570,16939,17308,17677,18046,18415,18784,19153,19522,19891,20260,20629,20998,21367,21736,22105,22474,22843,23212,23581,23950,24319,24688,25057,25426,25795,26164,26533,26902,27271,27640,28009,28378,28747,29116,29485,29854,30223,30592,30961,31330,31699,32068,32437,32806,33175,33544,33913,34282,34651,35020,35389,35758,36127,36496,36865,37234,37603,37972,38341,38710,39079,39448,39817,40186,40555,40924,41293,41662,42031,42400,42769,43138,43507,43876,44245,44614,44983,45352,45721,46090,46459,46828,47197,47566,47935,48304,48673,49042,49411,49780,50149,50518,50887,51256,51625,51994,52363,52732,53101,53470,53839,54208,54577,54946,55315,55684,56053,56422,56791,57160,57529,57898,58267,58636,59005,59374,59743,60112,60481,60850,61219,61588,61957,62326,62695,63064,63433,63802,64171,64540,64909,65278,65647,66016,66385,66754,67123,67492,67861,-67931,-67562,-67193,-66824,-66455,-66086,-65717,-65348,-64979,-64610,-64241,-63872,-63503,-63134,-62765,-62396,-62027,-61658,-61289,-60920,-60551,-60182,-59813,-59444,-59075,-58706,-58337,-57968,-57599,-57230,-56861,-56492,-56123,-55754,-55385,-55016,-54647,-54278,-53909,-53540,-53171,-52802,-52433,-52064,-51695,-51326,-50957,-50588,-50219,-49850,-49481,-49112,-48743,-48374,-48005,-47636,-47267,-46898,-46529,-46160,-45791,-45422,-45053,-44684,-44315,-43946,-43577,-43208,-42839,-42470,-42101,-41732,-41363,-40994,-40625,-40256,-39887,-39518,-39149,-38780,-38411,-38042,-37673,-37304,-36935,-36566,-36197,-35828,-35459,-35090,-34721,-34352,-33983,-33614,-33245,-32876,-32507,-32138,-31769,-31400,-31031,-30662,-30293,-29924,-29555,-29186,-28817,-28448,-28079,-27710,-27341,-26972,-26603,-26234,-25865,-25496,-25127,-24758,-24389,-24020,-23651,-23282,-22913,-22544,-22175,-21806,-21437,-21068,-20699,-20330,-19961,-19592,-19223,-18854,-18485,-18116,-17747,-17378,-17009,-16640,-16271,-15902,-15533,-15164,-14795,-14426,-14057,-13688,-13319,-12950,-12581,-12212,-11843,-11474,-11105,-10736,-10367,-9998,-9629,-9260,-8891,-8522,-8153,-7784,-7415,-7046,-6677,-6308,-5939,-5570,-5201,-4832,-4463,-4094,-3725,-3356,-2987,-2618,-2249,-1880,-1511,-1142,-773,-404,-35
335,704,1073,1442,1811,2180,2549,2918,3287,3656,4025,4394,4763,5132,5501,5870,6239,6608,6977,7346,7715,8084,8453,8822,9191,9560,9929,10298,10667,11036,11405,11774,12143,12512,12546,12881,13250,13619,13988,14357,14726,15095,15464,15833,16202,16571,16940,17309,17678,18047,18416,18785,19154,19523,19892,20261,20630,20999,21368,21737,22106,22475,22844,23213,23582,23951,24320,24689,25058,25427,25796,26165,26534,26903,27272,27641,28010,28379,28748,29117,29486,29855,30224,30593,30962,31331,31700,32069,32438,32807,33176,33545,33914,34283,34652,35021,35390,35759,36128,36497,36866,37235,37604,37973,38342,38711,39080,39449,39818,40187,40556,40925,41294,41663,42032,42401,42770,43139,43508,43877,44246,44615,44984,45353,45722,46091,46460,46829,47198,47567,47936,48305,48674,49043,49412,49781,50150,50519,50888,51257,51626,51995,52364,52733,53102,53471,53840,54209,54578,54947,55316,55685,56054,56423,56792,57161,57530,57899,58268,58637,59006,59375,59744,60113,60482,60851,61220,61589,61958,62327,62696,63065,63434,63803,64172,64541,64910,65279,65648,66017,66386,66755,67124,67493,67862,-67930,-67561,-67192,-66823,-66454,-66085,-65716,-65347,-64978,-64609,-64240,-63871,-63502,-63133,-62764,-62395,-62026,-61657,-61288,-60919,-60550,-60181,-59812,-59443,-59074,-58705,-58336,-57967,-57598,-57229,-56860,-56491,-56122,-55753,-55384,-55015,-54646,-54277,-53908,-53539,-53170,-52801,-52432,-52063,-51694,-51325,-50956,-50587,-50218,-49849,-49480,-49111,-48742,-48373,-48004,-47635,-47266,-46897,-46528,-46159,-45790,-45421,-45052,-44683,-44314,-43945,-43576,-43207,-42838,-42469,-42100,-41731,-41362,-40993,-40624,-40255,-39886,-39517,-39148,-38779,-38410,-38041,-37672,-37303,-36934,-36565,-36196,-35827,-35458,-35089,-34720,-34351,-33982,-33613,-33244,-32875,-32506,-32137,-31768,-31399,-31030,-30661,-30292,-29923,-29554,-29185,-28816,-28447,-28078,-27709,-27340,-26971,-26602,-26233,-25864,-25495,-25126,-24757,-24388,-24019,-23650,-23281,-22912,-22543,-22174,-21805,-21436,-21067,-20698,-20329,-19960,-19591,-19222,-18853,-18484,-18115,-17746,-17377,-17008,-16639,-16270,-15901,-15532,-15163,-14794,-14425,-14056,-13687,-13318,-12949,-12580,-12211,-11842,-11473,-11104,-10735,-10366,-9997,-9628,-9259,-8890,-8521,-8152,-7783,-7414,-7045,-6676,-6307,-5938,-5569,-5200,-4831,-4462,-4093,-3724,-3355,-2986,-2617,-2248,-1879,-1510,-1141,-772,-403,-34
336,705,1074,1443,1812,2181,2550,2919,3288,3657,4026,4395,4764,5133,5502,5871,6240,6609,6978,7347,7716,8085,8454,8823,9192,9561,9930,10299,10668,11037,11406,11775,12144,12177,12513,12882,13251,13620,13989,14358,14727,15096,15465,15834,16203,16572,16941,17310,17679,18048,18417,18786,19155,19524,19893,20262,20631,21000,21369,21738,22107,22476,22845,23214,23583,23952,24321,24690,25059,25428,25797,26166,26535,26904,27273,27642,28011,28380,28749,29118,29487,29856,30225,30594,30963,31332,31701,32070,32439,32808,33177,33546,33915,34284,34653,35022,35391,35760,36129,36498,36867,37236,37605,37974,38343,38712,39081,39450,39819,40188,40557,40926,41295,41664,42033,42402,42771,43140,43509,43878,44247,44616,44985,45354,45723,46092,46461,46830,47199,47568,47937,48306,48675,49044,49413,49782,50151,50520,50889,51258,51627,51996,52365,52734,53103,53472,53841,54210,54579,54948,55317,55686,56055,56424,56793,57162,57531,57900,58269,58638,59007,59376,59745,60114,60483,60852,61221,61590,61959,62328,62697,63066,63435,63804,64173,64542,64911,65280,65649,66018,66387,66756,67125,67494,67863,-67929,-67560,-67191,-66822,-66453,-66084,-65715,-65346,-64977,-64608,-64239,-63870,-63501,-63132,-62763,-62394,-62025,-61656,-61287,-60918,-60549,-60180,-59811,-59442,-59073,-58704,-58335,-57966,-57597,-57228,-56859,-56490,-56121,-55752,-55383,-55014,-54645,-54276,-53907,-53538,-53169,-52800,-52431,-52062,-51693,-51324,-50955,-50586,-50217,-49848,-49479,-49110,-48741,-48372,-48003,-47634,-47265,-46896,-46527,-46158,-45789,-45420,-45051,-44682,-44313,-43944,-43575,-43206,-42837,-42468,-42099,-41730,-41361,-40992,-40623,-40254,-39885,-39516,-39147,-38778,-38409,-38040,-37671,-37302,-36933,-36564,-36195,-35826,-35457,-35088,-34719,-34350,-33981,-33612,-33243,-32874,-32505,-32136,-31767,-31398,-31029,-30660,-30291,-29922,-29553,-29184,-28815,-28446,-28077,-27708,-27339,-26970,-26601,-26232,-25863,-25494,-25125,-24756,-24387,-24018,-23649,-23280,-22911,-22542,-22173,-21804,-21435,-21066,-20697,-20328,-19959,-19590,-19221,-18852,-18483,-18114,-17745,-17376,-17007,-16638,-16269,-15900,-15531,-15162,-14793,-14424,-14055,-13686,-13317,-12948,-12579,-12210,-11841,-11472,-11103,-10734,-10365,-9996,-9627,-9258,-8889,-8520,-8151,-7782,-7413,-7044,-6675,-6306,-5937,-5568,-5199,-4830,-4461,-4092,-3723,-3354,-2985,-2616,-2247,-1878,-1509,-1140,-771,-402,-33
337,706,1075,1444,1813,2182,2551,2920,3289,3658,4027,4396,4765,5134,5503,5872,6241,6610,6979,7348,7717,8086,8455,8824,9193,9562,9931,10300,10669,11038,11407,11776,11808,12145,12514,12883,13252,13621,13990,14359,14728,15097,15466,15835,16204,16573,16942,17311,17680,18049,18418,18787,19156,19525,19894,20263,20632,21001,21370,21739,22108,22477,22846,23215,23584,23953,24322,24691,25060,25429,25798,26167,26536,26905,27274,27643,28012,28381,28750,29119,29488,29857,30226,30595,30964,31333,31702,32071,32440,32809,33178,33547,33916,34285,34654,35023,35392,35761,36130,36499,36868,37237,37606,37975,38344,38713,39082,39451,39820,40189,40558,40927,41296,41665,42034,42403,42772,43141,43510,43879,44248,44617,44986,45355,45724,46093,46462,46831,47200,47569,47938,48307,48676,49045,49414,49783,50152,50521,50890,51259,51628,51997,52366,52735,53104,53473,53842,54211,54580,54949,55318,55687,56056,56425,56794,57163,57532,57901,58270,58639,59008,59377,59746,60115,60484,60853,61222,61591,61960,62329,62698,63067,63436,63805,64174,64543,64912,65281,65650,66019,66388,66757,67126,67495,67864,-67928,-67559,-67190,-66821,-66452,-66083,-65714,-65345,-64976,-64607,-64238,-63869,-63500,-63131,-62762,-62393,-62024,-61655,-61286,-60917,-60548,-60179,-59810,-59441,-59072,-58703,-58334,-57965,-57596,-57227,-56858,-56489,-56120,-55751,-55382,-55013,-54644,-54275,-53906,-53537,-53168,-52799,-52430,-52061,-51692,-51323,-50954,-50585,-50216,-49847,-49478,-49109,-48740,-48371,-48002,-47633,-47264,-46895,-46526,-46157,-45788,-45419,-45050,-44681,-44312,-43943,-43574,-43205,-42836,-42467,-42098,-41729,-41360,-40991,-40622,-40253,-39884,-39515,-39146,-38777,-38408,-38039,-37670,-37301,-36932,-36563,-36194,-35825,-35456,-35087,-34718,-34349,-33980,-33611,-33242,-32873,-32504,-32135,-31766,-31397,-31028,-30659,-30290,-29921,-29552,-29183,-28814,-28445,-28076,-27707,-27338,-26969,-26600,-26231,-25862,-25493,-25124,-24755,-24386,-24017,-23648,-23279,-22910,-22541,-22172,-21803,-21434,-21065,-20696,-20327,-19958,-19589,-19220,-18851,-18482,-18113,-17744,-17375,-17006,-16637,-16268,-15899,-15530,-15161,-14792,-14423,-14054,-13685,-13316,-12947,-12578,-12209,-11840,-11471,-11102,-10733,-10364,-9995,-9626,-9257,-8888,-8519,-8150,-7781,-7412,-7043,-6674,-6305,-5936,-5567,-5198,-4829,-4460,-4091,-3722,-3353,-2984,-2615,-2246,-1877,-1508,-1139,-770,-401,-32
338,707,1076,1445,1814,2183,2552,2921,3290,3659,4028,4397,4766,5135,5504,5873,6242,6611,6980,7349,7718,8087,8456,8825,9194,9563,9932,10301,10670,11039,11408,11439,11777,12146,12515,12884,13253,13622,13991,14360,14729,15098,15467,15836,16205,16574,16943,17312,17681,18050,18419,18788,19157,19526,19895,20264,20633,21002,21371,21740,22109,22478,22847,23216,23585,23954,24323,24692,25061,25430,25799,26168,26537,26906,27275,27644,28013,28382,28751,29120,29489,29858,30227,30596,30965,31334,31703,32072,32441,32810,33179,33548,33917,34286,34655,35024,35393,35762,36131,36500,36869,37238,37607,37976,38345,38714,39083,39452,39821,40190,40559,40928,41297,41666,42035,42404,42773,43142,43511,43880,44249,44618,44987,45356,45725,46094,46463,46832,47201,47570,47939,48308,48677,49046,49415,49784,50153,50522,50891,51260,51629,51998,52367,52736,53105,53474,53843,54212,54581,54950,55319,55688,56057,56426,56795,57164,57533,57902,58271,58640,59009,59378,59747,60116,60485,60854,61223,61592,61961,62330,62699,63068,63437,63806,64175,64544,64913,65282,65651,66020,66389,66758,67127,67496,67865,-67927,-67558,-67189,-66820,-66451,-66082,-65713,-65344,-64975,-64606,-64237,-63868,-63499,-63130,-62761,-62392,-62023,-61654,-61285,-60916,-60547,-60178,-59809,-59440,-59071,-58702,-58333,-57964,-57595,-57226,-56857,-56488,-56119,-55750,-55381,-55012,-54643,-54274,-53905,-53536,-53167,-52798,-52429,-52060,-51691,-51322,-50953,-50584,-50215,-49846,-49477,-49108,-48739,-48370,-48001,-47632,-47263,-46894,-46525,-46156,-45787,-45418,-45049,-44680,-44311,-43942,-43573,-43204,-42835,-42466,-42097,-41728,-41359,-40990,-40621,-40252,-39883,-39514,-39145,-38776,-38407,-38038,-37669,-37300,-36931,-36562,-36193,-35824,-35455,-35086,-34717,-34348,-33979,-33610,-33241,-32872,-32503,-32134,-31765,-31396,-31027,-30658,-30289,-29920,-29551,-29182,-28813,-28444,-28075,-27706,-27337,-26968,-26599,-26230,-25861,-25492,-25123,-24754,-24385,-24016,-23647,-23278,-22909,-22540,-22171,-21802,-21433,-21064,-20695,-20326,-19957,-19588,-19219,-18850,-18481,-18112,-17743,-17374,-17005,-16636,-16267,-15898,-15529,-15160,-14791,-14422,-14053,-13684,-13315,-12946,-12577,-12208,-11839,-11470,-11101,-10732,-10363,-9994,-9625,-9256,-8887,-8518,-8149,-7780,-7411,-7042,-6673,-6304,-5935,-5566,-5197,-4828,-4459,-4090,-3721,-3352,-2983,-2614,-2245,-1876,-1507,-1138,-769,-400,-31
339,708,1077,1446,1815,2184,2553,2922,3291,3660,4029,4398,4767,5136,5505,5874,6243,6612,6981,7350,7719,8088,8457,8826,9195,9564,9933,10302,10671,11040,11070,11409,11778,12147,12516,12885,13254,13623,13992,14361,14730,15099,15468,15837,16206,16575,16944,17313,17682,18051,18420,18789,19158,19527,19896,20265,20634,21003,21372,21741,22110,22479,22848,23217,23586,23955,24324,24693,25062,25431,25800,26169,26538,26907,27276,27645,28014,28383,28752,29121,29490,29859,30228,30597,30966,31335,31704,32073,32442,32811,33180,33549,33918,34287,34656,35025,35394,35763,36132,36501,36870,37239,37608,37977,38346,38715,39084,39453,39822,40191,40560,40929,41298,41667,42036,42405,42774,43143,43512,43881,44250,44619,44988,45357,45726,46095,46464,46833,47202,47571,47940,48309,48678,49047,49416,49785,50154,50523,50892,51261,51630,51999,52368,52737,53106,53475,53844,54213,54582,54951,55320,55689,56058,56427,56796,57165,57534,57903,58272,58641,59010,59379,59748,60117,60486,60855,61224,61593,61962,62331,62700,63069,63438,63807,64176,64545,64914,65283,65652,66021,66390,66759,67128,67497,67866,-67926,-67557,-67188,-66819,-66450,-66081,-65712,-65343,-64974,-64605,-64236,-63867,-63498,-63129,-62760,-62391,-62022,-61653,-61284,-60915,-60546,-60177,-59808,-59439,-59070,-58701,-58332,-57963,-57594,-57225,-56856,-56487,-56118,-55749,-55380,-55011,-54642,-54273,-53904,-53535,-53166,-52797,-52428,-52059,-51690,-51321,-50952,-50583,-50214,-49845,-49476,-49107,-48738,-48369,-48000,-47631,-47262,-46893,-46524,-46155,-45786,-45417,-45048,-44679,-44310,-43941,-43572,-43203,-42834,-42465,-42096,-41727,-41358,-40989,-40620,-40251,-39882,-39513,-39144,-38775,-38406,-38037,-37668,-37299,-36930,-36561,-36192,-35823,-35454,-35085,-34716,-34347,-33978,-33609,-33240,-32871,-32502,-32133,-31764,-31395,-31026,-30657,-30288,-29919,-29550,-29181,-28812,-28443,-28074,-27705,-27336,-26967,-26598,-26229,-25860,-25491,-25122,-24753,-24384,-24015,-23646,-23277,-22908,-22539,-22170,-21801,-21432,-21063,-20694,-20325,-19956,-19587,-19218,-18849,-18480,-18111,-17742,-17373,-17004,-16635,-16266,-15897,-15528,-15159,-14790,-14421,-14052,-13683,-13314,-12945,-12576,-12207,-11838,-11469,-11100,-10731,-10362,-9993,-9624,-9255,-8886,-8517,-8148,-7779,-7410,-7041,-6672,-6303,-5934,-5565,-5196,-4827,-4458,-4089,-3720,-3351,-2982,-2613,-2244,-1875,-1506,-1137,-768,-399,-30
340,709,1078,1447,1816,2185,2554,2923,3292,3661,4030,4399,4768,5137,5506,5875,6244,6613,6982,7351,7720,8089,8458,8827,9196,9565,9934,10303,10672,10701,11041,11410,11779,12148,12517,12886,13255,13624,13993,14362,14731,15100,15469,15838,16207,16576,16945,17314,17683,18052,18421,18790,19159,19528,19897,20266,20635,21004,21373,21742,22111,22480,22849,23218,23587,23956,24325,24694,25063,25432,25801,26170,26539,26908,27277,27646,28015,28384,28753,29122,29491,29860,30229,30598,30967,31336,31705,32074,32443,32812,33181,33550,33919,34288,34657,35026,35395,35764,36133,36502,36871,37240,37609,37978,38347,38716,39085,39454,39823,40192,40561,40930,41299,41668,42037,42406,42775,43144,43513,43882,44251,44620,44989,45358,45727,46096,46465,46834,47203,47572,47941,48310,48679,49048,49417,49786,50155,50524,50893,51262,51631,52000,52369,52738,53107,53476,53845,54214,54583,54952,55321,55690,56059,56428,56797,57166,57535,57904,58273,58642,59011,59380,59749,60118,60487,60856,61225,61594,61963,62332,62701,63070,63439,63808,64177,64546,64915,65284,65653,66022,66391,66760,67129,67498,67867,-67925,-67556,-67187,-66818,-66449,-66080,-65711,-65342,-64973,-64604,-64235,-63866,-63497,-63128,-62759,-62390,-62021,-61652,-61283,-60914,-60545,-60176,-59807,-59438,-59069,-58700,-58331,-57962,-57593,-57224,-56855,-56486,-56117,-55748,-55379,-55010,-54641,-54272,-53903,-53534,-53165,-52796,-52427,-52058,-51689,-51320,-50951,-50582,-50213,-49844,-49475,-49106,-48737,-48368,-47999,-47630,-47261,-46892,-46523,-46154,-45785,-45416,-45047,-44678,-44309,-43940,-43571,-43202,-42833,-42464,-42095,-41726,-41357,-40988,-40619,-40250,-39881,-39512,-39143,-38774,-38405,-38036,-37667,-37298,-36929,-36560,-36191,-35822,-35453,-35084,-34715,-34346,-33977,-33608,-33239,-32870,-32501,-32132,-31763,-31394,-31025,-30656,-30287,-29918,-29549,-29180,-28811,-28442,-28073,-27704,-27335,-26966,-26597,-26228,-25859,-25490,-25121,-24752,-24383,-24014,-23645,-23276,-22907,-22538,-22169,-21800,-21431,-21062,-20693,-20324,-19955,-19586,-19217,-18848,-18479,-18110,-17741,-17372,-17003,-16634,-16265,-15896,-15527,-15158,-14789,-14420,-14051,-13682,-13313,-12944,-12575,-12206,-11837,-11468,-11099,-10730,-10361,-9992,-9623,-9254,-8885,-8516,-8147,-7778,-7409,-7040,-6671,-6302,-5933,-5564,-5195,-4826,-4457,-4088,-3719,-3350,-2981,-2612,-2243,-1874,-1505,-1136,-767,-398,-29
341,710,1079,1448,1817,2186,2555,2924,3293,3662,4031,4400,4769,5138,5507,5876,6245,6614,6983,7352,7721,8090,8459,8828,9197,9566,9935,10304,10332,10673,11042,11411,11780,12149,12518,12887,13256,13625,13994,14363,14732,15101,15470,15839,16208,16577,16946,17315,17684,18053,18422,18791,19160,19529,19898,20267,20636,21005,21374,21743,22112,22481,22850,23219,23588,23957,24326,24695,25064,25433,25802,26171,26540,26909,27278,27647,28016,28385,28754,29123,29492,29861,30230,30599,30968,31337,31706,32075,32444,32813,33182,33551,33920,34289,34658,35027,35396,35765,36134,36503,36872,37241,37610,37979,38348,38717,39086,39455,39824,40193,40562,40931,41300,41669,42038,42407,42776,43145,43514,43883,44252,44621,44990,45359,45728,46097,46466,46835,47204,47573,47942,48311,48680,49049,49418,49787,50156,50525,50894,51263,51632,52001,52370,52739,53108,53477,53846,54215,54584,54953,55322,55691,56060,56429,56798,57167,57536,57905,58274,58643,59012,59381,59750,60119,60488,60857,61226,61595,61964,62333,62702,63071,63440,63809,64178,64547,64916,65285,65654,66023,66392,66761,67130,67499,67868,-67924,-67555,-67186,-66817,-66448,-66079,-65710,-65341,-64972,-64603,-64234,-63865,-63496,-63127,-62758,-62389,-62020,-61651,-61282,-60913,-60544,-60175,-59806,-59437,-59068,-58699,-58330,-57961,-57592,-57223,-56854,-56485,-56116,-55747,-55378,-55009,-54640,-54271,-53902,-53533,-53164,-52795,-52426,-52057,-51688,-51319,-50950,-50581,-50212,-49843,-49474,-49105,-48736,-48367,-47998,-47629,-47260,-46891,-46522,-46153,-45784,-45415,-45046,-44677,-44308,-43939,-43570,-43201,-42832,-42463,-42094,-41725,-41356,-40987,-40618,-40249,-39880,-39511,-39142,-38773,-38404,-38035,-37666,-37297,-36928,-36559,-36190,-35821,-35452,-35083,-34714,-34345,-33976,-33607,-33238,-32869,-32500,-32131,-31762,-31393,-31024,-30655,-30286,-29917,-29548,-29179,-28810,-28441,-28072,-27703,-27334,-26965,-26596,-26227,-25858,-25489,-25120,-24751,-24382,-24013,-23644,-23275,-22906,-22537,-22168,-21799,-21430,-21061,-20692,-20323,-19954,-19585,-19216,-18847,-18478,-18109,-17740,-17371,-17002,-16633,-16264,-15895,-15526,-15157,-14788,-14419,-14050,-13681,-13312,-12943,-12574,-12205,-11836,-11467,-11098,-10729,-10360,-9991,-9622,-9253,-8884,-8515,-8146,-7777,-7408,-7039,-6670,-6301,-5932,-5563,-5194,-4825,-4456,-4087,-3718,-3349,-2980,-2611,-2242,-1873,-1504,-1135,-766,-397,-28
342,711,1080,1449,1818,2187,2556,2925,3294,3663,4032,4401,4770,5139,5508,5877,6246,6615,6984,7353,7722,8091,8460,8829,9198,9567,9936,9963,10305,10674,11043,11412,11781,12150,12519,12888,13257,13626,13995,14364,14733,15102,15471,15840,16209,16578,16947,17316,17685,18054,18423,18792,19161,19530,19899,20268,20637,21006,21375,21744,22113,22482,22851,23220,23589,23958,24327,24696,25065,25434,25803,26172,26541,26910,27279,27648,28017,28386,28755,29124,29493,29862,30231,30600,30969,31338,31707,32076,32445,32814,33183,33552,33921,34290,34659,35028,35397,35766,36135,36504,36873,37242,37611,37980,38349,38718,39087,39456,39825,40194,40563,40932,41301,41670,42039,42408,42777,43146,43515,43884,44253,44622,44991,45360,45729,46098,46467,46836,47205,47574,47943,48312,48681,49050,49419,49788,50157,50526,50895,51264,51633,52002,52371,52740,53109,53478,53847,54216,54585,54954,55323,55692,56061,56430,56799,57168,57537,57906,58275,58644,59013,59382,59751,60120,60489,60858,61227,61596,61965,62334,62703,63072,63441,63810,64179,64548,64917,65286,65655,66024,66393,66762,67131,67500,67869,-67923,-67554,-67185,-66816,-66447,-66078,-65709,-65340,-64971,-64602,-64233,-63864,-63495,-63126,-62757,-62388,-62019,-61650,-61281,-60912,-60543,-60174,-59805,-59436,-59067,-58698,-58329,-57960,-57591,-57222,-56853,-56484,-56115,-55746,-55377,-55008,-54639,-54270,-53901,-53532,-53163,-52794,-52425,-52056,-51687,-51318,-50949,-50580,-50211,-49842,-49473,-49104,-48735,-48366,-47997,-47628,-47259,-46890,-46521,-46152,-45783,-45414,-45045,-44676,-44307,-43938,-43569,-43200,-42831,-42462,-42093,-41724,-41355,-40986,-40617,-40248,-39879,-39510,-39141,-38772,-38403,-38034,-37665,-37296,-36927,-36558,-36189,-35820,-35451,-35082,-34713,-34344,-33975,-33606,-33237,-32868,-32499,-32130,-31761,-31392,-31023,-30654,-30285,-29916,-29547,-29178,-28809,-28440,-28071,-27702,-27333,-26964,-26595,-26226,-25857,-25488,-25119,-24750,-24381,-24012,-23643,-23274,-22905,-22536,-22167,-21798,-21429,-21060,-20691,-20322,-19953,-19584,-19215,-18846,-18477,-18108,-17739,-17370,-17001,-16632,-16263,-15894,-15525,-15156,-14787,-14418,-14049,-13680,-13311,-12942,-12573,-12204,-11835,-11466,-11097,-10728,-10359,-9990,-9621,-9252,-8883,-8514,-8145,-7776,-7407,-7038,-6669,-6300,-5931,-5562,-5193,-4824,-4455,-4086,-3717,-3348,-2979,-2610,-2241,-1872,-1503,-1134,-765,-396,-27
343,712,1081,1450,1819,2188,2557,2926,3295,3664,4033,4402,4771,5140,5509,5878,6247,6616,6985,7354,7723,8092,8461,8830,9199,9568,9594,9937,10306,10675,11044,11413,11782,12151,12520,12889,13258,13627,13996,14365,14734,15103,15472,15841,16210,16579,16948,17317,17686,18055,18424,18793,19162,19531,19900,20269,20638,21007,21376,21745,22114,22483,22852,23221,23590,23959,24328,24697,25066,25435,25804,26173,26542,26911,27280,27649,28018,28387,28756,29125,29494,29863,30232,30601,30970,31339,31708,32077,32446,32815,33184,33553,33922,34291,34660,35029,35398,35767,36136,36505,36874,37243,37612,37981,38350,38719,39088,39457,39826,40195,40564,40933,41302,41671,42040,42409,42778,43147,43516,43885,44254,44623,44992,45361,45730,46099,46468,46837,47206,47575,47944,48313,48682,49051,49420,49789,50158,50527,50896,51265,51634,52003,52372,52741,53110,53479,53848,54217,54586,54955,55324,55693,56062,56431,56800,57169,57538,57907,58276,58645,59014,59383,59752,60121,60490,60859,61228,61597,61966,62335,62704,63073,63442,63811,64180,64549,64918,65287,65656,66025,66394,66763,67132,67501,67870,-67922,-67553,-67184,-66815,-66446,-66077,-65708,-65339,-64970,-64601,-64232,-63863,-63494,-63125,-62756,-62387,-62018,-61649,-61280,-60911,-60542,-60173,-59804,-59435,-59066,-58697,-58328,-57959,-57590,-57221,-56852,-56483,-56114,-55745,-55376,-55007,-54638,-54269,-53900,-53531,-53162,-52793,-52424,-52055,-51686,-51317,-50948,-50579,-50210,-49841,-49472,-49103,-48734,-48365,-47996,-47627,-47258,-46889,-46520,-46151,-45782,-45413,-45044,-44675,-44306,-43937,-43568,-43199,-42830,-42461,-42092,-41723,-41354,-40985,-40616,-40247,-39878,-39509,-39140,-38771,-38402,-38033,-37664,-37295,-36926,-36557,-36188,-35819,-35450,-35081,-34712,-34343,-33974,-33605,-33236,-32867,-32498,-32129,-31760,-31391,-31022,-30653,-30284,-29915,-29546,-29177,-28808,-28439,-28070,-27701,-27332,-26963,-26594,-26225,-25856,-25487,-25118,-24749,-24380,-24011,-23642,-23273,-22904,-22535,-22166,-21797,-21428,-21059,-20690,-20321,-19952,-19583,-19214,-18845,-18476,-18107,-17738,-17369,-17000,-16631,-16262,-15893,-15524,-15155,-14786,-14417,-14048,-13679,-13310,-12941,-12572,-12203,-11834,-11465,-11096,-10727,-10358,-9989,-9620,-9251,-8882,-8513,-8144,-7775,-7406,-7037,-6668,-6299,-5930,-5561,-5192,-4823,-4454,-4085,-3716,-3347,-2978,-2609,-2240,-1871,-1502,-1133,-764,-395,-26
344,713,1082,1451,1820,2189,2558,2927,3296,3665,4034,4403,4772,5141,5510,5879,6248,6617,6986,7355,7724,8093,8462,8831,9200,9225,9569,9938,10307,10676,11045,11414,11783,12152,12521,12890,13259,13628,13997,14366,14735,15104,15473,15842,16211,16580,16949,17318,17687,18056,18425,18794,19163,19532,19901,20270,20639,21008,21377,21746,22115,22484,22853,23222,23591,23960,24329,24698,25067,25436,25805,26174,26543,26912,27281,27650,28019,28388,28757,29126,29495,29864,30233,30602,30971,31340,31709,32078,32447,32816,33185,33554,33923,34292,34661,35030,35399,35768,36137,36506,36875,37244,37613,37982,38351,38720,39089,39458,39827,40196,40565,40934,41303,41672,42041,42410,42779,43148,43517,43886,44255,44624,44993,45362,45731,46100,46469,46838,47207,47576,47945,48314,48683,49052,49421,49790,50159,50528,50897,51266,51635,52004,52373,52742,53111,53480,53849,54218,54587,54956,55325,55694,56063,56432,56801,57170,57539,57908,58277,58646,59015,59384,59753,60122,60491,60860,61229,61598,61967,62336,62705,63074,63443,63812,64181,64550,64919,65288,65657,66026,66395,66764,67133,67502,67871,-67921,-67552,-67183,-66814,-66445,-66076,-65707,-65338,-64969,-64600,-64231,-63862,-63493,-63124,-62755,-62386,-62017,-61648,-61279,-60910,-60541,-60172,-59803,-59434,-59065,-58696,-58327,-57958,-57589,-57220,-56851,-56482,-56113,-55744,-55375,-55006,-54637,-54268,-53899,-53530,-53161,-52792,-52423,-52054,-51685,-51316,-50947,-50578,-50209,-49840,-49471,-49102,-48733,-48364,-47995,-47626,-47257,-46888,-46519,-46150,-45781,-45412,-45043,-44674,-44305,-43936,-43567,-43198,-42829,-42460,-42091,-41722,-41353,-40984,-40615,-40246,-39877,-39508,-39139,-38770,-38401,-38032,-37663,-37294,-36925,-36556,-36187,-35818,-35449,-35080,-34711,-34342,-33973,-33604,-33235,-32866,-32497,-32128,-31759,-31390,-31021,-30652,-30283,-29914,-29545,-29176,-28807,-28438,-28069,-27700,-27331,-26962,-26593,-26224,-25855,-25486,-25117,-24748,-24379,-24010,-23641,-23272,-22903,-22534,-22165,-21796,-21427,-21058,-20689,-20320,-19951,-19582,-19213,-18844,-18475,-18106,-17737,-17368,-16999,-16630,-16261,-15892,-15523,-15154,-14785,-14416,-14047,-13678,-13309,-12940,-12571,-12202,-11833,-11464,-11095,-10726,-10357,-9988,-9619,-9250,-8881,-8512,-8143,-7774,-7405,-7036,-6667,-6298,-5929,-5560,-5191,-4822,-4453,-4084,-3715,-3346,-2977,-2608,-2239,-1870,-1501,-1132,-763,-394,-25
345,714,1083,1452,1821,2190,2559,2928,3297,3666,4035,4404,4773,5142,5511,5880,6249,6618,6987,7356,7725,8094,8463,8832,8856,9201,9570,9939,10308,10677,11046,11415,11784,12153,12522,12891,13260,13629,13998,14367,14736,15105,15474,15843,16212,16581,16950,17319,17688,18057,18426,18795,19164,19533,19902,20271,20640,21009,21378,21747,22116,22485,22854,23223,23592,23961,24330,24699,25068,25437,25806,26175,26544,26913,27282,27651,28020,28389,28758,29127,29496,29865,30234,30603,30972,31341,31710,32079,32448,32817,33186,33555,33924,34293,34662,35031,35400,35769,36138,36507,36876,37245,37614,37983,38352,38721,39090,39459,39828,40197,40566,40935,41304,41673,42042,42411,42780,43149,43518,43887,44256,44625,44994,45363,45732,46101,46470,46839,47208,47577,47946,48315,48684,49053,49422,49791,50160,50529,50898,51267,51636,52005,52374,52743,53112,53481,53850,54219,54588,54957,55326,55695,56064,56433,56802,57171,57540,57909,58278,58647,59016,59385,59754,60123,60492,60861,61230,61599,61968,62337,62706,63075,63444,63813,64182,64551,64920,65289,65658,66027,66396,66765,67134,67503,67872,-67920,-67551,-67182,-66813,-66444,-66075,-65706,-65337,-64968,-64599,-64230,-63861,-63492,-63123,-62754,-62385,-62016,-61647,-61278,-60909,-60540,-60171,-59802,-59433,-59064,-58695,-58326,-57957,-57588,-57219,-56850,-56481,-56112,-55743,-55374,-55005,-54636,-54267,-53898,-53529,-53160,-52791,-52422,-52053,-51684,-51315,-50946,-50577,-50208,-49839,-49470,-49101,-48732,-48363,-47994,-47625,-47256,-46887,-46518,-46149,-45780,-45411,-45042,-44673,-44304,-43935,-43566,-43197,-42828,-42459,-42090,-41721,-41352,-40983,-40614,-40245,-39876,-39507,-39138,-38769,-38400,-38031,-37662,-37293,-36924,-36555,-36186,-35817,-35448,-35079,-34710,-34341,-33972,-33603,-33234,-32865,-32496,-32127,-31758,-31389,-31020,-30651,-30282,-29913,-29544,-29175,-28806,-28437,-28068,-27699,-27330,-26961,-26592,-26223,-25854,-25485,-25116,-24747,-24378,-24009,-23640,-23271,-22902,-22533,-22164,-21795,-21426,-21057,-20688,-20319,-19950,-19581,-19212,-18843,-18474,-18105,-17736,-17367,-16998,-16629,-16260,-15891,-15522,-15153,-14784,-14415,-14046,-13677,-13308,-12939,-12570,-12201,-11832,-11463,-11094,-10725,-10356,-9987,-9618,-9249,-8880,-8511,-8142,-7773,-7404,-7035,-6666,-6297,-5928,-5559,-5190,-4821,-4452,-4083,-3714,-3345,-2976,-2607,-2238,-1869,-1500,-1131,-762,-393,-24
346,715,1084,1453,1822,2191,2560,2929,3298,3667,4036,4405,4774,5143,5512,5881,6250,6619,6988,7357,7726,8095,8464,8487,8833,9202,9571,9940,10309,10678,11047,11416,11785,12154,12523,12892,13261,13630,13999,14368,14737,15106,15475,15844,16213,16582,16951,17320,17689,18058,18427,18796,19165,19534,19903,20272,20641,21010,21379,21748,22117,22486,22855,23224,23593,23962,24331,24700,25069,25438,25807,26176,26545,26914,27283,27652,28021,28390,28759,29128,29497,29866,30235,30604,30973,31342,31711,32080,32449,32818,33187,33556,33925,34294,34663,35032,35401,35770,36139,36508,36877,37246,37615,37984,38353,38722,39091,39460,39829,40198,40567,40936,41305,41674,42043,42412,42781,43150,43519,43888,44257,44626,44995,45364,45733,46102,46471,46840,47209,47578,47947,48316,48685,49054,49423,49792,50161,50530,50899,51268,51637,52006,52375,52744,53113,53482,53851,54220,54589,54958,55327,55696,56065,56434,56803,57172,57541,57910,58279,58648,59017,59386,59755,60124,60493,60862,61231,61600,61969,62338,62707,63076,63445,63814,64183,64552,64921,65290,65659,66028,66397,66766,67135,67504,67873,-67919,-67550,-67181,-66812,-66443,-66074,-65705,-65336,-64967,-64598,-64229,-63860,-63491,-63122,-62753,-62384,-62015,-61646,-61277,-60908,-60539,-60170,-59801,-59432,-59063,-58694,-58325,-57956,-57587,-57218,-56849,-56480,-56111,-55742,-55373,-55004,-54635,-54266,-53897,-53528,-53159,-52790,-52421,-52052,-51683,-51314,-50945,-50576,-50207,-49838,-49469,-49100,-48731,-48362,-47993,-47624,-47255,-46886,-46517,-46148,-45779,-45410,-45041,-44672,-44303,-43934,-43565,-43196,-42827,-42458,-42089,-41720,-41351,-40982,-40613,-40244,-39875,-39506,-39137,-38768,-38399,-38030,-37661,-37292,-36923,-36554,-36185,-35816,-35447,-35078,-34709,-34340,-33971,-33602,-33233,-32864,-32495,-32126,-31757,-31388,-31019,-30650,-30281,-29912,-29543,-29174,-28805,-28436,-28067,-27698,-27329,-26960,-26591,-26222,-25853,-25484,-25115,-24746,-24377,-24008,-23639,-23270,-22901,-22532,-22163,-21794,-21425,-21056,-20687,-20318,-19949,-19580,-19211,-18842,-18473,-18104,-17735,-17366,-16997,-16628,-16259,-15890,-15521,-15152,-14783,-14414,-14045,-13676,-13307,-12938,-12569,-12200,-11831,-11462,-11093,-10724,-10355,-9986,-9617,-9248,-8879,-8510,-8141,-7772,-7403,-7034,-6665,-6296,-5927,-5558,-5189,-4820,-4451,-4082,-3713,-3344,-2975,-2606,-2237,-1868,-1499,-1130,-761,-392,-23
347,716,1085,1454,1823,2192,2561,2930,3299,3668,4037,4406,4775,5144,5513,5882,6251,6620,6989,7358,7727,8096,8118,8465,8834,9203,9572,9941,10310,10679,11048,11417,11786,12155,12524,12893,13262,13631,14000,14369,14738,15107,15476,15845,16214,16583,16952,17321,17690,18059,18428,18797,19166,19535,19904,20273,20642,21011,21380,21749,22118,22487,22856,23225,23594,23963,24332,24701,25070,25439,25808,26177,26546,26915,27284,27653,28022,28391,28760,29129,29498,29867,30236,30605,30974,31343,31712,32081,32450,32819,33188,33557,33926,34295,34664,35033,35402,35771,36140,36509,36878,37247,37616,37985,38354,38723,39092,39461,39830,40199,40568,40937,41306,41675,42044,42413,42782,43151,43520,43889,44258,44627,44996,45365,45734,46103,46472,46841,47210,47579,47948,48317,48686,49055,49424,49793,50162,50531,50900,51269,51638,52007,52376,52745,53114,53483,53852,54221,54590,54959,55328,55697,56066,56435,56804,57173,57542,57911,58280,58649,59018,59387,59756,60125,60494,60863,61232,61601,61970,62339,62708,63077,63446,63815,64184,64553,64922,65291,65660,66029,66398,66767,67136,67505,67874,-67918,-67549,-67180,-66811,-66442,-66073,-65704,-65335,-64966,-64597,-64228,-63859,-63490,-63121,-62752,-62383,-62014,-61645,-61276,-60907,-60538,-60169,-59800,-59431,-59062,-58693,-58324,-57955,-57586,-57217,-56848,-56479,-56110,-55741,-55372,-55003,-54634,-54265,-53896,-53527,-53158,-52789,-52420,-52051,-51682,-51313,-50944,-50575,-50206,-49837,-49468,-49099,-48730,-48361,-47992,-47623,-47254,-46885,-46516,-46147,-45778,-45409,-45040,-44671,-44302,-43933,-43564,-43195,-42826,-42457,-42088,-41719,-41350,-40981,-40612,-40243,-39874,-39505,-39136,-38767,-38398,-38029,-37660,-37291,-36922,-36553,-36184,-35815,-35446,-35077,-34708,-34339,-33970,-33601,-33232,-32863,-32494,-32125,-31756,-31387,-31018,-30649,-30280,-29911,-29542,-29173,-28804,-28435,-28066,-27697,-27328,-26959,-26590,-26221,-25852,-25483,-25114,-24745,-24376,-24007,-23638,-23269,-22900,-22531,-22162,-21793,-21424,-21055,-20686,-20317,-19948,-19579,-19210,-18841,-18472,-18103,-17734,-17365,-16996,-16627,-16258,-15889,-15520,-15151,-14782,-14413,-14044,-13675,-13306,-12937,-12568,-12199,-11830,-11461,-11092,-10723,-10354,-9985,-9616,-9247,-8878,-8509,-8140,-7771,-7402,-7033,-6664,-6295,-5926,-5557,-5188,-4819,-4450,-4081,-3712,-3343,-2974,-2605,-2236,-1867,-1498,-1129,-760,-391,-22
348,717,1086,1455,1824,2193,2562,2931,3300,3669,4038,4407,4776,5145,5514,5883,6252,6621,6990,7359,7728,7749,8097,8466,8835,9204,9573,9942,10311,10680,11049,11418,11787,12156,12525,12894,13263,13632,14001,14370,14739,15108,15477,15846,16215,16584,16953,17322,17691,18060,18429,18798,19167,19536,19905,20274,20643,21012,21381,21750,22119,22488,22857,23226,23595,23964,24333,24702,25071,25440,25809,26178,26547,26916,27285,27654,28023,28392,28761,29130,29499,29868,30237,30606,30975,31344,31713,32082,32451,32820,33189,33558,33927,34296,34665,35034,35403,35772,36141,36510,36879,37248,37617,37986,38355,38724,39093,39462,39831,40200,40569,40938,41307,41676,42045,42414,42783,43152,43521,43890,44259,44628,44997,45366,45735,46104,46473,46842,47211,47580,47949,48318,48687,49056,49425,49794,50163,50532,50901,51270,51639,52008,52377,52746,53115,53484,53853,54222,54591,54960,55329,55698,56067,56436,56805,57174,57543,57912,58281,58650,59019,59388,59757,60126,60495,60864,61233,61602,61971,62340,62709,63078,63447,63816,64185,64554,64923,65292,65661,66030,66399,66768,67137,67506,67875,-67917,-67548,-67179,-66810,-66441,-66072,-65703,-65334,-64965,-64596,-64227,-63858,-63489,-63120,-62751,-62382,-62013,-61644,-61275,-60906,-60537,-60168,-59799,-59430,-59061,-58692,-58323,-57954,-57585,-57216,-56847,-56478,-56109,-55740,-55371,-55002,-54633,-54264,-53895,-53526,-53157,-52788,-52419,-52050,-51681,-51312,-50943,-50574,-50205,-49836,-49467,-49098,-48729,-48360,-47991,-47622,-47253,-46884,-46515,-46146,-45777,-45408,-45039,-44670,-44301,-43932,-43563,-43194,-42825,-42456,-42087,-41718,-41349,-40980,-40611,-40242,-39873,-39504,-39135,-38766,-38397,-38028,-37659,-37290,-36921,-36552,-36183,-35814,-35445,-35076,-34707,-34338,-33969,-33600,-33231,-32862,-32493,-32124,-31755,-31386,-31017,-30648,-30279,-29910,-29541,-29172,-28803,-28434,-28065,-27696,-27327,-26958,-26589,-26220,-25851,-25482,-25113,-24744,-24375,-24006,-23637,-23268,-22899,-22530,-22161,-21792,-21423,-21054,-20685,-20316,-19947,-19578,-19209,-18840,-18471,-18102,-17733,-17364,-16995,-16626,-16257,-15888,-15519,-15150,-14781,-14412,-14043,-13674,-13305,-12936,-12567,-12198,-11829,-11460,-11091,-10722,-10353,-9984,-9615,-9246,-8877,-8508,-8139,-7770,-7401,-7032,-6663,-6294,-5925,-5556,-5187,-4818,-4449,-4080,-3711,-3342,-2973,-2604,-2235,-1866,-1497,-1128,-759,-390,-21
349,718,1087,1456,1825,2194,2563,2932,3301,3670,4039,4408,4777,5146,5515,5884,6253,6622,6991,7360,7380,7729,8098,8467,8836,9205,9574,9943,10312,10681,11050,11419,11788,12157,12526,12895,13264,13633,14002,14371,14740,15109,15478,15847,16216,16585,16954,17323,17692,18061,18430,18799,19168,19537,19906,20275,20644,21013,21382,21751,22120,22489,22858,23227,23596,23965,24334,24703,25072,25441,25810,26179,26548,26917,27286,27655,28024,28393,28762,29131,29500,29869,30238,30607,30976,31345,31714,32083,32452,32821,33190,33559,33928,34297,34666,35035,35404,35773,36142,36511,36880,37249,37618,37987,38356,38725,39094,39463,39832,40201,40570,40939,41308,41677,42046,42415,42784,43153,43522,43891,44260,44629,44998,45367,45736,46105,46474,46843,47212,47581,47950,48319,48688,49057,49426,49795,50164,50533,50902,51271,51640,52009,52378,52747,53116,53485,53854,54223,54592,54961,55330,55699,56068,56437,56806,57175,57544,57913,58282,58651,59020,59389,59758,60127,60496,60865,61234,61603,61972,62341,62710,63079,63448,63817,64186,64555,64924,65293,65662,66031,66400,66769,67138,67507,67876,-67916,-67547,-67178,-66809,-66440,-66071,-65702,-65333,-64964,-64595,-64226,-63857,-63488,-63119,-62750,-62381,-62012,-61643,-61274,-60905,-60536,-60167,-59798,-59429,-59060,-58691,-58322,-57953,-57584,-57215,-56846,-56477,-56108,-55739,-55370,-55001,-54632,-54263,-53894,-53525,-53156,-52787,-52418,-52049,-51680,-51311,-50942,-50573,-50204,-49835,-49466,-49097,-48728,-48359,-47990,-47621,-47252,-46883,-46514,-46145,-45776,-45407,-45038,-44669,-44300,-43931,-43562,-43193,-42824,-42455,-42086,-41717,-41348,-40979,-40610,-40241,-39872,-39503,-39134,-38765,-38396,-38027,-37658,-37289,-36920,-36551,-36182,-35813,-35444,-35075,-34706,-34337,-33968,-33599,-33230,-32861,-32492,-32123,-31754,-31385,-31016,-30647,-30278,-29909,-29540,-29171,-28802,-28433,-28064,-27695,-27326,-26957,-26588,-26219,-25850,-25481,-25112,-24743,-24374,-24005,-23636,-23267,-22898,-22529,-22160,-21791,-21422,-21053,-20684,-20315,-19946,-19577,-19208,-18839,-18470,-18101,-17732,-17363,-16994,-16625,-16256,-15887,-15518,-15149,-14780,-14411,-14042,-13673,-13304,-12935,-12566,-12197,-11828,-11459,-11090,-10721,-10352,-9983,-9614,-9245,-8876,-8507,-8138,-7769,-7400,-7031,-6662,-6293,-5924,-5555,-5186,-4817,-4448,-4079,-3710,-3341,-2972,-2603,-2234,-1865,-1496,-1127,-758,-389,-20
350,719,1088,1457,1826,2195,2564,2933,3302,3671,4040,4409,4778,5147,5516,5885,6254,6623,6992,7011,7361,7730,8099,8468,8837,9206,9575,9944,10313,10682,11051,11420,11789,12158,12527,12896,13265,13634,14003,14372,14741,15110,15479,15848,16217,16586,16955,17324,17693,18062,18431,18800,19169,19538,19907,20276,20645,21014,21383,21752,22121,22490,22859,23228,23597,23966,24335,24704,25073,25442,25811,26180,26549,26918,27287,27656,28025,28394,28763,29132,29501,29870,30239,30608,30977,31346,31715,32084,32453,32822,33191,33560,33929,34298,34667,35036,35405,35774,36143,36512,36881,37250,37619,37988,38357,38726,39095,39464,39833,40202,40571,40940,41309,41678,42047,42416,42785,43154,43523,43892,44261,44630,44999,45368,45737,46106,46475,46844,47213,47582,47951,48320,48689,49058,49427,49796,50165,50534,50903,51272,51641,52010,52379,52748,53117,53486,53855,54224,54593,54962,55331,55700,56069,56438,56807,57176,57545,57914,58283,58652,59021,59390,59759,60128,60497,60866,61235,61604,61973,62342,62711,63080,63449,63818,64187,64556,64925,65294,65663,66032,66401,66770,67139,67508,67877,-67915,-67546,-67177,-66808,-66439,-66070,-65701,-65332,-64963,-64594,-64225,-63856,-63487,-63118,-62749,-62380,-62011,-61642,-61273,-60904,-60535,-60166,-59797,-59428,-59059,-58690,-58321,-57952,-57583,-57214,-56845,-56476,-56107,-55738,-55369,-55000,-54631,-54262,-53893,-53524,-53155,-52786,-52417,-52048,-51679,-51310,-50941,-50572,-50203,-49834,-49465,-49096,-48727,-48358,-47989,-47620,-47251,-46882,-46513,-46144,-45775,-45406,-45037,-44668,-44299,-43930,-43561,-43192,-42823,-42454,-42085,-41716,-41347,-40978,-40609,-40240,-39871,-39502,-39133,-38764,-38395,-38026,-37657,-37288,-36919,-36550,-36181,-35812,-35443,-35074,-34705,-34336,-33967,-33598,-33229,-32860,-32491,-32122,-31753,-31384,-31015,-30646,-30277,-29908,-29539,-29170,-28801,-28432,-28063,-27694,-27325,-26956,-26587,-26218,-25849,-25480,-25111,-24742,-24373,-24004,-23635,-23266,-22897,-22528,-22159,-21790,-21421,-21052,-20683,-20314,-19945,-19576,-19207,-18838,-18469,-18100,-17731,-17362,-16993,-16624,-16255,-15886,-15517,-15148,-14779,-14410,-14041,-13672,-13303,-12934,-12565,-12196,-11827,-11458,-11089,-10720,-10351,-9982,-9613,-9244,-8875,-8506,-8137,-7768,-7399,-7030,-6661,-6292,-5923,-5554,-5185,-4816,-4447,-4078,-3709,-3340,-2971,-2602,-2233,-1864,-1495,-1126,-757,-388,-19
351,720,1089,1458,1827,2196,2565,2934,3303,3672,4041,4410,4779,5148,5517,5886,6255,6624,6642,6993,7362,7731,8100,8469,8838,9207,9576,9945,10314,10683,11052,11421,11790,12159,12528,12897,13266,13635,14004,14373,14742,15111,15480,15849,16218,16587,16956,17325,17694,18063,18432,18801,19170,19539,19908,20277,20646,21015,21384,21753,22122,22491,22860,23229,23598,23967,24336,24705,25074,25443,25812,26181,26550,26919,27288,27657,28026,28395,28764,29133,29502,29871,30240,30609,30978,31347,31716,32085,32454,32823,33192,33561,33930,34299,34668,35037,35406,35775,36144,36513,36882,37251,37620,37989,38358,38727,39096,39465,39834,40203,40572,40941,41310,41679,42048,42417,42786,43155,43524,43893,44262,44631,45000,45369,45738,46107,46476,46845,47214,47583,47952,48321,48690,49059,49428,49797,50166,50535,50904,51273,51642,52011,52380,52749,53118,53487,53856,54225,54594,54963,55332,55701,56070,56439,56808,57177,57546,57915,58284,58653,59022,59391,59760,60129,60498,60867,61236,61605,61974,62343,62712,63081,63450,63819,64188,64557,64926,65295,65664,66033,66402,66771,67140,67509,67878,-67914,-67545,-67176,-66807,-66438,-66069,-65700,-65331,-64962,-64593,-64224,-63855,-63486,-63117,-62748,-62379,-62010,-61641,-61272,-60903,-60534,-60165,-59796,-59427,-59058,-58689,-58320,-57951,-57582,-57213,-56844,-56475,-56106,-55737,-55368,-54999,-54630,-54261,-53892,-53523,-53154,-52785,-52416,-52047,-51678,-51309,-50940,-50571,-50202,-49833,-49464,-49095,-48726,-48357,-47988,-47619,-47250,-46881,-46512,-46143,-45774,-45405,-45036,-44667,-44298,-43929,-43560,-43191,-42822,-42453,-42084,-41715,-41346,-40977,-40608,-40239,-39870,-39501,-39132,-38763,-38394,-38025,-37656,-37287,-36918,-36549,-36180,-35811,-35442,-35073,-34704,-34335,-33966,-33597,-33228,-32859,-32490,-32121,-31752,-31383,-31014,-30645,-30276,-29907,-29538,-29169,-28800,-28431,-28062,-27693,-27324,-26955,-26586,-26217,-25848,-25479,-25110,-24741,-24372,-24003,-23634,-23265,-22896,-22527,-22158,-21789,-21420,-21051,-20682,-20313,-19944,-19575,-19206,-18837,-18468,-18099,-17730,-17361,-16992,-16623,-16254,-15885,-15516,-15147,-14778,-14409,-14040,-13671,-13302,-12933,-12564,-12195,-11826,-11457,-11088,-10719,-10350,-9981,-9612,-9243,-8874,-8505,-8136,-7767,-7398,-7029,-6660,-6291,-5922,-5553,-5184,-4815,-4446,-4077,-3708,-3339,-2970,-2601,-2232,-1863,-1494,-1125,-756,-387,-18
352,721,1090,1459,1828,2197,2566,2935,3304,3673,4042,4411,4780,5149,5518,5887,6256,6273,6625,6994,7363,7732,8101,8470,8839,9208,9577,9946,10315,10684,11053,11422,11791,12160,12529,12898,13267,13636,14005,14374,14743,15112,15481,15850,16219,16588,16957,17326,17695,18064,18433,18802,19171,19540,19909,20278,20647,21016,21385,21754,22123,22492,22861,23230,23599,23968,24337,24706,25075,25444,25813,26182,26551,26920,27289,27658,28027,28396,28765,29134,29503,29872,30241,30610,30979,31348,31717,32086,32455,32824,33193,33562,33931,34300,34669,35038,35407,35776,36145,36514,36883,37252,37621,37990,38359,38728,39097,39466,39835,40204,40573,40942,41311,41680,42049,42418,42787,43156,43525,43894,44263,44632,45001,45370,45739,46108,46477,46846,47215,47584,47953,48322,48691,49060,49429,49798,50167,50536,50905,51274,51643,52012,52381,52750,53119,53488,53857,54226,54595,54964,55333,55702,56071,56440,56809,57178,57547,57916,58285,58654,59023,59392,59761,60130,60499,60868,61237,61606,61975,62344,62713,63082,63451,63820,64189,64558,64927,65296,65665,66034,66403,66772,67141,67510,67879,-67913,-67544,-67175,-66806,-66437,-66068,-65699,-65330,-64961,-64592,-64223,-63854,-63485,-63116,-62747,-62378,-62009,-61640,-61271,-60902,-60533,-60164,-59795,-59426,-59057,-58688,-58319,-57950,-57581,-57212,-56843,-56474,-56105,-55736,-55367,-54998,-54629,-54260,-53891,-53522,-53153,-52784,-52415,-52046,-51677,-51308,-50939,-50570,-50201,-49832,-49463,-49094,-48725,-48356,-47987,-47618,-47249,-46880,-46511,-46142,-45773,-45404,-45035,-44666,-44297,-43928,-43559,-43190,-42821,-42452,-42083,-41714,-41345,-40976,-40607,-40238,-39869,-39500,-39131,-38762,-38393,-38024,-37655,-37286,-36917,-36548,-36179,-35810,-35441,-35072,-34703,-34334,-33965,-33596,-33227,-32858,-32489,-32120,-31751,-31382,-31013,-30644,-30275,-29906,-29537,-29168,-28799,-28430,-28061,-27692,-27323,-26954,-26585,-26216,-25847,-25478,-25109,-24740,-24371,-24002,-23633,-23264,-22895,-22526,-22157,-21788,-21419,-21050,-20681,-20312,-19943,-19574,-19205,-18836,-18467,-18098,-17729,-17360,-16991,-16622,-16253,-15884,-15515,-15146,-14777,-14408,-14039,-13670,-13301,-12932,-12563,-12194,-11825,-11456,-11087,-10718,-10349,-9980,-9611,-9242,-8873,-8504,-8135,-7766,-7397,-7028,-6659,-6290,-5921,-5552,-5183,-4814,-4445,-4076,-3707,-3338,-2969,-2600,-2231,-1862,-1493,-1124,-755,-386,-17
353,722,1091,1460,1829,2198,2567,2936,3305,3674,4043,4412,4781,5150,5519,5888,5904,6257,6626,6995,7364,7733,8102,8471,8840,9209,9578,9947,10316,10685,11054,11423,11792,12161,12530,12899,13268,13637,14006,14375,14744,15113,15482,15851,16220,16589,16958,17327,17696,18065,18434,18803,19172,19541,19910,20279,20648,21017,21386,21755,22124,22493,22862,23231,23600,23969,24338,24707,25076,25445,25814,26183,26552,26921,27290,27659,28028,28397,28766,29135,29504,29873,30242,30611,30980,31349,31718,32087,32456,32825,33194,33563,33932,34301,34670,35039,35408,35777,36146,36515,36884,37253,37622,37991,38360,38729,39098,39467,39836,40205,40574,40943,41312,41681,42050,42419,42788,43157,43526,43895,44264,44633,45002,45371,45740,46109,46478,46847,47216,47585,47954,48323,48692,49061,49430,49799,50168,50537,50906,51275,51644,52013,52382,52751,53120,53489,53858,54227,54596,54965,55334,55703,56072,56441,56810,57179,57548,57917,58286,58655,59024,59393,59762,60131,60500,60869,61238,61607,61976,62345,62714,63083,63452,63821,64190,64559,64928,65297,65666,66035,66404,66773,67142,67511,67880,-67912,-67543,-67174,-66805,-66436,-66067,-65698,-65329,-64960,-64591,-64222,-63853,-63484,-63115,-62746,-62377,-62008,-61639,-61270,-60901,-60532,-60163,-59794,-59425,-59056,-58687,-58318,-57949,-57580,-57211,-56842,-56473,-56104,-55735,-55366,-54997,-54628,-54259,-53890,-53521,-53152,-52783,-52414,-52045,-51676,-51307,-50938,-50569,-50200,-49831,-49462,-49093,-48724,-48355,-47986,-47617,-47248,-46879,-46510,-46141,-45772,-45403,-45034,-44665,-44296,-43927,-43558,-43189,-42820,-42451,-42082,-41713,-41344,-40975,-40606,-40237,-39868,-39499,-39130,-38761,-38392,-38023,-37654,-37285,-36916,-36547,-36178,-35809,-35440,-35071,-34702,-34333,-33964,-33595,-33226,-32857,-32488,-32119,-31750,-31381,-31012,-30643,-30274,-29905,-29536,-29167,-28798,-28429,-28060,-27691,-27322,-26953,-26584,-26215,-25846,-25477,-25108,-24739,-24370,-24001,-23632,-23263,-22894,-22525,-22156,-21787,-21418,-21049,-20680,-20311,-19942,-19573,-19204,-18835,-18466,-18097,-17728,-17359,-16990,-16621,-16252,-15883,-15514,-15145,-14776,-14407,-14038,-13669,-13300,-12931,-12562,-12193,-11824,-11455,-11086,-10717,-10348,-9979,-9610,-9241,-8872,-8503,-8134,-7765,-7396,-7027,-6658,-6289,-5920,-5551,-5182,-4813,-4444,-4075,-3706,-3337,-2968,-2599,-2230,-1861,-1492,-1123,-754,-385,-16
354,723,1092,1461,1830,2199,2568,2937,3306,3675,4044,4413,4782,5151,5520,5535,5889,6258,6627,6996,7365,7734,8103,8472,8841,9210,9579,9948,10317,10686,11055,11424,11793,12162,12531,12900,13269,13638,14007,14376,14745,15114,15483,15852,16221,16590,16959,17328,17697,18066,18435,18804,19173,19542,19911,20280,20649,21018,21387,21756,22125,22494,22863,23232,23601,23970,24339,24708,25077,25446,25815,26184,26553,26922,27291,27660,28029,28398,28767,29136,29505,29874,30243,30612,30981,31350,31719,32088,32457,32826,33195,33564,33933,34302,34671,35040,35409,35778,36147,36516,36885,37254,37623,37992,38361,38730,39099,39468,39837,40206,40575,40944,41313,41682,42051,42420,42789,43158,43527,43896,44265,44634,45003,45372,45741,46110,46479,46848,47217,47586,47955,48324,48693,49062,49431,49800,50169,50538,50907,51276,51645,52014,52383,52752,53121,53490,53859,54228,54597,54966,55335,55704,56073,56442,56811,57180,57549,57918,58287,58656,59025,59394,59763,60132,60501,60870,61239,61608,61977,62346,62715,63084,63453,63822,64191,64560,64929,65298,65667,66036,66405,66774,67143,67512,67881,-67911,-67542,-67173,-66804,-66435,-66066,-65697,-65328,-64959,-64590,-64221,-63852,-63483,-63114,-62745,-62376,-62007,-61638,-61269,-60900,-60531,-60162,-59793,-59424,-59055,-58686,-58317,-57948,-57579,-57210,-56841,-56472,-56103,-55734,-55365,-54996,-54627,-54258,-53889,-53520,-53151,-52782,-52413,-52044,-51675,-51306,-50937,-50568,-50199,-49830,-49461,-49092,-48723,-48354,-47985,-47616,-47247,-46878,-46509,-46140,-45771,-45402,-45033,-44664,-44295,-43926,-43557,-43188,-42819,-42450,-42081,-41712,-41343,-40974,-40605,-40236,-39867,-39498,-39129,-38760,-38391,-38022,-37653,-37284,-36915,-36546,-36177,-35808,-35439,-35070,-34701,-34332,-33963,-33594,-33225,-32856,-32487,-32118,-31749,-31380,-31011,-30642,-30273,-29904,-29535,-29166,-28797,-28428,-28059,-27690,-27321,-26952,-26583,-26214,-25845,-25476,-25107,-24738,-24369,-24000,-23631,-23262,-22893,-22524,-22155,-21786,-21417,-21048,-20679,-20310,-19941,-19572,-19203,-18834,-18465,-18096,-17727,-17358,-16989,-16620,-16251,-15882,-15513,-15144,-14775,-14406,-14037,-13668,-13299,-12930,-12561,-12192,-11823,-11454,-11085,-10716,-10347,-9978,-9609,-9240,-8871,-8502,-8133,-7764,-7395,-7026,-6657,-6288,-5919,-5550,-5181,-4812,-4443,-4074,-3705,-3336,-2967,-2598,-2229,-1860,-1491,-1122,-753,-384,-15
355,724,1093,1462,1831,2200,2569,2938,3307,3676,4045,4414,4783,5152,5166,5521,5890,6259,6628,6997,7366,7735,8104,8473,8842,9211,9580,9949,10318,10687,11056,11425,11794,12163,12532,12901,13270,13639,14008,14377,14746,15115,15484,15853,16222,16591,16960,17329,17698,18067,18436,18805,19174,19543,19912,20281,20650,21019,21388,21757,22126,22495,22864,23233,23602,23971,24340,24709,25078,25447,25816,26185,26554,26923,27292,27661,28030,28399,28768,29137,29506,29875,30244,30613,30982,31351,31720,32089,32458,32827,33196,33565,33934,34303,34672,35041,35410,35779,36148,36517,36886,37255,37624,37993,38362,38731,39100,39469,39838,40207,40576,40945,41314,41683,42052,42421,42790,43159,43528,43897,44266,44635,45004,45373,45742,46111,46480,46849,47218,47587,47956,48325,48694,49063,49432,49801,50170,50539,50908,51277,51646,52015,52384,52753,53122,53491,53860,54229,54598,54967,55336,55705,56074,56443,56812,57181,57550,57919,58288,58657,59026,59395,59764,60133,60502,60871,61240,61609,61978,62347,62716,63085,63454,63823,64192,64561,64930,65299,65668,66037,66406,66775,67144,67513,67882,-67910,-67541,-67172,-66803,-66434,-66065,-65696,-65327,-64958,-64589,-64220,-63851,-63482,-63113,-62744,-62375,-62006,-61637,-61268,-60899,-60530,-60161,-59792,-59423,-59054,-58685,-58316,-57947,-57578,-57209,-56840,-56471,-56102,-55733,-55364,-54995,-54626,-54257,-53888,-53519,-53150,-52781,-52412,-52043,-51674,-51305,-50936,-50567,-50198,-49829,-49460,-49091,-48722,-48353,-47984,-47615,-47246,-46877,-46508,-46139,-45770,-45401,-45032,-44663,-44294,-43925,-43556,-43187,-42818,-42449,-42080,-41711,-41342,-40973,-40604,-40235,-39866,-39497,-39128,-38759,-38390,-38021,-37652,-37283,-36914,-36545,-36176,-35807,-35438,-35069,-34700,-34331,-33962,-33593,-33224,-32855,-32486,-32117,-31748,-31379,-31010,-30641,-30272,-29903,-29534,-29165,-28796,-28427,-28058,-27689,-27320,-26951,-26582,-26213,-25844,-25475,-25106,-24737,-24368,-23999,-23630,-23261,-22892,-22523,-22154,-21785,-21416,-21047,-20678,-20309,-19940,-19571,-19202,-18833,-18464,-18095,-17726,-17357,-16988,-16619,-16250,-15881,-15512,-15143,-14774,-14405,-14036,-13667,-13298,-12929,-12560,-12191,-11822,-11453,-11084,-10715,-10346,-9977,-9608,-9239,-8870,-8501,-8132,-7763,-7394,-7025,-6656,-6287,-5918,-5549,-5180,-4811,-4442,-4073,-3704,-3335,-2966,-2597,-2228,-1859,-1490,-1121,-752,-383,-14
356,725,1094,1463,1832,2201,2570,2939,3308,3677,4046,4415,4784,4797,5153,5522,5891,6260,6629,6998,7367,7736,8105,8474,8843,9212,9581,9950,10319,10688,11057,11426,11795,12164,12533,12902,13271,13640,14009,14378,14747,15116,15485,15854,16223,16592,16961,17330,17699,18068,18437,18806,19175,19544,19913,20282,20651,21020,21389,21758,22127,22496,22865,23234,23603,23972,24341,24710,25079,25448,25817,26186,26555,26924,27293,27662,28031,28400,28769,29138,29507,29876,30245,30614,30983,31352,31721,32090,32459,32828,33197,33566,33935,34304,34673,35042,35411,35780,36149,36518,36887,37256,37625,37994,38363,38732,39101,39470,39839,40208,40577,40946,41315,41684,42053,42422,42791,43160,43529,43898,44267,44636,45005,45374,45743,46112,46481,46850,47219,47588,47957,48326,48695,49064,49433,49802,50171,50540,50909,51278,51647,52016,52385,52754,53123,53492,53861,54230,54599,54968,55337,55706,56075,56444,56813,57182,57551,57920,58289,58658,59027,59396,59765,60134,60503,60872,61241,61610,61979,62348,62717,63086,63455,63824,64193,64562,64931,65300,65669,66038,66407,66776,67145,67514,67883,-67909,-67540,-67171,-66802,-66433,-66064,-65695,-65326,-64957,-64588,-64219,-63850,-63481,-63112,-62743,-62374,-62005,-61636,-61267,-60898,-60529,-60160,-59791,-59422,-59053,-58684,-58315,-57946,-57577,-57208,-56839,-56470,-56101,-55732,-55363,-54994,-54625,-54256,-53887,-53518,-53149,-52780,-52411,-52042,-51673,-51304,-50935,-50566,-50197,-49828,-49459,-49090,-48721,-48352,-47983,-47614,-47245,-46876,-46507,-46138,-45769,-45400,-45031,-44662,-44293,-43924,-43555,-43186,-42817,-42448,-42079,-41710,-41341,-40972,-40603,-40234,-39865,-39496,-39127,-38758,-38389,-38020,-37651,-37282,-36913,-36544,-36175,-35806,-35437,-35068,-34699,-34330,-33961,-33592,-33223,-32854,-32485,-32116,-31747,-31378,-31009,-30640,-30271,-29902,-29533,-29164,-28795,-28426,-28057,-27688,-27319,-26950,-26581,-26212,-25843,-25474,-25105,-24736,-24367,-23998,-23629,-23260,-22891,-22522,-22153,-21784,-21415,-21046,-20677,-20308,-19939,-19570,-19201,-18832,-18463,-18094,-17725,-17356,-16987,-16618,-16249,-15880,-15511,-15142,-14773,-14404,-14035,-13666,-13297,-12928,-12559,-12190,-11821,-11452,-11083,-10714,-10345,-9976,-9607,-9238,-8869,-8500,-8131,-7762,-7393,-7024,-6655,-6286,-5917,-5548,-5179,-4810,-4441,-4072,-3703,-3334,-2965,-2596,-2227,-1858,-1489,-1120,-751,-382,-13
357,726,1095,1464,1833,2202,2571,2940,3309,3678,4047,4416,4428,4785,5154,5523,5892,6261,6630,6999,7368,7737,8106,8475,8844,9213,9582,9951,10320,10689,11058,11427,11796,12165,12534,12903,13272,13641,14010,14379,14748,15117,15486,15855,16224,16593,16962,17331,17700,18069,18438,18807,19176,19545,19914,20283,20652,21021,21390,21759,22128,22497,22866,23235,23604,23973,24342,24711,25080,25449,25818,26187,26556,26925,27294,27663,28032,28401,28770,29139,29508,29877,30246,30615,30984,31353,31722,32091,32460,32829,33198,33567,33936,34305,34674,35043,35412,35781,36150,36519,36888,37257,37626,37995,38364,38733,39102,39471,39840,40209,40578,40947,41316,41685,42054,42423,42792,43161,43530,43899,44268,44637,45006,45375,45744,46113,46482,46851,47220,47589,47958,48327,48696,49065,49434,49803,50172,50541,50910,51279,51648,52017,52386,52755,53124,53493,53862,54231,54600,54969,55338,55707,56076,56445,56814,57183,57552,57921,58290,58659,59028,59397,59766,60135,60504,60873,61242,61611,61980,62349,62718,63087,63456,63825,64194,64563,64932,65301,65670,66039,66408,66777,67146,67515,67884,-67908,-67539,-67170,-66801,-66432,-66063,-65694,-65325,-64956,-64587,-64218,-63849,-63480,-63111,-62742,-62373,-62004,-61635,-61266,-60897,-60528,-60159,-59790,-59421,-59052,-58683,-58314,-57945,-57576,-57207,-56838,-56469,-56100,-55731,-55362,-54993,-54624,-54255,-53886,-53517,-53148,-52779,-52410,-52041,-51672,-51303,-50934,-50565,-50196,-49827,-49458,-49089,-48720,-48351,-47982,-47613,-47244,-46875,-46506,-46137,-45768,-45399,-45030,-44661,-44292,-43923,-43554,-43185,-42816,-42447,-42078,-41709,-41340,-40971,-40602,-40233,-39864,-39495,-39126,-38757,-38388,-38019,-37650,-37281,-36912,-36543,-36174,-35805,-35436,-35067,-34698,-34329,-33960,-33591,-33222,-32853,-32484,-32115,-31746,-31377,-31008,-30639,-30270,-29901,-29532,-29163,-28794,-28425,-28056,-27687,-27318,-26949,-26580,-26211,-25842,-25473,-25104,-24735,-24366,-23997,-23628,-23259,-22890,-22521,-22152,-21783,-21414,-21045,-20676,-20307,-19938,-19569,-19200,-18831,-18462,-18093,-17724,-17355,-16986,-16617,-16248,-15879,-15510,-15141,-14772,-14403,-14034,-13665,-13296,-12927,-12558,-12189,-11820,-11451,-11082,-10713,-10344,-9975,-9606,-9237,-8868,-8499,-8130,-7761,-7392,-7023,-6654,-6285,-5916,-5547,-5178,-4809,-4440,-4071,-3702,-3333,-2964,-2595,-2226,-1857,-1488,-1119,-750,-381,-12
358,727,1096,1465,1834,2203,2572,2941,3310,3679,4048,4059,4417,4786,5155,5524,5893,6262,6631,7000,7369,7738,8107,8476,8845,9214,9583,9952,10321,10690,11059,11428,11797,12166,12535,12904,13273,13642,14011,14380,14749,15118,15487,15856,16225,16594,16963,17332,17701,18070,18439,18808,19177,19546,19915,20284,20653,21022,21391,21760,22129,22498,22867,23236,23605,23974,24343,24712,25081,25450,25819,26188,26557,26926,27295,27664,28033,28402,28771,29140,29509,29878,30247,30616,30985,31354,31723,32092,32461,32830,33199,33568,33937,34306,34675,35044,35413,35782,36151,36520,36889,37258,37627,37996,38365,38734,39103,39472,39841,40210,40579,40948,41317,41686,42055,42424,42793,43162,43531,43900,44269,44638,45007,45376,45745,46114,46483,46852,47221,47590,47959,48328,48697,49066,49435,49804,50173,50542,50911,51280,51649,52018,52387,52756,53125,53494,53863,54232,54601,54970,55339,55708,56077,56446,56815,57184,57553,57922,58291,58660,59029,59398,59767,60136,60505,60874,61243,61612,61981,62350,62719,63088,63457,63826,64195,64564,64933,65302,65671,66040,66409,66778,67147,67516,67885,-67907,-67538,-67169,-66800,-66431,-66062,-65693,-65324,-64955,-64586,-64217,-63848,-63479,-63110,-62741,-62372,-62003,-61634,-61265,-60896,-60527,-60158,-59789,-59420,-59051,-58682,-58313,-57944,-57575,-57206,-56837,-56468,-56099,-55730,-55361,-54992,-54623,-54254,-53885,-53516,-53147,-52778,-52409,-52040,-51671,-51302,-50933,-50564,-50195,-49826,-49457,-49088,-48719,-48350,-47981,-47612,-47243,-46874,-46505,-46136,-45767,-45398,-45029,-44660,-44291,-43922,-43553,-43184,-42815,-42446,-42077,-41708,-41339,-40970,-40601,-40232,-39863,-39494,-39125,-38756,-38387,-38018,-37649,-37280,-36911,-36542,-36173,-35804,-35435,-35066,-34697,-34328,-33959,-33590,-33221,-32852,-32483,-32114,-31745,-31376,-31007,-30638,-30269,-29900,-29531,-29162,-28793,-28424,-28055,-27686,-27317,-26948,-26579,-26210,-25841,-25472,-25103,-24734,-24365,-23996,-23627,-23258,-22889,-22520,-22151,-21782,-21413,-21044,-20675,-20306,-19937,-19568,-19199,-18830,-18461,-18092,-17723,-17354,-16985,-16616,-16247,-15878,-15509,-15140,-14771,-14402,-14033,-13664,-13295,-12926,-12557,-12188,-11819,-11450,-11081,-10712,-10343,-9974,-9605,-9236,-8867,-8498,-8129,-7760,-7391,-7022,-6653,-6284,-5915,-5546,-5177,-4808,-4439,-4070,-3701,-3332,-2963,-2594,-2225,-1856,-1487,-1118,-749,-380,-11
359,728,1097,1466,1835,2204,2573,2942,3311,3680,3690,4049,4418,4787,5156,5525,5894,6263,6632,7001,7370,7739,8108,8477,8846,9215,9584,9953,10322,10691,11060,11429,11798,12167,12536,12905,13274,13643,14012,14381,14750,15119,15488,15857,16226,16595,16964,17333,17702,18071,18440,18809,19178,19547,19916,20285,20654,21023,21392,21761,22130,22499,22868,23237,23606,23975,24344,24713,25082,25451,25820,26189,26558,26927,27296,27665,28034,28403,28772,29141,29510,29879,30248,30617,30986,31355,31724,32093,32462,32831,33200,33569,33938,34307,34676,35045,35414,35783,36152,36521,36890,37259,37628,37997,38366,38735,39104,39473,39842,40211,40580,40949,41318,41687,42056,42425,42794,43163,43532,43901,44270,44639,45008,45377,45746,46115,46484,46853,47222,47591,47960,48329,48698,49067,49436,49805,50174,50543,50912,51281,51650,52019,52388,52757,53126,53495,53864,54233,54602,54971,55340,55709,56078,56447,56816,57185,57554,57923,58292,58661,59030,59399,59768,60137,60506,60875,61244,61613,61982,62351,62720,63089,63458,63827,64196,64565,64934,65303,65672,66041,66410,66779,67148,67517,67886,-67906,-67537,-67168,-66799,-66430,-66061,-65692,-65323,-64954,-64585,-64216,-63847,-63478,-63109,-62740,-62371,-62002,-61633,-61264,-60895,-60526,-60157,-59788,-59419,-59050,-58681,-58312,-57943,-57574,-57205,-56836,-56467,-56098,-55729,-55360,-54991,-54622,-54253,-53884,-53515,-53146,-52777,-52408,-52039,-51670,-51301,-50932,-50563,-50194,-49825,-49456,-49087,-48718,-48349,-47980,-47611,-47242,-46873,-46504,-46135,-45766,-45397,-45028,-44659,-44290,-43921,-43552,-43183,-42814,-42445,-42076,-41707,-41338,-40969,-40600,-40231,-39862,-39493,-39124,-38755,-38386,-38017,-37648,-37279,-36910,-36541,-36172,-35803,-35434,-35065,-34696,-34327,-33958,-33589,-33220,-32851,-32482,-32113,-31744,-31375,-31006,-30637,-30268,-29899,-29530,-29161,-28792,-28423,-28054,-27685,-27316,-26947,-26578,-26209,-25840,-25471,-25102,-24733,-24364,-23995,-23626,-23257,-22888,-22519,-22150,-21781,-21412,-21043,-20674,-20305,-19936,-19567,-19198,-18829,-18460,-18091,-17722,-17353,-16984,-16615,-16246,-15877,-15508,-15139,-14770,-14401,-14032,-13663,-13294,-12925,-12556,-12187,-11818,-11449,-11080,-10711,-10342,-9973,-9604,-9235,-8866,-8497,-8128,-7759,-7390,-7021,-6652,-6283,-5914,-5545,-5176,-4807,-4438,-4069,-3700,-3331,-2962,-2593,-2224,-1855,-1486,-1117,-748,-379,-10
360,729,1098,1467,1836,2205,2574,2943,3312,3321,3681,4050,4419,4788,5157,5526,5895,6264,6633,7002,7371,7740,8109,8478,8847,9216,9585,9954,10323,10692,11061,11430,11799,12168,12537,12906,13275,13644,14013,14382,14751,15120,15489,15858,16227,16596,16965,17334,17703,18072,18441,18810,19179,19548,19917,20286,20655,21024,21393,21762,22131,22500,22869,23238,23607,23976,24345,24714,25083,25452,25821,26190,26559,26928,27297,27666,28035,28404,28773,29142,29511,29880,30249,30618,30987,31356,31725,32094,32463,32832,33201,33570,33939,34308,34677,35046,35415,35784,36153,36522,36891,37260,37629,37998,38367,38736,39105,39474,39843,40212,40581,40950,41319,41688,42057,42426,42795,43164,43533,43902,44271,44640,45009,45378,45747,46116,46485,46854,47223,47592,47961,48330,48699,49068,49437,49806,50175,50544,50913,51282,51651,52020,52389,52758,53127,53496,53865,54234,54603,54972,55341,55710,56079,56448,56817,57186,57555,57924,58293,58662,59031,59400,59769,60138,60507,60876,61245,61614,61983,62352,62721,63090,63459,63828,64197,64566,64935,65304,65673,66042,66411,66780,67149,67518,67887,-67905,-67536,-67167,-66798,-66429,-66060,-65691,-65322,-64953,-64584,-64215,-63846,-63477,-63108,-62739,-62370,-62001,-61632,-61263,-60894,-60525,-60156,-59787,-59418,-59049,-58680,-58311,-57942,-57573,-57204,-56835,-56466,-56097,-55728,-55359,-54990,-54621,-54252,-53883,-53514,-53145,-52776,-52407,-52038,-51669,-51300,-50931,-50562,-50193,-49824,-49455,-49086,-48717,-48348,-47979,-47610,-47241,-46872,-46503,-46134,-45765,-45396,-45027,-44658,-44289,-43920,-43551,-43182,-42813,-42444,-42075,-41706,-41337,-40968,-40599,-40230,-39861,-39492,-39123,-38754,-38385,-38016,-37647,-37278,-36909,-36540,-36171,-35802,-35433,-35064,-34695,-34326,-33957,-33588,-33219,-32850,-32481,-32112,-31743,-31374,-31005,-30636,-30267,-29898,-29529,-29160,-28791,-28422,-28053,-27684,-27315,-26946,-26577,-26208,-25839,-25470,-25101,-24732,-24363,-23994,-23625,-23256,-22887,-22518,-22149,-21780,-21411,-21042,-20673,-20304,-19935,-19566,-19197,-18828,-18459,-18090,-17721,-17352,-16983,-16614,-16245,-15876,-15507,-15138,-14769,-14400,-14031,-13662,-13293,-12924,-12555,-12186,-11817,-11448,-11079,-10710,-10341,-9972,-9603,-9234,-8865,-8496,-8127,-7758,-7389,-7020,-6651,-6282,-5913,-5544,-5175,-4806,-4437,-4068,-3699,-3330,-2961,-2592,-2223,-1854,-1485,-1116,-747,-378,-9
361,730,1099,1468,1837,2206,2575,2944,2952,3313,3682,4051,4420,4789,5158,5527,5896,6265,6634,7003,7372,7741,8110,8479,8848,9217,9586,9955,10324,10693,11062,11431,11800,12169,12538,12907,13276,13645,14014,14383,14752,15121,15490,15859,16228,16597,16966,17335,17704,18073,18442,18811,19180,19549,19918,20287,20656,21025,21394,21763,22132,22501,22870,23239,23608,23977,24346,24715,25084,25453,25822,26191,26560,26929,27298,27667,28036,28405,28774,29143,29512,29881,30250,30619,30988,31357,31726,32095,32464,32833,33202,33571,33940,34309,34678,35047,35416,35785,36154,36523,36892,37261,37630,37999,38368,38737,39106,39475,39844,40213,40582,40951,41320,41689,42058,42427,42796,43165,43534,43903,44272,44641,45010,45379,45748,46117,46486,46855,47224,47593,47962,48331,48700,49069,49438,49807,50176,50545,50914,51283,51652,52021,52390,52759,53128,53497,53866,54235,54604,54973,55342,55711,56080,56449,56818,57187,57556,57925,58294,58663,59032,59401,59770,60139,60508,60877,61246,61615,61984,62353,62722,63091,63460,63829,64198,64567,64936,65305,65674,66043,66412,66781,67150,67519,67888,-67904,-67535,-67166,-66797,-66428,-66059,-65690,-65321,-64952,-64583,-64214,-63845,-63476,-63107,-62738,-62369,-62000,-61631,-61262,-60893,-60524,-60155,-59786,-59417,-59048,-58679,-58310,-57941,-57572,-57203,-56834,-56465,-56096,-55727,-55358,-54989,-54620,-54251,-53882,-53513,-53144,-52775,-52406,-52037,-51668,-51299,-50930,-50561,-50192,-49823,-49454,-49085,-48716,-48347,-47978,-47609,-47240,-46871,-46502,-46133,-45764,-45395,-45026,-44657,-44288,-43919,-43550,-43181,-42812,-42443,-42074,-41705,-41336,-40967,-40598,-40229,-39860,-39491,-39122,-38753,-38384,-38015,-37646,-37277,-36908,-36539,-36170,-35801,-35432,-35063,-34694,-34325,-33956,-33587,-33218,-32849,-32480,-32111,-31742,-31373,-31004,-30635,-30266,-29897,-29528,-29159,-28790,-28421,-28052,-27683,-27314,-26945,-26576,-26207,-25838,-25469,-25100,-24731,-24362,-23993,-23624,-23255,-22886,-22517,-22148,-21779,-21410,-21041,-20672,-20303,-19934,-19565,-19196,-18827,-18458,-18089,-17720,-17351,-16982,-16613,-16244,-15875,-15506,-15137,-14768,-14399,-14030,-13661,-13292,-12923,-12554,-12185,-11816,-11447,-11078,-10709,-10340,-9971,-9602,-9233,-8864,-8495,-8126,-7757,-7388,-7019,-6650,-6281,-5912,-5543,-5174,-4805,-4436,-4067,-3698,-3329,-2960,-2591,-2222,-1853,-1484,-1115,-746,-377,-8
362,731,1100,1469,1838,2207,2576,2583,2945,3314,3683,4052,4421,4790,5159,5528,5897,6266,6635,7004,7373,7742,8111,8480,8849,9218,9587,9956,10325,10694,11063,11432,11801,12170,12539,12908,13277,13646,14015,14384,14753,15122,15491,15860,16229,16598,16967,17336,17705,18074,18443,18812,19181,19550,19919,20288,20657,21026,21395,21764,22133,22502,22871,23240,23609,23978,24347,24716,25085,25454,25823,26192,26561,26930,27299,27668,28037,28406,28775,29144,29513,29882,30251,30620,30989,31358,31727,32096,32465,32834,33203,33572,33941,34310,34679,35048,35417,35786,36155,36524,36893,37262,37631,38000,38369,38738,39107,39476,39845,40214,40583,40952,41321,41690,42059,42428,42797,43166,43535,43904,44273,44642,45011,45380,45749,46118,46487,46856,47225,47594,47963,48332,48701,49070,49439,49808,50177,50546,50915,51284,51653,52022,52391,52760,53129,53498,53867,54236,54605,54974,55343,55712,56081,56450,56819,57188,57557,57926,58295,58664,59033,59402,59771,60140,60509,60878,61247,61616,61985,62354,62723,63092,63461,63830,64199,64568,64937,65306,65675,66044,66413,66782,67151,67520,67889,-67903,-67534,-67165,-66796,-66427,-66058,-65689,-65320,-64951,-64582,-64213,-63844,-63475,-63106,-62737,-62368,-61999,-61630,-61261,-60892,-60523,-60154,-59785,-59416,-59047,-58678,-58309,-57940,-57571,-57202,-56833,-56464,-56095,-55726,-55357,-54988,-54619,-54250,-53881,-53512,-53143,-52774,-52405,-52036,-51667,-51298,-50929,-50560,-50191,-49822,-49453,-49084,-48715,-48346,-47977,-47608,-47239,-46870,-46501,-46132,-45763,-45394,-45025,-44656,-44287,-43918,-43549,-43180,-42811,-42442,-42073,-41704,-41335,-40966,-40597,-40228,-39859,-39490,-39121,-38752,-38383,-38014,-37645,-37276,-36907,-36538,-36169,-35800,-35431,-35062,-34693,-34324,-33955,-33586,-33217,-32848,-32479,-32110,-31741,-31372,-31003,-30634,-30265,-29896,-29527,-29158,-28789,-28420,-28051,-27682,-27313,-26944,-26575,-26206,-25837,-25468,-25099,-24730,-24361,-23992,-23623,-23254,-22885,-22516,-22147,-21778,-21409,-21040,-20671,-20302,-19933,-19564,-19195,-18826,-18457,-18088,-17719,-17350,-16981,-16612,-16243,-15874,-15505,-15136,-14767,-14398,-14029,-13660,-13291,-12922,-12553,-12184,-11815,-11446,-11077,-10708,-10339,-9970,-9601,-9232,-8863,-8494,-8125,-7756,-7387,-7018,-6649,-6280,-5911,-5542,-5173,-4804,-4435,-4066,-3697,-3328,-2959,-2590,-2221,-1852,-1483,-1114,-745,-376,-7
363,732,1101,1470,1839,2208,2214,2577,2946,3315,3684,4053,4422,4791,5160,5529,5898,6267,6636,7005,7374,7743,8112,8481,8850,9219,9588,9957,10326,10695,11064,11433,11802,12171,12540,12909,13278,13647,14016,14385,14754,15123,15492,15861,16230,16599,16968,17337,17706,18075,18444,18813,19182,19551,19920,20289,20658,21027,21396,21765,22134,22503,22872,23241,23610,23979,24348,24717,25086,25455,25824,26193,26562,26931,27300,27669,28038,28407,28776,29145,29514,29883,30252,30621,30990,31359,31728,32097,32466,32835,33204,33573,33942,34311,34680,35049,35418,35787,36156,36525,36894,37263,37632,38001,38370,38739,39108,39477,39846,40215,40584,40953,41322,41691,42060,42429,42798,43167,43536,43905,44274,44643,45012,45381,45750,46119,46488,46857,47226,47595,47964,48333,48702,49071,49440,49809,50178,50547,50916,51285,51654,52023,52392,52761,53130,53499,53868,54237,54606,54975,55344,55713,56082,56451,56820,57189,57558,57927,58296,58665,59034,59403,59772,60141,60510,60879,61248,61617,61986,62355,62724,63093,63462,63831,64200,64569,64938,65307,65676,66045,66414,66783,67152,67521,67890,-67902,-67533,-67164,-66795,-66426,-66057,-65688,-65319,-64950,-64581,-64212,-63843,-63474,-63105,-62736,-62367,-61998,-61629,-61260,-60891,-60522,-60153,-59784,-59415,-59046,-58677,-58308,-57939,-57570,-57201,-56832,-56463,-56094,-55725,-55356,-54987,-54618,-54249,-53880,-53511,-53142,-52773,-52404,-52035,-51666,-51297,-50928,-50559,-50190,-49821,-49452,-49083,-48714,-48345,-47976,-47607,-47238,-46869,-46500,-46131,-45762,-45393,-45024,-44655,-44286,-43917,-43548,-43179,-42810,-42441,-42072,-41703,-41334,-40965,-40596,-40227,-39858,-39489,-39120,-38751,-38382,-38013,-37644,-37275,-36906,-36537,-36168,-35799,-35430,-35061,-34692,-34323,-33954,-33585,-33216,-32847,-32478,-32109,-31740,-31371,-31002,-30633,-30264,-29895,-29526,-29157,-28788,-28419,-28050,-27681,-27312,-26943,-26574,-26205,-25836,-25467,-25098,-24729,-24360,-23991,-23622,-23253,-22884,-22515,-22146,-21777,-21408,-21039,-20670,-20301,-19932,-19563,-19194,-18825,-18456,-18087,-17718,-17349,-16980,-16611,-16242,-15873,-15504,-15135,-14766,-14397,-14028,-13659,-13290,-12921,-12552,-12183,-11814,-11445,-11076,-10707,-10338,-9969,-9600,-9231,-8862,-8493,-8124,-7755,-7386,-7017,-6648,-6279,-5910,-5541,-5172,-4803,-4434,-4065,-3696,-3327,-2958,-2589,-2220,-1851,-1482,-1113,-744,-375,-6
364,733,1102,1471,1840,1845,2209,2578,2947,3316,3685,4054,4423,4792,5161,5530,5899,6268,6637,7006,7375,7744,8113,8482,8851,9220,9589,9958,10327,10696,11065,11434,11803,12172,12541,12910,13279,13648,14017,14386,14755,15124,15493,15862,16231,16600,16969,17338,17707,18076,18445,18814,19183,19552,19921,20290,20659,21028,21397,21766,22135,22504,22873,23242,23611,23980,24349,24718,25087,25456,25825,26194,26563,26932,27301,27670,28039,28408,28777,29146,29515,29884,30253,30622,30991,31360,31729,32098,32467,32836,33205,33574,33943,34312,34681,35050,35419,35788,36157,36526,36895,37264,37633,38002,38371,38740,39109,39478,39847,40216,40585,40954,41323,41692,42061,42430,42799,43168,43537,43906,44275,44644,45013,45382,45751,46120,46489,46858,47227,47596,47965,48334,48703,49072,49441,49810,50179,50548,50917,51286,51655,52024,52393,52762,53131,53500,53869,54238,54607,54976,55345,55714,56083,56452,56821,57190,57559,57928,58297,58666,59035,59404,59773,60142,60511,60880,61249,61618,61987,62356,62725,63094,63463,63832,64201,64570,64939,65308,65677,66046,66415,66784,67153,67522,67891,-67901,-67532,-67163,-66794,-66425,-66056,-65687,-65318,-64949,-64580,-64211,-63842,-63473,-63104,-62735,-62366,-61997,-61628,-61259,-60890,-60521,-60152,-59783,-59414,-59045,-58676,-58307,-57938,-57569,-57200,-56831,-56462,-56093,-55724,-55355,-54986,-54617,-54248,-53879,-53510,-53141,-52772,-52403,-52034,-51665,-51296,-50927,-50558,-50189,-49820,-49451,-49082,-48713,-48344,-47975,-47606,-47237,-46868,-46499,-46130,-45761,-45392,-45023,-44654,-44285,-43916,-43547,-43178,-42809,-42440,-42071,-41702,-41333,-40964,-40595,-40226,-39857,-39488,-39119,-38750,-38381,-38012,-37643,-37274,-36905,-36536,-36167,-35798,-35429,-35060,-34691,-34322,-33953,-33584,-33215,-32846,-32477,-32108,-31739,-31370,-31001,-30632,-30263,-29894,-29525,-29156,-28787,-28418,-28049,-27680,-27311,-26942,-26573,-26204,-25835,-25466,-25097,-24728,-24359,-23990,-23621,-23252,-22883,-22514,-22145,-21776,-21407,-21038,-20669,-20300,-19931,-19562,-19193,-18824,-18455,-18086,-17717,-17348,-16979,-16610,-16241,-15872,-15503,-15134,-14765,-14396,-14027,-13658,-13289,-12920,-12551,-12182,-11813,-11444,-11075,-10706,-10337,-9968,-9599,-9230,-8861,-8492,-8123,-7754,-7385,-7016,-6647,-6278,-5909,-5540,-5171,-4802,-4433,-4064,-3695,-3326,-2957,-2588,-2219,-1850,-1481,-1112,-743,-374,-5
365,734,1103,1472,1476,1841,2210,2579,2948,3317,3686,4055,4424,4793,5162,5531,5900,6269,6638,7007,7376,7745,8114,8483,8852,9221,9590,9959,10328,10697,11066,11435,11804,12173,12542,12911,13280,13649,14018,14387,14756,15125,15494,15863,16232,16601,16970,17339,17708,18077,18446,18815,19184,19553,19922,20291,20660,21029,21398,21767,22136,22505,22874,23243,23612,23981,24350,24719,25088,25457,25826,26195,26564,26933,27302,27671,28040,28409,28778,29147,29516,29885,30254,30623,30992,31361,31730,32099,32468,32837,33206,33575,33944,34313,34682,35051,35420,35789,36158,36527,36896,37265,37634,38003,38372,38741,39110,39479,39848,40217,40586,40955,41324,41693,42062,42431,42800,43169,43538,43907,44276,44645,45014,45383,45752,46121,46490,46859,47228,47597,47966,48335,48704,49073,49442,49811,50180,50549,50918,51287,51656,52025,52394,52763,53132,53501,53870,54239,54608,54977,55346,55715,56084,56453,56822,57191,57560,57929,58298,58667,59036,59405,59774,60143,60512,60881,61250,61619,61988,62357,62726,63095,63464,63833,64202,64571,64940,65309,65678,66047,66416,66785,67154,67523,67892,-67900,-67531,-67162,-66793,-66424,-66055,-65686,-65317,-64948,-64579,-64210,-63841,-63472,-63103,-62734,-62365,-61996,-61627,-61258,-60889,-60520,-60151,-59782,-59413,-59044,-58675,-58306,-57937,-57568,-57199,-56830,-56461,-56092,-55723,-55354,-54985,-54616,-54247,-53878,-53509,-53140,-52771,-52402,-52033,-51664,-51295,-50926,-50557,-50188,-49819,-49450,-49081,-48712,-48343,-47974,-47605,-47236,-46867,-46498,-46129,-45760,-45391,-45022,-44653,-44284,-43915,-43546,-43177,-42808,-42439,-42070,-41701,-41332,-40963,-40594,-40225,-39856,-39487,-39118,-38749,-38380,-38011,-37642,-37273,-36904,-36535,-36166,-35797,-35428,-35059,-34690,-34321,-33952,-33583,-33214,-32845,-32476,-32107,-31738,-31369,-31000,-30631,-30262,-29893,-29524,-29155,-28786,-28417,-28048,-27679,-27310,-26941,-26572,-26203,-25834,-25465,-25096,-24727,-24358,-23989,-23620,-23251,-22882,-22513,-22144,-21775,-21406,-21037,-20668,-20299,-19930,-19561,-19192,-18823,-18454,-18085,-17716,-17347,-16978,-16609,-16240,-15871,-15502,-15133,-14764,-14395,-14026,-13657,-13288,-12919,-12550,-12181,-11812,-11443,-11074,-10705,-10336,-9967,-9598,-9229,-8860,-8491,-8122,-7753,-7384,-7015,-6646,-6277,-5908,-5539,-5170,-4801,-4432,-4063,-3694,-3325,-2956,-2587,-2218,-1849,-1480,-1111,-742,-373,-4
366,735,1104,1107,1473,1842,2211,2580,2949,3318,3687,4056,4425,4794,5163,5532,5901,6270,6639,7008,7377,7746,8115,8484,8853,9222,9591,9960,10329,10698,11067,11436,11805,12174,12543,12912,13281,13650,14019,14388,14757,15126,15495,15864,16233,16602,16971,17340,17709,18078,18447,18816,19185,19554,19923,20292,20661,21030,21399,21768,22137,22506,22875,23244,23613,23982,24351,24720,25089,25458,25827,26196,26565,26934,27303,27672,28041,28410,28779,29148,29517,29886,30255,30624,30993,31362,31731,32100,32469,32838,33207,33576,33945,34314,34683,35052,35421,35790,36159,36528,36897,37266,37635,38004,38373,38742,39111,39480,39849,40218,40587,40956,41325,41694,42063,42432,42801,43170,43539,43908,44277,44646,45015,45384,45753,46122,46491,46860,47229,47598,47967,48336,48705,49074,49443,49812,50181,50550,50919,51288,51657,52026,52395,52764,53133,53502,53871,54240,54609,54978,55347,55716,56085,56454,56823,57192,57561,57930,58299,58668,59037,59406,59775,60144,60513,60882,61251,61620,61989,62358,62727,63096,63465,63834,64203,64572,64941,65310,65679,66048,66417,66786,67155,67524,67893,-67899,-67530,-67161,-66792,-66423,-66054,-65685,-65316,-64947,-64578,-64209,-63840,-63471,-63102,-62733,-62364,-61995,-61626,-61257,-60888,-60519,-60150,-59781,-59412,-59043,-58674,-58305,-57936,-57567,-57198,-56829,-56460,-56091,-55722,-55353,-54984,-54615,-54246,-53877,-53508,-53139,-52770,-52401,-52032,-51663,-51294,-50925,-50556,-50187,-49818,-49449,-49080,-48711,-48342,-47973,-47604,-47235,-46866,-46497,-46128,-45759,-45390,-45021,-44652,-44283,-43914,-43545,-43176,-42807,-42438,-42069,-41700,-41331,-40962,-40593,-40224,-39855,-39486,-39117,-38748,-38379,-38010,-37641,-37272,-36903,-36534,-36165,-35796,-35427,-35058,-34689,-34320,-33951,-33582,-33213,-32844,-32475,-32106,-31737,-31368,-30999,-30630,-30261,-29892,-29523,-29154,-28785,-28416,-28047,-27678,-27309,-26940,-26571,-26202,-25833,-25464,-25095,-24726,-24357,-23988,-23619,-23250,-22881,-22512,-22143,-21774,-21405,-21036,-20667,-20298,-19929,-19560,-19191,-18822,-18453,-18084,-17715,-17346,-16977,-16608,-16239,-15870,-15501,-15132,-14763,-14394,-14025,-13656,-13287,-12918,-12549,-12180,-11811,-11442,-11073,-10704,-10335,-9966,-9597,-9228,-8859,-8490,-8121,-7752,-7383,-7014,-6645,-6276,-5907,-5538,-5169,-4800,-4431,-4062,-3693,-3324,-2955,-2586,-2217,-1848,-1479,-1110,-741,-372,-3
367,736,738,1105,1474,1843,2212,2581,2950,3319,3688,4057,4426,4795,5164,5533,5902,6271,6640,7009,7378,7747,8116,8485,8854,9223,9592,9961,10330,10699,11068,11437,11806,12175,12544,12913,13282,13651,14020,14389,14758,15127,15496,15865,16234,16603,16972,17341,17710,18079,18448,18817,19186,19555,19924,20293,20662,21031,21400,21769,22138,22507,22876,23245,23614,23983,24352,24721,25090,25459,25828,26197,26566,26935,27304,27673,28042,28411,28780,29149,29518,29887,30256,30625,30994,31363,31732,32101,32470,32839,33208,33577,33946,34315,34684,35053,35422,35791,36160,36529,36898,37267,37636,38005,38374,38743,39112,39481,39850,40219,40588,40957,41326,41695,42064,42433,42802,43171,43540,43909,44278,44647,45016,45385,45754,46123,46492,46861,47230,47599,47968,48337,48706,49075,49444,49813,50182,50551,50920,51289,51658,52027,52396,52765,53134,53503,53872,54241,54610,54979,55348,55717,56086,56455,56824,57193,57562,57931,58300,58669,59038,59407,59776,60145,60514,60883,61252,61621,61990,62359,62728,63097,63466,63835,64204,64573,64942,65311,65680,66049,66418,66787,67156,67525,67894,-67898,-67529,-67160,-66791,-66422,-66053,-65684,-65315,-64946,-64577,-64208,-63839,-63470,-63101,-62732,-62363,-61994,-61625,-61256,-60887,-60518,-60149,-59780,-59411,-59042,-58673,-58304,-57935,-57566,-57197,-56828,-56459,-56090,-55721,-55352,-54983,-54614,-54245,-53876,-53507,-53138,-52769,-52400,-52031,-51662,-51293,-50924,-50555,-50186,-49817,-49448,-49079,-48710,-48341,-47972,-47603,-47234,-46865,-46496,-46127,-45758,-45389,-45020,-44651,-44282,-43913,-43544,-43175,-42806,-42437,-42068,-41699,-41330,-40961,-40592,-40223,-39854,-39485,-39116,-38747,-38378,-38009,-37640,-37271,-36902,-36533,-36164,-35795,-35426,-35057,-34688,-34319,-33950,-33581,-33212,-32843,-32474,-32105,-31736,-31367,-30998,-30629,-30260,-29891,-29522,-29153,-28784,-28415,-28046,-27677,-27308,-26939,-26570,-26201,-25832,-25463,-25094,-24725,-24356,-23987,-23618,-23249,-22880,-22511,-22142,-21773,-21404,-21035,-20666,-20297,-19928,-19559,-19190,-18821,-18452,-18083,-17714,-17345,-16976,-16607,-16238,-15869,-15500,-15131,-14762,-14393,-14024,-13655,-13286,-12917,-12548,-12179,-11810,-11441,-11072,-10703,-10334,-9965,-9596,-9227,-8858,-8489,-8120,-7751,-7382,-7013,-6644,-6275,-5906,-5537,-5168,-4799,-4430,-4061,-3692,-3323,-2954,-2585,-2216,-1847,-1478,-1109,-740,-371,-2
368,369,737,1106,1475,1844,2213,2582,2951,3320,3689,4058,4427,4796,5165,5534,5903,6272,6641,7010,7379,7748,8117,8486,8855,9224,9593,9962,10331,10700,11069,11438,11807,12176,12545,12914,13283,13652,14021,14390,14759,15128,15497,15866,16235,16604,16973,17342,17711,18080,18449,18818,19187,19556,19925,20294,20663,21032,21401,21770,22139,22508,22877,23246,23615,23984,24353,24722,25091,25460,25829,26198,26567,26936,27305,27674,28043,28412,28781,29150,29519,29888,30257,30626,30995,31364,31733,32102,32471,32840,33209,33578,33947,34316,34685,35054,35423,35792,36161,36530,36899,37268,37637,38006,38375,38744,39113,39482,39851,40220,40589,40958,41327,41696,42065,42434,42803,43172,43541,43910,44279,44648,45017,45386,45755,46124,46493,46862,47231,47600,47969,48338,48707,49076,49445,49814,50183,50552,50921,51290,51659,52028,52397,52766,53135,53504,53873,54242,54611,54980,55349,55718,56087,56456,56825,57194,57563,57932,58301,58670,59039,59408,59777,60146,60515,60884,61253,61622,61991,62360,62729,63098,63467,63836,64205,64574,64943,65312,65681,66050,66419,66788,67157,67526,67895,-67897,-67528,-67159,-66790,-66421,-66052,-65683,-65314,-64945,-64576,-64207,-63838,-63469,-63100,-62731,-62362,-61993,-61624,-61255,-60886,-60517,-60148,-59779,-59410,-59041,-58672,-58303,-57934,-57565,-57196,-56827,-56458,-56089,-55720,-55351,-54982,-54613,-54244,-53875,-53506,-53137,-52768,-52399,-52030,-51661,-51292,-50923,-50554,-50185,-49816,-49447,-49078,-48709,-48340,-47971,-47602,-47233,-46864,-46495,-46126,-45757,-45388,-45019,-44650,-44281,-43912,-43543,-43174,-42805,-42436,-42067,-41698,-41329,-40960,-40591,-40222,-39853,-39484,-39115,-38746,-38377,-38008,-37639,-37270,-36901,-36532,-36163,-35794,-35425,-35056,-34687,-34318,-33949,-33580,-33211,-32842,-32473,-32104,-31735,-31366,-30997,-30628,-30259,-29890,-29521,-29152,-28783,-28414,-28045,-27676,-27307,-26938,-26569,-26200,-25831,-25462,-25093,-24724,-24355,-23986,-23617,-23248,-22879,-22510,-22141,-21772,-21403,-21034,-20665,-20296,-19927,-19558,-19189,-18820,-18451,-18082,-17713,-17344,-16975,-16606,-16237,-15868,-15499,-15130,-14761,-14392,-14023,-13654,-13285,-12916,-12547,-12178,-11809,-11440,-11071,-10702,-10333,-9964,-9595,-9226,-8857,-8488,-8119,-7750,-7381,-7012,-6643,-6274,-5905,-5536,-5167,-4798,-4429,-4060,-3691,-3322,-2953,-2584,-2215,-1846,-1477,-1108,-739,-370,-1
