1,356,711,1066,1421,1776,2131,2486,2841,3196,3551,3906,4261,4616,4971,5326,5681,6036,6391,6746,7101,7456,7811,8166,8521,8876,9231,9586,9941,10296,10651,11006,11361,11716,12071,12426,12781,13136,13491,13846,14201,14556,14911,15266,15621,15976,16331,16686,17041,17396,17751,18106,18461,18816,19171,19526,19881,20236,20591,20946,21301,21656,22011,22366,22721,23076,23431,23786,24141,24496,24851,25206,25561,25916,26271,26626,26981,27336,27691,28046,28401,28756,29111,29466,29821,30176,30531,30886,31241,31596,31951,32306,32661,33016,33371,33726,34081,34436,34791,35146,35501,35856,36211,36566,36921,37276,37631,37986,38341,38696,39051,39406,39761,40116,40471,40826,41181,41536,41891,42246,42601,42956,43311,43666,44021,44376,44731,45086,45441,45796,46151,46506,46861,47216,47571,47926,48281,48636,48991,49346,49701,50056,50411,50766,51121,51476,51831,52186,52541,52896,53251,53606,53961,54316,54671,55026,55381,55736,56091,56446,56801,57156,57511,57866,58221,58576,58931,59286,59641,59996,60351,60706,61061,61416,61771,62126,62481,62836,-62834,-62479,-62124,-61769,-61414,-61059,-60704,-60349,-59994,-59639,-59284,-58929,-58574,-58219,-57864,-57509,-57154,-56799,-56444,-56089,-55734,-55379,-55024,-54669,-54314,-53959,-53604,-53249,-52894,-52539,-52184,-51829,-51474,-51119,-50764,-50409,-50054,-49699,-49344,-48989,-48634,-48279,-47924,-47569,-47214,-46859,-46504,-46149,-45794,-45439,-45084,-44729,-44374,-44019,-43664,-43309,-42954,-42599,-42244,-41889,-41534,-41179,-40824,-40469,-40114,-39759,-39404,-39049,-38694,-38339,-37984,-37629,-37274,-36919,-36564,-36209,-35854,-35499,-35144,-34789,-34434,-34079,-33724,-33369,-33014,-32659,-32304,-31949,-31594,-31239,-30884,-30529,-30174,-29819,-29464,-29109,-28754,-28399,-28044,-27689,-27334,-26979,-26624,-26269,-25914,-25559,-25204,-24849,-24494,-24139,-23784,-23429,-23074,-22719,-22364,-22009,-21654,-21299,-20944,-20589,-20234,-19879,-19524,-19169,-18814,-18459,-18104,-17749,-17394,-17039,-16684,-16329,-15974,-15619,-15264,-14909,-14554,-14199,-13844,-13489,-13134,-12779,-12424,-12069,-11714,-11359,-11004,-10649,-10294,-9939,-9584,-9229,-8874,-8519,-8164,-7809,-7454,-7099,-6744,-6389,-6034,-5679,-5324,-4969,-4614,-4259,-3904,-3549,-3194,-2839,-2484,-2129,-1774,-1419,-1064,-709,-355,-354,MAX=62836
2,357,712,1067,1422,1777,2132,2487,2842,3197,3552,3907,4262,4617,4972,5327,5682,6037,6392,6747,7102,7457,7812,8167,8522,8877,9232,9587,9942,10297,10652,11007,11362,11717,12072,12427,12782,13137,13492,13847,14202,14557,14912,15267,15622,15977,16332,16687,17042,17397,17752,18107,18462,18817,19172,19527,19882,20237,20592,20947,21302,21657,22012,22367,22722,23077,23432,23787,24142,24497,24852,25207,25562,25917,26272,26627,26982,27337,27692,28047,28402,28757,29112,29467,29822,30177,30532,30887,31242,31597,31952,32307,32662,33017,33372,33727,34082,34437,34792,35147,35502,35857,36212,36567,36922,37277,37632,37987,38342,38697,39052,39407,39762,40117,40472,40827,41182,41537,41892,42247,42602,42957,43312,43667,44022,44377,44732,45087,45442,45797,46152,46507,46862,47217,47572,47927,48282,48637,48992,49347,49702,50057,50412,50767,51122,51477,51832,52187,52542,52897,53252,53607,53962,54317,54672,55027,55382,55737,56092,56447,56802,57157,57512,57867,58222,58577,58932,59287,59642,59997,60352,60707,61062,61417,61772,62127,62482,62837,-62833,-62478,-62123,-61768,-61413,-61058,-60703,-60348,-59993,-59638,-59283,-58928,-58573,-58218,-57863,-57508,-57153,-56798,-56443,-56088,-55733,-55378,-55023,-54668,-54313,-53958,-53603,-53248,-52893,-52538,-52183,-51828,-51473,-51118,-50763,-50408,-50053,-49698,-49343,-48988,-48633,-48278,-47923,-47568,-47213,-46858,-46503,-46148,-45793,-45438,-45083,-44728,-44373,-44018,-43663,-43308,-42953,-42598,-42243,-41888,-41533,-41178,-40823,-40468,-40113,-39758,-39403,-39048,-38693,-38338,-37983,-37628,-37273,-36918,-36563,-36208,-35853,-35498,-35143,-34788,-34433,-34078,-33723,-33368,-33013,-32658,-32303,-31948,-31593,-31238,-30883,-30528,-30173,-29818,-29463,-29108,-28753,-28398,-28043,-27688,-27333,-26978,-26623,-26268,-25913,-25558,-25203,-24848,-24493,-24138,-23783,-23428,-23073,-22718,-22363,-22008,-21653,-21298,-20943,-20588,-20233,-19878,-19523,-19168,-18813,-18458,-18103,-17748,-17393,-17038,-16683,-16328,-15973,-15618,-15263,-14908,-14553,-14198,-13843,-13488,-13133,-12778,-12423,-12068,-11713,-11358,-11003,-10648,-10293,-9938,-9583,-9228,-8873,-8518,-8163,-7808,-7453,-7098,-6743,-6388,-6033,-5678,-5323,-4968,-4613,-4258,-3903,-3548,-3193,-2838,-2483,-2128,-1773,-1418,-1063,-710,-708,-353,MAX=62837
3,358,713,1068,1423,1778,2133,2488,2843,3198,3553,3908,4263,4618,4973,5328,5683,6038,6393,6748,7103,7458,7813,8168,8523,8878,9233,9588,9943,10298,10653,11008,11363,11718,12073,12428,12783,13138,13493,13848,14203,14558,14913,15268,15623,15978,16333,16688,17043,17398,17753,18108,18463,18818,19173,19528,19883,20238,20593,20948,21303,21658,22013,22368,22723,23078,23433,23788,24143,24498,24853,25208,25563,25918,26273,26628,26983,27338,27693,28048,28403,28758,29113,29468,29823,30178,30533,30888,31243,31598,31953,32308,32663,33018,33373,33728,34083,34438,34793,35148,35503,35858,36213,36568,36923,37278,37633,37988,38343,38698,39053,39408,39763,40118,40473,40828,41183,41538,41893,42248,42603,42958,43313,43668,44023,44378,44733,45088,45443,45798,46153,46508,46863,47218,47573,47928,48283,48638,48993,49348,49703,50058,50413,50768,51123,51478,51833,52188,52543,52898,53253,53608,53963,54318,54673,55028,55383,55738,56093,56448,56803,57158,57513,57868,58223,58578,58933,59288,59643,59998,60353,60708,61063,61418,61773,62128,62483,62838,-62832,-62477,-62122,-61767,-61412,-61057,-60702,-60347,-59992,-59637,-59282,-58927,-58572,-58217,-57862,-57507,-57152,-56797,-56442,-56087,-55732,-55377,-55022,-54667,-54312,-53957,-53602,-53247,-52892,-52537,-52182,-51827,-51472,-51117,-50762,-50407,-50052,-49697,-49342,-48987,-48632,-48277,-47922,-47567,-47212,-46857,-46502,-46147,-45792,-45437,-45082,-44727,-44372,-44017,-43662,-43307,-42952,-42597,-42242,-41887,-41532,-41177,-40822,-40467,-40112,-39757,-39402,-39047,-38692,-38337,-37982,-37627,-37272,-36917,-36562,-36207,-35852,-35497,-35142,-34787,-34432,-34077,-33722,-33367,-33012,-32657,-32302,-31947,-31592,-31237,-30882,-30527,-30172,-29817,-29462,-29107,-28752,-28397,-28042,-27687,-27332,-26977,-26622,-26267,-25912,-25557,-25202,-24847,-24492,-24137,-23782,-23427,-23072,-22717,-22362,-22007,-21652,-21297,-20942,-20587,-20232,-19877,-19522,-19167,-18812,-18457,-18102,-17747,-17392,-17037,-16682,-16327,-15972,-15617,-15262,-14907,-14552,-14197,-13842,-13487,-13132,-12777,-12422,-12067,-11712,-11357,-11002,-10647,-10292,-9937,-9582,-9227,-8872,-8517,-8162,-7807,-7452,-7097,-6742,-6387,-6032,-5677,-5322,-4967,-4612,-4257,-3902,-3547,-3192,-2837,-2482,-2127,-1772,-1417,-1065,-1062,-707,-352,MAX=62838
4,359,714,1069,1424,1779,2134,2489,2844,3199,3554,3909,4264,4619,4974,5329,5684,6039,6394,6749,7104,7459,7814,8169,8524,8879,9234,9589,9944,10299,10654,11009,11364,11719,12074,12429,12784,13139,13494,13849,14204,14559,14914,15269,15624,15979,16334,16689,17044,17399,17754,18109,18464,18819,19174,19529,19884,20239,20594,20949,21304,21659,22014,22369,22724,23079,23434,23789,24144,24499,24854,25209,25564,25919,26274,26629,26984,27339,27694,28049,28404,28759,29114,29469,29824,30179,30534,30889,31244,31599,31954,32309,32664,33019,33374,33729,34084,34439,34794,35149,35504,35859,36214,36569,36924,37279,37634,37989,38344,38699,39054,39409,39764,40119,40474,40829,41184,41539,41894,42249,42604,42959,43314,43669,44024,44379,44734,45089,45444,45799,46154,46509,46864,47219,47574,47929,48284,48639,48994,49349,49704,50059,50414,50769,51124,51479,51834,52189,52544,52899,53254,53609,53964,54319,54674,55029,55384,55739,56094,56449,56804,57159,57514,57869,58224,58579,58934,59289,59644,59999,60354,60709,61064,61419,61774,62129,62484,62839,-62831,-62476,-62121,-61766,-61411,-61056,-60701,-60346,-59991,-59636,-59281,-58926,-58571,-58216,-57861,-57506,-57151,-56796,-56441,-56086,-55731,-55376,-55021,-54666,-54311,-53956,-53601,-53246,-52891,-52536,-52181,-51826,-51471,-51116,-50761,-50406,-50051,-49696,-49341,-48986,-48631,-48276,-47921,-47566,-47211,-46856,-46501,-46146,-45791,-45436,-45081,-44726,-44371,-44016,-43661,-43306,-42951,-42596,-42241,-41886,-41531,-41176,-40821,-40466,-40111,-39756,-39401,-39046,-38691,-38336,-37981,-37626,-37271,-36916,-36561,-36206,-35851,-35496,-35141,-34786,-34431,-34076,-33721,-33366,-33011,-32656,-32301,-31946,-31591,-31236,-30881,-30526,-30171,-29816,-29461,-29106,-28751,-28396,-28041,-27686,-27331,-26976,-26621,-26266,-25911,-25556,-25201,-24846,-24491,-24136,-23781,-23426,-23071,-22716,-22361,-22006,-21651,-21296,-20941,-20586,-20231,-19876,-19521,-19166,-18811,-18456,-18101,-17746,-17391,-17036,-16681,-16326,-15971,-15616,-15261,-14906,-14551,-14196,-13841,-13486,-13131,-12776,-12421,-12066,-11711,-11356,-11001,-10646,-10291,-9936,-9581,-9226,-8871,-8516,-8161,-7806,-7451,-7096,-6741,-6386,-6031,-5676,-5321,-4966,-4611,-4256,-3901,-3546,-3191,-2836,-2481,-2126,-1771,-1420,-1416,-1061,-706,-351,MAX=62839
5,360,715,1070,1425,1780,2135,2490,2845,3200,3555,3910,4265,4620,4975,5330,5685,6040,6395,6750,7105,7460,7815,8170,8525,8880,9235,9590,9945,10300,10655,11010,11365,11720,12075,12430,12785,13140,13495,13850,14205,14560,14915,15270,15625,15980,16335,16690,17045,17400,17755,18110,18465,18820,19175,19530,19885,20240,20595,20950,21305,21660,22015,22370,22725,23080,23435,23790,24145,24500,24855,25210,25565,25920,26275,26630,26985,27340,27695,28050,28405,28760,29115,29470,29825,30180,30535,30890,31245,31600,31955,32310,32665,33020,33375,33730,34085,34440,34795,35150,35505,35860,36215,36570,36925,37280,37635,37990,38345,38700,39055,39410,39765,40120,40475,40830,41185,41540,41895,42250,42605,42960,43315,43670,44025,44380,44735,45090,45445,45800,46155,46510,46865,47220,47575,47930,48285,48640,48995,49350,49705,50060,50415,50770,51125,51480,51835,52190,52545,52900,53255,53610,53965,54320,54675,55030,55385,55740,56095,56450,56805,57160,57515,57870,58225,58580,58935,59290,59645,60000,60355,60710,61065,61420,61775,62130,62485,62840,-62830,-62475,-62120,-61765,-61410,-61055,-60700,-60345,-59990,-59635,-59280,-58925,-58570,-58215,-57860,-57505,-57150,-56795,-56440,-56085,-55730,-55375,-55020,-54665,-54310,-53955,-53600,-53245,-52890,-52535,-52180,-51825,-51470,-51115,-50760,-50405,-50050,-49695,-49340,-48985,-48630,-48275,-47920,-47565,-47210,-46855,-46500,-46145,-45790,-45435,-45080,-44725,-44370,-44015,-43660,-43305,-42950,-42595,-42240,-41885,-41530,-41175,-40820,-40465,-40110,-39755,-39400,-39045,-38690,-38335,-37980,-37625,-37270,-36915,-36560,-36205,-35850,-35495,-35140,-34785,-34430,-34075,-33720,-33365,-33010,-32655,-32300,-31945,-31590,-31235,-30880,-30525,-30170,-29815,-29460,-29105,-28750,-28395,-28040,-27685,-27330,-26975,-26620,-26265,-25910,-25555,-25200,-24845,-24490,-24135,-23780,-23425,-23070,-22715,-22360,-22005,-21650,-21295,-20940,-20585,-20230,-19875,-19520,-19165,-18810,-18455,-18100,-17745,-17390,-17035,-16680,-16325,-15970,-15615,-15260,-14905,-14550,-14195,-13840,-13485,-13130,-12775,-12420,-12065,-11710,-11355,-11000,-10645,-10290,-9935,-9580,-9225,-8870,-8515,-8160,-7805,-7450,-7095,-6740,-6385,-6030,-5675,-5320,-4965,-4610,-4255,-3900,-3545,-3190,-2835,-2480,-2125,-1775,-1770,-1415,-1060,-705,-350,MAX=62840
6,361,716,1071,1426,1781,2136,2491,2846,3201,3556,3911,4266,4621,4976,5331,5686,6041,6396,6751,7106,7461,7816,8171,8526,8881,9236,9591,9946,10301,10656,11011,11366,11721,12076,12431,12786,13141,13496,13851,14206,14561,14916,15271,15626,15981,16336,16691,17046,17401,17756,18111,18466,18821,19176,19531,19886,20241,20596,20951,21306,21661,22016,22371,22726,23081,23436,23791,24146,24501,24856,25211,25566,25921,26276,26631,26986,27341,27696,28051,28406,28761,29116,29471,29826,30181,30536,30891,31246,31601,31956,32311,32666,33021,33376,33731,34086,34441,34796,35151,35506,35861,36216,36571,36926,37281,37636,37991,38346,38701,39056,39411,39766,40121,40476,40831,41186,41541,41896,42251,42606,42961,43316,43671,44026,44381,44736,45091,45446,45801,46156,46511,46866,47221,47576,47931,48286,48641,48996,49351,49706,50061,50416,50771,51126,51481,51836,52191,52546,52901,53256,53611,53966,54321,54676,55031,55386,55741,56096,56451,56806,57161,57516,57871,58226,58581,58936,59291,59646,60001,60356,60711,61066,61421,61776,62131,62486,62841,-62829,-62474,-62119,-61764,-61409,-61054,-60699,-60344,-59989,-59634,-59279,-58924,-58569,-58214,-57859,-57504,-57149,-56794,-56439,-56084,-55729,-55374,-55019,-54664,-54309,-53954,-53599,-53244,-52889,-52534,-52179,-51824,-51469,-51114,-50759,-50404,-50049,-49694,-49339,-48984,-48629,-48274,-47919,-47564,-47209,-46854,-46499,-46144,-45789,-45434,-45079,-44724,-44369,-44014,-43659,-43304,-42949,-42594,-42239,-41884,-41529,-41174,-40819,-40464,-40109,-39754,-39399,-39044,-38689,-38334,-37979,-37624,-37269,-36914,-36559,-36204,-35849,-35494,-35139,-34784,-34429,-34074,-33719,-33364,-33009,-32654,-32299,-31944,-31589,-31234,-30879,-30524,-30169,-29814,-29459,-29104,-28749,-28394,-28039,-27684,-27329,-26974,-26619,-26264,-25909,-25554,-25199,-24844,-24489,-24134,-23779,-23424,-23069,-22714,-22359,-22004,-21649,-21294,-20939,-20584,-20229,-19874,-19519,-19164,-18809,-18454,-18099,-17744,-17389,-17034,-16679,-16324,-15969,-15614,-15259,-14904,-14549,-14194,-13839,-13484,-13129,-12774,-12419,-12064,-11709,-11354,-10999,-10644,-10289,-9934,-9579,-9224,-8869,-8514,-8159,-7804,-7449,-7094,-6739,-6384,-6029,-5674,-5319,-4964,-4609,-4254,-3899,-3544,-3189,-2834,-2479,-2130,-2124,-1769,-1414,-1059,-704,-349,MAX=62841
7,362,717,1072,1427,1782,2137,2492,2847,3202,3557,3912,4267,4622,4977,5332,5687,6042,6397,6752,7107,7462,7817,8172,8527,8882,9237,9592,9947,10302,10657,11012,11367,11722,12077,12432,12787,13142,13497,13852,14207,14562,14917,15272,15627,15982,16337,16692,17047,17402,17757,18112,18467,18822,19177,19532,19887,20242,20597,20952,21307,21662,22017,22372,22727,23082,23437,23792,24147,24502,24857,25212,25567,25922,26277,26632,26987,27342,27697,28052,28407,28762,29117,29472,29827,30182,30537,30892,31247,31602,31957,32312,32667,33022,33377,33732,34087,34442,34797,35152,35507,35862,36217,36572,36927,37282,37637,37992,38347,38702,39057,39412,39767,40122,40477,40832,41187,41542,41897,42252,42607,42962,43317,43672,44027,44382,44737,45092,45447,45802,46157,46512,46867,47222,47577,47932,48287,48642,48997,49352,49707,50062,50417,50772,51127,51482,51837,52192,52547,52902,53257,53612,53967,54322,54677,55032,55387,55742,56097,56452,56807,57162,57517,57872,58227,58582,58937,59292,59647,60002,60357,60712,61067,61422,61777,62132,62487,62842,-62828,-62473,-62118,-61763,-61408,-61053,-60698,-60343,-59988,-59633,-59278,-58923,-58568,-58213,-57858,-57503,-57148,-56793,-56438,-56083,-55728,-55373,-55018,-54663,-54308,-53953,-53598,-53243,-52888,-52533,-52178,-51823,-51468,-51113,-50758,-50403,-50048,-49693,-49338,-48983,-48628,-48273,-47918,-47563,-47208,-46853,-46498,-46143,-45788,-45433,-45078,-44723,-44368,-44013,-43658,-43303,-42948,-42593,-42238,-41883,-41528,-41173,-40818,-40463,-40108,-39753,-39398,-39043,-38688,-38333,-37978,-37623,-37268,-36913,-36558,-36203,-35848,-35493,-35138,-34783,-34428,-34073,-33718,-33363,-33008,-32653,-32298,-31943,-31588,-31233,-30878,-30523,-30168,-29813,-29458,-29103,-28748,-28393,-28038,-27683,-27328,-26973,-26618,-26263,-25908,-25553,-25198,-24843,-24488,-24133,-23778,-23423,-23068,-22713,-22358,-22003,-21648,-21293,-20938,-20583,-20228,-19873,-19518,-19163,-18808,-18453,-18098,-17743,-17388,-17033,-16678,-16323,-15968,-15613,-15258,-14903,-14548,-14193,-13838,-13483,-13128,-12773,-12418,-12063,-11708,-11353,-10998,-10643,-10288,-9933,-9578,-9223,-8868,-8513,-8158,-7803,-7448,-7093,-6738,-6383,-6028,-5673,-5318,-4963,-4608,-4253,-3898,-3543,-3188,-2833,-2485,-2478,-2123,-1768,-1413,-1058,-703,-348,MAX=62842
8,363,718,1073,1428,1783,2138,2493,2848,3203,3558,3913,4268,4623,4978,5333,5688,6043,6398,6753,7108,7463,7818,8173,8528,8883,9238,9593,9948,10303,10658,11013,11368,11723,12078,12433,12788,13143,13498,13853,14208,14563,14918,15273,15628,15983,16338,16693,17048,17403,17758,18113,18468,18823,19178,19533,19888,20243,20598,20953,21308,21663,22018,22373,22728,23083,23438,23793,24148,24503,24858,25213,25568,25923,26278,26633,26988,27343,27698,28053,28408,28763,29118,29473,29828,30183,30538,30893,31248,31603,31958,32313,32668,33023,33378,33733,34088,34443,34798,35153,35508,35863,36218,36573,36928,37283,37638,37993,38348,38703,39058,39413,39768,40123,40478,40833,41188,41543,41898,42253,42608,42963,43318,43673,44028,44383,44738,45093,45448,45803,46158,46513,46868,47223,47578,47933,48288,48643,48998,49353,49708,50063,50418,50773,51128,51483,51838,52193,52548,52903,53258,53613,53968,54323,54678,55033,55388,55743,56098,56453,56808,57163,57518,57873,58228,58583,58938,59293,59648,60003,60358,60713,61068,61423,61778,62133,62488,62843,-62827,-62472,-62117,-61762,-61407,-61052,-60697,-60342,-59987,-59632,-59277,-58922,-58567,-58212,-57857,-57502,-57147,-56792,-56437,-56082,-55727,-55372,-55017,-54662,-54307,-53952,-53597,-53242,-52887,-52532,-52177,-51822,-51467,-51112,-50757,-50402,-50047,-49692,-49337,-48982,-48627,-48272,-47917,-47562,-47207,-46852,-46497,-46142,-45787,-45432,-45077,-44722,-44367,-44012,-43657,-43302,-42947,-42592,-42237,-41882,-41527,-41172,-40817,-40462,-40107,-39752,-39397,-39042,-38687,-38332,-37977,-37622,-37267,-36912,-36557,-36202,-35847,-35492,-35137,-34782,-34427,-34072,-33717,-33362,-33007,-32652,-32297,-31942,-31587,-31232,-30877,-30522,-30167,-29812,-29457,-29102,-28747,-28392,-28037,-27682,-27327,-26972,-26617,-26262,-25907,-25552,-25197,-24842,-24487,-24132,-23777,-23422,-23067,-22712,-22357,-22002,-21647,-21292,-20937,-20582,-20227,-19872,-19517,-19162,-18807,-18452,-18097,-17742,-17387,-17032,-16677,-16322,-15967,-15612,-15257,-14902,-14547,-14192,-13837,-13482,-13127,-12772,-12417,-12062,-11707,-11352,-10997,-10642,-10287,-9932,-9577,-9222,-8867,-8512,-8157,-7802,-7447,-7092,-6737,-6382,-6027,-5672,-5317,-4962,-4607,-4252,-3897,-3542,-3187,-2840,-2832,-2477,-2122,-1767,-1412,-1057,-702,-347,MAX=62843
9,364,719,1074,1429,1784,2139,2494,2849,3204,3559,3914,4269,4624,4979,5334,5689,6044,6399,6754,7109,7464,7819,8174,8529,8884,9239,9594,9949,10304,10659,11014,11369,11724,12079,12434,12789,13144,13499,13854,14209,14564,14919,15274,15629,15984,16339,16694,17049,17404,17759,18114,18469,18824,19179,19534,19889,20244,20599,20954,21309,21664,22019,22374,22729,23084,23439,23794,24149,24504,24859,25214,25569,25924,26279,26634,26989,27344,27699,28054,28409,28764,29119,29474,29829,30184,30539,30894,31249,31604,31959,32314,32669,33024,33379,33734,34089,34444,34799,35154,35509,35864,36219,36574,36929,37284,37639,37994,38349,38704,39059,39414,39769,40124,40479,40834,41189,41544,41899,42254,42609,42964,43319,43674,44029,44384,44739,45094,45449,45804,46159,46514,46869,47224,47579,47934,48289,48644,48999,49354,49709,50064,50419,50774,51129,51484,51839,52194,52549,52904,53259,53614,53969,54324,54679,55034,55389,55744,56099,56454,56809,57164,57519,57874,58229,58584,58939,59294,59649,60004,60359,60714,61069,61424,61779,62134,62489,62844,-62826,-62471,-62116,-61761,-61406,-61051,-60696,-60341,-59986,-59631,-59276,-58921,-58566,-58211,-57856,-57501,-57146,-56791,-56436,-56081,-55726,-55371,-55016,-54661,-54306,-53951,-53596,-53241,-52886,-52531,-52176,-51821,-51466,-51111,-50756,-50401,-50046,-49691,-49336,-48981,-48626,-48271,-47916,-47561,-47206,-46851,-46496,-46141,-45786,-45431,-45076,-44721,-44366,-44011,-43656,-43301,-42946,-42591,-42236,-41881,-41526,-41171,-40816,-40461,-40106,-39751,-39396,-39041,-38686,-38331,-37976,-37621,-37266,-36911,-36556,-36201,-35846,-35491,-35136,-34781,-34426,-34071,-33716,-33361,-33006,-32651,-32296,-31941,-31586,-31231,-30876,-30521,-30166,-29811,-29456,-29101,-28746,-28391,-28036,-27681,-27326,-26971,-26616,-26261,-25906,-25551,-25196,-24841,-24486,-24131,-23776,-23421,-23066,-22711,-22356,-22001,-21646,-21291,-20936,-20581,-20226,-19871,-19516,-19161,-18806,-18451,-18096,-17741,-17386,-17031,-16676,-16321,-15966,-15611,-15256,-14901,-14546,-14191,-13836,-13481,-13126,-12771,-12416,-12061,-11706,-11351,-10996,-10641,-10286,-9931,-9576,-9221,-8866,-8511,-8156,-7801,-7446,-7091,-6736,-6381,-6026,-5671,-5316,-4961,-4606,-4251,-3896,-3541,-3195,-3186,-2831,-2476,-2121,-1766,-1411,-1056,-701,-346,MAX=62844
10,365,720,1075,1430,1785,2140,2495,2850,3205,3560,3915,4270,4625,4980,5335,5690,6045,6400,6755,7110,7465,7820,8175,8530,8885,9240,9595,9950,10305,10660,11015,11370,11725,12080,12435,12790,13145,13500,13855,14210,14565,14920,15275,15630,15985,16340,16695,17050,17405,17760,18115,18470,18825,19180,19535,19890,20245,20600,20955,21310,21665,22020,22375,22730,23085,23440,23795,24150,24505,24860,25215,25570,25925,26280,26635,26990,27345,27700,28055,28410,28765,29120,29475,29830,30185,30540,30895,31250,31605,31960,32315,32670,33025,33380,33735,34090,34445,34800,35155,35510,35865,36220,36575,36930,37285,37640,37995,38350,38705,39060,39415,39770,40125,40480,40835,41190,41545,41900,42255,42610,42965,43320,43675,44030,44385,44740,45095,45450,45805,46160,46515,46870,47225,47580,47935,48290,48645,49000,49355,49710,50065,50420,50775,51130,51485,51840,52195,52550,52905,53260,53615,53970,54325,54680,55035,55390,55745,56100,56455,56810,57165,57520,57875,58230,58585,58940,59295,59650,60005,60360,60715,61070,61425,61780,62135,62490,62845,-62825,-62470,-62115,-61760,-61405,-61050,-60695,-60340,-59985,-59630,-59275,-58920,-58565,-58210,-57855,-57500,-57145,-56790,-56435,-56080,-55725,-55370,-55015,-54660,-54305,-53950,-53595,-53240,-52885,-52530,-52175,-51820,-51465,-51110,-50755,-50400,-50045,-49690,-49335,-48980,-48625,-48270,-47915,-47560,-47205,-46850,-46495,-46140,-45785,-45430,-45075,-44720,-44365,-44010,-43655,-43300,-42945,-42590,-42235,-41880,-41525,-41170,-40815,-40460,-40105,-39750,-39395,-39040,-38685,-38330,-37975,-37620,-37265,-36910,-36555,-36200,-35845,-35490,-35135,-34780,-34425,-34070,-33715,-33360,-33005,-32650,-32295,-31940,-31585,-31230,-30875,-30520,-30165,-29810,-29455,-29100,-28745,-28390,-28035,-27680,-27325,-26970,-26615,-26260,-25905,-25550,-25195,-24840,-24485,-24130,-23775,-23420,-23065,-22710,-22355,-22000,-21645,-21290,-20935,-20580,-20225,-19870,-19515,-19160,-18805,-18450,-18095,-17740,-17385,-17030,-16675,-16320,-15965,-15610,-15255,-14900,-14545,-14190,-13835,-13480,-13125,-12770,-12415,-12060,-11705,-11350,-10995,-10640,-10285,-9930,-9575,-9220,-8865,-8510,-8155,-7800,-7445,-7090,-6735,-6380,-6025,-5670,-5315,-4960,-4605,-4250,-3895,-3550,-3540,-3185,-2830,-2475,-2120,-1765,-1410,-1055,-700,-345,MAX=62845
11,366,721,1076,1431,1786,2141,2496,2851,3206,3561,3916,4271,4626,4981,5336,5691,6046,6401,6756,7111,7466,7821,8176,8531,8886,9241,9596,9951,10306,10661,11016,11371,11726,12081,12436,12791,13146,13501,13856,14211,14566,14921,15276,15631,15986,16341,16696,17051,17406,17761,18116,18471,18826,19181,19536,19891,20246,20601,20956,21311,21666,22021,22376,22731,23086,23441,23796,24151,24506,24861,25216,25571,25926,26281,26636,26991,27346,27701,28056,28411,28766,29121,29476,29831,30186,30541,30896,31251,31606,31961,32316,32671,33026,33381,33736,34091,34446,34801,35156,35511,35866,36221,36576,36931,37286,37641,37996,38351,38706,39061,39416,39771,40126,40481,40836,41191,41546,41901,42256,42611,42966,43321,43676,44031,44386,44741,45096,45451,45806,46161,46516,46871,47226,47581,47936,48291,48646,49001,49356,49711,50066,50421,50776,51131,51486,51841,52196,52551,52906,53261,53616,53971,54326,54681,55036,55391,55746,56101,56456,56811,57166,57521,57876,58231,58586,58941,59296,59651,60006,60361,60716,61071,61426,61781,62136,62491,62846,-62824,-62469,-62114,-61759,-61404,-61049,-60694,-60339,-59984,-59629,-59274,-58919,-58564,-58209,-57854,-57499,-57144,-56789,-56434,-56079,-55724,-55369,-55014,-54659,-54304,-53949,-53594,-53239,-52884,-52529,-52174,-51819,-51464,-51109,-50754,-50399,-50044,-49689,-49334,-48979,-48624,-48269,-47914,-47559,-47204,-46849,-46494,-46139,-45784,-45429,-45074,-44719,-44364,-44009,-43654,-43299,-42944,-42589,-42234,-41879,-41524,-41169,-40814,-40459,-40104,-39749,-39394,-39039,-38684,-38329,-37974,-37619,-37264,-36909,-36554,-36199,-35844,-35489,-35134,-34779,-34424,-34069,-33714,-33359,-33004,-32649,-32294,-31939,-31584,-31229,-30874,-30519,-30164,-29809,-29454,-29099,-28744,-28389,-28034,-27679,-27324,-26969,-26614,-26259,-25904,-25549,-25194,-24839,-24484,-24129,-23774,-23419,-23064,-22709,-22354,-21999,-21644,-21289,-20934,-20579,-20224,-19869,-19514,-19159,-18804,-18449,-18094,-17739,-17384,-17029,-16674,-16319,-15964,-15609,-15254,-14899,-14544,-14189,-13834,-13479,-13124,-12769,-12414,-12059,-11704,-11349,-10994,-10639,-10284,-9929,-9574,-9219,-8864,-8509,-8154,-7799,-7444,-7089,-6734,-6379,-6024,-5669,-5314,-4959,-4604,-4249,-3905,-3894,-3539,-3184,-2829,-2474,-2119,-1764,-1409,-1054,-699,-344,MAX=62846
12,367,722,1077,1432,1787,2142,2497,2852,3207,3562,3917,4272,4627,4982,5337,5692,6047,6402,6757,7112,7467,7822,8177,8532,8887,9242,9597,9952,10307,10662,11017,11372,11727,12082,12437,12792,13147,13502,13857,14212,14567,14922,15277,15632,15987,16342,16697,17052,17407,17762,18117,18472,18827,19182,19537,19892,20247,20602,20957,21312,21667,22022,22377,22732,23087,23442,23797,24152,24507,24862,25217,25572,25927,26282,26637,26992,27347,27702,28057,28412,28767,29122,29477,29832,30187,30542,30897,31252,31607,31962,32317,32672,33027,33382,33737,34092,34447,34802,35157,35512,35867,36222,36577,36932,37287,37642,37997,38352,38707,39062,39417,39772,40127,40482,40837,41192,41547,41902,42257,42612,42967,43322,43677,44032,44387,44742,45097,45452,45807,46162,46517,46872,47227,47582,47937,48292,48647,49002,49357,49712,50067,50422,50777,51132,51487,51842,52197,52552,52907,53262,53617,53972,54327,54682,55037,55392,55747,56102,56457,56812,57167,57522,57877,58232,58587,58942,59297,59652,60007,60362,60717,61072,61427,61782,62137,62492,62847,-62823,-62468,-62113,-61758,-61403,-61048,-60693,-60338,-59983,-59628,-59273,-58918,-58563,-58208,-57853,-57498,-57143,-56788,-56433,-56078,-55723,-55368,-55013,-54658,-54303,-53948,-53593,-53238,-52883,-52528,-52173,-51818,-51463,-51108,-50753,-50398,-50043,-49688,-49333,-48978,-48623,-48268,-47913,-47558,-47203,-46848,-46493,-46138,-45783,-45428,-45073,-44718,-44363,-44008,-43653,-43298,-42943,-42588,-42233,-41878,-41523,-41168,-40813,-40458,-40103,-39748,-39393,-39038,-38683,-38328,-37973,-37618,-37263,-36908,-36553,-36198,-35843,-35488,-35133,-34778,-34423,-34068,-33713,-33358,-33003,-32648,-32293,-31938,-31583,-31228,-30873,-30518,-30163,-29808,-29453,-29098,-28743,-28388,-28033,-27678,-27323,-26968,-26613,-26258,-25903,-25548,-25193,-24838,-24483,-24128,-23773,-23418,-23063,-22708,-22353,-21998,-21643,-21288,-20933,-20578,-20223,-19868,-19513,-19158,-18803,-18448,-18093,-17738,-17383,-17028,-16673,-16318,-15963,-15608,-15253,-14898,-14543,-14188,-13833,-13478,-13123,-12768,-12413,-12058,-11703,-11348,-10993,-10638,-10283,-9928,-9573,-9218,-8863,-8508,-8153,-7798,-7443,-7088,-6733,-6378,-6023,-5668,-5313,-4958,-4603,-4260,-4248,-3893,-3538,-3183,-2828,-2473,-2118,-1763,-1408,-1053,-698,-343,MAX=62847
13,368,723,1078,1433,1788,2143,2498,2853,3208,3563,3918,4273,4628,4983,5338,5693,6048,6403,6758,7113,7468,7823,8178,8533,8888,9243,9598,9953,10308,10663,11018,11373,11728,12083,12438,12793,13148,13503,13858,14213,14568,14923,15278,15633,15988,16343,16698,17053,17408,17763,18118,18473,18828,19183,19538,19893,20248,20603,20958,21313,21668,22023,22378,22733,23088,23443,23798,24153,24508,24863,25218,25573,25928,26283,26638,26993,27348,27703,28058,28413,28768,29123,29478,29833,30188,30543,30898,31253,31608,31963,32318,32673,33028,33383,33738,34093,34448,34803,35158,35513,35868,36223,36578,36933,37288,37643,37998,38353,38708,39063,39418,39773,40128,40483,40838,41193,41548,41903,42258,42613,42968,43323,43678,44033,44388,44743,45098,45453,45808,46163,46518,46873,47228,47583,47938,48293,48648,49003,49358,49713,50068,50423,50778,51133,51488,51843,52198,52553,52908,53263,53618,53973,54328,54683,55038,55393,55748,56103,56458,56813,57168,57523,57878,58233,58588,58943,59298,59653,60008,60363,60718,61073,61428,61783,62138,62493,62848,-62822,-62467,-62112,-61757,-61402,-61047,-60692,-60337,-59982,-59627,-59272,-58917,-58562,-58207,-57852,-57497,-57142,-56787,-56432,-56077,-55722,-55367,-55012,-54657,-54302,-53947,-53592,-53237,-52882,-52527,-52172,-51817,-51462,-51107,-50752,-50397,-50042,-49687,-49332,-48977,-48622,-48267,-47912,-47557,-47202,-46847,-46492,-46137,-45782,-45427,-45072,-44717,-44362,-44007,-43652,-43297,-42942,-42587,-42232,-41877,-41522,-41167,-40812,-40457,-40102,-39747,-39392,-39037,-38682,-38327,-37972,-37617,-37262,-36907,-36552,-36197,-35842,-35487,-35132,-34777,-34422,-34067,-33712,-33357,-33002,-32647,-32292,-31937,-31582,-31227,-30872,-30517,-30162,-29807,-29452,-29097,-28742,-28387,-28032,-27677,-27322,-26967,-26612,-26257,-25902,-25547,-25192,-24837,-24482,-24127,-23772,-23417,-23062,-22707,-22352,-21997,-21642,-21287,-20932,-20577,-20222,-19867,-19512,-19157,-18802,-18447,-18092,-17737,-17382,-17027,-16672,-16317,-15962,-15607,-15252,-14897,-14542,-14187,-13832,-13477,-13122,-12767,-12412,-12057,-11702,-11347,-10992,-10637,-10282,-9927,-9572,-9217,-8862,-8507,-8152,-7797,-7442,-7087,-6732,-6377,-6022,-5667,-5312,-4957,-4615,-4602,-4247,-3892,-3537,-3182,-2827,-2472,-2117,-1762,-1407,-1052,-697,-342,MAX=62848
14,369,724,1079,1434,1789,2144,2499,2854,3209,3564,3919,4274,4629,4984,5339,5694,6049,6404,6759,7114,7469,7824,8179,8534,8889,9244,9599,9954,10309,10664,11019,11374,11729,12084,12439,12794,13149,13504,13859,14214,14569,14924,15279,15634,15989,16344,16699,17054,17409,17764,18119,18474,18829,19184,19539,19894,20249,20604,20959,21314,21669,22024,22379,22734,23089,23444,23799,24154,24509,24864,25219,25574,25929,26284,26639,26994,27349,27704,28059,28414,28769,29124,29479,29834,30189,30544,30899,31254,31609,31964,32319,32674,33029,33384,33739,34094,34449,34804,35159,35514,35869,36224,36579,36934,37289,37644,37999,38354,38709,39064,39419,39774,40129,40484,40839,41194,41549,41904,42259,42614,42969,43324,43679,44034,44389,44744,45099,45454,45809,46164,46519,46874,47229,47584,47939,48294,48649,49004,49359,49714,50069,50424,50779,51134,51489,51844,52199,52554,52909,53264,53619,53974,54329,54684,55039,55394,55749,56104,56459,56814,57169,57524,57879,58234,58589,58944,59299,59654,60009,60364,60719,61074,61429,61784,62139,62494,62849,-62821,-62466,-62111,-61756,-61401,-61046,-60691,-60336,-59981,-59626,-59271,-58916,-58561,-58206,-57851,-57496,-57141,-56786,-56431,-56076,-55721,-55366,-55011,-54656,-54301,-53946,-53591,-53236,-52881,-52526,-52171,-51816,-51461,-51106,-50751,-50396,-50041,-49686,-49331,-48976,-48621,-48266,-47911,-47556,-47201,-46846,-46491,-46136,-45781,-45426,-45071,-44716,-44361,-44006,-43651,-43296,-42941,-42586,-42231,-41876,-41521,-41166,-40811,-40456,-40101,-39746,-39391,-39036,-38681,-38326,-37971,-37616,-37261,-36906,-36551,-36196,-35841,-35486,-35131,-34776,-34421,-34066,-33711,-33356,-33001,-32646,-32291,-31936,-31581,-31226,-30871,-30516,-30161,-29806,-29451,-29096,-28741,-28386,-28031,-27676,-27321,-26966,-26611,-26256,-25901,-25546,-25191,-24836,-24481,-24126,-23771,-23416,-23061,-22706,-22351,-21996,-21641,-21286,-20931,-20576,-20221,-19866,-19511,-19156,-18801,-18446,-18091,-17736,-17381,-17026,-16671,-16316,-15961,-15606,-15251,-14896,-14541,-14186,-13831,-13476,-13121,-12766,-12411,-12056,-11701,-11346,-10991,-10636,-10281,-9926,-9571,-9216,-8861,-8506,-8151,-7796,-7441,-7086,-6731,-6376,-6021,-5666,-5311,-4970,-4956,-4601,-4246,-3891,-3536,-3181,-2826,-2471,-2116,-1761,-1406,-1051,-696,-341,MAX=62849
15,370,725,1080,1435,1790,2145,2500,2855,3210,3565,3920,4275,4630,4985,5340,5695,6050,6405,6760,7115,7470,7825,8180,8535,8890,9245,9600,9955,10310,10665,11020,11375,11730,12085,12440,12795,13150,13505,13860,14215,14570,14925,15280,15635,15990,16345,16700,17055,17410,17765,18120,18475,18830,19185,19540,19895,20250,20605,20960,21315,21670,22025,22380,22735,23090,23445,23800,24155,24510,24865,25220,25575,25930,26285,26640,26995,27350,27705,28060,28415,28770,29125,29480,29835,30190,30545,30900,31255,31610,31965,32320,32675,33030,33385,33740,34095,34450,34805,35160,35515,35870,36225,36580,36935,37290,37645,38000,38355,38710,39065,39420,39775,40130,40485,40840,41195,41550,41905,42260,42615,42970,43325,43680,44035,44390,44745,45100,45455,45810,46165,46520,46875,47230,47585,47940,48295,48650,49005,49360,49715,50070,50425,50780,51135,51490,51845,52200,52555,52910,53265,53620,53975,54330,54685,55040,55395,55750,56105,56460,56815,57170,57525,57880,58235,58590,58945,59300,59655,60010,60365,60720,61075,61430,61785,62140,62495,62850,-62820,-62465,-62110,-61755,-61400,-61045,-60690,-60335,-59980,-59625,-59270,-58915,-58560,-58205,-57850,-57495,-57140,-56785,-56430,-56075,-55720,-55365,-55010,-54655,-54300,-53945,-53590,-53235,-52880,-52525,-52170,-51815,-51460,-51105,-50750,-50395,-50040,-49685,-49330,-48975,-48620,-48265,-47910,-47555,-47200,-46845,-46490,-46135,-45780,-45425,-45070,-44715,-44360,-44005,-43650,-43295,-42940,-42585,-42230,-41875,-41520,-41165,-40810,-40455,-40100,-39745,-39390,-39035,-38680,-38325,-37970,-37615,-37260,-36905,-36550,-36195,-35840,-35485,-35130,-34775,-34420,-34065,-33710,-33355,-33000,-32645,-32290,-31935,-31580,-31225,-30870,-30515,-30160,-29805,-29450,-29095,-28740,-28385,-28030,-27675,-27320,-26965,-26610,-26255,-25900,-25545,-25190,-24835,-24480,-24125,-23770,-23415,-23060,-22705,-22350,-21995,-21640,-21285,-20930,-20575,-20220,-19865,-19510,-19155,-18800,-18445,-18090,-17735,-17380,-17025,-16670,-16315,-15960,-15605,-15250,-14895,-14540,-14185,-13830,-13475,-13120,-12765,-12410,-12055,-11700,-11345,-10990,-10635,-10280,-9925,-9570,-9215,-8860,-8505,-8150,-7795,-7440,-7085,-6730,-6375,-6020,-5665,-5325,-5310,-4955,-4600,-4245,-3890,-3535,-3180,-2825,-2470,-2115,-1760,-1405,-1050,-695,-340,MAX=62850
16,371,726,1081,1436,1791,2146,2501,2856,3211,3566,3921,4276,4631,4986,5341,5696,6051,6406,6761,7116,7471,7826,8181,8536,8891,9246,9601,9956,10311,10666,11021,11376,11731,12086,12441,12796,13151,13506,13861,14216,14571,14926,15281,15636,15991,16346,16701,17056,17411,17766,18121,18476,18831,19186,19541,19896,20251,20606,20961,21316,21671,22026,22381,22736,23091,23446,23801,24156,24511,24866,25221,25576,25931,26286,26641,26996,27351,27706,28061,28416,28771,29126,29481,29836,30191,30546,30901,31256,31611,31966,32321,32676,33031,33386,33741,34096,34451,34806,35161,35516,35871,36226,36581,36936,37291,37646,38001,38356,38711,39066,39421,39776,40131,40486,40841,41196,41551,41906,42261,42616,42971,43326,43681,44036,44391,44746,45101,45456,45811,46166,46521,46876,47231,47586,47941,48296,48651,49006,49361,49716,50071,50426,50781,51136,51491,51846,52201,52556,52911,53266,53621,53976,54331,54686,55041,55396,55751,56106,56461,56816,57171,57526,57881,58236,58591,58946,59301,59656,60011,60366,60721,61076,61431,61786,62141,62496,62851,-62819,-62464,-62109,-61754,-61399,-61044,-60689,-60334,-59979,-59624,-59269,-58914,-58559,-58204,-57849,-57494,-57139,-56784,-56429,-56074,-55719,-55364,-55009,-54654,-54299,-53944,-53589,-53234,-52879,-52524,-52169,-51814,-51459,-51104,-50749,-50394,-50039,-49684,-49329,-48974,-48619,-48264,-47909,-47554,-47199,-46844,-46489,-46134,-45779,-45424,-45069,-44714,-44359,-44004,-43649,-43294,-42939,-42584,-42229,-41874,-41519,-41164,-40809,-40454,-40099,-39744,-39389,-39034,-38679,-38324,-37969,-37614,-37259,-36904,-36549,-36194,-35839,-35484,-35129,-34774,-34419,-34064,-33709,-33354,-32999,-32644,-32289,-31934,-31579,-31224,-30869,-30514,-30159,-29804,-29449,-29094,-28739,-28384,-28029,-27674,-27319,-26964,-26609,-26254,-25899,-25544,-25189,-24834,-24479,-24124,-23769,-23414,-23059,-22704,-22349,-21994,-21639,-21284,-20929,-20574,-20219,-19864,-19509,-19154,-18799,-18444,-18089,-17734,-17379,-17024,-16669,-16314,-15959,-15604,-15249,-14894,-14539,-14184,-13829,-13474,-13119,-12764,-12409,-12054,-11699,-11344,-10989,-10634,-10279,-9924,-9569,-9214,-8859,-8504,-8149,-7794,-7439,-7084,-6729,-6374,-6019,-5680,-5664,-5309,-4954,-4599,-4244,-3889,-3534,-3179,-2824,-2469,-2114,-1759,-1404,-1049,-694,-339,MAX=62851
17,372,727,1082,1437,1792,2147,2502,2857,3212,3567,3922,4277,4632,4987,5342,5697,6052,6407,6762,7117,7472,7827,8182,8537,8892,9247,9602,9957,10312,10667,11022,11377,11732,12087,12442,12797,13152,13507,13862,14217,14572,14927,15282,15637,15992,16347,16702,17057,17412,17767,18122,18477,18832,19187,19542,19897,20252,20607,20962,21317,21672,22027,22382,22737,23092,23447,23802,24157,24512,24867,25222,25577,25932,26287,26642,26997,27352,27707,28062,28417,28772,29127,29482,29837,30192,30547,30902,31257,31612,31967,32322,32677,33032,33387,33742,34097,34452,34807,35162,35517,35872,36227,36582,36937,37292,37647,38002,38357,38712,39067,39422,39777,40132,40487,40842,41197,41552,41907,42262,42617,42972,43327,43682,44037,44392,44747,45102,45457,45812,46167,46522,46877,47232,47587,47942,48297,48652,49007,49362,49717,50072,50427,50782,51137,51492,51847,52202,52557,52912,53267,53622,53977,54332,54687,55042,55397,55752,56107,56462,56817,57172,57527,57882,58237,58592,58947,59302,59657,60012,60367,60722,61077,61432,61787,62142,62497,62852,-62818,-62463,-62108,-61753,-61398,-61043,-60688,-60333,-59978,-59623,-59268,-58913,-58558,-58203,-57848,-57493,-57138,-56783,-56428,-56073,-55718,-55363,-55008,-54653,-54298,-53943,-53588,-53233,-52878,-52523,-52168,-51813,-51458,-51103,-50748,-50393,-50038,-49683,-49328,-48973,-48618,-48263,-47908,-47553,-47198,-46843,-46488,-46133,-45778,-45423,-45068,-44713,-44358,-44003,-43648,-43293,-42938,-42583,-42228,-41873,-41518,-41163,-40808,-40453,-40098,-39743,-39388,-39033,-38678,-38323,-37968,-37613,-37258,-36903,-36548,-36193,-35838,-35483,-35128,-34773,-34418,-34063,-33708,-33353,-32998,-32643,-32288,-31933,-31578,-31223,-30868,-30513,-30158,-29803,-29448,-29093,-28738,-28383,-28028,-27673,-27318,-26963,-26608,-26253,-25898,-25543,-25188,-24833,-24478,-24123,-23768,-23413,-23058,-22703,-22348,-21993,-21638,-21283,-20928,-20573,-20218,-19863,-19508,-19153,-18798,-18443,-18088,-17733,-17378,-17023,-16668,-16313,-15958,-15603,-15248,-14893,-14538,-14183,-13828,-13473,-13118,-12763,-12408,-12053,-11698,-11343,-10988,-10633,-10278,-9923,-9568,-9213,-8858,-8503,-8148,-7793,-7438,-7083,-6728,-6373,-6035,-6018,-5663,-5308,-4953,-4598,-4243,-3888,-3533,-3178,-2823,-2468,-2113,-1758,-1403,-1048,-693,-338,MAX=62852
18,373,728,1083,1438,1793,2148,2503,2858,3213,3568,3923,4278,4633,4988,5343,5698,6053,6408,6763,7118,7473,7828,8183,8538,8893,9248,9603,9958,10313,10668,11023,11378,11733,12088,12443,12798,13153,13508,13863,14218,14573,14928,15283,15638,15993,16348,16703,17058,17413,17768,18123,18478,18833,19188,19543,19898,20253,20608,20963,21318,21673,22028,22383,22738,23093,23448,23803,24158,24513,24868,25223,25578,25933,26288,26643,26998,27353,27708,28063,28418,28773,29128,29483,29838,30193,30548,30903,31258,31613,31968,32323,32678,33033,33388,33743,34098,34453,34808,35163,35518,35873,36228,36583,36938,37293,37648,38003,38358,38713,39068,39423,39778,40133,40488,40843,41198,41553,41908,42263,42618,42973,43328,43683,44038,44393,44748,45103,45458,45813,46168,46523,46878,47233,47588,47943,48298,48653,49008,49363,49718,50073,50428,50783,51138,51493,51848,52203,52558,52913,53268,53623,53978,54333,54688,55043,55398,55753,56108,56463,56818,57173,57528,57883,58238,58593,58948,59303,59658,60013,60368,60723,61078,61433,61788,62143,62498,62853,-62817,-62462,-62107,-61752,-61397,-61042,-60687,-60332,-59977,-59622,-59267,-58912,-58557,-58202,-57847,-57492,-57137,-56782,-56427,-56072,-55717,-55362,-55007,-54652,-54297,-53942,-53587,-53232,-52877,-52522,-52167,-51812,-51457,-51102,-50747,-50392,-50037,-49682,-49327,-48972,-48617,-48262,-47907,-47552,-47197,-46842,-46487,-46132,-45777,-45422,-45067,-44712,-44357,-44002,-43647,-43292,-42937,-42582,-42227,-41872,-41517,-41162,-40807,-40452,-40097,-39742,-39387,-39032,-38677,-38322,-37967,-37612,-37257,-36902,-36547,-36192,-35837,-35482,-35127,-34772,-34417,-34062,-33707,-33352,-32997,-32642,-32287,-31932,-31577,-31222,-30867,-30512,-30157,-29802,-29447,-29092,-28737,-28382,-28027,-27672,-27317,-26962,-26607,-26252,-25897,-25542,-25187,-24832,-24477,-24122,-23767,-23412,-23057,-22702,-22347,-21992,-21637,-21282,-20927,-20572,-20217,-19862,-19507,-19152,-18797,-18442,-18087,-17732,-17377,-17022,-16667,-16312,-15957,-15602,-15247,-14892,-14537,-14182,-13827,-13472,-13117,-12762,-12407,-12052,-11697,-11342,-10987,-10632,-10277,-9922,-9567,-9212,-8857,-8502,-8147,-7792,-7437,-7082,-6727,-6390,-6372,-6017,-5662,-5307,-4952,-4597,-4242,-3887,-3532,-3177,-2822,-2467,-2112,-1757,-1402,-1047,-692,-337,MAX=62853
19,374,729,1084,1439,1794,2149,2504,2859,3214,3569,3924,4279,4634,4989,5344,5699,6054,6409,6764,7119,7474,7829,8184,8539,8894,9249,9604,9959,10314,10669,11024,11379,11734,12089,12444,12799,13154,13509,13864,14219,14574,14929,15284,15639,15994,16349,16704,17059,17414,17769,18124,18479,18834,19189,19544,19899,20254,20609,20964,21319,21674,22029,22384,22739,23094,23449,23804,24159,24514,24869,25224,25579,25934,26289,26644,26999,27354,27709,28064,28419,28774,29129,29484,29839,30194,30549,30904,31259,31614,31969,32324,32679,33034,33389,33744,34099,34454,34809,35164,35519,35874,36229,36584,36939,37294,37649,38004,38359,38714,39069,39424,39779,40134,40489,40844,41199,41554,41909,42264,42619,42974,43329,43684,44039,44394,44749,45104,45459,45814,46169,46524,46879,47234,47589,47944,48299,48654,49009,49364,49719,50074,50429,50784,51139,51494,51849,52204,52559,52914,53269,53624,53979,54334,54689,55044,55399,55754,56109,56464,56819,57174,57529,57884,58239,58594,58949,59304,59659,60014,60369,60724,61079,61434,61789,62144,62499,62854,-62816,-62461,-62106,-61751,-61396,-61041,-60686,-60331,-59976,-59621,-59266,-58911,-58556,-58201,-57846,-57491,-57136,-56781,-56426,-56071,-55716,-55361,-55006,-54651,-54296,-53941,-53586,-53231,-52876,-52521,-52166,-51811,-51456,-51101,-50746,-50391,-50036,-49681,-49326,-48971,-48616,-48261,-47906,-47551,-47196,-46841,-46486,-46131,-45776,-45421,-45066,-44711,-44356,-44001,-43646,-43291,-42936,-42581,-42226,-41871,-41516,-41161,-40806,-40451,-40096,-39741,-39386,-39031,-38676,-38321,-37966,-37611,-37256,-36901,-36546,-36191,-35836,-35481,-35126,-34771,-34416,-34061,-33706,-33351,-32996,-32641,-32286,-31931,-31576,-31221,-30866,-30511,-30156,-29801,-29446,-29091,-28736,-28381,-28026,-27671,-27316,-26961,-26606,-26251,-25896,-25541,-25186,-24831,-24476,-24121,-23766,-23411,-23056,-22701,-22346,-21991,-21636,-21281,-20926,-20571,-20216,-19861,-19506,-19151,-18796,-18441,-18086,-17731,-17376,-17021,-16666,-16311,-15956,-15601,-15246,-14891,-14536,-14181,-13826,-13471,-13116,-12761,-12406,-12051,-11696,-11341,-10986,-10631,-10276,-9921,-9566,-9211,-8856,-8501,-8146,-7791,-7436,-7081,-6745,-6726,-6371,-6016,-5661,-5306,-4951,-4596,-4241,-3886,-3531,-3176,-2821,-2466,-2111,-1756,-1401,-1046,-691,-336,MAX=62854
20,375,730,1085,1440,1795,2150,2505,2860,3215,3570,3925,4280,4635,4990,5345,5700,6055,6410,6765,7120,7475,7830,8185,8540,8895,9250,9605,9960,10315,10670,11025,11380,11735,12090,12445,12800,13155,13510,13865,14220,14575,14930,15285,15640,15995,16350,16705,17060,17415,17770,18125,18480,18835,19190,19545,19900,20255,20610,20965,21320,21675,22030,22385,22740,23095,23450,23805,24160,24515,24870,25225,25580,25935,26290,26645,27000,27355,27710,28065,28420,28775,29130,29485,29840,30195,30550,30905,31260,31615,31970,32325,32680,33035,33390,33745,34100,34455,34810,35165,35520,35875,36230,36585,36940,37295,37650,38005,38360,38715,39070,39425,39780,40135,40490,40845,41200,41555,41910,42265,42620,42975,43330,43685,44040,44395,44750,45105,45460,45815,46170,46525,46880,47235,47590,47945,48300,48655,49010,49365,49720,50075,50430,50785,51140,51495,51850,52205,52560,52915,53270,53625,53980,54335,54690,55045,55400,55755,56110,56465,56820,57175,57530,57885,58240,58595,58950,59305,59660,60015,60370,60725,61080,61435,61790,62145,62500,62855,-62815,-62460,-62105,-61750,-61395,-61040,-60685,-60330,-59975,-59620,-59265,-58910,-58555,-58200,-57845,-57490,-57135,-56780,-56425,-56070,-55715,-55360,-55005,-54650,-54295,-53940,-53585,-53230,-52875,-52520,-52165,-51810,-51455,-51100,-50745,-50390,-50035,-49680,-49325,-48970,-48615,-48260,-47905,-47550,-47195,-46840,-46485,-46130,-45775,-45420,-45065,-44710,-44355,-44000,-43645,-43290,-42935,-42580,-42225,-41870,-41515,-41160,-40805,-40450,-40095,-39740,-39385,-39030,-38675,-38320,-37965,-37610,-37255,-36900,-36545,-36190,-35835,-35480,-35125,-34770,-34415,-34060,-33705,-33350,-32995,-32640,-32285,-31930,-31575,-31220,-30865,-30510,-30155,-29800,-29445,-29090,-28735,-28380,-28025,-27670,-27315,-26960,-26605,-26250,-25895,-25540,-25185,-24830,-24475,-24120,-23765,-23410,-23055,-22700,-22345,-21990,-21635,-21280,-20925,-20570,-20215,-19860,-19505,-19150,-18795,-18440,-18085,-17730,-17375,-17020,-16665,-16310,-15955,-15600,-15245,-14890,-14535,-14180,-13825,-13470,-13115,-12760,-12405,-12050,-11695,-11340,-10985,-10630,-10275,-9920,-9565,-9210,-8855,-8500,-8145,-7790,-7435,-7100,-7080,-6725,-6370,-6015,-5660,-5305,-4950,-4595,-4240,-3885,-3530,-3175,-2820,-2465,-2110,-1755,-1400,-1045,-690,-335,MAX=62855
21,376,731,1086,1441,1796,2151,2506,2861,3216,3571,3926,4281,4636,4991,5346,5701,6056,6411,6766,7121,7476,7831,8186,8541,8896,9251,9606,9961,10316,10671,11026,11381,11736,12091,12446,12801,13156,13511,13866,14221,14576,14931,15286,15641,15996,16351,16706,17061,17416,17771,18126,18481,18836,19191,19546,19901,20256,20611,20966,21321,21676,22031,22386,22741,23096,23451,23806,24161,24516,24871,25226,25581,25936,26291,26646,27001,27356,27711,28066,28421,28776,29131,29486,29841,30196,30551,30906,31261,31616,31971,32326,32681,33036,33391,33746,34101,34456,34811,35166,35521,35876,36231,36586,36941,37296,37651,38006,38361,38716,39071,39426,39781,40136,40491,40846,41201,41556,41911,42266,42621,42976,43331,43686,44041,44396,44751,45106,45461,45816,46171,46526,46881,47236,47591,47946,48301,48656,49011,49366,49721,50076,50431,50786,51141,51496,51851,52206,52561,52916,53271,53626,53981,54336,54691,55046,55401,55756,56111,56466,56821,57176,57531,57886,58241,58596,58951,59306,59661,60016,60371,60726,61081,61436,61791,62146,62501,62856,-62814,-62459,-62104,-61749,-61394,-61039,-60684,-60329,-59974,-59619,-59264,-58909,-58554,-58199,-57844,-57489,-57134,-56779,-56424,-56069,-55714,-55359,-55004,-54649,-54294,-53939,-53584,-53229,-52874,-52519,-52164,-51809,-51454,-51099,-50744,-50389,-50034,-49679,-49324,-48969,-48614,-48259,-47904,-47549,-47194,-46839,-46484,-46129,-45774,-45419,-45064,-44709,-44354,-43999,-43644,-43289,-42934,-42579,-42224,-41869,-41514,-41159,-40804,-40449,-40094,-39739,-39384,-39029,-38674,-38319,-37964,-37609,-37254,-36899,-36544,-36189,-35834,-35479,-35124,-34769,-34414,-34059,-33704,-33349,-32994,-32639,-32284,-31929,-31574,-31219,-30864,-30509,-30154,-29799,-29444,-29089,-28734,-28379,-28024,-27669,-27314,-26959,-26604,-26249,-25894,-25539,-25184,-24829,-24474,-24119,-23764,-23409,-23054,-22699,-22344,-21989,-21634,-21279,-20924,-20569,-20214,-19859,-19504,-19149,-18794,-18439,-18084,-17729,-17374,-17019,-16664,-16309,-15954,-15599,-15244,-14889,-14534,-14179,-13824,-13469,-13114,-12759,-12404,-12049,-11694,-11339,-10984,-10629,-10274,-9919,-9564,-9209,-8854,-8499,-8144,-7789,-7455,-7434,-7079,-6724,-6369,-6014,-5659,-5304,-4949,-4594,-4239,-3884,-3529,-3174,-2819,-2464,-2109,-1754,-1399,-1044,-689,-334,MAX=62856
22,377,732,1087,1442,1797,2152,2507,2862,3217,3572,3927,4282,4637,4992,5347,5702,6057,6412,6767,7122,7477,7832,8187,8542,8897,9252,9607,9962,10317,10672,11027,11382,11737,12092,12447,12802,13157,13512,13867,14222,14577,14932,15287,15642,15997,16352,16707,17062,17417,17772,18127,18482,18837,19192,19547,19902,20257,20612,20967,21322,21677,22032,22387,22742,23097,23452,23807,24162,24517,24872,25227,25582,25937,26292,26647,27002,27357,27712,28067,28422,28777,29132,29487,29842,30197,30552,30907,31262,31617,31972,32327,32682,33037,33392,33747,34102,34457,34812,35167,35522,35877,36232,36587,36942,37297,37652,38007,38362,38717,39072,39427,39782,40137,40492,40847,41202,41557,41912,42267,42622,42977,43332,43687,44042,44397,44752,45107,45462,45817,46172,46527,46882,47237,47592,47947,48302,48657,49012,49367,49722,50077,50432,50787,51142,51497,51852,52207,52562,52917,53272,53627,53982,54337,54692,55047,55402,55757,56112,56467,56822,57177,57532,57887,58242,58597,58952,59307,59662,60017,60372,60727,61082,61437,61792,62147,62502,62857,-62813,-62458,-62103,-61748,-61393,-61038,-60683,-60328,-59973,-59618,-59263,-58908,-58553,-58198,-57843,-57488,-57133,-56778,-56423,-56068,-55713,-55358,-55003,-54648,-54293,-53938,-53583,-53228,-52873,-52518,-52163,-51808,-51453,-51098,-50743,-50388,-50033,-49678,-49323,-48968,-48613,-48258,-47903,-47548,-47193,-46838,-46483,-46128,-45773,-45418,-45063,-44708,-44353,-43998,-43643,-43288,-42933,-42578,-42223,-41868,-41513,-41158,-40803,-40448,-40093,-39738,-39383,-39028,-38673,-38318,-37963,-37608,-37253,-36898,-36543,-36188,-35833,-35478,-35123,-34768,-34413,-34058,-33703,-33348,-32993,-32638,-32283,-31928,-31573,-31218,-30863,-30508,-30153,-29798,-29443,-29088,-28733,-28378,-28023,-27668,-27313,-26958,-26603,-26248,-25893,-25538,-25183,-24828,-24473,-24118,-23763,-23408,-23053,-22698,-22343,-21988,-21633,-21278,-20923,-20568,-20213,-19858,-19503,-19148,-18793,-18438,-18083,-17728,-17373,-17018,-16663,-16308,-15953,-15598,-15243,-14888,-14533,-14178,-13823,-13468,-13113,-12758,-12403,-12048,-11693,-11338,-10983,-10628,-10273,-9918,-9563,-9208,-8853,-8498,-8143,-7810,-7788,-7433,-7078,-6723,-6368,-6013,-5658,-5303,-4948,-4593,-4238,-3883,-3528,-3173,-2818,-2463,-2108,-1753,-1398,-1043,-688,-333,MAX=62857
23,378,733,1088,1443,1798,2153,2508,2863,3218,3573,3928,4283,4638,4993,5348,5703,6058,6413,6768,7123,7478,7833,8188,8543,8898,9253,9608,9963,10318,10673,11028,11383,11738,12093,12448,12803,13158,13513,13868,14223,14578,14933,15288,15643,15998,16353,16708,17063,17418,17773,18128,18483,18838,19193,19548,19903,20258,20613,20968,21323,21678,22033,22388,22743,23098,23453,23808,24163,24518,24873,25228,25583,25938,26293,26648,27003,27358,27713,28068,28423,28778,29133,29488,29843,30198,30553,30908,31263,31618,31973,32328,32683,33038,33393,33748,34103,34458,34813,35168,35523,35878,36233,36588,36943,37298,37653,38008,38363,38718,39073,39428,39783,40138,40493,40848,41203,41558,41913,42268,42623,42978,43333,43688,44043,44398,44753,45108,45463,45818,46173,46528,46883,47238,47593,47948,48303,48658,49013,49368,49723,50078,50433,50788,51143,51498,51853,52208,52563,52918,53273,53628,53983,54338,54693,55048,55403,55758,56113,56468,56823,57178,57533,57888,58243,58598,58953,59308,59663,60018,60373,60728,61083,61438,61793,62148,62503,62858,-62812,-62457,-62102,-61747,-61392,-61037,-60682,-60327,-59972,-59617,-59262,-58907,-58552,-58197,-57842,-57487,-57132,-56777,-56422,-56067,-55712,-55357,-55002,-54647,-54292,-53937,-53582,-53227,-52872,-52517,-52162,-51807,-51452,-51097,-50742,-50387,-50032,-49677,-49322,-48967,-48612,-48257,-47902,-47547,-47192,-46837,-46482,-46127,-45772,-45417,-45062,-44707,-44352,-43997,-43642,-43287,-42932,-42577,-42222,-41867,-41512,-41157,-40802,-40447,-40092,-39737,-39382,-39027,-38672,-38317,-37962,-37607,-37252,-36897,-36542,-36187,-35832,-35477,-35122,-34767,-34412,-34057,-33702,-33347,-32992,-32637,-32282,-31927,-31572,-31217,-30862,-30507,-30152,-29797,-29442,-29087,-28732,-28377,-28022,-27667,-27312,-26957,-26602,-26247,-25892,-25537,-25182,-24827,-24472,-24117,-23762,-23407,-23052,-22697,-22342,-21987,-21632,-21277,-20922,-20567,-20212,-19857,-19502,-19147,-18792,-18437,-18082,-17727,-17372,-17017,-16662,-16307,-15952,-15597,-15242,-14887,-14532,-14177,-13822,-13467,-13112,-12757,-12402,-12047,-11692,-11337,-10982,-10627,-10272,-9917,-9562,-9207,-8852,-8497,-8165,-8142,-7787,-7432,-7077,-6722,-6367,-6012,-5657,-5302,-4947,-4592,-4237,-3882,-3527,-3172,-2817,-2462,-2107,-1752,-1397,-1042,-687,-332,MAX=62858
24,379,734,1089,1444,1799,2154,2509,2864,3219,3574,3929,4284,4639,4994,5349,5704,6059,6414,6769,7124,7479,7834,8189,8544,8899,9254,9609,9964,10319,10674,11029,11384,11739,12094,12449,12804,13159,13514,13869,14224,14579,14934,15289,15644,15999,16354,16709,17064,17419,17774,18129,18484,18839,19194,19549,19904,20259,20614,20969,21324,21679,22034,22389,22744,23099,23454,23809,24164,24519,24874,25229,25584,25939,26294,26649,27004,27359,27714,28069,28424,28779,29134,29489,29844,30199,30554,30909,31264,31619,31974,32329,32684,33039,33394,33749,34104,34459,34814,35169,35524,35879,36234,36589,36944,37299,37654,38009,38364,38719,39074,39429,39784,40139,40494,40849,41204,41559,41914,42269,42624,42979,43334,43689,44044,44399,44754,45109,45464,45819,46174,46529,46884,47239,47594,47949,48304,48659,49014,49369,49724,50079,50434,50789,51144,51499,51854,52209,52564,52919,53274,53629,53984,54339,54694,55049,55404,55759,56114,56469,56824,57179,57534,57889,58244,58599,58954,59309,59664,60019,60374,60729,61084,61439,61794,62149,62504,62859,-62811,-62456,-62101,-61746,-61391,-61036,-60681,-60326,-59971,-59616,-59261,-58906,-58551,-58196,-57841,-57486,-57131,-56776,-56421,-56066,-55711,-55356,-55001,-54646,-54291,-53936,-53581,-53226,-52871,-52516,-52161,-51806,-51451,-51096,-50741,-50386,-50031,-49676,-49321,-48966,-48611,-48256,-47901,-47546,-47191,-46836,-46481,-46126,-45771,-45416,-45061,-44706,-44351,-43996,-43641,-43286,-42931,-42576,-42221,-41866,-41511,-41156,-40801,-40446,-40091,-39736,-39381,-39026,-38671,-38316,-37961,-37606,-37251,-36896,-36541,-36186,-35831,-35476,-35121,-34766,-34411,-34056,-33701,-33346,-32991,-32636,-32281,-31926,-31571,-31216,-30861,-30506,-30151,-29796,-29441,-29086,-28731,-28376,-28021,-27666,-27311,-26956,-26601,-26246,-25891,-25536,-25181,-24826,-24471,-24116,-23761,-23406,-23051,-22696,-22341,-21986,-21631,-21276,-20921,-20566,-20211,-19856,-19501,-19146,-18791,-18436,-18081,-17726,-17371,-17016,-16661,-16306,-15951,-15596,-15241,-14886,-14531,-14176,-13821,-13466,-13111,-12756,-12401,-12046,-11691,-11336,-10981,-10626,-10271,-9916,-9561,-9206,-8851,-8520,-8496,-8141,-7786,-7431,-7076,-6721,-6366,-6011,-5656,-5301,-4946,-4591,-4236,-3881,-3526,-3171,-2816,-2461,-2106,-1751,-1396,-1041,-686,-331,MAX=62859
25,380,735,1090,1445,1800,2155,2510,2865,3220,3575,3930,4285,4640,4995,5350,5705,6060,6415,6770,7125,7480,7835,8190,8545,8900,9255,9610,9965,10320,10675,11030,11385,11740,12095,12450,12805,13160,13515,13870,14225,14580,14935,15290,15645,16000,16355,16710,17065,17420,17775,18130,18485,18840,19195,19550,19905,20260,20615,20970,21325,21680,22035,22390,22745,23100,23455,23810,24165,24520,24875,25230,25585,25940,26295,26650,27005,27360,27715,28070,28425,28780,29135,29490,29845,30200,30555,30910,31265,31620,31975,32330,32685,33040,33395,33750,34105,34460,34815,35170,35525,35880,36235,36590,36945,37300,37655,38010,38365,38720,39075,39430,39785,40140,40495,40850,41205,41560,41915,42270,42625,42980,43335,43690,44045,44400,44755,45110,45465,45820,46175,46530,46885,47240,47595,47950,48305,48660,49015,49370,49725,50080,50435,50790,51145,51500,51855,52210,52565,52920,53275,53630,53985,54340,54695,55050,55405,55760,56115,56470,56825,57180,57535,57890,58245,58600,58955,59310,59665,60020,60375,60730,61085,61440,61795,62150,62505,62860,-62810,-62455,-62100,-61745,-61390,-61035,-60680,-60325,-59970,-59615,-59260,-58905,-58550,-58195,-57840,-57485,-57130,-56775,-56420,-56065,-55710,-55355,-55000,-54645,-54290,-53935,-53580,-53225,-52870,-52515,-52160,-51805,-51450,-51095,-50740,-50385,-50030,-49675,-49320,-48965,-48610,-48255,-47900,-47545,-47190,-46835,-46480,-46125,-45770,-45415,-45060,-44705,-44350,-43995,-43640,-43285,-42930,-42575,-42220,-41865,-41510,-41155,-40800,-40445,-40090,-39735,-39380,-39025,-38670,-38315,-37960,-37605,-37250,-36895,-36540,-36185,-35830,-35475,-35120,-34765,-34410,-34055,-33700,-33345,-32990,-32635,-32280,-31925,-31570,-31215,-30860,-30505,-30150,-29795,-29440,-29085,-28730,-28375,-28020,-27665,-27310,-26955,-26600,-26245,-25890,-25535,-25180,-24825,-24470,-24115,-23760,-23405,-23050,-22695,-22340,-21985,-21630,-21275,-20920,-20565,-20210,-19855,-19500,-19145,-18790,-18435,-18080,-17725,-17370,-17015,-16660,-16305,-15950,-15595,-15240,-14885,-14530,-14175,-13820,-13465,-13110,-12755,-12400,-12045,-11690,-11335,-10980,-10625,-10270,-9915,-9560,-9205,-8875,-8850,-8495,-8140,-7785,-7430,-7075,-6720,-6365,-6010,-5655,-5300,-4945,-4590,-4235,-3880,-3525,-3170,-2815,-2460,-2105,-1750,-1395,-1040,-685,-330,MAX=62860
26,381,736,1091,1446,1801,2156,2511,2866,3221,3576,3931,4286,4641,4996,5351,5706,6061,6416,6771,7126,7481,7836,8191,8546,8901,9256,9611,9966,10321,10676,11031,11386,11741,12096,12451,12806,13161,13516,13871,14226,14581,14936,15291,15646,16001,16356,16711,17066,17421,17776,18131,18486,18841,19196,19551,19906,20261,20616,20971,21326,21681,22036,22391,22746,23101,23456,23811,24166,24521,24876,25231,25586,25941,26296,26651,27006,27361,27716,28071,28426,28781,29136,29491,29846,30201,30556,30911,31266,31621,31976,32331,32686,33041,33396,33751,34106,34461,34816,35171,35526,35881,36236,36591,36946,37301,37656,38011,38366,38721,39076,39431,39786,40141,40496,40851,41206,41561,41916,42271,42626,42981,43336,43691,44046,44401,44756,45111,45466,45821,46176,46531,46886,47241,47596,47951,48306,48661,49016,49371,49726,50081,50436,50791,51146,51501,51856,52211,52566,52921,53276,53631,53986,54341,54696,55051,55406,55761,56116,56471,56826,57181,57536,57891,58246,58601,58956,59311,59666,60021,60376,60731,61086,61441,61796,62151,62506,62861,-62809,-62454,-62099,-61744,-61389,-61034,-60679,-60324,-59969,-59614,-59259,-58904,-58549,-58194,-57839,-57484,-57129,-56774,-56419,-56064,-55709,-55354,-54999,-54644,-54289,-53934,-53579,-53224,-52869,-52514,-52159,-51804,-51449,-51094,-50739,-50384,-50029,-49674,-49319,-48964,-48609,-48254,-47899,-47544,-47189,-46834,-46479,-46124,-45769,-45414,-45059,-44704,-44349,-43994,-43639,-43284,-42929,-42574,-42219,-41864,-41509,-41154,-40799,-40444,-40089,-39734,-39379,-39024,-38669,-38314,-37959,-37604,-37249,-36894,-36539,-36184,-35829,-35474,-35119,-34764,-34409,-34054,-33699,-33344,-32989,-32634,-32279,-31924,-31569,-31214,-30859,-30504,-30149,-29794,-29439,-29084,-28729,-28374,-28019,-27664,-27309,-26954,-26599,-26244,-25889,-25534,-25179,-24824,-24469,-24114,-23759,-23404,-23049,-22694,-22339,-21984,-21629,-21274,-20919,-20564,-20209,-19854,-19499,-19144,-18789,-18434,-18079,-17724,-17369,-17014,-16659,-16304,-15949,-15594,-15239,-14884,-14529,-14174,-13819,-13464,-13109,-12754,-12399,-12044,-11689,-11334,-10979,-10624,-10269,-9914,-9559,-9230,-9204,-8849,-8494,-8139,-7784,-7429,-7074,-6719,-6364,-6009,-5654,-5299,-4944,-4589,-4234,-3879,-3524,-3169,-2814,-2459,-2104,-1749,-1394,-1039,-684,-329,MAX=62861
27,382,737,1092,1447,1802,2157,2512,2867,3222,3577,3932,4287,4642,4997,5352,5707,6062,6417,6772,7127,7482,7837,8192,8547,8902,9257,9612,9967,10322,10677,11032,11387,11742,12097,12452,12807,13162,13517,13872,14227,14582,14937,15292,15647,16002,16357,16712,17067,17422,17777,18132,18487,18842,19197,19552,19907,20262,20617,20972,21327,21682,22037,22392,22747,23102,23457,23812,24167,24522,24877,25232,25587,25942,26297,26652,27007,27362,27717,28072,28427,28782,29137,29492,29847,30202,30557,30912,31267,31622,31977,32332,32687,33042,33397,33752,34107,34462,34817,35172,35527,35882,36237,36592,36947,37302,37657,38012,38367,38722,39077,39432,39787,40142,40497,40852,41207,41562,41917,42272,42627,42982,43337,43692,44047,44402,44757,45112,45467,45822,46177,46532,46887,47242,47597,47952,48307,48662,49017,49372,49727,50082,50437,50792,51147,51502,51857,52212,52567,52922,53277,53632,53987,54342,54697,55052,55407,55762,56117,56472,56827,57182,57537,57892,58247,58602,58957,59312,59667,60022,60377,60732,61087,61442,61797,62152,62507,62862,-62808,-62453,-62098,-61743,-61388,-61033,-60678,-60323,-59968,-59613,-59258,-58903,-58548,-58193,-57838,-57483,-57128,-56773,-56418,-56063,-55708,-55353,-54998,-54643,-54288,-53933,-53578,-53223,-52868,-52513,-52158,-51803,-51448,-51093,-50738,-50383,-50028,-49673,-49318,-48963,-48608,-48253,-47898,-47543,-47188,-46833,-46478,-46123,-45768,-45413,-45058,-44703,-44348,-43993,-43638,-43283,-42928,-42573,-42218,-41863,-41508,-41153,-40798,-40443,-40088,-39733,-39378,-39023,-38668,-38313,-37958,-37603,-37248,-36893,-36538,-36183,-35828,-35473,-35118,-34763,-34408,-34053,-33698,-33343,-32988,-32633,-32278,-31923,-31568,-31213,-30858,-30503,-30148,-29793,-29438,-29083,-28728,-28373,-28018,-27663,-27308,-26953,-26598,-26243,-25888,-25533,-25178,-24823,-24468,-24113,-23758,-23403,-23048,-22693,-22338,-21983,-21628,-21273,-20918,-20563,-20208,-19853,-19498,-19143,-18788,-18433,-18078,-17723,-17368,-17013,-16658,-16303,-15948,-15593,-15238,-14883,-14528,-14173,-13818,-13463,-13108,-12753,-12398,-12043,-11688,-11333,-10978,-10623,-10268,-9913,-9585,-9558,-9203,-8848,-8493,-8138,-7783,-7428,-7073,-6718,-6363,-6008,-5653,-5298,-4943,-4588,-4233,-3878,-3523,-3168,-2813,-2458,-2103,-1748,-1393,-1038,-683,-328,MAX=62862
28,383,738,1093,1448,1803,2158,2513,2868,3223,3578,3933,4288,4643,4998,5353,5708,6063,6418,6773,7128,7483,7838,8193,8548,8903,9258,9613,9968,10323,10678,11033,11388,11743,12098,12453,12808,13163,13518,13873,14228,14583,14938,15293,15648,16003,16358,16713,17068,17423,17778,18133,18488,18843,19198,19553,19908,20263,20618,20973,21328,21683,22038,22393,22748,23103,23458,23813,24168,24523,24878,25233,25588,25943,26298,26653,27008,27363,27718,28073,28428,28783,29138,29493,29848,30203,30558,30913,31268,31623,31978,32333,32688,33043,33398,33753,34108,34463,34818,35173,35528,35883,36238,36593,36948,37303,37658,38013,38368,38723,39078,39433,39788,40143,40498,40853,41208,41563,41918,42273,42628,42983,43338,43693,44048,44403,44758,45113,45468,45823,46178,46533,46888,47243,47598,47953,48308,48663,49018,49373,49728,50083,50438,50793,51148,51503,51858,52213,52568,52923,53278,53633,53988,54343,54698,55053,55408,55763,56118,56473,56828,57183,57538,57893,58248,58603,58958,59313,59668,60023,60378,60733,61088,61443,61798,62153,62508,62863,-62807,-62452,-62097,-61742,-61387,-61032,-60677,-60322,-59967,-59612,-59257,-58902,-58547,-58192,-57837,-57482,-57127,-56772,-56417,-56062,-55707,-55352,-54997,-54642,-54287,-53932,-53577,-53222,-52867,-52512,-52157,-51802,-51447,-51092,-50737,-50382,-50027,-49672,-49317,-48962,-48607,-48252,-47897,-47542,-47187,-46832,-46477,-46122,-45767,-45412,-45057,-44702,-44347,-43992,-43637,-43282,-42927,-42572,-42217,-41862,-41507,-41152,-40797,-40442,-40087,-39732,-39377,-39022,-38667,-38312,-37957,-37602,-37247,-36892,-36537,-36182,-35827,-35472,-35117,-34762,-34407,-34052,-33697,-33342,-32987,-32632,-32277,-31922,-31567,-31212,-30857,-30502,-30147,-29792,-29437,-29082,-28727,-28372,-28017,-27662,-27307,-26952,-26597,-26242,-25887,-25532,-25177,-24822,-24467,-24112,-23757,-23402,-23047,-22692,-22337,-21982,-21627,-21272,-20917,-20562,-20207,-19852,-19497,-19142,-18787,-18432,-18077,-17722,-17367,-17012,-16657,-16302,-15947,-15592,-15237,-14882,-14527,-14172,-13817,-13462,-13107,-12752,-12397,-12042,-11687,-11332,-10977,-10622,-10267,-9940,-9912,-9557,-9202,-8847,-8492,-8137,-7782,-7427,-7072,-6717,-6362,-6007,-5652,-5297,-4942,-4587,-4232,-3877,-3522,-3167,-2812,-2457,-2102,-1747,-1392,-1037,-682,-327,MAX=62863
29,384,739,1094,1449,1804,2159,2514,2869,3224,3579,3934,4289,4644,4999,5354,5709,6064,6419,6774,7129,7484,7839,8194,8549,8904,9259,9614,9969,10324,10679,11034,11389,11744,12099,12454,12809,13164,13519,13874,14229,14584,14939,15294,15649,16004,16359,16714,17069,17424,17779,18134,18489,18844,19199,19554,19909,20264,20619,20974,21329,21684,22039,22394,22749,23104,23459,23814,24169,24524,24879,25234,25589,25944,26299,26654,27009,27364,27719,28074,28429,28784,29139,29494,29849,30204,30559,30914,31269,31624,31979,32334,32689,33044,33399,33754,34109,34464,34819,35174,35529,35884,36239,36594,36949,37304,37659,38014,38369,38724,39079,39434,39789,40144,40499,40854,41209,41564,41919,42274,42629,42984,43339,43694,44049,44404,44759,45114,45469,45824,46179,46534,46889,47244,47599,47954,48309,48664,49019,49374,49729,50084,50439,50794,51149,51504,51859,52214,52569,52924,53279,53634,53989,54344,54699,55054,55409,55764,56119,56474,56829,57184,57539,57894,58249,58604,58959,59314,59669,60024,60379,60734,61089,61444,61799,62154,62509,62864,-62806,-62451,-62096,-61741,-61386,-61031,-60676,-60321,-59966,-59611,-59256,-58901,-58546,-58191,-57836,-57481,-57126,-56771,-56416,-56061,-55706,-55351,-54996,-54641,-54286,-53931,-53576,-53221,-52866,-52511,-52156,-51801,-51446,-51091,-50736,-50381,-50026,-49671,-49316,-48961,-48606,-48251,-47896,-47541,-47186,-46831,-46476,-46121,-45766,-45411,-45056,-44701,-44346,-43991,-43636,-43281,-42926,-42571,-42216,-41861,-41506,-41151,-40796,-40441,-40086,-39731,-39376,-39021,-38666,-38311,-37956,-37601,-37246,-36891,-36536,-36181,-35826,-35471,-35116,-34761,-34406,-34051,-33696,-33341,-32986,-32631,-32276,-31921,-31566,-31211,-30856,-30501,-30146,-29791,-29436,-29081,-28726,-28371,-28016,-27661,-27306,-26951,-26596,-26241,-25886,-25531,-25176,-24821,-24466,-24111,-23756,-23401,-23046,-22691,-22336,-21981,-21626,-21271,-20916,-20561,-20206,-19851,-19496,-19141,-18786,-18431,-18076,-17721,-17366,-17011,-16656,-16301,-15946,-15591,-15236,-14881,-14526,-14171,-13816,-13461,-13106,-12751,-12396,-12041,-11686,-11331,-10976,-10621,-10295,-10266,-9911,-9556,-9201,-8846,-8491,-8136,-7781,-7426,-7071,-6716,-6361,-6006,-5651,-5296,-4941,-4586,-4231,-3876,-3521,-3166,-2811,-2456,-2101,-1746,-1391,-1036,-681,-326,MAX=62864
30,385,740,1095,1450,1805,2160,2515,2870,3225,3580,3935,4290,4645,5000,5355,5710,6065,6420,6775,7130,7485,7840,8195,8550,8905,9260,9615,9970,10325,10680,11035,11390,11745,12100,12455,12810,13165,13520,13875,14230,14585,14940,15295,15650,16005,16360,16715,17070,17425,17780,18135,18490,18845,19200,19555,19910,20265,20620,20975,21330,21685,22040,22395,22750,23105,23460,23815,24170,24525,24880,25235,25590,25945,26300,26655,27010,27365,27720,28075,28430,28785,29140,29495,29850,30205,30560,30915,31270,31625,31980,32335,32690,33045,33400,33755,34110,34465,34820,35175,35530,35885,36240,36595,36950,37305,37660,38015,38370,38725,39080,39435,39790,40145,40500,40855,41210,41565,41920,42275,42630,42985,43340,43695,44050,44405,44760,45115,45470,45825,46180,46535,46890,47245,47600,47955,48310,48665,49020,49375,49730,50085,50440,50795,51150,51505,51860,52215,52570,52925,53280,53635,53990,54345,54700,55055,55410,55765,56120,56475,56830,57185,57540,57895,58250,58605,58960,59315,59670,60025,60380,60735,61090,61445,61800,62155,62510,62865,-62805,-62450,-62095,-61740,-61385,-61030,-60675,-60320,-59965,-59610,-59255,-58900,-58545,-58190,-57835,-57480,-57125,-56770,-56415,-56060,-55705,-55350,-54995,-54640,-54285,-53930,-53575,-53220,-52865,-52510,-52155,-51800,-51445,-51090,-50735,-50380,-50025,-49670,-49315,-48960,-48605,-48250,-47895,-47540,-47185,-46830,-46475,-46120,-45765,-45410,-45055,-44700,-44345,-43990,-43635,-43280,-42925,-42570,-42215,-41860,-41505,-41150,-40795,-40440,-40085,-39730,-39375,-39020,-38665,-38310,-37955,-37600,-37245,-36890,-36535,-36180,-35825,-35470,-35115,-34760,-34405,-34050,-33695,-33340,-32985,-32630,-32275,-31920,-31565,-31210,-30855,-30500,-30145,-29790,-29435,-29080,-28725,-28370,-28015,-27660,-27305,-26950,-26595,-26240,-25885,-25530,-25175,-24820,-24465,-24110,-23755,-23400,-23045,-22690,-22335,-21980,-21625,-21270,-20915,-20560,-20205,-19850,-19495,-19140,-18785,-18430,-18075,-17720,-17365,-17010,-16655,-16300,-15945,-15590,-15235,-14880,-14525,-14170,-13815,-13460,-13105,-12750,-12395,-12040,-11685,-11330,-10975,-10650,-10620,-10265,-9910,-9555,-9200,-8845,-8490,-8135,-7780,-7425,-7070,-6715,-6360,-6005,-5650,-5295,-4940,-4585,-4230,-3875,-3520,-3165,-2810,-2455,-2100,-1745,-1390,-1035,-680,-325,MAX=62865
31,386,741,1096,1451,1806,2161,2516,2871,3226,3581,3936,4291,4646,5001,5356,5711,6066,6421,6776,7131,7486,7841,8196,8551,8906,9261,9616,9971,10326,10681,11036,11391,11746,12101,12456,12811,13166,13521,13876,14231,14586,14941,15296,15651,16006,16361,16716,17071,17426,17781,18136,18491,18846,19201,19556,19911,20266,20621,20976,21331,21686,22041,22396,22751,23106,23461,23816,24171,24526,24881,25236,25591,25946,26301,26656,27011,27366,27721,28076,28431,28786,29141,29496,29851,30206,30561,30916,31271,31626,31981,32336,32691,33046,33401,33756,34111,34466,34821,35176,35531,35886,36241,36596,36951,37306,37661,38016,38371,38726,39081,39436,39791,40146,40501,40856,41211,41566,41921,42276,42631,42986,43341,43696,44051,44406,44761,45116,45471,45826,46181,46536,46891,47246,47601,47956,48311,48666,49021,49376,49731,50086,50441,50796,51151,51506,51861,52216,52571,52926,53281,53636,53991,54346,54701,55056,55411,55766,56121,56476,56831,57186,57541,57896,58251,58606,58961,59316,59671,60026,60381,60736,61091,61446,61801,62156,62511,62866,-62804,-62449,-62094,-61739,-61384,-61029,-60674,-60319,-59964,-59609,-59254,-58899,-58544,-58189,-57834,-57479,-57124,-56769,-56414,-56059,-55704,-55349,-54994,-54639,-54284,-53929,-53574,-53219,-52864,-52509,-52154,-51799,-51444,-51089,-50734,-50379,-50024,-49669,-49314,-48959,-48604,-48249,-47894,-47539,-47184,-46829,-46474,-46119,-45764,-45409,-45054,-44699,-44344,-43989,-43634,-43279,-42924,-42569,-42214,-41859,-41504,-41149,-40794,-40439,-40084,-39729,-39374,-39019,-38664,-38309,-37954,-37599,-37244,-36889,-36534,-36179,-35824,-35469,-35114,-34759,-34404,-34049,-33694,-33339,-32984,-32629,-32274,-31919,-31564,-31209,-30854,-30499,-30144,-29789,-29434,-29079,-28724,-28369,-28014,-27659,-27304,-26949,-26594,-26239,-25884,-25529,-25174,-24819,-24464,-24109,-23754,-23399,-23044,-22689,-22334,-21979,-21624,-21269,-20914,-20559,-20204,-19849,-19494,-19139,-18784,-18429,-18074,-17719,-17364,-17009,-16654,-16299,-15944,-15589,-15234,-14879,-14524,-14169,-13814,-13459,-13104,-12749,-12394,-12039,-11684,-11329,-11005,-10974,-10619,-10264,-9909,-9554,-9199,-8844,-8489,-8134,-7779,-7424,-7069,-6714,-6359,-6004,-5649,-5294,-4939,-4584,-4229,-3874,-3519,-3164,-2809,-2454,-2099,-1744,-1389,-1034,-679,-324,MAX=62866
32,387,742,1097,1452,1807,2162,2517,2872,3227,3582,3937,4292,4647,5002,5357,5712,6067,6422,6777,7132,7487,7842,8197,8552,8907,9262,9617,9972,10327,10682,11037,11392,11747,12102,12457,12812,13167,13522,13877,14232,14587,14942,15297,15652,16007,16362,16717,17072,17427,17782,18137,18492,18847,19202,19557,19912,20267,20622,20977,21332,21687,22042,22397,22752,23107,23462,23817,24172,24527,24882,25237,25592,25947,26302,26657,27012,27367,27722,28077,28432,28787,29142,29497,29852,30207,30562,30917,31272,31627,31982,32337,32692,33047,33402,33757,34112,34467,34822,35177,35532,35887,36242,36597,36952,37307,37662,38017,38372,38727,39082,39437,39792,40147,40502,40857,41212,41567,41922,42277,42632,42987,43342,43697,44052,44407,44762,45117,45472,45827,46182,46537,46892,47247,47602,47957,48312,48667,49022,49377,49732,50087,50442,50797,51152,51507,51862,52217,52572,52927,53282,53637,53992,54347,54702,55057,55412,55767,56122,56477,56832,57187,57542,57897,58252,58607,58962,59317,59672,60027,60382,60737,61092,61447,61802,62157,62512,62867,-62803,-62448,-62093,-61738,-61383,-61028,-60673,-60318,-59963,-59608,-59253,-58898,-58543,-58188,-57833,-57478,-57123,-56768,-56413,-56058,-55703,-55348,-54993,-54638,-54283,-53928,-53573,-53218,-52863,-52508,-52153,-51798,-51443,-51088,-50733,-50378,-50023,-49668,-49313,-48958,-48603,-48248,-47893,-47538,-47183,-46828,-46473,-46118,-45763,-45408,-45053,-44698,-44343,-43988,-43633,-43278,-42923,-42568,-42213,-41858,-41503,-41148,-40793,-40438,-40083,-39728,-39373,-39018,-38663,-38308,-37953,-37598,-37243,-36888,-36533,-36178,-35823,-35468,-35113,-34758,-34403,-34048,-33693,-33338,-32983,-32628,-32273,-31918,-31563,-31208,-30853,-30498,-30143,-29788,-29433,-29078,-28723,-28368,-28013,-27658,-27303,-26948,-26593,-26238,-25883,-25528,-25173,-24818,-24463,-24108,-23753,-23398,-23043,-22688,-22333,-21978,-21623,-21268,-20913,-20558,-20203,-19848,-19493,-19138,-18783,-18428,-18073,-17718,-17363,-17008,-16653,-16298,-15943,-15588,-15233,-14878,-14523,-14168,-13813,-13458,-13103,-12748,-12393,-12038,-11683,-11360,-11328,-10973,-10618,-10263,-9908,-9553,-9198,-8843,-8488,-8133,-7778,-7423,-7068,-6713,-6358,-6003,-5648,-5293,-4938,-4583,-4228,-3873,-3518,-3163,-2808,-2453,-2098,-1743,-1388,-1033,-678,-323,MAX=62867
33,388,743,1098,1453,1808,2163,2518,2873,3228,3583,3938,4293,4648,5003,5358,5713,6068,6423,6778,7133,7488,7843,8198,8553,8908,9263,9618,9973,10328,10683,11038,11393,11748,12103,12458,12813,13168,13523,13878,14233,14588,14943,15298,15653,16008,16363,16718,17073,17428,17783,18138,18493,18848,19203,19558,19913,20268,20623,20978,21333,21688,22043,22398,22753,23108,23463,23818,24173,24528,24883,25238,25593,25948,26303,26658,27013,27368,27723,28078,28433,28788,29143,29498,29853,30208,30563,30918,31273,31628,31983,32338,32693,33048,33403,33758,34113,34468,34823,35178,35533,35888,36243,36598,36953,37308,37663,38018,38373,38728,39083,39438,39793,40148,40503,40858,41213,41568,41923,42278,42633,42988,43343,43698,44053,44408,44763,45118,45473,45828,46183,46538,46893,47248,47603,47958,48313,48668,49023,49378,49733,50088,50443,50798,51153,51508,51863,52218,52573,52928,53283,53638,53993,54348,54703,55058,55413,55768,56123,56478,56833,57188,57543,57898,58253,58608,58963,59318,59673,60028,60383,60738,61093,61448,61803,62158,62513,62868,-62802,-62447,-62092,-61737,-61382,-61027,-60672,-60317,-59962,-59607,-59252,-58897,-58542,-58187,-57832,-57477,-57122,-56767,-56412,-56057,-55702,-55347,-54992,-54637,-54282,-53927,-53572,-53217,-52862,-52507,-52152,-51797,-51442,-51087,-50732,-50377,-50022,-49667,-49312,-48957,-48602,-48247,-47892,-47537,-47182,-46827,-46472,-46117,-45762,-45407,-45052,-44697,-44342,-43987,-43632,-43277,-42922,-42567,-42212,-41857,-41502,-41147,-40792,-40437,-40082,-39727,-39372,-39017,-38662,-38307,-37952,-37597,-37242,-36887,-36532,-36177,-35822,-35467,-35112,-34757,-34402,-34047,-33692,-33337,-32982,-32627,-32272,-31917,-31562,-31207,-30852,-30497,-30142,-29787,-29432,-29077,-28722,-28367,-28012,-27657,-27302,-26947,-26592,-26237,-25882,-25527,-25172,-24817,-24462,-24107,-23752,-23397,-23042,-22687,-22332,-21977,-21622,-21267,-20912,-20557,-20202,-19847,-19492,-19137,-18782,-18427,-18072,-17717,-17362,-17007,-16652,-16297,-15942,-15587,-15232,-14877,-14522,-14167,-13812,-13457,-13102,-12747,-12392,-12037,-11715,-11682,-11327,-10972,-10617,-10262,-9907,-9552,-9197,-8842,-8487,-8132,-7777,-7422,-7067,-6712,-6357,-6002,-5647,-5292,-4937,-4582,-4227,-3872,-3517,-3162,-2807,-2452,-2097,-1742,-1387,-1032,-677,-322,MAX=62868
34,389,744,1099,1454,1809,2164,2519,2874,3229,3584,3939,4294,4649,5004,5359,5714,6069,6424,6779,7134,7489,7844,8199,8554,8909,9264,9619,9974,10329,10684,11039,11394,11749,12104,12459,12814,13169,13524,13879,14234,14589,14944,15299,15654,16009,16364,16719,17074,17429,17784,18139,18494,18849,19204,19559,19914,20269,20624,20979,21334,21689,22044,22399,22754,23109,23464,23819,24174,24529,24884,25239,25594,25949,26304,26659,27014,27369,27724,28079,28434,28789,29144,29499,29854,30209,30564,30919,31274,31629,31984,32339,32694,33049,33404,33759,34114,34469,34824,35179,35534,35889,36244,36599,36954,37309,37664,38019,38374,38729,39084,39439,39794,40149,40504,40859,41214,41569,41924,42279,42634,42989,43344,43699,44054,44409,44764,45119,45474,45829,46184,46539,46894,47249,47604,47959,48314,48669,49024,49379,49734,50089,50444,50799,51154,51509,51864,52219,52574,52929,53284,53639,53994,54349,54704,55059,55414,55769,56124,56479,56834,57189,57544,57899,58254,58609,58964,59319,59674,60029,60384,60739,61094,61449,61804,62159,62514,62869,-62801,-62446,-62091,-61736,-61381,-61026,-60671,-60316,-59961,-59606,-59251,-58896,-58541,-58186,-57831,-57476,-57121,-56766,-56411,-56056,-55701,-55346,-54991,-54636,-54281,-53926,-53571,-53216,-52861,-52506,-52151,-51796,-51441,-51086,-50731,-50376,-50021,-49666,-49311,-48956,-48601,-48246,-47891,-47536,-47181,-46826,-46471,-46116,-45761,-45406,-45051,-44696,-44341,-43986,-43631,-43276,-42921,-42566,-42211,-41856,-41501,-41146,-40791,-40436,-40081,-39726,-39371,-39016,-38661,-38306,-37951,-37596,-37241,-36886,-36531,-36176,-35821,-35466,-35111,-34756,-34401,-34046,-33691,-33336,-32981,-32626,-32271,-31916,-31561,-31206,-30851,-30496,-30141,-29786,-29431,-29076,-28721,-28366,-28011,-27656,-27301,-26946,-26591,-26236,-25881,-25526,-25171,-24816,-24461,-24106,-23751,-23396,-23041,-22686,-22331,-21976,-21621,-21266,-20911,-20556,-20201,-19846,-19491,-19136,-18781,-18426,-18071,-17716,-17361,-17006,-16651,-16296,-15941,-15586,-15231,-14876,-14521,-14166,-13811,-13456,-13101,-12746,-12391,-12070,-12036,-11681,-11326,-10971,-10616,-10261,-9906,-9551,-9196,-8841,-8486,-8131,-7776,-7421,-7066,-6711,-6356,-6001,-5646,-5291,-4936,-4581,-4226,-3871,-3516,-3161,-2806,-2451,-2096,-1741,-1386,-1031,-676,-321,MAX=62869
35,390,745,1100,1455,1810,2165,2520,2875,3230,3585,3940,4295,4650,5005,5360,5715,6070,6425,6780,7135,7490,7845,8200,8555,8910,9265,9620,9975,10330,10685,11040,11395,11750,12105,12460,12815,13170,13525,13880,14235,14590,14945,15300,15655,16010,16365,16720,17075,17430,17785,18140,18495,18850,19205,19560,19915,20270,20625,20980,21335,21690,22045,22400,22755,23110,23465,23820,24175,24530,24885,25240,25595,25950,26305,26660,27015,27370,27725,28080,28435,28790,29145,29500,29855,30210,30565,30920,31275,31630,31985,32340,32695,33050,33405,33760,34115,34470,34825,35180,35535,35890,36245,36600,36955,37310,37665,38020,38375,38730,39085,39440,39795,40150,40505,40860,41215,41570,41925,42280,42635,42990,43345,43700,44055,44410,44765,45120,45475,45830,46185,46540,46895,47250,47605,47960,48315,48670,49025,49380,49735,50090,50445,50800,51155,51510,51865,52220,52575,52930,53285,53640,53995,54350,54705,55060,55415,55770,56125,56480,56835,57190,57545,57900,58255,58610,58965,59320,59675,60030,60385,60740,61095,61450,61805,62160,62515,62870,-62800,-62445,-62090,-61735,-61380,-61025,-60670,-60315,-59960,-59605,-59250,-58895,-58540,-58185,-57830,-57475,-57120,-56765,-56410,-56055,-55700,-55345,-54990,-54635,-54280,-53925,-53570,-53215,-52860,-52505,-52150,-51795,-51440,-51085,-50730,-50375,-50020,-49665,-49310,-48955,-48600,-48245,-47890,-47535,-47180,-46825,-46470,-46115,-45760,-45405,-45050,-44695,-44340,-43985,-43630,-43275,-42920,-42565,-42210,-41855,-41500,-41145,-40790,-40435,-40080,-39725,-39370,-39015,-38660,-38305,-37950,-37595,-37240,-36885,-36530,-36175,-35820,-35465,-35110,-34755,-34400,-34045,-33690,-33335,-32980,-32625,-32270,-31915,-31560,-31205,-30850,-30495,-30140,-29785,-29430,-29075,-28720,-28365,-28010,-27655,-27300,-26945,-26590,-26235,-25880,-25525,-25170,-24815,-24460,-24105,-23750,-23395,-23040,-22685,-22330,-21975,-21620,-21265,-20910,-20555,-20200,-19845,-19490,-19135,-18780,-18425,-18070,-17715,-17360,-17005,-16650,-16295,-15940,-15585,-15230,-14875,-14520,-14165,-13810,-13455,-13100,-12745,-12425,-12390,-12035,-11680,-11325,-10970,-10615,-10260,-9905,-9550,-9195,-8840,-8485,-8130,-7775,-7420,-7065,-6710,-6355,-6000,-5645,-5290,-4935,-4580,-4225,-3870,-3515,-3160,-2805,-2450,-2095,-1740,-1385,-1030,-675,-320,MAX=62870
36,391,746,1101,1456,1811,2166,2521,2876,3231,3586,3941,4296,4651,5006,5361,5716,6071,6426,6781,7136,7491,7846,8201,8556,8911,9266,9621,9976,10331,10686,11041,11396,11751,12106,12461,12816,13171,13526,13881,14236,14591,14946,15301,15656,16011,16366,16721,17076,17431,17786,18141,18496,18851,19206,19561,19916,20271,20626,20981,21336,21691,22046,22401,22756,23111,23466,23821,24176,24531,24886,25241,25596,25951,26306,26661,27016,27371,27726,28081,28436,28791,29146,29501,29856,30211,30566,30921,31276,31631,31986,32341,32696,33051,33406,33761,34116,34471,34826,35181,35536,35891,36246,36601,36956,37311,37666,38021,38376,38731,39086,39441,39796,40151,40506,40861,41216,41571,41926,42281,42636,42991,43346,43701,44056,44411,44766,45121,45476,45831,46186,46541,46896,47251,47606,47961,48316,48671,49026,49381,49736,50091,50446,50801,51156,51511,51866,52221,52576,52931,53286,53641,53996,54351,54706,55061,55416,55771,56126,56481,56836,57191,57546,57901,58256,58611,58966,59321,59676,60031,60386,60741,61096,61451,61806,62161,62516,62871,-62799,-62444,-62089,-61734,-61379,-61024,-60669,-60314,-59959,-59604,-59249,-58894,-58539,-58184,-57829,-57474,-57119,-56764,-56409,-56054,-55699,-55344,-54989,-54634,-54279,-53924,-53569,-53214,-52859,-52504,-52149,-51794,-51439,-51084,-50729,-50374,-50019,-49664,-49309,-48954,-48599,-48244,-47889,-47534,-47179,-46824,-46469,-46114,-45759,-45404,-45049,-44694,-44339,-43984,-43629,-43274,-42919,-42564,-42209,-41854,-41499,-41144,-40789,-40434,-40079,-39724,-39369,-39014,-38659,-38304,-37949,-37594,-37239,-36884,-36529,-36174,-35819,-35464,-35109,-34754,-34399,-34044,-33689,-33334,-32979,-32624,-32269,-31914,-31559,-31204,-30849,-30494,-30139,-29784,-29429,-29074,-28719,-28364,-28009,-27654,-27299,-26944,-26589,-26234,-25879,-25524,-25169,-24814,-24459,-24104,-23749,-23394,-23039,-22684,-22329,-21974,-21619,-21264,-20909,-20554,-20199,-19844,-19489,-19134,-18779,-18424,-18069,-17714,-17359,-17004,-16649,-16294,-15939,-15584,-15229,-14874,-14519,-14164,-13809,-13454,-13099,-12780,-12744,-12389,-12034,-11679,-11324,-10969,-10614,-10259,-9904,-9549,-9194,-8839,-8484,-8129,-7774,-7419,-7064,-6709,-6354,-5999,-5644,-5289,-4934,-4579,-4224,-3869,-3514,-3159,-2804,-2449,-2094,-1739,-1384,-1029,-674,-319,MAX=62871
37,392,747,1102,1457,1812,2167,2522,2877,3232,3587,3942,4297,4652,5007,5362,5717,6072,6427,6782,7137,7492,7847,8202,8557,8912,9267,9622,9977,10332,10687,11042,11397,11752,12107,12462,12817,13172,13527,13882,14237,14592,14947,15302,15657,16012,16367,16722,17077,17432,17787,18142,18497,18852,19207,19562,19917,20272,20627,20982,21337,21692,22047,22402,22757,23112,23467,23822,24177,24532,24887,25242,25597,25952,26307,26662,27017,27372,27727,28082,28437,28792,29147,29502,29857,30212,30567,30922,31277,31632,31987,32342,32697,33052,33407,33762,34117,34472,34827,35182,35537,35892,36247,36602,36957,37312,37667,38022,38377,38732,39087,39442,39797,40152,40507,40862,41217,41572,41927,42282,42637,42992,43347,43702,44057,44412,44767,45122,45477,45832,46187,46542,46897,47252,47607,47962,48317,48672,49027,49382,49737,50092,50447,50802,51157,51512,51867,52222,52577,52932,53287,53642,53997,54352,54707,55062,55417,55772,56127,56482,56837,57192,57547,57902,58257,58612,58967,59322,59677,60032,60387,60742,61097,61452,61807,62162,62517,62872,-62798,-62443,-62088,-61733,-61378,-61023,-60668,-60313,-59958,-59603,-59248,-58893,-58538,-58183,-57828,-57473,-57118,-56763,-56408,-56053,-55698,-55343,-54988,-54633,-54278,-53923,-53568,-53213,-52858,-52503,-52148,-51793,-51438,-51083,-50728,-50373,-50018,-49663,-49308,-48953,-48598,-48243,-47888,-47533,-47178,-46823,-46468,-46113,-45758,-45403,-45048,-44693,-44338,-43983,-43628,-43273,-42918,-42563,-42208,-41853,-41498,-41143,-40788,-40433,-40078,-39723,-39368,-39013,-38658,-38303,-37948,-37593,-37238,-36883,-36528,-36173,-35818,-35463,-35108,-34753,-34398,-34043,-33688,-33333,-32978,-32623,-32268,-31913,-31558,-31203,-30848,-30493,-30138,-29783,-29428,-29073,-28718,-28363,-28008,-27653,-27298,-26943,-26588,-26233,-25878,-25523,-25168,-24813,-24458,-24103,-23748,-23393,-23038,-22683,-22328,-21973,-21618,-21263,-20908,-20553,-20198,-19843,-19488,-19133,-18778,-18423,-18068,-17713,-17358,-17003,-16648,-16293,-15938,-15583,-15228,-14873,-14518,-14163,-13808,-13453,-13135,-13098,-12743,-12388,-12033,-11678,-11323,-10968,-10613,-10258,-9903,-9548,-9193,-8838,-8483,-8128,-7773,-7418,-7063,-6708,-6353,-5998,-5643,-5288,-4933,-4578,-4223,-3868,-3513,-3158,-2803,-2448,-2093,-1738,-1383,-1028,-673,-318,MAX=62872
38,393,748,1103,1458,1813,2168,2523,2878,3233,3588,3943,4298,4653,5008,5363,5718,6073,6428,6783,7138,7493,7848,8203,8558,8913,9268,9623,9978,10333,10688,11043,11398,11753,12108,12463,12818,13173,13528,13883,14238,14593,14948,15303,15658,16013,16368,16723,17078,17433,17788,18143,18498,18853,19208,19563,19918,20273,20628,20983,21338,21693,22048,22403,22758,23113,23468,23823,24178,24533,24888,25243,25598,25953,26308,26663,27018,27373,27728,28083,28438,28793,29148,29503,29858,30213,30568,30923,31278,31633,31988,32343,32698,33053,33408,33763,34118,34473,34828,35183,35538,35893,36248,36603,36958,37313,37668,38023,38378,38733,39088,39443,39798,40153,40508,40863,41218,41573,41928,42283,42638,42993,43348,43703,44058,44413,44768,45123,45478,45833,46188,46543,46898,47253,47608,47963,48318,48673,49028,49383,49738,50093,50448,50803,51158,51513,51868,52223,52578,52933,53288,53643,53998,54353,54708,55063,55418,55773,56128,56483,56838,57193,57548,57903,58258,58613,58968,59323,59678,60033,60388,60743,61098,61453,61808,62163,62518,62873,-62797,-62442,-62087,-61732,-61377,-61022,-60667,-60312,-59957,-59602,-59247,-58892,-58537,-58182,-57827,-57472,-57117,-56762,-56407,-56052,-55697,-55342,-54987,-54632,-54277,-53922,-53567,-53212,-52857,-52502,-52147,-51792,-51437,-51082,-50727,-50372,-50017,-49662,-49307,-48952,-48597,-48242,-47887,-47532,-47177,-46822,-46467,-46112,-45757,-45402,-45047,-44692,-44337,-43982,-43627,-43272,-42917,-42562,-42207,-41852,-41497,-41142,-40787,-40432,-40077,-39722,-39367,-39012,-38657,-38302,-37947,-37592,-37237,-36882,-36527,-36172,-35817,-35462,-35107,-34752,-34397,-34042,-33687,-33332,-32977,-32622,-32267,-31912,-31557,-31202,-30847,-30492,-30137,-29782,-29427,-29072,-28717,-28362,-28007,-27652,-27297,-26942,-26587,-26232,-25877,-25522,-25167,-24812,-24457,-24102,-23747,-23392,-23037,-22682,-22327,-21972,-21617,-21262,-20907,-20552,-20197,-19842,-19487,-19132,-18777,-18422,-18067,-17712,-17357,-17002,-16647,-16292,-15937,-15582,-15227,-14872,-14517,-14162,-13807,-13490,-13452,-13097,-12742,-12387,-12032,-11677,-11322,-10967,-10612,-10257,-9902,-9547,-9192,-8837,-8482,-8127,-7772,-7417,-7062,-6707,-6352,-5997,-5642,-5287,-4932,-4577,-4222,-3867,-3512,-3157,-2802,-2447,-2092,-1737,-1382,-1027,-672,-317,MAX=62873
39,394,749,1104,1459,1814,2169,2524,2879,3234,3589,3944,4299,4654,5009,5364,5719,6074,6429,6784,7139,7494,7849,8204,8559,8914,9269,9624,9979,10334,10689,11044,11399,11754,12109,12464,12819,13174,13529,13884,14239,14594,14949,15304,15659,16014,16369,16724,17079,17434,17789,18144,18499,18854,19209,19564,19919,20274,20629,20984,21339,21694,22049,22404,22759,23114,23469,23824,24179,24534,24889,25244,25599,25954,26309,26664,27019,27374,27729,28084,28439,28794,29149,29504,29859,30214,30569,30924,31279,31634,31989,32344,32699,33054,33409,33764,34119,34474,34829,35184,35539,35894,36249,36604,36959,37314,37669,38024,38379,38734,39089,39444,39799,40154,40509,40864,41219,41574,41929,42284,42639,42994,43349,43704,44059,44414,44769,45124,45479,45834,46189,46544,46899,47254,47609,47964,48319,48674,49029,49384,49739,50094,50449,50804,51159,51514,51869,52224,52579,52934,53289,53644,53999,54354,54709,55064,55419,55774,56129,56484,56839,57194,57549,57904,58259,58614,58969,59324,59679,60034,60389,60744,61099,61454,61809,62164,62519,62874,-62796,-62441,-62086,-61731,-61376,-61021,-60666,-60311,-59956,-59601,-59246,-58891,-58536,-58181,-57826,-57471,-57116,-56761,-56406,-56051,-55696,-55341,-54986,-54631,-54276,-53921,-53566,-53211,-52856,-52501,-52146,-51791,-51436,-51081,-50726,-50371,-50016,-49661,-49306,-48951,-48596,-48241,-47886,-47531,-47176,-46821,-46466,-46111,-45756,-45401,-45046,-44691,-44336,-43981,-43626,-43271,-42916,-42561,-42206,-41851,-41496,-41141,-40786,-40431,-40076,-39721,-39366,-39011,-38656,-38301,-37946,-37591,-37236,-36881,-36526,-36171,-35816,-35461,-35106,-34751,-34396,-34041,-33686,-33331,-32976,-32621,-32266,-31911,-31556,-31201,-30846,-30491,-30136,-29781,-29426,-29071,-28716,-28361,-28006,-27651,-27296,-26941,-26586,-26231,-25876,-25521,-25166,-24811,-24456,-24101,-23746,-23391,-23036,-22681,-22326,-21971,-21616,-21261,-20906,-20551,-20196,-19841,-19486,-19131,-18776,-18421,-18066,-17711,-17356,-17001,-16646,-16291,-15936,-15581,-15226,-14871,-14516,-14161,-13845,-13806,-13451,-13096,-12741,-12386,-12031,-11676,-11321,-10966,-10611,-10256,-9901,-9546,-9191,-8836,-8481,-8126,-7771,-7416,-7061,-6706,-6351,-5996,-5641,-5286,-4931,-4576,-4221,-3866,-3511,-3156,-2801,-2446,-2091,-1736,-1381,-1026,-671,-316,MAX=62874
40,395,750,1105,1460,1815,2170,2525,2880,3235,3590,3945,4300,4655,5010,5365,5720,6075,6430,6785,7140,7495,7850,8205,8560,8915,9270,9625,9980,10335,10690,11045,11400,11755,12110,12465,12820,13175,13530,13885,14240,14595,14950,15305,15660,16015,16370,16725,17080,17435,17790,18145,18500,18855,19210,19565,19920,20275,20630,20985,21340,21695,22050,22405,22760,23115,23470,23825,24180,24535,24890,25245,25600,25955,26310,26665,27020,27375,27730,28085,28440,28795,29150,29505,29860,30215,30570,30925,31280,31635,31990,32345,32700,33055,33410,33765,34120,34475,34830,35185,35540,35895,36250,36605,36960,37315,37670,38025,38380,38735,39090,39445,39800,40155,40510,40865,41220,41575,41930,42285,42640,42995,43350,43705,44060,44415,44770,45125,45480,45835,46190,46545,46900,47255,47610,47965,48320,48675,49030,49385,49740,50095,50450,50805,51160,51515,51870,52225,52580,52935,53290,53645,54000,54355,54710,55065,55420,55775,56130,56485,56840,57195,57550,57905,58260,58615,58970,59325,59680,60035,60390,60745,61100,61455,61810,62165,62520,62875,-62795,-62440,-62085,-61730,-61375,-61020,-60665,-60310,-59955,-59600,-59245,-58890,-58535,-58180,-57825,-57470,-57115,-56760,-56405,-56050,-55695,-55340,-54985,-54630,-54275,-53920,-53565,-53210,-52855,-52500,-52145,-51790,-51435,-51080,-50725,-50370,-50015,-49660,-49305,-48950,-48595,-48240,-47885,-47530,-47175,-46820,-46465,-46110,-45755,-45400,-45045,-44690,-44335,-43980,-43625,-43270,-42915,-42560,-42205,-41850,-41495,-41140,-40785,-40430,-40075,-39720,-39365,-39010,-38655,-38300,-37945,-37590,-37235,-36880,-36525,-36170,-35815,-35460,-35105,-34750,-34395,-34040,-33685,-33330,-32975,-32620,-32265,-31910,-31555,-31200,-30845,-30490,-30135,-29780,-29425,-29070,-28715,-28360,-28005,-27650,-27295,-26940,-26585,-26230,-25875,-25520,-25165,-24810,-24455,-24100,-23745,-23390,-23035,-22680,-22325,-21970,-21615,-21260,-20905,-20550,-20195,-19840,-19485,-19130,-18775,-18420,-18065,-17710,-17355,-17000,-16645,-16290,-15935,-15580,-15225,-14870,-14515,-14200,-14160,-13805,-13450,-13095,-12740,-12385,-12030,-11675,-11320,-10965,-10610,-10255,-9900,-9545,-9190,-8835,-8480,-8125,-7770,-7415,-7060,-6705,-6350,-5995,-5640,-5285,-4930,-4575,-4220,-3865,-3510,-3155,-2800,-2445,-2090,-1735,-1380,-1025,-670,-315,MAX=62875
41,396,751,1106,1461,1816,2171,2526,2881,3236,3591,3946,4301,4656,5011,5366,5721,6076,6431,6786,7141,7496,7851,8206,8561,8916,9271,9626,9981,10336,10691,11046,11401,11756,12111,12466,12821,13176,13531,13886,14241,14596,14951,15306,15661,16016,16371,16726,17081,17436,17791,18146,18501,18856,19211,19566,19921,20276,20631,20986,21341,21696,22051,22406,22761,23116,23471,23826,24181,24536,24891,25246,25601,25956,26311,26666,27021,27376,27731,28086,28441,28796,29151,29506,29861,30216,30571,30926,31281,31636,31991,32346,32701,33056,33411,33766,34121,34476,34831,35186,35541,35896,36251,36606,36961,37316,37671,38026,38381,38736,39091,39446,39801,40156,40511,40866,41221,41576,41931,42286,42641,42996,43351,43706,44061,44416,44771,45126,45481,45836,46191,46546,46901,47256,47611,47966,48321,48676,49031,49386,49741,50096,50451,50806,51161,51516,51871,52226,52581,52936,53291,53646,54001,54356,54711,55066,55421,55776,56131,56486,56841,57196,57551,57906,58261,58616,58971,59326,59681,60036,60391,60746,61101,61456,61811,62166,62521,62876,-62794,-62439,-62084,-61729,-61374,-61019,-60664,-60309,-59954,-59599,-59244,-58889,-58534,-58179,-57824,-57469,-57114,-56759,-56404,-56049,-55694,-55339,-54984,-54629,-54274,-53919,-53564,-53209,-52854,-52499,-52144,-51789,-51434,-51079,-50724,-50369,-50014,-49659,-49304,-48949,-48594,-48239,-47884,-47529,-47174,-46819,-46464,-46109,-45754,-45399,-45044,-44689,-44334,-43979,-43624,-43269,-42914,-42559,-42204,-41849,-41494,-41139,-40784,-40429,-40074,-39719,-39364,-39009,-38654,-38299,-37944,-37589,-37234,-36879,-36524,-36169,-35814,-35459,-35104,-34749,-34394,-34039,-33684,-33329,-32974,-32619,-32264,-31909,-31554,-31199,-30844,-30489,-30134,-29779,-29424,-29069,-28714,-28359,-28004,-27649,-27294,-26939,-26584,-26229,-25874,-25519,-25164,-24809,-24454,-24099,-23744,-23389,-23034,-22679,-22324,-21969,-21614,-21259,-20904,-20549,-20194,-19839,-19484,-19129,-18774,-18419,-18064,-17709,-17354,-16999,-16644,-16289,-15934,-15579,-15224,-14869,-14555,-14514,-14159,-13804,-13449,-13094,-12739,-12384,-12029,-11674,-11319,-10964,-10609,-10254,-9899,-9544,-9189,-8834,-8479,-8124,-7769,-7414,-7059,-6704,-6349,-5994,-5639,-5284,-4929,-4574,-4219,-3864,-3509,-3154,-2799,-2444,-2089,-1734,-1379,-1024,-669,-314,MAX=62876
42,397,752,1107,1462,1817,2172,2527,2882,3237,3592,3947,4302,4657,5012,5367,5722,6077,6432,6787,7142,7497,7852,8207,8562,8917,9272,9627,9982,10337,10692,11047,11402,11757,12112,12467,12822,13177,13532,13887,14242,14597,14952,15307,15662,16017,16372,16727,17082,17437,17792,18147,18502,18857,19212,19567,19922,20277,20632,20987,21342,21697,22052,22407,22762,23117,23472,23827,24182,24537,24892,25247,25602,25957,26312,26667,27022,27377,27732,28087,28442,28797,29152,29507,29862,30217,30572,30927,31282,31637,31992,32347,32702,33057,33412,33767,34122,34477,34832,35187,35542,35897,36252,36607,36962,37317,37672,38027,38382,38737,39092,39447,39802,40157,40512,40867,41222,41577,41932,42287,42642,42997,43352,43707,44062,44417,44772,45127,45482,45837,46192,46547,46902,47257,47612,47967,48322,48677,49032,49387,49742,50097,50452,50807,51162,51517,51872,52227,52582,52937,53292,53647,54002,54357,54712,55067,55422,55777,56132,56487,56842,57197,57552,57907,58262,58617,58972,59327,59682,60037,60392,60747,61102,61457,61812,62167,62522,62877,-62793,-62438,-62083,-61728,-61373,-61018,-60663,-60308,-59953,-59598,-59243,-58888,-58533,-58178,-57823,-57468,-57113,-56758,-56403,-56048,-55693,-55338,-54983,-54628,-54273,-53918,-53563,-53208,-52853,-52498,-52143,-51788,-51433,-51078,-50723,-50368,-50013,-49658,-49303,-48948,-48593,-48238,-47883,-47528,-47173,-46818,-46463,-46108,-45753,-45398,-45043,-44688,-44333,-43978,-43623,-43268,-42913,-42558,-42203,-41848,-41493,-41138,-40783,-40428,-40073,-39718,-39363,-39008,-38653,-38298,-37943,-37588,-37233,-36878,-36523,-36168,-35813,-35458,-35103,-34748,-34393,-34038,-33683,-33328,-32973,-32618,-32263,-31908,-31553,-31198,-30843,-30488,-30133,-29778,-29423,-29068,-28713,-28358,-28003,-27648,-27293,-26938,-26583,-26228,-25873,-25518,-25163,-24808,-24453,-24098,-23743,-23388,-23033,-22678,-22323,-21968,-21613,-21258,-20903,-20548,-20193,-19838,-19483,-19128,-18773,-18418,-18063,-17708,-17353,-16998,-16643,-16288,-15933,-15578,-15223,-14910,-14868,-14513,-14158,-13803,-13448,-13093,-12738,-12383,-12028,-11673,-11318,-10963,-10608,-10253,-9898,-9543,-9188,-8833,-8478,-8123,-7768,-7413,-7058,-6703,-6348,-5993,-5638,-5283,-4928,-4573,-4218,-3863,-3508,-3153,-2798,-2443,-2088,-1733,-1378,-1023,-668,-313,MAX=62877
43,398,753,1108,1463,1818,2173,2528,2883,3238,3593,3948,4303,4658,5013,5368,5723,6078,6433,6788,7143,7498,7853,8208,8563,8918,9273,9628,9983,10338,10693,11048,11403,11758,12113,12468,12823,13178,13533,13888,14243,14598,14953,15308,15663,16018,16373,16728,17083,17438,17793,18148,18503,18858,19213,19568,19923,20278,20633,20988,21343,21698,22053,22408,22763,23118,23473,23828,24183,24538,24893,25248,25603,25958,26313,26668,27023,27378,27733,28088,28443,28798,29153,29508,29863,30218,30573,30928,31283,31638,31993,32348,32703,33058,33413,33768,34123,34478,34833,35188,35543,35898,36253,36608,36963,37318,37673,38028,38383,38738,39093,39448,39803,40158,40513,40868,41223,41578,41933,42288,42643,42998,43353,43708,44063,44418,44773,45128,45483,45838,46193,46548,46903,47258,47613,47968,48323,48678,49033,49388,49743,50098,50453,50808,51163,51518,51873,52228,52583,52938,53293,53648,54003,54358,54713,55068,55423,55778,56133,56488,56843,57198,57553,57908,58263,58618,58973,59328,59683,60038,60393,60748,61103,61458,61813,62168,62523,62878,-62792,-62437,-62082,-61727,-61372,-61017,-60662,-60307,-59952,-59597,-59242,-58887,-58532,-58177,-57822,-57467,-57112,-56757,-56402,-56047,-55692,-55337,-54982,-54627,-54272,-53917,-53562,-53207,-52852,-52497,-52142,-51787,-51432,-51077,-50722,-50367,-50012,-49657,-49302,-48947,-48592,-48237,-47882,-47527,-47172,-46817,-46462,-46107,-45752,-45397,-45042,-44687,-44332,-43977,-43622,-43267,-42912,-42557,-42202,-41847,-41492,-41137,-40782,-40427,-40072,-39717,-39362,-39007,-38652,-38297,-37942,-37587,-37232,-36877,-36522,-36167,-35812,-35457,-35102,-34747,-34392,-34037,-33682,-33327,-32972,-32617,-32262,-31907,-31552,-31197,-30842,-30487,-30132,-29777,-29422,-29067,-28712,-28357,-28002,-27647,-27292,-26937,-26582,-26227,-25872,-25517,-25162,-24807,-24452,-24097,-23742,-23387,-23032,-22677,-22322,-21967,-21612,-21257,-20902,-20547,-20192,-19837,-19482,-19127,-18772,-18417,-18062,-17707,-17352,-16997,-16642,-16287,-15932,-15577,-15265,-15222,-14867,-14512,-14157,-13802,-13447,-13092,-12737,-12382,-12027,-11672,-11317,-10962,-10607,-10252,-9897,-9542,-9187,-8832,-8477,-8122,-7767,-7412,-7057,-6702,-6347,-5992,-5637,-5282,-4927,-4572,-4217,-3862,-3507,-3152,-2797,-2442,-2087,-1732,-1377,-1022,-667,-312,MAX=62878
44,399,754,1109,1464,1819,2174,2529,2884,3239,3594,3949,4304,4659,5014,5369,5724,6079,6434,6789,7144,7499,7854,8209,8564,8919,9274,9629,9984,10339,10694,11049,11404,11759,12114,12469,12824,13179,13534,13889,14244,14599,14954,15309,15664,16019,16374,16729,17084,17439,17794,18149,18504,18859,19214,19569,19924,20279,20634,20989,21344,21699,22054,22409,22764,23119,23474,23829,24184,24539,24894,25249,25604,25959,26314,26669,27024,27379,27734,28089,28444,28799,29154,29509,29864,30219,30574,30929,31284,31639,31994,32349,32704,33059,33414,33769,34124,34479,34834,35189,35544,35899,36254,36609,36964,37319,37674,38029,38384,38739,39094,39449,39804,40159,40514,40869,41224,41579,41934,42289,42644,42999,43354,43709,44064,44419,44774,45129,45484,45839,46194,46549,46904,47259,47614,47969,48324,48679,49034,49389,49744,50099,50454,50809,51164,51519,51874,52229,52584,52939,53294,53649,54004,54359,54714,55069,55424,55779,56134,56489,56844,57199,57554,57909,58264,58619,58974,59329,59684,60039,60394,60749,61104,61459,61814,62169,62524,62879,-62791,-62436,-62081,-61726,-61371,-61016,-60661,-60306,-59951,-59596,-59241,-58886,-58531,-58176,-57821,-57466,-57111,-56756,-56401,-56046,-55691,-55336,-54981,-54626,-54271,-53916,-53561,-53206,-52851,-52496,-52141,-51786,-51431,-51076,-50721,-50366,-50011,-49656,-49301,-48946,-48591,-48236,-47881,-47526,-47171,-46816,-46461,-46106,-45751,-45396,-45041,-44686,-44331,-43976,-43621,-43266,-42911,-42556,-42201,-41846,-41491,-41136,-40781,-40426,-40071,-39716,-39361,-39006,-38651,-38296,-37941,-37586,-37231,-36876,-36521,-36166,-35811,-35456,-35101,-34746,-34391,-34036,-33681,-33326,-32971,-32616,-32261,-31906,-31551,-31196,-30841,-30486,-30131,-29776,-29421,-29066,-28711,-28356,-28001,-27646,-27291,-26936,-26581,-26226,-25871,-25516,-25161,-24806,-24451,-24096,-23741,-23386,-23031,-22676,-22321,-21966,-21611,-21256,-20901,-20546,-20191,-19836,-19481,-19126,-18771,-18416,-18061,-17706,-17351,-16996,-16641,-16286,-15931,-15620,-15576,-15221,-14866,-14511,-14156,-13801,-13446,-13091,-12736,-12381,-12026,-11671,-11316,-10961,-10606,-10251,-9896,-9541,-9186,-8831,-8476,-8121,-7766,-7411,-7056,-6701,-6346,-5991,-5636,-5281,-4926,-4571,-4216,-3861,-3506,-3151,-2796,-2441,-2086,-1731,-1376,-1021,-666,-311,MAX=62879
45,400,755,1110,1465,1820,2175,2530,2885,3240,3595,3950,4305,4660,5015,5370,5725,6080,6435,6790,7145,7500,7855,8210,8565,8920,9275,9630,9985,10340,10695,11050,11405,11760,12115,12470,12825,13180,13535,13890,14245,14600,14955,15310,15665,16020,16375,16730,17085,17440,17795,18150,18505,18860,19215,19570,19925,20280,20635,20990,21345,21700,22055,22410,22765,23120,23475,23830,24185,24540,24895,25250,25605,25960,26315,26670,27025,27380,27735,28090,28445,28800,29155,29510,29865,30220,30575,30930,31285,31640,31995,32350,32705,33060,33415,33770,34125,34480,34835,35190,35545,35900,36255,36610,36965,37320,37675,38030,38385,38740,39095,39450,39805,40160,40515,40870,41225,41580,41935,42290,42645,43000,43355,43710,44065,44420,44775,45130,45485,45840,46195,46550,46905,47260,47615,47970,48325,48680,49035,49390,49745,50100,50455,50810,51165,51520,51875,52230,52585,52940,53295,53650,54005,54360,54715,55070,55425,55780,56135,56490,56845,57200,57555,57910,58265,58620,58975,59330,59685,60040,60395,60750,61105,61460,61815,62170,62525,62880,-62790,-62435,-62080,-61725,-61370,-61015,-60660,-60305,-59950,-59595,-59240,-58885,-58530,-58175,-57820,-57465,-57110,-56755,-56400,-56045,-55690,-55335,-54980,-54625,-54270,-53915,-53560,-53205,-52850,-52495,-52140,-51785,-51430,-51075,-50720,-50365,-50010,-49655,-49300,-48945,-48590,-48235,-47880,-47525,-47170,-46815,-46460,-46105,-45750,-45395,-45040,-44685,-44330,-43975,-43620,-43265,-42910,-42555,-42200,-41845,-41490,-41135,-40780,-40425,-40070,-39715,-39360,-39005,-38650,-38295,-37940,-37585,-37230,-36875,-36520,-36165,-35810,-35455,-35100,-34745,-34390,-34035,-33680,-33325,-32970,-32615,-32260,-31905,-31550,-31195,-30840,-30485,-30130,-29775,-29420,-29065,-28710,-28355,-28000,-27645,-27290,-26935,-26580,-26225,-25870,-25515,-25160,-24805,-24450,-24095,-23740,-23385,-23030,-22675,-22320,-21965,-21610,-21255,-20900,-20545,-20190,-19835,-19480,-19125,-18770,-18415,-18060,-17705,-17350,-16995,-16640,-16285,-15975,-15930,-15575,-15220,-14865,-14510,-14155,-13800,-13445,-13090,-12735,-12380,-12025,-11670,-11315,-10960,-10605,-10250,-9895,-9540,-9185,-8830,-8475,-8120,-7765,-7410,-7055,-6700,-6345,-5990,-5635,-5280,-4925,-4570,-4215,-3860,-3505,-3150,-2795,-2440,-2085,-1730,-1375,-1020,-665,-310,MAX=62880
46,401,756,1111,1466,1821,2176,2531,2886,3241,3596,3951,4306,4661,5016,5371,5726,6081,6436,6791,7146,7501,7856,8211,8566,8921,9276,9631,9986,10341,10696,11051,11406,11761,12116,12471,12826,13181,13536,13891,14246,14601,14956,15311,15666,16021,16376,16731,17086,17441,17796,18151,18506,18861,19216,19571,19926,20281,20636,20991,21346,21701,22056,22411,22766,23121,23476,23831,24186,24541,24896,25251,25606,25961,26316,26671,27026,27381,27736,28091,28446,28801,29156,29511,29866,30221,30576,30931,31286,31641,31996,32351,32706,33061,33416,33771,34126,34481,34836,35191,35546,35901,36256,36611,36966,37321,37676,38031,38386,38741,39096,39451,39806,40161,40516,40871,41226,41581,41936,42291,42646,43001,43356,43711,44066,44421,44776,45131,45486,45841,46196,46551,46906,47261,47616,47971,48326,48681,49036,49391,49746,50101,50456,50811,51166,51521,51876,52231,52586,52941,53296,53651,54006,54361,54716,55071,55426,55781,56136,56491,56846,57201,57556,57911,58266,58621,58976,59331,59686,60041,60396,60751,61106,61461,61816,62171,62526,62881,-62789,-62434,-62079,-61724,-61369,-61014,-60659,-60304,-59949,-59594,-59239,-58884,-58529,-58174,-57819,-57464,-57109,-56754,-56399,-56044,-55689,-55334,-54979,-54624,-54269,-53914,-53559,-53204,-52849,-52494,-52139,-51784,-51429,-51074,-50719,-50364,-50009,-49654,-49299,-48944,-48589,-48234,-47879,-47524,-47169,-46814,-46459,-46104,-45749,-45394,-45039,-44684,-44329,-43974,-43619,-43264,-42909,-42554,-42199,-41844,-41489,-41134,-40779,-40424,-40069,-39714,-39359,-39004,-38649,-38294,-37939,-37584,-37229,-36874,-36519,-36164,-35809,-35454,-35099,-34744,-34389,-34034,-33679,-33324,-32969,-32614,-32259,-31904,-31549,-31194,-30839,-30484,-30129,-29774,-29419,-29064,-28709,-28354,-27999,-27644,-27289,-26934,-26579,-26224,-25869,-25514,-25159,-24804,-24449,-24094,-23739,-23384,-23029,-22674,-22319,-21964,-21609,-21254,-20899,-20544,-20189,-19834,-19479,-19124,-18769,-18414,-18059,-17704,-17349,-16994,-16639,-16330,-16284,-15929,-15574,-15219,-14864,-14509,-14154,-13799,-13444,-13089,-12734,-12379,-12024,-11669,-11314,-10959,-10604,-10249,-9894,-9539,-9184,-8829,-8474,-8119,-7764,-7409,-7054,-6699,-6344,-5989,-5634,-5279,-4924,-4569,-4214,-3859,-3504,-3149,-2794,-2439,-2084,-1729,-1374,-1019,-664,-309,MAX=62881
47,402,757,1112,1467,1822,2177,2532,2887,3242,3597,3952,4307,4662,5017,5372,5727,6082,6437,6792,7147,7502,7857,8212,8567,8922,9277,9632,9987,10342,10697,11052,11407,11762,12117,12472,12827,13182,13537,13892,14247,14602,14957,15312,15667,16022,16377,16732,17087,17442,17797,18152,18507,18862,19217,19572,19927,20282,20637,20992,21347,21702,22057,22412,22767,23122,23477,23832,24187,24542,24897,25252,25607,25962,26317,26672,27027,27382,27737,28092,28447,28802,29157,29512,29867,30222,30577,30932,31287,31642,31997,32352,32707,33062,33417,33772,34127,34482,34837,35192,35547,35902,36257,36612,36967,37322,37677,38032,38387,38742,39097,39452,39807,40162,40517,40872,41227,41582,41937,42292,42647,43002,43357,43712,44067,44422,44777,45132,45487,45842,46197,46552,46907,47262,47617,47972,48327,48682,49037,49392,49747,50102,50457,50812,51167,51522,51877,52232,52587,52942,53297,53652,54007,54362,54717,55072,55427,55782,56137,56492,56847,57202,57557,57912,58267,58622,58977,59332,59687,60042,60397,60752,61107,61462,61817,62172,62527,62882,-62788,-62433,-62078,-61723,-61368,-61013,-60658,-60303,-59948,-59593,-59238,-58883,-58528,-58173,-57818,-57463,-57108,-56753,-56398,-56043,-55688,-55333,-54978,-54623,-54268,-53913,-53558,-53203,-52848,-52493,-52138,-51783,-51428,-51073,-50718,-50363,-50008,-49653,-49298,-48943,-48588,-48233,-47878,-47523,-47168,-46813,-46458,-46103,-45748,-45393,-45038,-44683,-44328,-43973,-43618,-43263,-42908,-42553,-42198,-41843,-41488,-41133,-40778,-40423,-40068,-39713,-39358,-39003,-38648,-38293,-37938,-37583,-37228,-36873,-36518,-36163,-35808,-35453,-35098,-34743,-34388,-34033,-33678,-33323,-32968,-32613,-32258,-31903,-31548,-31193,-30838,-30483,-30128,-29773,-29418,-29063,-28708,-28353,-27998,-27643,-27288,-26933,-26578,-26223,-25868,-25513,-25158,-24803,-24448,-24093,-23738,-23383,-23028,-22673,-22318,-21963,-21608,-21253,-20898,-20543,-20188,-19833,-19478,-19123,-18768,-18413,-18058,-17703,-17348,-16993,-16685,-16638,-16283,-15928,-15573,-15218,-14863,-14508,-14153,-13798,-13443,-13088,-12733,-12378,-12023,-11668,-11313,-10958,-10603,-10248,-9893,-9538,-9183,-8828,-8473,-8118,-7763,-7408,-7053,-6698,-6343,-5988,-5633,-5278,-4923,-4568,-4213,-3858,-3503,-3148,-2793,-2438,-2083,-1728,-1373,-1018,-663,-308,MAX=62882
48,403,758,1113,1468,1823,2178,2533,2888,3243,3598,3953,4308,4663,5018,5373,5728,6083,6438,6793,7148,7503,7858,8213,8568,8923,9278,9633,9988,10343,10698,11053,11408,11763,12118,12473,12828,13183,13538,13893,14248,14603,14958,15313,15668,16023,16378,16733,17088,17443,17798,18153,18508,18863,19218,19573,19928,20283,20638,20993,21348,21703,22058,22413,22768,23123,23478,23833,24188,24543,24898,25253,25608,25963,26318,26673,27028,27383,27738,28093,28448,28803,29158,29513,29868,30223,30578,30933,31288,31643,31998,32353,32708,33063,33418,33773,34128,34483,34838,35193,35548,35903,36258,36613,36968,37323,37678,38033,38388,38743,39098,39453,39808,40163,40518,40873,41228,41583,41938,42293,42648,43003,43358,43713,44068,44423,44778,45133,45488,45843,46198,46553,46908,47263,47618,47973,48328,48683,49038,49393,49748,50103,50458,50813,51168,51523,51878,52233,52588,52943,53298,53653,54008,54363,54718,55073,55428,55783,56138,56493,56848,57203,57558,57913,58268,58623,58978,59333,59688,60043,60398,60753,61108,61463,61818,62173,62528,62883,-62787,-62432,-62077,-61722,-61367,-61012,-60657,-60302,-59947,-59592,-59237,-58882,-58527,-58172,-57817,-57462,-57107,-56752,-56397,-56042,-55687,-55332,-54977,-54622,-54267,-53912,-53557,-53202,-52847,-52492,-52137,-51782,-51427,-51072,-50717,-50362,-50007,-49652,-49297,-48942,-48587,-48232,-47877,-47522,-47167,-46812,-46457,-46102,-45747,-45392,-45037,-44682,-44327,-43972,-43617,-43262,-42907,-42552,-42197,-41842,-41487,-41132,-40777,-40422,-40067,-39712,-39357,-39002,-38647,-38292,-37937,-37582,-37227,-36872,-36517,-36162,-35807,-35452,-35097,-34742,-34387,-34032,-33677,-33322,-32967,-32612,-32257,-31902,-31547,-31192,-30837,-30482,-30127,-29772,-29417,-29062,-28707,-28352,-27997,-27642,-27287,-26932,-26577,-26222,-25867,-25512,-25157,-24802,-24447,-24092,-23737,-23382,-23027,-22672,-22317,-21962,-21607,-21252,-20897,-20542,-20187,-19832,-19477,-19122,-18767,-18412,-18057,-17702,-17347,-17040,-16992,-16637,-16282,-15927,-15572,-15217,-14862,-14507,-14152,-13797,-13442,-13087,-12732,-12377,-12022,-11667,-11312,-10957,-10602,-10247,-9892,-9537,-9182,-8827,-8472,-8117,-7762,-7407,-7052,-6697,-6342,-5987,-5632,-5277,-4922,-4567,-4212,-3857,-3502,-3147,-2792,-2437,-2082,-1727,-1372,-1017,-662,-307,MAX=62883
49,404,759,1114,1469,1824,2179,2534,2889,3244,3599,3954,4309,4664,5019,5374,5729,6084,6439,6794,7149,7504,7859,8214,8569,8924,9279,9634,9989,10344,10699,11054,11409,11764,12119,12474,12829,13184,13539,13894,14249,14604,14959,15314,15669,16024,16379,16734,17089,17444,17799,18154,18509,18864,19219,19574,19929,20284,20639,20994,21349,21704,22059,22414,22769,23124,23479,23834,24189,24544,24899,25254,25609,25964,26319,26674,27029,27384,27739,28094,28449,28804,29159,29514,29869,30224,30579,30934,31289,31644,31999,32354,32709,33064,33419,33774,34129,34484,34839,35194,35549,35904,36259,36614,36969,37324,37679,38034,38389,38744,39099,39454,39809,40164,40519,40874,41229,41584,41939,42294,42649,43004,43359,43714,44069,44424,44779,45134,45489,45844,46199,46554,46909,47264,47619,47974,48329,48684,49039,49394,49749,50104,50459,50814,51169,51524,51879,52234,52589,52944,53299,53654,54009,54364,54719,55074,55429,55784,56139,56494,56849,57204,57559,57914,58269,58624,58979,59334,59689,60044,60399,60754,61109,61464,61819,62174,62529,62884,-62786,-62431,-62076,-61721,-61366,-61011,-60656,-60301,-59946,-59591,-59236,-58881,-58526,-58171,-57816,-57461,-57106,-56751,-56396,-56041,-55686,-55331,-54976,-54621,-54266,-53911,-53556,-53201,-52846,-52491,-52136,-51781,-51426,-51071,-50716,-50361,-50006,-49651,-49296,-48941,-48586,-48231,-47876,-47521,-47166,-46811,-46456,-46101,-45746,-45391,-45036,-44681,-44326,-43971,-43616,-43261,-42906,-42551,-42196,-41841,-41486,-41131,-40776,-40421,-40066,-39711,-39356,-39001,-38646,-38291,-37936,-37581,-37226,-36871,-36516,-36161,-35806,-35451,-35096,-34741,-34386,-34031,-33676,-33321,-32966,-32611,-32256,-31901,-31546,-31191,-30836,-30481,-30126,-29771,-29416,-29061,-28706,-28351,-27996,-27641,-27286,-26931,-26576,-26221,-25866,-25511,-25156,-24801,-24446,-24091,-23736,-23381,-23026,-22671,-22316,-21961,-21606,-21251,-20896,-20541,-20186,-19831,-19476,-19121,-18766,-18411,-18056,-17701,-17395,-17346,-16991,-16636,-16281,-15926,-15571,-15216,-14861,-14506,-14151,-13796,-13441,-13086,-12731,-12376,-12021,-11666,-11311,-10956,-10601,-10246,-9891,-9536,-9181,-8826,-8471,-8116,-7761,-7406,-7051,-6696,-6341,-5986,-5631,-5276,-4921,-4566,-4211,-3856,-3501,-3146,-2791,-2436,-2081,-1726,-1371,-1016,-661,-306,MAX=62884
50,405,760,1115,1470,1825,2180,2535,2890,3245,3600,3955,4310,4665,5020,5375,5730,6085,6440,6795,7150,7505,7860,8215,8570,8925,9280,9635,9990,10345,10700,11055,11410,11765,12120,12475,12830,13185,13540,13895,14250,14605,14960,15315,15670,16025,16380,16735,17090,17445,17800,18155,18510,18865,19220,19575,19930,20285,20640,20995,21350,21705,22060,22415,22770,23125,23480,23835,24190,24545,24900,25255,25610,25965,26320,26675,27030,27385,27740,28095,28450,28805,29160,29515,29870,30225,30580,30935,31290,31645,32000,32355,32710,33065,33420,33775,34130,34485,34840,35195,35550,35905,36260,36615,36970,37325,37680,38035,38390,38745,39100,39455,39810,40165,40520,40875,41230,41585,41940,42295,42650,43005,43360,43715,44070,44425,44780,45135,45490,45845,46200,46555,46910,47265,47620,47975,48330,48685,49040,49395,49750,50105,50460,50815,51170,51525,51880,52235,52590,52945,53300,53655,54010,54365,54720,55075,55430,55785,56140,56495,56850,57205,57560,57915,58270,58625,58980,59335,59690,60045,60400,60755,61110,61465,61820,62175,62530,62885,-62785,-62430,-62075,-61720,-61365,-61010,-60655,-60300,-59945,-59590,-59235,-58880,-58525,-58170,-57815,-57460,-57105,-56750,-56395,-56040,-55685,-55330,-54975,-54620,-54265,-53910,-53555,-53200,-52845,-52490,-52135,-51780,-51425,-51070,-50715,-50360,-50005,-49650,-49295,-48940,-48585,-48230,-47875,-47520,-47165,-46810,-46455,-46100,-45745,-45390,-45035,-44680,-44325,-43970,-43615,-43260,-42905,-42550,-42195,-41840,-41485,-41130,-40775,-40420,-40065,-39710,-39355,-39000,-38645,-38290,-37935,-37580,-37225,-36870,-36515,-36160,-35805,-35450,-35095,-34740,-34385,-34030,-33675,-33320,-32965,-32610,-32255,-31900,-31545,-31190,-30835,-30480,-30125,-29770,-29415,-29060,-28705,-28350,-27995,-27640,-27285,-26930,-26575,-26220,-25865,-25510,-25155,-24800,-24445,-24090,-23735,-23380,-23025,-22670,-22315,-21960,-21605,-21250,-20895,-20540,-20185,-19830,-19475,-19120,-18765,-18410,-18055,-17750,-17700,-17345,-16990,-16635,-16280,-15925,-15570,-15215,-14860,-14505,-14150,-13795,-13440,-13085,-12730,-12375,-12020,-11665,-11310,-10955,-10600,-10245,-9890,-9535,-9180,-8825,-8470,-8115,-7760,-7405,-7050,-6695,-6340,-5985,-5630,-5275,-4920,-4565,-4210,-3855,-3500,-3145,-2790,-2435,-2080,-1725,-1370,-1015,-660,-305,MAX=62885
51,406,761,1116,1471,1826,2181,2536,2891,3246,3601,3956,4311,4666,5021,5376,5731,6086,6441,6796,7151,7506,7861,8216,8571,8926,9281,9636,9991,10346,10701,11056,11411,11766,12121,12476,12831,13186,13541,13896,14251,14606,14961,15316,15671,16026,16381,16736,17091,17446,17801,18156,18511,18866,19221,19576,19931,20286,20641,20996,21351,21706,22061,22416,22771,23126,23481,23836,24191,24546,24901,25256,25611,25966,26321,26676,27031,27386,27741,28096,28451,28806,29161,29516,29871,30226,30581,30936,31291,31646,32001,32356,32711,33066,33421,33776,34131,34486,34841,35196,35551,35906,36261,36616,36971,37326,37681,38036,38391,38746,39101,39456,39811,40166,40521,40876,41231,41586,41941,42296,42651,43006,43361,43716,44071,44426,44781,45136,45491,45846,46201,46556,46911,47266,47621,47976,48331,48686,49041,49396,49751,50106,50461,50816,51171,51526,51881,52236,52591,52946,53301,53656,54011,54366,54721,55076,55431,55786,56141,56496,56851,57206,57561,57916,58271,58626,58981,59336,59691,60046,60401,60756,61111,61466,61821,62176,62531,62886,-62784,-62429,-62074,-61719,-61364,-61009,-60654,-60299,-59944,-59589,-59234,-58879,-58524,-58169,-57814,-57459,-57104,-56749,-56394,-56039,-55684,-55329,-54974,-54619,-54264,-53909,-53554,-53199,-52844,-52489,-52134,-51779,-51424,-51069,-50714,-50359,-50004,-49649,-49294,-48939,-48584,-48229,-47874,-47519,-47164,-46809,-46454,-46099,-45744,-45389,-45034,-44679,-44324,-43969,-43614,-43259,-42904,-42549,-42194,-41839,-41484,-41129,-40774,-40419,-40064,-39709,-39354,-38999,-38644,-38289,-37934,-37579,-37224,-36869,-36514,-36159,-35804,-35449,-35094,-34739,-34384,-34029,-33674,-33319,-32964,-32609,-32254,-31899,-31544,-31189,-30834,-30479,-30124,-29769,-29414,-29059,-28704,-28349,-27994,-27639,-27284,-26929,-26574,-26219,-25864,-25509,-25154,-24799,-24444,-24089,-23734,-23379,-23024,-22669,-22314,-21959,-21604,-21249,-20894,-20539,-20184,-19829,-19474,-19119,-18764,-18409,-18105,-18054,-17699,-17344,-16989,-16634,-16279,-15924,-15569,-15214,-14859,-14504,-14149,-13794,-13439,-13084,-12729,-12374,-12019,-11664,-11309,-10954,-10599,-10244,-9889,-9534,-9179,-8824,-8469,-8114,-7759,-7404,-7049,-6694,-6339,-5984,-5629,-5274,-4919,-4564,-4209,-3854,-3499,-3144,-2789,-2434,-2079,-1724,-1369,-1014,-659,-304,MAX=62886
52,407,762,1117,1472,1827,2182,2537,2892,3247,3602,3957,4312,4667,5022,5377,5732,6087,6442,6797,7152,7507,7862,8217,8572,8927,9282,9637,9992,10347,10702,11057,11412,11767,12122,12477,12832,13187,13542,13897,14252,14607,14962,15317,15672,16027,16382,16737,17092,17447,17802,18157,18512,18867,19222,19577,19932,20287,20642,20997,21352,21707,22062,22417,22772,23127,23482,23837,24192,24547,24902,25257,25612,25967,26322,26677,27032,27387,27742,28097,28452,28807,29162,29517,29872,30227,30582,30937,31292,31647,32002,32357,32712,33067,33422,33777,34132,34487,34842,35197,35552,35907,36262,36617,36972,37327,37682,38037,38392,38747,39102,39457,39812,40167,40522,40877,41232,41587,41942,42297,42652,43007,43362,43717,44072,44427,44782,45137,45492,45847,46202,46557,46912,47267,47622,47977,48332,48687,49042,49397,49752,50107,50462,50817,51172,51527,51882,52237,52592,52947,53302,53657,54012,54367,54722,55077,55432,55787,56142,56497,56852,57207,57562,57917,58272,58627,58982,59337,59692,60047,60402,60757,61112,61467,61822,62177,62532,62887,-62783,-62428,-62073,-61718,-61363,-61008,-60653,-60298,-59943,-59588,-59233,-58878,-58523,-58168,-57813,-57458,-57103,-56748,-56393,-56038,-55683,-55328,-54973,-54618,-54263,-53908,-53553,-53198,-52843,-52488,-52133,-51778,-51423,-51068,-50713,-50358,-50003,-49648,-49293,-48938,-48583,-48228,-47873,-47518,-47163,-46808,-46453,-46098,-45743,-45388,-45033,-44678,-44323,-43968,-43613,-43258,-42903,-42548,-42193,-41838,-41483,-41128,-40773,-40418,-40063,-39708,-39353,-38998,-38643,-38288,-37933,-37578,-37223,-36868,-36513,-36158,-35803,-35448,-35093,-34738,-34383,-34028,-33673,-33318,-32963,-32608,-32253,-31898,-31543,-31188,-30833,-30478,-30123,-29768,-29413,-29058,-28703,-28348,-27993,-27638,-27283,-26928,-26573,-26218,-25863,-25508,-25153,-24798,-24443,-24088,-23733,-23378,-23023,-22668,-22313,-21958,-21603,-21248,-20893,-20538,-20183,-19828,-19473,-19118,-18763,-18460,-18408,-18053,-17698,-17343,-16988,-16633,-16278,-15923,-15568,-15213,-14858,-14503,-14148,-13793,-13438,-13083,-12728,-12373,-12018,-11663,-11308,-10953,-10598,-10243,-9888,-9533,-9178,-8823,-8468,-8113,-7758,-7403,-7048,-6693,-6338,-5983,-5628,-5273,-4918,-4563,-4208,-3853,-3498,-3143,-2788,-2433,-2078,-1723,-1368,-1013,-658,-303,MAX=62887
53,408,763,1118,1473,1828,2183,2538,2893,3248,3603,3958,4313,4668,5023,5378,5733,6088,6443,6798,7153,7508,7863,8218,8573,8928,9283,9638,9993,10348,10703,11058,11413,11768,12123,12478,12833,13188,13543,13898,14253,14608,14963,15318,15673,16028,16383,16738,17093,17448,17803,18158,18513,18868,19223,19578,19933,20288,20643,20998,21353,21708,22063,22418,22773,23128,23483,23838,24193,24548,24903,25258,25613,25968,26323,26678,27033,27388,27743,28098,28453,28808,29163,29518,29873,30228,30583,30938,31293,31648,32003,32358,32713,33068,33423,33778,34133,34488,34843,35198,35553,35908,36263,36618,36973,37328,37683,38038,38393,38748,39103,39458,39813,40168,40523,40878,41233,41588,41943,42298,42653,43008,43363,43718,44073,44428,44783,45138,45493,45848,46203,46558,46913,47268,47623,47978,48333,48688,49043,49398,49753,50108,50463,50818,51173,51528,51883,52238,52593,52948,53303,53658,54013,54368,54723,55078,55433,55788,56143,56498,56853,57208,57563,57918,58273,58628,58983,59338,59693,60048,60403,60758,61113,61468,61823,62178,62533,62888,-62782,-62427,-62072,-61717,-61362,-61007,-60652,-60297,-59942,-59587,-59232,-58877,-58522,-58167,-57812,-57457,-57102,-56747,-56392,-56037,-55682,-55327,-54972,-54617,-54262,-53907,-53552,-53197,-52842,-52487,-52132,-51777,-51422,-51067,-50712,-50357,-50002,-49647,-49292,-48937,-48582,-48227,-47872,-47517,-47162,-46807,-46452,-46097,-45742,-45387,-45032,-44677,-44322,-43967,-43612,-43257,-42902,-42547,-42192,-41837,-41482,-41127,-40772,-40417,-40062,-39707,-39352,-38997,-38642,-38287,-37932,-37577,-37222,-36867,-36512,-36157,-35802,-35447,-35092,-34737,-34382,-34027,-33672,-33317,-32962,-32607,-32252,-31897,-31542,-31187,-30832,-30477,-30122,-29767,-29412,-29057,-28702,-28347,-27992,-27637,-27282,-26927,-26572,-26217,-25862,-25507,-25152,-24797,-24442,-24087,-23732,-23377,-23022,-22667,-22312,-21957,-21602,-21247,-20892,-20537,-20182,-19827,-19472,-19117,-18815,-18762,-18407,-18052,-17697,-17342,-16987,-16632,-16277,-15922,-15567,-15212,-14857,-14502,-14147,-13792,-13437,-13082,-12727,-12372,-12017,-11662,-11307,-10952,-10597,-10242,-9887,-9532,-9177,-8822,-8467,-8112,-7757,-7402,-7047,-6692,-6337,-5982,-5627,-5272,-4917,-4562,-4207,-3852,-3497,-3142,-2787,-2432,-2077,-1722,-1367,-1012,-657,-302,MAX=62888
54,409,764,1119,1474,1829,2184,2539,2894,3249,3604,3959,4314,4669,5024,5379,5734,6089,6444,6799,7154,7509,7864,8219,8574,8929,9284,9639,9994,10349,10704,11059,11414,11769,12124,12479,12834,13189,13544,13899,14254,14609,14964,15319,15674,16029,16384,16739,17094,17449,17804,18159,18514,18869,19224,19579,19934,20289,20644,20999,21354,21709,22064,22419,22774,23129,23484,23839,24194,24549,24904,25259,25614,25969,26324,26679,27034,27389,27744,28099,28454,28809,29164,29519,29874,30229,30584,30939,31294,31649,32004,32359,32714,33069,33424,33779,34134,34489,34844,35199,35554,35909,36264,36619,36974,37329,37684,38039,38394,38749,39104,39459,39814,40169,40524,40879,41234,41589,41944,42299,42654,43009,43364,43719,44074,44429,44784,45139,45494,45849,46204,46559,46914,47269,47624,47979,48334,48689,49044,49399,49754,50109,50464,50819,51174,51529,51884,52239,52594,52949,53304,53659,54014,54369,54724,55079,55434,55789,56144,56499,56854,57209,57564,57919,58274,58629,58984,59339,59694,60049,60404,60759,61114,61469,61824,62179,62534,62889,-62781,-62426,-62071,-61716,-61361,-61006,-60651,-60296,-59941,-59586,-59231,-58876,-58521,-58166,-57811,-57456,-57101,-56746,-56391,-56036,-55681,-55326,-54971,-54616,-54261,-53906,-53551,-53196,-52841,-52486,-52131,-51776,-51421,-51066,-50711,-50356,-50001,-49646,-49291,-48936,-48581,-48226,-47871,-47516,-47161,-46806,-46451,-46096,-45741,-45386,-45031,-44676,-44321,-43966,-43611,-43256,-42901,-42546,-42191,-41836,-41481,-41126,-40771,-40416,-40061,-39706,-39351,-38996,-38641,-38286,-37931,-37576,-37221,-36866,-36511,-36156,-35801,-35446,-35091,-34736,-34381,-34026,-33671,-33316,-32961,-32606,-32251,-31896,-31541,-31186,-30831,-30476,-30121,-29766,-29411,-29056,-28701,-28346,-27991,-27636,-27281,-26926,-26571,-26216,-25861,-25506,-25151,-24796,-24441,-24086,-23731,-23376,-23021,-22666,-22311,-21956,-21601,-21246,-20891,-20536,-20181,-19826,-19471,-19170,-19116,-18761,-18406,-18051,-17696,-17341,-16986,-16631,-16276,-15921,-15566,-15211,-14856,-14501,-14146,-13791,-13436,-13081,-12726,-12371,-12016,-11661,-11306,-10951,-10596,-10241,-9886,-9531,-9176,-8821,-8466,-8111,-7756,-7401,-7046,-6691,-6336,-5981,-5626,-5271,-4916,-4561,-4206,-3851,-3496,-3141,-2786,-2431,-2076,-1721,-1366,-1011,-656,-301,MAX=62889
55,410,765,1120,1475,1830,2185,2540,2895,3250,3605,3960,4315,4670,5025,5380,5735,6090,6445,6800,7155,7510,7865,8220,8575,8930,9285,9640,9995,10350,10705,11060,11415,11770,12125,12480,12835,13190,13545,13900,14255,14610,14965,15320,15675,16030,16385,16740,17095,17450,17805,18160,18515,18870,19225,19580,19935,20290,20645,21000,21355,21710,22065,22420,22775,23130,23485,23840,24195,24550,24905,25260,25615,25970,26325,26680,27035,27390,27745,28100,28455,28810,29165,29520,29875,30230,30585,30940,31295,31650,32005,32360,32715,33070,33425,33780,34135,34490,34845,35200,35555,35910,36265,36620,36975,37330,37685,38040,38395,38750,39105,39460,39815,40170,40525,40880,41235,41590,41945,42300,42655,43010,43365,43720,44075,44430,44785,45140,45495,45850,46205,46560,46915,47270,47625,47980,48335,48690,49045,49400,49755,50110,50465,50820,51175,51530,51885,52240,52595,52950,53305,53660,54015,54370,54725,55080,55435,55790,56145,56500,56855,57210,57565,57920,58275,58630,58985,59340,59695,60050,60405,60760,61115,61470,61825,62180,62535,62890,-62780,-62425,-62070,-61715,-61360,-61005,-60650,-60295,-59940,-59585,-59230,-58875,-58520,-58165,-57810,-57455,-57100,-56745,-56390,-56035,-55680,-55325,-54970,-54615,-54260,-53905,-53550,-53195,-52840,-52485,-52130,-51775,-51420,-51065,-50710,-50355,-50000,-49645,-49290,-48935,-48580,-48225,-47870,-47515,-47160,-46805,-46450,-46095,-45740,-45385,-45030,-44675,-44320,-43965,-43610,-43255,-42900,-42545,-42190,-41835,-41480,-41125,-40770,-40415,-40060,-39705,-39350,-38995,-38640,-38285,-37930,-37575,-37220,-36865,-36510,-36155,-35800,-35445,-35090,-34735,-34380,-34025,-33670,-33315,-32960,-32605,-32250,-31895,-31540,-31185,-30830,-30475,-30120,-29765,-29410,-29055,-28700,-28345,-27990,-27635,-27280,-26925,-26570,-26215,-25860,-25505,-25150,-24795,-24440,-24085,-23730,-23375,-23020,-22665,-22310,-21955,-21600,-21245,-20890,-20535,-20180,-19825,-19525,-19470,-19115,-18760,-18405,-18050,-17695,-17340,-16985,-16630,-16275,-15920,-15565,-15210,-14855,-14500,-14145,-13790,-13435,-13080,-12725,-12370,-12015,-11660,-11305,-10950,-10595,-10240,-9885,-9530,-9175,-8820,-8465,-8110,-7755,-7400,-7045,-6690,-6335,-5980,-5625,-5270,-4915,-4560,-4205,-3850,-3495,-3140,-2785,-2430,-2075,-1720,-1365,-1010,-655,-300,MAX=62890
56,411,766,1121,1476,1831,2186,2541,2896,3251,3606,3961,4316,4671,5026,5381,5736,6091,6446,6801,7156,7511,7866,8221,8576,8931,9286,9641,9996,10351,10706,11061,11416,11771,12126,12481,12836,13191,13546,13901,14256,14611,14966,15321,15676,16031,16386,16741,17096,17451,17806,18161,18516,18871,19226,19581,19936,20291,20646,21001,21356,21711,22066,22421,22776,23131,23486,23841,24196,24551,24906,25261,25616,25971,26326,26681,27036,27391,27746,28101,28456,28811,29166,29521,29876,30231,30586,30941,31296,31651,32006,32361,32716,33071,33426,33781,34136,34491,34846,35201,35556,35911,36266,36621,36976,37331,37686,38041,38396,38751,39106,39461,39816,40171,40526,40881,41236,41591,41946,42301,42656,43011,43366,43721,44076,44431,44786,45141,45496,45851,46206,46561,46916,47271,47626,47981,48336,48691,49046,49401,49756,50111,50466,50821,51176,51531,51886,52241,52596,52951,53306,53661,54016,54371,54726,55081,55436,55791,56146,56501,56856,57211,57566,57921,58276,58631,58986,59341,59696,60051,60406,60761,61116,61471,61826,62181,62536,62891,-62779,-62424,-62069,-61714,-61359,-61004,-60649,-60294,-59939,-59584,-59229,-58874,-58519,-58164,-57809,-57454,-57099,-56744,-56389,-56034,-55679,-55324,-54969,-54614,-54259,-53904,-53549,-53194,-52839,-52484,-52129,-51774,-51419,-51064,-50709,-50354,-49999,-49644,-49289,-48934,-48579,-48224,-47869,-47514,-47159,-46804,-46449,-46094,-45739,-45384,-45029,-44674,-44319,-43964,-43609,-43254,-42899,-42544,-42189,-41834,-41479,-41124,-40769,-40414,-40059,-39704,-39349,-38994,-38639,-38284,-37929,-37574,-37219,-36864,-36509,-36154,-35799,-35444,-35089,-34734,-34379,-34024,-33669,-33314,-32959,-32604,-32249,-31894,-31539,-31184,-30829,-30474,-30119,-29764,-29409,-29054,-28699,-28344,-27989,-27634,-27279,-26924,-26569,-26214,-25859,-25504,-25149,-24794,-24439,-24084,-23729,-23374,-23019,-22664,-22309,-21954,-21599,-21244,-20889,-20534,-20179,-19880,-19824,-19469,-19114,-18759,-18404,-18049,-17694,-17339,-16984,-16629,-16274,-15919,-15564,-15209,-14854,-14499,-14144,-13789,-13434,-13079,-12724,-12369,-12014,-11659,-11304,-10949,-10594,-10239,-9884,-9529,-9174,-8819,-8464,-8109,-7754,-7399,-7044,-6689,-6334,-5979,-5624,-5269,-4914,-4559,-4204,-3849,-3494,-3139,-2784,-2429,-2074,-1719,-1364,-1009,-654,-299,MAX=62891
57,412,767,1122,1477,1832,2187,2542,2897,3252,3607,3962,4317,4672,5027,5382,5737,6092,6447,6802,7157,7512,7867,8222,8577,8932,9287,9642,9997,10352,10707,11062,11417,11772,12127,12482,12837,13192,13547,13902,14257,14612,14967,15322,15677,16032,16387,16742,17097,17452,17807,18162,18517,18872,19227,19582,19937,20292,20647,21002,21357,21712,22067,22422,22777,23132,23487,23842,24197,24552,24907,25262,25617,25972,26327,26682,27037,27392,27747,28102,28457,28812,29167,29522,29877,30232,30587,30942,31297,31652,32007,32362,32717,33072,33427,33782,34137,34492,34847,35202,35557,35912,36267,36622,36977,37332,37687,38042,38397,38752,39107,39462,39817,40172,40527,40882,41237,41592,41947,42302,42657,43012,43367,43722,44077,44432,44787,45142,45497,45852,46207,46562,46917,47272,47627,47982,48337,48692,49047,49402,49757,50112,50467,50822,51177,51532,51887,52242,52597,52952,53307,53662,54017,54372,54727,55082,55437,55792,56147,56502,56857,57212,57567,57922,58277,58632,58987,59342,59697,60052,60407,60762,61117,61472,61827,62182,62537,62892,-62778,-62423,-62068,-61713,-61358,-61003,-60648,-60293,-59938,-59583,-59228,-58873,-58518,-58163,-57808,-57453,-57098,-56743,-56388,-56033,-55678,-55323,-54968,-54613,-54258,-53903,-53548,-53193,-52838,-52483,-52128,-51773,-51418,-51063,-50708,-50353,-49998,-49643,-49288,-48933,-48578,-48223,-47868,-47513,-47158,-46803,-46448,-46093,-45738,-45383,-45028,-44673,-44318,-43963,-43608,-43253,-42898,-42543,-42188,-41833,-41478,-41123,-40768,-40413,-40058,-39703,-39348,-38993,-38638,-38283,-37928,-37573,-37218,-36863,-36508,-36153,-35798,-35443,-35088,-34733,-34378,-34023,-33668,-33313,-32958,-32603,-32248,-31893,-31538,-31183,-30828,-30473,-30118,-29763,-29408,-29053,-28698,-28343,-27988,-27633,-27278,-26923,-26568,-26213,-25858,-25503,-25148,-24793,-24438,-24083,-23728,-23373,-23018,-22663,-22308,-21953,-21598,-21243,-20888,-20533,-20235,-20178,-19823,-19468,-19113,-18758,-18403,-18048,-17693,-17338,-16983,-16628,-16273,-15918,-15563,-15208,-14853,-14498,-14143,-13788,-13433,-13078,-12723,-12368,-12013,-11658,-11303,-10948,-10593,-10238,-9883,-9528,-9173,-8818,-8463,-8108,-7753,-7398,-7043,-6688,-6333,-5978,-5623,-5268,-4913,-4558,-4203,-3848,-3493,-3138,-2783,-2428,-2073,-1718,-1363,-1008,-653,-298,MAX=62892
58,413,768,1123,1478,1833,2188,2543,2898,3253,3608,3963,4318,4673,5028,5383,5738,6093,6448,6803,7158,7513,7868,8223,8578,8933,9288,9643,9998,10353,10708,11063,11418,11773,12128,12483,12838,13193,13548,13903,14258,14613,14968,15323,15678,16033,16388,16743,17098,17453,17808,18163,18518,18873,19228,19583,19938,20293,20648,21003,21358,21713,22068,22423,22778,23133,23488,23843,24198,24553,24908,25263,25618,25973,26328,26683,27038,27393,27748,28103,28458,28813,29168,29523,29878,30233,30588,30943,31298,31653,32008,32363,32718,33073,33428,33783,34138,34493,34848,35203,35558,35913,36268,36623,36978,37333,37688,38043,38398,38753,39108,39463,39818,40173,40528,40883,41238,41593,41948,42303,42658,43013,43368,43723,44078,44433,44788,45143,45498,45853,46208,46563,46918,47273,47628,47983,48338,48693,49048,49403,49758,50113,50468,50823,51178,51533,51888,52243,52598,52953,53308,53663,54018,54373,54728,55083,55438,55793,56148,56503,56858,57213,57568,57923,58278,58633,58988,59343,59698,60053,60408,60763,61118,61473,61828,62183,62538,62893,-62777,-62422,-62067,-61712,-61357,-61002,-60647,-60292,-59937,-59582,-59227,-58872,-58517,-58162,-57807,-57452,-57097,-56742,-56387,-56032,-55677,-55322,-54967,-54612,-54257,-53902,-53547,-53192,-52837,-52482,-52127,-51772,-51417,-51062,-50707,-50352,-49997,-49642,-49287,-48932,-48577,-48222,-47867,-47512,-47157,-46802,-46447,-46092,-45737,-45382,-45027,-44672,-44317,-43962,-43607,-43252,-42897,-42542,-42187,-41832,-41477,-41122,-40767,-40412,-40057,-39702,-39347,-38992,-38637,-38282,-37927,-37572,-37217,-36862,-36507,-36152,-35797,-35442,-35087,-34732,-34377,-34022,-33667,-33312,-32957,-32602,-32247,-31892,-31537,-31182,-30827,-30472,-30117,-29762,-29407,-29052,-28697,-28342,-27987,-27632,-27277,-26922,-26567,-26212,-25857,-25502,-25147,-24792,-24437,-24082,-23727,-23372,-23017,-22662,-22307,-21952,-21597,-21242,-20887,-20590,-20532,-20177,-19822,-19467,-19112,-18757,-18402,-18047,-17692,-17337,-16982,-16627,-16272,-15917,-15562,-15207,-14852,-14497,-14142,-13787,-13432,-13077,-12722,-12367,-12012,-11657,-11302,-10947,-10592,-10237,-9882,-9527,-9172,-8817,-8462,-8107,-7752,-7397,-7042,-6687,-6332,-5977,-5622,-5267,-4912,-4557,-4202,-3847,-3492,-3137,-2782,-2427,-2072,-1717,-1362,-1007,-652,-297,MAX=62893
59,414,769,1124,1479,1834,2189,2544,2899,3254,3609,3964,4319,4674,5029,5384,5739,6094,6449,6804,7159,7514,7869,8224,8579,8934,9289,9644,9999,10354,10709,11064,11419,11774,12129,12484,12839,13194,13549,13904,14259,14614,14969,15324,15679,16034,16389,16744,17099,17454,17809,18164,18519,18874,19229,19584,19939,20294,20649,21004,21359,21714,22069,22424,22779,23134,23489,23844,24199,24554,24909,25264,25619,25974,26329,26684,27039,27394,27749,28104,28459,28814,29169,29524,29879,30234,30589,30944,31299,31654,32009,32364,32719,33074,33429,33784,34139,34494,34849,35204,35559,35914,36269,36624,36979,37334,37689,38044,38399,38754,39109,39464,39819,40174,40529,40884,41239,41594,41949,42304,42659,43014,43369,43724,44079,44434,44789,45144,45499,45854,46209,46564,46919,47274,47629,47984,48339,48694,49049,49404,49759,50114,50469,50824,51179,51534,51889,52244,52599,52954,53309,53664,54019,54374,54729,55084,55439,55794,56149,56504,56859,57214,57569,57924,58279,58634,58989,59344,59699,60054,60409,60764,61119,61474,61829,62184,62539,62894,-62776,-62421,-62066,-61711,-61356,-61001,-60646,-60291,-59936,-59581,-59226,-58871,-58516,-58161,-57806,-57451,-57096,-56741,-56386,-56031,-55676,-55321,-54966,-54611,-54256,-53901,-53546,-53191,-52836,-52481,-52126,-51771,-51416,-51061,-50706,-50351,-49996,-49641,-49286,-48931,-48576,-48221,-47866,-47511,-47156,-46801,-46446,-46091,-45736,-45381,-45026,-44671,-44316,-43961,-43606,-43251,-42896,-42541,-42186,-41831,-41476,-41121,-40766,-40411,-40056,-39701,-39346,-38991,-38636,-38281,-37926,-37571,-37216,-36861,-36506,-36151,-35796,-35441,-35086,-34731,-34376,-34021,-33666,-33311,-32956,-32601,-32246,-31891,-31536,-31181,-30826,-30471,-30116,-29761,-29406,-29051,-28696,-28341,-27986,-27631,-27276,-26921,-26566,-26211,-25856,-25501,-25146,-24791,-24436,-24081,-23726,-23371,-23016,-22661,-22306,-21951,-21596,-21241,-20945,-20886,-20531,-20176,-19821,-19466,-19111,-18756,-18401,-18046,-17691,-17336,-16981,-16626,-16271,-15916,-15561,-15206,-14851,-14496,-14141,-13786,-13431,-13076,-12721,-12366,-12011,-11656,-11301,-10946,-10591,-10236,-9881,-9526,-9171,-8816,-8461,-8106,-7751,-7396,-7041,-6686,-6331,-5976,-5621,-5266,-4911,-4556,-4201,-3846,-3491,-3136,-2781,-2426,-2071,-1716,-1361,-1006,-651,-296,MAX=62894
60,415,770,1125,1480,1835,2190,2545,2900,3255,3610,3965,4320,4675,5030,5385,5740,6095,6450,6805,7160,7515,7870,8225,8580,8935,9290,9645,10000,10355,10710,11065,11420,11775,12130,12485,12840,13195,13550,13905,14260,14615,14970,15325,15680,16035,16390,16745,17100,17455,17810,18165,18520,18875,19230,19585,19940,20295,20650,21005,21360,21715,22070,22425,22780,23135,23490,23845,24200,24555,24910,25265,25620,25975,26330,26685,27040,27395,27750,28105,28460,28815,29170,29525,29880,30235,30590,30945,31300,31655,32010,32365,32720,33075,33430,33785,34140,34495,34850,35205,35560,35915,36270,36625,36980,37335,37690,38045,38400,38755,39110,39465,39820,40175,40530,40885,41240,41595,41950,42305,42660,43015,43370,43725,44080,44435,44790,45145,45500,45855,46210,46565,46920,47275,47630,47985,48340,48695,49050,49405,49760,50115,50470,50825,51180,51535,51890,52245,52600,52955,53310,53665,54020,54375,54730,55085,55440,55795,56150,56505,56860,57215,57570,57925,58280,58635,58990,59345,59700,60055,60410,60765,61120,61475,61830,62185,62540,62895,-62775,-62420,-62065,-61710,-61355,-61000,-60645,-60290,-59935,-59580,-59225,-58870,-58515,-58160,-57805,-57450,-57095,-56740,-56385,-56030,-55675,-55320,-54965,-54610,-54255,-53900,-53545,-53190,-52835,-52480,-52125,-51770,-51415,-51060,-50705,-50350,-49995,-49640,-49285,-48930,-48575,-48220,-47865,-47510,-47155,-46800,-46445,-46090,-45735,-45380,-45025,-44670,-44315,-43960,-43605,-43250,-42895,-42540,-42185,-41830,-41475,-41120,-40765,-40410,-40055,-39700,-39345,-38990,-38635,-38280,-37925,-37570,-37215,-36860,-36505,-36150,-35795,-35440,-35085,-34730,-34375,-34020,-33665,-33310,-32955,-32600,-32245,-31890,-31535,-31180,-30825,-30470,-30115,-29760,-29405,-29050,-28695,-28340,-27985,-27630,-27275,-26920,-26565,-26210,-25855,-25500,-25145,-24790,-24435,-24080,-23725,-23370,-23015,-22660,-22305,-21950,-21595,-21300,-21240,-20885,-20530,-20175,-19820,-19465,-19110,-18755,-18400,-18045,-17690,-17335,-16980,-16625,-16270,-15915,-15560,-15205,-14850,-14495,-14140,-13785,-13430,-13075,-12720,-12365,-12010,-11655,-11300,-10945,-10590,-10235,-9880,-9525,-9170,-8815,-8460,-8105,-7750,-7395,-7040,-6685,-6330,-5975,-5620,-5265,-4910,-4555,-4200,-3845,-3490,-3135,-2780,-2425,-2070,-1715,-1360,-1005,-650,-295,MAX=62895
61,416,771,1126,1481,1836,2191,2546,2901,3256,3611,3966,4321,4676,5031,5386,5741,6096,6451,6806,7161,7516,7871,8226,8581,8936,9291,9646,10001,10356,10711,11066,11421,11776,12131,12486,12841,13196,13551,13906,14261,14616,14971,15326,15681,16036,16391,16746,17101,17456,17811,18166,18521,18876,19231,19586,19941,20296,20651,21006,21361,21716,22071,22426,22781,23136,23491,23846,24201,24556,24911,25266,25621,25976,26331,26686,27041,27396,27751,28106,28461,28816,29171,29526,29881,30236,30591,30946,31301,31656,32011,32366,32721,33076,33431,33786,34141,34496,34851,35206,35561,35916,36271,36626,36981,37336,37691,38046,38401,38756,39111,39466,39821,40176,40531,40886,41241,41596,41951,42306,42661,43016,43371,43726,44081,44436,44791,45146,45501,45856,46211,46566,46921,47276,47631,47986,48341,48696,49051,49406,49761,50116,50471,50826,51181,51536,51891,52246,52601,52956,53311,53666,54021,54376,54731,55086,55441,55796,56151,56506,56861,57216,57571,57926,58281,58636,58991,59346,59701,60056,60411,60766,61121,61476,61831,62186,62541,62896,-62774,-62419,-62064,-61709,-61354,-60999,-60644,-60289,-59934,-59579,-59224,-58869,-58514,-58159,-57804,-57449,-57094,-56739,-56384,-56029,-55674,-55319,-54964,-54609,-54254,-53899,-53544,-53189,-52834,-52479,-52124,-51769,-51414,-51059,-50704,-50349,-49994,-49639,-49284,-48929,-48574,-48219,-47864,-47509,-47154,-46799,-46444,-46089,-45734,-45379,-45024,-44669,-44314,-43959,-43604,-43249,-42894,-42539,-42184,-41829,-41474,-41119,-40764,-40409,-40054,-39699,-39344,-38989,-38634,-38279,-37924,-37569,-37214,-36859,-36504,-36149,-35794,-35439,-35084,-34729,-34374,-34019,-33664,-33309,-32954,-32599,-32244,-31889,-31534,-31179,-30824,-30469,-30114,-29759,-29404,-29049,-28694,-28339,-27984,-27629,-27274,-26919,-26564,-26209,-25854,-25499,-25144,-24789,-24434,-24079,-23724,-23369,-23014,-22659,-22304,-21949,-21655,-21594,-21239,-20884,-20529,-20174,-19819,-19464,-19109,-18754,-18399,-18044,-17689,-17334,-16979,-16624,-16269,-15914,-15559,-15204,-14849,-14494,-14139,-13784,-13429,-13074,-12719,-12364,-12009,-11654,-11299,-10944,-10589,-10234,-9879,-9524,-9169,-8814,-8459,-8104,-7749,-7394,-7039,-6684,-6329,-5974,-5619,-5264,-4909,-4554,-4199,-3844,-3489,-3134,-2779,-2424,-2069,-1714,-1359,-1004,-649,-294,MAX=62896
62,417,772,1127,1482,1837,2192,2547,2902,3257,3612,3967,4322,4677,5032,5387,5742,6097,6452,6807,7162,7517,7872,8227,8582,8937,9292,9647,10002,10357,10712,11067,11422,11777,12132,12487,12842,13197,13552,13907,14262,14617,14972,15327,15682,16037,16392,16747,17102,17457,17812,18167,18522,18877,19232,19587,19942,20297,20652,21007,21362,21717,22072,22427,22782,23137,23492,23847,24202,24557,24912,25267,25622,25977,26332,26687,27042,27397,27752,28107,28462,28817,29172,29527,29882,30237,30592,30947,31302,31657,32012,32367,32722,33077,33432,33787,34142,34497,34852,35207,35562,35917,36272,36627,36982,37337,37692,38047,38402,38757,39112,39467,39822,40177,40532,40887,41242,41597,41952,42307,42662,43017,43372,43727,44082,44437,44792,45147,45502,45857,46212,46567,46922,47277,47632,47987,48342,48697,49052,49407,49762,50117,50472,50827,51182,51537,51892,52247,52602,52957,53312,53667,54022,54377,54732,55087,55442,55797,56152,56507,56862,57217,57572,57927,58282,58637,58992,59347,59702,60057,60412,60767,61122,61477,61832,62187,62542,62897,-62773,-62418,-62063,-61708,-61353,-60998,-60643,-60288,-59933,-59578,-59223,-58868,-58513,-58158,-57803,-57448,-57093,-56738,-56383,-56028,-55673,-55318,-54963,-54608,-54253,-53898,-53543,-53188,-52833,-52478,-52123,-51768,-51413,-51058,-50703,-50348,-49993,-49638,-49283,-48928,-48573,-48218,-47863,-47508,-47153,-46798,-46443,-46088,-45733,-45378,-45023,-44668,-44313,-43958,-43603,-43248,-42893,-42538,-42183,-41828,-41473,-41118,-40763,-40408,-40053,-39698,-39343,-38988,-38633,-38278,-37923,-37568,-37213,-36858,-36503,-36148,-35793,-35438,-35083,-34728,-34373,-34018,-33663,-33308,-32953,-32598,-32243,-31888,-31533,-31178,-30823,-30468,-30113,-29758,-29403,-29048,-28693,-28338,-27983,-27628,-27273,-26918,-26563,-26208,-25853,-25498,-25143,-24788,-24433,-24078,-23723,-23368,-23013,-22658,-22303,-22010,-21948,-21593,-21238,-20883,-20528,-20173,-19818,-19463,-19108,-18753,-18398,-18043,-17688,-17333,-16978,-16623,-16268,-15913,-15558,-15203,-14848,-14493,-14138,-13783,-13428,-13073,-12718,-12363,-12008,-11653,-11298,-10943,-10588,-10233,-9878,-9523,-9168,-8813,-8458,-8103,-7748,-7393,-7038,-6683,-6328,-5973,-5618,-5263,-4908,-4553,-4198,-3843,-3488,-3133,-2778,-2423,-2068,-1713,-1358,-1003,-648,-293,MAX=62897
63,418,773,1128,1483,1838,2193,2548,2903,3258,3613,3968,4323,4678,5033,5388,5743,6098,6453,6808,7163,7518,7873,8228,8583,8938,9293,9648,10003,10358,10713,11068,11423,11778,12133,12488,12843,13198,13553,13908,14263,14618,14973,15328,15683,16038,16393,16748,17103,17458,17813,18168,18523,18878,19233,19588,19943,20298,20653,21008,21363,21718,22073,22428,22783,23138,23493,23848,24203,24558,24913,25268,25623,25978,26333,26688,27043,27398,27753,28108,28463,28818,29173,29528,29883,30238,30593,30948,31303,31658,32013,32368,32723,33078,33433,33788,34143,34498,34853,35208,35563,35918,36273,36628,36983,37338,37693,38048,38403,38758,39113,39468,39823,40178,40533,40888,41243,41598,41953,42308,42663,43018,43373,43728,44083,44438,44793,45148,45503,45858,46213,46568,46923,47278,47633,47988,48343,48698,49053,49408,49763,50118,50473,50828,51183,51538,51893,52248,52603,52958,53313,53668,54023,54378,54733,55088,55443,55798,56153,56508,56863,57218,57573,57928,58283,58638,58993,59348,59703,60058,60413,60768,61123,61478,61833,62188,62543,62898,-62772,-62417,-62062,-61707,-61352,-60997,-60642,-60287,-59932,-59577,-59222,-58867,-58512,-58157,-57802,-57447,-57092,-56737,-56382,-56027,-55672,-55317,-54962,-54607,-54252,-53897,-53542,-53187,-52832,-52477,-52122,-51767,-51412,-51057,-50702,-50347,-49992,-49637,-49282,-48927,-48572,-48217,-47862,-47507,-47152,-46797,-46442,-46087,-45732,-45377,-45022,-44667,-44312,-43957,-43602,-43247,-42892,-42537,-42182,-41827,-41472,-41117,-40762,-40407,-40052,-39697,-39342,-38987,-38632,-38277,-37922,-37567,-37212,-36857,-36502,-36147,-35792,-35437,-35082,-34727,-34372,-34017,-33662,-33307,-32952,-32597,-32242,-31887,-31532,-31177,-30822,-30467,-30112,-29757,-29402,-29047,-28692,-28337,-27982,-27627,-27272,-26917,-26562,-26207,-25852,-25497,-25142,-24787,-24432,-24077,-23722,-23367,-23012,-22657,-22365,-22302,-21947,-21592,-21237,-20882,-20527,-20172,-19817,-19462,-19107,-18752,-18397,-18042,-17687,-17332,-16977,-16622,-16267,-15912,-15557,-15202,-14847,-14492,-14137,-13782,-13427,-13072,-12717,-12362,-12007,-11652,-11297,-10942,-10587,-10232,-9877,-9522,-9167,-8812,-8457,-8102,-7747,-7392,-7037,-6682,-6327,-5972,-5617,-5262,-4907,-4552,-4197,-3842,-3487,-3132,-2777,-2422,-2067,-1712,-1357,-1002,-647,-292,MAX=62898
64,419,774,1129,1484,1839,2194,2549,2904,3259,3614,3969,4324,4679,5034,5389,5744,6099,6454,6809,7164,7519,7874,8229,8584,8939,9294,9649,10004,10359,10714,11069,11424,11779,12134,12489,12844,13199,13554,13909,14264,14619,14974,15329,15684,16039,16394,16749,17104,17459,17814,18169,18524,18879,19234,19589,19944,20299,20654,21009,21364,21719,22074,22429,22784,23139,23494,23849,24204,24559,24914,25269,25624,25979,26334,26689,27044,27399,27754,28109,28464,28819,29174,29529,29884,30239,30594,30949,31304,31659,32014,32369,32724,33079,33434,33789,34144,34499,34854,35209,35564,35919,36274,36629,36984,37339,37694,38049,38404,38759,39114,39469,39824,40179,40534,40889,41244,41599,41954,42309,42664,43019,43374,43729,44084,44439,44794,45149,45504,45859,46214,46569,46924,47279,47634,47989,48344,48699,49054,49409,49764,50119,50474,50829,51184,51539,51894,52249,52604,52959,53314,53669,54024,54379,54734,55089,55444,55799,56154,56509,56864,57219,57574,57929,58284,58639,58994,59349,59704,60059,60414,60769,61124,61479,61834,62189,62544,62899,-62771,-62416,-62061,-61706,-61351,-60996,-60641,-60286,-59931,-59576,-59221,-58866,-58511,-58156,-57801,-57446,-57091,-56736,-56381,-56026,-55671,-55316,-54961,-54606,-54251,-53896,-53541,-53186,-52831,-52476,-52121,-51766,-51411,-51056,-50701,-50346,-49991,-49636,-49281,-48926,-48571,-48216,-47861,-47506,-47151,-46796,-46441,-46086,-45731,-45376,-45021,-44666,-44311,-43956,-43601,-43246,-42891,-42536,-42181,-41826,-41471,-41116,-40761,-40406,-40051,-39696,-39341,-38986,-38631,-38276,-37921,-37566,-37211,-36856,-36501,-36146,-35791,-35436,-35081,-34726,-34371,-34016,-33661,-33306,-32951,-32596,-32241,-31886,-31531,-31176,-30821,-30466,-30111,-29756,-29401,-29046,-28691,-28336,-27981,-27626,-27271,-26916,-26561,-26206,-25851,-25496,-25141,-24786,-24431,-24076,-23721,-23366,-23011,-22720,-22656,-22301,-21946,-21591,-21236,-20881,-20526,-20171,-19816,-19461,-19106,-18751,-18396,-18041,-17686,-17331,-16976,-16621,-16266,-15911,-15556,-15201,-14846,-14491,-14136,-13781,-13426,-13071,-12716,-12361,-12006,-11651,-11296,-10941,-10586,-10231,-9876,-9521,-9166,-8811,-8456,-8101,-7746,-7391,-7036,-6681,-6326,-5971,-5616,-5261,-4906,-4551,-4196,-3841,-3486,-3131,-2776,-2421,-2066,-1711,-1356,-1001,-646,-291,MAX=62899
65,420,775,1130,1485,1840,2195,2550,2905,3260,3615,3970,4325,4680,5035,5390,5745,6100,6455,6810,7165,7520,7875,8230,8585,8940,9295,9650,10005,10360,10715,11070,11425,11780,12135,12490,12845,13200,13555,13910,14265,14620,14975,15330,15685,16040,16395,16750,17105,17460,17815,18170,18525,18880,19235,19590,19945,20300,20655,21010,21365,21720,22075,22430,22785,23140,23495,23850,24205,24560,24915,25270,25625,25980,26335,26690,27045,27400,27755,28110,28465,28820,29175,29530,29885,30240,30595,30950,31305,31660,32015,32370,32725,33080,33435,33790,34145,34500,34855,35210,35565,35920,36275,36630,36985,37340,37695,38050,38405,38760,39115,39470,39825,40180,40535,40890,41245,41600,41955,42310,42665,43020,43375,43730,44085,44440,44795,45150,45505,45860,46215,46570,46925,47280,47635,47990,48345,48700,49055,49410,49765,50120,50475,50830,51185,51540,51895,52250,52605,52960,53315,53670,54025,54380,54735,55090,55445,55800,56155,56510,56865,57220,57575,57930,58285,58640,58995,59350,59705,60060,60415,60770,61125,61480,61835,62190,62545,62900,-62770,-62415,-62060,-61705,-61350,-60995,-60640,-60285,-59930,-59575,-59220,-58865,-58510,-58155,-57800,-57445,-57090,-56735,-56380,-56025,-55670,-55315,-54960,-54605,-54250,-53895,-53540,-53185,-52830,-52475,-52120,-51765,-51410,-51055,-50700,-50345,-49990,-49635,-49280,-48925,-48570,-48215,-47860,-47505,-47150,-46795,-46440,-46085,-45730,-45375,-45020,-44665,-44310,-43955,-43600,-43245,-42890,-42535,-42180,-41825,-41470,-41115,-40760,-40405,-40050,-39695,-39340,-38985,-38630,-38275,-37920,-37565,-37210,-36855,-36500,-36145,-35790,-35435,-35080,-34725,-34370,-34015,-33660,-33305,-32950,-32595,-32240,-31885,-31530,-31175,-30820,-30465,-30110,-29755,-29400,-29045,-28690,-28335,-27980,-27625,-27270,-26915,-26560,-26205,-25850,-25495,-25140,-24785,-24430,-24075,-23720,-23365,-23075,-23010,-22655,-22300,-21945,-21590,-21235,-20880,-20525,-20170,-19815,-19460,-19105,-18750,-18395,-18040,-17685,-17330,-16975,-16620,-16265,-15910,-15555,-15200,-14845,-14490,-14135,-13780,-13425,-13070,-12715,-12360,-12005,-11650,-11295,-10940,-10585,-10230,-9875,-9520,-9165,-8810,-8455,-8100,-7745,-7390,-7035,-6680,-6325,-5970,-5615,-5260,-4905,-4550,-4195,-3840,-3485,-3130,-2775,-2420,-2065,-1710,-1355,-1000,-645,-290,MAX=62900
66,421,776,1131,1486,1841,2196,2551,2906,3261,3616,3971,4326,4681,5036,5391,5746,6101,6456,6811,7166,7521,7876,8231,8586,8941,9296,9651,10006,10361,10716,11071,11426,11781,12136,12491,12846,13201,13556,13911,14266,14621,14976,15331,15686,16041,16396,16751,17106,17461,17816,18171,18526,18881,19236,19591,19946,20301,20656,21011,21366,21721,22076,22431,22786,23141,23496,23851,24206,24561,24916,25271,25626,25981,26336,26691,27046,27401,27756,28111,28466,28821,29176,29531,29886,30241,30596,30951,31306,31661,32016,32371,32726,33081,33436,33791,34146,34501,34856,35211,35566,35921,36276,36631,36986,37341,37696,38051,38406,38761,39116,39471,39826,40181,40536,40891,41246,41601,41956,42311,42666,43021,43376,43731,44086,44441,44796,45151,45506,45861,46216,46571,46926,47281,47636,47991,48346,48701,49056,49411,49766,50121,50476,50831,51186,51541,51896,52251,52606,52961,53316,53671,54026,54381,54736,55091,55446,55801,56156,56511,56866,57221,57576,57931,58286,58641,58996,59351,59706,60061,60416,60771,61126,61481,61836,62191,62546,62901,-62769,-62414,-62059,-61704,-61349,-60994,-60639,-60284,-59929,-59574,-59219,-58864,-58509,-58154,-57799,-57444,-57089,-56734,-56379,-56024,-55669,-55314,-54959,-54604,-54249,-53894,-53539,-53184,-52829,-52474,-52119,-51764,-51409,-51054,-50699,-50344,-49989,-49634,-49279,-48924,-48569,-48214,-47859,-47504,-47149,-46794,-46439,-46084,-45729,-45374,-45019,-44664,-44309,-43954,-43599,-43244,-42889,-42534,-42179,-41824,-41469,-41114,-40759,-40404,-40049,-39694,-39339,-38984,-38629,-38274,-37919,-37564,-37209,-36854,-36499,-36144,-35789,-35434,-35079,-34724,-34369,-34014,-33659,-33304,-32949,-32594,-32239,-31884,-31529,-31174,-30819,-30464,-30109,-29754,-29399,-29044,-28689,-28334,-27979,-27624,-27269,-26914,-26559,-26204,-25849,-25494,-25139,-24784,-24429,-24074,-23719,-23430,-23364,-23009,-22654,-22299,-21944,-21589,-21234,-20879,-20524,-20169,-19814,-19459,-19104,-18749,-18394,-18039,-17684,-17329,-16974,-16619,-16264,-15909,-15554,-15199,-14844,-14489,-14134,-13779,-13424,-13069,-12714,-12359,-12004,-11649,-11294,-10939,-10584,-10229,-9874,-9519,-9164,-8809,-8454,-8099,-7744,-7389,-7034,-6679,-6324,-5969,-5614,-5259,-4904,-4549,-4194,-3839,-3484,-3129,-2774,-2419,-2064,-1709,-1354,-999,-644,-289,MAX=62901
67,422,777,1132,1487,1842,2197,2552,2907,3262,3617,3972,4327,4682,5037,5392,5747,6102,6457,6812,7167,7522,7877,8232,8587,8942,9297,9652,10007,10362,10717,11072,11427,11782,12137,12492,12847,13202,13557,13912,14267,14622,14977,15332,15687,16042,16397,16752,17107,17462,17817,18172,18527,18882,19237,19592,19947,20302,20657,21012,21367,21722,22077,22432,22787,23142,23497,23852,24207,24562,24917,25272,25627,25982,26337,26692,27047,27402,27757,28112,28467,28822,29177,29532,29887,30242,30597,30952,31307,31662,32017,32372,32727,33082,33437,33792,34147,34502,34857,35212,35567,35922,36277,36632,36987,37342,37697,38052,38407,38762,39117,39472,39827,40182,40537,40892,41247,41602,41957,42312,42667,43022,43377,43732,44087,44442,44797,45152,45507,45862,46217,46572,46927,47282,47637,47992,48347,48702,49057,49412,49767,50122,50477,50832,51187,51542,51897,52252,52607,52962,53317,53672,54027,54382,54737,55092,55447,55802,56157,56512,56867,57222,57577,57932,58287,58642,58997,59352,59707,60062,60417,60772,61127,61482,61837,62192,62547,62902,-62768,-62413,-62058,-61703,-61348,-60993,-60638,-60283,-59928,-59573,-59218,-58863,-58508,-58153,-57798,-57443,-57088,-56733,-56378,-56023,-55668,-55313,-54958,-54603,-54248,-53893,-53538,-53183,-52828,-52473,-52118,-51763,-51408,-51053,-50698,-50343,-49988,-49633,-49278,-48923,-48568,-48213,-47858,-47503,-47148,-46793,-46438,-46083,-45728,-45373,-45018,-44663,-44308,-43953,-43598,-43243,-42888,-42533,-42178,-41823,-41468,-41113,-40758,-40403,-40048,-39693,-39338,-38983,-38628,-38273,-37918,-37563,-37208,-36853,-36498,-36143,-35788,-35433,-35078,-34723,-34368,-34013,-33658,-33303,-32948,-32593,-32238,-31883,-31528,-31173,-30818,-30463,-30108,-29753,-29398,-29043,-28688,-28333,-27978,-27623,-27268,-26913,-26558,-26203,-25848,-25493,-25138,-24783,-24428,-24073,-23785,-23718,-23363,-23008,-22653,-22298,-21943,-21588,-21233,-20878,-20523,-20168,-19813,-19458,-19103,-18748,-18393,-18038,-17683,-17328,-16973,-16618,-16263,-15908,-15553,-15198,-14843,-14488,-14133,-13778,-13423,-13068,-12713,-12358,-12003,-11648,-11293,-10938,-10583,-10228,-9873,-9518,-9163,-8808,-8453,-8098,-7743,-7388,-7033,-6678,-6323,-5968,-5613,-5258,-4903,-4548,-4193,-3838,-3483,-3128,-2773,-2418,-2063,-1708,-1353,-998,-643,-288,MAX=62902
68,423,778,1133,1488,1843,2198,2553,2908,3263,3618,3973,4328,4683,5038,5393,5748,6103,6458,6813,7168,7523,7878,8233,8588,8943,9298,9653,10008,10363,10718,11073,11428,11783,12138,12493,12848,13203,13558,13913,14268,14623,14978,15333,15688,16043,16398,16753,17108,17463,17818,18173,18528,18883,19238,19593,19948,20303,20658,21013,21368,21723,22078,22433,22788,23143,23498,23853,24208,24563,24918,25273,25628,25983,26338,26693,27048,27403,27758,28113,28468,28823,29178,29533,29888,30243,30598,30953,31308,31663,32018,32373,32728,33083,33438,33793,34148,34503,34858,35213,35568,35923,36278,36633,36988,37343,37698,38053,38408,38763,39118,39473,39828,40183,40538,40893,41248,41603,41958,42313,42668,43023,43378,43733,44088,44443,44798,45153,45508,45863,46218,46573,46928,47283,47638,47993,48348,48703,49058,49413,49768,50123,50478,50833,51188,51543,51898,52253,52608,52963,53318,53673,54028,54383,54738,55093,55448,55803,56158,56513,56868,57223,57578,57933,58288,58643,58998,59353,59708,60063,60418,60773,61128,61483,61838,62193,62548,62903,-62767,-62412,-62057,-61702,-61347,-60992,-60637,-60282,-59927,-59572,-59217,-58862,-58507,-58152,-57797,-57442,-57087,-56732,-56377,-56022,-55667,-55312,-54957,-54602,-54247,-53892,-53537,-53182,-52827,-52472,-52117,-51762,-51407,-51052,-50697,-50342,-49987,-49632,-49277,-48922,-48567,-48212,-47857,-47502,-47147,-46792,-46437,-46082,-45727,-45372,-45017,-44662,-44307,-43952,-43597,-43242,-42887,-42532,-42177,-41822,-41467,-41112,-40757,-40402,-40047,-39692,-39337,-38982,-38627,-38272,-37917,-37562,-37207,-36852,-36497,-36142,-35787,-35432,-35077,-34722,-34367,-34012,-33657,-33302,-32947,-32592,-32237,-31882,-31527,-31172,-30817,-30462,-30107,-29752,-29397,-29042,-28687,-28332,-27977,-27622,-27267,-26912,-26557,-26202,-25847,-25492,-25137,-24782,-24427,-24140,-24072,-23717,-23362,-23007,-22652,-22297,-21942,-21587,-21232,-20877,-20522,-20167,-19812,-19457,-19102,-18747,-18392,-18037,-17682,-17327,-16972,-16617,-16262,-15907,-15552,-15197,-14842,-14487,-14132,-13777,-13422,-13067,-12712,-12357,-12002,-11647,-11292,-10937,-10582,-10227,-9872,-9517,-9162,-8807,-8452,-8097,-7742,-7387,-7032,-6677,-6322,-5967,-5612,-5257,-4902,-4547,-4192,-3837,-3482,-3127,-2772,-2417,-2062,-1707,-1352,-997,-642,-287,MAX=62903
69,424,779,1134,1489,1844,2199,2554,2909,3264,3619,3974,4329,4684,5039,5394,5749,6104,6459,6814,7169,7524,7879,8234,8589,8944,9299,9654,10009,10364,10719,11074,11429,11784,12139,12494,12849,13204,13559,13914,14269,14624,14979,15334,15689,16044,16399,16754,17109,17464,17819,18174,18529,18884,19239,19594,19949,20304,20659,21014,21369,21724,22079,22434,22789,23144,23499,23854,24209,24564,24919,25274,25629,25984,26339,26694,27049,27404,27759,28114,28469,28824,29179,29534,29889,30244,30599,30954,31309,31664,32019,32374,32729,33084,33439,33794,34149,34504,34859,35214,35569,35924,36279,36634,36989,37344,37699,38054,38409,38764,39119,39474,39829,40184,40539,40894,41249,41604,41959,42314,42669,43024,43379,43734,44089,44444,44799,45154,45509,45864,46219,46574,46929,47284,47639,47994,48349,48704,49059,49414,49769,50124,50479,50834,51189,51544,51899,52254,52609,52964,53319,53674,54029,54384,54739,55094,55449,55804,56159,56514,56869,57224,57579,57934,58289,58644,58999,59354,59709,60064,60419,60774,61129,61484,61839,62194,62549,62904,-62766,-62411,-62056,-61701,-61346,-60991,-60636,-60281,-59926,-59571,-59216,-58861,-58506,-58151,-57796,-57441,-57086,-56731,-56376,-56021,-55666,-55311,-54956,-54601,-54246,-53891,-53536,-53181,-52826,-52471,-52116,-51761,-51406,-51051,-50696,-50341,-49986,-49631,-49276,-48921,-48566,-48211,-47856,-47501,-47146,-46791,-46436,-46081,-45726,-45371,-45016,-44661,-44306,-43951,-43596,-43241,-42886,-42531,-42176,-41821,-41466,-41111,-40756,-40401,-40046,-39691,-39336,-38981,-38626,-38271,-37916,-37561,-37206,-36851,-36496,-36141,-35786,-35431,-35076,-34721,-34366,-34011,-33656,-33301,-32946,-32591,-32236,-31881,-31526,-31171,-30816,-30461,-30106,-29751,-29396,-29041,-28686,-28331,-27976,-27621,-27266,-26911,-26556,-26201,-25846,-25491,-25136,-24781,-24495,-24426,-24071,-23716,-23361,-23006,-22651,-22296,-21941,-21586,-21231,-20876,-20521,-20166,-19811,-19456,-19101,-18746,-18391,-18036,-17681,-17326,-16971,-16616,-16261,-15906,-15551,-15196,-14841,-14486,-14131,-13776,-13421,-13066,-12711,-12356,-12001,-11646,-11291,-10936,-10581,-10226,-9871,-9516,-9161,-8806,-8451,-8096,-7741,-7386,-7031,-6676,-6321,-5966,-5611,-5256,-4901,-4546,-4191,-3836,-3481,-3126,-2771,-2416,-2061,-1706,-1351,-996,-641,-286,MAX=62904
70,425,780,1135,1490,1845,2200,2555,2910,3265,3620,3975,4330,4685,5040,5395,5750,6105,6460,6815,7170,7525,7880,8235,8590,8945,9300,9655,10010,10365,10720,11075,11430,11785,12140,12495,12850,13205,13560,13915,14270,14625,14980,15335,15690,16045,16400,16755,17110,17465,17820,18175,18530,18885,19240,19595,19950,20305,20660,21015,21370,21725,22080,22435,22790,23145,23500,23855,24210,24565,24920,25275,25630,25985,26340,26695,27050,27405,27760,28115,28470,28825,29180,29535,29890,30245,30600,30955,31310,31665,32020,32375,32730,33085,33440,33795,34150,34505,34860,35215,35570,35925,36280,36635,36990,37345,37700,38055,38410,38765,39120,39475,39830,40185,40540,40895,41250,41605,41960,42315,42670,43025,43380,43735,44090,44445,44800,45155,45510,45865,46220,46575,46930,47285,47640,47995,48350,48705,49060,49415,49770,50125,50480,50835,51190,51545,51900,52255,52610,52965,53320,53675,54030,54385,54740,55095,55450,55805,56160,56515,56870,57225,57580,57935,58290,58645,59000,59355,59710,60065,60420,60775,61130,61485,61840,62195,62550,62905,-62765,-62410,-62055,-61700,-61345,-60990,-60635,-60280,-59925,-59570,-59215,-58860,-58505,-58150,-57795,-57440,-57085,-56730,-56375,-56020,-55665,-55310,-54955,-54600,-54245,-53890,-53535,-53180,-52825,-52470,-52115,-51760,-51405,-51050,-50695,-50340,-49985,-49630,-49275,-48920,-48565,-48210,-47855,-47500,-47145,-46790,-46435,-46080,-45725,-45370,-45015,-44660,-44305,-43950,-43595,-43240,-42885,-42530,-42175,-41820,-41465,-41110,-40755,-40400,-40045,-39690,-39335,-38980,-38625,-38270,-37915,-37560,-37205,-36850,-36495,-36140,-35785,-35430,-35075,-34720,-34365,-34010,-33655,-33300,-32945,-32590,-32235,-31880,-31525,-31170,-30815,-30460,-30105,-29750,-29395,-29040,-28685,-28330,-27975,-27620,-27265,-26910,-26555,-26200,-25845,-25490,-25135,-24850,-24780,-24425,-24070,-23715,-23360,-23005,-22650,-22295,-21940,-21585,-21230,-20875,-20520,-20165,-19810,-19455,-19100,-18745,-18390,-18035,-17680,-17325,-16970,-16615,-16260,-15905,-15550,-15195,-14840,-14485,-14130,-13775,-13420,-13065,-12710,-12355,-12000,-11645,-11290,-10935,-10580,-10225,-9870,-9515,-9160,-8805,-8450,-8095,-7740,-7385,-7030,-6675,-6320,-5965,-5610,-5255,-4900,-4545,-4190,-3835,-3480,-3125,-2770,-2415,-2060,-1705,-1350,-995,-640,-285,MAX=62905
71,426,781,1136,1491,1846,2201,2556,2911,3266,3621,3976,4331,4686,5041,5396,5751,6106,6461,6816,7171,7526,7881,8236,8591,8946,9301,9656,10011,10366,10721,11076,11431,11786,12141,12496,12851,13206,13561,13916,14271,14626,14981,15336,15691,16046,16401,16756,17111,17466,17821,18176,18531,18886,19241,19596,19951,20306,20661,21016,21371,21726,22081,22436,22791,23146,23501,23856,24211,24566,24921,25276,25631,25986,26341,26696,27051,27406,27761,28116,28471,28826,29181,29536,29891,30246,30601,30956,31311,31666,32021,32376,32731,33086,33441,33796,34151,34506,34861,35216,35571,35926,36281,36636,36991,37346,37701,38056,38411,38766,39121,39476,39831,40186,40541,40896,41251,41606,41961,42316,42671,43026,43381,43736,44091,44446,44801,45156,45511,45866,46221,46576,46931,47286,47641,47996,48351,48706,49061,49416,49771,50126,50481,50836,51191,51546,51901,52256,52611,52966,53321,53676,54031,54386,54741,55096,55451,55806,56161,56516,56871,57226,57581,57936,58291,58646,59001,59356,59711,60066,60421,60776,61131,61486,61841,62196,62551,62906,-62764,-62409,-62054,-61699,-61344,-60989,-60634,-60279,-59924,-59569,-59214,-58859,-58504,-58149,-57794,-57439,-57084,-56729,-56374,-56019,-55664,-55309,-54954,-54599,-54244,-53889,-53534,-53179,-52824,-52469,-52114,-51759,-51404,-51049,-50694,-50339,-49984,-49629,-49274,-48919,-48564,-48209,-47854,-47499,-47144,-46789,-46434,-46079,-45724,-45369,-45014,-44659,-44304,-43949,-43594,-43239,-42884,-42529,-42174,-41819,-41464,-41109,-40754,-40399,-40044,-39689,-39334,-38979,-38624,-38269,-37914,-37559,-37204,-36849,-36494,-36139,-35784,-35429,-35074,-34719,-34364,-34009,-33654,-33299,-32944,-32589,-32234,-31879,-31524,-31169,-30814,-30459,-30104,-29749,-29394,-29039,-28684,-28329,-27974,-27619,-27264,-26909,-26554,-26199,-25844,-25489,-25205,-25134,-24779,-24424,-24069,-23714,-23359,-23004,-22649,-22294,-21939,-21584,-21229,-20874,-20519,-20164,-19809,-19454,-19099,-18744,-18389,-18034,-17679,-17324,-16969,-16614,-16259,-15904,-15549,-15194,-14839,-14484,-14129,-13774,-13419,-13064,-12709,-12354,-11999,-11644,-11289,-10934,-10579,-10224,-9869,-9514,-9159,-8804,-8449,-8094,-7739,-7384,-7029,-6674,-6319,-5964,-5609,-5254,-4899,-4544,-4189,-3834,-3479,-3124,-2769,-2414,-2059,-1704,-1349,-994,-639,-284,MAX=62906
72,427,782,1137,1492,1847,2202,2557,2912,3267,3622,3977,4332,4687,5042,5397,5752,6107,6462,6817,7172,7527,7882,8237,8592,8947,9302,9657,10012,10367,10722,11077,11432,11787,12142,12497,12852,13207,13562,13917,14272,14627,14982,15337,15692,16047,16402,16757,17112,17467,17822,18177,18532,18887,19242,19597,19952,20307,20662,21017,21372,21727,22082,22437,22792,23147,23502,23857,24212,24567,24922,25277,25632,25987,26342,26697,27052,27407,27762,28117,28472,28827,29182,29537,29892,30247,30602,30957,31312,31667,32022,32377,32732,33087,33442,33797,34152,34507,34862,35217,35572,35927,36282,36637,36992,37347,37702,38057,38412,38767,39122,39477,39832,40187,40542,40897,41252,41607,41962,42317,42672,43027,43382,43737,44092,44447,44802,45157,45512,45867,46222,46577,46932,47287,47642,47997,48352,48707,49062,49417,49772,50127,50482,50837,51192,51547,51902,52257,52612,52967,53322,53677,54032,54387,54742,55097,55452,55807,56162,56517,56872,57227,57582,57937,58292,58647,59002,59357,59712,60067,60422,60777,61132,61487,61842,62197,62552,62907,-62763,-62408,-62053,-61698,-61343,-60988,-60633,-60278,-59923,-59568,-59213,-58858,-58503,-58148,-57793,-57438,-57083,-56728,-56373,-56018,-55663,-55308,-54953,-54598,-54243,-53888,-53533,-53178,-52823,-52468,-52113,-51758,-51403,-51048,-50693,-50338,-49983,-49628,-49273,-48918,-48563,-48208,-47853,-47498,-47143,-46788,-46433,-46078,-45723,-45368,-45013,-44658,-44303,-43948,-43593,-43238,-42883,-42528,-42173,-41818,-41463,-41108,-40753,-40398,-40043,-39688,-39333,-38978,-38623,-38268,-37913,-37558,-37203,-36848,-36493,-36138,-35783,-35428,-35073,-34718,-34363,-34008,-33653,-33298,-32943,-32588,-32233,-31878,-31523,-31168,-30813,-30458,-30103,-29748,-29393,-29038,-28683,-28328,-27973,-27618,-27263,-26908,-26553,-26198,-25843,-25560,-25488,-25133,-24778,-24423,-24068,-23713,-23358,-23003,-22648,-22293,-21938,-21583,-21228,-20873,-20518,-20163,-19808,-19453,-19098,-18743,-18388,-18033,-17678,-17323,-16968,-16613,-16258,-15903,-15548,-15193,-14838,-14483,-14128,-13773,-13418,-13063,-12708,-12353,-11998,-11643,-11288,-10933,-10578,-10223,-9868,-9513,-9158,-8803,-8448,-8093,-7738,-7383,-7028,-6673,-6318,-5963,-5608,-5253,-4898,-4543,-4188,-3833,-3478,-3123,-2768,-2413,-2058,-1703,-1348,-993,-638,-283,MAX=62907
73,428,783,1138,1493,1848,2203,2558,2913,3268,3623,3978,4333,4688,5043,5398,5753,6108,6463,6818,7173,7528,7883,8238,8593,8948,9303,9658,10013,10368,10723,11078,11433,11788,12143,12498,12853,13208,13563,13918,14273,14628,14983,15338,15693,16048,16403,16758,17113,17468,17823,18178,18533,18888,19243,19598,19953,20308,20663,21018,21373,21728,22083,22438,22793,23148,23503,23858,24213,24568,24923,25278,25633,25988,26343,26698,27053,27408,27763,28118,28473,28828,29183,29538,29893,30248,30603,30958,31313,31668,32023,32378,32733,33088,33443,33798,34153,34508,34863,35218,35573,35928,36283,36638,36993,37348,37703,38058,38413,38768,39123,39478,39833,40188,40543,40898,41253,41608,41963,42318,42673,43028,43383,43738,44093,44448,44803,45158,45513,45868,46223,46578,46933,47288,47643,47998,48353,48708,49063,49418,49773,50128,50483,50838,51193,51548,51903,52258,52613,52968,53323,53678,54033,54388,54743,55098,55453,55808,56163,56518,56873,57228,57583,57938,58293,58648,59003,59358,59713,60068,60423,60778,61133,61488,61843,62198,62553,62908,-62762,-62407,-62052,-61697,-61342,-60987,-60632,-60277,-59922,-59567,-59212,-58857,-58502,-58147,-57792,-57437,-57082,-56727,-56372,-56017,-55662,-55307,-54952,-54597,-54242,-53887,-53532,-53177,-52822,-52467,-52112,-51757,-51402,-51047,-50692,-50337,-49982,-49627,-49272,-48917,-48562,-48207,-47852,-47497,-47142,-46787,-46432,-46077,-45722,-45367,-45012,-44657,-44302,-43947,-43592,-43237,-42882,-42527,-42172,-41817,-41462,-41107,-40752,-40397,-40042,-39687,-39332,-38977,-38622,-38267,-37912,-37557,-37202,-36847,-36492,-36137,-35782,-35427,-35072,-34717,-34362,-34007,-33652,-33297,-32942,-32587,-32232,-31877,-31522,-31167,-30812,-30457,-30102,-29747,-29392,-29037,-28682,-28327,-27972,-27617,-27262,-26907,-26552,-26197,-25915,-25842,-25487,-25132,-24777,-24422,-24067,-23712,-23357,-23002,-22647,-22292,-21937,-21582,-21227,-20872,-20517,-20162,-19807,-19452,-19097,-18742,-18387,-18032,-17677,-17322,-16967,-16612,-16257,-15902,-15547,-15192,-14837,-14482,-14127,-13772,-13417,-13062,-12707,-12352,-11997,-11642,-11287,-10932,-10577,-10222,-9867,-9512,-9157,-8802,-8447,-8092,-7737,-7382,-7027,-6672,-6317,-5962,-5607,-5252,-4897,-4542,-4187,-3832,-3477,-3122,-2767,-2412,-2057,-1702,-1347,-992,-637,-282,MAX=62908
74,429,784,1139,1494,1849,2204,2559,2914,3269,3624,3979,4334,4689,5044,5399,5754,6109,6464,6819,7174,7529,7884,8239,8594,8949,9304,9659,10014,10369,10724,11079,11434,11789,12144,12499,12854,13209,13564,13919,14274,14629,14984,15339,15694,16049,16404,16759,17114,17469,17824,18179,18534,18889,19244,19599,19954,20309,20664,21019,21374,21729,22084,22439,22794,23149,23504,23859,24214,24569,24924,25279,25634,25989,26344,26699,27054,27409,27764,28119,28474,28829,29184,29539,29894,30249,30604,30959,31314,31669,32024,32379,32734,33089,33444,33799,34154,34509,34864,35219,35574,35929,36284,36639,36994,37349,37704,38059,38414,38769,39124,39479,39834,40189,40544,40899,41254,41609,41964,42319,42674,43029,43384,43739,44094,44449,44804,45159,45514,45869,46224,46579,46934,47289,47644,47999,48354,48709,49064,49419,49774,50129,50484,50839,51194,51549,51904,52259,52614,52969,53324,53679,54034,54389,54744,55099,55454,55809,56164,56519,56874,57229,57584,57939,58294,58649,59004,59359,59714,60069,60424,60779,61134,61489,61844,62199,62554,62909,-62761,-62406,-62051,-61696,-61341,-60986,-60631,-60276,-59921,-59566,-59211,-58856,-58501,-58146,-57791,-57436,-57081,-56726,-56371,-56016,-55661,-55306,-54951,-54596,-54241,-53886,-53531,-53176,-52821,-52466,-52111,-51756,-51401,-51046,-50691,-50336,-49981,-49626,-49271,-48916,-48561,-48206,-47851,-47496,-47141,-46786,-46431,-46076,-45721,-45366,-45011,-44656,-44301,-43946,-43591,-43236,-42881,-42526,-42171,-41816,-41461,-41106,-40751,-40396,-40041,-39686,-39331,-38976,-38621,-38266,-37911,-37556,-37201,-36846,-36491,-36136,-35781,-35426,-35071,-34716,-34361,-34006,-33651,-33296,-32941,-32586,-32231,-31876,-31521,-31166,-30811,-30456,-30101,-29746,-29391,-29036,-28681,-28326,-27971,-27616,-27261,-26906,-26551,-26270,-26196,-25841,-25486,-25131,-24776,-24421,-24066,-23711,-23356,-23001,-22646,-22291,-21936,-21581,-21226,-20871,-20516,-20161,-19806,-19451,-19096,-18741,-18386,-18031,-17676,-17321,-16966,-16611,-16256,-15901,-15546,-15191,-14836,-14481,-14126,-13771,-13416,-13061,-12706,-12351,-11996,-11641,-11286,-10931,-10576,-10221,-9866,-9511,-9156,-8801,-8446,-8091,-7736,-7381,-7026,-6671,-6316,-5961,-5606,-5251,-4896,-4541,-4186,-3831,-3476,-3121,-2766,-2411,-2056,-1701,-1346,-991,-636,-281,MAX=62909
75,430,785,1140,1495,1850,2205,2560,2915,3270,3625,3980,4335,4690,5045,5400,5755,6110,6465,6820,7175,7530,7885,8240,8595,8950,9305,9660,10015,10370,10725,11080,11435,11790,12145,12500,12855,13210,13565,13920,14275,14630,14985,15340,15695,16050,16405,16760,17115,17470,17825,18180,18535,18890,19245,19600,19955,20310,20665,21020,21375,21730,22085,22440,22795,23150,23505,23860,24215,24570,24925,25280,25635,25990,26345,26700,27055,27410,27765,28120,28475,28830,29185,29540,29895,30250,30605,30960,31315,31670,32025,32380,32735,33090,33445,33800,34155,34510,34865,35220,35575,35930,36285,36640,36995,37350,37705,38060,38415,38770,39125,39480,39835,40190,40545,40900,41255,41610,41965,42320,42675,43030,43385,43740,44095,44450,44805,45160,45515,45870,46225,46580,46935,47290,47645,48000,48355,48710,49065,49420,49775,50130,50485,50840,51195,51550,51905,52260,52615,52970,53325,53680,54035,54390,54745,55100,55455,55810,56165,56520,56875,57230,57585,57940,58295,58650,59005,59360,59715,60070,60425,60780,61135,61490,61845,62200,62555,62910,-62760,-62405,-62050,-61695,-61340,-60985,-60630,-60275,-59920,-59565,-59210,-58855,-58500,-58145,-57790,-57435,-57080,-56725,-56370,-56015,-55660,-55305,-54950,-54595,-54240,-53885,-53530,-53175,-52820,-52465,-52110,-51755,-51400,-51045,-50690,-50335,-49980,-49625,-49270,-48915,-48560,-48205,-47850,-47495,-47140,-46785,-46430,-46075,-45720,-45365,-45010,-44655,-44300,-43945,-43590,-43235,-42880,-42525,-42170,-41815,-41460,-41105,-40750,-40395,-40040,-39685,-39330,-38975,-38620,-38265,-37910,-37555,-37200,-36845,-36490,-36135,-35780,-35425,-35070,-34715,-34360,-34005,-33650,-33295,-32940,-32585,-32230,-31875,-31520,-31165,-30810,-30455,-30100,-29745,-29390,-29035,-28680,-28325,-27970,-27615,-27260,-26905,-26625,-26550,-26195,-25840,-25485,-25130,-24775,-24420,-24065,-23710,-23355,-23000,-22645,-22290,-21935,-21580,-21225,-20870,-20515,-20160,-19805,-19450,-19095,-18740,-18385,-18030,-17675,-17320,-16965,-16610,-16255,-15900,-15545,-15190,-14835,-14480,-14125,-13770,-13415,-13060,-12705,-12350,-11995,-11640,-11285,-10930,-10575,-10220,-9865,-9510,-9155,-8800,-8445,-8090,-7735,-7380,-7025,-6670,-6315,-5960,-5605,-5250,-4895,-4540,-4185,-3830,-3475,-3120,-2765,-2410,-2055,-1700,-1345,-990,-635,-280,MAX=62910
76,431,786,1141,1496,1851,2206,2561,2916,3271,3626,3981,4336,4691,5046,5401,5756,6111,6466,6821,7176,7531,7886,8241,8596,8951,9306,9661,10016,10371,10726,11081,11436,11791,12146,12501,12856,13211,13566,13921,14276,14631,14986,15341,15696,16051,16406,16761,17116,17471,17826,18181,18536,18891,19246,19601,19956,20311,20666,21021,21376,21731,22086,22441,22796,23151,23506,23861,24216,24571,24926,25281,25636,25991,26346,26701,27056,27411,27766,28121,28476,28831,29186,29541,29896,30251,30606,30961,31316,31671,32026,32381,32736,33091,33446,33801,34156,34511,34866,35221,35576,35931,36286,36641,36996,37351,37706,38061,38416,38771,39126,39481,39836,40191,40546,40901,41256,41611,41966,42321,42676,43031,43386,43741,44096,44451,44806,45161,45516,45871,46226,46581,46936,47291,47646,48001,48356,48711,49066,49421,49776,50131,50486,50841,51196,51551,51906,52261,52616,52971,53326,53681,54036,54391,54746,55101,55456,55811,56166,56521,56876,57231,57586,57941,58296,58651,59006,59361,59716,60071,60426,60781,61136,61491,61846,62201,62556,62911,-62759,-62404,-62049,-61694,-61339,-60984,-60629,-60274,-59919,-59564,-59209,-58854,-58499,-58144,-57789,-57434,-57079,-56724,-56369,-56014,-55659,-55304,-54949,-54594,-54239,-53884,-53529,-53174,-52819,-52464,-52109,-51754,-51399,-51044,-50689,-50334,-49979,-49624,-49269,-48914,-48559,-48204,-47849,-47494,-47139,-46784,-46429,-46074,-45719,-45364,-45009,-44654,-44299,-43944,-43589,-43234,-42879,-42524,-42169,-41814,-41459,-41104,-40749,-40394,-40039,-39684,-39329,-38974,-38619,-38264,-37909,-37554,-37199,-36844,-36489,-36134,-35779,-35424,-35069,-34714,-34359,-34004,-33649,-33294,-32939,-32584,-32229,-31874,-31519,-31164,-30809,-30454,-30099,-29744,-29389,-29034,-28679,-28324,-27969,-27614,-27259,-26980,-26904,-26549,-26194,-25839,-25484,-25129,-24774,-24419,-24064,-23709,-23354,-22999,-22644,-22289,-21934,-21579,-21224,-20869,-20514,-20159,-19804,-19449,-19094,-18739,-18384,-18029,-17674,-17319,-16964,-16609,-16254,-15899,-15544,-15189,-14834,-14479,-14124,-13769,-13414,-13059,-12704,-12349,-11994,-11639,-11284,-10929,-10574,-10219,-9864,-9509,-9154,-8799,-8444,-8089,-7734,-7379,-7024,-6669,-6314,-5959,-5604,-5249,-4894,-4539,-4184,-3829,-3474,-3119,-2764,-2409,-2054,-1699,-1344,-989,-634,-279,MAX=62911
77,432,787,1142,1497,1852,2207,2562,2917,3272,3627,3982,4337,4692,5047,5402,5757,6112,6467,6822,7177,7532,7887,8242,8597,8952,9307,9662,10017,10372,10727,11082,11437,11792,12147,12502,12857,13212,13567,13922,14277,14632,14987,15342,15697,16052,16407,16762,17117,17472,17827,18182,18537,18892,19247,19602,19957,20312,20667,21022,21377,21732,22087,22442,22797,23152,23507,23862,24217,24572,24927,25282,25637,25992,26347,26702,27057,27412,27767,28122,28477,28832,29187,29542,29897,30252,30607,30962,31317,31672,32027,32382,32737,33092,33447,33802,34157,34512,34867,35222,35577,35932,36287,36642,36997,37352,37707,38062,38417,38772,39127,39482,39837,40192,40547,40902,41257,41612,41967,42322,42677,43032,43387,43742,44097,44452,44807,45162,45517,45872,46227,46582,46937,47292,47647,48002,48357,48712,49067,49422,49777,50132,50487,50842,51197,51552,51907,52262,52617,52972,53327,53682,54037,54392,54747,55102,55457,55812,56167,56522,56877,57232,57587,57942,58297,58652,59007,59362,59717,60072,60427,60782,61137,61492,61847,62202,62557,62912,-62758,-62403,-62048,-61693,-61338,-60983,-60628,-60273,-59918,-59563,-59208,-58853,-58498,-58143,-57788,-57433,-57078,-56723,-56368,-56013,-55658,-55303,-54948,-54593,-54238,-53883,-53528,-53173,-52818,-52463,-52108,-51753,-51398,-51043,-50688,-50333,-49978,-49623,-49268,-48913,-48558,-48203,-47848,-47493,-47138,-46783,-46428,-46073,-45718,-45363,-45008,-44653,-44298,-43943,-43588,-43233,-42878,-42523,-42168,-41813,-41458,-41103,-40748,-40393,-40038,-39683,-39328,-38973,-38618,-38263,-37908,-37553,-37198,-36843,-36488,-36133,-35778,-35423,-35068,-34713,-34358,-34003,-33648,-33293,-32938,-32583,-32228,-31873,-31518,-31163,-30808,-30453,-30098,-29743,-29388,-29033,-28678,-28323,-27968,-27613,-27335,-27258,-26903,-26548,-26193,-25838,-25483,-25128,-24773,-24418,-24063,-23708,-23353,-22998,-22643,-22288,-21933,-21578,-21223,-20868,-20513,-20158,-19803,-19448,-19093,-18738,-18383,-18028,-17673,-17318,-16963,-16608,-16253,-15898,-15543,-15188,-14833,-14478,-14123,-13768,-13413,-13058,-12703,-12348,-11993,-11638,-11283,-10928,-10573,-10218,-9863,-9508,-9153,-8798,-8443,-8088,-7733,-7378,-7023,-6668,-6313,-5958,-5603,-5248,-4893,-4538,-4183,-3828,-3473,-3118,-2763,-2408,-2053,-1698,-1343,-988,-633,-278,MAX=62912
78,433,788,1143,1498,1853,2208,2563,2918,3273,3628,3983,4338,4693,5048,5403,5758,6113,6468,6823,7178,7533,7888,8243,8598,8953,9308,9663,10018,10373,10728,11083,11438,11793,12148,12503,12858,13213,13568,13923,14278,14633,14988,15343,15698,16053,16408,16763,17118,17473,17828,18183,18538,18893,19248,19603,19958,20313,20668,21023,21378,21733,22088,22443,22798,23153,23508,23863,24218,24573,24928,25283,25638,25993,26348,26703,27058,27413,27768,28123,28478,28833,29188,29543,29898,30253,30608,30963,31318,31673,32028,32383,32738,33093,33448,33803,34158,34513,34868,35223,35578,35933,36288,36643,36998,37353,37708,38063,38418,38773,39128,39483,39838,40193,40548,40903,41258,41613,41968,42323,42678,43033,43388,43743,44098,44453,44808,45163,45518,45873,46228,46583,46938,47293,47648,48003,48358,48713,49068,49423,49778,50133,50488,50843,51198,51553,51908,52263,52618,52973,53328,53683,54038,54393,54748,55103,55458,55813,56168,56523,56878,57233,57588,57943,58298,58653,59008,59363,59718,60073,60428,60783,61138,61493,61848,62203,62558,62913,-62757,-62402,-62047,-61692,-61337,-60982,-60627,-60272,-59917,-59562,-59207,-58852,-58497,-58142,-57787,-57432,-57077,-56722,-56367,-56012,-55657,-55302,-54947,-54592,-54237,-53882,-53527,-53172,-52817,-52462,-52107,-51752,-51397,-51042,-50687,-50332,-49977,-49622,-49267,-48912,-48557,-48202,-47847,-47492,-47137,-46782,-46427,-46072,-45717,-45362,-45007,-44652,-44297,-43942,-43587,-43232,-42877,-42522,-42167,-41812,-41457,-41102,-40747,-40392,-40037,-39682,-39327,-38972,-38617,-38262,-37907,-37552,-37197,-36842,-36487,-36132,-35777,-35422,-35067,-34712,-34357,-34002,-33647,-33292,-32937,-32582,-32227,-31872,-31517,-31162,-30807,-30452,-30097,-29742,-29387,-29032,-28677,-28322,-27967,-27690,-27612,-27257,-26902,-26547,-26192,-25837,-25482,-25127,-24772,-24417,-24062,-23707,-23352,-22997,-22642,-22287,-21932,-21577,-21222,-20867,-20512,-20157,-19802,-19447,-19092,-18737,-18382,-18027,-17672,-17317,-16962,-16607,-16252,-15897,-15542,-15187,-14832,-14477,-14122,-13767,-13412,-13057,-12702,-12347,-11992,-11637,-11282,-10927,-10572,-10217,-9862,-9507,-9152,-8797,-8442,-8087,-7732,-7377,-7022,-6667,-6312,-5957,-5602,-5247,-4892,-4537,-4182,-3827,-3472,-3117,-2762,-2407,-2052,-1697,-1342,-987,-632,-277,MAX=62913
79,434,789,1144,1499,1854,2209,2564,2919,3274,3629,3984,4339,4694,5049,5404,5759,6114,6469,6824,7179,7534,7889,8244,8599,8954,9309,9664,10019,10374,10729,11084,11439,11794,12149,12504,12859,13214,13569,13924,14279,14634,14989,15344,15699,16054,16409,16764,17119,17474,17829,18184,18539,18894,19249,19604,19959,20314,20669,21024,21379,21734,22089,22444,22799,23154,23509,23864,24219,24574,24929,25284,25639,25994,26349,26704,27059,27414,27769,28124,28479,28834,29189,29544,29899,30254,30609,30964,31319,31674,32029,32384,32739,33094,33449,33804,34159,34514,34869,35224,35579,35934,36289,36644,36999,37354,37709,38064,38419,38774,39129,39484,39839,40194,40549,40904,41259,41614,41969,42324,42679,43034,43389,43744,44099,44454,44809,45164,45519,45874,46229,46584,46939,47294,47649,48004,48359,48714,49069,49424,49779,50134,50489,50844,51199,51554,51909,52264,52619,52974,53329,53684,54039,54394,54749,55104,55459,55814,56169,56524,56879,57234,57589,57944,58299,58654,59009,59364,59719,60074,60429,60784,61139,61494,61849,62204,62559,62914,-62756,-62401,-62046,-61691,-61336,-60981,-60626,-60271,-59916,-59561,-59206,-58851,-58496,-58141,-57786,-57431,-57076,-56721,-56366,-56011,-55656,-55301,-54946,-54591,-54236,-53881,-53526,-53171,-52816,-52461,-52106,-51751,-51396,-51041,-50686,-50331,-49976,-49621,-49266,-48911,-48556,-48201,-47846,-47491,-47136,-46781,-46426,-46071,-45716,-45361,-45006,-44651,-44296,-43941,-43586,-43231,-42876,-42521,-42166,-41811,-41456,-41101,-40746,-40391,-40036,-39681,-39326,-38971,-38616,-38261,-37906,-37551,-37196,-36841,-36486,-36131,-35776,-35421,-35066,-34711,-34356,-34001,-33646,-33291,-32936,-32581,-32226,-31871,-31516,-31161,-30806,-30451,-30096,-29741,-29386,-29031,-28676,-28321,-28045,-27966,-27611,-27256,-26901,-26546,-26191,-25836,-25481,-25126,-24771,-24416,-24061,-23706,-23351,-22996,-22641,-22286,-21931,-21576,-21221,-20866,-20511,-20156,-19801,-19446,-19091,-18736,-18381,-18026,-17671,-17316,-16961,-16606,-16251,-15896,-15541,-15186,-14831,-14476,-14121,-13766,-13411,-13056,-12701,-12346,-11991,-11636,-11281,-10926,-10571,-10216,-9861,-9506,-9151,-8796,-8441,-8086,-7731,-7376,-7021,-6666,-6311,-5956,-5601,-5246,-4891,-4536,-4181,-3826,-3471,-3116,-2761,-2406,-2051,-1696,-1341,-986,-631,-276,MAX=62914
80,435,790,1145,1500,1855,2210,2565,2920,3275,3630,3985,4340,4695,5050,5405,5760,6115,6470,6825,7180,7535,7890,8245,8600,8955,9310,9665,10020,10375,10730,11085,11440,11795,12150,12505,12860,13215,13570,13925,14280,14635,14990,15345,15700,16055,16410,16765,17120,17475,17830,18185,18540,18895,19250,19605,19960,20315,20670,21025,21380,21735,22090,22445,22800,23155,23510,23865,24220,24575,24930,25285,25640,25995,26350,26705,27060,27415,27770,28125,28480,28835,29190,29545,29900,30255,30610,30965,31320,31675,32030,32385,32740,33095,33450,33805,34160,34515,34870,35225,35580,35935,36290,36645,37000,37355,37710,38065,38420,38775,39130,39485,39840,40195,40550,40905,41260,41615,41970,42325,42680,43035,43390,43745,44100,44455,44810,45165,45520,45875,46230,46585,46940,47295,47650,48005,48360,48715,49070,49425,49780,50135,50490,50845,51200,51555,51910,52265,52620,52975,53330,53685,54040,54395,54750,55105,55460,55815,56170,56525,56880,57235,57590,57945,58300,58655,59010,59365,59720,60075,60430,60785,61140,61495,61850,62205,62560,62915,-62755,-62400,-62045,-61690,-61335,-60980,-60625,-60270,-59915,-59560,-59205,-58850,-58495,-58140,-57785,-57430,-57075,-56720,-56365,-56010,-55655,-55300,-54945,-54590,-54235,-53880,-53525,-53170,-52815,-52460,-52105,-51750,-51395,-51040,-50685,-50330,-49975,-49620,-49265,-48910,-48555,-48200,-47845,-47490,-47135,-46780,-46425,-46070,-45715,-45360,-45005,-44650,-44295,-43940,-43585,-43230,-42875,-42520,-42165,-41810,-41455,-41100,-40745,-40390,-40035,-39680,-39325,-38970,-38615,-38260,-37905,-37550,-37195,-36840,-36485,-36130,-35775,-35420,-35065,-34710,-34355,-34000,-33645,-33290,-32935,-32580,-32225,-31870,-31515,-31160,-30805,-30450,-30095,-29740,-29385,-29030,-28675,-28400,-28320,-27965,-27610,-27255,-26900,-26545,-26190,-25835,-25480,-25125,-24770,-24415,-24060,-23705,-23350,-22995,-22640,-22285,-21930,-21575,-21220,-20865,-20510,-20155,-19800,-19445,-19090,-18735,-18380,-18025,-17670,-17315,-16960,-16605,-16250,-15895,-15540,-15185,-14830,-14475,-14120,-13765,-13410,-13055,-12700,-12345,-11990,-11635,-11280,-10925,-10570,-10215,-9860,-9505,-9150,-8795,-8440,-8085,-7730,-7375,-7020,-6665,-6310,-5955,-5600,-5245,-4890,-4535,-4180,-3825,-3470,-3115,-2760,-2405,-2050,-1695,-1340,-985,-630,-275,MAX=62915
81,436,791,1146,1501,1856,2211,2566,2921,3276,3631,3986,4341,4696,5051,5406,5761,6116,6471,6826,7181,7536,7891,8246,8601,8956,9311,9666,10021,10376,10731,11086,11441,11796,12151,12506,12861,13216,13571,13926,14281,14636,14991,15346,15701,16056,16411,16766,17121,17476,17831,18186,18541,18896,19251,19606,19961,20316,20671,21026,21381,21736,22091,22446,22801,23156,23511,23866,24221,24576,24931,25286,25641,25996,26351,26706,27061,27416,27771,28126,28481,28836,29191,29546,29901,30256,30611,30966,31321,31676,32031,32386,32741,33096,33451,33806,34161,34516,34871,35226,35581,35936,36291,36646,37001,37356,37711,38066,38421,38776,39131,39486,39841,40196,40551,40906,41261,41616,41971,42326,42681,43036,43391,43746,44101,44456,44811,45166,45521,45876,46231,46586,46941,47296,47651,48006,48361,48716,49071,49426,49781,50136,50491,50846,51201,51556,51911,52266,52621,52976,53331,53686,54041,54396,54751,55106,55461,55816,56171,56526,56881,57236,57591,57946,58301,58656,59011,59366,59721,60076,60431,60786,61141,61496,61851,62206,62561,62916,-62754,-62399,-62044,-61689,-61334,-60979,-60624,-60269,-59914,-59559,-59204,-58849,-58494,-58139,-57784,-57429,-57074,-56719,-56364,-56009,-55654,-55299,-54944,-54589,-54234,-53879,-53524,-53169,-52814,-52459,-52104,-51749,-51394,-51039,-50684,-50329,-49974,-49619,-49264,-48909,-48554,-48199,-47844,-47489,-47134,-46779,-46424,-46069,-45714,-45359,-45004,-44649,-44294,-43939,-43584,-43229,-42874,-42519,-42164,-41809,-41454,-41099,-40744,-40389,-40034,-39679,-39324,-38969,-38614,-38259,-37904,-37549,-37194,-36839,-36484,-36129,-35774,-35419,-35064,-34709,-34354,-33999,-33644,-33289,-32934,-32579,-32224,-31869,-31514,-31159,-30804,-30449,-30094,-29739,-29384,-29029,-28755,-28674,-28319,-27964,-27609,-27254,-26899,-26544,-26189,-25834,-25479,-25124,-24769,-24414,-24059,-23704,-23349,-22994,-22639,-22284,-21929,-21574,-21219,-20864,-20509,-20154,-19799,-19444,-19089,-18734,-18379,-18024,-17669,-17314,-16959,-16604,-16249,-15894,-15539,-15184,-14829,-14474,-14119,-13764,-13409,-13054,-12699,-12344,-11989,-11634,-11279,-10924,-10569,-10214,-9859,-9504,-9149,-8794,-8439,-8084,-7729,-7374,-7019,-6664,-6309,-5954,-5599,-5244,-4889,-4534,-4179,-3824,-3469,-3114,-2759,-2404,-2049,-1694,-1339,-984,-629,-274,MAX=62916
82,437,792,1147,1502,1857,2212,2567,2922,3277,3632,3987,4342,4697,5052,5407,5762,6117,6472,6827,7182,7537,7892,8247,8602,8957,9312,9667,10022,10377,10732,11087,11442,11797,12152,12507,12862,13217,13572,13927,14282,14637,14992,15347,15702,16057,16412,16767,17122,17477,17832,18187,18542,18897,19252,19607,19962,20317,20672,21027,21382,21737,22092,22447,22802,23157,23512,23867,24222,24577,24932,25287,25642,25997,26352,26707,27062,27417,27772,28127,28482,28837,29192,29547,29902,30257,30612,30967,31322,31677,32032,32387,32742,33097,33452,33807,34162,34517,34872,35227,35582,35937,36292,36647,37002,37357,37712,38067,38422,38777,39132,39487,39842,40197,40552,40907,41262,41617,41972,42327,42682,43037,43392,43747,44102,44457,44812,45167,45522,45877,46232,46587,46942,47297,47652,48007,48362,48717,49072,49427,49782,50137,50492,50847,51202,51557,51912,52267,52622,52977,53332,53687,54042,54397,54752,55107,55462,55817,56172,56527,56882,57237,57592,57947,58302,58657,59012,59367,59722,60077,60432,60787,61142,61497,61852,62207,62562,62917,-62753,-62398,-62043,-61688,-61333,-60978,-60623,-60268,-59913,-59558,-59203,-58848,-58493,-58138,-57783,-57428,-57073,-56718,-56363,-56008,-55653,-55298,-54943,-54588,-54233,-53878,-53523,-53168,-52813,-52458,-52103,-51748,-51393,-51038,-50683,-50328,-49973,-49618,-49263,-48908,-48553,-48198,-47843,-47488,-47133,-46778,-46423,-46068,-45713,-45358,-45003,-44648,-44293,-43938,-43583,-43228,-42873,-42518,-42163,-41808,-41453,-41098,-40743,-40388,-40033,-39678,-39323,-38968,-38613,-38258,-37903,-37548,-37193,-36838,-36483,-36128,-35773,-35418,-35063,-34708,-34353,-33998,-33643,-33288,-32933,-32578,-32223,-31868,-31513,-31158,-30803,-30448,-30093,-29738,-29383,-29110,-29028,-28673,-28318,-27963,-27608,-27253,-26898,-26543,-26188,-25833,-25478,-25123,-24768,-24413,-24058,-23703,-23348,-22993,-22638,-22283,-21928,-21573,-21218,-20863,-20508,-20153,-19798,-19443,-19088,-18733,-18378,-18023,-17668,-17313,-16958,-16603,-16248,-15893,-15538,-15183,-14828,-14473,-14118,-13763,-13408,-13053,-12698,-12343,-11988,-11633,-11278,-10923,-10568,-10213,-9858,-9503,-9148,-8793,-8438,-8083,-7728,-7373,-7018,-6663,-6308,-5953,-5598,-5243,-4888,-4533,-4178,-3823,-3468,-3113,-2758,-2403,-2048,-1693,-1338,-983,-628,-273,MAX=62917
83,438,793,1148,1503,1858,2213,2568,2923,3278,3633,3988,4343,4698,5053,5408,5763,6118,6473,6828,7183,7538,7893,8248,8603,8958,9313,9668,10023,10378,10733,11088,11443,11798,12153,12508,12863,13218,13573,13928,14283,14638,14993,15348,15703,16058,16413,16768,17123,17478,17833,18188,18543,18898,19253,19608,19963,20318,20673,21028,21383,21738,22093,22448,22803,23158,23513,23868,24223,24578,24933,25288,25643,25998,26353,26708,27063,27418,27773,28128,28483,28838,29193,29548,29903,30258,30613,30968,31323,31678,32033,32388,32743,33098,33453,33808,34163,34518,34873,35228,35583,35938,36293,36648,37003,37358,37713,38068,38423,38778,39133,39488,39843,40198,40553,40908,41263,41618,41973,42328,42683,43038,43393,43748,44103,44458,44813,45168,45523,45878,46233,46588,46943,47298,47653,48008,48363,48718,49073,49428,49783,50138,50493,50848,51203,51558,51913,52268,52623,52978,53333,53688,54043,54398,54753,55108,55463,55818,56173,56528,56883,57238,57593,57948,58303,58658,59013,59368,59723,60078,60433,60788,61143,61498,61853,62208,62563,62918,-62752,-62397,-62042,-61687,-61332,-60977,-60622,-60267,-59912,-59557,-59202,-58847,-58492,-58137,-57782,-57427,-57072,-56717,-56362,-56007,-55652,-55297,-54942,-54587,-54232,-53877,-53522,-53167,-52812,-52457,-52102,-51747,-51392,-51037,-50682,-50327,-49972,-49617,-49262,-48907,-48552,-48197,-47842,-47487,-47132,-46777,-46422,-46067,-45712,-45357,-45002,-44647,-44292,-43937,-43582,-43227,-42872,-42517,-42162,-41807,-41452,-41097,-40742,-40387,-40032,-39677,-39322,-38967,-38612,-38257,-37902,-37547,-37192,-36837,-36482,-36127,-35772,-35417,-35062,-34707,-34352,-33997,-33642,-33287,-32932,-32577,-32222,-31867,-31512,-31157,-30802,-30447,-30092,-29737,-29465,-29382,-29027,-28672,-28317,-27962,-27607,-27252,-26897,-26542,-26187,-25832,-25477,-25122,-24767,-24412,-24057,-23702,-23347,-22992,-22637,-22282,-21927,-21572,-21217,-20862,-20507,-20152,-19797,-19442,-19087,-18732,-18377,-18022,-17667,-17312,-16957,-16602,-16247,-15892,-15537,-15182,-14827,-14472,-14117,-13762,-13407,-13052,-12697,-12342,-11987,-11632,-11277,-10922,-10567,-10212,-9857,-9502,-9147,-8792,-8437,-8082,-7727,-7372,-7017,-6662,-6307,-5952,-5597,-5242,-4887,-4532,-4177,-3822,-3467,-3112,-2757,-2402,-2047,-1692,-1337,-982,-627,-272,MAX=62918
84,439,794,1149,1504,1859,2214,2569,2924,3279,3634,3989,4344,4699,5054,5409,5764,6119,6474,6829,7184,7539,7894,8249,8604,8959,9314,9669,10024,10379,10734,11089,11444,11799,12154,12509,12864,13219,13574,13929,14284,14639,14994,15349,15704,16059,16414,16769,17124,17479,17834,18189,18544,18899,19254,19609,19964,20319,20674,21029,21384,21739,22094,22449,22804,23159,23514,23869,24224,24579,24934,25289,25644,25999,26354,26709,27064,27419,27774,28129,28484,28839,29194,29549,29904,30259,30614,30969,31324,31679,32034,32389,32744,33099,33454,33809,34164,34519,34874,35229,35584,35939,36294,36649,37004,37359,37714,38069,38424,38779,39134,39489,39844,40199,40554,40909,41264,41619,41974,42329,42684,43039,43394,43749,44104,44459,44814,45169,45524,45879,46234,46589,46944,47299,47654,48009,48364,48719,49074,49429,49784,50139,50494,50849,51204,51559,51914,52269,52624,52979,53334,53689,54044,54399,54754,55109,55464,55819,56174,56529,56884,57239,57594,57949,58304,58659,59014,59369,59724,60079,60434,60789,61144,61499,61854,62209,62564,62919,-62751,-62396,-62041,-61686,-61331,-60976,-60621,-60266,-59911,-59556,-59201,-58846,-58491,-58136,-57781,-57426,-57071,-56716,-56361,-56006,-55651,-55296,-54941,-54586,-54231,-53876,-53521,-53166,-52811,-52456,-52101,-51746,-51391,-51036,-50681,-50326,-49971,-49616,-49261,-48906,-48551,-48196,-47841,-47486,-47131,-46776,-46421,-46066,-45711,-45356,-45001,-44646,-44291,-43936,-43581,-43226,-42871,-42516,-42161,-41806,-41451,-41096,-40741,-40386,-40031,-39676,-39321,-38966,-38611,-38256,-37901,-37546,-37191,-36836,-36481,-36126,-35771,-35416,-35061,-34706,-34351,-33996,-33641,-33286,-32931,-32576,-32221,-31866,-31511,-31156,-30801,-30446,-30091,-29820,-29736,-29381,-29026,-28671,-28316,-27961,-27606,-27251,-26896,-26541,-26186,-25831,-25476,-25121,-24766,-24411,-24056,-23701,-23346,-22991,-22636,-22281,-21926,-21571,-21216,-20861,-20506,-20151,-19796,-19441,-19086,-18731,-18376,-18021,-17666,-17311,-16956,-16601,-16246,-15891,-15536,-15181,-14826,-14471,-14116,-13761,-13406,-13051,-12696,-12341,-11986,-11631,-11276,-10921,-10566,-10211,-9856,-9501,-9146,-8791,-8436,-8081,-7726,-7371,-7016,-6661,-6306,-5951,-5596,-5241,-4886,-4531,-4176,-3821,-3466,-3111,-2756,-2401,-2046,-1691,-1336,-981,-626,-271,MAX=62919
85,440,795,1150,1505,1860,2215,2570,2925,3280,3635,3990,4345,4700,5055,5410,5765,6120,6475,6830,7185,7540,7895,8250,8605,8960,9315,9670,10025,10380,10735,11090,11445,11800,12155,12510,12865,13220,13575,13930,14285,14640,14995,15350,15705,16060,16415,16770,17125,17480,17835,18190,18545,18900,19255,19610,19965,20320,20675,21030,21385,21740,22095,22450,22805,23160,23515,23870,24225,24580,24935,25290,25645,26000,26355,26710,27065,27420,27775,28130,28485,28840,29195,29550,29905,30260,30615,30970,31325,31680,32035,32390,32745,33100,33455,33810,34165,34520,34875,35230,35585,35940,36295,36650,37005,37360,37715,38070,38425,38780,39135,39490,39845,40200,40555,40910,41265,41620,41975,42330,42685,43040,43395,43750,44105,44460,44815,45170,45525,45880,46235,46590,46945,47300,47655,48010,48365,48720,49075,49430,49785,50140,50495,50850,51205,51560,51915,52270,52625,52980,53335,53690,54045,54400,54755,55110,55465,55820,56175,56530,56885,57240,57595,57950,58305,58660,59015,59370,59725,60080,60435,60790,61145,61500,61855,62210,62565,62920,-62750,-62395,-62040,-61685,-61330,-60975,-60620,-60265,-59910,-59555,-59200,-58845,-58490,-58135,-57780,-57425,-57070,-56715,-56360,-56005,-55650,-55295,-54940,-54585,-54230,-53875,-53520,-53165,-52810,-52455,-52100,-51745,-51390,-51035,-50680,-50325,-49970,-49615,-49260,-48905,-48550,-48195,-47840,-47485,-47130,-46775,-46420,-46065,-45710,-45355,-45000,-44645,-44290,-43935,-43580,-43225,-42870,-42515,-42160,-41805,-41450,-41095,-40740,-40385,-40030,-39675,-39320,-38965,-38610,-38255,-37900,-37545,-37190,-36835,-36480,-36125,-35770,-35415,-35060,-34705,-34350,-33995,-33640,-33285,-32930,-32575,-32220,-31865,-31510,-31155,-30800,-30445,-30175,-30090,-29735,-29380,-29025,-28670,-28315,-27960,-27605,-27250,-26895,-26540,-26185,-25830,-25475,-25120,-24765,-24410,-24055,-23700,-23345,-22990,-22635,-22280,-21925,-21570,-21215,-20860,-20505,-20150,-19795,-19440,-19085,-18730,-18375,-18020,-17665,-17310,-16955,-16600,-16245,-15890,-15535,-15180,-14825,-14470,-14115,-13760,-13405,-13050,-12695,-12340,-11985,-11630,-11275,-10920,-10565,-10210,-9855,-9500,-9145,-8790,-8435,-8080,-7725,-7370,-7015,-6660,-6305,-5950,-5595,-5240,-4885,-4530,-4175,-3820,-3465,-3110,-2755,-2400,-2045,-1690,-1335,-980,-625,-270,MAX=62920
86,441,796,1151,1506,1861,2216,2571,2926,3281,3636,3991,4346,4701,5056,5411,5766,6121,6476,6831,7186,7541,7896,8251,8606,8961,9316,9671,10026,10381,10736,11091,11446,11801,12156,12511,12866,13221,13576,13931,14286,14641,14996,15351,15706,16061,16416,16771,17126,17481,17836,18191,18546,18901,19256,19611,19966,20321,20676,21031,21386,21741,22096,22451,22806,23161,23516,23871,24226,24581,24936,25291,25646,26001,26356,26711,27066,27421,27776,28131,28486,28841,29196,29551,29906,30261,30616,30971,31326,31681,32036,32391,32746,33101,33456,33811,34166,34521,34876,35231,35586,35941,36296,36651,37006,37361,37716,38071,38426,38781,39136,39491,39846,40201,40556,40911,41266,41621,41976,42331,42686,43041,43396,43751,44106,44461,44816,45171,45526,45881,46236,46591,46946,47301,47656,48011,48366,48721,49076,49431,49786,50141,50496,50851,51206,51561,51916,52271,52626,52981,53336,53691,54046,54401,54756,55111,55466,55821,56176,56531,56886,57241,57596,57951,58306,58661,59016,59371,59726,60081,60436,60791,61146,61501,61856,62211,62566,62921,-62749,-62394,-62039,-61684,-61329,-60974,-60619,-60264,-59909,-59554,-59199,-58844,-58489,-58134,-57779,-57424,-57069,-56714,-56359,-56004,-55649,-55294,-54939,-54584,-54229,-53874,-53519,-53164,-52809,-52454,-52099,-51744,-51389,-51034,-50679,-50324,-49969,-49614,-49259,-48904,-48549,-48194,-47839,-47484,-47129,-46774,-46419,-46064,-45709,-45354,-44999,-44644,-44289,-43934,-43579,-43224,-42869,-42514,-42159,-41804,-41449,-41094,-40739,-40384,-40029,-39674,-39319,-38964,-38609,-38254,-37899,-37544,-37189,-36834,-36479,-36124,-35769,-35414,-35059,-34704,-34349,-33994,-33639,-33284,-32929,-32574,-32219,-31864,-31509,-31154,-30799,-30530,-30444,-30089,-29734,-29379,-29024,-28669,-28314,-27959,-27604,-27249,-26894,-26539,-26184,-25829,-25474,-25119,-24764,-24409,-24054,-23699,-23344,-22989,-22634,-22279,-21924,-21569,-21214,-20859,-20504,-20149,-19794,-19439,-19084,-18729,-18374,-18019,-17664,-17309,-16954,-16599,-16244,-15889,-15534,-15179,-14824,-14469,-14114,-13759,-13404,-13049,-12694,-12339,-11984,-11629,-11274,-10919,-10564,-10209,-9854,-9499,-9144,-8789,-8434,-8079,-7724,-7369,-7014,-6659,-6304,-5949,-5594,-5239,-4884,-4529,-4174,-3819,-3464,-3109,-2754,-2399,-2044,-1689,-1334,-979,-624,-269,MAX=62921
87,442,797,1152,1507,1862,2217,2572,2927,3282,3637,3992,4347,4702,5057,5412,5767,6122,6477,6832,7187,7542,7897,8252,8607,8962,9317,9672,10027,10382,10737,11092,11447,11802,12157,12512,12867,13222,13577,13932,14287,14642,14997,15352,15707,16062,16417,16772,17127,17482,17837,18192,18547,18902,19257,19612,19967,20322,20677,21032,21387,21742,22097,22452,22807,23162,23517,23872,24227,24582,24937,25292,25647,26002,26357,26712,27067,27422,27777,28132,28487,28842,29197,29552,29907,30262,30617,30972,31327,31682,32037,32392,32747,33102,33457,33812,34167,34522,34877,35232,35587,35942,36297,36652,37007,37362,37717,38072,38427,38782,39137,39492,39847,40202,40557,40912,41267,41622,41977,42332,42687,43042,43397,43752,44107,44462,44817,45172,45527,45882,46237,46592,46947,47302,47657,48012,48367,48722,49077,49432,49787,50142,50497,50852,51207,51562,51917,52272,52627,52982,53337,53692,54047,54402,54757,55112,55467,55822,56177,56532,56887,57242,57597,57952,58307,58662,59017,59372,59727,60082,60437,60792,61147,61502,61857,62212,62567,62922,-62748,-62393,-62038,-61683,-61328,-60973,-60618,-60263,-59908,-59553,-59198,-58843,-58488,-58133,-57778,-57423,-57068,-56713,-56358,-56003,-55648,-55293,-54938,-54583,-54228,-53873,-53518,-53163,-52808,-52453,-52098,-51743,-51388,-51033,-50678,-50323,-49968,-49613,-49258,-48903,-48548,-48193,-47838,-47483,-47128,-46773,-46418,-46063,-45708,-45353,-44998,-44643,-44288,-43933,-43578,-43223,-42868,-42513,-42158,-41803,-41448,-41093,-40738,-40383,-40028,-39673,-39318,-38963,-38608,-38253,-37898,-37543,-37188,-36833,-36478,-36123,-35768,-35413,-35058,-34703,-34348,-33993,-33638,-33283,-32928,-32573,-32218,-31863,-31508,-31153,-30885,-30798,-30443,-30088,-29733,-29378,-29023,-28668,-28313,-27958,-27603,-27248,-26893,-26538,-26183,-25828,-25473,-25118,-24763,-24408,-24053,-23698,-23343,-22988,-22633,-22278,-21923,-21568,-21213,-20858,-20503,-20148,-19793,-19438,-19083,-18728,-18373,-18018,-17663,-17308,-16953,-16598,-16243,-15888,-15533,-15178,-14823,-14468,-14113,-13758,-13403,-13048,-12693,-12338,-11983,-11628,-11273,-10918,-10563,-10208,-9853,-9498,-9143,-8788,-8433,-8078,-7723,-7368,-7013,-6658,-6303,-5948,-5593,-5238,-4883,-4528,-4173,-3818,-3463,-3108,-2753,-2398,-2043,-1688,-1333,-978,-623,-268,MAX=62922
88,443,798,1153,1508,1863,2218,2573,2928,3283,3638,3993,4348,4703,5058,5413,5768,6123,6478,6833,7188,7543,7898,8253,8608,8963,9318,9673,10028,10383,10738,11093,11448,11803,12158,12513,12868,13223,13578,13933,14288,14643,14998,15353,15708,16063,16418,16773,17128,17483,17838,18193,18548,18903,19258,19613,19968,20323,20678,21033,21388,21743,22098,22453,22808,23163,23518,23873,24228,24583,24938,25293,25648,26003,26358,26713,27068,27423,27778,28133,28488,28843,29198,29553,29908,30263,30618,30973,31328,31683,32038,32393,32748,33103,33458,33813,34168,34523,34878,35233,35588,35943,36298,36653,37008,37363,37718,38073,38428,38783,39138,39493,39848,40203,40558,40913,41268,41623,41978,42333,42688,43043,43398,43753,44108,44463,44818,45173,45528,45883,46238,46593,46948,47303,47658,48013,48368,48723,49078,49433,49788,50143,50498,50853,51208,51563,51918,52273,52628,52983,53338,53693,54048,54403,54758,55113,55468,55823,56178,56533,56888,57243,57598,57953,58308,58663,59018,59373,59728,60083,60438,60793,61148,61503,61858,62213,62568,62923,-62747,-62392,-62037,-61682,-61327,-60972,-60617,-60262,-59907,-59552,-59197,-58842,-58487,-58132,-57777,-57422,-57067,-56712,-56357,-56002,-55647,-55292,-54937,-54582,-54227,-53872,-53517,-53162,-52807,-52452,-52097,-51742,-51387,-51032,-50677,-50322,-49967,-49612,-49257,-48902,-48547,-48192,-47837,-47482,-47127,-46772,-46417,-46062,-45707,-45352,-44997,-44642,-44287,-43932,-43577,-43222,-42867,-42512,-42157,-41802,-41447,-41092,-40737,-40382,-40027,-39672,-39317,-38962,-38607,-38252,-37897,-37542,-37187,-36832,-36477,-36122,-35767,-35412,-35057,-34702,-34347,-33992,-33637,-33282,-32927,-32572,-32217,-31862,-31507,-31240,-31152,-30797,-30442,-30087,-29732,-29377,-29022,-28667,-28312,-27957,-27602,-27247,-26892,-26537,-26182,-25827,-25472,-25117,-24762,-24407,-24052,-23697,-23342,-22987,-22632,-22277,-21922,-21567,-21212,-20857,-20502,-20147,-19792,-19437,-19082,-18727,-18372,-18017,-17662,-17307,-16952,-16597,-16242,-15887,-15532,-15177,-14822,-14467,-14112,-13757,-13402,-13047,-12692,-12337,-11982,-11627,-11272,-10917,-10562,-10207,-9852,-9497,-9142,-8787,-8432,-8077,-7722,-7367,-7012,-6657,-6302,-5947,-5592,-5237,-4882,-4527,-4172,-3817,-3462,-3107,-2752,-2397,-2042,-1687,-1332,-977,-622,-267,MAX=62923
89,444,799,1154,1509,1864,2219,2574,2929,3284,3639,3994,4349,4704,5059,5414,5769,6124,6479,6834,7189,7544,7899,8254,8609,8964,9319,9674,10029,10384,10739,11094,11449,11804,12159,12514,12869,13224,13579,13934,14289,14644,14999,15354,15709,16064,16419,16774,17129,17484,17839,18194,18549,18904,19259,19614,19969,20324,20679,21034,21389,21744,22099,22454,22809,23164,23519,23874,24229,24584,24939,25294,25649,26004,26359,26714,27069,27424,27779,28134,28489,28844,29199,29554,29909,30264,30619,30974,31329,31684,32039,32394,32749,33104,33459,33814,34169,34524,34879,35234,35589,35944,36299,36654,37009,37364,37719,38074,38429,38784,39139,39494,39849,40204,40559,40914,41269,41624,41979,42334,42689,43044,43399,43754,44109,44464,44819,45174,45529,45884,46239,46594,46949,47304,47659,48014,48369,48724,49079,49434,49789,50144,50499,50854,51209,51564,51919,52274,52629,52984,53339,53694,54049,54404,54759,55114,55469,55824,56179,56534,56889,57244,57599,57954,58309,58664,59019,59374,59729,60084,60439,60794,61149,61504,61859,62214,62569,62924,-62746,-62391,-62036,-61681,-61326,-60971,-60616,-60261,-59906,-59551,-59196,-58841,-58486,-58131,-57776,-57421,-57066,-56711,-56356,-56001,-55646,-55291,-54936,-54581,-54226,-53871,-53516,-53161,-52806,-52451,-52096,-51741,-51386,-51031,-50676,-50321,-49966,-49611,-49256,-48901,-48546,-48191,-47836,-47481,-47126,-46771,-46416,-46061,-45706,-45351,-44996,-44641,-44286,-43931,-43576,-43221,-42866,-42511,-42156,-41801,-41446,-41091,-40736,-40381,-40026,-39671,-39316,-38961,-38606,-38251,-37896,-37541,-37186,-36831,-36476,-36121,-35766,-35411,-35056,-34701,-34346,-33991,-33636,-33281,-32926,-32571,-32216,-31861,-31595,-31506,-31151,-30796,-30441,-30086,-29731,-29376,-29021,-28666,-28311,-27956,-27601,-27246,-26891,-26536,-26181,-25826,-25471,-25116,-24761,-24406,-24051,-23696,-23341,-22986,-22631,-22276,-21921,-21566,-21211,-20856,-20501,-20146,-19791,-19436,-19081,-18726,-18371,-18016,-17661,-17306,-16951,-16596,-16241,-15886,-15531,-15176,-14821,-14466,-14111,-13756,-13401,-13046,-12691,-12336,-11981,-11626,-11271,-10916,-10561,-10206,-9851,-9496,-9141,-8786,-8431,-8076,-7721,-7366,-7011,-6656,-6301,-5946,-5591,-5236,-4881,-4526,-4171,-3816,-3461,-3106,-2751,-2396,-2041,-1686,-1331,-976,-621,-266,MAX=62924
90,445,800,1155,1510,1865,2220,2575,2930,3285,3640,3995,4350,4705,5060,5415,5770,6125,6480,6835,7190,7545,7900,8255,8610,8965,9320,9675,10030,10385,10740,11095,11450,11805,12160,12515,12870,13225,13580,13935,14290,14645,15000,15355,15710,16065,16420,16775,17130,17485,17840,18195,18550,18905,19260,19615,19970,20325,20680,21035,21390,21745,22100,22455,22810,23165,23520,23875,24230,24585,24940,25295,25650,26005,26360,26715,27070,27425,27780,28135,28490,28845,29200,29555,29910,30265,30620,30975,31330,31685,32040,32395,32750,33105,33460,33815,34170,34525,34880,35235,35590,35945,36300,36655,37010,37365,37720,38075,38430,38785,39140,39495,39850,40205,40560,40915,41270,41625,41980,42335,42690,43045,43400,43755,44110,44465,44820,45175,45530,45885,46240,46595,46950,47305,47660,48015,48370,48725,49080,49435,49790,50145,50500,50855,51210,51565,51920,52275,52630,52985,53340,53695,54050,54405,54760,55115,55470,55825,56180,56535,56890,57245,57600,57955,58310,58665,59020,59375,59730,60085,60440,60795,61150,61505,61860,62215,62570,62925,-62745,-62390,-62035,-61680,-61325,-60970,-60615,-60260,-59905,-59550,-59195,-58840,-58485,-58130,-57775,-57420,-57065,-56710,-56355,-56000,-55645,-55290,-54935,-54580,-54225,-53870,-53515,-53160,-52805,-52450,-52095,-51740,-51385,-51030,-50675,-50320,-49965,-49610,-49255,-48900,-48545,-48190,-47835,-47480,-47125,-46770,-46415,-46060,-45705,-45350,-44995,-44640,-44285,-43930,-43575,-43220,-42865,-42510,-42155,-41800,-41445,-41090,-40735,-40380,-40025,-39670,-39315,-38960,-38605,-38250,-37895,-37540,-37185,-36830,-36475,-36120,-35765,-35410,-35055,-34700,-34345,-33990,-33635,-33280,-32925,-32570,-32215,-31950,-31860,-31505,-31150,-30795,-30440,-30085,-29730,-29375,-29020,-28665,-28310,-27955,-27600,-27245,-26890,-26535,-26180,-25825,-25470,-25115,-24760,-24405,-24050,-23695,-23340,-22985,-22630,-22275,-21920,-21565,-21210,-20855,-20500,-20145,-19790,-19435,-19080,-18725,-18370,-18015,-17660,-17305,-16950,-16595,-16240,-15885,-15530,-15175,-14820,-14465,-14110,-13755,-13400,-13045,-12690,-12335,-11980,-11625,-11270,-10915,-10560,-10205,-9850,-9495,-9140,-8785,-8430,-8075,-7720,-7365,-7010,-6655,-6300,-5945,-5590,-5235,-4880,-4525,-4170,-3815,-3460,-3105,-2750,-2395,-2040,-1685,-1330,-975,-620,-265,MAX=62925
91,446,801,1156,1511,1866,2221,2576,2931,3286,3641,3996,4351,4706,5061,5416,5771,6126,6481,6836,7191,7546,7901,8256,8611,8966,9321,9676,10031,10386,10741,11096,11451,11806,12161,12516,12871,13226,13581,13936,14291,14646,15001,15356,15711,16066,16421,16776,17131,17486,17841,18196,18551,18906,19261,19616,19971,20326,20681,21036,21391,21746,22101,22456,22811,23166,23521,23876,24231,24586,24941,25296,25651,26006,26361,26716,27071,27426,27781,28136,28491,28846,29201,29556,29911,30266,30621,30976,31331,31686,32041,32396,32751,33106,33461,33816,34171,34526,34881,35236,35591,35946,36301,36656,37011,37366,37721,38076,38431,38786,39141,39496,39851,40206,40561,40916,41271,41626,41981,42336,42691,43046,43401,43756,44111,44466,44821,45176,45531,45886,46241,46596,46951,47306,47661,48016,48371,48726,49081,49436,49791,50146,50501,50856,51211,51566,51921,52276,52631,52986,53341,53696,54051,54406,54761,55116,55471,55826,56181,56536,56891,57246,57601,57956,58311,58666,59021,59376,59731,60086,60441,60796,61151,61506,61861,62216,62571,62926,-62744,-62389,-62034,-61679,-61324,-60969,-60614,-60259,-59904,-59549,-59194,-58839,-58484,-58129,-57774,-57419,-57064,-56709,-56354,-55999,-55644,-55289,-54934,-54579,-54224,-53869,-53514,-53159,-52804,-52449,-52094,-51739,-51384,-51029,-50674,-50319,-49964,-49609,-49254,-48899,-48544,-48189,-47834,-47479,-47124,-46769,-46414,-46059,-45704,-45349,-44994,-44639,-44284,-43929,-43574,-43219,-42864,-42509,-42154,-41799,-41444,-41089,-40734,-40379,-40024,-39669,-39314,-38959,-38604,-38249,-37894,-37539,-37184,-36829,-36474,-36119,-35764,-35409,-35054,-34699,-34344,-33989,-33634,-33279,-32924,-32569,-32305,-32214,-31859,-31504,-31149,-30794,-30439,-30084,-29729,-29374,-29019,-28664,-28309,-27954,-27599,-27244,-26889,-26534,-26179,-25824,-25469,-25114,-24759,-24404,-24049,-23694,-23339,-22984,-22629,-22274,-21919,-21564,-21209,-20854,-20499,-20144,-19789,-19434,-19079,-18724,-18369,-18014,-17659,-17304,-16949,-16594,-16239,-15884,-15529,-15174,-14819,-14464,-14109,-13754,-13399,-13044,-12689,-12334,-11979,-11624,-11269,-10914,-10559,-10204,-9849,-9494,-9139,-8784,-8429,-8074,-7719,-7364,-7009,-6654,-6299,-5944,-5589,-5234,-4879,-4524,-4169,-3814,-3459,-3104,-2749,-2394,-2039,-1684,-1329,-974,-619,-264,MAX=62926
92,447,802,1157,1512,1867,2222,2577,2932,3287,3642,3997,4352,4707,5062,5417,5772,6127,6482,6837,7192,7547,7902,8257,8612,8967,9322,9677,10032,10387,10742,11097,11452,11807,12162,12517,12872,13227,13582,13937,14292,14647,15002,15357,15712,16067,16422,16777,17132,17487,17842,18197,18552,18907,19262,19617,19972,20327,20682,21037,21392,21747,22102,22457,22812,23167,23522,23877,24232,24587,24942,25297,25652,26007,26362,26717,27072,27427,27782,28137,28492,28847,29202,29557,29912,30267,30622,30977,31332,31687,32042,32397,32752,33107,33462,33817,34172,34527,34882,35237,35592,35947,36302,36657,37012,37367,37722,38077,38432,38787,39142,39497,39852,40207,40562,40917,41272,41627,41982,42337,42692,43047,43402,43757,44112,44467,44822,45177,45532,45887,46242,46597,46952,47307,47662,48017,48372,48727,49082,49437,49792,50147,50502,50857,51212,51567,51922,52277,52632,52987,53342,53697,54052,54407,54762,55117,55472,55827,56182,56537,56892,57247,57602,57957,58312,58667,59022,59377,59732,60087,60442,60797,61152,61507,61862,62217,62572,62927,-62743,-62388,-62033,-61678,-61323,-60968,-60613,-60258,-59903,-59548,-59193,-58838,-58483,-58128,-57773,-57418,-57063,-56708,-56353,-55998,-55643,-55288,-54933,-54578,-54223,-53868,-53513,-53158,-52803,-52448,-52093,-51738,-51383,-51028,-50673,-50318,-49963,-49608,-49253,-48898,-48543,-48188,-47833,-47478,-47123,-46768,-46413,-46058,-45703,-45348,-44993,-44638,-44283,-43928,-43573,-43218,-42863,-42508,-42153,-41798,-41443,-41088,-40733,-40378,-40023,-39668,-39313,-38958,-38603,-38248,-37893,-37538,-37183,-36828,-36473,-36118,-35763,-35408,-35053,-34698,-34343,-33988,-33633,-33278,-32923,-32660,-32568,-32213,-31858,-31503,-31148,-30793,-30438,-30083,-29728,-29373,-29018,-28663,-28308,-27953,-27598,-27243,-26888,-26533,-26178,-25823,-25468,-25113,-24758,-24403,-24048,-23693,-23338,-22983,-22628,-22273,-21918,-21563,-21208,-20853,-20498,-20143,-19788,-19433,-19078,-18723,-18368,-18013,-17658,-17303,-16948,-16593,-16238,-15883,-15528,-15173,-14818,-14463,-14108,-13753,-13398,-13043,-12688,-12333,-11978,-11623,-11268,-10913,-10558,-10203,-9848,-9493,-9138,-8783,-8428,-8073,-7718,-7363,-7008,-6653,-6298,-5943,-5588,-5233,-4878,-4523,-4168,-3813,-3458,-3103,-2748,-2393,-2038,-1683,-1328,-973,-618,-263,MAX=62927
93,448,803,1158,1513,1868,2223,2578,2933,3288,3643,3998,4353,4708,5063,5418,5773,6128,6483,6838,7193,7548,7903,8258,8613,8968,9323,9678,10033,10388,10743,11098,11453,11808,12163,12518,12873,13228,13583,13938,14293,14648,15003,15358,15713,16068,16423,16778,17133,17488,17843,18198,18553,18908,19263,19618,19973,20328,20683,21038,21393,21748,22103,22458,22813,23168,23523,23878,24233,24588,24943,25298,25653,26008,26363,26718,27073,27428,27783,28138,28493,28848,29203,29558,29913,30268,30623,30978,31333,31688,32043,32398,32753,33108,33463,33818,34173,34528,34883,35238,35593,35948,36303,36658,37013,37368,37723,38078,38433,38788,39143,39498,39853,40208,40563,40918,41273,41628,41983,42338,42693,43048,43403,43758,44113,44468,44823,45178,45533,45888,46243,46598,46953,47308,47663,48018,48373,48728,49083,49438,49793,50148,50503,50858,51213,51568,51923,52278,52633,52988,53343,53698,54053,54408,54763,55118,55473,55828,56183,56538,56893,57248,57603,57958,58313,58668,59023,59378,59733,60088,60443,60798,61153,61508,61863,62218,62573,62928,-62742,-62387,-62032,-61677,-61322,-60967,-60612,-60257,-59902,-59547,-59192,-58837,-58482,-58127,-57772,-57417,-57062,-56707,-56352,-55997,-55642,-55287,-54932,-54577,-54222,-53867,-53512,-53157,-52802,-52447,-52092,-51737,-51382,-51027,-50672,-50317,-49962,-49607,-49252,-48897,-48542,-48187,-47832,-47477,-47122,-46767,-46412,-46057,-45702,-45347,-44992,-44637,-44282,-43927,-43572,-43217,-42862,-42507,-42152,-41797,-41442,-41087,-40732,-40377,-40022,-39667,-39312,-38957,-38602,-38247,-37892,-37537,-37182,-36827,-36472,-36117,-35762,-35407,-35052,-34697,-34342,-33987,-33632,-33277,-33015,-32922,-32567,-32212,-31857,-31502,-31147,-30792,-30437,-30082,-29727,-29372,-29017,-28662,-28307,-27952,-27597,-27242,-26887,-26532,-26177,-25822,-25467,-25112,-24757,-24402,-24047,-23692,-23337,-22982,-22627,-22272,-21917,-21562,-21207,-20852,-20497,-20142,-19787,-19432,-19077,-18722,-18367,-18012,-17657,-17302,-16947,-16592,-16237,-15882,-15527,-15172,-14817,-14462,-14107,-13752,-13397,-13042,-12687,-12332,-11977,-11622,-11267,-10912,-10557,-10202,-9847,-9492,-9137,-8782,-8427,-8072,-7717,-7362,-7007,-6652,-6297,-5942,-5587,-5232,-4877,-4522,-4167,-3812,-3457,-3102,-2747,-2392,-2037,-1682,-1327,-972,-617,-262,MAX=62928
94,449,804,1159,1514,1869,2224,2579,2934,3289,3644,3999,4354,4709,5064,5419,5774,6129,6484,6839,7194,7549,7904,8259,8614,8969,9324,9679,10034,10389,10744,11099,11454,11809,12164,12519,12874,13229,13584,13939,14294,14649,15004,15359,15714,16069,16424,16779,17134,17489,17844,18199,18554,18909,19264,19619,19974,20329,20684,21039,21394,21749,22104,22459,22814,23169,23524,23879,24234,24589,24944,25299,25654,26009,26364,26719,27074,27429,27784,28139,28494,28849,29204,29559,29914,30269,30624,30979,31334,31689,32044,32399,32754,33109,33464,33819,34174,34529,34884,35239,35594,35949,36304,36659,37014,37369,37724,38079,38434,38789,39144,39499,39854,40209,40564,40919,41274,41629,41984,42339,42694,43049,43404,43759,44114,44469,44824,45179,45534,45889,46244,46599,46954,47309,47664,48019,48374,48729,49084,49439,49794,50149,50504,50859,51214,51569,51924,52279,52634,52989,53344,53699,54054,54409,54764,55119,55474,55829,56184,56539,56894,57249,57604,57959,58314,58669,59024,59379,59734,60089,60444,60799,61154,61509,61864,62219,62574,62929,-62741,-62386,-62031,-61676,-61321,-60966,-60611,-60256,-59901,-59546,-59191,-58836,-58481,-58126,-57771,-57416,-57061,-56706,-56351,-55996,-55641,-55286,-54931,-54576,-54221,-53866,-53511,-53156,-52801,-52446,-52091,-51736,-51381,-51026,-50671,-50316,-49961,-49606,-49251,-48896,-48541,-48186,-47831,-47476,-47121,-46766,-46411,-46056,-45701,-45346,-44991,-44636,-44281,-43926,-43571,-43216,-42861,-42506,-42151,-41796,-41441,-41086,-40731,-40376,-40021,-39666,-39311,-38956,-38601,-38246,-37891,-37536,-37181,-36826,-36471,-36116,-35761,-35406,-35051,-34696,-34341,-33986,-33631,-33370,-33276,-32921,-32566,-32211,-31856,-31501,-31146,-30791,-30436,-30081,-29726,-29371,-29016,-28661,-28306,-27951,-27596,-27241,-26886,-26531,-26176,-25821,-25466,-25111,-24756,-24401,-24046,-23691,-23336,-22981,-22626,-22271,-21916,-21561,-21206,-20851,-20496,-20141,-19786,-19431,-19076,-18721,-18366,-18011,-17656,-17301,-16946,-16591,-16236,-15881,-15526,-15171,-14816,-14461,-14106,-13751,-13396,-13041,-12686,-12331,-11976,-11621,-11266,-10911,-10556,-10201,-9846,-9491,-9136,-8781,-8426,-8071,-7716,-7361,-7006,-6651,-6296,-5941,-5586,-5231,-4876,-4521,-4166,-3811,-3456,-3101,-2746,-2391,-2036,-1681,-1326,-971,-616,-261,MAX=62929
95,450,805,1160,1515,1870,2225,2580,2935,3290,3645,4000,4355,4710,5065,5420,5775,6130,6485,6840,7195,7550,7905,8260,8615,8970,9325,9680,10035,10390,10745,11100,11455,11810,12165,12520,12875,13230,13585,13940,14295,14650,15005,15360,15715,16070,16425,16780,17135,17490,17845,18200,18555,18910,19265,19620,19975,20330,20685,21040,21395,21750,22105,22460,22815,23170,23525,23880,24235,24590,24945,25300,25655,26010,26365,26720,27075,27430,27785,28140,28495,28850,29205,29560,29915,30270,30625,30980,31335,31690,32045,32400,32755,33110,33465,33820,34175,34530,34885,35240,35595,35950,36305,36660,37015,37370,37725,38080,38435,38790,39145,39500,39855,40210,40565,40920,41275,41630,41985,42340,42695,43050,43405,43760,44115,44470,44825,45180,45535,45890,46245,46600,46955,47310,47665,48020,48375,48730,49085,49440,49795,50150,50505,50860,51215,51570,51925,52280,52635,52990,53345,53700,54055,54410,54765,55120,55475,55830,56185,56540,56895,57250,57605,57960,58315,58670,59025,59380,59735,60090,60445,60800,61155,61510,61865,62220,62575,62930,-62740,-62385,-62030,-61675,-61320,-60965,-60610,-60255,-59900,-59545,-59190,-58835,-58480,-58125,-57770,-57415,-57060,-56705,-56350,-55995,-55640,-55285,-54930,-54575,-54220,-53865,-53510,-53155,-52800,-52445,-52090,-51735,-51380,-51025,-50670,-50315,-49960,-49605,-49250,-48895,-48540,-48185,-47830,-47475,-47120,-46765,-46410,-46055,-45700,-45345,-44990,-44635,-44280,-43925,-43570,-43215,-42860,-42505,-42150,-41795,-41440,-41085,-40730,-40375,-40020,-39665,-39310,-38955,-38600,-38245,-37890,-37535,-37180,-36825,-36470,-36115,-35760,-35405,-35050,-34695,-34340,-33985,-33725,-33630,-33275,-32920,-32565,-32210,-31855,-31500,-31145,-30790,-30435,-30080,-29725,-29370,-29015,-28660,-28305,-27950,-27595,-27240,-26885,-26530,-26175,-25820,-25465,-25110,-24755,-24400,-24045,-23690,-23335,-22980,-22625,-22270,-21915,-21560,-21205,-20850,-20495,-20140,-19785,-19430,-19075,-18720,-18365,-18010,-17655,-17300,-16945,-16590,-16235,-15880,-15525,-15170,-14815,-14460,-14105,-13750,-13395,-13040,-12685,-12330,-11975,-11620,-11265,-10910,-10555,-10200,-9845,-9490,-9135,-8780,-8425,-8070,-7715,-7360,-7005,-6650,-6295,-5940,-5585,-5230,-4875,-4520,-4165,-3810,-3455,-3100,-2745,-2390,-2035,-1680,-1325,-970,-615,-260,MAX=62930
96,451,806,1161,1516,1871,2226,2581,2936,3291,3646,4001,4356,4711,5066,5421,5776,6131,6486,6841,7196,7551,7906,8261,8616,8971,9326,9681,10036,10391,10746,11101,11456,11811,12166,12521,12876,13231,13586,13941,14296,14651,15006,15361,15716,16071,16426,16781,17136,17491,17846,18201,18556,18911,19266,19621,19976,20331,20686,21041,21396,21751,22106,22461,22816,23171,23526,23881,24236,24591,24946,25301,25656,26011,26366,26721,27076,27431,27786,28141,28496,28851,29206,29561,29916,30271,30626,30981,31336,31691,32046,32401,32756,33111,33466,33821,34176,34531,34886,35241,35596,35951,36306,36661,37016,37371,37726,38081,38436,38791,39146,39501,39856,40211,40566,40921,41276,41631,41986,42341,42696,43051,43406,43761,44116,44471,44826,45181,45536,45891,46246,46601,46956,47311,47666,48021,48376,48731,49086,49441,49796,50151,50506,50861,51216,51571,51926,52281,52636,52991,53346,53701,54056,54411,54766,55121,55476,55831,56186,56541,56896,57251,57606,57961,58316,58671,59026,59381,59736,60091,60446,60801,61156,61511,61866,62221,62576,62931,-62739,-62384,-62029,-61674,-61319,-60964,-60609,-60254,-59899,-59544,-59189,-58834,-58479,-58124,-57769,-57414,-57059,-56704,-56349,-55994,-55639,-55284,-54929,-54574,-54219,-53864,-53509,-53154,-52799,-52444,-52089,-51734,-51379,-51024,-50669,-50314,-49959,-49604,-49249,-48894,-48539,-48184,-47829,-47474,-47119,-46764,-46409,-46054,-45699,-45344,-44989,-44634,-44279,-43924,-43569,-43214,-42859,-42504,-42149,-41794,-41439,-41084,-40729,-40374,-40019,-39664,-39309,-38954,-38599,-38244,-37889,-37534,-37179,-36824,-36469,-36114,-35759,-35404,-35049,-34694,-34339,-34080,-33984,-33629,-33274,-32919,-32564,-32209,-31854,-31499,-31144,-30789,-30434,-30079,-29724,-29369,-29014,-28659,-28304,-27949,-27594,-27239,-26884,-26529,-26174,-25819,-25464,-25109,-24754,-24399,-24044,-23689,-23334,-22979,-22624,-22269,-21914,-21559,-21204,-20849,-20494,-20139,-19784,-19429,-19074,-18719,-18364,-18009,-17654,-17299,-16944,-16589,-16234,-15879,-15524,-15169,-14814,-14459,-14104,-13749,-13394,-13039,-12684,-12329,-11974,-11619,-11264,-10909,-10554,-10199,-9844,-9489,-9134,-8779,-8424,-8069,-7714,-7359,-7004,-6649,-6294,-5939,-5584,-5229,-4874,-4519,-4164,-3809,-3454,-3099,-2744,-2389,-2034,-1679,-1324,-969,-614,-259,MAX=62931
97,452,807,1162,1517,1872,2227,2582,2937,3292,3647,4002,4357,4712,5067,5422,5777,6132,6487,6842,7197,7552,7907,8262,8617,8972,9327,9682,10037,10392,10747,11102,11457,11812,12167,12522,12877,13232,13587,13942,14297,14652,15007,15362,15717,16072,16427,16782,17137,17492,17847,18202,18557,18912,19267,19622,19977,20332,20687,21042,21397,21752,22107,22462,22817,23172,23527,23882,24237,24592,24947,25302,25657,26012,26367,26722,27077,27432,27787,28142,28497,28852,29207,29562,29917,30272,30627,30982,31337,31692,32047,32402,32757,33112,33467,33822,34177,34532,34887,35242,35597,35952,36307,36662,37017,37372,37727,38082,38437,38792,39147,39502,39857,40212,40567,40922,41277,41632,41987,42342,42697,43052,43407,43762,44117,44472,44827,45182,45537,45892,46247,46602,46957,47312,47667,48022,48377,48732,49087,49442,49797,50152,50507,50862,51217,51572,51927,52282,52637,52992,53347,53702,54057,54412,54767,55122,55477,55832,56187,56542,56897,57252,57607,57962,58317,58672,59027,59382,59737,60092,60447,60802,61157,61512,61867,62222,62577,62932,-62738,-62383,-62028,-61673,-61318,-60963,-60608,-60253,-59898,-59543,-59188,-58833,-58478,-58123,-57768,-57413,-57058,-56703,-56348,-55993,-55638,-55283,-54928,-54573,-54218,-53863,-53508,-53153,-52798,-52443,-52088,-51733,-51378,-51023,-50668,-50313,-49958,-49603,-49248,-48893,-48538,-48183,-47828,-47473,-47118,-46763,-46408,-46053,-45698,-45343,-44988,-44633,-44278,-43923,-43568,-43213,-42858,-42503,-42148,-41793,-41438,-41083,-40728,-40373,-40018,-39663,-39308,-38953,-38598,-38243,-37888,-37533,-37178,-36823,-36468,-36113,-35758,-35403,-35048,-34693,-34435,-34338,-33983,-33628,-33273,-32918,-32563,-32208,-31853,-31498,-31143,-30788,-30433,-30078,-29723,-29368,-29013,-28658,-28303,-27948,-27593,-27238,-26883,-26528,-26173,-25818,-25463,-25108,-24753,-24398,-24043,-23688,-23333,-22978,-22623,-22268,-21913,-21558,-21203,-20848,-20493,-20138,-19783,-19428,-19073,-18718,-18363,-18008,-17653,-17298,-16943,-16588,-16233,-15878,-15523,-15168,-14813,-14458,-14103,-13748,-13393,-13038,-12683,-12328,-11973,-11618,-11263,-10908,-10553,-10198,-9843,-9488,-9133,-8778,-8423,-8068,-7713,-7358,-7003,-6648,-6293,-5938,-5583,-5228,-4873,-4518,-4163,-3808,-3453,-3098,-2743,-2388,-2033,-1678,-1323,-968,-613,-258,MAX=62932
98,453,808,1163,1518,1873,2228,2583,2938,3293,3648,4003,4358,4713,5068,5423,5778,6133,6488,6843,7198,7553,7908,8263,8618,8973,9328,9683,10038,10393,10748,11103,11458,11813,12168,12523,12878,13233,13588,13943,14298,14653,15008,15363,15718,16073,16428,16783,17138,17493,17848,18203,18558,18913,19268,19623,19978,20333,20688,21043,21398,21753,22108,22463,22818,23173,23528,23883,24238,24593,24948,25303,25658,26013,26368,26723,27078,27433,27788,28143,28498,28853,29208,29563,29918,30273,30628,30983,31338,31693,32048,32403,32758,33113,33468,33823,34178,34533,34888,35243,35598,35953,36308,36663,37018,37373,37728,38083,38438,38793,39148,39503,39858,40213,40568,40923,41278,41633,41988,42343,42698,43053,43408,43763,44118,44473,44828,45183,45538,45893,46248,46603,46958,47313,47668,48023,48378,48733,49088,49443,49798,50153,50508,50863,51218,51573,51928,52283,52638,52993,53348,53703,54058,54413,54768,55123,55478,55833,56188,56543,56898,57253,57608,57963,58318,58673,59028,59383,59738,60093,60448,60803,61158,61513,61868,62223,62578,62933,-62737,-62382,-62027,-61672,-61317,-60962,-60607,-60252,-59897,-59542,-59187,-58832,-58477,-58122,-57767,-57412,-57057,-56702,-56347,-55992,-55637,-55282,-54927,-54572,-54217,-53862,-53507,-53152,-52797,-52442,-52087,-51732,-51377,-51022,-50667,-50312,-49957,-49602,-49247,-48892,-48537,-48182,-47827,-47472,-47117,-46762,-46407,-46052,-45697,-45342,-44987,-44632,-44277,-43922,-43567,-43212,-42857,-42502,-42147,-41792,-41437,-41082,-40727,-40372,-40017,-39662,-39307,-38952,-38597,-38242,-37887,-37532,-37177,-36822,-36467,-36112,-35757,-35402,-35047,-34790,-34692,-34337,-33982,-33627,-33272,-32917,-32562,-32207,-31852,-31497,-31142,-30787,-30432,-30077,-29722,-29367,-29012,-28657,-28302,-27947,-27592,-27237,-26882,-26527,-26172,-25817,-25462,-25107,-24752,-24397,-24042,-23687,-23332,-22977,-22622,-22267,-21912,-21557,-21202,-20847,-20492,-20137,-19782,-19427,-19072,-18717,-18362,-18007,-17652,-17297,-16942,-16587,-16232,-15877,-15522,-15167,-14812,-14457,-14102,-13747,-13392,-13037,-12682,-12327,-11972,-11617,-11262,-10907,-10552,-10197,-9842,-9487,-9132,-8777,-8422,-8067,-7712,-7357,-7002,-6647,-6292,-5937,-5582,-5227,-4872,-4517,-4162,-3807,-3452,-3097,-2742,-2387,-2032,-1677,-1322,-967,-612,-257,MAX=62933
99,454,809,1164,1519,1874,2229,2584,2939,3294,3649,4004,4359,4714,5069,5424,5779,6134,6489,6844,7199,7554,7909,8264,8619,8974,9329,9684,10039,10394,10749,11104,11459,11814,12169,12524,12879,13234,13589,13944,14299,14654,15009,15364,15719,16074,16429,16784,17139,17494,17849,18204,18559,18914,19269,19624,19979,20334,20689,21044,21399,21754,22109,22464,22819,23174,23529,23884,24239,24594,24949,25304,25659,26014,26369,26724,27079,27434,27789,28144,28499,28854,29209,29564,29919,30274,30629,30984,31339,31694,32049,32404,32759,33114,33469,33824,34179,34534,34889,35244,35599,35954,36309,36664,37019,37374,37729,38084,38439,38794,39149,39504,39859,40214,40569,40924,41279,41634,41989,42344,42699,43054,43409,43764,44119,44474,44829,45184,45539,45894,46249,46604,46959,47314,47669,48024,48379,48734,49089,49444,49799,50154,50509,50864,51219,51574,51929,52284,52639,52994,53349,53704,54059,54414,54769,55124,55479,55834,56189,56544,56899,57254,57609,57964,58319,58674,59029,59384,59739,60094,60449,60804,61159,61514,61869,62224,62579,62934,-62736,-62381,-62026,-61671,-61316,-60961,-60606,-60251,-59896,-59541,-59186,-58831,-58476,-58121,-57766,-57411,-57056,-56701,-56346,-55991,-55636,-55281,-54926,-54571,-54216,-53861,-53506,-53151,-52796,-52441,-52086,-51731,-51376,-51021,-50666,-50311,-49956,-49601,-49246,-48891,-48536,-48181,-47826,-47471,-47116,-46761,-46406,-46051,-45696,-45341,-44986,-44631,-44276,-43921,-43566,-43211,-42856,-42501,-42146,-41791,-41436,-41081,-40726,-40371,-40016,-39661,-39306,-38951,-38596,-38241,-37886,-37531,-37176,-36821,-36466,-36111,-35756,-35401,-35145,-35046,-34691,-34336,-33981,-33626,-33271,-32916,-32561,-32206,-31851,-31496,-31141,-30786,-30431,-30076,-29721,-29366,-29011,-28656,-28301,-27946,-27591,-27236,-26881,-26526,-26171,-25816,-25461,-25106,-24751,-24396,-24041,-23686,-23331,-22976,-22621,-22266,-21911,-21556,-21201,-20846,-20491,-20136,-19781,-19426,-19071,-18716,-18361,-18006,-17651,-17296,-16941,-16586,-16231,-15876,-15521,-15166,-14811,-14456,-14101,-13746,-13391,-13036,-12681,-12326,-11971,-11616,-11261,-10906,-10551,-10196,-9841,-9486,-9131,-8776,-8421,-8066,-7711,-7356,-7001,-6646,-6291,-5936,-5581,-5226,-4871,-4516,-4161,-3806,-3451,-3096,-2741,-2386,-2031,-1676,-1321,-966,-611,-256,MAX=62934
100,455,810,1165,1520,1875,2230,2585,2940,3295,3650,4005,4360,4715,5070,5425,5780,6135,6490,6845,7200,7555,7910,8265,8620,8975,9330,9685,10040,10395,10750,11105,11460,11815,12170,12525,12880,13235,13590,13945,14300,14655,15010,15365,15720,16075,16430,16785,17140,17495,17850,18205,18560,18915,19270,19625,19980,20335,20690,21045,21400,21755,22110,22465,22820,23175,23530,23885,24240,24595,24950,25305,25660,26015,26370,26725,27080,27435,27790,28145,28500,28855,29210,29565,29920,30275,30630,30985,31340,31695,32050,32405,32760,33115,33470,33825,34180,34535,34890,35245,35600,35955,36310,36665,37020,37375,37730,38085,38440,38795,39150,39505,39860,40215,40570,40925,41280,41635,41990,42345,42700,43055,43410,43765,44120,44475,44830,45185,45540,45895,46250,46605,46960,47315,47670,48025,48380,48735,49090,49445,49800,50155,50510,50865,51220,51575,51930,52285,52640,52995,53350,53705,54060,54415,54770,55125,55480,55835,56190,56545,56900,57255,57610,57965,58320,58675,59030,59385,59740,60095,60450,60805,61160,61515,61870,62225,62580,62935,-62735,-62380,-62025,-61670,-61315,-60960,-60605,-60250,-59895,-59540,-59185,-58830,-58475,-58120,-57765,-57410,-57055,-56700,-56345,-55990,-55635,-55280,-54925,-54570,-54215,-53860,-53505,-53150,-52795,-52440,-52085,-51730,-51375,-51020,-50665,-50310,-49955,-49600,-49245,-48890,-48535,-48180,-47825,-47470,-47115,-46760,-46405,-46050,-45695,-45340,-44985,-44630,-44275,-43920,-43565,-43210,-42855,-42500,-42145,-41790,-41435,-41080,-40725,-40370,-40015,-39660,-39305,-38950,-38595,-38240,-37885,-37530,-37175,-36820,-36465,-36110,-35755,-35500,-35400,-35045,-34690,-34335,-33980,-33625,-33270,-32915,-32560,-32205,-31850,-31495,-31140,-30785,-30430,-30075,-29720,-29365,-29010,-28655,-28300,-27945,-27590,-27235,-26880,-26525,-26170,-25815,-25460,-25105,-24750,-24395,-24040,-23685,-23330,-22975,-22620,-22265,-21910,-21555,-21200,-20845,-20490,-20135,-19780,-19425,-19070,-18715,-18360,-18005,-17650,-17295,-16940,-16585,-16230,-15875,-15520,-15165,-14810,-14455,-14100,-13745,-13390,-13035,-12680,-12325,-11970,-11615,-11260,-10905,-10550,-10195,-9840,-9485,-9130,-8775,-8420,-8065,-7710,-7355,-7000,-6645,-6290,-5935,-5580,-5225,-4870,-4515,-4160,-3805,-3450,-3095,-2740,-2385,-2030,-1675,-1320,-965,-610,-255,MAX=62935
101,456,811,1166,1521,1876,2231,2586,2941,3296,3651,4006,4361,4716,5071,5426,5781,6136,6491,6846,7201,7556,7911,8266,8621,8976,9331,9686,10041,10396,10751,11106,11461,11816,12171,12526,12881,13236,13591,13946,14301,14656,15011,15366,15721,16076,16431,16786,17141,17496,17851,18206,18561,18916,19271,19626,19981,20336,20691,21046,21401,21756,22111,22466,22821,23176,23531,23886,24241,24596,24951,25306,25661,26016,26371,26726,27081,27436,27791,28146,28501,28856,29211,29566,29921,30276,30631,30986,31341,31696,32051,32406,32761,33116,33471,33826,34181,34536,34891,35246,35601,35956,36311,36666,37021,37376,37731,38086,38441,38796,39151,39506,39861,40216,40571,40926,41281,41636,41991,42346,42701,43056,43411,43766,44121,44476,44831,45186,45541,45896,46251,46606,46961,47316,47671,48026,48381,48736,49091,49446,49801,50156,50511,50866,51221,51576,51931,52286,52641,52996,53351,53706,54061,54416,54771,55126,55481,55836,56191,56546,56901,57256,57611,57966,58321,58676,59031,59386,59741,60096,60451,60806,61161,61516,61871,62226,62581,62936,-62734,-62379,-62024,-61669,-61314,-60959,-60604,-60249,-59894,-59539,-59184,-58829,-58474,-58119,-57764,-57409,-57054,-56699,-56344,-55989,-55634,-55279,-54924,-54569,-54214,-53859,-53504,-53149,-52794,-52439,-52084,-51729,-51374,-51019,-50664,-50309,-49954,-49599,-49244,-48889,-48534,-48179,-47824,-47469,-47114,-46759,-46404,-46049,-45694,-45339,-44984,-44629,-44274,-43919,-43564,-43209,-42854,-42499,-42144,-41789,-41434,-41079,-40724,-40369,-40014,-39659,-39304,-38949,-38594,-38239,-37884,-37529,-37174,-36819,-36464,-36109,-35855,-35754,-35399,-35044,-34689,-34334,-33979,-33624,-33269,-32914,-32559,-32204,-31849,-31494,-31139,-30784,-30429,-30074,-29719,-29364,-29009,-28654,-28299,-27944,-27589,-27234,-26879,-26524,-26169,-25814,-25459,-25104,-24749,-24394,-24039,-23684,-23329,-22974,-22619,-22264,-21909,-21554,-21199,-20844,-20489,-20134,-19779,-19424,-19069,-18714,-18359,-18004,-17649,-17294,-16939,-16584,-16229,-15874,-15519,-15164,-14809,-14454,-14099,-13744,-13389,-13034,-12679,-12324,-11969,-11614,-11259,-10904,-10549,-10194,-9839,-9484,-9129,-8774,-8419,-8064,-7709,-7354,-6999,-6644,-6289,-5934,-5579,-5224,-4869,-4514,-4159,-3804,-3449,-3094,-2739,-2384,-2029,-1674,-1319,-964,-609,-254,MAX=62936
102,457,812,1167,1522,1877,2232,2587,2942,3297,3652,4007,4362,4717,5072,5427,5782,6137,6492,6847,7202,7557,7912,8267,8622,8977,9332,9687,10042,10397,10752,11107,11462,11817,12172,12527,12882,13237,13592,13947,14302,14657,15012,15367,15722,16077,16432,16787,17142,17497,17852,18207,18562,18917,19272,19627,19982,20337,20692,21047,21402,21757,22112,22467,22822,23177,23532,23887,24242,24597,24952,25307,25662,26017,26372,26727,27082,27437,27792,28147,28502,28857,29212,29567,29922,30277,30632,30987,31342,31697,32052,32407,32762,33117,33472,33827,34182,34537,34892,35247,35602,35957,36312,36667,37022,37377,37732,38087,38442,38797,39152,39507,39862,40217,40572,40927,41282,41637,41992,42347,42702,43057,43412,43767,44122,44477,44832,45187,45542,45897,46252,46607,46962,47317,47672,48027,48382,48737,49092,49447,49802,50157,50512,50867,51222,51577,51932,52287,52642,52997,53352,53707,54062,54417,54772,55127,55482,55837,56192,56547,56902,57257,57612,57967,58322,58677,59032,59387,59742,60097,60452,60807,61162,61517,61872,62227,62582,62937,-62733,-62378,-62023,-61668,-61313,-60958,-60603,-60248,-59893,-59538,-59183,-58828,-58473,-58118,-57763,-57408,-57053,-56698,-56343,-55988,-55633,-55278,-54923,-54568,-54213,-53858,-53503,-53148,-52793,-52438,-52083,-51728,-51373,-51018,-50663,-50308,-49953,-49598,-49243,-48888,-48533,-48178,-47823,-47468,-47113,-46758,-46403,-46048,-45693,-45338,-44983,-44628,-44273,-43918,-43563,-43208,-42853,-42498,-42143,-41788,-41433,-41078,-40723,-40368,-40013,-39658,-39303,-38948,-38593,-38238,-37883,-37528,-37173,-36818,-36463,-36210,-36108,-35753,-35398,-35043,-34688,-34333,-33978,-33623,-33268,-32913,-32558,-32203,-31848,-31493,-31138,-30783,-30428,-30073,-29718,-29363,-29008,-28653,-28298,-27943,-27588,-27233,-26878,-26523,-26168,-25813,-25458,-25103,-24748,-24393,-24038,-23683,-23328,-22973,-22618,-22263,-21908,-21553,-21198,-20843,-20488,-20133,-19778,-19423,-19068,-18713,-18358,-18003,-17648,-17293,-16938,-16583,-16228,-15873,-15518,-15163,-14808,-14453,-14098,-13743,-13388,-13033,-12678,-12323,-11968,-11613,-11258,-10903,-10548,-10193,-9838,-9483,-9128,-8773,-8418,-8063,-7708,-7353,-6998,-6643,-6288,-5933,-5578,-5223,-4868,-4513,-4158,-3803,-3448,-3093,-2738,-2383,-2028,-1673,-1318,-963,-608,-253,MAX=62937
103,458,813,1168,1523,1878,2233,2588,2943,3298,3653,4008,4363,4718,5073,5428,5783,6138,6493,6848,7203,7558,7913,8268,8623,8978,9333,9688,10043,10398,10753,11108,11463,11818,12173,12528,12883,13238,13593,13948,14303,14658,15013,15368,15723,16078,16433,16788,17143,17498,17853,18208,18563,18918,19273,19628,19983,20338,20693,21048,21403,21758,22113,22468,22823,23178,23533,23888,24243,24598,24953,25308,25663,26018,26373,26728,27083,27438,27793,28148,28503,28858,29213,29568,29923,30278,30633,30988,31343,31698,32053,32408,32763,33118,33473,33828,34183,34538,34893,35248,35603,35958,36313,36668,37023,37378,37733,38088,38443,38798,39153,39508,39863,40218,40573,40928,41283,41638,41993,42348,42703,43058,43413,43768,44123,44478,44833,45188,45543,45898,46253,46608,46963,47318,47673,48028,48383,48738,49093,49448,49803,50158,50513,50868,51223,51578,51933,52288,52643,52998,53353,53708,54063,54418,54773,55128,55483,55838,56193,56548,56903,57258,57613,57968,58323,58678,59033,59388,59743,60098,60453,60808,61163,61518,61873,62228,62583,62938,-62732,-62377,-62022,-61667,-61312,-60957,-60602,-60247,-59892,-59537,-59182,-58827,-58472,-58117,-57762,-57407,-57052,-56697,-56342,-55987,-55632,-55277,-54922,-54567,-54212,-53857,-53502,-53147,-52792,-52437,-52082,-51727,-51372,-51017,-50662,-50307,-49952,-49597,-49242,-48887,-48532,-48177,-47822,-47467,-47112,-46757,-46402,-46047,-45692,-45337,-44982,-44627,-44272,-43917,-43562,-43207,-42852,-42497,-42142,-41787,-41432,-41077,-40722,-40367,-40012,-39657,-39302,-38947,-38592,-38237,-37882,-37527,-37172,-36817,-36565,-36462,-36107,-35752,-35397,-35042,-34687,-34332,-33977,-33622,-33267,-32912,-32557,-32202,-31847,-31492,-31137,-30782,-30427,-30072,-29717,-29362,-29007,-28652,-28297,-27942,-27587,-27232,-26877,-26522,-26167,-25812,-25457,-25102,-24747,-24392,-24037,-23682,-23327,-22972,-22617,-22262,-21907,-21552,-21197,-20842,-20487,-20132,-19777,-19422,-19067,-18712,-18357,-18002,-17647,-17292,-16937,-16582,-16227,-15872,-15517,-15162,-14807,-14452,-14097,-13742,-13387,-13032,-12677,-12322,-11967,-11612,-11257,-10902,-10547,-10192,-9837,-9482,-9127,-8772,-8417,-8062,-7707,-7352,-6997,-6642,-6287,-5932,-5577,-5222,-4867,-4512,-4157,-3802,-3447,-3092,-2737,-2382,-2027,-1672,-1317,-962,-607,-252,MAX=62938
104,459,814,1169,1524,1879,2234,2589,2944,3299,3654,4009,4364,4719,5074,5429,5784,6139,6494,6849,7204,7559,7914,8269,8624,8979,9334,9689,10044,10399,10754,11109,11464,11819,12174,12529,12884,13239,13594,13949,14304,14659,15014,15369,15724,16079,16434,16789,17144,17499,17854,18209,18564,18919,19274,19629,19984,20339,20694,21049,21404,21759,22114,22469,22824,23179,23534,23889,24244,24599,24954,25309,25664,26019,26374,26729,27084,27439,27794,28149,28504,28859,29214,29569,29924,30279,30634,30989,31344,31699,32054,32409,32764,33119,33474,33829,34184,34539,34894,35249,35604,35959,36314,36669,37024,37379,37734,38089,38444,38799,39154,39509,39864,40219,40574,40929,41284,41639,41994,42349,42704,43059,43414,43769,44124,44479,44834,45189,45544,45899,46254,46609,46964,47319,47674,48029,48384,48739,49094,49449,49804,50159,50514,50869,51224,51579,51934,52289,52644,52999,53354,53709,54064,54419,54774,55129,55484,55839,56194,56549,56904,57259,57614,57969,58324,58679,59034,59389,59744,60099,60454,60809,61164,61519,61874,62229,62584,62939,-62731,-62376,-62021,-61666,-61311,-60956,-60601,-60246,-59891,-59536,-59181,-58826,-58471,-58116,-57761,-57406,-57051,-56696,-56341,-55986,-55631,-55276,-54921,-54566,-54211,-53856,-53501,-53146,-52791,-52436,-52081,-51726,-51371,-51016,-50661,-50306,-49951,-49596,-49241,-48886,-48531,-48176,-47821,-47466,-47111,-46756,-46401,-46046,-45691,-45336,-44981,-44626,-44271,-43916,-43561,-43206,-42851,-42496,-42141,-41786,-41431,-41076,-40721,-40366,-40011,-39656,-39301,-38946,-38591,-38236,-37881,-37526,-37171,-36920,-36816,-36461,-36106,-35751,-35396,-35041,-34686,-34331,-33976,-33621,-33266,-32911,-32556,-32201,-31846,-31491,-31136,-30781,-30426,-30071,-29716,-29361,-29006,-28651,-28296,-27941,-27586,-27231,-26876,-26521,-26166,-25811,-25456,-25101,-24746,-24391,-24036,-23681,-23326,-22971,-22616,-22261,-21906,-21551,-21196,-20841,-20486,-20131,-19776,-19421,-19066,-18711,-18356,-18001,-17646,-17291,-16936,-16581,-16226,-15871,-15516,-15161,-14806,-14451,-14096,-13741,-13386,-13031,-12676,-12321,-11966,-11611,-11256,-10901,-10546,-10191,-9836,-9481,-9126,-8771,-8416,-8061,-7706,-7351,-6996,-6641,-6286,-5931,-5576,-5221,-4866,-4511,-4156,-3801,-3446,-3091,-2736,-2381,-2026,-1671,-1316,-961,-606,-251,MAX=62939
105,460,815,1170,1525,1880,2235,2590,2945,3300,3655,4010,4365,4720,5075,5430,5785,6140,6495,6850,7205,7560,7915,8270,8625,8980,9335,9690,10045,10400,10755,11110,11465,11820,12175,12530,12885,13240,13595,13950,14305,14660,15015,15370,15725,16080,16435,16790,17145,17500,17855,18210,18565,18920,19275,19630,19985,20340,20695,21050,21405,21760,22115,22470,22825,23180,23535,23890,24245,24600,24955,25310,25665,26020,26375,26730,27085,27440,27795,28150,28505,28860,29215,29570,29925,30280,30635,30990,31345,31700,32055,32410,32765,33120,33475,33830,34185,34540,34895,35250,35605,35960,36315,36670,37025,37380,37735,38090,38445,38800,39155,39510,39865,40220,40575,40930,41285,41640,41995,42350,42705,43060,43415,43770,44125,44480,44835,45190,45545,45900,46255,46610,46965,47320,47675,48030,48385,48740,49095,49450,49805,50160,50515,50870,51225,51580,51935,52290,52645,53000,53355,53710,54065,54420,54775,55130,55485,55840,56195,56550,56905,57260,57615,57970,58325,58680,59035,59390,59745,60100,60455,60810,61165,61520,61875,62230,62585,62940,-62730,-62375,-62020,-61665,-61310,-60955,-60600,-60245,-59890,-59535,-59180,-58825,-58470,-58115,-57760,-57405,-57050,-56695,-56340,-55985,-55630,-55275,-54920,-54565,-54210,-53855,-53500,-53145,-52790,-52435,-52080,-51725,-51370,-51015,-50660,-50305,-49950,-49595,-49240,-48885,-48530,-48175,-47820,-47465,-47110,-46755,-46400,-46045,-45690,-45335,-44980,-44625,-44270,-43915,-43560,-43205,-42850,-42495,-42140,-41785,-41430,-41075,-40720,-40365,-40010,-39655,-39300,-38945,-38590,-38235,-37880,-37525,-37275,-37170,-36815,-36460,-36105,-35750,-35395,-35040,-34685,-34330,-33975,-33620,-33265,-32910,-32555,-32200,-31845,-31490,-31135,-30780,-30425,-30070,-29715,-29360,-29005,-28650,-28295,-27940,-27585,-27230,-26875,-26520,-26165,-25810,-25455,-25100,-24745,-24390,-24035,-23680,-23325,-22970,-22615,-22260,-21905,-21550,-21195,-20840,-20485,-20130,-19775,-19420,-19065,-18710,-18355,-18000,-17645,-17290,-16935,-16580,-16225,-15870,-15515,-15160,-14805,-14450,-14095,-13740,-13385,-13030,-12675,-12320,-11965,-11610,-11255,-10900,-10545,-10190,-9835,-9480,-9125,-8770,-8415,-8060,-7705,-7350,-6995,-6640,-6285,-5930,-5575,-5220,-4865,-4510,-4155,-3800,-3445,-3090,-2735,-2380,-2025,-1670,-1315,-960,-605,-250,MAX=62940
106,461,816,1171,1526,1881,2236,2591,2946,3301,3656,4011,4366,4721,5076,5431,5786,6141,6496,6851,7206,7561,7916,8271,8626,8981,9336,9691,10046,10401,10756,11111,11466,11821,12176,12531,12886,13241,13596,13951,14306,14661,15016,15371,15726,16081,16436,16791,17146,17501,17856,18211,18566,18921,19276,19631,19986,20341,20696,21051,21406,21761,22116,22471,22826,23181,23536,23891,24246,24601,24956,25311,25666,26021,26376,26731,27086,27441,27796,28151,28506,28861,29216,29571,29926,30281,30636,30991,31346,31701,32056,32411,32766,33121,33476,33831,34186,34541,34896,35251,35606,35961,36316,36671,37026,37381,37736,38091,38446,38801,39156,39511,39866,40221,40576,40931,41286,41641,41996,42351,42706,43061,43416,43771,44126,44481,44836,45191,45546,45901,46256,46611,46966,47321,47676,48031,48386,48741,49096,49451,49806,50161,50516,50871,51226,51581,51936,52291,52646,53001,53356,53711,54066,54421,54776,55131,55486,55841,56196,56551,56906,57261,57616,57971,58326,58681,59036,59391,59746,60101,60456,60811,61166,61521,61876,62231,62586,62941,-62729,-62374,-62019,-61664,-61309,-60954,-60599,-60244,-59889,-59534,-59179,-58824,-58469,-58114,-57759,-57404,-57049,-56694,-56339,-55984,-55629,-55274,-54919,-54564,-54209,-53854,-53499,-53144,-52789,-52434,-52079,-51724,-51369,-51014,-50659,-50304,-49949,-49594,-49239,-48884,-48529,-48174,-47819,-47464,-47109,-46754,-46399,-46044,-45689,-45334,-44979,-44624,-44269,-43914,-43559,-43204,-42849,-42494,-42139,-41784,-41429,-41074,-40719,-40364,-40009,-39654,-39299,-38944,-38589,-38234,-37879,-37630,-37524,-37169,-36814,-36459,-36104,-35749,-35394,-35039,-34684,-34329,-33974,-33619,-33264,-32909,-32554,-32199,-31844,-31489,-31134,-30779,-30424,-30069,-29714,-29359,-29004,-28649,-28294,-27939,-27584,-27229,-26874,-26519,-26164,-25809,-25454,-25099,-24744,-24389,-24034,-23679,-23324,-22969,-22614,-22259,-21904,-21549,-21194,-20839,-20484,-20129,-19774,-19419,-19064,-18709,-18354,-17999,-17644,-17289,-16934,-16579,-16224,-15869,-15514,-15159,-14804,-14449,-14094,-13739,-13384,-13029,-12674,-12319,-11964,-11609,-11254,-10899,-10544,-10189,-9834,-9479,-9124,-8769,-8414,-8059,-7704,-7349,-6994,-6639,-6284,-5929,-5574,-5219,-4864,-4509,-4154,-3799,-3444,-3089,-2734,-2379,-2024,-1669,-1314,-959,-604,-249,MAX=62941
107,462,817,1172,1527,1882,2237,2592,2947,3302,3657,4012,4367,4722,5077,5432,5787,6142,6497,6852,7207,7562,7917,8272,8627,8982,9337,9692,10047,10402,10757,11112,11467,11822,12177,12532,12887,13242,13597,13952,14307,14662,15017,15372,15727,16082,16437,16792,17147,17502,17857,18212,18567,18922,19277,19632,19987,20342,20697,21052,21407,21762,22117,22472,22827,23182,23537,23892,24247,24602,24957,25312,25667,26022,26377,26732,27087,27442,27797,28152,28507,28862,29217,29572,29927,30282,30637,30992,31347,31702,32057,32412,32767,33122,33477,33832,34187,34542,34897,35252,35607,35962,36317,36672,37027,37382,37737,38092,38447,38802,39157,39512,39867,40222,40577,40932,41287,41642,41997,42352,42707,43062,43417,43772,44127,44482,44837,45192,45547,45902,46257,46612,46967,47322,47677,48032,48387,48742,49097,49452,49807,50162,50517,50872,51227,51582,51937,52292,52647,53002,53357,53712,54067,54422,54777,55132,55487,55842,56197,56552,56907,57262,57617,57972,58327,58682,59037,59392,59747,60102,60457,60812,61167,61522,61877,62232,62587,62942,-62728,-62373,-62018,-61663,-61308,-60953,-60598,-60243,-59888,-59533,-59178,-58823,-58468,-58113,-57758,-57403,-57048,-56693,-56338,-55983,-55628,-55273,-54918,-54563,-54208,-53853,-53498,-53143,-52788,-52433,-52078,-51723,-51368,-51013,-50658,-50303,-49948,-49593,-49238,-48883,-48528,-48173,-47818,-47463,-47108,-46753,-46398,-46043,-45688,-45333,-44978,-44623,-44268,-43913,-43558,-43203,-42848,-42493,-42138,-41783,-41428,-41073,-40718,-40363,-40008,-39653,-39298,-38943,-38588,-38233,-37985,-37878,-37523,-37168,-36813,-36458,-36103,-35748,-35393,-35038,-34683,-34328,-33973,-33618,-33263,-32908,-32553,-32198,-31843,-31488,-31133,-30778,-30423,-30068,-29713,-29358,-29003,-28648,-28293,-27938,-27583,-27228,-26873,-26518,-26163,-25808,-25453,-25098,-24743,-24388,-24033,-23678,-23323,-22968,-22613,-22258,-21903,-21548,-21193,-20838,-20483,-20128,-19773,-19418,-19063,-18708,-18353,-17998,-17643,-17288,-16933,-16578,-16223,-15868,-15513,-15158,-14803,-14448,-14093,-13738,-13383,-13028,-12673,-12318,-11963,-11608,-11253,-10898,-10543,-10188,-9833,-9478,-9123,-8768,-8413,-8058,-7703,-7348,-6993,-6638,-6283,-5928,-5573,-5218,-4863,-4508,-4153,-3798,-3443,-3088,-2733,-2378,-2023,-1668,-1313,-958,-603,-248,MAX=62942
108,463,818,1173,1528,1883,2238,2593,2948,3303,3658,4013,4368,4723,5078,5433,5788,6143,6498,6853,7208,7563,7918,8273,8628,8983,9338,9693,10048,10403,10758,11113,11468,11823,12178,12533,12888,13243,13598,13953,14308,14663,15018,15373,15728,16083,16438,16793,17148,17503,17858,18213,18568,18923,19278,19633,19988,20343,20698,21053,21408,21763,22118,22473,22828,23183,23538,23893,24248,24603,24958,25313,25668,26023,26378,26733,27088,27443,27798,28153,28508,28863,29218,29573,29928,30283,30638,30993,31348,31703,32058,32413,32768,33123,33478,33833,34188,34543,34898,35253,35608,35963,36318,36673,37028,37383,37738,38093,38448,38803,39158,39513,39868,40223,40578,40933,41288,41643,41998,42353,42708,43063,43418,43773,44128,44483,44838,45193,45548,45903,46258,46613,46968,47323,47678,48033,48388,48743,49098,49453,49808,50163,50518,50873,51228,51583,51938,52293,52648,53003,53358,53713,54068,54423,54778,55133,55488,55843,56198,56553,56908,57263,57618,57973,58328,58683,59038,59393,59748,60103,60458,60813,61168,61523,61878,62233,62588,62943,-62727,-62372,-62017,-61662,-61307,-60952,-60597,-60242,-59887,-59532,-59177,-58822,-58467,-58112,-57757,-57402,-57047,-56692,-56337,-55982,-55627,-55272,-54917,-54562,-54207,-53852,-53497,-53142,-52787,-52432,-52077,-51722,-51367,-51012,-50657,-50302,-49947,-49592,-49237,-48882,-48527,-48172,-47817,-47462,-47107,-46752,-46397,-46042,-45687,-45332,-44977,-44622,-44267,-43912,-43557,-43202,-42847,-42492,-42137,-41782,-41427,-41072,-40717,-40362,-40007,-39652,-39297,-38942,-38587,-38340,-38232,-37877,-37522,-37167,-36812,-36457,-36102,-35747,-35392,-35037,-34682,-34327,-33972,-33617,-33262,-32907,-32552,-32197,-31842,-31487,-31132,-30777,-30422,-30067,-29712,-29357,-29002,-28647,-28292,-27937,-27582,-27227,-26872,-26517,-26162,-25807,-25452,-25097,-24742,-24387,-24032,-23677,-23322,-22967,-22612,-22257,-21902,-21547,-21192,-20837,-20482,-20127,-19772,-19417,-19062,-18707,-18352,-17997,-17642,-17287,-16932,-16577,-16222,-15867,-15512,-15157,-14802,-14447,-14092,-13737,-13382,-13027,-12672,-12317,-11962,-11607,-11252,-10897,-10542,-10187,-9832,-9477,-9122,-8767,-8412,-8057,-7702,-7347,-6992,-6637,-6282,-5927,-5572,-5217,-4862,-4507,-4152,-3797,-3442,-3087,-2732,-2377,-2022,-1667,-1312,-957,-602,-247,MAX=62943
109,464,819,1174,1529,1884,2239,2594,2949,3304,3659,4014,4369,4724,5079,5434,5789,6144,6499,6854,7209,7564,7919,8274,8629,8984,9339,9694,10049,10404,10759,11114,11469,11824,12179,12534,12889,13244,13599,13954,14309,14664,15019,15374,15729,16084,16439,16794,17149,17504,17859,18214,18569,18924,19279,19634,19989,20344,20699,21054,21409,21764,22119,22474,22829,23184,23539,23894,24249,24604,24959,25314,25669,26024,26379,26734,27089,27444,27799,28154,28509,28864,29219,29574,29929,30284,30639,30994,31349,31704,32059,32414,32769,33124,33479,33834,34189,34544,34899,35254,35609,35964,36319,36674,37029,37384,37739,38094,38449,38804,39159,39514,39869,40224,40579,40934,41289,41644,41999,42354,42709,43064,43419,43774,44129,44484,44839,45194,45549,45904,46259,46614,46969,47324,47679,48034,48389,48744,49099,49454,49809,50164,50519,50874,51229,51584,51939,52294,52649,53004,53359,53714,54069,54424,54779,55134,55489,55844,56199,56554,56909,57264,57619,57974,58329,58684,59039,59394,59749,60104,60459,60814,61169,61524,61879,62234,62589,62944,-62726,-62371,-62016,-61661,-61306,-60951,-60596,-60241,-59886,-59531,-59176,-58821,-58466,-58111,-57756,-57401,-57046,-56691,-56336,-55981,-55626,-55271,-54916,-54561,-54206,-53851,-53496,-53141,-52786,-52431,-52076,-51721,-51366,-51011,-50656,-50301,-49946,-49591,-49236,-48881,-48526,-48171,-47816,-47461,-47106,-46751,-46396,-46041,-45686,-45331,-44976,-44621,-44266,-43911,-43556,-43201,-42846,-42491,-42136,-41781,-41426,-41071,-40716,-40361,-40006,-39651,-39296,-38941,-38695,-38586,-38231,-37876,-37521,-37166,-36811,-36456,-36101,-35746,-35391,-35036,-34681,-34326,-33971,-33616,-33261,-32906,-32551,-32196,-31841,-31486,-31131,-30776,-30421,-30066,-29711,-29356,-29001,-28646,-28291,-27936,-27581,-27226,-26871,-26516,-26161,-25806,-25451,-25096,-24741,-24386,-24031,-23676,-23321,-22966,-22611,-22256,-21901,-21546,-21191,-20836,-20481,-20126,-19771,-19416,-19061,-18706,-18351,-17996,-17641,-17286,-16931,-16576,-16221,-15866,-15511,-15156,-14801,-14446,-14091,-13736,-13381,-13026,-12671,-12316,-11961,-11606,-11251,-10896,-10541,-10186,-9831,-9476,-9121,-8766,-8411,-8056,-7701,-7346,-6991,-6636,-6281,-5926,-5571,-5216,-4861,-4506,-4151,-3796,-3441,-3086,-2731,-2376,-2021,-1666,-1311,-956,-601,-246,MAX=62944
110,465,820,1175,1530,1885,2240,2595,2950,3305,3660,4015,4370,4725,5080,5435,5790,6145,6500,6855,7210,7565,7920,8275,8630,8985,9340,9695,10050,10405,10760,11115,11470,11825,12180,12535,12890,13245,13600,13955,14310,14665,15020,15375,15730,16085,16440,16795,17150,17505,17860,18215,18570,18925,19280,19635,19990,20345,20700,21055,21410,21765,22120,22475,22830,23185,23540,23895,24250,24605,24960,25315,25670,26025,26380,26735,27090,27445,27800,28155,28510,28865,29220,29575,29930,30285,30640,30995,31350,31705,32060,32415,32770,33125,33480,33835,34190,34545,34900,35255,35610,35965,36320,36675,37030,37385,37740,38095,38450,38805,39160,39515,39870,40225,40580,40935,41290,41645,42000,42355,42710,43065,43420,43775,44130,44485,44840,45195,45550,45905,46260,46615,46970,47325,47680,48035,48390,48745,49100,49455,49810,50165,50520,50875,51230,51585,51940,52295,52650,53005,53360,53715,54070,54425,54780,55135,55490,55845,56200,56555,56910,57265,57620,57975,58330,58685,59040,59395,59750,60105,60460,60815,61170,61525,61880,62235,62590,62945,-62725,-62370,-62015,-61660,-61305,-60950,-60595,-60240,-59885,-59530,-59175,-58820,-58465,-58110,-57755,-57400,-57045,-56690,-56335,-55980,-55625,-55270,-54915,-54560,-54205,-53850,-53495,-53140,-52785,-52430,-52075,-51720,-51365,-51010,-50655,-50300,-49945,-49590,-49235,-48880,-48525,-48170,-47815,-47460,-47105,-46750,-46395,-46040,-45685,-45330,-44975,-44620,-44265,-43910,-43555,-43200,-42845,-42490,-42135,-41780,-41425,-41070,-40715,-40360,-40005,-39650,-39295,-39050,-38940,-38585,-38230,-37875,-37520,-37165,-36810,-36455,-36100,-35745,-35390,-35035,-34680,-34325,-33970,-33615,-33260,-32905,-32550,-32195,-31840,-31485,-31130,-30775,-30420,-30065,-29710,-29355,-29000,-28645,-28290,-27935,-27580,-27225,-26870,-26515,-26160,-25805,-25450,-25095,-24740,-24385,-24030,-23675,-23320,-22965,-22610,-22255,-21900,-21545,-21190,-20835,-20480,-20125,-19770,-19415,-19060,-18705,-18350,-17995,-17640,-17285,-16930,-16575,-16220,-15865,-15510,-15155,-14800,-14445,-14090,-13735,-13380,-13025,-12670,-12315,-11960,-11605,-11250,-10895,-10540,-10185,-9830,-9475,-9120,-8765,-8410,-8055,-7700,-7345,-6990,-6635,-6280,-5925,-5570,-5215,-4860,-4505,-4150,-3795,-3440,-3085,-2730,-2375,-2020,-1665,-1310,-955,-600,-245,MAX=62945
111,466,821,1176,1531,1886,2241,2596,2951,3306,3661,4016,4371,4726,5081,5436,5791,6146,6501,6856,7211,7566,7921,8276,8631,8986,9341,9696,10051,10406,10761,11116,11471,11826,12181,12536,12891,13246,13601,13956,14311,14666,15021,15376,15731,16086,16441,16796,17151,17506,17861,18216,18571,18926,19281,19636,19991,20346,20701,21056,21411,21766,22121,22476,22831,23186,23541,23896,24251,24606,24961,25316,25671,26026,26381,26736,27091,27446,27801,28156,28511,28866,29221,29576,29931,30286,30641,30996,31351,31706,32061,32416,32771,33126,33481,33836,34191,34546,34901,35256,35611,35966,36321,36676,37031,37386,37741,38096,38451,38806,39161,39516,39871,40226,40581,40936,41291,41646,42001,42356,42711,43066,43421,43776,44131,44486,44841,45196,45551,45906,46261,46616,46971,47326,47681,48036,48391,48746,49101,49456,49811,50166,50521,50876,51231,51586,51941,52296,52651,53006,53361,53716,54071,54426,54781,55136,55491,55846,56201,56556,56911,57266,57621,57976,58331,58686,59041,59396,59751,60106,60461,60816,61171,61526,61881,62236,62591,62946,-62724,-62369,-62014,-61659,-61304,-60949,-60594,-60239,-59884,-59529,-59174,-58819,-58464,-58109,-57754,-57399,-57044,-56689,-56334,-55979,-55624,-55269,-54914,-54559,-54204,-53849,-53494,-53139,-52784,-52429,-52074,-51719,-51364,-51009,-50654,-50299,-49944,-49589,-49234,-48879,-48524,-48169,-47814,-47459,-47104,-46749,-46394,-46039,-45684,-45329,-44974,-44619,-44264,-43909,-43554,-43199,-42844,-42489,-42134,-41779,-41424,-41069,-40714,-40359,-40004,-39649,-39405,-39294,-38939,-38584,-38229,-37874,-37519,-37164,-36809,-36454,-36099,-35744,-35389,-35034,-34679,-34324,-33969,-33614,-33259,-32904,-32549,-32194,-31839,-31484,-31129,-30774,-30419,-30064,-29709,-29354,-28999,-28644,-28289,-27934,-27579,-27224,-26869,-26514,-26159,-25804,-25449,-25094,-24739,-24384,-24029,-23674,-23319,-22964,-22609,-22254,-21899,-21544,-21189,-20834,-20479,-20124,-19769,-19414,-19059,-18704,-18349,-17994,-17639,-17284,-16929,-16574,-16219,-15864,-15509,-15154,-14799,-14444,-14089,-13734,-13379,-13024,-12669,-12314,-11959,-11604,-11249,-10894,-10539,-10184,-9829,-9474,-9119,-8764,-8409,-8054,-7699,-7344,-6989,-6634,-6279,-5924,-5569,-5214,-4859,-4504,-4149,-3794,-3439,-3084,-2729,-2374,-2019,-1664,-1309,-954,-599,-244,MAX=62946
112,467,822,1177,1532,1887,2242,2597,2952,3307,3662,4017,4372,4727,5082,5437,5792,6147,6502,6857,7212,7567,7922,8277,8632,8987,9342,9697,10052,10407,10762,11117,11472,11827,12182,12537,12892,13247,13602,13957,14312,14667,15022,15377,15732,16087,16442,16797,17152,17507,17862,18217,18572,18927,19282,19637,19992,20347,20702,21057,21412,21767,22122,22477,22832,23187,23542,23897,24252,24607,24962,25317,25672,26027,26382,26737,27092,27447,27802,28157,28512,28867,29222,29577,29932,30287,30642,30997,31352,31707,32062,32417,32772,33127,33482,33837,34192,34547,34902,35257,35612,35967,36322,36677,37032,37387,37742,38097,38452,38807,39162,39517,39872,40227,40582,40937,41292,41647,42002,42357,42712,43067,43422,43777,44132,44487,44842,45197,45552,45907,46262,46617,46972,47327,47682,48037,48392,48747,49102,49457,49812,50167,50522,50877,51232,51587,51942,52297,52652,53007,53362,53717,54072,54427,54782,55137,55492,55847,56202,56557,56912,57267,57622,57977,58332,58687,59042,59397,59752,60107,60462,60817,61172,61527,61882,62237,62592,62947,-62723,-62368,-62013,-61658,-61303,-60948,-60593,-60238,-59883,-59528,-59173,-58818,-58463,-58108,-57753,-57398,-57043,-56688,-56333,-55978,-55623,-55268,-54913,-54558,-54203,-53848,-53493,-53138,-52783,-52428,-52073,-51718,-51363,-51008,-50653,-50298,-49943,-49588,-49233,-48878,-48523,-48168,-47813,-47458,-47103,-46748,-46393,-46038,-45683,-45328,-44973,-44618,-44263,-43908,-43553,-43198,-42843,-42488,-42133,-41778,-41423,-41068,-40713,-40358,-40003,-39760,-39648,-39293,-38938,-38583,-38228,-37873,-37518,-37163,-36808,-36453,-36098,-35743,-35388,-35033,-34678,-34323,-33968,-33613,-33258,-32903,-32548,-32193,-31838,-31483,-31128,-30773,-30418,-30063,-29708,-29353,-28998,-28643,-28288,-27933,-27578,-27223,-26868,-26513,-26158,-25803,-25448,-25093,-24738,-24383,-24028,-23673,-23318,-22963,-22608,-22253,-21898,-21543,-21188,-20833,-20478,-20123,-19768,-19413,-19058,-18703,-18348,-17993,-17638,-17283,-16928,-16573,-16218,-15863,-15508,-15153,-14798,-14443,-14088,-13733,-13378,-13023,-12668,-12313,-11958,-11603,-11248,-10893,-10538,-10183,-9828,-9473,-9118,-8763,-8408,-8053,-7698,-7343,-6988,-6633,-6278,-5923,-5568,-5213,-4858,-4503,-4148,-3793,-3438,-3083,-2728,-2373,-2018,-1663,-1308,-953,-598,-243,MAX=62947
113,468,823,1178,1533,1888,2243,2598,2953,3308,3663,4018,4373,4728,5083,5438,5793,6148,6503,6858,7213,7568,7923,8278,8633,8988,9343,9698,10053,10408,10763,11118,11473,11828,12183,12538,12893,13248,13603,13958,14313,14668,15023,15378,15733,16088,16443,16798,17153,17508,17863,18218,18573,18928,19283,19638,19993,20348,20703,21058,21413,21768,22123,22478,22833,23188,23543,23898,24253,24608,24963,25318,25673,26028,26383,26738,27093,27448,27803,28158,28513,28868,29223,29578,29933,30288,30643,30998,31353,31708,32063,32418,32773,33128,33483,33838,34193,34548,34903,35258,35613,35968,36323,36678,37033,37388,37743,38098,38453,38808,39163,39518,39873,40228,40583,40938,41293,41648,42003,42358,42713,43068,43423,43778,44133,44488,44843,45198,45553,45908,46263,46618,46973,47328,47683,48038,48393,48748,49103,49458,49813,50168,50523,50878,51233,51588,51943,52298,52653,53008,53363,53718,54073,54428,54783,55138,55493,55848,56203,56558,56913,57268,57623,57978,58333,58688,59043,59398,59753,60108,60463,60818,61173,61528,61883,62238,62593,62948,-62722,-62367,-62012,-61657,-61302,-60947,-60592,-60237,-59882,-59527,-59172,-58817,-58462,-58107,-57752,-57397,-57042,-56687,-56332,-55977,-55622,-55267,-54912,-54557,-54202,-53847,-53492,-53137,-52782,-52427,-52072,-51717,-51362,-51007,-50652,-50297,-49942,-49587,-49232,-48877,-48522,-48167,-47812,-47457,-47102,-46747,-46392,-46037,-45682,-45327,-44972,-44617,-44262,-43907,-43552,-43197,-42842,-42487,-42132,-41777,-41422,-41067,-40712,-40357,-40115,-40002,-39647,-39292,-38937,-38582,-38227,-37872,-37517,-37162,-36807,-36452,-36097,-35742,-35387,-35032,-34677,-34322,-33967,-33612,-33257,-32902,-32547,-32192,-31837,-31482,-31127,-30772,-30417,-30062,-29707,-29352,-28997,-28642,-28287,-27932,-27577,-27222,-26867,-26512,-26157,-25802,-25447,-25092,-24737,-24382,-24027,-23672,-23317,-22962,-22607,-22252,-21897,-21542,-21187,-20832,-20477,-20122,-19767,-19412,-19057,-18702,-18347,-17992,-17637,-17282,-16927,-16572,-16217,-15862,-15507,-15152,-14797,-14442,-14087,-13732,-13377,-13022,-12667,-12312,-11957,-11602,-11247,-10892,-10537,-10182,-9827,-9472,-9117,-8762,-8407,-8052,-7697,-7342,-6987,-6632,-6277,-5922,-5567,-5212,-4857,-4502,-4147,-3792,-3437,-3082,-2727,-2372,-2017,-1662,-1307,-952,-597,-242,MAX=62948
114,469,824,1179,1534,1889,2244,2599,2954,3309,3664,4019,4374,4729,5084,5439,5794,6149,6504,6859,7214,7569,7924,8279,8634,8989,9344,9699,10054,10409,10764,11119,11474,11829,12184,12539,12894,13249,13604,13959,14314,14669,15024,15379,15734,16089,16444,16799,17154,17509,17864,18219,18574,18929,19284,19639,19994,20349,20704,21059,21414,21769,22124,22479,22834,23189,23544,23899,24254,24609,24964,25319,25674,26029,26384,26739,27094,27449,27804,28159,28514,28869,29224,29579,29934,30289,30644,30999,31354,31709,32064,32419,32774,33129,33484,33839,34194,34549,34904,35259,35614,35969,36324,36679,37034,37389,37744,38099,38454,38809,39164,39519,39874,40229,40584,40939,41294,41649,42004,42359,42714,43069,43424,43779,44134,44489,44844,45199,45554,45909,46264,46619,46974,47329,47684,48039,48394,48749,49104,49459,49814,50169,50524,50879,51234,51589,51944,52299,52654,53009,53364,53719,54074,54429,54784,55139,55494,55849,56204,56559,56914,57269,57624,57979,58334,58689,59044,59399,59754,60109,60464,60819,61174,61529,61884,62239,62594,62949,-62721,-62366,-62011,-61656,-61301,-60946,-60591,-60236,-59881,-59526,-59171,-58816,-58461,-58106,-57751,-57396,-57041,-56686,-56331,-55976,-55621,-55266,-54911,-54556,-54201,-53846,-53491,-53136,-52781,-52426,-52071,-51716,-51361,-51006,-50651,-50296,-49941,-49586,-49231,-48876,-48521,-48166,-47811,-47456,-47101,-46746,-46391,-46036,-45681,-45326,-44971,-44616,-44261,-43906,-43551,-43196,-42841,-42486,-42131,-41776,-41421,-41066,-40711,-40470,-40356,-40001,-39646,-39291,-38936,-38581,-38226,-37871,-37516,-37161,-36806,-36451,-36096,-35741,-35386,-35031,-34676,-34321,-33966,-33611,-33256,-32901,-32546,-32191,-31836,-31481,-31126,-30771,-30416,-30061,-29706,-29351,-28996,-28641,-28286,-27931,-27576,-27221,-26866,-26511,-26156,-25801,-25446,-25091,-24736,-24381,-24026,-23671,-23316,-22961,-22606,-22251,-21896,-21541,-21186,-20831,-20476,-20121,-19766,-19411,-19056,-18701,-18346,-17991,-17636,-17281,-16926,-16571,-16216,-15861,-15506,-15151,-14796,-14441,-14086,-13731,-13376,-13021,-12666,-12311,-11956,-11601,-11246,-10891,-10536,-10181,-9826,-9471,-9116,-8761,-8406,-8051,-7696,-7341,-6986,-6631,-6276,-5921,-5566,-5211,-4856,-4501,-4146,-3791,-3436,-3081,-2726,-2371,-2016,-1661,-1306,-951,-596,-241,MAX=62949
115,470,825,1180,1535,1890,2245,2600,2955,3310,3665,4020,4375,4730,5085,5440,5795,6150,6505,6860,7215,7570,7925,8280,8635,8990,9345,9700,10055,10410,10765,11120,11475,11830,12185,12540,12895,13250,13605,13960,14315,14670,15025,15380,15735,16090,16445,16800,17155,17510,17865,18220,18575,18930,19285,19640,19995,20350,20705,21060,21415,21770,22125,22480,22835,23190,23545,23900,24255,24610,24965,25320,25675,26030,26385,26740,27095,27450,27805,28160,28515,28870,29225,29580,29935,30290,30645,31000,31355,31710,32065,32420,32775,33130,33485,33840,34195,34550,34905,35260,35615,35970,36325,36680,37035,37390,37745,38100,38455,38810,39165,39520,39875,40230,40585,40940,41295,41650,42005,42360,42715,43070,43425,43780,44135,44490,44845,45200,45555,45910,46265,46620,46975,47330,47685,48040,48395,48750,49105,49460,49815,50170,50525,50880,51235,51590,51945,52300,52655,53010,53365,53720,54075,54430,54785,55140,55495,55850,56205,56560,56915,57270,57625,57980,58335,58690,59045,59400,59755,60110,60465,60820,61175,61530,61885,62240,62595,62950,-62720,-62365,-62010,-61655,-61300,-60945,-60590,-60235,-59880,-59525,-59170,-58815,-58460,-58105,-57750,-57395,-57040,-56685,-56330,-55975,-55620,-55265,-54910,-54555,-54200,-53845,-53490,-53135,-52780,-52425,-52070,-51715,-51360,-51005,-50650,-50295,-49940,-49585,-49230,-48875,-48520,-48165,-47810,-47455,-47100,-46745,-46390,-46035,-45680,-45325,-44970,-44615,-44260,-43905,-43550,-43195,-42840,-42485,-42130,-41775,-41420,-41065,-40825,-40710,-40355,-40000,-39645,-39290,-38935,-38580,-38225,-37870,-37515,-37160,-36805,-36450,-36095,-35740,-35385,-35030,-34675,-34320,-33965,-33610,-33255,-32900,-32545,-32190,-31835,-31480,-31125,-30770,-30415,-30060,-29705,-29350,-28995,-28640,-28285,-27930,-27575,-27220,-26865,-26510,-26155,-25800,-25445,-25090,-24735,-24380,-24025,-23670,-23315,-22960,-22605,-22250,-21895,-21540,-21185,-20830,-20475,-20120,-19765,-19410,-19055,-18700,-18345,-17990,-17635,-17280,-16925,-16570,-16215,-15860,-15505,-15150,-14795,-14440,-14085,-13730,-13375,-13020,-12665,-12310,-11955,-11600,-11245,-10890,-10535,-10180,-9825,-9470,-9115,-8760,-8405,-8050,-7695,-7340,-6985,-6630,-6275,-5920,-5565,-5210,-4855,-4500,-4145,-3790,-3435,-3080,-2725,-2370,-2015,-1660,-1305,-950,-595,-240,MAX=62950
116,471,826,1181,1536,1891,2246,2601,2956,3311,3666,4021,4376,4731,5086,5441,5796,6151,6506,6861,7216,7571,7926,8281,8636,8991,9346,9701,10056,10411,10766,11121,11476,11831,12186,12541,12896,13251,13606,13961,14316,14671,15026,15381,15736,16091,16446,16801,17156,17511,17866,18221,18576,18931,19286,19641,19996,20351,20706,21061,21416,21771,22126,22481,22836,23191,23546,23901,24256,24611,24966,25321,25676,26031,26386,26741,27096,27451,27806,28161,28516,28871,29226,29581,29936,30291,30646,31001,31356,31711,32066,32421,32776,33131,33486,33841,34196,34551,34906,35261,35616,35971,36326,36681,37036,37391,37746,38101,38456,38811,39166,39521,39876,40231,40586,40941,41296,41651,42006,42361,42716,43071,43426,43781,44136,44491,44846,45201,45556,45911,46266,46621,46976,47331,47686,48041,48396,48751,49106,49461,49816,50171,50526,50881,51236,51591,51946,52301,52656,53011,53366,53721,54076,54431,54786,55141,55496,55851,56206,56561,56916,57271,57626,57981,58336,58691,59046,59401,59756,60111,60466,60821,61176,61531,61886,62241,62596,62951,-62719,-62364,-62009,-61654,-61299,-60944,-60589,-60234,-59879,-59524,-59169,-58814,-58459,-58104,-57749,-57394,-57039,-56684,-56329,-55974,-55619,-55264,-54909,-54554,-54199,-53844,-53489,-53134,-52779,-52424,-52069,-51714,-51359,-51004,-50649,-50294,-49939,-49584,-49229,-48874,-48519,-48164,-47809,-47454,-47099,-46744,-46389,-46034,-45679,-45324,-44969,-44614,-44259,-43904,-43549,-43194,-42839,-42484,-42129,-41774,-41419,-41180,-41064,-40709,-40354,-39999,-39644,-39289,-38934,-38579,-38224,-37869,-37514,-37159,-36804,-36449,-36094,-35739,-35384,-35029,-34674,-34319,-33964,-33609,-33254,-32899,-32544,-32189,-31834,-31479,-31124,-30769,-30414,-30059,-29704,-29349,-28994,-28639,-28284,-27929,-27574,-27219,-26864,-26509,-26154,-25799,-25444,-25089,-24734,-24379,-24024,-23669,-23314,-22959,-22604,-22249,-21894,-21539,-21184,-20829,-20474,-20119,-19764,-19409,-19054,-18699,-18344,-17989,-17634,-17279,-16924,-16569,-16214,-15859,-15504,-15149,-14794,-14439,-14084,-13729,-13374,-13019,-12664,-12309,-11954,-11599,-11244,-10889,-10534,-10179,-9824,-9469,-9114,-8759,-8404,-8049,-7694,-7339,-6984,-6629,-6274,-5919,-5564,-5209,-4854,-4499,-4144,-3789,-3434,-3079,-2724,-2369,-2014,-1659,-1304,-949,-594,-239,MAX=62951
117,472,827,1182,1537,1892,2247,2602,2957,3312,3667,4022,4377,4732,5087,5442,5797,6152,6507,6862,7217,7572,7927,8282,8637,8992,9347,9702,10057,10412,10767,11122,11477,11832,12187,12542,12897,13252,13607,13962,14317,14672,15027,15382,15737,16092,16447,16802,17157,17512,17867,18222,18577,18932,19287,19642,19997,20352,20707,21062,21417,21772,22127,22482,22837,23192,23547,23902,24257,24612,24967,25322,25677,26032,26387,26742,27097,27452,27807,28162,28517,28872,29227,29582,29937,30292,30647,31002,31357,31712,32067,32422,32777,33132,33487,33842,34197,34552,34907,35262,35617,35972,36327,36682,37037,37392,37747,38102,38457,38812,39167,39522,39877,40232,40587,40942,41297,41652,42007,42362,42717,43072,43427,43782,44137,44492,44847,45202,45557,45912,46267,46622,46977,47332,47687,48042,48397,48752,49107,49462,49817,50172,50527,50882,51237,51592,51947,52302,52657,53012,53367,53722,54077,54432,54787,55142,55497,55852,56207,56562,56917,57272,57627,57982,58337,58692,59047,59402,59757,60112,60467,60822,61177,61532,61887,62242,62597,62952,-62718,-62363,-62008,-61653,-61298,-60943,-60588,-60233,-59878,-59523,-59168,-58813,-58458,-58103,-57748,-57393,-57038,-56683,-56328,-55973,-55618,-55263,-54908,-54553,-54198,-53843,-53488,-53133,-52778,-52423,-52068,-51713,-51358,-51003,-50648,-50293,-49938,-49583,-49228,-48873,-48518,-48163,-47808,-47453,-47098,-46743,-46388,-46033,-45678,-45323,-44968,-44613,-44258,-43903,-43548,-43193,-42838,-42483,-42128,-41773,-41535,-41418,-41063,-40708,-40353,-39998,-39643,-39288,-38933,-38578,-38223,-37868,-37513,-37158,-36803,-36448,-36093,-35738,-35383,-35028,-34673,-34318,-33963,-33608,-33253,-32898,-32543,-32188,-31833,-31478,-31123,-30768,-30413,-30058,-29703,-29348,-28993,-28638,-28283,-27928,-27573,-27218,-26863,-26508,-26153,-25798,-25443,-25088,-24733,-24378,-24023,-23668,-23313,-22958,-22603,-22248,-21893,-21538,-21183,-20828,-20473,-20118,-19763,-19408,-19053,-18698,-18343,-17988,-17633,-17278,-16923,-16568,-16213,-15858,-15503,-15148,-14793,-14438,-14083,-13728,-13373,-13018,-12663,-12308,-11953,-11598,-11243,-10888,-10533,-10178,-9823,-9468,-9113,-8758,-8403,-8048,-7693,-7338,-6983,-6628,-6273,-5918,-5563,-5208,-4853,-4498,-4143,-3788,-3433,-3078,-2723,-2368,-2013,-1658,-1303,-948,-593,-238,MAX=62952
118,473,828,1183,1538,1893,2248,2603,2958,3313,3668,4023,4378,4733,5088,5443,5798,6153,6508,6863,7218,7573,7928,8283,8638,8993,9348,9703,10058,10413,10768,11123,11478,11833,12188,12543,12898,13253,13608,13963,14318,14673,15028,15383,15738,16093,16448,16803,17158,17513,17868,18223,18578,18933,19288,19643,19998,20353,20708,21063,21418,21773,22128,22483,22838,23193,23548,23903,24258,24613,24968,25323,25678,26033,26388,26743,27098,27453,27808,28163,28518,28873,29228,29583,29938,30293,30648,31003,31358,31713,32068,32423,32778,33133,33488,33843,34198,34553,34908,35263,35618,35973,36328,36683,37038,37393,37748,38103,38458,38813,39168,39523,39878,40233,40588,40943,41298,41653,42008,42363,42718,43073,43428,43783,44138,44493,44848,45203,45558,45913,46268,46623,46978,47333,47688,48043,48398,48753,49108,49463,49818,50173,50528,50883,51238,51593,51948,52303,52658,53013,53368,53723,54078,54433,54788,55143,55498,55853,56208,56563,56918,57273,57628,57983,58338,58693,59048,59403,59758,60113,60468,60823,61178,61533,61888,62243,62598,62953,-62717,-62362,-62007,-61652,-61297,-60942,-60587,-60232,-59877,-59522,-59167,-58812,-58457,-58102,-57747,-57392,-57037,-56682,-56327,-55972,-55617,-55262,-54907,-54552,-54197,-53842,-53487,-53132,-52777,-52422,-52067,-51712,-51357,-51002,-50647,-50292,-49937,-49582,-49227,-48872,-48517,-48162,-47807,-47452,-47097,-46742,-46387,-46032,-45677,-45322,-44967,-44612,-44257,-43902,-43547,-43192,-42837,-42482,-42127,-41890,-41772,-41417,-41062,-40707,-40352,-39997,-39642,-39287,-38932,-38577,-38222,-37867,-37512,-37157,-36802,-36447,-36092,-35737,-35382,-35027,-34672,-34317,-33962,-33607,-33252,-32897,-32542,-32187,-31832,-31477,-31122,-30767,-30412,-30057,-29702,-29347,-28992,-28637,-28282,-27927,-27572,-27217,-26862,-26507,-26152,-25797,-25442,-25087,-24732,-24377,-24022,-23667,-23312,-22957,-22602,-22247,-21892,-21537,-21182,-20827,-20472,-20117,-19762,-19407,-19052,-18697,-18342,-17987,-17632,-17277,-16922,-16567,-16212,-15857,-15502,-15147,-14792,-14437,-14082,-13727,-13372,-13017,-12662,-12307,-11952,-11597,-11242,-10887,-10532,-10177,-9822,-9467,-9112,-8757,-8402,-8047,-7692,-7337,-6982,-6627,-6272,-5917,-5562,-5207,-4852,-4497,-4142,-3787,-3432,-3077,-2722,-2367,-2012,-1657,-1302,-947,-592,-237,MAX=62953
119,474,829,1184,1539,1894,2249,2604,2959,3314,3669,4024,4379,4734,5089,5444,5799,6154,6509,6864,7219,7574,7929,8284,8639,8994,9349,9704,10059,10414,10769,11124,11479,11834,12189,12544,12899,13254,13609,13964,14319,14674,15029,15384,15739,16094,16449,16804,17159,17514,17869,18224,18579,18934,19289,19644,19999,20354,20709,21064,21419,21774,22129,22484,22839,23194,23549,23904,24259,24614,24969,25324,25679,26034,26389,26744,27099,27454,27809,28164,28519,28874,29229,29584,29939,30294,30649,31004,31359,31714,32069,32424,32779,33134,33489,33844,34199,34554,34909,35264,35619,35974,36329,36684,37039,37394,37749,38104,38459,38814,39169,39524,39879,40234,40589,40944,41299,41654,42009,42364,42719,43074,43429,43784,44139,44494,44849,45204,45559,45914,46269,46624,46979,47334,47689,48044,48399,48754,49109,49464,49819,50174,50529,50884,51239,51594,51949,52304,52659,53014,53369,53724,54079,54434,54789,55144,55499,55854,56209,56564,56919,57274,57629,57984,58339,58694,59049,59404,59759,60114,60469,60824,61179,61534,61889,62244,62599,62954,-62716,-62361,-62006,-61651,-61296,-60941,-60586,-60231,-59876,-59521,-59166,-58811,-58456,-58101,-57746,-57391,-57036,-56681,-56326,-55971,-55616,-55261,-54906,-54551,-54196,-53841,-53486,-53131,-52776,-52421,-52066,-51711,-51356,-51001,-50646,-50291,-49936,-49581,-49226,-48871,-48516,-48161,-47806,-47451,-47096,-46741,-46386,-46031,-45676,-45321,-44966,-44611,-44256,-43901,-43546,-43191,-42836,-42481,-42245,-42126,-41771,-41416,-41061,-40706,-40351,-39996,-39641,-39286,-38931,-38576,-38221,-37866,-37511,-37156,-36801,-36446,-36091,-35736,-35381,-35026,-34671,-34316,-33961,-33606,-33251,-32896,-32541,-32186,-31831,-31476,-31121,-30766,-30411,-30056,-29701,-29346,-28991,-28636,-28281,-27926,-27571,-27216,-26861,-26506,-26151,-25796,-25441,-25086,-24731,-24376,-24021,-23666,-23311,-22956,-22601,-22246,-21891,-21536,-21181,-20826,-20471,-20116,-19761,-19406,-19051,-18696,-18341,-17986,-17631,-17276,-16921,-16566,-16211,-15856,-15501,-15146,-14791,-14436,-14081,-13726,-13371,-13016,-12661,-12306,-11951,-11596,-11241,-10886,-10531,-10176,-9821,-9466,-9111,-8756,-8401,-8046,-7691,-7336,-6981,-6626,-6271,-5916,-5561,-5206,-4851,-4496,-4141,-3786,-3431,-3076,-2721,-2366,-2011,-1656,-1301,-946,-591,-236,MAX=62954
120,475,830,1185,1540,1895,2250,2605,2960,3315,3670,4025,4380,4735,5090,5445,5800,6155,6510,6865,7220,7575,7930,8285,8640,8995,9350,9705,10060,10415,10770,11125,11480,11835,12190,12545,12900,13255,13610,13965,14320,14675,15030,15385,15740,16095,16450,16805,17160,17515,17870,18225,18580,18935,19290,19645,20000,20355,20710,21065,21420,21775,22130,22485,22840,23195,23550,23905,24260,24615,24970,25325,25680,26035,26390,26745,27100,27455,27810,28165,28520,28875,29230,29585,29940,30295,30650,31005,31360,31715,32070,32425,32780,33135,33490,33845,34200,34555,34910,35265,35620,35975,36330,36685,37040,37395,37750,38105,38460,38815,39170,39525,39880,40235,40590,40945,41300,41655,42010,42365,42720,43075,43430,43785,44140,44495,44850,45205,45560,45915,46270,46625,46980,47335,47690,48045,48400,48755,49110,49465,49820,50175,50530,50885,51240,51595,51950,52305,52660,53015,53370,53725,54080,54435,54790,55145,55500,55855,56210,56565,56920,57275,57630,57985,58340,58695,59050,59405,59760,60115,60470,60825,61180,61535,61890,62245,62600,62955,-62715,-62360,-62005,-61650,-61295,-60940,-60585,-60230,-59875,-59520,-59165,-58810,-58455,-58100,-57745,-57390,-57035,-56680,-56325,-55970,-55615,-55260,-54905,-54550,-54195,-53840,-53485,-53130,-52775,-52420,-52065,-51710,-51355,-51000,-50645,-50290,-49935,-49580,-49225,-48870,-48515,-48160,-47805,-47450,-47095,-46740,-46385,-46030,-45675,-45320,-44965,-44610,-44255,-43900,-43545,-43190,-42835,-42600,-42480,-42125,-41770,-41415,-41060,-40705,-40350,-39995,-39640,-39285,-38930,-38575,-38220,-37865,-37510,-37155,-36800,-36445,-36090,-35735,-35380,-35025,-34670,-34315,-33960,-33605,-33250,-32895,-32540,-32185,-31830,-31475,-31120,-30765,-30410,-30055,-29700,-29345,-28990,-28635,-28280,-27925,-27570,-27215,-26860,-26505,-26150,-25795,-25440,-25085,-24730,-24375,-24020,-23665,-23310,-22955,-22600,-22245,-21890,-21535,-21180,-20825,-20470,-20115,-19760,-19405,-19050,-18695,-18340,-17985,-17630,-17275,-16920,-16565,-16210,-15855,-15500,-15145,-14790,-14435,-14080,-13725,-13370,-13015,-12660,-12305,-11950,-11595,-11240,-10885,-10530,-10175,-9820,-9465,-9110,-8755,-8400,-8045,-7690,-7335,-6980,-6625,-6270,-5915,-5560,-5205,-4850,-4495,-4140,-3785,-3430,-3075,-2720,-2365,-2010,-1655,-1300,-945,-590,-235,MAX=62955
121,476,831,1186,1541,1896,2251,2606,2961,3316,3671,4026,4381,4736,5091,5446,5801,6156,6511,6866,7221,7576,7931,8286,8641,8996,9351,9706,10061,10416,10771,11126,11481,11836,12191,12546,12901,13256,13611,13966,14321,14676,15031,15386,15741,16096,16451,16806,17161,17516,17871,18226,18581,18936,19291,19646,20001,20356,20711,21066,21421,21776,22131,22486,22841,23196,23551,23906,24261,24616,24971,25326,25681,26036,26391,26746,27101,27456,27811,28166,28521,28876,29231,29586,29941,30296,30651,31006,31361,31716,32071,32426,32781,33136,33491,33846,34201,34556,34911,35266,35621,35976,36331,36686,37041,37396,37751,38106,38461,38816,39171,39526,39881,40236,40591,40946,41301,41656,42011,42366,42721,43076,43431,43786,44141,44496,44851,45206,45561,45916,46271,46626,46981,47336,47691,48046,48401,48756,49111,49466,49821,50176,50531,50886,51241,51596,51951,52306,52661,53016,53371,53726,54081,54436,54791,55146,55501,55856,56211,56566,56921,57276,57631,57986,58341,58696,59051,59406,59761,60116,60471,60826,61181,61536,61891,62246,62601,62956,-62714,-62359,-62004,-61649,-61294,-60939,-60584,-60229,-59874,-59519,-59164,-58809,-58454,-58099,-57744,-57389,-57034,-56679,-56324,-55969,-55614,-55259,-54904,-54549,-54194,-53839,-53484,-53129,-52774,-52419,-52064,-51709,-51354,-50999,-50644,-50289,-49934,-49579,-49224,-48869,-48514,-48159,-47804,-47449,-47094,-46739,-46384,-46029,-45674,-45319,-44964,-44609,-44254,-43899,-43544,-43189,-42955,-42834,-42479,-42124,-41769,-41414,-41059,-40704,-40349,-39994,-39639,-39284,-38929,-38574,-38219,-37864,-37509,-37154,-36799,-36444,-36089,-35734,-35379,-35024,-34669,-34314,-33959,-33604,-33249,-32894,-32539,-32184,-31829,-31474,-31119,-30764,-30409,-30054,-29699,-29344,-28989,-28634,-28279,-27924,-27569,-27214,-26859,-26504,-26149,-25794,-25439,-25084,-24729,-24374,-24019,-23664,-23309,-22954,-22599,-22244,-21889,-21534,-21179,-20824,-20469,-20114,-19759,-19404,-19049,-18694,-18339,-17984,-17629,-17274,-16919,-16564,-16209,-15854,-15499,-15144,-14789,-14434,-14079,-13724,-13369,-13014,-12659,-12304,-11949,-11594,-11239,-10884,-10529,-10174,-9819,-9464,-9109,-8754,-8399,-8044,-7689,-7334,-6979,-6624,-6269,-5914,-5559,-5204,-4849,-4494,-4139,-3784,-3429,-3074,-2719,-2364,-2009,-1654,-1299,-944,-589,-234,MAX=62956
122,477,832,1187,1542,1897,2252,2607,2962,3317,3672,4027,4382,4737,5092,5447,5802,6157,6512,6867,7222,7577,7932,8287,8642,8997,9352,9707,10062,10417,10772,11127,11482,11837,12192,12547,12902,13257,13612,13967,14322,14677,15032,15387,15742,16097,16452,16807,17162,17517,17872,18227,18582,18937,19292,19647,20002,20357,20712,21067,21422,21777,22132,22487,22842,23197,23552,23907,24262,24617,24972,25327,25682,26037,26392,26747,27102,27457,27812,28167,28522,28877,29232,29587,29942,30297,30652,31007,31362,31717,32072,32427,32782,33137,33492,33847,34202,34557,34912,35267,35622,35977,36332,36687,37042,37397,37752,38107,38462,38817,39172,39527,39882,40237,40592,40947,41302,41657,42012,42367,42722,43077,43432,43787,44142,44497,44852,45207,45562,45917,46272,46627,46982,47337,47692,48047,48402,48757,49112,49467,49822,50177,50532,50887,51242,51597,51952,52307,52662,53017,53372,53727,54082,54437,54792,55147,55502,55857,56212,56567,56922,57277,57632,57987,58342,58697,59052,59407,59762,60117,60472,60827,61182,61537,61892,62247,62602,62957,-62713,-62358,-62003,-61648,-61293,-60938,-60583,-60228,-59873,-59518,-59163,-58808,-58453,-58098,-57743,-57388,-57033,-56678,-56323,-55968,-55613,-55258,-54903,-54548,-54193,-53838,-53483,-53128,-52773,-52418,-52063,-51708,-51353,-50998,-50643,-50288,-49933,-49578,-49223,-48868,-48513,-48158,-47803,-47448,-47093,-46738,-46383,-46028,-45673,-45318,-44963,-44608,-44253,-43898,-43543,-43310,-43188,-42833,-42478,-42123,-41768,-41413,-41058,-40703,-40348,-39993,-39638,-39283,-38928,-38573,-38218,-37863,-37508,-37153,-36798,-36443,-36088,-35733,-35378,-35023,-34668,-34313,-33958,-33603,-33248,-32893,-32538,-32183,-31828,-31473,-31118,-30763,-30408,-30053,-29698,-29343,-28988,-28633,-28278,-27923,-27568,-27213,-26858,-26503,-26148,-25793,-25438,-25083,-24728,-24373,-24018,-23663,-23308,-22953,-22598,-22243,-21888,-21533,-21178,-20823,-20468,-20113,-19758,-19403,-19048,-18693,-18338,-17983,-17628,-17273,-16918,-16563,-16208,-15853,-15498,-15143,-14788,-14433,-14078,-13723,-13368,-13013,-12658,-12303,-11948,-11593,-11238,-10883,-10528,-10173,-9818,-9463,-9108,-8753,-8398,-8043,-7688,-7333,-6978,-6623,-6268,-5913,-5558,-5203,-4848,-4493,-4138,-3783,-3428,-3073,-2718,-2363,-2008,-1653,-1298,-943,-588,-233,MAX=62957
123,478,833,1188,1543,1898,2253,2608,2963,3318,3673,4028,4383,4738,5093,5448,5803,6158,6513,6868,7223,7578,7933,8288,8643,8998,9353,9708,10063,10418,10773,11128,11483,11838,12193,12548,12903,13258,13613,13968,14323,14678,15033,15388,15743,16098,16453,16808,17163,17518,17873,18228,18583,18938,19293,19648,20003,20358,20713,21068,21423,21778,22133,22488,22843,23198,23553,23908,24263,24618,24973,25328,25683,26038,26393,26748,27103,27458,27813,28168,28523,28878,29233,29588,29943,30298,30653,31008,31363,31718,32073,32428,32783,33138,33493,33848,34203,34558,34913,35268,35623,35978,36333,36688,37043,37398,37753,38108,38463,38818,39173,39528,39883,40238,40593,40948,41303,41658,42013,42368,42723,43078,43433,43788,44143,44498,44853,45208,45563,45918,46273,46628,46983,47338,47693,48048,48403,48758,49113,49468,49823,50178,50533,50888,51243,51598,51953,52308,52663,53018,53373,53728,54083,54438,54793,55148,55503,55858,56213,56568,56923,57278,57633,57988,58343,58698,59053,59408,59763,60118,60473,60828,61183,61538,61893,62248,62603,62958,-62712,-62357,-62002,-61647,-61292,-60937,-60582,-60227,-59872,-59517,-59162,-58807,-58452,-58097,-57742,-57387,-57032,-56677,-56322,-55967,-55612,-55257,-54902,-54547,-54192,-53837,-53482,-53127,-52772,-52417,-52062,-51707,-51352,-50997,-50642,-50287,-49932,-49577,-49222,-48867,-48512,-48157,-47802,-47447,-47092,-46737,-46382,-46027,-45672,-45317,-44962,-44607,-44252,-43897,-43665,-43542,-43187,-42832,-42477,-42122,-41767,-41412,-41057,-40702,-40347,-39992,-39637,-39282,-38927,-38572,-38217,-37862,-37507,-37152,-36797,-36442,-36087,-35732,-35377,-35022,-34667,-34312,-33957,-33602,-33247,-32892,-32537,-32182,-31827,-31472,-31117,-30762,-30407,-30052,-29697,-29342,-28987,-28632,-28277,-27922,-27567,-27212,-26857,-26502,-26147,-25792,-25437,-25082,-24727,-24372,-24017,-23662,-23307,-22952,-22597,-22242,-21887,-21532,-21177,-20822,-20467,-20112,-19757,-19402,-19047,-18692,-18337,-17982,-17627,-17272,-16917,-16562,-16207,-15852,-15497,-15142,-14787,-14432,-14077,-13722,-13367,-13012,-12657,-12302,-11947,-11592,-11237,-10882,-10527,-10172,-9817,-9462,-9107,-8752,-8397,-8042,-7687,-7332,-6977,-6622,-6267,-5912,-5557,-5202,-4847,-4492,-4137,-3782,-3427,-3072,-2717,-2362,-2007,-1652,-1297,-942,-587,-232,MAX=62958
124,479,834,1189,1544,1899,2254,2609,2964,3319,3674,4029,4384,4739,5094,5449,5804,6159,6514,6869,7224,7579,7934,8289,8644,8999,9354,9709,10064,10419,10774,11129,11484,11839,12194,12549,12904,13259,13614,13969,14324,14679,15034,15389,15744,16099,16454,16809,17164,17519,17874,18229,18584,18939,19294,19649,20004,20359,20714,21069,21424,21779,22134,22489,22844,23199,23554,23909,24264,24619,24974,25329,25684,26039,26394,26749,27104,27459,27814,28169,28524,28879,29234,29589,29944,30299,30654,31009,31364,31719,32074,32429,32784,33139,33494,33849,34204,34559,34914,35269,35624,35979,36334,36689,37044,37399,37754,38109,38464,38819,39174,39529,39884,40239,40594,40949,41304,41659,42014,42369,42724,43079,43434,43789,44144,44499,44854,45209,45564,45919,46274,46629,46984,47339,47694,48049,48404,48759,49114,49469,49824,50179,50534,50889,51244,51599,51954,52309,52664,53019,53374,53729,54084,54439,54794,55149,55504,55859,56214,56569,56924,57279,57634,57989,58344,58699,59054,59409,59764,60119,60474,60829,61184,61539,61894,62249,62604,62959,-62711,-62356,-62001,-61646,-61291,-60936,-60581,-60226,-59871,-59516,-59161,-58806,-58451,-58096,-57741,-57386,-57031,-56676,-56321,-55966,-55611,-55256,-54901,-54546,-54191,-53836,-53481,-53126,-52771,-52416,-52061,-51706,-51351,-50996,-50641,-50286,-49931,-49576,-49221,-48866,-48511,-48156,-47801,-47446,-47091,-46736,-46381,-46026,-45671,-45316,-44961,-44606,-44251,-44020,-43896,-43541,-43186,-42831,-42476,-42121,-41766,-41411,-41056,-40701,-40346,-39991,-39636,-39281,-38926,-38571,-38216,-37861,-37506,-37151,-36796,-36441,-36086,-35731,-35376,-35021,-34666,-34311,-33956,-33601,-33246,-32891,-32536,-32181,-31826,-31471,-31116,-30761,-30406,-30051,-29696,-29341,-28986,-28631,-28276,-27921,-27566,-27211,-26856,-26501,-26146,-25791,-25436,-25081,-24726,-24371,-24016,-23661,-23306,-22951,-22596,-22241,-21886,-21531,-21176,-20821,-20466,-20111,-19756,-19401,-19046,-18691,-18336,-17981,-17626,-17271,-16916,-16561,-16206,-15851,-15496,-15141,-14786,-14431,-14076,-13721,-13366,-13011,-12656,-12301,-11946,-11591,-11236,-10881,-10526,-10171,-9816,-9461,-9106,-8751,-8396,-8041,-7686,-7331,-6976,-6621,-6266,-5911,-5556,-5201,-4846,-4491,-4136,-3781,-3426,-3071,-2716,-2361,-2006,-1651,-1296,-941,-586,-231,MAX=62959
125,480,835,1190,1545,1900,2255,2610,2965,3320,3675,4030,4385,4740,5095,5450,5805,6160,6515,6870,7225,7580,7935,8290,8645,9000,9355,9710,10065,10420,10775,11130,11485,11840,12195,12550,12905,13260,13615,13970,14325,14680,15035,15390,15745,16100,16455,16810,17165,17520,17875,18230,18585,18940,19295,19650,20005,20360,20715,21070,21425,21780,22135,22490,22845,23200,23555,23910,24265,24620,24975,25330,25685,26040,26395,26750,27105,27460,27815,28170,28525,28880,29235,29590,29945,30300,30655,31010,31365,31720,32075,32430,32785,33140,33495,33850,34205,34560,34915,35270,35625,35980,36335,36690,37045,37400,37755,38110,38465,38820,39175,39530,39885,40240,40595,40950,41305,41660,42015,42370,42725,43080,43435,43790,44145,44500,44855,45210,45565,45920,46275,46630,46985,47340,47695,48050,48405,48760,49115,49470,49825,50180,50535,50890,51245,51600,51955,52310,52665,53020,53375,53730,54085,54440,54795,55150,55505,55860,56215,56570,56925,57280,57635,57990,58345,58700,59055,59410,59765,60120,60475,60830,61185,61540,61895,62250,62605,62960,-62710,-62355,-62000,-61645,-61290,-60935,-60580,-60225,-59870,-59515,-59160,-58805,-58450,-58095,-57740,-57385,-57030,-56675,-56320,-55965,-55610,-55255,-54900,-54545,-54190,-53835,-53480,-53125,-52770,-52415,-52060,-51705,-51350,-50995,-50640,-50285,-49930,-49575,-49220,-48865,-48510,-48155,-47800,-47445,-47090,-46735,-46380,-46025,-45670,-45315,-44960,-44605,-44375,-44250,-43895,-43540,-43185,-42830,-42475,-42120,-41765,-41410,-41055,-40700,-40345,-39990,-39635,-39280,-38925,-38570,-38215,-37860,-37505,-37150,-36795,-36440,-36085,-35730,-35375,-35020,-34665,-34310,-33955,-33600,-33245,-32890,-32535,-32180,-31825,-31470,-31115,-30760,-30405,-30050,-29695,-29340,-28985,-28630,-28275,-27920,-27565,-27210,-26855,-26500,-26145,-25790,-25435,-25080,-24725,-24370,-24015,-23660,-23305,-22950,-22595,-22240,-21885,-21530,-21175,-20820,-20465,-20110,-19755,-19400,-19045,-18690,-18335,-17980,-17625,-17270,-16915,-16560,-16205,-15850,-15495,-15140,-14785,-14430,-14075,-13720,-13365,-13010,-12655,-12300,-11945,-11590,-11235,-10880,-10525,-10170,-9815,-9460,-9105,-8750,-8395,-8040,-7685,-7330,-6975,-6620,-6265,-5910,-5555,-5200,-4845,-4490,-4135,-3780,-3425,-3070,-2715,-2360,-2005,-1650,-1295,-940,-585,-230,MAX=62960
126,481,836,1191,1546,1901,2256,2611,2966,3321,3676,4031,4386,4741,5096,5451,5806,6161,6516,6871,7226,7581,7936,8291,8646,9001,9356,9711,10066,10421,10776,11131,11486,11841,12196,12551,12906,13261,13616,13971,14326,14681,15036,15391,15746,16101,16456,16811,17166,17521,17876,18231,18586,18941,19296,19651,20006,20361,20716,21071,21426,21781,22136,22491,22846,23201,23556,23911,24266,24621,24976,25331,25686,26041,26396,26751,27106,27461,27816,28171,28526,28881,29236,29591,29946,30301,30656,31011,31366,31721,32076,32431,32786,33141,33496,33851,34206,34561,34916,35271,35626,35981,36336,36691,37046,37401,37756,38111,38466,38821,39176,39531,39886,40241,40596,40951,41306,41661,42016,42371,42726,43081,43436,43791,44146,44501,44856,45211,45566,45921,46276,46631,46986,47341,47696,48051,48406,48761,49116,49471,49826,50181,50536,50891,51246,51601,51956,52311,52666,53021,53376,53731,54086,54441,54796,55151,55506,55861,56216,56571,56926,57281,57636,57991,58346,58701,59056,59411,59766,60121,60476,60831,61186,61541,61896,62251,62606,62961,-62709,-62354,-61999,-61644,-61289,-60934,-60579,-60224,-59869,-59514,-59159,-58804,-58449,-58094,-57739,-57384,-57029,-56674,-56319,-55964,-55609,-55254,-54899,-54544,-54189,-53834,-53479,-53124,-52769,-52414,-52059,-51704,-51349,-50994,-50639,-50284,-49929,-49574,-49219,-48864,-48509,-48154,-47799,-47444,-47089,-46734,-46379,-46024,-45669,-45314,-44959,-44730,-44604,-44249,-43894,-43539,-43184,-42829,-42474,-42119,-41764,-41409,-41054,-40699,-40344,-39989,-39634,-39279,-38924,-38569,-38214,-37859,-37504,-37149,-36794,-36439,-36084,-35729,-35374,-35019,-34664,-34309,-33954,-33599,-33244,-32889,-32534,-32179,-31824,-31469,-31114,-30759,-30404,-30049,-29694,-29339,-28984,-28629,-28274,-27919,-27564,-27209,-26854,-26499,-26144,-25789,-25434,-25079,-24724,-24369,-24014,-23659,-23304,-22949,-22594,-22239,-21884,-21529,-21174,-20819,-20464,-20109,-19754,-19399,-19044,-18689,-18334,-17979,-17624,-17269,-16914,-16559,-16204,-15849,-15494,-15139,-14784,-14429,-14074,-13719,-13364,-13009,-12654,-12299,-11944,-11589,-11234,-10879,-10524,-10169,-9814,-9459,-9104,-8749,-8394,-8039,-7684,-7329,-6974,-6619,-6264,-5909,-5554,-5199,-4844,-4489,-4134,-3779,-3424,-3069,-2714,-2359,-2004,-1649,-1294,-939,-584,-229,MAX=62961
127,482,837,1192,1547,1902,2257,2612,2967,3322,3677,4032,4387,4742,5097,5452,5807,6162,6517,6872,7227,7582,7937,8292,8647,9002,9357,9712,10067,10422,10777,11132,11487,11842,12197,12552,12907,13262,13617,13972,14327,14682,15037,15392,15747,16102,16457,16812,17167,17522,17877,18232,18587,18942,19297,19652,20007,20362,20717,21072,21427,21782,22137,22492,22847,23202,23557,23912,24267,24622,24977,25332,25687,26042,26397,26752,27107,27462,27817,28172,28527,28882,29237,29592,29947,30302,30657,31012,31367,31722,32077,32432,32787,33142,33497,33852,34207,34562,34917,35272,35627,35982,36337,36692,37047,37402,37757,38112,38467,38822,39177,39532,39887,40242,40597,40952,41307,41662,42017,42372,42727,43082,43437,43792,44147,44502,44857,45212,45567,45922,46277,46632,46987,47342,47697,48052,48407,48762,49117,49472,49827,50182,50537,50892,51247,51602,51957,52312,52667,53022,53377,53732,54087,54442,54797,55152,55507,55862,56217,56572,56927,57282,57637,57992,58347,58702,59057,59412,59767,60122,60477,60832,61187,61542,61897,62252,62607,62962,-62708,-62353,-61998,-61643,-61288,-60933,-60578,-60223,-59868,-59513,-59158,-58803,-58448,-58093,-57738,-57383,-57028,-56673,-56318,-55963,-55608,-55253,-54898,-54543,-54188,-53833,-53478,-53123,-52768,-52413,-52058,-51703,-51348,-50993,-50638,-50283,-49928,-49573,-49218,-48863,-48508,-48153,-47798,-47443,-47088,-46733,-46378,-46023,-45668,-45313,-45085,-44958,-44603,-44248,-43893,-43538,-43183,-42828,-42473,-42118,-41763,-41408,-41053,-40698,-40343,-39988,-39633,-39278,-38923,-38568,-38213,-37858,-37503,-37148,-36793,-36438,-36083,-35728,-35373,-35018,-34663,-34308,-33953,-33598,-33243,-32888,-32533,-32178,-31823,-31468,-31113,-30758,-30403,-30048,-29693,-29338,-28983,-28628,-28273,-27918,-27563,-27208,-26853,-26498,-26143,-25788,-25433,-25078,-24723,-24368,-24013,-23658,-23303,-22948,-22593,-22238,-21883,-21528,-21173,-20818,-20463,-20108,-19753,-19398,-19043,-18688,-18333,-17978,-17623,-17268,-16913,-16558,-16203,-15848,-15493,-15138,-14783,-14428,-14073,-13718,-13363,-13008,-12653,-12298,-11943,-11588,-11233,-10878,-10523,-10168,-9813,-9458,-9103,-8748,-8393,-8038,-7683,-7328,-6973,-6618,-6263,-5908,-5553,-5198,-4843,-4488,-4133,-3778,-3423,-3068,-2713,-2358,-2003,-1648,-1293,-938,-583,-228,MAX=62962
128,483,838,1193,1548,1903,2258,2613,2968,3323,3678,4033,4388,4743,5098,5453,5808,6163,6518,6873,7228,7583,7938,8293,8648,9003,9358,9713,10068,10423,10778,11133,11488,11843,12198,12553,12908,13263,13618,13973,14328,14683,15038,15393,15748,16103,16458,16813,17168,17523,17878,18233,18588,18943,19298,19653,20008,20363,20718,21073,21428,21783,22138,22493,22848,23203,23558,23913,24268,24623,24978,25333,25688,26043,26398,26753,27108,27463,27818,28173,28528,28883,29238,29593,29948,30303,30658,31013,31368,31723,32078,32433,32788,33143,33498,33853,34208,34563,34918,35273,35628,35983,36338,36693,37048,37403,37758,38113,38468,38823,39178,39533,39888,40243,40598,40953,41308,41663,42018,42373,42728,43083,43438,43793,44148,44503,44858,45213,45568,45923,46278,46633,46988,47343,47698,48053,48408,48763,49118,49473,49828,50183,50538,50893,51248,51603,51958,52313,52668,53023,53378,53733,54088,54443,54798,55153,55508,55863,56218,56573,56928,57283,57638,57993,58348,58703,59058,59413,59768,60123,60478,60833,61188,61543,61898,62253,62608,62963,-62707,-62352,-61997,-61642,-61287,-60932,-60577,-60222,-59867,-59512,-59157,-58802,-58447,-58092,-57737,-57382,-57027,-56672,-56317,-55962,-55607,-55252,-54897,-54542,-54187,-53832,-53477,-53122,-52767,-52412,-52057,-51702,-51347,-50992,-50637,-50282,-49927,-49572,-49217,-48862,-48507,-48152,-47797,-47442,-47087,-46732,-46377,-46022,-45667,-45440,-45312,-44957,-44602,-44247,-43892,-43537,-43182,-42827,-42472,-42117,-41762,-41407,-41052,-40697,-40342,-39987,-39632,-39277,-38922,-38567,-38212,-37857,-37502,-37147,-36792,-36437,-36082,-35727,-35372,-35017,-34662,-34307,-33952,-33597,-33242,-32887,-32532,-32177,-31822,-31467,-31112,-30757,-30402,-30047,-29692,-29337,-28982,-28627,-28272,-27917,-27562,-27207,-26852,-26497,-26142,-25787,-25432,-25077,-24722,-24367,-24012,-23657,-23302,-22947,-22592,-22237,-21882,-21527,-21172,-20817,-20462,-20107,-19752,-19397,-19042,-18687,-18332,-17977,-17622,-17267,-16912,-16557,-16202,-15847,-15492,-15137,-14782,-14427,-14072,-13717,-13362,-13007,-12652,-12297,-11942,-11587,-11232,-10877,-10522,-10167,-9812,-9457,-9102,-8747,-8392,-8037,-7682,-7327,-6972,-6617,-6262,-5907,-5552,-5197,-4842,-4487,-4132,-3777,-3422,-3067,-2712,-2357,-2002,-1647,-1292,-937,-582,-227,MAX=62963
129,484,839,1194,1549,1904,2259,2614,2969,3324,3679,4034,4389,4744,5099,5454,5809,6164,6519,6874,7229,7584,7939,8294,8649,9004,9359,9714,10069,10424,10779,11134,11489,11844,12199,12554,12909,13264,13619,13974,14329,14684,15039,15394,15749,16104,16459,16814,17169,17524,17879,18234,18589,18944,19299,19654,20009,20364,20719,21074,21429,21784,22139,22494,22849,23204,23559,23914,24269,24624,24979,25334,25689,26044,26399,26754,27109,27464,27819,28174,28529,28884,29239,29594,29949,30304,30659,31014,31369,31724,32079,32434,32789,33144,33499,33854,34209,34564,34919,35274,35629,35984,36339,36694,37049,37404,37759,38114,38469,38824,39179,39534,39889,40244,40599,40954,41309,41664,42019,42374,42729,43084,43439,43794,44149,44504,44859,45214,45569,45924,46279,46634,46989,47344,47699,48054,48409,48764,49119,49474,49829,50184,50539,50894,51249,51604,51959,52314,52669,53024,53379,53734,54089,54444,54799,55154,55509,55864,56219,56574,56929,57284,57639,57994,58349,58704,59059,59414,59769,60124,60479,60834,61189,61544,61899,62254,62609,62964,-62706,-62351,-61996,-61641,-61286,-60931,-60576,-60221,-59866,-59511,-59156,-58801,-58446,-58091,-57736,-57381,-57026,-56671,-56316,-55961,-55606,-55251,-54896,-54541,-54186,-53831,-53476,-53121,-52766,-52411,-52056,-51701,-51346,-50991,-50636,-50281,-49926,-49571,-49216,-48861,-48506,-48151,-47796,-47441,-47086,-46731,-46376,-46021,-45795,-45666,-45311,-44956,-44601,-44246,-43891,-43536,-43181,-42826,-42471,-42116,-41761,-41406,-41051,-40696,-40341,-39986,-39631,-39276,-38921,-38566,-38211,-37856,-37501,-37146,-36791,-36436,-36081,-35726,-35371,-35016,-34661,-34306,-33951,-33596,-33241,-32886,-32531,-32176,-31821,-31466,-31111,-30756,-30401,-30046,-29691,-29336,-28981,-28626,-28271,-27916,-27561,-27206,-26851,-26496,-26141,-25786,-25431,-25076,-24721,-24366,-24011,-23656,-23301,-22946,-22591,-22236,-21881,-21526,-21171,-20816,-20461,-20106,-19751,-19396,-19041,-18686,-18331,-17976,-17621,-17266,-16911,-16556,-16201,-15846,-15491,-15136,-14781,-14426,-14071,-13716,-13361,-13006,-12651,-12296,-11941,-11586,-11231,-10876,-10521,-10166,-9811,-9456,-9101,-8746,-8391,-8036,-7681,-7326,-6971,-6616,-6261,-5906,-5551,-5196,-4841,-4486,-4131,-3776,-3421,-3066,-2711,-2356,-2001,-1646,-1291,-936,-581,-226,MAX=62964
130,485,840,1195,1550,1905,2260,2615,2970,3325,3680,4035,4390,4745,5100,5455,5810,6165,6520,6875,7230,7585,7940,8295,8650,9005,9360,9715,10070,10425,10780,11135,11490,11845,12200,12555,12910,13265,13620,13975,14330,14685,15040,15395,15750,16105,16460,16815,17170,17525,17880,18235,18590,18945,19300,19655,20010,20365,20720,21075,21430,21785,22140,22495,22850,23205,23560,23915,24270,24625,24980,25335,25690,26045,26400,26755,27110,27465,27820,28175,28530,28885,29240,29595,29950,30305,30660,31015,31370,31725,32080,32435,32790,33145,33500,33855,34210,34565,34920,35275,35630,35985,36340,36695,37050,37405,37760,38115,38470,38825,39180,39535,39890,40245,40600,40955,41310,41665,42020,42375,42730,43085,43440,43795,44150,44505,44860,45215,45570,45925,46280,46635,46990,47345,47700,48055,48410,48765,49120,49475,49830,50185,50540,50895,51250,51605,51960,52315,52670,53025,53380,53735,54090,54445,54800,55155,55510,55865,56220,56575,56930,57285,57640,57995,58350,58705,59060,59415,59770,60125,60480,60835,61190,61545,61900,62255,62610,62965,-62705,-62350,-61995,-61640,-61285,-60930,-60575,-60220,-59865,-59510,-59155,-58800,-58445,-58090,-57735,-57380,-57025,-56670,-56315,-55960,-55605,-55250,-54895,-54540,-54185,-53830,-53475,-53120,-52765,-52410,-52055,-51700,-51345,-50990,-50635,-50280,-49925,-49570,-49215,-48860,-48505,-48150,-47795,-47440,-47085,-46730,-46375,-46150,-46020,-45665,-45310,-44955,-44600,-44245,-43890,-43535,-43180,-42825,-42470,-42115,-41760,-41405,-41050,-40695,-40340,-39985,-39630,-39275,-38920,-38565,-38210,-37855,-37500,-37145,-36790,-36435,-36080,-35725,-35370,-35015,-34660,-34305,-33950,-33595,-33240,-32885,-32530,-32175,-31820,-31465,-31110,-30755,-30400,-30045,-29690,-29335,-28980,-28625,-28270,-27915,-27560,-27205,-26850,-26495,-26140,-25785,-25430,-25075,-24720,-24365,-24010,-23655,-23300,-22945,-22590,-22235,-21880,-21525,-21170,-20815,-20460,-20105,-19750,-19395,-19040,-18685,-18330,-17975,-17620,-17265,-16910,-16555,-16200,-15845,-15490,-15135,-14780,-14425,-14070,-13715,-13360,-13005,-12650,-12295,-11940,-11585,-11230,-10875,-10520,-10165,-9810,-9455,-9100,-8745,-8390,-8035,-7680,-7325,-6970,-6615,-6260,-5905,-5550,-5195,-4840,-4485,-4130,-3775,-3420,-3065,-2710,-2355,-2000,-1645,-1290,-935,-580,-225,MAX=62965
131,486,841,1196,1551,1906,2261,2616,2971,3326,3681,4036,4391,4746,5101,5456,5811,6166,6521,6876,7231,7586,7941,8296,8651,9006,9361,9716,10071,10426,10781,11136,11491,11846,12201,12556,12911,13266,13621,13976,14331,14686,15041,15396,15751,16106,16461,16816,17171,17526,17881,18236,18591,18946,19301,19656,20011,20366,20721,21076,21431,21786,22141,22496,22851,23206,23561,23916,24271,24626,24981,25336,25691,26046,26401,26756,27111,27466,27821,28176,28531,28886,29241,29596,29951,30306,30661,31016,31371,31726,32081,32436,32791,33146,33501,33856,34211,34566,34921,35276,35631,35986,36341,36696,37051,37406,37761,38116,38471,38826,39181,39536,39891,40246,40601,40956,41311,41666,42021,42376,42731,43086,43441,43796,44151,44506,44861,45216,45571,45926,46281,46636,46991,47346,47701,48056,48411,48766,49121,49476,49831,50186,50541,50896,51251,51606,51961,52316,52671,53026,53381,53736,54091,54446,54801,55156,55511,55866,56221,56576,56931,57286,57641,57996,58351,58706,59061,59416,59771,60126,60481,60836,61191,61546,61901,62256,62611,62966,-62704,-62349,-61994,-61639,-61284,-60929,-60574,-60219,-59864,-59509,-59154,-58799,-58444,-58089,-57734,-57379,-57024,-56669,-56314,-55959,-55604,-55249,-54894,-54539,-54184,-53829,-53474,-53119,-52764,-52409,-52054,-51699,-51344,-50989,-50634,-50279,-49924,-49569,-49214,-48859,-48504,-48149,-47794,-47439,-47084,-46729,-46505,-46374,-46019,-45664,-45309,-44954,-44599,-44244,-43889,-43534,-43179,-42824,-42469,-42114,-41759,-41404,-41049,-40694,-40339,-39984,-39629,-39274,-38919,-38564,-38209,-37854,-37499,-37144,-36789,-36434,-36079,-35724,-35369,-35014,-34659,-34304,-33949,-33594,-33239,-32884,-32529,-32174,-31819,-31464,-31109,-30754,-30399,-30044,-29689,-29334,-28979,-28624,-28269,-27914,-27559,-27204,-26849,-26494,-26139,-25784,-25429,-25074,-24719,-24364,-24009,-23654,-23299,-22944,-22589,-22234,-21879,-21524,-21169,-20814,-20459,-20104,-19749,-19394,-19039,-18684,-18329,-17974,-17619,-17264,-16909,-16554,-16199,-15844,-15489,-15134,-14779,-14424,-14069,-13714,-13359,-13004,-12649,-12294,-11939,-11584,-11229,-10874,-10519,-10164,-9809,-9454,-9099,-8744,-8389,-8034,-7679,-7324,-6969,-6614,-6259,-5904,-5549,-5194,-4839,-4484,-4129,-3774,-3419,-3064,-2709,-2354,-1999,-1644,-1289,-934,-579,-224,MAX=62966
132,487,842,1197,1552,1907,2262,2617,2972,3327,3682,4037,4392,4747,5102,5457,5812,6167,6522,6877,7232,7587,7942,8297,8652,9007,9362,9717,10072,10427,10782,11137,11492,11847,12202,12557,12912,13267,13622,13977,14332,14687,15042,15397,15752,16107,16462,16817,17172,17527,17882,18237,18592,18947,19302,19657,20012,20367,20722,21077,21432,21787,22142,22497,22852,23207,23562,23917,24272,24627,24982,25337,25692,26047,26402,26757,27112,27467,27822,28177,28532,28887,29242,29597,29952,30307,30662,31017,31372,31727,32082,32437,32792,33147,33502,33857,34212,34567,34922,35277,35632,35987,36342,36697,37052,37407,37762,38117,38472,38827,39182,39537,39892,40247,40602,40957,41312,41667,42022,42377,42732,43087,43442,43797,44152,44507,44862,45217,45572,45927,46282,46637,46992,47347,47702,48057,48412,48767,49122,49477,49832,50187,50542,50897,51252,51607,51962,52317,52672,53027,53382,53737,54092,54447,54802,55157,55512,55867,56222,56577,56932,57287,57642,57997,58352,58707,59062,59417,59772,60127,60482,60837,61192,61547,61902,62257,62612,62967,-62703,-62348,-61993,-61638,-61283,-60928,-60573,-60218,-59863,-59508,-59153,-58798,-58443,-58088,-57733,-57378,-57023,-56668,-56313,-55958,-55603,-55248,-54893,-54538,-54183,-53828,-53473,-53118,-52763,-52408,-52053,-51698,-51343,-50988,-50633,-50278,-49923,-49568,-49213,-48858,-48503,-48148,-47793,-47438,-47083,-46860,-46728,-46373,-46018,-45663,-45308,-44953,-44598,-44243,-43888,-43533,-43178,-42823,-42468,-42113,-41758,-41403,-41048,-40693,-40338,-39983,-39628,-39273,-38918,-38563,-38208,-37853,-37498,-37143,-36788,-36433,-36078,-35723,-35368,-35013,-34658,-34303,-33948,-33593,-33238,-32883,-32528,-32173,-31818,-31463,-31108,-30753,-30398,-30043,-29688,-29333,-28978,-28623,-28268,-27913,-27558,-27203,-26848,-26493,-26138,-25783,-25428,-25073,-24718,-24363,-24008,-23653,-23298,-22943,-22588,-22233,-21878,-21523,-21168,-20813,-20458,-20103,-19748,-19393,-19038,-18683,-18328,-17973,-17618,-17263,-16908,-16553,-16198,-15843,-15488,-15133,-14778,-14423,-14068,-13713,-13358,-13003,-12648,-12293,-11938,-11583,-11228,-10873,-10518,-10163,-9808,-9453,-9098,-8743,-8388,-8033,-7678,-7323,-6968,-6613,-6258,-5903,-5548,-5193,-4838,-4483,-4128,-3773,-3418,-3063,-2708,-2353,-1998,-1643,-1288,-933,-578,-223,MAX=62967
133,488,843,1198,1553,1908,2263,2618,2973,3328,3683,4038,4393,4748,5103,5458,5813,6168,6523,6878,7233,7588,7943,8298,8653,9008,9363,9718,10073,10428,10783,11138,11493,11848,12203,12558,12913,13268,13623,13978,14333,14688,15043,15398,15753,16108,16463,16818,17173,17528,17883,18238,18593,18948,19303,19658,20013,20368,20723,21078,21433,21788,22143,22498,22853,23208,23563,23918,24273,24628,24983,25338,25693,26048,26403,26758,27113,27468,27823,28178,28533,28888,29243,29598,29953,30308,30663,31018,31373,31728,32083,32438,32793,33148,33503,33858,34213,34568,34923,35278,35633,35988,36343,36698,37053,37408,37763,38118,38473,38828,39183,39538,39893,40248,40603,40958,41313,41668,42023,42378,42733,43088,43443,43798,44153,44508,44863,45218,45573,45928,46283,46638,46993,47348,47703,48058,48413,48768,49123,49478,49833,50188,50543,50898,51253,51608,51963,52318,52673,53028,53383,53738,54093,54448,54803,55158,55513,55868,56223,56578,56933,57288,57643,57998,58353,58708,59063,59418,59773,60128,60483,60838,61193,61548,61903,62258,62613,62968,-62702,-62347,-61992,-61637,-61282,-60927,-60572,-60217,-59862,-59507,-59152,-58797,-58442,-58087,-57732,-57377,-57022,-56667,-56312,-55957,-55602,-55247,-54892,-54537,-54182,-53827,-53472,-53117,-52762,-52407,-52052,-51697,-51342,-50987,-50632,-50277,-49922,-49567,-49212,-48857,-48502,-48147,-47792,-47437,-47215,-47082,-46727,-46372,-46017,-45662,-45307,-44952,-44597,-44242,-43887,-43532,-43177,-42822,-42467,-42112,-41757,-41402,-41047,-40692,-40337,-39982,-39627,-39272,-38917,-38562,-38207,-37852,-37497,-37142,-36787,-36432,-36077,-35722,-35367,-35012,-34657,-34302,-33947,-33592,-33237,-32882,-32527,-32172,-31817,-31462,-31107,-30752,-30397,-30042,-29687,-29332,-28977,-28622,-28267,-27912,-27557,-27202,-26847,-26492,-26137,-25782,-25427,-25072,-24717,-24362,-24007,-23652,-23297,-22942,-22587,-22232,-21877,-21522,-21167,-20812,-20457,-20102,-19747,-19392,-19037,-18682,-18327,-17972,-17617,-17262,-16907,-16552,-16197,-15842,-15487,-15132,-14777,-14422,-14067,-13712,-13357,-13002,-12647,-12292,-11937,-11582,-11227,-10872,-10517,-10162,-9807,-9452,-9097,-8742,-8387,-8032,-7677,-7322,-6967,-6612,-6257,-5902,-5547,-5192,-4837,-4482,-4127,-3772,-3417,-3062,-2707,-2352,-1997,-1642,-1287,-932,-577,-222,MAX=62968
134,489,844,1199,1554,1909,2264,2619,2974,3329,3684,4039,4394,4749,5104,5459,5814,6169,6524,6879,7234,7589,7944,8299,8654,9009,9364,9719,10074,10429,10784,11139,11494,11849,12204,12559,12914,13269,13624,13979,14334,14689,15044,15399,15754,16109,16464,16819,17174,17529,17884,18239,18594,18949,19304,19659,20014,20369,20724,21079,21434,21789,22144,22499,22854,23209,23564,23919,24274,24629,24984,25339,25694,26049,26404,26759,27114,27469,27824,28179,28534,28889,29244,29599,29954,30309,30664,31019,31374,31729,32084,32439,32794,33149,33504,33859,34214,34569,34924,35279,35634,35989,36344,36699,37054,37409,37764,38119,38474,38829,39184,39539,39894,40249,40604,40959,41314,41669,42024,42379,42734,43089,43444,43799,44154,44509,44864,45219,45574,45929,46284,46639,46994,47349,47704,48059,48414,48769,49124,49479,49834,50189,50544,50899,51254,51609,51964,52319,52674,53029,53384,53739,54094,54449,54804,55159,55514,55869,56224,56579,56934,57289,57644,57999,58354,58709,59064,59419,59774,60129,60484,60839,61194,61549,61904,62259,62614,62969,-62701,-62346,-61991,-61636,-61281,-60926,-60571,-60216,-59861,-59506,-59151,-58796,-58441,-58086,-57731,-57376,-57021,-56666,-56311,-55956,-55601,-55246,-54891,-54536,-54181,-53826,-53471,-53116,-52761,-52406,-52051,-51696,-51341,-50986,-50631,-50276,-49921,-49566,-49211,-48856,-48501,-48146,-47791,-47570,-47436,-47081,-46726,-46371,-46016,-45661,-45306,-44951,-44596,-44241,-43886,-43531,-43176,-42821,-42466,-42111,-41756,-41401,-41046,-40691,-40336,-39981,-39626,-39271,-38916,-38561,-38206,-37851,-37496,-37141,-36786,-36431,-36076,-35721,-35366,-35011,-34656,-34301,-33946,-33591,-33236,-32881,-32526,-32171,-31816,-31461,-31106,-30751,-30396,-30041,-29686,-29331,-28976,-28621,-28266,-27911,-27556,-27201,-26846,-26491,-26136,-25781,-25426,-25071,-24716,-24361,-24006,-23651,-23296,-22941,-22586,-22231,-21876,-21521,-21166,-20811,-20456,-20101,-19746,-19391,-19036,-18681,-18326,-17971,-17616,-17261,-16906,-16551,-16196,-15841,-15486,-15131,-14776,-14421,-14066,-13711,-13356,-13001,-12646,-12291,-11936,-11581,-11226,-10871,-10516,-10161,-9806,-9451,-9096,-8741,-8386,-8031,-7676,-7321,-6966,-6611,-6256,-5901,-5546,-5191,-4836,-4481,-4126,-3771,-3416,-3061,-2706,-2351,-1996,-1641,-1286,-931,-576,-221,MAX=62969
135,490,845,1200,1555,1910,2265,2620,2975,3330,3685,4040,4395,4750,5105,5460,5815,6170,6525,6880,7235,7590,7945,8300,8655,9010,9365,9720,10075,10430,10785,11140,11495,11850,12205,12560,12915,13270,13625,13980,14335,14690,15045,15400,15755,16110,16465,16820,17175,17530,17885,18240,18595,18950,19305,19660,20015,20370,20725,21080,21435,21790,22145,22500,22855,23210,23565,23920,24275,24630,24985,25340,25695,26050,26405,26760,27115,27470,27825,28180,28535,28890,29245,29600,29955,30310,30665,31020,31375,31730,32085,32440,32795,33150,33505,33860,34215,34570,34925,35280,35635,35990,36345,36700,37055,37410,37765,38120,38475,38830,39185,39540,39895,40250,40605,40960,41315,41670,42025,42380,42735,43090,43445,43800,44155,44510,44865,45220,45575,45930,46285,46640,46995,47350,47705,48060,48415,48770,49125,49480,49835,50190,50545,50900,51255,51610,51965,52320,52675,53030,53385,53740,54095,54450,54805,55160,55515,55870,56225,56580,56935,57290,57645,58000,58355,58710,59065,59420,59775,60130,60485,60840,61195,61550,61905,62260,62615,62970,-62700,-62345,-61990,-61635,-61280,-60925,-60570,-60215,-59860,-59505,-59150,-58795,-58440,-58085,-57730,-57375,-57020,-56665,-56310,-55955,-55600,-55245,-54890,-54535,-54180,-53825,-53470,-53115,-52760,-52405,-52050,-51695,-51340,-50985,-50630,-50275,-49920,-49565,-49210,-48855,-48500,-48145,-47925,-47790,-47435,-47080,-46725,-46370,-46015,-45660,-45305,-44950,-44595,-44240,-43885,-43530,-43175,-42820,-42465,-42110,-41755,-41400,-41045,-40690,-40335,-39980,-39625,-39270,-38915,-38560,-38205,-37850,-37495,-37140,-36785,-36430,-36075,-35720,-35365,-35010,-34655,-34300,-33945,-33590,-33235,-32880,-32525,-32170,-31815,-31460,-31105,-30750,-30395,-30040,-29685,-29330,-28975,-28620,-28265,-27910,-27555,-27200,-26845,-26490,-26135,-25780,-25425,-25070,-24715,-24360,-24005,-23650,-23295,-22940,-22585,-22230,-21875,-21520,-21165,-20810,-20455,-20100,-19745,-19390,-19035,-18680,-18325,-17970,-17615,-17260,-16905,-16550,-16195,-15840,-15485,-15130,-14775,-14420,-14065,-13710,-13355,-13000,-12645,-12290,-11935,-11580,-11225,-10870,-10515,-10160,-9805,-9450,-9095,-8740,-8385,-8030,-7675,-7320,-6965,-6610,-6255,-5900,-5545,-5190,-4835,-4480,-4125,-3770,-3415,-3060,-2705,-2350,-1995,-1640,-1285,-930,-575,-220,MAX=62970
136,491,846,1201,1556,1911,2266,2621,2976,3331,3686,4041,4396,4751,5106,5461,5816,6171,6526,6881,7236,7591,7946,8301,8656,9011,9366,9721,10076,10431,10786,11141,11496,11851,12206,12561,12916,13271,13626,13981,14336,14691,15046,15401,15756,16111,16466,16821,17176,17531,17886,18241,18596,18951,19306,19661,20016,20371,20726,21081,21436,21791,22146,22501,22856,23211,23566,23921,24276,24631,24986,25341,25696,26051,26406,26761,27116,27471,27826,28181,28536,28891,29246,29601,29956,30311,30666,31021,31376,31731,32086,32441,32796,33151,33506,33861,34216,34571,34926,35281,35636,35991,36346,36701,37056,37411,37766,38121,38476,38831,39186,39541,39896,40251,40606,40961,41316,41671,42026,42381,42736,43091,43446,43801,44156,44511,44866,45221,45576,45931,46286,46641,46996,47351,47706,48061,48416,48771,49126,49481,49836,50191,50546,50901,51256,51611,51966,52321,52676,53031,53386,53741,54096,54451,54806,55161,55516,55871,56226,56581,56936,57291,57646,58001,58356,58711,59066,59421,59776,60131,60486,60841,61196,61551,61906,62261,62616,62971,-62699,-62344,-61989,-61634,-61279,-60924,-60569,-60214,-59859,-59504,-59149,-58794,-58439,-58084,-57729,-57374,-57019,-56664,-56309,-55954,-55599,-55244,-54889,-54534,-54179,-53824,-53469,-53114,-52759,-52404,-52049,-51694,-51339,-50984,-50629,-50274,-49919,-49564,-49209,-48854,-48499,-48280,-48144,-47789,-47434,-47079,-46724,-46369,-46014,-45659,-45304,-44949,-44594,-44239,-43884,-43529,-43174,-42819,-42464,-42109,-41754,-41399,-41044,-40689,-40334,-39979,-39624,-39269,-38914,-38559,-38204,-37849,-37494,-37139,-36784,-36429,-36074,-35719,-35364,-35009,-34654,-34299,-33944,-33589,-33234,-32879,-32524,-32169,-31814,-31459,-31104,-30749,-30394,-30039,-29684,-29329,-28974,-28619,-28264,-27909,-27554,-27199,-26844,-26489,-26134,-25779,-25424,-25069,-24714,-24359,-24004,-23649,-23294,-22939,-22584,-22229,-21874,-21519,-21164,-20809,-20454,-20099,-19744,-19389,-19034,-18679,-18324,-17969,-17614,-17259,-16904,-16549,-16194,-15839,-15484,-15129,-14774,-14419,-14064,-13709,-13354,-12999,-12644,-12289,-11934,-11579,-11224,-10869,-10514,-10159,-9804,-9449,-9094,-8739,-8384,-8029,-7674,-7319,-6964,-6609,-6254,-5899,-5544,-5189,-4834,-4479,-4124,-3769,-3414,-3059,-2704,-2349,-1994,-1639,-1284,-929,-574,-219,MAX=62971
137,492,847,1202,1557,1912,2267,2622,2977,3332,3687,4042,4397,4752,5107,5462,5817,6172,6527,6882,7237,7592,7947,8302,8657,9012,9367,9722,10077,10432,10787,11142,11497,11852,12207,12562,12917,13272,13627,13982,14337,14692,15047,15402,15757,16112,16467,16822,17177,17532,17887,18242,18597,18952,19307,19662,20017,20372,20727,21082,21437,21792,22147,22502,22857,23212,23567,23922,24277,24632,24987,25342,25697,26052,26407,26762,27117,27472,27827,28182,28537,28892,29247,29602,29957,30312,30667,31022,31377,31732,32087,32442,32797,33152,33507,33862,34217,34572,34927,35282,35637,35992,36347,36702,37057,37412,37767,38122,38477,38832,39187,39542,39897,40252,40607,40962,41317,41672,42027,42382,42737,43092,43447,43802,44157,44512,44867,45222,45577,45932,46287,46642,46997,47352,47707,48062,48417,48772,49127,49482,49837,50192,50547,50902,51257,51612,51967,52322,52677,53032,53387,53742,54097,54452,54807,55162,55517,55872,56227,56582,56937,57292,57647,58002,58357,58712,59067,59422,59777,60132,60487,60842,61197,61552,61907,62262,62617,62972,-62698,-62343,-61988,-61633,-61278,-60923,-60568,-60213,-59858,-59503,-59148,-58793,-58438,-58083,-57728,-57373,-57018,-56663,-56308,-55953,-55598,-55243,-54888,-54533,-54178,-53823,-53468,-53113,-52758,-52403,-52048,-51693,-51338,-50983,-50628,-50273,-49918,-49563,-49208,-48853,-48635,-48498,-48143,-47788,-47433,-47078,-46723,-46368,-46013,-45658,-45303,-44948,-44593,-44238,-43883,-43528,-43173,-42818,-42463,-42108,-41753,-41398,-41043,-40688,-40333,-39978,-39623,-39268,-38913,-38558,-38203,-37848,-37493,-37138,-36783,-36428,-36073,-35718,-35363,-35008,-34653,-34298,-33943,-33588,-33233,-32878,-32523,-32168,-31813,-31458,-31103,-30748,-30393,-30038,-29683,-29328,-28973,-28618,-28263,-27908,-27553,-27198,-26843,-26488,-26133,-25778,-25423,-25068,-24713,-24358,-24003,-23648,-23293,-22938,-22583,-22228,-21873,-21518,-21163,-20808,-20453,-20098,-19743,-19388,-19033,-18678,-18323,-17968,-17613,-17258,-16903,-16548,-16193,-15838,-15483,-15128,-14773,-14418,-14063,-13708,-13353,-12998,-12643,-12288,-11933,-11578,-11223,-10868,-10513,-10158,-9803,-9448,-9093,-8738,-8383,-8028,-7673,-7318,-6963,-6608,-6253,-5898,-5543,-5188,-4833,-4478,-4123,-3768,-3413,-3058,-2703,-2348,-1993,-1638,-1283,-928,-573,-218,MAX=62972
138,493,848,1203,1558,1913,2268,2623,2978,3333,3688,4043,4398,4753,5108,5463,5818,6173,6528,6883,7238,7593,7948,8303,8658,9013,9368,9723,10078,10433,10788,11143,11498,11853,12208,12563,12918,13273,13628,13983,14338,14693,15048,15403,15758,16113,16468,16823,17178,17533,17888,18243,18598,18953,19308,19663,20018,20373,20728,21083,21438,21793,22148,22503,22858,23213,23568,23923,24278,24633,24988,25343,25698,26053,26408,26763,27118,27473,27828,28183,28538,28893,29248,29603,29958,30313,30668,31023,31378,31733,32088,32443,32798,33153,33508,33863,34218,34573,34928,35283,35638,35993,36348,36703,37058,37413,37768,38123,38478,38833,39188,39543,39898,40253,40608,40963,41318,41673,42028,42383,42738,43093,43448,43803,44158,44513,44868,45223,45578,45933,46288,46643,46998,47353,47708,48063,48418,48773,49128,49483,49838,50193,50548,50903,51258,51613,51968,52323,52678,53033,53388,53743,54098,54453,54808,55163,55518,55873,56228,56583,56938,57293,57648,58003,58358,58713,59068,59423,59778,60133,60488,60843,61198,61553,61908,62263,62618,62973,-62697,-62342,-61987,-61632,-61277,-60922,-60567,-60212,-59857,-59502,-59147,-58792,-58437,-58082,-57727,-57372,-57017,-56662,-56307,-55952,-55597,-55242,-54887,-54532,-54177,-53822,-53467,-53112,-52757,-52402,-52047,-51692,-51337,-50982,-50627,-50272,-49917,-49562,-49207,-48990,-48852,-48497,-48142,-47787,-47432,-47077,-46722,-46367,-46012,-45657,-45302,-44947,-44592,-44237,-43882,-43527,-43172,-42817,-42462,-42107,-41752,-41397,-41042,-40687,-40332,-39977,-39622,-39267,-38912,-38557,-38202,-37847,-37492,-37137,-36782,-36427,-36072,-35717,-35362,-35007,-34652,-34297,-33942,-33587,-33232,-32877,-32522,-32167,-31812,-31457,-31102,-30747,-30392,-30037,-29682,-29327,-28972,-28617,-28262,-27907,-27552,-27197,-26842,-26487,-26132,-25777,-25422,-25067,-24712,-24357,-24002,-23647,-23292,-22937,-22582,-22227,-21872,-21517,-21162,-20807,-20452,-20097,-19742,-19387,-19032,-18677,-18322,-17967,-17612,-17257,-16902,-16547,-16192,-15837,-15482,-15127,-14772,-14417,-14062,-13707,-13352,-12997,-12642,-12287,-11932,-11577,-11222,-10867,-10512,-10157,-9802,-9447,-9092,-8737,-8382,-8027,-7672,-7317,-6962,-6607,-6252,-5897,-5542,-5187,-4832,-4477,-4122,-3767,-3412,-3057,-2702,-2347,-1992,-1637,-1282,-927,-572,-217,MAX=62973
139,494,849,1204,1559,1914,2269,2624,2979,3334,3689,4044,4399,4754,5109,5464,5819,6174,6529,6884,7239,7594,7949,8304,8659,9014,9369,9724,10079,10434,10789,11144,11499,11854,12209,12564,12919,13274,13629,13984,14339,14694,15049,15404,15759,16114,16469,16824,17179,17534,17889,18244,18599,18954,19309,19664,20019,20374,20729,21084,21439,21794,22149,22504,22859,23214,23569,23924,24279,24634,24989,25344,25699,26054,26409,26764,27119,27474,27829,28184,28539,28894,29249,29604,29959,30314,30669,31024,31379,31734,32089,32444,32799,33154,33509,33864,34219,34574,34929,35284,35639,35994,36349,36704,37059,37414,37769,38124,38479,38834,39189,39544,39899,40254,40609,40964,41319,41674,42029,42384,42739,43094,43449,43804,44159,44514,44869,45224,45579,45934,46289,46644,46999,47354,47709,48064,48419,48774,49129,49484,49839,50194,50549,50904,51259,51614,51969,52324,52679,53034,53389,53744,54099,54454,54809,55164,55519,55874,56229,56584,56939,57294,57649,58004,58359,58714,59069,59424,59779,60134,60489,60844,61199,61554,61909,62264,62619,62974,-62696,-62341,-61986,-61631,-61276,-60921,-60566,-60211,-59856,-59501,-59146,-58791,-58436,-58081,-57726,-57371,-57016,-56661,-56306,-55951,-55596,-55241,-54886,-54531,-54176,-53821,-53466,-53111,-52756,-52401,-52046,-51691,-51336,-50981,-50626,-50271,-49916,-49561,-49345,-49206,-48851,-48496,-48141,-47786,-47431,-47076,-46721,-46366,-46011,-45656,-45301,-44946,-44591,-44236,-43881,-43526,-43171,-42816,-42461,-42106,-41751,-41396,-41041,-40686,-40331,-39976,-39621,-39266,-38911,-38556,-38201,-37846,-37491,-37136,-36781,-36426,-36071,-35716,-35361,-35006,-34651,-34296,-33941,-33586,-33231,-32876,-32521,-32166,-31811,-31456,-31101,-30746,-30391,-30036,-29681,-29326,-28971,-28616,-28261,-27906,-27551,-27196,-26841,-26486,-26131,-25776,-25421,-25066,-24711,-24356,-24001,-23646,-23291,-22936,-22581,-22226,-21871,-21516,-21161,-20806,-20451,-20096,-19741,-19386,-19031,-18676,-18321,-17966,-17611,-17256,-16901,-16546,-16191,-15836,-15481,-15126,-14771,-14416,-14061,-13706,-13351,-12996,-12641,-12286,-11931,-11576,-11221,-10866,-10511,-10156,-9801,-9446,-9091,-8736,-8381,-8026,-7671,-7316,-6961,-6606,-6251,-5896,-5541,-5186,-4831,-4476,-4121,-3766,-3411,-3056,-2701,-2346,-1991,-1636,-1281,-926,-571,-216,MAX=62974
140,495,850,1205,1560,1915,2270,2625,2980,3335,3690,4045,4400,4755,5110,5465,5820,6175,6530,6885,7240,7595,7950,8305,8660,9015,9370,9725,10080,10435,10790,11145,11500,11855,12210,12565,12920,13275,13630,13985,14340,14695,15050,15405,15760,16115,16470,16825,17180,17535,17890,18245,18600,18955,19310,19665,20020,20375,20730,21085,21440,21795,22150,22505,22860,23215,23570,23925,24280,24635,24990,25345,25700,26055,26410,26765,27120,27475,27830,28185,28540,28895,29250,29605,29960,30315,30670,31025,31380,31735,32090,32445,32800,33155,33510,33865,34220,34575,34930,35285,35640,35995,36350,36705,37060,37415,37770,38125,38480,38835,39190,39545,39900,40255,40610,40965,41320,41675,42030,42385,42740,43095,43450,43805,44160,44515,44870,45225,45580,45935,46290,46645,47000,47355,47710,48065,48420,48775,49130,49485,49840,50195,50550,50905,51260,51615,51970,52325,52680,53035,53390,53745,54100,54455,54810,55165,55520,55875,56230,56585,56940,57295,57650,58005,58360,58715,59070,59425,59780,60135,60490,60845,61200,61555,61910,62265,62620,62975,-62695,-62340,-61985,-61630,-61275,-60920,-60565,-60210,-59855,-59500,-59145,-58790,-58435,-58080,-57725,-57370,-57015,-56660,-56305,-55950,-55595,-55240,-54885,-54530,-54175,-53820,-53465,-53110,-52755,-52400,-52045,-51690,-51335,-50980,-50625,-50270,-49915,-49700,-49560,-49205,-48850,-48495,-48140,-47785,-47430,-47075,-46720,-46365,-46010,-45655,-45300,-44945,-44590,-44235,-43880,-43525,-43170,-42815,-42460,-42105,-41750,-41395,-41040,-40685,-40330,-39975,-39620,-39265,-38910,-38555,-38200,-37845,-37490,-37135,-36780,-36425,-36070,-35715,-35360,-35005,-34650,-34295,-33940,-33585,-33230,-32875,-32520,-32165,-31810,-31455,-31100,-30745,-30390,-30035,-29680,-29325,-28970,-28615,-28260,-27905,-27550,-27195,-26840,-26485,-26130,-25775,-25420,-25065,-24710,-24355,-24000,-23645,-23290,-22935,-22580,-22225,-21870,-21515,-21160,-20805,-20450,-20095,-19740,-19385,-19030,-18675,-18320,-17965,-17610,-17255,-16900,-16545,-16190,-15835,-15480,-15125,-14770,-14415,-14060,-13705,-13350,-12995,-12640,-12285,-11930,-11575,-11220,-10865,-10510,-10155,-9800,-9445,-9090,-8735,-8380,-8025,-7670,-7315,-6960,-6605,-6250,-5895,-5540,-5185,-4830,-4475,-4120,-3765,-3410,-3055,-2700,-2345,-1990,-1635,-1280,-925,-570,-215,MAX=62975
141,496,851,1206,1561,1916,2271,2626,2981,3336,3691,4046,4401,4756,5111,5466,5821,6176,6531,6886,7241,7596,7951,8306,8661,9016,9371,9726,10081,10436,10791,11146,11501,11856,12211,12566,12921,13276,13631,13986,14341,14696,15051,15406,15761,16116,16471,16826,17181,17536,17891,18246,18601,18956,19311,19666,20021,20376,20731,21086,21441,21796,22151,22506,22861,23216,23571,23926,24281,24636,24991,25346,25701,26056,26411,26766,27121,27476,27831,28186,28541,28896,29251,29606,29961,30316,30671,31026,31381,31736,32091,32446,32801,33156,33511,33866,34221,34576,34931,35286,35641,35996,36351,36706,37061,37416,37771,38126,38481,38836,39191,39546,39901,40256,40611,40966,41321,41676,42031,42386,42741,43096,43451,43806,44161,44516,44871,45226,45581,45936,46291,46646,47001,47356,47711,48066,48421,48776,49131,49486,49841,50196,50551,50906,51261,51616,51971,52326,52681,53036,53391,53746,54101,54456,54811,55166,55521,55876,56231,56586,56941,57296,57651,58006,58361,58716,59071,59426,59781,60136,60491,60846,61201,61556,61911,62266,62621,62976,-62694,-62339,-61984,-61629,-61274,-60919,-60564,-60209,-59854,-59499,-59144,-58789,-58434,-58079,-57724,-57369,-57014,-56659,-56304,-55949,-55594,-55239,-54884,-54529,-54174,-53819,-53464,-53109,-52754,-52399,-52044,-51689,-51334,-50979,-50624,-50269,-50055,-49914,-49559,-49204,-48849,-48494,-48139,-47784,-47429,-47074,-46719,-46364,-46009,-45654,-45299,-44944,-44589,-44234,-43879,-43524,-43169,-42814,-42459,-42104,-41749,-41394,-41039,-40684,-40329,-39974,-39619,-39264,-38909,-38554,-38199,-37844,-37489,-37134,-36779,-36424,-36069,-35714,-35359,-35004,-34649,-34294,-33939,-33584,-33229,-32874,-32519,-32164,-31809,-31454,-31099,-30744,-30389,-30034,-29679,-29324,-28969,-28614,-28259,-27904,-27549,-27194,-26839,-26484,-26129,-25774,-25419,-25064,-24709,-24354,-23999,-23644,-23289,-22934,-22579,-22224,-21869,-21514,-21159,-20804,-20449,-20094,-19739,-19384,-19029,-18674,-18319,-17964,-17609,-17254,-16899,-16544,-16189,-15834,-15479,-15124,-14769,-14414,-14059,-13704,-13349,-12994,-12639,-12284,-11929,-11574,-11219,-10864,-10509,-10154,-9799,-9444,-9089,-8734,-8379,-8024,-7669,-7314,-6959,-6604,-6249,-5894,-5539,-5184,-4829,-4474,-4119,-3764,-3409,-3054,-2699,-2344,-1989,-1634,-1279,-924,-569,-214,MAX=62976
142,497,852,1207,1562,1917,2272,2627,2982,3337,3692,4047,4402,4757,5112,5467,5822,6177,6532,6887,7242,7597,7952,8307,8662,9017,9372,9727,10082,10437,10792,11147,11502,11857,12212,12567,12922,13277,13632,13987,14342,14697,15052,15407,15762,16117,16472,16827,17182,17537,17892,18247,18602,18957,19312,19667,20022,20377,20732,21087,21442,21797,22152,22507,22862,23217,23572,23927,24282,24637,24992,25347,25702,26057,26412,26767,27122,27477,27832,28187,28542,28897,29252,29607,29962,30317,30672,31027,31382,31737,32092,32447,32802,33157,33512,33867,34222,34577,34932,35287,35642,35997,36352,36707,37062,37417,37772,38127,38482,38837,39192,39547,39902,40257,40612,40967,41322,41677,42032,42387,42742,43097,43452,43807,44162,44517,44872,45227,45582,45937,46292,46647,47002,47357,47712,48067,48422,48777,49132,49487,49842,50197,50552,50907,51262,51617,51972,52327,52682,53037,53392,53747,54102,54457,54812,55167,55522,55877,56232,56587,56942,57297,57652,58007,58362,58717,59072,59427,59782,60137,60492,60847,61202,61557,61912,62267,62622,62977,-62693,-62338,-61983,-61628,-61273,-60918,-60563,-60208,-59853,-59498,-59143,-58788,-58433,-58078,-57723,-57368,-57013,-56658,-56303,-55948,-55593,-55238,-54883,-54528,-54173,-53818,-53463,-53108,-52753,-52398,-52043,-51688,-51333,-50978,-50623,-50410,-50268,-49913,-49558,-49203,-48848,-48493,-48138,-47783,-47428,-47073,-46718,-46363,-46008,-45653,-45298,-44943,-44588,-44233,-43878,-43523,-43168,-42813,-42458,-42103,-41748,-41393,-41038,-40683,-40328,-39973,-39618,-39263,-38908,-38553,-38198,-37843,-37488,-37133,-36778,-36423,-36068,-35713,-35358,-35003,-34648,-34293,-33938,-33583,-33228,-32873,-32518,-32163,-31808,-31453,-31098,-30743,-30388,-30033,-29678,-29323,-28968,-28613,-28258,-27903,-27548,-27193,-26838,-26483,-26128,-25773,-25418,-25063,-24708,-24353,-23998,-23643,-23288,-22933,-22578,-22223,-21868,-21513,-21158,-20803,-20448,-20093,-19738,-19383,-19028,-18673,-18318,-17963,-17608,-17253,-16898,-16543,-16188,-15833,-15478,-15123,-14768,-14413,-14058,-13703,-13348,-12993,-12638,-12283,-11928,-11573,-11218,-10863,-10508,-10153,-9798,-9443,-9088,-8733,-8378,-8023,-7668,-7313,-6958,-6603,-6248,-5893,-5538,-5183,-4828,-4473,-4118,-3763,-3408,-3053,-2698,-2343,-1988,-1633,-1278,-923,-568,-213,MAX=62977
143,498,853,1208,1563,1918,2273,2628,2983,3338,3693,4048,4403,4758,5113,5468,5823,6178,6533,6888,7243,7598,7953,8308,8663,9018,9373,9728,10083,10438,10793,11148,11503,11858,12213,12568,12923,13278,13633,13988,14343,14698,15053,15408,15763,16118,16473,16828,17183,17538,17893,18248,18603,18958,19313,19668,20023,20378,20733,21088,21443,21798,22153,22508,22863,23218,23573,23928,24283,24638,24993,25348,25703,26058,26413,26768,27123,27478,27833,28188,28543,28898,29253,29608,29963,30318,30673,31028,31383,31738,32093,32448,32803,33158,33513,33868,34223,34578,34933,35288,35643,35998,36353,36708,37063,37418,37773,38128,38483,38838,39193,39548,39903,40258,40613,40968,41323,41678,42033,42388,42743,43098,43453,43808,44163,44518,44873,45228,45583,45938,46293,46648,47003,47358,47713,48068,48423,48778,49133,49488,49843,50198,50553,50908,51263,51618,51973,52328,52683,53038,53393,53748,54103,54458,54813,55168,55523,55878,56233,56588,56943,57298,57653,58008,58363,58718,59073,59428,59783,60138,60493,60848,61203,61558,61913,62268,62623,62978,-62692,-62337,-61982,-61627,-61272,-60917,-60562,-60207,-59852,-59497,-59142,-58787,-58432,-58077,-57722,-57367,-57012,-56657,-56302,-55947,-55592,-55237,-54882,-54527,-54172,-53817,-53462,-53107,-52752,-52397,-52042,-51687,-51332,-50977,-50765,-50622,-50267,-49912,-49557,-49202,-48847,-48492,-48137,-47782,-47427,-47072,-46717,-46362,-46007,-45652,-45297,-44942,-44587,-44232,-43877,-43522,-43167,-42812,-42457,-42102,-41747,-41392,-41037,-40682,-40327,-39972,-39617,-39262,-38907,-38552,-38197,-37842,-37487,-37132,-36777,-36422,-36067,-35712,-35357,-35002,-34647,-34292,-33937,-33582,-33227,-32872,-32517,-32162,-31807,-31452,-31097,-30742,-30387,-30032,-29677,-29322,-28967,-28612,-28257,-27902,-27547,-27192,-26837,-26482,-26127,-25772,-25417,-25062,-24707,-24352,-23997,-23642,-23287,-22932,-22577,-22222,-21867,-21512,-21157,-20802,-20447,-20092,-19737,-19382,-19027,-18672,-18317,-17962,-17607,-17252,-16897,-16542,-16187,-15832,-15477,-15122,-14767,-14412,-14057,-13702,-13347,-12992,-12637,-12282,-11927,-11572,-11217,-10862,-10507,-10152,-9797,-9442,-9087,-8732,-8377,-8022,-7667,-7312,-6957,-6602,-6247,-5892,-5537,-5182,-4827,-4472,-4117,-3762,-3407,-3052,-2697,-2342,-1987,-1632,-1277,-922,-567,-212,MAX=62978
144,499,854,1209,1564,1919,2274,2629,2984,3339,3694,4049,4404,4759,5114,5469,5824,6179,6534,6889,7244,7599,7954,8309,8664,9019,9374,9729,10084,10439,10794,11149,11504,11859,12214,12569,12924,13279,13634,13989,14344,14699,15054,15409,15764,16119,16474,16829,17184,17539,17894,18249,18604,18959,19314,19669,20024,20379,20734,21089,21444,21799,22154,22509,22864,23219,23574,23929,24284,24639,24994,25349,25704,26059,26414,26769,27124,27479,27834,28189,28544,28899,29254,29609,29964,30319,30674,31029,31384,31739,32094,32449,32804,33159,33514,33869,34224,34579,34934,35289,35644,35999,36354,36709,37064,37419,37774,38129,38484,38839,39194,39549,39904,40259,40614,40969,41324,41679,42034,42389,42744,43099,43454,43809,44164,44519,44874,45229,45584,45939,46294,46649,47004,47359,47714,48069,48424,48779,49134,49489,49844,50199,50554,50909,51264,51619,51974,52329,52684,53039,53394,53749,54104,54459,54814,55169,55524,55879,56234,56589,56944,57299,57654,58009,58364,58719,59074,59429,59784,60139,60494,60849,61204,61559,61914,62269,62624,62979,-62691,-62336,-61981,-61626,-61271,-60916,-60561,-60206,-59851,-59496,-59141,-58786,-58431,-58076,-57721,-57366,-57011,-56656,-56301,-55946,-55591,-55236,-54881,-54526,-54171,-53816,-53461,-53106,-52751,-52396,-52041,-51686,-51331,-51120,-50976,-50621,-50266,-49911,-49556,-49201,-48846,-48491,-48136,-47781,-47426,-47071,-46716,-46361,-46006,-45651,-45296,-44941,-44586,-44231,-43876,-43521,-43166,-42811,-42456,-42101,-41746,-41391,-41036,-40681,-40326,-39971,-39616,-39261,-38906,-38551,-38196,-37841,-37486,-37131,-36776,-36421,-36066,-35711,-35356,-35001,-34646,-34291,-33936,-33581,-33226,-32871,-32516,-32161,-31806,-31451,-31096,-30741,-30386,-30031,-29676,-29321,-28966,-28611,-28256,-27901,-27546,-27191,-26836,-26481,-26126,-25771,-25416,-25061,-24706,-24351,-23996,-23641,-23286,-22931,-22576,-22221,-21866,-21511,-21156,-20801,-20446,-20091,-19736,-19381,-19026,-18671,-18316,-17961,-17606,-17251,-16896,-16541,-16186,-15831,-15476,-15121,-14766,-14411,-14056,-13701,-13346,-12991,-12636,-12281,-11926,-11571,-11216,-10861,-10506,-10151,-9796,-9441,-9086,-8731,-8376,-8021,-7666,-7311,-6956,-6601,-6246,-5891,-5536,-5181,-4826,-4471,-4116,-3761,-3406,-3051,-2696,-2341,-1986,-1631,-1276,-921,-566,-211,MAX=62979
145,500,855,1210,1565,1920,2275,2630,2985,3340,3695,4050,4405,4760,5115,5470,5825,6180,6535,6890,7245,7600,7955,8310,8665,9020,9375,9730,10085,10440,10795,11150,11505,11860,12215,12570,12925,13280,13635,13990,14345,14700,15055,15410,15765,16120,16475,16830,17185,17540,17895,18250,18605,18960,19315,19670,20025,20380,20735,21090,21445,21800,22155,22510,22865,23220,23575,23930,24285,24640,24995,25350,25705,26060,26415,26770,27125,27480,27835,28190,28545,28900,29255,29610,29965,30320,30675,31030,31385,31740,32095,32450,32805,33160,33515,33870,34225,34580,34935,35290,35645,36000,36355,36710,37065,37420,37775,38130,38485,38840,39195,39550,39905,40260,40615,40970,41325,41680,42035,42390,42745,43100,43455,43810,44165,44520,44875,45230,45585,45940,46295,46650,47005,47360,47715,48070,48425,48780,49135,49490,49845,50200,50555,50910,51265,51620,51975,52330,52685,53040,53395,53750,54105,54460,54815,55170,55525,55880,56235,56590,56945,57300,57655,58010,58365,58720,59075,59430,59785,60140,60495,60850,61205,61560,61915,62270,62625,62980,-62690,-62335,-61980,-61625,-61270,-60915,-60560,-60205,-59850,-59495,-59140,-58785,-58430,-58075,-57720,-57365,-57010,-56655,-56300,-55945,-55590,-55235,-54880,-54525,-54170,-53815,-53460,-53105,-52750,-52395,-52040,-51685,-51475,-51330,-50975,-50620,-50265,-49910,-49555,-49200,-48845,-48490,-48135,-47780,-47425,-47070,-46715,-46360,-46005,-45650,-45295,-44940,-44585,-44230,-43875,-43520,-43165,-42810,-42455,-42100,-41745,-41390,-41035,-40680,-40325,-39970,-39615,-39260,-38905,-38550,-38195,-37840,-37485,-37130,-36775,-36420,-36065,-35710,-35355,-35000,-34645,-34290,-33935,-33580,-33225,-32870,-32515,-32160,-31805,-31450,-31095,-30740,-30385,-30030,-29675,-29320,-28965,-28610,-28255,-27900,-27545,-27190,-26835,-26480,-26125,-25770,-25415,-25060,-24705,-24350,-23995,-23640,-23285,-22930,-22575,-22220,-21865,-21510,-21155,-20800,-20445,-20090,-19735,-19380,-19025,-18670,-18315,-17960,-17605,-17250,-16895,-16540,-16185,-15830,-15475,-15120,-14765,-14410,-14055,-13700,-13345,-12990,-12635,-12280,-11925,-11570,-11215,-10860,-10505,-10150,-9795,-9440,-9085,-8730,-8375,-8020,-7665,-7310,-6955,-6600,-6245,-5890,-5535,-5180,-4825,-4470,-4115,-3760,-3405,-3050,-2695,-2340,-1985,-1630,-1275,-920,-565,-210,MAX=62980
146,501,856,1211,1566,1921,2276,2631,2986,3341,3696,4051,4406,4761,5116,5471,5826,6181,6536,6891,7246,7601,7956,8311,8666,9021,9376,9731,10086,10441,10796,11151,11506,11861,12216,12571,12926,13281,13636,13991,14346,14701,15056,15411,15766,16121,16476,16831,17186,17541,17896,18251,18606,18961,19316,19671,20026,20381,20736,21091,21446,21801,22156,22511,22866,23221,23576,23931,24286,24641,24996,25351,25706,26061,26416,26771,27126,27481,27836,28191,28546,28901,29256,29611,29966,30321,30676,31031,31386,31741,32096,32451,32806,33161,33516,33871,34226,34581,34936,35291,35646,36001,36356,36711,37066,37421,37776,38131,38486,38841,39196,39551,39906,40261,40616,40971,41326,41681,42036,42391,42746,43101,43456,43811,44166,44521,44876,45231,45586,45941,46296,46651,47006,47361,47716,48071,48426,48781,49136,49491,49846,50201,50556,50911,51266,51621,51976,52331,52686,53041,53396,53751,54106,54461,54816,55171,55526,55881,56236,56591,56946,57301,57656,58011,58366,58721,59076,59431,59786,60141,60496,60851,61206,61561,61916,62271,62626,62981,-62689,-62334,-61979,-61624,-61269,-60914,-60559,-60204,-59849,-59494,-59139,-58784,-58429,-58074,-57719,-57364,-57009,-56654,-56299,-55944,-55589,-55234,-54879,-54524,-54169,-53814,-53459,-53104,-52749,-52394,-52039,-51830,-51684,-51329,-50974,-50619,-50264,-49909,-49554,-49199,-48844,-48489,-48134,-47779,-47424,-47069,-46714,-46359,-46004,-45649,-45294,-44939,-44584,-44229,-43874,-43519,-43164,-42809,-42454,-42099,-41744,-41389,-41034,-40679,-40324,-39969,-39614,-39259,-38904,-38549,-38194,-37839,-37484,-37129,-36774,-36419,-36064,-35709,-35354,-34999,-34644,-34289,-33934,-33579,-33224,-32869,-32514,-32159,-31804,-31449,-31094,-30739,-30384,-30029,-29674,-29319,-28964,-28609,-28254,-27899,-27544,-27189,-26834,-26479,-26124,-25769,-25414,-25059,-24704,-24349,-23994,-23639,-23284,-22929,-22574,-22219,-21864,-21509,-21154,-20799,-20444,-20089,-19734,-19379,-19024,-18669,-18314,-17959,-17604,-17249,-16894,-16539,-16184,-15829,-15474,-15119,-14764,-14409,-14054,-13699,-13344,-12989,-12634,-12279,-11924,-11569,-11214,-10859,-10504,-10149,-9794,-9439,-9084,-8729,-8374,-8019,-7664,-7309,-6954,-6599,-6244,-5889,-5534,-5179,-4824,-4469,-4114,-3759,-3404,-3049,-2694,-2339,-1984,-1629,-1274,-919,-564,-209,MAX=62981
147,502,857,1212,1567,1922,2277,2632,2987,3342,3697,4052,4407,4762,5117,5472,5827,6182,6537,6892,7247,7602,7957,8312,8667,9022,9377,9732,10087,10442,10797,11152,11507,11862,12217,12572,12927,13282,13637,13992,14347,14702,15057,15412,15767,16122,16477,16832,17187,17542,17897,18252,18607,18962,19317,19672,20027,20382,20737,21092,21447,21802,22157,22512,22867,23222,23577,23932,24287,24642,24997,25352,25707,26062,26417,26772,27127,27482,27837,28192,28547,28902,29257,29612,29967,30322,30677,31032,31387,31742,32097,32452,32807,33162,33517,33872,34227,34582,34937,35292,35647,36002,36357,36712,37067,37422,37777,38132,38487,38842,39197,39552,39907,40262,40617,40972,41327,41682,42037,42392,42747,43102,43457,43812,44167,44522,44877,45232,45587,45942,46297,46652,47007,47362,47717,48072,48427,48782,49137,49492,49847,50202,50557,50912,51267,51622,51977,52332,52687,53042,53397,53752,54107,54462,54817,55172,55527,55882,56237,56592,56947,57302,57657,58012,58367,58722,59077,59432,59787,60142,60497,60852,61207,61562,61917,62272,62627,62982,-62688,-62333,-61978,-61623,-61268,-60913,-60558,-60203,-59848,-59493,-59138,-58783,-58428,-58073,-57718,-57363,-57008,-56653,-56298,-55943,-55588,-55233,-54878,-54523,-54168,-53813,-53458,-53103,-52748,-52393,-52185,-52038,-51683,-51328,-50973,-50618,-50263,-49908,-49553,-49198,-48843,-48488,-48133,-47778,-47423,-47068,-46713,-46358,-46003,-45648,-45293,-44938,-44583,-44228,-43873,-43518,-43163,-42808,-42453,-42098,-41743,-41388,-41033,-40678,-40323,-39968,-39613,-39258,-38903,-38548,-38193,-37838,-37483,-37128,-36773,-36418,-36063,-35708,-35353,-34998,-34643,-34288,-33933,-33578,-33223,-32868,-32513,-32158,-31803,-31448,-31093,-30738,-30383,-30028,-29673,-29318,-28963,-28608,-28253,-27898,-27543,-27188,-26833,-26478,-26123,-25768,-25413,-25058,-24703,-24348,-23993,-23638,-23283,-22928,-22573,-22218,-21863,-21508,-21153,-20798,-20443,-20088,-19733,-19378,-19023,-18668,-18313,-17958,-17603,-17248,-16893,-16538,-16183,-15828,-15473,-15118,-14763,-14408,-14053,-13698,-13343,-12988,-12633,-12278,-11923,-11568,-11213,-10858,-10503,-10148,-9793,-9438,-9083,-8728,-8373,-8018,-7663,-7308,-6953,-6598,-6243,-5888,-5533,-5178,-4823,-4468,-4113,-3758,-3403,-3048,-2693,-2338,-1983,-1628,-1273,-918,-563,-208,MAX=62982
148,503,858,1213,1568,1923,2278,2633,2988,3343,3698,4053,4408,4763,5118,5473,5828,6183,6538,6893,7248,7603,7958,8313,8668,9023,9378,9733,10088,10443,10798,11153,11508,11863,12218,12573,12928,13283,13638,13993,14348,14703,15058,15413,15768,16123,16478,16833,17188,17543,17898,18253,18608,18963,19318,19673,20028,20383,20738,21093,21448,21803,22158,22513,22868,23223,23578,23933,24288,24643,24998,25353,25708,26063,26418,26773,27128,27483,27838,28193,28548,28903,29258,29613,29968,30323,30678,31033,31388,31743,32098,32453,32808,33163,33518,33873,34228,34583,34938,35293,35648,36003,36358,36713,37068,37423,37778,38133,38488,38843,39198,39553,39908,40263,40618,40973,41328,41683,42038,42393,42748,43103,43458,43813,44168,44523,44878,45233,45588,45943,46298,46653,47008,47363,47718,48073,48428,48783,49138,49493,49848,50203,50558,50913,51268,51623,51978,52333,52688,53043,53398,53753,54108,54463,54818,55173,55528,55883,56238,56593,56948,57303,57658,58013,58368,58723,59078,59433,59788,60143,60498,60853,61208,61563,61918,62273,62628,62983,-62687,-62332,-61977,-61622,-61267,-60912,-60557,-60202,-59847,-59492,-59137,-58782,-58427,-58072,-57717,-57362,-57007,-56652,-56297,-55942,-55587,-55232,-54877,-54522,-54167,-53812,-53457,-53102,-52747,-52540,-52392,-52037,-51682,-51327,-50972,-50617,-50262,-49907,-49552,-49197,-48842,-48487,-48132,-47777,-47422,-47067,-46712,-46357,-46002,-45647,-45292,-44937,-44582,-44227,-43872,-43517,-43162,-42807,-42452,-42097,-41742,-41387,-41032,-40677,-40322,-39967,-39612,-39257,-38902,-38547,-38192,-37837,-37482,-37127,-36772,-36417,-36062,-35707,-35352,-34997,-34642,-34287,-33932,-33577,-33222,-32867,-32512,-32157,-31802,-31447,-31092,-30737,-30382,-30027,-29672,-29317,-28962,-28607,-28252,-27897,-27542,-27187,-26832,-26477,-26122,-25767,-25412,-25057,-24702,-24347,-23992,-23637,-23282,-22927,-22572,-22217,-21862,-21507,-21152,-20797,-20442,-20087,-19732,-19377,-19022,-18667,-18312,-17957,-17602,-17247,-16892,-16537,-16182,-15827,-15472,-15117,-14762,-14407,-14052,-13697,-13342,-12987,-12632,-12277,-11922,-11567,-11212,-10857,-10502,-10147,-9792,-9437,-9082,-8727,-8372,-8017,-7662,-7307,-6952,-6597,-6242,-5887,-5532,-5177,-4822,-4467,-4112,-3757,-3402,-3047,-2692,-2337,-1982,-1627,-1272,-917,-562,-207,MAX=62983
149,504,859,1214,1569,1924,2279,2634,2989,3344,3699,4054,4409,4764,5119,5474,5829,6184,6539,6894,7249,7604,7959,8314,8669,9024,9379,9734,10089,10444,10799,11154,11509,11864,12219,12574,12929,13284,13639,13994,14349,14704,15059,15414,15769,16124,16479,16834,17189,17544,17899,18254,18609,18964,19319,19674,20029,20384,20739,21094,21449,21804,22159,22514,22869,23224,23579,23934,24289,24644,24999,25354,25709,26064,26419,26774,27129,27484,27839,28194,28549,28904,29259,29614,29969,30324,30679,31034,31389,31744,32099,32454,32809,33164,33519,33874,34229,34584,34939,35294,35649,36004,36359,36714,37069,37424,37779,38134,38489,38844,39199,39554,39909,40264,40619,40974,41329,41684,42039,42394,42749,43104,43459,43814,44169,44524,44879,45234,45589,45944,46299,46654,47009,47364,47719,48074,48429,48784,49139,49494,49849,50204,50559,50914,51269,51624,51979,52334,52689,53044,53399,53754,54109,54464,54819,55174,55529,55884,56239,56594,56949,57304,57659,58014,58369,58724,59079,59434,59789,60144,60499,60854,61209,61564,61919,62274,62629,62984,-62686,-62331,-61976,-61621,-61266,-60911,-60556,-60201,-59846,-59491,-59136,-58781,-58426,-58071,-57716,-57361,-57006,-56651,-56296,-55941,-55586,-55231,-54876,-54521,-54166,-53811,-53456,-53101,-52895,-52746,-52391,-52036,-51681,-51326,-50971,-50616,-50261,-49906,-49551,-49196,-48841,-48486,-48131,-47776,-47421,-47066,-46711,-46356,-46001,-45646,-45291,-44936,-44581,-44226,-43871,-43516,-43161,-42806,-42451,-42096,-41741,-41386,-41031,-40676,-40321,-39966,-39611,-39256,-38901,-38546,-38191,-37836,-37481,-37126,-36771,-36416,-36061,-35706,-35351,-34996,-34641,-34286,-33931,-33576,-33221,-32866,-32511,-32156,-31801,-31446,-31091,-30736,-30381,-30026,-29671,-29316,-28961,-28606,-28251,-27896,-27541,-27186,-26831,-26476,-26121,-25766,-25411,-25056,-24701,-24346,-23991,-23636,-23281,-22926,-22571,-22216,-21861,-21506,-21151,-20796,-20441,-20086,-19731,-19376,-19021,-18666,-18311,-17956,-17601,-17246,-16891,-16536,-16181,-15826,-15471,-15116,-14761,-14406,-14051,-13696,-13341,-12986,-12631,-12276,-11921,-11566,-11211,-10856,-10501,-10146,-9791,-9436,-9081,-8726,-8371,-8016,-7661,-7306,-6951,-6596,-6241,-5886,-5531,-5176,-4821,-4466,-4111,-3756,-3401,-3046,-2691,-2336,-1981,-1626,-1271,-916,-561,-206,MAX=62984
150,505,860,1215,1570,1925,2280,2635,2990,3345,3700,4055,4410,4765,5120,5475,5830,6185,6540,6895,7250,7605,7960,8315,8670,9025,9380,9735,10090,10445,10800,11155,11510,11865,12220,12575,12930,13285,13640,13995,14350,14705,15060,15415,15770,16125,16480,16835,17190,17545,17900,18255,18610,18965,19320,19675,20030,20385,20740,21095,21450,21805,22160,22515,22870,23225,23580,23935,24290,24645,25000,25355,25710,26065,26420,26775,27130,27485,27840,28195,28550,28905,29260,29615,29970,30325,30680,31035,31390,31745,32100,32455,32810,33165,33520,33875,34230,34585,34940,35295,35650,36005,36360,36715,37070,37425,37780,38135,38490,38845,39200,39555,39910,40265,40620,40975,41330,41685,42040,42395,42750,43105,43460,43815,44170,44525,44880,45235,45590,45945,46300,46655,47010,47365,47720,48075,48430,48785,49140,49495,49850,50205,50560,50915,51270,51625,51980,52335,52690,53045,53400,53755,54110,54465,54820,55175,55530,55885,56240,56595,56950,57305,57660,58015,58370,58725,59080,59435,59790,60145,60500,60855,61210,61565,61920,62275,62630,62985,-62685,-62330,-61975,-61620,-61265,-60910,-60555,-60200,-59845,-59490,-59135,-58780,-58425,-58070,-57715,-57360,-57005,-56650,-56295,-55940,-55585,-55230,-54875,-54520,-54165,-53810,-53455,-53250,-53100,-52745,-52390,-52035,-51680,-51325,-50970,-50615,-50260,-49905,-49550,-49195,-48840,-48485,-48130,-47775,-47420,-47065,-46710,-46355,-46000,-45645,-45290,-44935,-44580,-44225,-43870,-43515,-43160,-42805,-42450,-42095,-41740,-41385,-41030,-40675,-40320,-39965,-39610,-39255,-38900,-38545,-38190,-37835,-37480,-37125,-36770,-36415,-36060,-35705,-35350,-34995,-34640,-34285,-33930,-33575,-33220,-32865,-32510,-32155,-31800,-31445,-31090,-30735,-30380,-30025,-29670,-29315,-28960,-28605,-28250,-27895,-27540,-27185,-26830,-26475,-26120,-25765,-25410,-25055,-24700,-24345,-23990,-23635,-23280,-22925,-22570,-22215,-21860,-21505,-21150,-20795,-20440,-20085,-19730,-19375,-19020,-18665,-18310,-17955,-17600,-17245,-16890,-16535,-16180,-15825,-15470,-15115,-14760,-14405,-14050,-13695,-13340,-12985,-12630,-12275,-11920,-11565,-11210,-10855,-10500,-10145,-9790,-9435,-9080,-8725,-8370,-8015,-7660,-7305,-6950,-6595,-6240,-5885,-5530,-5175,-4820,-4465,-4110,-3755,-3400,-3045,-2690,-2335,-1980,-1625,-1270,-915,-560,-205,MAX=62985
151,506,861,1216,1571,1926,2281,2636,2991,3346,3701,4056,4411,4766,5121,5476,5831,6186,6541,6896,7251,7606,7961,8316,8671,9026,9381,9736,10091,10446,10801,11156,11511,11866,12221,12576,12931,13286,13641,13996,14351,14706,15061,15416,15771,16126,16481,16836,17191,17546,17901,18256,18611,18966,19321,19676,20031,20386,20741,21096,21451,21806,22161,22516,22871,23226,23581,23936,24291,24646,25001,25356,25711,26066,26421,26776,27131,27486,27841,28196,28551,28906,29261,29616,29971,30326,30681,31036,31391,31746,32101,32456,32811,33166,33521,33876,34231,34586,34941,35296,35651,36006,36361,36716,37071,37426,37781,38136,38491,38846,39201,39556,39911,40266,40621,40976,41331,41686,42041,42396,42751,43106,43461,43816,44171,44526,44881,45236,45591,45946,46301,46656,47011,47366,47721,48076,48431,48786,49141,49496,49851,50206,50561,50916,51271,51626,51981,52336,52691,53046,53401,53756,54111,54466,54821,55176,55531,55886,56241,56596,56951,57306,57661,58016,58371,58726,59081,59436,59791,60146,60501,60856,61211,61566,61921,62276,62631,62986,-62684,-62329,-61974,-61619,-61264,-60909,-60554,-60199,-59844,-59489,-59134,-58779,-58424,-58069,-57714,-57359,-57004,-56649,-56294,-55939,-55584,-55229,-54874,-54519,-54164,-53809,-53605,-53454,-53099,-52744,-52389,-52034,-51679,-51324,-50969,-50614,-50259,-49904,-49549,-49194,-48839,-48484,-48129,-47774,-47419,-47064,-46709,-46354,-45999,-45644,-45289,-44934,-44579,-44224,-43869,-43514,-43159,-42804,-42449,-42094,-41739,-41384,-41029,-40674,-40319,-39964,-39609,-39254,-38899,-38544,-38189,-37834,-37479,-37124,-36769,-36414,-36059,-35704,-35349,-34994,-34639,-34284,-33929,-33574,-33219,-32864,-32509,-32154,-31799,-31444,-31089,-30734,-30379,-30024,-29669,-29314,-28959,-28604,-28249,-27894,-27539,-27184,-26829,-26474,-26119,-25764,-25409,-25054,-24699,-24344,-23989,-23634,-23279,-22924,-22569,-22214,-21859,-21504,-21149,-20794,-20439,-20084,-19729,-19374,-19019,-18664,-18309,-17954,-17599,-17244,-16889,-16534,-16179,-15824,-15469,-15114,-14759,-14404,-14049,-13694,-13339,-12984,-12629,-12274,-11919,-11564,-11209,-10854,-10499,-10144,-9789,-9434,-9079,-8724,-8369,-8014,-7659,-7304,-6949,-6594,-6239,-5884,-5529,-5174,-4819,-4464,-4109,-3754,-3399,-3044,-2689,-2334,-1979,-1624,-1269,-914,-559,-204,MAX=62986
152,507,862,1217,1572,1927,2282,2637,2992,3347,3702,4057,4412,4767,5122,5477,5832,6187,6542,6897,7252,7607,7962,8317,8672,9027,9382,9737,10092,10447,10802,11157,11512,11867,12222,12577,12932,13287,13642,13997,14352,14707,15062,15417,15772,16127,16482,16837,17192,17547,17902,18257,18612,18967,19322,19677,20032,20387,20742,21097,21452,21807,22162,22517,22872,23227,23582,23937,24292,24647,25002,25357,25712,26067,26422,26777,27132,27487,27842,28197,28552,28907,29262,29617,29972,30327,30682,31037,31392,31747,32102,32457,32812,33167,33522,33877,34232,34587,34942,35297,35652,36007,36362,36717,37072,37427,37782,38137,38492,38847,39202,39557,39912,40267,40622,40977,41332,41687,42042,42397,42752,43107,43462,43817,44172,44527,44882,45237,45592,45947,46302,46657,47012,47367,47722,48077,48432,48787,49142,49497,49852,50207,50562,50917,51272,51627,51982,52337,52692,53047,53402,53757,54112,54467,54822,55177,55532,55887,56242,56597,56952,57307,57662,58017,58372,58727,59082,59437,59792,60147,60502,60857,61212,61567,61922,62277,62632,62987,-62683,-62328,-61973,-61618,-61263,-60908,-60553,-60198,-59843,-59488,-59133,-58778,-58423,-58068,-57713,-57358,-57003,-56648,-56293,-55938,-55583,-55228,-54873,-54518,-54163,-53960,-53808,-53453,-53098,-52743,-52388,-52033,-51678,-51323,-50968,-50613,-50258,-49903,-49548,-49193,-48838,-48483,-48128,-47773,-47418,-47063,-46708,-46353,-45998,-45643,-45288,-44933,-44578,-44223,-43868,-43513,-43158,-42803,-42448,-42093,-41738,-41383,-41028,-40673,-40318,-39963,-39608,-39253,-38898,-38543,-38188,-37833,-37478,-37123,-36768,-36413,-36058,-35703,-35348,-34993,-34638,-34283,-33928,-33573,-33218,-32863,-32508,-32153,-31798,-31443,-31088,-30733,-30378,-30023,-29668,-29313,-28958,-28603,-28248,-27893,-27538,-27183,-26828,-26473,-26118,-25763,-25408,-25053,-24698,-24343,-23988,-23633,-23278,-22923,-22568,-22213,-21858,-21503,-21148,-20793,-20438,-20083,-19728,-19373,-19018,-18663,-18308,-17953,-17598,-17243,-16888,-16533,-16178,-15823,-15468,-15113,-14758,-14403,-14048,-13693,-13338,-12983,-12628,-12273,-11918,-11563,-11208,-10853,-10498,-10143,-9788,-9433,-9078,-8723,-8368,-8013,-7658,-7303,-6948,-6593,-6238,-5883,-5528,-5173,-4818,-4463,-4108,-3753,-3398,-3043,-2688,-2333,-1978,-1623,-1268,-913,-558,-203,MAX=62987
153,508,863,1218,1573,1928,2283,2638,2993,3348,3703,4058,4413,4768,5123,5478,5833,6188,6543,6898,7253,7608,7963,8318,8673,9028,9383,9738,10093,10448,10803,11158,11513,11868,12223,12578,12933,13288,13643,13998,14353,14708,15063,15418,15773,16128,16483,16838,17193,17548,17903,18258,18613,18968,19323,19678,20033,20388,20743,21098,21453,21808,22163,22518,22873,23228,23583,23938,24293,24648,25003,25358,25713,26068,26423,26778,27133,27488,27843,28198,28553,28908,29263,29618,29973,30328,30683,31038,31393,31748,32103,32458,32813,33168,33523,33878,34233,34588,34943,35298,35653,36008,36363,36718,37073,37428,37783,38138,38493,38848,39203,39558,39913,40268,40623,40978,41333,41688,42043,42398,42753,43108,43463,43818,44173,44528,44883,45238,45593,45948,46303,46658,47013,47368,47723,48078,48433,48788,49143,49498,49853,50208,50563,50918,51273,51628,51983,52338,52693,53048,53403,53758,54113,54468,54823,55178,55533,55888,56243,56598,56953,57308,57663,58018,58373,58728,59083,59438,59793,60148,60503,60858,61213,61568,61923,62278,62633,62988,-62682,-62327,-61972,-61617,-61262,-60907,-60552,-60197,-59842,-59487,-59132,-58777,-58422,-58067,-57712,-57357,-57002,-56647,-56292,-55937,-55582,-55227,-54872,-54517,-54315,-54162,-53807,-53452,-53097,-52742,-52387,-52032,-51677,-51322,-50967,-50612,-50257,-49902,-49547,-49192,-48837,-48482,-48127,-47772,-47417,-47062,-46707,-46352,-45997,-45642,-45287,-44932,-44577,-44222,-43867,-43512,-43157,-42802,-42447,-42092,-41737,-41382,-41027,-40672,-40317,-39962,-39607,-39252,-38897,-38542,-38187,-37832,-37477,-37122,-36767,-36412,-36057,-35702,-35347,-34992,-34637,-34282,-33927,-33572,-33217,-32862,-32507,-32152,-31797,-31442,-31087,-30732,-30377,-30022,-29667,-29312,-28957,-28602,-28247,-27892,-27537,-27182,-26827,-26472,-26117,-25762,-25407,-25052,-24697,-24342,-23987,-23632,-23277,-22922,-22567,-22212,-21857,-21502,-21147,-20792,-20437,-20082,-19727,-19372,-19017,-18662,-18307,-17952,-17597,-17242,-16887,-16532,-16177,-15822,-15467,-15112,-14757,-14402,-14047,-13692,-13337,-12982,-12627,-12272,-11917,-11562,-11207,-10852,-10497,-10142,-9787,-9432,-9077,-8722,-8367,-8012,-7657,-7302,-6947,-6592,-6237,-5882,-5527,-5172,-4817,-4462,-4107,-3752,-3397,-3042,-2687,-2332,-1977,-1622,-1267,-912,-557,-202,MAX=62988
154,509,864,1219,1574,1929,2284,2639,2994,3349,3704,4059,4414,4769,5124,5479,5834,6189,6544,6899,7254,7609,7964,8319,8674,9029,9384,9739,10094,10449,10804,11159,11514,11869,12224,12579,12934,13289,13644,13999,14354,14709,15064,15419,15774,16129,16484,16839,17194,17549,17904,18259,18614,18969,19324,19679,20034,20389,20744,21099,21454,21809,22164,22519,22874,23229,23584,23939,24294,24649,25004,25359,25714,26069,26424,26779,27134,27489,27844,28199,28554,28909,29264,29619,29974,30329,30684,31039,31394,31749,32104,32459,32814,33169,33524,33879,34234,34589,34944,35299,35654,36009,36364,36719,37074,37429,37784,38139,38494,38849,39204,39559,39914,40269,40624,40979,41334,41689,42044,42399,42754,43109,43464,43819,44174,44529,44884,45239,45594,45949,46304,46659,47014,47369,47724,48079,48434,48789,49144,49499,49854,50209,50564,50919,51274,51629,51984,52339,52694,53049,53404,53759,54114,54469,54824,55179,55534,55889,56244,56599,56954,57309,57664,58019,58374,58729,59084,59439,59794,60149,60504,60859,61214,61569,61924,62279,62634,62989,-62681,-62326,-61971,-61616,-61261,-60906,-60551,-60196,-59841,-59486,-59131,-58776,-58421,-58066,-57711,-57356,-57001,-56646,-56291,-55936,-55581,-55226,-54871,-54670,-54516,-54161,-53806,-53451,-53096,-52741,-52386,-52031,-51676,-51321,-50966,-50611,-50256,-49901,-49546,-49191,-48836,-48481,-48126,-47771,-47416,-47061,-46706,-46351,-45996,-45641,-45286,-44931,-44576,-44221,-43866,-43511,-43156,-42801,-42446,-42091,-41736,-41381,-41026,-40671,-40316,-39961,-39606,-39251,-38896,-38541,-38186,-37831,-37476,-37121,-36766,-36411,-36056,-35701,-35346,-34991,-34636,-34281,-33926,-33571,-33216,-32861,-32506,-32151,-31796,-31441,-31086,-30731,-30376,-30021,-29666,-29311,-28956,-28601,-28246,-27891,-27536,-27181,-26826,-26471,-26116,-25761,-25406,-25051,-24696,-24341,-23986,-23631,-23276,-22921,-22566,-22211,-21856,-21501,-21146,-20791,-20436,-20081,-19726,-19371,-19016,-18661,-18306,-17951,-17596,-17241,-16886,-16531,-16176,-15821,-15466,-15111,-14756,-14401,-14046,-13691,-13336,-12981,-12626,-12271,-11916,-11561,-11206,-10851,-10496,-10141,-9786,-9431,-9076,-8721,-8366,-8011,-7656,-7301,-6946,-6591,-6236,-5881,-5526,-5171,-4816,-4461,-4106,-3751,-3396,-3041,-2686,-2331,-1976,-1621,-1266,-911,-556,-201,MAX=62989
155,510,865,1220,1575,1930,2285,2640,2995,3350,3705,4060,4415,4770,5125,5480,5835,6190,6545,6900,7255,7610,7965,8320,8675,9030,9385,9740,10095,10450,10805,11160,11515,11870,12225,12580,12935,13290,13645,14000,14355,14710,15065,15420,15775,16130,16485,16840,17195,17550,17905,18260,18615,18970,19325,19680,20035,20390,20745,21100,21455,21810,22165,22520,22875,23230,23585,23940,24295,24650,25005,25360,25715,26070,26425,26780,27135,27490,27845,28200,28555,28910,29265,29620,29975,30330,30685,31040,31395,31750,32105,32460,32815,33170,33525,33880,34235,34590,34945,35300,35655,36010,36365,36720,37075,37430,37785,38140,38495,38850,39205,39560,39915,40270,40625,40980,41335,41690,42045,42400,42755,43110,43465,43820,44175,44530,44885,45240,45595,45950,46305,46660,47015,47370,47725,48080,48435,48790,49145,49500,49855,50210,50565,50920,51275,51630,51985,52340,52695,53050,53405,53760,54115,54470,54825,55180,55535,55890,56245,56600,56955,57310,57665,58020,58375,58730,59085,59440,59795,60150,60505,60860,61215,61570,61925,62280,62635,62990,-62680,-62325,-61970,-61615,-61260,-60905,-60550,-60195,-59840,-59485,-59130,-58775,-58420,-58065,-57710,-57355,-57000,-56645,-56290,-55935,-55580,-55225,-55025,-54870,-54515,-54160,-53805,-53450,-53095,-52740,-52385,-52030,-51675,-51320,-50965,-50610,-50255,-49900,-49545,-49190,-48835,-48480,-48125,-47770,-47415,-47060,-46705,-46350,-45995,-45640,-45285,-44930,-44575,-44220,-43865,-43510,-43155,-42800,-42445,-42090,-41735,-41380,-41025,-40670,-40315,-39960,-39605,-39250,-38895,-38540,-38185,-37830,-37475,-37120,-36765,-36410,-36055,-35700,-35345,-34990,-34635,-34280,-33925,-33570,-33215,-32860,-32505,-32150,-31795,-31440,-31085,-30730,-30375,-30020,-29665,-29310,-28955,-28600,-28245,-27890,-27535,-27180,-26825,-26470,-26115,-25760,-25405,-25050,-24695,-24340,-23985,-23630,-23275,-22920,-22565,-22210,-21855,-21500,-21145,-20790,-20435,-20080,-19725,-19370,-19015,-18660,-18305,-17950,-17595,-17240,-16885,-16530,-16175,-15820,-15465,-15110,-14755,-14400,-14045,-13690,-13335,-12980,-12625,-12270,-11915,-11560,-11205,-10850,-10495,-10140,-9785,-9430,-9075,-8720,-8365,-8010,-7655,-7300,-6945,-6590,-6235,-5880,-5525,-5170,-4815,-4460,-4105,-3750,-3395,-3040,-2685,-2330,-1975,-1620,-1265,-910,-555,-200,MAX=62990
156,511,866,1221,1576,1931,2286,2641,2996,3351,3706,4061,4416,4771,5126,5481,5836,6191,6546,6901,7256,7611,7966,8321,8676,9031,9386,9741,10096,10451,10806,11161,11516,11871,12226,12581,12936,13291,13646,14001,14356,14711,15066,15421,15776,16131,16486,16841,17196,17551,17906,18261,18616,18971,19326,19681,20036,20391,20746,21101,21456,21811,22166,22521,22876,23231,23586,23941,24296,24651,25006,25361,25716,26071,26426,26781,27136,27491,27846,28201,28556,28911,29266,29621,29976,30331,30686,31041,31396,31751,32106,32461,32816,33171,33526,33881,34236,34591,34946,35301,35656,36011,36366,36721,37076,37431,37786,38141,38496,38851,39206,39561,39916,40271,40626,40981,41336,41691,42046,42401,42756,43111,43466,43821,44176,44531,44886,45241,45596,45951,46306,46661,47016,47371,47726,48081,48436,48791,49146,49501,49856,50211,50566,50921,51276,51631,51986,52341,52696,53051,53406,53761,54116,54471,54826,55181,55536,55891,56246,56601,56956,57311,57666,58021,58376,58731,59086,59441,59796,60151,60506,60861,61216,61571,61926,62281,62636,62991,-62679,-62324,-61969,-61614,-61259,-60904,-60549,-60194,-59839,-59484,-59129,-58774,-58419,-58064,-57709,-57354,-56999,-56644,-56289,-55934,-55579,-55380,-55224,-54869,-54514,-54159,-53804,-53449,-53094,-52739,-52384,-52029,-51674,-51319,-50964,-50609,-50254,-49899,-49544,-49189,-48834,-48479,-48124,-47769,-47414,-47059,-46704,-46349,-45994,-45639,-45284,-44929,-44574,-44219,-43864,-43509,-43154,-42799,-42444,-42089,-41734,-41379,-41024,-40669,-40314,-39959,-39604,-39249,-38894,-38539,-38184,-37829,-37474,-37119,-36764,-36409,-36054,-35699,-35344,-34989,-34634,-34279,-33924,-33569,-33214,-32859,-32504,-32149,-31794,-31439,-31084,-30729,-30374,-30019,-29664,-29309,-28954,-28599,-28244,-27889,-27534,-27179,-26824,-26469,-26114,-25759,-25404,-25049,-24694,-24339,-23984,-23629,-23274,-22919,-22564,-22209,-21854,-21499,-21144,-20789,-20434,-20079,-19724,-19369,-19014,-18659,-18304,-17949,-17594,-17239,-16884,-16529,-16174,-15819,-15464,-15109,-14754,-14399,-14044,-13689,-13334,-12979,-12624,-12269,-11914,-11559,-11204,-10849,-10494,-10139,-9784,-9429,-9074,-8719,-8364,-8009,-7654,-7299,-6944,-6589,-6234,-5879,-5524,-5169,-4814,-4459,-4104,-3749,-3394,-3039,-2684,-2329,-1974,-1619,-1264,-909,-554,-199,MAX=62991
157,512,867,1222,1577,1932,2287,2642,2997,3352,3707,4062,4417,4772,5127,5482,5837,6192,6547,6902,7257,7612,7967,8322,8677,9032,9387,9742,10097,10452,10807,11162,11517,11872,12227,12582,12937,13292,13647,14002,14357,14712,15067,15422,15777,16132,16487,16842,17197,17552,17907,18262,18617,18972,19327,19682,20037,20392,20747,21102,21457,21812,22167,22522,22877,23232,23587,23942,24297,24652,25007,25362,25717,26072,26427,26782,27137,27492,27847,28202,28557,28912,29267,29622,29977,30332,30687,31042,31397,31752,32107,32462,32817,33172,33527,33882,34237,34592,34947,35302,35657,36012,36367,36722,37077,37432,37787,38142,38497,38852,39207,39562,39917,40272,40627,40982,41337,41692,42047,42402,42757,43112,43467,43822,44177,44532,44887,45242,45597,45952,46307,46662,47017,47372,47727,48082,48437,48792,49147,49502,49857,50212,50567,50922,51277,51632,51987,52342,52697,53052,53407,53762,54117,54472,54827,55182,55537,55892,56247,56602,56957,57312,57667,58022,58377,58732,59087,59442,59797,60152,60507,60862,61217,61572,61927,62282,62637,62992,-62678,-62323,-61968,-61613,-61258,-60903,-60548,-60193,-59838,-59483,-59128,-58773,-58418,-58063,-57708,-57353,-56998,-56643,-56288,-55933,-55735,-55578,-55223,-54868,-54513,-54158,-53803,-53448,-53093,-52738,-52383,-52028,-51673,-51318,-50963,-50608,-50253,-49898,-49543,-49188,-48833,-48478,-48123,-47768,-47413,-47058,-46703,-46348,-45993,-45638,-45283,-44928,-44573,-44218,-43863,-43508,-43153,-42798,-42443,-42088,-41733,-41378,-41023,-40668,-40313,-39958,-39603,-39248,-38893,-38538,-38183,-37828,-37473,-37118,-36763,-36408,-36053,-35698,-35343,-34988,-34633,-34278,-33923,-33568,-33213,-32858,-32503,-32148,-31793,-31438,-31083,-30728,-30373,-30018,-29663,-29308,-28953,-28598,-28243,-27888,-27533,-27178,-26823,-26468,-26113,-25758,-25403,-25048,-24693,-24338,-23983,-23628,-23273,-22918,-22563,-22208,-21853,-21498,-21143,-20788,-20433,-20078,-19723,-19368,-19013,-18658,-18303,-17948,-17593,-17238,-16883,-16528,-16173,-15818,-15463,-15108,-14753,-14398,-14043,-13688,-13333,-12978,-12623,-12268,-11913,-11558,-11203,-10848,-10493,-10138,-9783,-9428,-9073,-8718,-8363,-8008,-7653,-7298,-6943,-6588,-6233,-5878,-5523,-5168,-4813,-4458,-4103,-3748,-3393,-3038,-2683,-2328,-1973,-1618,-1263,-908,-553,-198,MAX=62992
158,513,868,1223,1578,1933,2288,2643,2998,3353,3708,4063,4418,4773,5128,5483,5838,6193,6548,6903,7258,7613,7968,8323,8678,9033,9388,9743,10098,10453,10808,11163,11518,11873,12228,12583,12938,13293,13648,14003,14358,14713,15068,15423,15778,16133,16488,16843,17198,17553,17908,18263,18618,18973,19328,19683,20038,20393,20748,21103,21458,21813,22168,22523,22878,23233,23588,23943,24298,24653,25008,25363,25718,26073,26428,26783,27138,27493,27848,28203,28558,28913,29268,29623,29978,30333,30688,31043,31398,31753,32108,32463,32818,33173,33528,33883,34238,34593,34948,35303,35658,36013,36368,36723,37078,37433,37788,38143,38498,38853,39208,39563,39918,40273,40628,40983,41338,41693,42048,42403,42758,43113,43468,43823,44178,44533,44888,45243,45598,45953,46308,46663,47018,47373,47728,48083,48438,48793,49148,49503,49858,50213,50568,50923,51278,51633,51988,52343,52698,53053,53408,53763,54118,54473,54828,55183,55538,55893,56248,56603,56958,57313,57668,58023,58378,58733,59088,59443,59798,60153,60508,60863,61218,61573,61928,62283,62638,62993,-62677,-62322,-61967,-61612,-61257,-60902,-60547,-60192,-59837,-59482,-59127,-58772,-58417,-58062,-57707,-57352,-56997,-56642,-56287,-56090,-55932,-55577,-55222,-54867,-54512,-54157,-53802,-53447,-53092,-52737,-52382,-52027,-51672,-51317,-50962,-50607,-50252,-49897,-49542,-49187,-48832,-48477,-48122,-47767,-47412,-47057,-46702,-46347,-45992,-45637,-45282,-44927,-44572,-44217,-43862,-43507,-43152,-42797,-42442,-42087,-41732,-41377,-41022,-40667,-40312,-39957,-39602,-39247,-38892,-38537,-38182,-37827,-37472,-37117,-36762,-36407,-36052,-35697,-35342,-34987,-34632,-34277,-33922,-33567,-33212,-32857,-32502,-32147,-31792,-31437,-31082,-30727,-30372,-30017,-29662,-29307,-28952,-28597,-28242,-27887,-27532,-27177,-26822,-26467,-26112,-25757,-25402,-25047,-24692,-24337,-23982,-23627,-23272,-22917,-22562,-22207,-21852,-21497,-21142,-20787,-20432,-20077,-19722,-19367,-19012,-18657,-18302,-17947,-17592,-17237,-16882,-16527,-16172,-15817,-15462,-15107,-14752,-14397,-14042,-13687,-13332,-12977,-12622,-12267,-11912,-11557,-11202,-10847,-10492,-10137,-9782,-9427,-9072,-8717,-8362,-8007,-7652,-7297,-6942,-6587,-6232,-5877,-5522,-5167,-4812,-4457,-4102,-3747,-3392,-3037,-2682,-2327,-1972,-1617,-1262,-907,-552,-197,MAX=62993
159,514,869,1224,1579,1934,2289,2644,2999,3354,3709,4064,4419,4774,5129,5484,5839,6194,6549,6904,7259,7614,7969,8324,8679,9034,9389,9744,10099,10454,10809,11164,11519,11874,12229,12584,12939,13294,13649,14004,14359,14714,15069,15424,15779,16134,16489,16844,17199,17554,17909,18264,18619,18974,19329,19684,20039,20394,20749,21104,21459,21814,22169,22524,22879,23234,23589,23944,24299,24654,25009,25364,25719,26074,26429,26784,27139,27494,27849,28204,28559,28914,29269,29624,29979,30334,30689,31044,31399,31754,32109,32464,32819,33174,33529,33884,34239,34594,34949,35304,35659,36014,36369,36724,37079,37434,37789,38144,38499,38854,39209,39564,39919,40274,40629,40984,41339,41694,42049,42404,42759,43114,43469,43824,44179,44534,44889,45244,45599,45954,46309,46664,47019,47374,47729,48084,48439,48794,49149,49504,49859,50214,50569,50924,51279,51634,51989,52344,52699,53054,53409,53764,54119,54474,54829,55184,55539,55894,56249,56604,56959,57314,57669,58024,58379,58734,59089,59444,59799,60154,60509,60864,61219,61574,61929,62284,62639,62994,-62676,-62321,-61966,-61611,-61256,-60901,-60546,-60191,-59836,-59481,-59126,-58771,-58416,-58061,-57706,-57351,-56996,-56641,-56445,-56286,-55931,-55576,-55221,-54866,-54511,-54156,-53801,-53446,-53091,-52736,-52381,-52026,-51671,-51316,-50961,-50606,-50251,-49896,-49541,-49186,-48831,-48476,-48121,-47766,-47411,-47056,-46701,-46346,-45991,-45636,-45281,-44926,-44571,-44216,-43861,-43506,-43151,-42796,-42441,-42086,-41731,-41376,-41021,-40666,-40311,-39956,-39601,-39246,-38891,-38536,-38181,-37826,-37471,-37116,-36761,-36406,-36051,-35696,-35341,-34986,-34631,-34276,-33921,-33566,-33211,-32856,-32501,-32146,-31791,-31436,-31081,-30726,-30371,-30016,-29661,-29306,-28951,-28596,-28241,-27886,-27531,-27176,-26821,-26466,-26111,-25756,-25401,-25046,-24691,-24336,-23981,-23626,-23271,-22916,-22561,-22206,-21851,-21496,-21141,-20786,-20431,-20076,-19721,-19366,-19011,-18656,-18301,-17946,-17591,-17236,-16881,-16526,-16171,-15816,-15461,-15106,-14751,-14396,-14041,-13686,-13331,-12976,-12621,-12266,-11911,-11556,-11201,-10846,-10491,-10136,-9781,-9426,-9071,-8716,-8361,-8006,-7651,-7296,-6941,-6586,-6231,-5876,-5521,-5166,-4811,-4456,-4101,-3746,-3391,-3036,-2681,-2326,-1971,-1616,-1261,-906,-551,-196,MAX=62994
160,515,870,1225,1580,1935,2290,2645,3000,3355,3710,4065,4420,4775,5130,5485,5840,6195,6550,6905,7260,7615,7970,8325,8680,9035,9390,9745,10100,10455,10810,11165,11520,11875,12230,12585,12940,13295,13650,14005,14360,14715,15070,15425,15780,16135,16490,16845,17200,17555,17910,18265,18620,18975,19330,19685,20040,20395,20750,21105,21460,21815,22170,22525,22880,23235,23590,23945,24300,24655,25010,25365,25720,26075,26430,26785,27140,27495,27850,28205,28560,28915,29270,29625,29980,30335,30690,31045,31400,31755,32110,32465,32820,33175,33530,33885,34240,34595,34950,35305,35660,36015,36370,36725,37080,37435,37790,38145,38500,38855,39210,39565,39920,40275,40630,40985,41340,41695,42050,42405,42760,43115,43470,43825,44180,44535,44890,45245,45600,45955,46310,46665,47020,47375,47730,48085,48440,48795,49150,49505,49860,50215,50570,50925,51280,51635,51990,52345,52700,53055,53410,53765,54120,54475,54830,55185,55540,55895,56250,56605,56960,57315,57670,58025,58380,58735,59090,59445,59800,60155,60510,60865,61220,61575,61930,62285,62640,62995,-62675,-62320,-61965,-61610,-61255,-60900,-60545,-60190,-59835,-59480,-59125,-58770,-58415,-58060,-57705,-57350,-56995,-56800,-56640,-56285,-55930,-55575,-55220,-54865,-54510,-54155,-53800,-53445,-53090,-52735,-52380,-52025,-51670,-51315,-50960,-50605,-50250,-49895,-49540,-49185,-48830,-48475,-48120,-47765,-47410,-47055,-46700,-46345,-45990,-45635,-45280,-44925,-44570,-44215,-43860,-43505,-43150,-42795,-42440,-42085,-41730,-41375,-41020,-40665,-40310,-39955,-39600,-39245,-38890,-38535,-38180,-37825,-37470,-37115,-36760,-36405,-36050,-35695,-35340,-34985,-34630,-34275,-33920,-33565,-33210,-32855,-32500,-32145,-31790,-31435,-31080,-30725,-30370,-30015,-29660,-29305,-28950,-28595,-28240,-27885,-27530,-27175,-26820,-26465,-26110,-25755,-25400,-25045,-24690,-24335,-23980,-23625,-23270,-22915,-22560,-22205,-21850,-21495,-21140,-20785,-20430,-20075,-19720,-19365,-19010,-18655,-18300,-17945,-17590,-17235,-16880,-16525,-16170,-15815,-15460,-15105,-14750,-14395,-14040,-13685,-13330,-12975,-12620,-12265,-11910,-11555,-11200,-10845,-10490,-10135,-9780,-9425,-9070,-8715,-8360,-8005,-7650,-7295,-6940,-6585,-6230,-5875,-5520,-5165,-4810,-4455,-4100,-3745,-3390,-3035,-2680,-2325,-1970,-1615,-1260,-905,-550,-195,MAX=62995
161,516,871,1226,1581,1936,2291,2646,3001,3356,3711,4066,4421,4776,5131,5486,5841,6196,6551,6906,7261,7616,7971,8326,8681,9036,9391,9746,10101,10456,10811,11166,11521,11876,12231,12586,12941,13296,13651,14006,14361,14716,15071,15426,15781,16136,16491,16846,17201,17556,17911,18266,18621,18976,19331,19686,20041,20396,20751,21106,21461,21816,22171,22526,22881,23236,23591,23946,24301,24656,25011,25366,25721,26076,26431,26786,27141,27496,27851,28206,28561,28916,29271,29626,29981,30336,30691,31046,31401,31756,32111,32466,32821,33176,33531,33886,34241,34596,34951,35306,35661,36016,36371,36726,37081,37436,37791,38146,38501,38856,39211,39566,39921,40276,40631,40986,41341,41696,42051,42406,42761,43116,43471,43826,44181,44536,44891,45246,45601,45956,46311,46666,47021,47376,47731,48086,48441,48796,49151,49506,49861,50216,50571,50926,51281,51636,51991,52346,52701,53056,53411,53766,54121,54476,54831,55186,55541,55896,56251,56606,56961,57316,57671,58026,58381,58736,59091,59446,59801,60156,60511,60866,61221,61576,61931,62286,62641,62996,-62674,-62319,-61964,-61609,-61254,-60899,-60544,-60189,-59834,-59479,-59124,-58769,-58414,-58059,-57704,-57349,-57155,-56994,-56639,-56284,-55929,-55574,-55219,-54864,-54509,-54154,-53799,-53444,-53089,-52734,-52379,-52024,-51669,-51314,-50959,-50604,-50249,-49894,-49539,-49184,-48829,-48474,-48119,-47764,-47409,-47054,-46699,-46344,-45989,-45634,-45279,-44924,-44569,-44214,-43859,-43504,-43149,-42794,-42439,-42084,-41729,-41374,-41019,-40664,-40309,-39954,-39599,-39244,-38889,-38534,-38179,-37824,-37469,-37114,-36759,-36404,-36049,-35694,-35339,-34984,-34629,-34274,-33919,-33564,-33209,-32854,-32499,-32144,-31789,-31434,-31079,-30724,-30369,-30014,-29659,-29304,-28949,-28594,-28239,-27884,-27529,-27174,-26819,-26464,-26109,-25754,-25399,-25044,-24689,-24334,-23979,-23624,-23269,-22914,-22559,-22204,-21849,-21494,-21139,-20784,-20429,-20074,-19719,-19364,-19009,-18654,-18299,-17944,-17589,-17234,-16879,-16524,-16169,-15814,-15459,-15104,-14749,-14394,-14039,-13684,-13329,-12974,-12619,-12264,-11909,-11554,-11199,-10844,-10489,-10134,-9779,-9424,-9069,-8714,-8359,-8004,-7649,-7294,-6939,-6584,-6229,-5874,-5519,-5164,-4809,-4454,-4099,-3744,-3389,-3034,-2679,-2324,-1969,-1614,-1259,-904,-549,-194,MAX=62996
162,517,872,1227,1582,1937,2292,2647,3002,3357,3712,4067,4422,4777,5132,5487,5842,6197,6552,6907,7262,7617,7972,8327,8682,9037,9392,9747,10102,10457,10812,11167,11522,11877,12232,12587,12942,13297,13652,14007,14362,14717,15072,15427,15782,16137,16492,16847,17202,17557,17912,18267,18622,18977,19332,19687,20042,20397,20752,21107,21462,21817,22172,22527,22882,23237,23592,23947,24302,24657,25012,25367,25722,26077,26432,26787,27142,27497,27852,28207,28562,28917,29272,29627,29982,30337,30692,31047,31402,31757,32112,32467,32822,33177,33532,33887,34242,34597,34952,35307,35662,36017,36372,36727,37082,37437,37792,38147,38502,38857,39212,39567,39922,40277,40632,40987,41342,41697,42052,42407,42762,43117,43472,43827,44182,44537,44892,45247,45602,45957,46312,46667,47022,47377,47732,48087,48442,48797,49152,49507,49862,50217,50572,50927,51282,51637,51992,52347,52702,53057,53412,53767,54122,54477,54832,55187,55542,55897,56252,56607,56962,57317,57672,58027,58382,58737,59092,59447,59802,60157,60512,60867,61222,61577,61932,62287,62642,62997,-62673,-62318,-61963,-61608,-61253,-60898,-60543,-60188,-59833,-59478,-59123,-58768,-58413,-58058,-57703,-57510,-57348,-56993,-56638,-56283,-55928,-55573,-55218,-54863,-54508,-54153,-53798,-53443,-53088,-52733,-52378,-52023,-51668,-51313,-50958,-50603,-50248,-49893,-49538,-49183,-48828,-48473,-48118,-47763,-47408,-47053,-46698,-46343,-45988,-45633,-45278,-44923,-44568,-44213,-43858,-43503,-43148,-42793,-42438,-42083,-41728,-41373,-41018,-40663,-40308,-39953,-39598,-39243,-38888,-38533,-38178,-37823,-37468,-37113,-36758,-36403,-36048,-35693,-35338,-34983,-34628,-34273,-33918,-33563,-33208,-32853,-32498,-32143,-31788,-31433,-31078,-30723,-30368,-30013,-29658,-29303,-28948,-28593,-28238,-27883,-27528,-27173,-26818,-26463,-26108,-25753,-25398,-25043,-24688,-24333,-23978,-23623,-23268,-22913,-22558,-22203,-21848,-21493,-21138,-20783,-20428,-20073,-19718,-19363,-19008,-18653,-18298,-17943,-17588,-17233,-16878,-16523,-16168,-15813,-15458,-15103,-14748,-14393,-14038,-13683,-13328,-12973,-12618,-12263,-11908,-11553,-11198,-10843,-10488,-10133,-9778,-9423,-9068,-8713,-8358,-8003,-7648,-7293,-6938,-6583,-6228,-5873,-5518,-5163,-4808,-4453,-4098,-3743,-3388,-3033,-2678,-2323,-1968,-1613,-1258,-903,-548,-193,MAX=62997
163,518,873,1228,1583,1938,2293,2648,3003,3358,3713,4068,4423,4778,5133,5488,5843,6198,6553,6908,7263,7618,7973,8328,8683,9038,9393,9748,10103,10458,10813,11168,11523,11878,12233,12588,12943,13298,13653,14008,14363,14718,15073,15428,15783,16138,16493,16848,17203,17558,17913,18268,18623,18978,19333,19688,20043,20398,20753,21108,21463,21818,22173,22528,22883,23238,23593,23948,24303,24658,25013,25368,25723,26078,26433,26788,27143,27498,27853,28208,28563,28918,29273,29628,29983,30338,30693,31048,31403,31758,32113,32468,32823,33178,33533,33888,34243,34598,34953,35308,35663,36018,36373,36728,37083,37438,37793,38148,38503,38858,39213,39568,39923,40278,40633,40988,41343,41698,42053,42408,42763,43118,43473,43828,44183,44538,44893,45248,45603,45958,46313,46668,47023,47378,47733,48088,48443,48798,49153,49508,49863,50218,50573,50928,51283,51638,51993,52348,52703,53058,53413,53768,54123,54478,54833,55188,55543,55898,56253,56608,56963,57318,57673,58028,58383,58738,59093,59448,59803,60158,60513,60868,61223,61578,61933,62288,62643,62998,-62672,-62317,-61962,-61607,-61252,-60897,-60542,-60187,-59832,-59477,-59122,-58767,-58412,-58057,-57865,-57702,-57347,-56992,-56637,-56282,-55927,-55572,-55217,-54862,-54507,-54152,-53797,-53442,-53087,-52732,-52377,-52022,-51667,-51312,-50957,-50602,-50247,-49892,-49537,-49182,-48827,-48472,-48117,-47762,-47407,-47052,-46697,-46342,-45987,-45632,-45277,-44922,-44567,-44212,-43857,-43502,-43147,-42792,-42437,-42082,-41727,-41372,-41017,-40662,-40307,-39952,-39597,-39242,-38887,-38532,-38177,-37822,-37467,-37112,-36757,-36402,-36047,-35692,-35337,-34982,-34627,-34272,-33917,-33562,-33207,-32852,-32497,-32142,-31787,-31432,-31077,-30722,-30367,-30012,-29657,-29302,-28947,-28592,-28237,-27882,-27527,-27172,-26817,-26462,-26107,-25752,-25397,-25042,-24687,-24332,-23977,-23622,-23267,-22912,-22557,-22202,-21847,-21492,-21137,-20782,-20427,-20072,-19717,-19362,-19007,-18652,-18297,-17942,-17587,-17232,-16877,-16522,-16167,-15812,-15457,-15102,-14747,-14392,-14037,-13682,-13327,-12972,-12617,-12262,-11907,-11552,-11197,-10842,-10487,-10132,-9777,-9422,-9067,-8712,-8357,-8002,-7647,-7292,-6937,-6582,-6227,-5872,-5517,-5162,-4807,-4452,-4097,-3742,-3387,-3032,-2677,-2322,-1967,-1612,-1257,-902,-547,-192,MAX=62998
164,519,874,1229,1584,1939,2294,2649,3004,3359,3714,4069,4424,4779,5134,5489,5844,6199,6554,6909,7264,7619,7974,8329,8684,9039,9394,9749,10104,10459,10814,11169,11524,11879,12234,12589,12944,13299,13654,14009,14364,14719,15074,15429,15784,16139,16494,16849,17204,17559,17914,18269,18624,18979,19334,19689,20044,20399,20754,21109,21464,21819,22174,22529,22884,23239,23594,23949,24304,24659,25014,25369,25724,26079,26434,26789,27144,27499,27854,28209,28564,28919,29274,29629,29984,30339,30694,31049,31404,31759,32114,32469,32824,33179,33534,33889,34244,34599,34954,35309,35664,36019,36374,36729,37084,37439,37794,38149,38504,38859,39214,39569,39924,40279,40634,40989,41344,41699,42054,42409,42764,43119,43474,43829,44184,44539,44894,45249,45604,45959,46314,46669,47024,47379,47734,48089,48444,48799,49154,49509,49864,50219,50574,50929,51284,51639,51994,52349,52704,53059,53414,53769,54124,54479,54834,55189,55544,55899,56254,56609,56964,57319,57674,58029,58384,58739,59094,59449,59804,60159,60514,60869,61224,61579,61934,62289,62644,62999,-62671,-62316,-61961,-61606,-61251,-60896,-60541,-60186,-59831,-59476,-59121,-58766,-58411,-58220,-58056,-57701,-57346,-56991,-56636,-56281,-55926,-55571,-55216,-54861,-54506,-54151,-53796,-53441,-53086,-52731,-52376,-52021,-51666,-51311,-50956,-50601,-50246,-49891,-49536,-49181,-48826,-48471,-48116,-47761,-47406,-47051,-46696,-46341,-45986,-45631,-45276,-44921,-44566,-44211,-43856,-43501,-43146,-42791,-42436,-42081,-41726,-41371,-41016,-40661,-40306,-39951,-39596,-39241,-38886,-38531,-38176,-37821,-37466,-37111,-36756,-36401,-36046,-35691,-35336,-34981,-34626,-34271,-33916,-33561,-33206,-32851,-32496,-32141,-31786,-31431,-31076,-30721,-30366,-30011,-29656,-29301,-28946,-28591,-28236,-27881,-27526,-27171,-26816,-26461,-26106,-25751,-25396,-25041,-24686,-24331,-23976,-23621,-23266,-22911,-22556,-22201,-21846,-21491,-21136,-20781,-20426,-20071,-19716,-19361,-19006,-18651,-18296,-17941,-17586,-17231,-16876,-16521,-16166,-15811,-15456,-15101,-14746,-14391,-14036,-13681,-13326,-12971,-12616,-12261,-11906,-11551,-11196,-10841,-10486,-10131,-9776,-9421,-9066,-8711,-8356,-8001,-7646,-7291,-6936,-6581,-6226,-5871,-5516,-5161,-4806,-4451,-4096,-3741,-3386,-3031,-2676,-2321,-1966,-1611,-1256,-901,-546,-191,MAX=62999
165,520,875,1230,1585,1940,2295,2650,3005,3360,3715,4070,4425,4780,5135,5490,5845,6200,6555,6910,7265,7620,7975,8330,8685,9040,9395,9750,10105,10460,10815,11170,11525,11880,12235,12590,12945,13300,13655,14010,14365,14720,15075,15430,15785,16140,16495,16850,17205,17560,17915,18270,18625,18980,19335,19690,20045,20400,20755,21110,21465,21820,22175,22530,22885,23240,23595,23950,24305,24660,25015,25370,25725,26080,26435,26790,27145,27500,27855,28210,28565,28920,29275,29630,29985,30340,30695,31050,31405,31760,32115,32470,32825,33180,33535,33890,34245,34600,34955,35310,35665,36020,36375,36730,37085,37440,37795,38150,38505,38860,39215,39570,39925,40280,40635,40990,41345,41700,42055,42410,42765,43120,43475,43830,44185,44540,44895,45250,45605,45960,46315,46670,47025,47380,47735,48090,48445,48800,49155,49510,49865,50220,50575,50930,51285,51640,51995,52350,52705,53060,53415,53770,54125,54480,54835,55190,55545,55900,56255,56610,56965,57320,57675,58030,58385,58740,59095,59450,59805,60160,60515,60870,61225,61580,61935,62290,62645,63000,-62670,-62315,-61960,-61605,-61250,-60895,-60540,-60185,-59830,-59475,-59120,-58765,-58575,-58410,-58055,-57700,-57345,-56990,-56635,-56280,-55925,-55570,-55215,-54860,-54505,-54150,-53795,-53440,-53085,-52730,-52375,-52020,-51665,-51310,-50955,-50600,-50245,-49890,-49535,-49180,-48825,-48470,-48115,-47760,-47405,-47050,-46695,-46340,-45985,-45630,-45275,-44920,-44565,-44210,-43855,-43500,-43145,-42790,-42435,-42080,-41725,-41370,-41015,-40660,-40305,-39950,-39595,-39240,-38885,-38530,-38175,-37820,-37465,-37110,-36755,-36400,-36045,-35690,-35335,-34980,-34625,-34270,-33915,-33560,-33205,-32850,-32495,-32140,-31785,-31430,-31075,-30720,-30365,-30010,-29655,-29300,-28945,-28590,-28235,-27880,-27525,-27170,-26815,-26460,-26105,-25750,-25395,-25040,-24685,-24330,-23975,-23620,-23265,-22910,-22555,-22200,-21845,-21490,-21135,-20780,-20425,-20070,-19715,-19360,-19005,-18650,-18295,-17940,-17585,-17230,-16875,-16520,-16165,-15810,-15455,-15100,-14745,-14390,-14035,-13680,-13325,-12970,-12615,-12260,-11905,-11550,-11195,-10840,-10485,-10130,-9775,-9420,-9065,-8710,-8355,-8000,-7645,-7290,-6935,-6580,-6225,-5870,-5515,-5160,-4805,-4450,-4095,-3740,-3385,-3030,-2675,-2320,-1965,-1610,-1255,-900,-545,-190,MAX=63000
166,521,876,1231,1586,1941,2296,2651,3006,3361,3716,4071,4426,4781,5136,5491,5846,6201,6556,6911,7266,7621,7976,8331,8686,9041,9396,9751,10106,10461,10816,11171,11526,11881,12236,12591,12946,13301,13656,14011,14366,14721,15076,15431,15786,16141,16496,16851,17206,17561,17916,18271,18626,18981,19336,19691,20046,20401,20756,21111,21466,21821,22176,22531,22886,23241,23596,23951,24306,24661,25016,25371,25726,26081,26436,26791,27146,27501,27856,28211,28566,28921,29276,29631,29986,30341,30696,31051,31406,31761,32116,32471,32826,33181,33536,33891,34246,34601,34956,35311,35666,36021,36376,36731,37086,37441,37796,38151,38506,38861,39216,39571,39926,40281,40636,40991,41346,41701,42056,42411,42766,43121,43476,43831,44186,44541,44896,45251,45606,45961,46316,46671,47026,47381,47736,48091,48446,48801,49156,49511,49866,50221,50576,50931,51286,51641,51996,52351,52706,53061,53416,53771,54126,54481,54836,55191,55546,55901,56256,56611,56966,57321,57676,58031,58386,58741,59096,59451,59806,60161,60516,60871,61226,61581,61936,62291,62646,63001,-62669,-62314,-61959,-61604,-61249,-60894,-60539,-60184,-59829,-59474,-59119,-58930,-58764,-58409,-58054,-57699,-57344,-56989,-56634,-56279,-55924,-55569,-55214,-54859,-54504,-54149,-53794,-53439,-53084,-52729,-52374,-52019,-51664,-51309,-50954,-50599,-50244,-49889,-49534,-49179,-48824,-48469,-48114,-47759,-47404,-47049,-46694,-46339,-45984,-45629,-45274,-44919,-44564,-44209,-43854,-43499,-43144,-42789,-42434,-42079,-41724,-41369,-41014,-40659,-40304,-39949,-39594,-39239,-38884,-38529,-38174,-37819,-37464,-37109,-36754,-36399,-36044,-35689,-35334,-34979,-34624,-34269,-33914,-33559,-33204,-32849,-32494,-32139,-31784,-31429,-31074,-30719,-30364,-30009,-29654,-29299,-28944,-28589,-28234,-27879,-27524,-27169,-26814,-26459,-26104,-25749,-25394,-25039,-24684,-24329,-23974,-23619,-23264,-22909,-22554,-22199,-21844,-21489,-21134,-20779,-20424,-20069,-19714,-19359,-19004,-18649,-18294,-17939,-17584,-17229,-16874,-16519,-16164,-15809,-15454,-15099,-14744,-14389,-14034,-13679,-13324,-12969,-12614,-12259,-11904,-11549,-11194,-10839,-10484,-10129,-9774,-9419,-9064,-8709,-8354,-7999,-7644,-7289,-6934,-6579,-6224,-5869,-5514,-5159,-4804,-4449,-4094,-3739,-3384,-3029,-2674,-2319,-1964,-1609,-1254,-899,-544,-189,MAX=63001
167,522,877,1232,1587,1942,2297,2652,3007,3362,3717,4072,4427,4782,5137,5492,5847,6202,6557,6912,7267,7622,7977,8332,8687,9042,9397,9752,10107,10462,10817,11172,11527,11882,12237,12592,12947,13302,13657,14012,14367,14722,15077,15432,15787,16142,16497,16852,17207,17562,17917,18272,18627,18982,19337,19692,20047,20402,20757,21112,21467,21822,22177,22532,22887,23242,23597,23952,24307,24662,25017,25372,25727,26082,26437,26792,27147,27502,27857,28212,28567,28922,29277,29632,29987,30342,30697,31052,31407,31762,32117,32472,32827,33182,33537,33892,34247,34602,34957,35312,35667,36022,36377,36732,37087,37442,37797,38152,38507,38862,39217,39572,39927,40282,40637,40992,41347,41702,42057,42412,42767,43122,43477,43832,44187,44542,44897,45252,45607,45962,46317,46672,47027,47382,47737,48092,48447,48802,49157,49512,49867,50222,50577,50932,51287,51642,51997,52352,52707,53062,53417,53772,54127,54482,54837,55192,55547,55902,56257,56612,56967,57322,57677,58032,58387,58742,59097,59452,59807,60162,60517,60872,61227,61582,61937,62292,62647,63002,-62668,-62313,-61958,-61603,-61248,-60893,-60538,-60183,-59828,-59473,-59285,-59118,-58763,-58408,-58053,-57698,-57343,-56988,-56633,-56278,-55923,-55568,-55213,-54858,-54503,-54148,-53793,-53438,-53083,-52728,-52373,-52018,-51663,-51308,-50953,-50598,-50243,-49888,-49533,-49178,-48823,-48468,-48113,-47758,-47403,-47048,-46693,-46338,-45983,-45628,-45273,-44918,-44563,-44208,-43853,-43498,-43143,-42788,-42433,-42078,-41723,-41368,-41013,-40658,-40303,-39948,-39593,-39238,-38883,-38528,-38173,-37818,-37463,-37108,-36753,-36398,-36043,-35688,-35333,-34978,-34623,-34268,-33913,-33558,-33203,-32848,-32493,-32138,-31783,-31428,-31073,-30718,-30363,-30008,-29653,-29298,-28943,-28588,-28233,-27878,-27523,-27168,-26813,-26458,-26103,-25748,-25393,-25038,-24683,-24328,-23973,-23618,-23263,-22908,-22553,-22198,-21843,-21488,-21133,-20778,-20423,-20068,-19713,-19358,-19003,-18648,-18293,-17938,-17583,-17228,-16873,-16518,-16163,-15808,-15453,-15098,-14743,-14388,-14033,-13678,-13323,-12968,-12613,-12258,-11903,-11548,-11193,-10838,-10483,-10128,-9773,-9418,-9063,-8708,-8353,-7998,-7643,-7288,-6933,-6578,-6223,-5868,-5513,-5158,-4803,-4448,-4093,-3738,-3383,-3028,-2673,-2318,-1963,-1608,-1253,-898,-543,-188,MAX=63002
168,523,878,1233,1588,1943,2298,2653,3008,3363,3718,4073,4428,4783,5138,5493,5848,6203,6558,6913,7268,7623,7978,8333,8688,9043,9398,9753,10108,10463,10818,11173,11528,11883,12238,12593,12948,13303,13658,14013,14368,14723,15078,15433,15788,16143,16498,16853,17208,17563,17918,18273,18628,18983,19338,19693,20048,20403,20758,21113,21468,21823,22178,22533,22888,23243,23598,23953,24308,24663,25018,25373,25728,26083,26438,26793,27148,27503,27858,28213,28568,28923,29278,29633,29988,30343,30698,31053,31408,31763,32118,32473,32828,33183,33538,33893,34248,34603,34958,35313,35668,36023,36378,36733,37088,37443,37798,38153,38508,38863,39218,39573,39928,40283,40638,40993,41348,41703,42058,42413,42768,43123,43478,43833,44188,44543,44898,45253,45608,45963,46318,46673,47028,47383,47738,48093,48448,48803,49158,49513,49868,50223,50578,50933,51288,51643,51998,52353,52708,53063,53418,53773,54128,54483,54838,55193,55548,55903,56258,56613,56968,57323,57678,58033,58388,58743,59098,59453,59808,60163,60518,60873,61228,61583,61938,62293,62648,63003,-62667,-62312,-61957,-61602,-61247,-60892,-60537,-60182,-59827,-59640,-59472,-59117,-58762,-58407,-58052,-57697,-57342,-56987,-56632,-56277,-55922,-55567,-55212,-54857,-54502,-54147,-53792,-53437,-53082,-52727,-52372,-52017,-51662,-51307,-50952,-50597,-50242,-49887,-49532,-49177,-48822,-48467,-48112,-47757,-47402,-47047,-46692,-46337,-45982,-45627,-45272,-44917,-44562,-44207,-43852,-43497,-43142,-42787,-42432,-42077,-41722,-41367,-41012,-40657,-40302,-39947,-39592,-39237,-38882,-38527,-38172,-37817,-37462,-37107,-36752,-36397,-36042,-35687,-35332,-34977,-34622,-34267,-33912,-33557,-33202,-32847,-32492,-32137,-31782,-31427,-31072,-30717,-30362,-30007,-29652,-29297,-28942,-28587,-28232,-27877,-27522,-27167,-26812,-26457,-26102,-25747,-25392,-25037,-24682,-24327,-23972,-23617,-23262,-22907,-22552,-22197,-21842,-21487,-21132,-20777,-20422,-20067,-19712,-19357,-19002,-18647,-18292,-17937,-17582,-17227,-16872,-16517,-16162,-15807,-15452,-15097,-14742,-14387,-14032,-13677,-13322,-12967,-12612,-12257,-11902,-11547,-11192,-10837,-10482,-10127,-9772,-9417,-9062,-8707,-8352,-7997,-7642,-7287,-6932,-6577,-6222,-5867,-5512,-5157,-4802,-4447,-4092,-3737,-3382,-3027,-2672,-2317,-1962,-1607,-1252,-897,-542,-187,MAX=63003
169,524,879,1234,1589,1944,2299,2654,3009,3364,3719,4074,4429,4784,5139,5494,5849,6204,6559,6914,7269,7624,7979,8334,8689,9044,9399,9754,10109,10464,10819,11174,11529,11884,12239,12594,12949,13304,13659,14014,14369,14724,15079,15434,15789,16144,16499,16854,17209,17564,17919,18274,18629,18984,19339,19694,20049,20404,20759,21114,21469,21824,22179,22534,22889,23244,23599,23954,24309,24664,25019,25374,25729,26084,26439,26794,27149,27504,27859,28214,28569,28924,29279,29634,29989,30344,30699,31054,31409,31764,32119,32474,32829,33184,33539,33894,34249,34604,34959,35314,35669,36024,36379,36734,37089,37444,37799,38154,38509,38864,39219,39574,39929,40284,40639,40994,41349,41704,42059,42414,42769,43124,43479,43834,44189,44544,44899,45254,45609,45964,46319,46674,47029,47384,47739,48094,48449,48804,49159,49514,49869,50224,50579,50934,51289,51644,51999,52354,52709,53064,53419,53774,54129,54484,54839,55194,55549,55904,56259,56614,56969,57324,57679,58034,58389,58744,59099,59454,59809,60164,60519,60874,61229,61584,61939,62294,62649,63004,-62666,-62311,-61956,-61601,-61246,-60891,-60536,-60181,-59995,-59826,-59471,-59116,-58761,-58406,-58051,-57696,-57341,-56986,-56631,-56276,-55921,-55566,-55211,-54856,-54501,-54146,-53791,-53436,-53081,-52726,-52371,-52016,-51661,-51306,-50951,-50596,-50241,-49886,-49531,-49176,-48821,-48466,-48111,-47756,-47401,-47046,-46691,-46336,-45981,-45626,-45271,-44916,-44561,-44206,-43851,-43496,-43141,-42786,-42431,-42076,-41721,-41366,-41011,-40656,-40301,-39946,-39591,-39236,-38881,-38526,-38171,-37816,-37461,-37106,-36751,-36396,-36041,-35686,-35331,-34976,-34621,-34266,-33911,-33556,-33201,-32846,-32491,-32136,-31781,-31426,-31071,-30716,-30361,-30006,-29651,-29296,-28941,-28586,-28231,-27876,-27521,-27166,-26811,-26456,-26101,-25746,-25391,-25036,-24681,-24326,-23971,-23616,-23261,-22906,-22551,-22196,-21841,-21486,-21131,-20776,-20421,-20066,-19711,-19356,-19001,-18646,-18291,-17936,-17581,-17226,-16871,-16516,-16161,-15806,-15451,-15096,-14741,-14386,-14031,-13676,-13321,-12966,-12611,-12256,-11901,-11546,-11191,-10836,-10481,-10126,-9771,-9416,-9061,-8706,-8351,-7996,-7641,-7286,-6931,-6576,-6221,-5866,-5511,-5156,-4801,-4446,-4091,-3736,-3381,-3026,-2671,-2316,-1961,-1606,-1251,-896,-541,-186,MAX=63004
170,525,880,1235,1590,1945,2300,2655,3010,3365,3720,4075,4430,4785,5140,5495,5850,6205,6560,6915,7270,7625,7980,8335,8690,9045,9400,9755,10110,10465,10820,11175,11530,11885,12240,12595,12950,13305,13660,14015,14370,14725,15080,15435,15790,16145,16500,16855,17210,17565,17920,18275,18630,18985,19340,19695,20050,20405,20760,21115,21470,21825,22180,22535,22890,23245,23600,23955,24310,24665,25020,25375,25730,26085,26440,26795,27150,27505,27860,28215,28570,28925,29280,29635,29990,30345,30700,31055,31410,31765,32120,32475,32830,33185,33540,33895,34250,34605,34960,35315,35670,36025,36380,36735,37090,37445,37800,38155,38510,38865,39220,39575,39930,40285,40640,40995,41350,41705,42060,42415,42770,43125,43480,43835,44190,44545,44900,45255,45610,45965,46320,46675,47030,47385,47740,48095,48450,48805,49160,49515,49870,50225,50580,50935,51290,51645,52000,52355,52710,53065,53420,53775,54130,54485,54840,55195,55550,55905,56260,56615,56970,57325,57680,58035,58390,58745,59100,59455,59810,60165,60520,60875,61230,61585,61940,62295,62650,63005,-62665,-62310,-61955,-61600,-61245,-60890,-60535,-60350,-60180,-59825,-59470,-59115,-58760,-58405,-58050,-57695,-57340,-56985,-56630,-56275,-55920,-55565,-55210,-54855,-54500,-54145,-53790,-53435,-53080,-52725,-52370,-52015,-51660,-51305,-50950,-50595,-50240,-49885,-49530,-49175,-48820,-48465,-48110,-47755,-47400,-47045,-46690,-46335,-45980,-45625,-45270,-44915,-44560,-44205,-43850,-43495,-43140,-42785,-42430,-42075,-41720,-41365,-41010,-40655,-40300,-39945,-39590,-39235,-38880,-38525,-38170,-37815,-37460,-37105,-36750,-36395,-36040,-35685,-35330,-34975,-34620,-34265,-33910,-33555,-33200,-32845,-32490,-32135,-31780,-31425,-31070,-30715,-30360,-30005,-29650,-29295,-28940,-28585,-28230,-27875,-27520,-27165,-26810,-26455,-26100,-25745,-25390,-25035,-24680,-24325,-23970,-23615,-23260,-22905,-22550,-22195,-21840,-21485,-21130,-20775,-20420,-20065,-19710,-19355,-19000,-18645,-18290,-17935,-17580,-17225,-16870,-16515,-16160,-15805,-15450,-15095,-14740,-14385,-14030,-13675,-13320,-12965,-12610,-12255,-11900,-11545,-11190,-10835,-10480,-10125,-9770,-9415,-9060,-8705,-8350,-7995,-7640,-7285,-6930,-6575,-6220,-5865,-5510,-5155,-4800,-4445,-4090,-3735,-3380,-3025,-2670,-2315,-1960,-1605,-1250,-895,-540,-185,MAX=63005
171,526,881,1236,1591,1946,2301,2656,3011,3366,3721,4076,4431,4786,5141,5496,5851,6206,6561,6916,7271,7626,7981,8336,8691,9046,9401,9756,10111,10466,10821,11176,11531,11886,12241,12596,12951,13306,13661,14016,14371,14726,15081,15436,15791,16146,16501,16856,17211,17566,17921,18276,18631,18986,19341,19696,20051,20406,20761,21116,21471,21826,22181,22536,22891,23246,23601,23956,24311,24666,25021,25376,25731,26086,26441,26796,27151,27506,27861,28216,28571,28926,29281,29636,29991,30346,30701,31056,31411,31766,32121,32476,32831,33186,33541,33896,34251,34606,34961,35316,35671,36026,36381,36736,37091,37446,37801,38156,38511,38866,39221,39576,39931,40286,40641,40996,41351,41706,42061,42416,42771,43126,43481,43836,44191,44546,44901,45256,45611,45966,46321,46676,47031,47386,47741,48096,48451,48806,49161,49516,49871,50226,50581,50936,51291,51646,52001,52356,52711,53066,53421,53776,54131,54486,54841,55196,55551,55906,56261,56616,56971,57326,57681,58036,58391,58746,59101,59456,59811,60166,60521,60876,61231,61586,61941,62296,62651,63006,-62664,-62309,-61954,-61599,-61244,-60889,-60705,-60534,-60179,-59824,-59469,-59114,-58759,-58404,-58049,-57694,-57339,-56984,-56629,-56274,-55919,-55564,-55209,-54854,-54499,-54144,-53789,-53434,-53079,-52724,-52369,-52014,-51659,-51304,-50949,-50594,-50239,-49884,-49529,-49174,-48819,-48464,-48109,-47754,-47399,-47044,-46689,-46334,-45979,-45624,-45269,-44914,-44559,-44204,-43849,-43494,-43139,-42784,-42429,-42074,-41719,-41364,-41009,-40654,-40299,-39944,-39589,-39234,-38879,-38524,-38169,-37814,-37459,-37104,-36749,-36394,-36039,-35684,-35329,-34974,-34619,-34264,-33909,-33554,-33199,-32844,-32489,-32134,-31779,-31424,-31069,-30714,-30359,-30004,-29649,-29294,-28939,-28584,-28229,-27874,-27519,-27164,-26809,-26454,-26099,-25744,-25389,-25034,-24679,-24324,-23969,-23614,-23259,-22904,-22549,-22194,-21839,-21484,-21129,-20774,-20419,-20064,-19709,-19354,-18999,-18644,-18289,-17934,-17579,-17224,-16869,-16514,-16159,-15804,-15449,-15094,-14739,-14384,-14029,-13674,-13319,-12964,-12609,-12254,-11899,-11544,-11189,-10834,-10479,-10124,-9769,-9414,-9059,-8704,-8349,-7994,-7639,-7284,-6929,-6574,-6219,-5864,-5509,-5154,-4799,-4444,-4089,-3734,-3379,-3024,-2669,-2314,-1959,-1604,-1249,-894,-539,-184,MAX=63006
172,527,882,1237,1592,1947,2302,2657,3012,3367,3722,4077,4432,4787,5142,5497,5852,6207,6562,6917,7272,7627,7982,8337,8692,9047,9402,9757,10112,10467,10822,11177,11532,11887,12242,12597,12952,13307,13662,14017,14372,14727,15082,15437,15792,16147,16502,16857,17212,17567,17922,18277,18632,18987,19342,19697,20052,20407,20762,21117,21472,21827,22182,22537,22892,23247,23602,23957,24312,24667,25022,25377,25732,26087,26442,26797,27152,27507,27862,28217,28572,28927,29282,29637,29992,30347,30702,31057,31412,31767,32122,32477,32832,33187,33542,33897,34252,34607,34962,35317,35672,36027,36382,36737,37092,37447,37802,38157,38512,38867,39222,39577,39932,40287,40642,40997,41352,41707,42062,42417,42772,43127,43482,43837,44192,44547,44902,45257,45612,45967,46322,46677,47032,47387,47742,48097,48452,48807,49162,49517,49872,50227,50582,50937,51292,51647,52002,52357,52712,53067,53422,53777,54132,54487,54842,55197,55552,55907,56262,56617,56972,57327,57682,58037,58392,58747,59102,59457,59812,60167,60522,60877,61232,61587,61942,62297,62652,63007,-62663,-62308,-61953,-61598,-61243,-61060,-60888,-60533,-60178,-59823,-59468,-59113,-58758,-58403,-58048,-57693,-57338,-56983,-56628,-56273,-55918,-55563,-55208,-54853,-54498,-54143,-53788,-53433,-53078,-52723,-52368,-52013,-51658,-51303,-50948,-50593,-50238,-49883,-49528,-49173,-48818,-48463,-48108,-47753,-47398,-47043,-46688,-46333,-45978,-45623,-45268,-44913,-44558,-44203,-43848,-43493,-43138,-42783,-42428,-42073,-41718,-41363,-41008,-40653,-40298,-39943,-39588,-39233,-38878,-38523,-38168,-37813,-37458,-37103,-36748,-36393,-36038,-35683,-35328,-34973,-34618,-34263,-33908,-33553,-33198,-32843,-32488,-32133,-31778,-31423,-31068,-30713,-30358,-30003,-29648,-29293,-28938,-28583,-28228,-27873,-27518,-27163,-26808,-26453,-26098,-25743,-25388,-25033,-24678,-24323,-23968,-23613,-23258,-22903,-22548,-22193,-21838,-21483,-21128,-20773,-20418,-20063,-19708,-19353,-18998,-18643,-18288,-17933,-17578,-17223,-16868,-16513,-16158,-15803,-15448,-15093,-14738,-14383,-14028,-13673,-13318,-12963,-12608,-12253,-11898,-11543,-11188,-10833,-10478,-10123,-9768,-9413,-9058,-8703,-8348,-7993,-7638,-7283,-6928,-6573,-6218,-5863,-5508,-5153,-4798,-4443,-4088,-3733,-3378,-3023,-2668,-2313,-1958,-1603,-1248,-893,-538,-183,MAX=63007
173,528,883,1238,1593,1948,2303,2658,3013,3368,3723,4078,4433,4788,5143,5498,5853,6208,6563,6918,7273,7628,7983,8338,8693,9048,9403,9758,10113,10468,10823,11178,11533,11888,12243,12598,12953,13308,13663,14018,14373,14728,15083,15438,15793,16148,16503,16858,17213,17568,17923,18278,18633,18988,19343,19698,20053,20408,20763,21118,21473,21828,22183,22538,22893,23248,23603,23958,24313,24668,25023,25378,25733,26088,26443,26798,27153,27508,27863,28218,28573,28928,29283,29638,29993,30348,30703,31058,31413,31768,32123,32478,32833,33188,33543,33898,34253,34608,34963,35318,35673,36028,36383,36738,37093,37448,37803,38158,38513,38868,39223,39578,39933,40288,40643,40998,41353,41708,42063,42418,42773,43128,43483,43838,44193,44548,44903,45258,45613,45968,46323,46678,47033,47388,47743,48098,48453,48808,49163,49518,49873,50228,50583,50938,51293,51648,52003,52358,52713,53068,53423,53778,54133,54488,54843,55198,55553,55908,56263,56618,56973,57328,57683,58038,58393,58748,59103,59458,59813,60168,60523,60878,61233,61588,61943,62298,62653,63008,-62662,-62307,-61952,-61597,-61415,-61242,-60887,-60532,-60177,-59822,-59467,-59112,-58757,-58402,-58047,-57692,-57337,-56982,-56627,-56272,-55917,-55562,-55207,-54852,-54497,-54142,-53787,-53432,-53077,-52722,-52367,-52012,-51657,-51302,-50947,-50592,-50237,-49882,-49527,-49172,-48817,-48462,-48107,-47752,-47397,-47042,-46687,-46332,-45977,-45622,-45267,-44912,-44557,-44202,-43847,-43492,-43137,-42782,-42427,-42072,-41717,-41362,-41007,-40652,-40297,-39942,-39587,-39232,-38877,-38522,-38167,-37812,-37457,-37102,-36747,-36392,-36037,-35682,-35327,-34972,-34617,-34262,-33907,-33552,-33197,-32842,-32487,-32132,-31777,-31422,-31067,-30712,-30357,-30002,-29647,-29292,-28937,-28582,-28227,-27872,-27517,-27162,-26807,-26452,-26097,-25742,-25387,-25032,-24677,-24322,-23967,-23612,-23257,-22902,-22547,-22192,-21837,-21482,-21127,-20772,-20417,-20062,-19707,-19352,-18997,-18642,-18287,-17932,-17577,-17222,-16867,-16512,-16157,-15802,-15447,-15092,-14737,-14382,-14027,-13672,-13317,-12962,-12607,-12252,-11897,-11542,-11187,-10832,-10477,-10122,-9767,-9412,-9057,-8702,-8347,-7992,-7637,-7282,-6927,-6572,-6217,-5862,-5507,-5152,-4797,-4442,-4087,-3732,-3377,-3022,-2667,-2312,-1957,-1602,-1247,-892,-537,-182,MAX=63008
174,529,884,1239,1594,1949,2304,2659,3014,3369,3724,4079,4434,4789,5144,5499,5854,6209,6564,6919,7274,7629,7984,8339,8694,9049,9404,9759,10114,10469,10824,11179,11534,11889,12244,12599,12954,13309,13664,14019,14374,14729,15084,15439,15794,16149,16504,16859,17214,17569,17924,18279,18634,18989,19344,19699,20054,20409,20764,21119,21474,21829,22184,22539,22894,23249,23604,23959,24314,24669,25024,25379,25734,26089,26444,26799,27154,27509,27864,28219,28574,28929,29284,29639,29994,30349,30704,31059,31414,31769,32124,32479,32834,33189,33544,33899,34254,34609,34964,35319,35674,36029,36384,36739,37094,37449,37804,38159,38514,38869,39224,39579,39934,40289,40644,40999,41354,41709,42064,42419,42774,43129,43484,43839,44194,44549,44904,45259,45614,45969,46324,46679,47034,47389,47744,48099,48454,48809,49164,49519,49874,50229,50584,50939,51294,51649,52004,52359,52714,53069,53424,53779,54134,54489,54844,55199,55554,55909,56264,56619,56974,57329,57684,58039,58394,58749,59104,59459,59814,60169,60524,60879,61234,61589,61944,62299,62654,63009,-62661,-62306,-61951,-61770,-61596,-61241,-60886,-60531,-60176,-59821,-59466,-59111,-58756,-58401,-58046,-57691,-57336,-56981,-56626,-56271,-55916,-55561,-55206,-54851,-54496,-54141,-53786,-53431,-53076,-52721,-52366,-52011,-51656,-51301,-50946,-50591,-50236,-49881,-49526,-49171,-48816,-48461,-48106,-47751,-47396,-47041,-46686,-46331,-45976,-45621,-45266,-44911,-44556,-44201,-43846,-43491,-43136,-42781,-42426,-42071,-41716,-41361,-41006,-40651,-40296,-39941,-39586,-39231,-38876,-38521,-38166,-37811,-37456,-37101,-36746,-36391,-36036,-35681,-35326,-34971,-34616,-34261,-33906,-33551,-33196,-32841,-32486,-32131,-31776,-31421,-31066,-30711,-30356,-30001,-29646,-29291,-28936,-28581,-28226,-27871,-27516,-27161,-26806,-26451,-26096,-25741,-25386,-25031,-24676,-24321,-23966,-23611,-23256,-22901,-22546,-22191,-21836,-21481,-21126,-20771,-20416,-20061,-19706,-19351,-18996,-18641,-18286,-17931,-17576,-17221,-16866,-16511,-16156,-15801,-15446,-15091,-14736,-14381,-14026,-13671,-13316,-12961,-12606,-12251,-11896,-11541,-11186,-10831,-10476,-10121,-9766,-9411,-9056,-8701,-8346,-7991,-7636,-7281,-6926,-6571,-6216,-5861,-5506,-5151,-4796,-4441,-4086,-3731,-3376,-3021,-2666,-2311,-1956,-1601,-1246,-891,-536,-181,MAX=63009
175,530,885,1240,1595,1950,2305,2660,3015,3370,3725,4080,4435,4790,5145,5500,5855,6210,6565,6920,7275,7630,7985,8340,8695,9050,9405,9760,10115,10470,10825,11180,11535,11890,12245,12600,12955,13310,13665,14020,14375,14730,15085,15440,15795,16150,16505,16860,17215,17570,17925,18280,18635,18990,19345,19700,20055,20410,20765,21120,21475,21830,22185,22540,22895,23250,23605,23960,24315,24670,25025,25380,25735,26090,26445,26800,27155,27510,27865,28220,28575,28930,29285,29640,29995,30350,30705,31060,31415,31770,32125,32480,32835,33190,33545,33900,34255,34610,34965,35320,35675,36030,36385,36740,37095,37450,37805,38160,38515,38870,39225,39580,39935,40290,40645,41000,41355,41710,42065,42420,42775,43130,43485,43840,44195,44550,44905,45260,45615,45970,46325,46680,47035,47390,47745,48100,48455,48810,49165,49520,49875,50230,50585,50940,51295,51650,52005,52360,52715,53070,53425,53780,54135,54490,54845,55200,55555,55910,56265,56620,56975,57330,57685,58040,58395,58750,59105,59460,59815,60170,60525,60880,61235,61590,61945,62300,62655,63010,-62660,-62305,-62125,-61950,-61595,-61240,-60885,-60530,-60175,-59820,-59465,-59110,-58755,-58400,-58045,-57690,-57335,-56980,-56625,-56270,-55915,-55560,-55205,-54850,-54495,-54140,-53785,-53430,-53075,-52720,-52365,-52010,-51655,-51300,-50945,-50590,-50235,-49880,-49525,-49170,-48815,-48460,-48105,-47750,-47395,-47040,-46685,-46330,-45975,-45620,-45265,-44910,-44555,-44200,-43845,-43490,-43135,-42780,-42425,-42070,-41715,-41360,-41005,-40650,-40295,-39940,-39585,-39230,-38875,-38520,-38165,-37810,-37455,-37100,-36745,-36390,-36035,-35680,-35325,-34970,-34615,-34260,-33905,-33550,-33195,-32840,-32485,-32130,-31775,-31420,-31065,-30710,-30355,-30000,-29645,-29290,-28935,-28580,-28225,-27870,-27515,-27160,-26805,-26450,-26095,-25740,-25385,-25030,-24675,-24320,-23965,-23610,-23255,-22900,-22545,-22190,-21835,-21480,-21125,-20770,-20415,-20060,-19705,-19350,-18995,-18640,-18285,-17930,-17575,-17220,-16865,-16510,-16155,-15800,-15445,-15090,-14735,-14380,-14025,-13670,-13315,-12960,-12605,-12250,-11895,-11540,-11185,-10830,-10475,-10120,-9765,-9410,-9055,-8700,-8345,-7990,-7635,-7280,-6925,-6570,-6215,-5860,-5505,-5150,-4795,-4440,-4085,-3730,-3375,-3020,-2665,-2310,-1955,-1600,-1245,-890,-535,-180,MAX=63010
176,531,886,1241,1596,1951,2306,2661,3016,3371,3726,4081,4436,4791,5146,5501,5856,6211,6566,6921,7276,7631,7986,8341,8696,9051,9406,9761,10116,10471,10826,11181,11536,11891,12246,12601,12956,13311,13666,14021,14376,14731,15086,15441,15796,16151,16506,16861,17216,17571,17926,18281,18636,18991,19346,19701,20056,20411,20766,21121,21476,21831,22186,22541,22896,23251,23606,23961,24316,24671,25026,25381,25736,26091,26446,26801,27156,27511,27866,28221,28576,28931,29286,29641,29996,30351,30706,31061,31416,31771,32126,32481,32836,33191,33546,33901,34256,34611,34966,35321,35676,36031,36386,36741,37096,37451,37806,38161,38516,38871,39226,39581,39936,40291,40646,41001,41356,41711,42066,42421,42776,43131,43486,43841,44196,44551,44906,45261,45616,45971,46326,46681,47036,47391,47746,48101,48456,48811,49166,49521,49876,50231,50586,50941,51296,51651,52006,52361,52716,53071,53426,53781,54136,54491,54846,55201,55556,55911,56266,56621,56976,57331,57686,58041,58396,58751,59106,59461,59816,60171,60526,60881,61236,61591,61946,62301,62656,63011,-62659,-62480,-62304,-61949,-61594,-61239,-60884,-60529,-60174,-59819,-59464,-59109,-58754,-58399,-58044,-57689,-57334,-56979,-56624,-56269,-55914,-55559,-55204,-54849,-54494,-54139,-53784,-53429,-53074,-52719,-52364,-52009,-51654,-51299,-50944,-50589,-50234,-49879,-49524,-49169,-48814,-48459,-48104,-47749,-47394,-47039,-46684,-46329,-45974,-45619,-45264,-44909,-44554,-44199,-43844,-43489,-43134,-42779,-42424,-42069,-41714,-41359,-41004,-40649,-40294,-39939,-39584,-39229,-38874,-38519,-38164,-37809,-37454,-37099,-36744,-36389,-36034,-35679,-35324,-34969,-34614,-34259,-33904,-33549,-33194,-32839,-32484,-32129,-31774,-31419,-31064,-30709,-30354,-29999,-29644,-29289,-28934,-28579,-28224,-27869,-27514,-27159,-26804,-26449,-26094,-25739,-25384,-25029,-24674,-24319,-23964,-23609,-23254,-22899,-22544,-22189,-21834,-21479,-21124,-20769,-20414,-20059,-19704,-19349,-18994,-18639,-18284,-17929,-17574,-17219,-16864,-16509,-16154,-15799,-15444,-15089,-14734,-14379,-14024,-13669,-13314,-12959,-12604,-12249,-11894,-11539,-11184,-10829,-10474,-10119,-9764,-9409,-9054,-8699,-8344,-7989,-7634,-7279,-6924,-6569,-6214,-5859,-5504,-5149,-4794,-4439,-4084,-3729,-3374,-3019,-2664,-2309,-1954,-1599,-1244,-889,-534,-179,MAX=63011
177,532,887,1242,1597,1952,2307,2662,3017,3372,3727,4082,4437,4792,5147,5502,5857,6212,6567,6922,7277,7632,7987,8342,8697,9052,9407,9762,10117,10472,10827,11182,11537,11892,12247,12602,12957,13312,13667,14022,14377,14732,15087,15442,15797,16152,16507,16862,17217,17572,17927,18282,18637,18992,19347,19702,20057,20412,20767,21122,21477,21832,22187,22542,22897,23252,23607,23962,24317,24672,25027,25382,25737,26092,26447,26802,27157,27512,27867,28222,28577,28932,29287,29642,29997,30352,30707,31062,31417,31772,32127,32482,32837,33192,33547,33902,34257,34612,34967,35322,35677,36032,36387,36742,37097,37452,37807,38162,38517,38872,39227,39582,39937,40292,40647,41002,41357,41712,42067,42422,42777,43132,43487,43842,44197,44552,44907,45262,45617,45972,46327,46682,47037,47392,47747,48102,48457,48812,49167,49522,49877,50232,50587,50942,51297,51652,52007,52362,52717,53072,53427,53782,54137,54492,54847,55202,55557,55912,56267,56622,56977,57332,57687,58042,58397,58752,59107,59462,59817,60172,60527,60882,61237,61592,61947,62302,62657,63012,-62835,-62658,-62303,-61948,-61593,-61238,-60883,-60528,-60173,-59818,-59463,-59108,-58753,-58398,-58043,-57688,-57333,-56978,-56623,-56268,-55913,-55558,-55203,-54848,-54493,-54138,-53783,-53428,-53073,-52718,-52363,-52008,-51653,-51298,-50943,-50588,-50233,-49878,-49523,-49168,-48813,-48458,-48103,-47748,-47393,-47038,-46683,-46328,-45973,-45618,-45263,-44908,-44553,-44198,-43843,-43488,-43133,-42778,-42423,-42068,-41713,-41358,-41003,-40648,-40293,-39938,-39583,-39228,-38873,-38518,-38163,-37808,-37453,-37098,-36743,-36388,-36033,-35678,-35323,-34968,-34613,-34258,-33903,-33548,-33193,-32838,-32483,-32128,-31773,-31418,-31063,-30708,-30353,-29998,-29643,-29288,-28933,-28578,-28223,-27868,-27513,-27158,-26803,-26448,-26093,-25738,-25383,-25028,-24673,-24318,-23963,-23608,-23253,-22898,-22543,-22188,-21833,-21478,-21123,-20768,-20413,-20058,-19703,-19348,-18993,-18638,-18283,-17928,-17573,-17218,-16863,-16508,-16153,-15798,-15443,-15088,-14733,-14378,-14023,-13668,-13313,-12958,-12603,-12248,-11893,-11538,-11183,-10828,-10473,-10118,-9763,-9408,-9053,-8698,-8343,-7988,-7633,-7278,-6923,-6568,-6213,-5858,-5503,-5148,-4793,-4438,-4083,-3728,-3373,-3018,-2663,-2308,-1953,-1598,-1243,-888,-533,-178,MAX=63012
178,533,888,1243,1598,1953,2308,2663,3018,3373,3728,4083,4438,4793,5148,5503,5858,6213,6568,6923,7278,7633,7988,8343,8698,9053,9408,9763,10118,10473,10828,11183,11538,11893,12248,12603,12958,13313,13668,14023,14378,14733,15088,15443,15798,16153,16508,16863,17218,17573,17928,18283,18638,18993,19348,19703,20058,20413,20768,21123,21478,21833,22188,22543,22898,23253,23608,23963,24318,24673,25028,25383,25738,26093,26448,26803,27158,27513,27868,28223,28578,28933,29288,29643,29998,30353,30708,31063,31418,31773,32128,32483,32838,33193,33548,33903,34258,34613,34968,35323,35678,36033,36388,36743,37098,37453,37808,38163,38518,38873,39228,39583,39938,40293,40648,41003,41358,41713,42068,42423,42778,43133,43488,43843,44198,44553,44908,45263,45618,45973,46328,46683,47038,47393,47748,48103,48458,48813,49168,49523,49878,50233,50588,50943,51298,51653,52008,52363,52718,53073,53428,53783,54138,54493,54848,55203,55558,55913,56268,56623,56978,57333,57688,58043,58398,58753,59108,59463,59818,60173,60528,60883,61238,61593,61948,62303,62658,62835,-63012,-62657,-62302,-61947,-61592,-61237,-60882,-60527,-60172,-59817,-59462,-59107,-58752,-58397,-58042,-57687,-57332,-56977,-56622,-56267,-55912,-55557,-55202,-54847,-54492,-54137,-53782,-53427,-53072,-52717,-52362,-52007,-51652,-51297,-50942,-50587,-50232,-49877,-49522,-49167,-48812,-48457,-48102,-47747,-47392,-47037,-46682,-46327,-45972,-45617,-45262,-44907,-44552,-44197,-43842,-43487,-43132,-42777,-42422,-42067,-41712,-41357,-41002,-40647,-40292,-39937,-39582,-39227,-38872,-38517,-38162,-37807,-37452,-37097,-36742,-36387,-36032,-35677,-35322,-34967,-34612,-34257,-33902,-33547,-33192,-32837,-32482,-32127,-31772,-31417,-31062,-30707,-30352,-29997,-29642,-29287,-28932,-28577,-28222,-27867,-27512,-27157,-26802,-26447,-26092,-25737,-25382,-25027,-24672,-24317,-23962,-23607,-23252,-22897,-22542,-22187,-21832,-21477,-21122,-20767,-20412,-20057,-19702,-19347,-18992,-18637,-18282,-17927,-17572,-17217,-16862,-16507,-16152,-15797,-15442,-15087,-14732,-14377,-14022,-13667,-13312,-12957,-12602,-12247,-11892,-11537,-11182,-10827,-10472,-10117,-9762,-9407,-9052,-8697,-8342,-7987,-7632,-7277,-6922,-6567,-6212,-5857,-5502,-5147,-4792,-4437,-4082,-3727,-3372,-3017,-2662,-2307,-1952,-1597,-1242,-887,-532,-177,MAX=-63012
179,534,889,1244,1599,1954,2309,2664,3019,3374,3729,4084,4439,4794,5149,5504,5859,6214,6569,6924,7279,7634,7989,8344,8699,9054,9409,9764,10119,10474,10829,11184,11539,11894,12249,12604,12959,13314,13669,14024,14379,14734,15089,15444,15799,16154,16509,16864,17219,17574,17929,18284,18639,18994,19349,19704,20059,20414,20769,21124,21479,21834,22189,22544,22899,23254,23609,23964,24319,24674,25029,25384,25739,26094,26449,26804,27159,27514,27869,28224,28579,28934,29289,29644,29999,30354,30709,31064,31419,31774,32129,32484,32839,33194,33549,33904,34259,34614,34969,35324,35679,36034,36389,36744,37099,37454,37809,38164,38519,38874,39229,39584,39939,40294,40649,41004,41359,41714,42069,42424,42779,43134,43489,43844,44199,44554,44909,45264,45619,45974,46329,46684,47039,47394,47749,48104,48459,48814,49169,49524,49879,50234,50589,50944,51299,51654,52009,52364,52719,53074,53429,53784,54139,54494,54849,55204,55559,55914,56269,56624,56979,57334,57689,58044,58399,58754,59109,59464,59819,60174,60529,60884,61239,61594,61949,62304,62480,62659,-63011,-62656,-62301,-61946,-61591,-61236,-60881,-60526,-60171,-59816,-59461,-59106,-58751,-58396,-58041,-57686,-57331,-56976,-56621,-56266,-55911,-55556,-55201,-54846,-54491,-54136,-53781,-53426,-53071,-52716,-52361,-52006,-51651,-51296,-50941,-50586,-50231,-49876,-49521,-49166,-48811,-48456,-48101,-47746,-47391,-47036,-46681,-46326,-45971,-45616,-45261,-44906,-44551,-44196,-43841,-43486,-43131,-42776,-42421,-42066,-41711,-41356,-41001,-40646,-40291,-39936,-39581,-39226,-38871,-38516,-38161,-37806,-37451,-37096,-36741,-36386,-36031,-35676,-35321,-34966,-34611,-34256,-33901,-33546,-33191,-32836,-32481,-32126,-31771,-31416,-31061,-30706,-30351,-29996,-29641,-29286,-28931,-28576,-28221,-27866,-27511,-27156,-26801,-26446,-26091,-25736,-25381,-25026,-24671,-24316,-23961,-23606,-23251,-22896,-22541,-22186,-21831,-21476,-21121,-20766,-20411,-20056,-19701,-19346,-18991,-18636,-18281,-17926,-17571,-17216,-16861,-16506,-16151,-15796,-15441,-15086,-14731,-14376,-14021,-13666,-13311,-12956,-12601,-12246,-11891,-11536,-11181,-10826,-10471,-10116,-9761,-9406,-9051,-8696,-8341,-7986,-7631,-7276,-6921,-6566,-6211,-5856,-5501,-5146,-4791,-4436,-4081,-3726,-3371,-3016,-2661,-2306,-1951,-1596,-1241,-886,-531,-176,MAX=-63011
180,535,890,1245,1600,1955,2310,2665,3020,3375,3730,4085,4440,4795,5150,5505,5860,6215,6570,6925,7280,7635,7990,8345,8700,9055,9410,9765,10120,10475,10830,11185,11540,11895,12250,12605,12960,13315,13670,14025,14380,14735,15090,15445,15800,16155,16510,16865,17220,17575,17930,18285,18640,18995,19350,19705,20060,20415,20770,21125,21480,21835,22190,22545,22900,23255,23610,23965,24320,24675,25030,25385,25740,26095,26450,26805,27160,27515,27870,28225,28580,28935,29290,29645,30000,30355,30710,31065,31420,31775,32130,32485,32840,33195,33550,33905,34260,34615,34970,35325,35680,36035,36390,36745,37100,37455,37810,38165,38520,38875,39230,39585,39940,40295,40650,41005,41360,41715,42070,42425,42780,43135,43490,43845,44200,44555,44910,45265,45620,45975,46330,46685,47040,47395,47750,48105,48460,48815,49170,49525,49880,50235,50590,50945,51300,51655,52010,52365,52720,53075,53430,53785,54140,54495,54850,55205,55560,55915,56270,56625,56980,57335,57690,58045,58400,58755,59110,59465,59820,60175,60530,60885,61240,61595,61950,62125,62305,62660,-63010,-62655,-62300,-61945,-61590,-61235,-60880,-60525,-60170,-59815,-59460,-59105,-58750,-58395,-58040,-57685,-57330,-56975,-56620,-56265,-55910,-55555,-55200,-54845,-54490,-54135,-53780,-53425,-53070,-52715,-52360,-52005,-51650,-51295,-50940,-50585,-50230,-49875,-49520,-49165,-48810,-48455,-48100,-47745,-47390,-47035,-46680,-46325,-45970,-45615,-45260,-44905,-44550,-44195,-43840,-43485,-43130,-42775,-42420,-42065,-41710,-41355,-41000,-40645,-40290,-39935,-39580,-39225,-38870,-38515,-38160,-37805,-37450,-37095,-36740,-36385,-36030,-35675,-35320,-34965,-34610,-34255,-33900,-33545,-33190,-32835,-32480,-32125,-31770,-31415,-31060,-30705,-30350,-29995,-29640,-29285,-28930,-28575,-28220,-27865,-27510,-27155,-26800,-26445,-26090,-25735,-25380,-25025,-24670,-24315,-23960,-23605,-23250,-22895,-22540,-22185,-21830,-21475,-21120,-20765,-20410,-20055,-19700,-19345,-18990,-18635,-18280,-17925,-17570,-17215,-16860,-16505,-16150,-15795,-15440,-15085,-14730,-14375,-14020,-13665,-13310,-12955,-12600,-12245,-11890,-11535,-11180,-10825,-10470,-10115,-9760,-9405,-9050,-8695,-8340,-7985,-7630,-7275,-6920,-6565,-6210,-5855,-5500,-5145,-4790,-4435,-4080,-3725,-3370,-3015,-2660,-2305,-1950,-1595,-1240,-885,-530,-175,MAX=-63010
181,536,891,1246,1601,1956,2311,2666,3021,3376,3731,4086,4441,4796,5151,5506,5861,6216,6571,6926,7281,7636,7991,8346,8701,9056,9411,9766,10121,10476,10831,11186,11541,11896,12251,12606,12961,13316,13671,14026,14381,14736,15091,15446,15801,16156,16511,16866,17221,17576,17931,18286,18641,18996,19351,19706,20061,20416,20771,21126,21481,21836,22191,22546,22901,23256,23611,23966,24321,24676,25031,25386,25741,26096,26451,26806,27161,27516,27871,28226,28581,28936,29291,29646,30001,30356,30711,31066,31421,31776,32131,32486,32841,33196,33551,33906,34261,34616,34971,35326,35681,36036,36391,36746,37101,37456,37811,38166,38521,38876,39231,39586,39941,40296,40651,41006,41361,41716,42071,42426,42781,43136,43491,43846,44201,44556,44911,45266,45621,45976,46331,46686,47041,47396,47751,48106,48461,48816,49171,49526,49881,50236,50591,50946,51301,51656,52011,52366,52721,53076,53431,53786,54141,54496,54851,55206,55561,55916,56271,56626,56981,57336,57691,58046,58401,58756,59111,59466,59821,60176,60531,60886,61241,61596,61770,61951,62306,62661,-63009,-62654,-62299,-61944,-61589,-61234,-60879,-60524,-60169,-59814,-59459,-59104,-58749,-58394,-58039,-57684,-57329,-56974,-56619,-56264,-55909,-55554,-55199,-54844,-54489,-54134,-53779,-53424,-53069,-52714,-52359,-52004,-51649,-51294,-50939,-50584,-50229,-49874,-49519,-49164,-48809,-48454,-48099,-47744,-47389,-47034,-46679,-46324,-45969,-45614,-45259,-44904,-44549,-44194,-43839,-43484,-43129,-42774,-42419,-42064,-41709,-41354,-40999,-40644,-40289,-39934,-39579,-39224,-38869,-38514,-38159,-37804,-37449,-37094,-36739,-36384,-36029,-35674,-35319,-34964,-34609,-34254,-33899,-33544,-33189,-32834,-32479,-32124,-31769,-31414,-31059,-30704,-30349,-29994,-29639,-29284,-28929,-28574,-28219,-27864,-27509,-27154,-26799,-26444,-26089,-25734,-25379,-25024,-24669,-24314,-23959,-23604,-23249,-22894,-22539,-22184,-21829,-21474,-21119,-20764,-20409,-20054,-19699,-19344,-18989,-18634,-18279,-17924,-17569,-17214,-16859,-16504,-16149,-15794,-15439,-15084,-14729,-14374,-14019,-13664,-13309,-12954,-12599,-12244,-11889,-11534,-11179,-10824,-10469,-10114,-9759,-9404,-9049,-8694,-8339,-7984,-7629,-7274,-6919,-6564,-6209,-5854,-5499,-5144,-4789,-4434,-4079,-3724,-3369,-3014,-2659,-2304,-1949,-1594,-1239,-884,-529,-174,MAX=-63009
182,537,892,1247,1602,1957,2312,2667,3022,3377,3732,4087,4442,4797,5152,5507,5862,6217,6572,6927,7282,7637,7992,8347,8702,9057,9412,9767,10122,10477,10832,11187,11542,11897,12252,12607,12962,13317,13672,14027,14382,14737,15092,15447,15802,16157,16512,16867,17222,17577,17932,18287,18642,18997,19352,19707,20062,20417,20772,21127,21482,21837,22192,22547,22902,23257,23612,23967,24322,24677,25032,25387,25742,26097,26452,26807,27162,27517,27872,28227,28582,28937,29292,29647,30002,30357,30712,31067,31422,31777,32132,32487,32842,33197,33552,33907,34262,34617,34972,35327,35682,36037,36392,36747,37102,37457,37812,38167,38522,38877,39232,39587,39942,40297,40652,41007,41362,41717,42072,42427,42782,43137,43492,43847,44202,44557,44912,45267,45622,45977,46332,46687,47042,47397,47752,48107,48462,48817,49172,49527,49882,50237,50592,50947,51302,51657,52012,52367,52722,53077,53432,53787,54142,54497,54852,55207,55562,55917,56272,56627,56982,57337,57692,58047,58402,58757,59112,59467,59822,60177,60532,60887,61242,61415,61597,61952,62307,62662,-63008,-62653,-62298,-61943,-61588,-61233,-60878,-60523,-60168,-59813,-59458,-59103,-58748,-58393,-58038,-57683,-57328,-56973,-56618,-56263,-55908,-55553,-55198,-54843,-54488,-54133,-53778,-53423,-53068,-52713,-52358,-52003,-51648,-51293,-50938,-50583,-50228,-49873,-49518,-49163,-48808,-48453,-48098,-47743,-47388,-47033,-46678,-46323,-45968,-45613,-45258,-44903,-44548,-44193,-43838,-43483,-43128,-42773,-42418,-42063,-41708,-41353,-40998,-40643,-40288,-39933,-39578,-39223,-38868,-38513,-38158,-37803,-37448,-37093,-36738,-36383,-36028,-35673,-35318,-34963,-34608,-34253,-33898,-33543,-33188,-32833,-32478,-32123,-31768,-31413,-31058,-30703,-30348,-29993,-29638,-29283,-28928,-28573,-28218,-27863,-27508,-27153,-26798,-26443,-26088,-25733,-25378,-25023,-24668,-24313,-23958,-23603,-23248,-22893,-22538,-22183,-21828,-21473,-21118,-20763,-20408,-20053,-19698,-19343,-18988,-18633,-18278,-17923,-17568,-17213,-16858,-16503,-16148,-15793,-15438,-15083,-14728,-14373,-14018,-13663,-13308,-12953,-12598,-12243,-11888,-11533,-11178,-10823,-10468,-10113,-9758,-9403,-9048,-8693,-8338,-7983,-7628,-7273,-6918,-6563,-6208,-5853,-5498,-5143,-4788,-4433,-4078,-3723,-3368,-3013,-2658,-2303,-1948,-1593,-1238,-883,-528,-173,MAX=-63008
183,538,893,1248,1603,1958,2313,2668,3023,3378,3733,4088,4443,4798,5153,5508,5863,6218,6573,6928,7283,7638,7993,8348,8703,9058,9413,9768,10123,10478,10833,11188,11543,11898,12253,12608,12963,13318,13673,14028,14383,14738,15093,15448,15803,16158,16513,16868,17223,17578,17933,18288,18643,18998,19353,19708,20063,20418,20773,21128,21483,21838,22193,22548,22903,23258,23613,23968,24323,24678,25033,25388,25743,26098,26453,26808,27163,27518,27873,28228,28583,28938,29293,29648,30003,30358,30713,31068,31423,31778,32133,32488,32843,33198,33553,33908,34263,34618,34973,35328,35683,36038,36393,36748,37103,37458,37813,38168,38523,38878,39233,39588,39943,40298,40653,41008,41363,41718,42073,42428,42783,43138,43493,43848,44203,44558,44913,45268,45623,45978,46333,46688,47043,47398,47753,48108,48463,48818,49173,49528,49883,50238,50593,50948,51303,51658,52013,52368,52723,53078,53433,53788,54143,54498,54853,55208,55563,55918,56273,56628,56983,57338,57693,58048,58403,58758,59113,59468,59823,60178,60533,60888,61060,61243,61598,61953,62308,62663,-63007,-62652,-62297,-61942,-61587,-61232,-60877,-60522,-60167,-59812,-59457,-59102,-58747,-58392,-58037,-57682,-57327,-56972,-56617,-56262,-55907,-55552,-55197,-54842,-54487,-54132,-53777,-53422,-53067,-52712,-52357,-52002,-51647,-51292,-50937,-50582,-50227,-49872,-49517,-49162,-48807,-48452,-48097,-47742,-47387,-47032,-46677,-46322,-45967,-45612,-45257,-44902,-44547,-44192,-43837,-43482,-43127,-42772,-42417,-42062,-41707,-41352,-40997,-40642,-40287,-39932,-39577,-39222,-38867,-38512,-38157,-37802,-37447,-37092,-36737,-36382,-36027,-35672,-35317,-34962,-34607,-34252,-33897,-33542,-33187,-32832,-32477,-32122,-31767,-31412,-31057,-30702,-30347,-29992,-29637,-29282,-28927,-28572,-28217,-27862,-27507,-27152,-26797,-26442,-26087,-25732,-25377,-25022,-24667,-24312,-23957,-23602,-23247,-22892,-22537,-22182,-21827,-21472,-21117,-20762,-20407,-20052,-19697,-19342,-18987,-18632,-18277,-17922,-17567,-17212,-16857,-16502,-16147,-15792,-15437,-15082,-14727,-14372,-14017,-13662,-13307,-12952,-12597,-12242,-11887,-11532,-11177,-10822,-10467,-10112,-9757,-9402,-9047,-8692,-8337,-7982,-7627,-7272,-6917,-6562,-6207,-5852,-5497,-5142,-4787,-4432,-4077,-3722,-3367,-3012,-2657,-2302,-1947,-1592,-1237,-882,-527,-172,MAX=-63007
184,539,894,1249,1604,1959,2314,2669,3024,3379,3734,4089,4444,4799,5154,5509,5864,6219,6574,6929,7284,7639,7994,8349,8704,9059,9414,9769,10124,10479,10834,11189,11544,11899,12254,12609,12964,13319,13674,14029,14384,14739,15094,15449,15804,16159,16514,16869,17224,17579,17934,18289,18644,18999,19354,19709,20064,20419,20774,21129,21484,21839,22194,22549,22904,23259,23614,23969,24324,24679,25034,25389,25744,26099,26454,26809,27164,27519,27874,28229,28584,28939,29294,29649,30004,30359,30714,31069,31424,31779,32134,32489,32844,33199,33554,33909,34264,34619,34974,35329,35684,36039,36394,36749,37104,37459,37814,38169,38524,38879,39234,39589,39944,40299,40654,41009,41364,41719,42074,42429,42784,43139,43494,43849,44204,44559,44914,45269,45624,45979,46334,46689,47044,47399,47754,48109,48464,48819,49174,49529,49884,50239,50594,50949,51304,51659,52014,52369,52724,53079,53434,53789,54144,54499,54854,55209,55564,55919,56274,56629,56984,57339,57694,58049,58404,58759,59114,59469,59824,60179,60534,60705,60889,61244,61599,61954,62309,62664,-63006,-62651,-62296,-61941,-61586,-61231,-60876,-60521,-60166,-59811,-59456,-59101,-58746,-58391,-58036,-57681,-57326,-56971,-56616,-56261,-55906,-55551,-55196,-54841,-54486,-54131,-53776,-53421,-53066,-52711,-52356,-52001,-51646,-51291,-50936,-50581,-50226,-49871,-49516,-49161,-48806,-48451,-48096,-47741,-47386,-47031,-46676,-46321,-45966,-45611,-45256,-44901,-44546,-44191,-43836,-43481,-43126,-42771,-42416,-42061,-41706,-41351,-40996,-40641,-40286,-39931,-39576,-39221,-38866,-38511,-38156,-37801,-37446,-37091,-36736,-36381,-36026,-35671,-35316,-34961,-34606,-34251,-33896,-33541,-33186,-32831,-32476,-32121,-31766,-31411,-31056,-30701,-30346,-29991,-29636,-29281,-28926,-28571,-28216,-27861,-27506,-27151,-26796,-26441,-26086,-25731,-25376,-25021,-24666,-24311,-23956,-23601,-23246,-22891,-22536,-22181,-21826,-21471,-21116,-20761,-20406,-20051,-19696,-19341,-18986,-18631,-18276,-17921,-17566,-17211,-16856,-16501,-16146,-15791,-15436,-15081,-14726,-14371,-14016,-13661,-13306,-12951,-12596,-12241,-11886,-11531,-11176,-10821,-10466,-10111,-9756,-9401,-9046,-8691,-8336,-7981,-7626,-7271,-6916,-6561,-6206,-5851,-5496,-5141,-4786,-4431,-4076,-3721,-3366,-3011,-2656,-2301,-1946,-1591,-1236,-881,-526,-171,MAX=-63006
185,540,895,1250,1605,1960,2315,2670,3025,3380,3735,4090,4445,4800,5155,5510,5865,6220,6575,6930,7285,7640,7995,8350,8705,9060,9415,9770,10125,10480,10835,11190,11545,11900,12255,12610,12965,13320,13675,14030,14385,14740,15095,15450,15805,16160,16515,16870,17225,17580,17935,18290,18645,19000,19355,19710,20065,20420,20775,21130,21485,21840,22195,22550,22905,23260,23615,23970,24325,24680,25035,25390,25745,26100,26455,26810,27165,27520,27875,28230,28585,28940,29295,29650,30005,30360,30715,31070,31425,31780,32135,32490,32845,33200,33555,33910,34265,34620,34975,35330,35685,36040,36395,36750,37105,37460,37815,38170,38525,38880,39235,39590,39945,40300,40655,41010,41365,41720,42075,42430,42785,43140,43495,43850,44205,44560,44915,45270,45625,45980,46335,46690,47045,47400,47755,48110,48465,48820,49175,49530,49885,50240,50595,50950,51305,51660,52015,52370,52725,53080,53435,53790,54145,54500,54855,55210,55565,55920,56275,56630,56985,57340,57695,58050,58405,58760,59115,59470,59825,60180,60350,60535,60890,61245,61600,61955,62310,62665,-63005,-62650,-62295,-61940,-61585,-61230,-60875,-60520,-60165,-59810,-59455,-59100,-58745,-58390,-58035,-57680,-57325,-56970,-56615,-56260,-55905,-55550,-55195,-54840,-54485,-54130,-53775,-53420,-53065,-52710,-52355,-52000,-51645,-51290,-50935,-50580,-50225,-49870,-49515,-49160,-48805,-48450,-48095,-47740,-47385,-47030,-46675,-46320,-45965,-45610,-45255,-44900,-44545,-44190,-43835,-43480,-43125,-42770,-42415,-42060,-41705,-41350,-40995,-40640,-40285,-39930,-39575,-39220,-38865,-38510,-38155,-37800,-37445,-37090,-36735,-36380,-36025,-35670,-35315,-34960,-34605,-34250,-33895,-33540,-33185,-32830,-32475,-32120,-31765,-31410,-31055,-30700,-30345,-29990,-29635,-29280,-28925,-28570,-28215,-27860,-27505,-27150,-26795,-26440,-26085,-25730,-25375,-25020,-24665,-24310,-23955,-23600,-23245,-22890,-22535,-22180,-21825,-21470,-21115,-20760,-20405,-20050,-19695,-19340,-18985,-18630,-18275,-17920,-17565,-17210,-16855,-16500,-16145,-15790,-15435,-15080,-14725,-14370,-14015,-13660,-13305,-12950,-12595,-12240,-11885,-11530,-11175,-10820,-10465,-10110,-9755,-9400,-9045,-8690,-8335,-7980,-7625,-7270,-6915,-6560,-6205,-5850,-5495,-5140,-4785,-4430,-4075,-3720,-3365,-3010,-2655,-2300,-1945,-1590,-1235,-880,-525,-170,MAX=-63005
186,541,896,1251,1606,1961,2316,2671,3026,3381,3736,4091,4446,4801,5156,5511,5866,6221,6576,6931,7286,7641,7996,8351,8706,9061,9416,9771,10126,10481,10836,11191,11546,11901,12256,12611,12966,13321,13676,14031,14386,14741,15096,15451,15806,16161,16516,16871,17226,17581,17936,18291,18646,19001,19356,19711,20066,20421,20776,21131,21486,21841,22196,22551,22906,23261,23616,23971,24326,24681,25036,25391,25746,26101,26456,26811,27166,27521,27876,28231,28586,28941,29296,29651,30006,30361,30716,31071,31426,31781,32136,32491,32846,33201,33556,33911,34266,34621,34976,35331,35686,36041,36396,36751,37106,37461,37816,38171,38526,38881,39236,39591,39946,40301,40656,41011,41366,41721,42076,42431,42786,43141,43496,43851,44206,44561,44916,45271,45626,45981,46336,46691,47046,47401,47756,48111,48466,48821,49176,49531,49886,50241,50596,50951,51306,51661,52016,52371,52726,53081,53436,53791,54146,54501,54856,55211,55566,55921,56276,56631,56986,57341,57696,58051,58406,58761,59116,59471,59826,59995,60181,60536,60891,61246,61601,61956,62311,62666,-63004,-62649,-62294,-61939,-61584,-61229,-60874,-60519,-60164,-59809,-59454,-59099,-58744,-58389,-58034,-57679,-57324,-56969,-56614,-56259,-55904,-55549,-55194,-54839,-54484,-54129,-53774,-53419,-53064,-52709,-52354,-51999,-51644,-51289,-50934,-50579,-50224,-49869,-49514,-49159,-48804,-48449,-48094,-47739,-47384,-47029,-46674,-46319,-45964,-45609,-45254,-44899,-44544,-44189,-43834,-43479,-43124,-42769,-42414,-42059,-41704,-41349,-40994,-40639,-40284,-39929,-39574,-39219,-38864,-38509,-38154,-37799,-37444,-37089,-36734,-36379,-36024,-35669,-35314,-34959,-34604,-34249,-33894,-33539,-33184,-32829,-32474,-32119,-31764,-31409,-31054,-30699,-30344,-29989,-29634,-29279,-28924,-28569,-28214,-27859,-27504,-27149,-26794,-26439,-26084,-25729,-25374,-25019,-24664,-24309,-23954,-23599,-23244,-22889,-22534,-22179,-21824,-21469,-21114,-20759,-20404,-20049,-19694,-19339,-18984,-18629,-18274,-17919,-17564,-17209,-16854,-16499,-16144,-15789,-15434,-15079,-14724,-14369,-14014,-13659,-13304,-12949,-12594,-12239,-11884,-11529,-11174,-10819,-10464,-10109,-9754,-9399,-9044,-8689,-8334,-7979,-7624,-7269,-6914,-6559,-6204,-5849,-5494,-5139,-4784,-4429,-4074,-3719,-3364,-3009,-2654,-2299,-1944,-1589,-1234,-879,-524,-169,MAX=-63004
187,542,897,1252,1607,1962,2317,2672,3027,3382,3737,4092,4447,4802,5157,5512,5867,6222,6577,6932,7287,7642,7997,8352,8707,9062,9417,9772,10127,10482,10837,11192,11547,11902,12257,12612,12967,13322,13677,14032,14387,14742,15097,15452,15807,16162,16517,16872,17227,17582,17937,18292,18647,19002,19357,19712,20067,20422,20777,21132,21487,21842,22197,22552,22907,23262,23617,23972,24327,24682,25037,25392,25747,26102,26457,26812,27167,27522,27877,28232,28587,28942,29297,29652,30007,30362,30717,31072,31427,31782,32137,32492,32847,33202,33557,33912,34267,34622,34977,35332,35687,36042,36397,36752,37107,37462,37817,38172,38527,38882,39237,39592,39947,40302,40657,41012,41367,41722,42077,42432,42787,43142,43497,43852,44207,44562,44917,45272,45627,45982,46337,46692,47047,47402,47757,48112,48467,48822,49177,49532,49887,50242,50597,50952,51307,51662,52017,52372,52727,53082,53437,53792,54147,54502,54857,55212,55567,55922,56277,56632,56987,57342,57697,58052,58407,58762,59117,59472,59640,59827,60182,60537,60892,61247,61602,61957,62312,62667,-63003,-62648,-62293,-61938,-61583,-61228,-60873,-60518,-60163,-59808,-59453,-59098,-58743,-58388,-58033,-57678,-57323,-56968,-56613,-56258,-55903,-55548,-55193,-54838,-54483,-54128,-53773,-53418,-53063,-52708,-52353,-51998,-51643,-51288,-50933,-50578,-50223,-49868,-49513,-49158,-48803,-48448,-48093,-47738,-47383,-47028,-46673,-46318,-45963,-45608,-45253,-44898,-44543,-44188,-43833,-43478,-43123,-42768,-42413,-42058,-41703,-41348,-40993,-40638,-40283,-39928,-39573,-39218,-38863,-38508,-38153,-37798,-37443,-37088,-36733,-36378,-36023,-35668,-35313,-34958,-34603,-34248,-33893,-33538,-33183,-32828,-32473,-32118,-31763,-31408,-31053,-30698,-30343,-29988,-29633,-29278,-28923,-28568,-28213,-27858,-27503,-27148,-26793,-26438,-26083,-25728,-25373,-25018,-24663,-24308,-23953,-23598,-23243,-22888,-22533,-22178,-21823,-21468,-21113,-20758,-20403,-20048,-19693,-19338,-18983,-18628,-18273,-17918,-17563,-17208,-16853,-16498,-16143,-15788,-15433,-15078,-14723,-14368,-14013,-13658,-13303,-12948,-12593,-12238,-11883,-11528,-11173,-10818,-10463,-10108,-9753,-9398,-9043,-8688,-8333,-7978,-7623,-7268,-6913,-6558,-6203,-5848,-5493,-5138,-4783,-4428,-4073,-3718,-3363,-3008,-2653,-2298,-1943,-1588,-1233,-878,-523,-168,MAX=-63003
188,543,898,1253,1608,1963,2318,2673,3028,3383,3738,4093,4448,4803,5158,5513,5868,6223,6578,6933,7288,7643,7998,8353,8708,9063,9418,9773,10128,10483,10838,11193,11548,11903,12258,12613,12968,13323,13678,14033,14388,14743,15098,15453,15808,16163,16518,16873,17228,17583,17938,18293,18648,19003,19358,19713,20068,20423,20778,21133,21488,21843,22198,22553,22908,23263,23618,23973,24328,24683,25038,25393,25748,26103,26458,26813,27168,27523,27878,28233,28588,28943,29298,29653,30008,30363,30718,31073,31428,31783,32138,32493,32848,33203,33558,33913,34268,34623,34978,35333,35688,36043,36398,36753,37108,37463,37818,38173,38528,38883,39238,39593,39948,40303,40658,41013,41368,41723,42078,42433,42788,43143,43498,43853,44208,44563,44918,45273,45628,45983,46338,46693,47048,47403,47758,48113,48468,48823,49178,49533,49888,50243,50598,50953,51308,51663,52018,52373,52728,53083,53438,53793,54148,54503,54858,55213,55568,55923,56278,56633,56988,57343,57698,58053,58408,58763,59118,59285,59473,59828,60183,60538,60893,61248,61603,61958,62313,62668,-63002,-62647,-62292,-61937,-61582,-61227,-60872,-60517,-60162,-59807,-59452,-59097,-58742,-58387,-58032,-57677,-57322,-56967,-56612,-56257,-55902,-55547,-55192,-54837,-54482,-54127,-53772,-53417,-53062,-52707,-52352,-51997,-51642,-51287,-50932,-50577,-50222,-49867,-49512,-49157,-48802,-48447,-48092,-47737,-47382,-47027,-46672,-46317,-45962,-45607,-45252,-44897,-44542,-44187,-43832,-43477,-43122,-42767,-42412,-42057,-41702,-41347,-40992,-40637,-40282,-39927,-39572,-39217,-38862,-38507,-38152,-37797,-37442,-37087,-36732,-36377,-36022,-35667,-35312,-34957,-34602,-34247,-33892,-33537,-33182,-32827,-32472,-32117,-31762,-31407,-31052,-30697,-30342,-29987,-29632,-29277,-28922,-28567,-28212,-27857,-27502,-27147,-26792,-26437,-26082,-25727,-25372,-25017,-24662,-24307,-23952,-23597,-23242,-22887,-22532,-22177,-21822,-21467,-21112,-20757,-20402,-20047,-19692,-19337,-18982,-18627,-18272,-17917,-17562,-17207,-16852,-16497,-16142,-15787,-15432,-15077,-14722,-14367,-14012,-13657,-13302,-12947,-12592,-12237,-11882,-11527,-11172,-10817,-10462,-10107,-9752,-9397,-9042,-8687,-8332,-7977,-7622,-7267,-6912,-6557,-6202,-5847,-5492,-5137,-4782,-4427,-4072,-3717,-3362,-3007,-2652,-2297,-1942,-1587,-1232,-877,-522,-167,MAX=-63002
189,544,899,1254,1609,1964,2319,2674,3029,3384,3739,4094,4449,4804,5159,5514,5869,6224,6579,6934,7289,7644,7999,8354,8709,9064,9419,9774,10129,10484,10839,11194,11549,11904,12259,12614,12969,13324,13679,14034,14389,14744,15099,15454,15809,16164,16519,16874,17229,17584,17939,18294,18649,19004,19359,19714,20069,20424,20779,21134,21489,21844,22199,22554,22909,23264,23619,23974,24329,24684,25039,25394,25749,26104,26459,26814,27169,27524,27879,28234,28589,28944,29299,29654,30009,30364,30719,31074,31429,31784,32139,32494,32849,33204,33559,33914,34269,34624,34979,35334,35689,36044,36399,36754,37109,37464,37819,38174,38529,38884,39239,39594,39949,40304,40659,41014,41369,41724,42079,42434,42789,43144,43499,43854,44209,44564,44919,45274,45629,45984,46339,46694,47049,47404,47759,48114,48469,48824,49179,49534,49889,50244,50599,50954,51309,51664,52019,52374,52729,53084,53439,53794,54149,54504,54859,55214,55569,55924,56279,56634,56989,57344,57699,58054,58409,58764,58930,59119,59474,59829,60184,60539,60894,61249,61604,61959,62314,62669,-63001,-62646,-62291,-61936,-61581,-61226,-60871,-60516,-60161,-59806,-59451,-59096,-58741,-58386,-58031,-57676,-57321,-56966,-56611,-56256,-55901,-55546,-55191,-54836,-54481,-54126,-53771,-53416,-53061,-52706,-52351,-51996,-51641,-51286,-50931,-50576,-50221,-49866,-49511,-49156,-48801,-48446,-48091,-47736,-47381,-47026,-46671,-46316,-45961,-45606,-45251,-44896,-44541,-44186,-43831,-43476,-43121,-42766,-42411,-42056,-41701,-41346,-40991,-40636,-40281,-39926,-39571,-39216,-38861,-38506,-38151,-37796,-37441,-37086,-36731,-36376,-36021,-35666,-35311,-34956,-34601,-34246,-33891,-33536,-33181,-32826,-32471,-32116,-31761,-31406,-31051,-30696,-30341,-29986,-29631,-29276,-28921,-28566,-28211,-27856,-27501,-27146,-26791,-26436,-26081,-25726,-25371,-25016,-24661,-24306,-23951,-23596,-23241,-22886,-22531,-22176,-21821,-21466,-21111,-20756,-20401,-20046,-19691,-19336,-18981,-18626,-18271,-17916,-17561,-17206,-16851,-16496,-16141,-15786,-15431,-15076,-14721,-14366,-14011,-13656,-13301,-12946,-12591,-12236,-11881,-11526,-11171,-10816,-10461,-10106,-9751,-9396,-9041,-8686,-8331,-7976,-7621,-7266,-6911,-6556,-6201,-5846,-5491,-5136,-4781,-4426,-4071,-3716,-3361,-3006,-2651,-2296,-1941,-1586,-1231,-876,-521,-166,MAX=-63001
190,545,900,1255,1610,1965,2320,2675,3030,3385,3740,4095,4450,4805,5160,5515,5870,6225,6580,6935,7290,7645,8000,8355,8710,9065,9420,9775,10130,10485,10840,11195,11550,11905,12260,12615,12970,13325,13680,14035,14390,14745,15100,15455,15810,16165,16520,16875,17230,17585,17940,18295,18650,19005,19360,19715,20070,20425,20780,21135,21490,21845,22200,22555,22910,23265,23620,23975,24330,24685,25040,25395,25750,26105,26460,26815,27170,27525,27880,28235,28590,28945,29300,29655,30010,30365,30720,31075,31430,31785,32140,32495,32850,33205,33560,33915,34270,34625,34980,35335,35690,36045,36400,36755,37110,37465,37820,38175,38530,38885,39240,39595,39950,40305,40660,41015,41370,41725,42080,42435,42790,43145,43500,43855,44210,44565,44920,45275,45630,45985,46340,46695,47050,47405,47760,48115,48470,48825,49180,49535,49890,50245,50600,50955,51310,51665,52020,52375,52730,53085,53440,53795,54150,54505,54860,55215,55570,55925,56280,56635,56990,57345,57700,58055,58410,58575,58765,59120,59475,59830,60185,60540,60895,61250,61605,61960,62315,62670,-63000,-62645,-62290,-61935,-61580,-61225,-60870,-60515,-60160,-59805,-59450,-59095,-58740,-58385,-58030,-57675,-57320,-56965,-56610,-56255,-55900,-55545,-55190,-54835,-54480,-54125,-53770,-53415,-53060,-52705,-52350,-51995,-51640,-51285,-50930,-50575,-50220,-49865,-49510,-49155,-48800,-48445,-48090,-47735,-47380,-47025,-46670,-46315,-45960,-45605,-45250,-44895,-44540,-44185,-43830,-43475,-43120,-42765,-42410,-42055,-41700,-41345,-40990,-40635,-40280,-39925,-39570,-39215,-38860,-38505,-38150,-37795,-37440,-37085,-36730,-36375,-36020,-35665,-35310,-34955,-34600,-34245,-33890,-33535,-33180,-32825,-32470,-32115,-31760,-31405,-31050,-30695,-30340,-29985,-29630,-29275,-28920,-28565,-28210,-27855,-27500,-27145,-26790,-26435,-26080,-25725,-25370,-25015,-24660,-24305,-23950,-23595,-23240,-22885,-22530,-22175,-21820,-21465,-21110,-20755,-20400,-20045,-19690,-19335,-18980,-18625,-18270,-17915,-17560,-17205,-16850,-16495,-16140,-15785,-15430,-15075,-14720,-14365,-14010,-13655,-13300,-12945,-12590,-12235,-11880,-11525,-11170,-10815,-10460,-10105,-9750,-9395,-9040,-8685,-8330,-7975,-7620,-7265,-6910,-6555,-6200,-5845,-5490,-5135,-4780,-4425,-4070,-3715,-3360,-3005,-2650,-2295,-1940,-1585,-1230,-875,-520,-165,MAX=-63000
191,546,901,1256,1611,1966,2321,2676,3031,3386,3741,4096,4451,4806,5161,5516,5871,6226,6581,6936,7291,7646,8001,8356,8711,9066,9421,9776,10131,10486,10841,11196,11551,11906,12261,12616,12971,13326,13681,14036,14391,14746,15101,15456,15811,16166,16521,16876,17231,17586,17941,18296,18651,19006,19361,19716,20071,20426,20781,21136,21491,21846,22201,22556,22911,23266,23621,23976,24331,24686,25041,25396,25751,26106,26461,26816,27171,27526,27881,28236,28591,28946,29301,29656,30011,30366,30721,31076,31431,31786,32141,32496,32851,33206,33561,33916,34271,34626,34981,35336,35691,36046,36401,36756,37111,37466,37821,38176,38531,38886,39241,39596,39951,40306,40661,41016,41371,41726,42081,42436,42791,43146,43501,43856,44211,44566,44921,45276,45631,45986,46341,46696,47051,47406,47761,48116,48471,48826,49181,49536,49891,50246,50601,50956,51311,51666,52021,52376,52731,53086,53441,53796,54151,54506,54861,55216,55571,55926,56281,56636,56991,57346,57701,58056,58220,58411,58766,59121,59476,59831,60186,60541,60896,61251,61606,61961,62316,62671,-62999,-62644,-62289,-61934,-61579,-61224,-60869,-60514,-60159,-59804,-59449,-59094,-58739,-58384,-58029,-57674,-57319,-56964,-56609,-56254,-55899,-55544,-55189,-54834,-54479,-54124,-53769,-53414,-53059,-52704,-52349,-51994,-51639,-51284,-50929,-50574,-50219,-49864,-49509,-49154,-48799,-48444,-48089,-47734,-47379,-47024,-46669,-46314,-45959,-45604,-45249,-44894,-44539,-44184,-43829,-43474,-43119,-42764,-42409,-42054,-41699,-41344,-40989,-40634,-40279,-39924,-39569,-39214,-38859,-38504,-38149,-37794,-37439,-37084,-36729,-36374,-36019,-35664,-35309,-34954,-34599,-34244,-33889,-33534,-33179,-32824,-32469,-32114,-31759,-31404,-31049,-30694,-30339,-29984,-29629,-29274,-28919,-28564,-28209,-27854,-27499,-27144,-26789,-26434,-26079,-25724,-25369,-25014,-24659,-24304,-23949,-23594,-23239,-22884,-22529,-22174,-21819,-21464,-21109,-20754,-20399,-20044,-19689,-19334,-18979,-18624,-18269,-17914,-17559,-17204,-16849,-16494,-16139,-15784,-15429,-15074,-14719,-14364,-14009,-13654,-13299,-12944,-12589,-12234,-11879,-11524,-11169,-10814,-10459,-10104,-9749,-9394,-9039,-8684,-8329,-7974,-7619,-7264,-6909,-6554,-6199,-5844,-5489,-5134,-4779,-4424,-4069,-3714,-3359,-3004,-2649,-2294,-1939,-1584,-1229,-874,-519,-164,MAX=-62999
192,547,902,1257,1612,1967,2322,2677,3032,3387,3742,4097,4452,4807,5162,5517,5872,6227,6582,6937,7292,7647,8002,8357,8712,9067,9422,9777,10132,10487,10842,11197,11552,11907,12262,12617,12972,13327,13682,14037,14392,14747,15102,15457,15812,16167,16522,16877,17232,17587,17942,18297,18652,19007,19362,19717,20072,20427,20782,21137,21492,21847,22202,22557,22912,23267,23622,23977,24332,24687,25042,25397,25752,26107,26462,26817,27172,27527,27882,28237,28592,28947,29302,29657,30012,30367,30722,31077,31432,31787,32142,32497,32852,33207,33562,33917,34272,34627,34982,35337,35692,36047,36402,36757,37112,37467,37822,38177,38532,38887,39242,39597,39952,40307,40662,41017,41372,41727,42082,42437,42792,43147,43502,43857,44212,44567,44922,45277,45632,45987,46342,46697,47052,47407,47762,48117,48472,48827,49182,49537,49892,50247,50602,50957,51312,51667,52022,52377,52732,53087,53442,53797,54152,54507,54862,55217,55572,55927,56282,56637,56992,57347,57702,57865,58057,58412,58767,59122,59477,59832,60187,60542,60897,61252,61607,61962,62317,62672,-62998,-62643,-62288,-61933,-61578,-61223,-60868,-60513,-60158,-59803,-59448,-59093,-58738,-58383,-58028,-57673,-57318,-56963,-56608,-56253,-55898,-55543,-55188,-54833,-54478,-54123,-53768,-53413,-53058,-52703,-52348,-51993,-51638,-51283,-50928,-50573,-50218,-49863,-49508,-49153,-48798,-48443,-48088,-47733,-47378,-47023,-46668,-46313,-45958,-45603,-45248,-44893,-44538,-44183,-43828,-43473,-43118,-42763,-42408,-42053,-41698,-41343,-40988,-40633,-40278,-39923,-39568,-39213,-38858,-38503,-38148,-37793,-37438,-37083,-36728,-36373,-36018,-35663,-35308,-34953,-34598,-34243,-33888,-33533,-33178,-32823,-32468,-32113,-31758,-31403,-31048,-30693,-30338,-29983,-29628,-29273,-28918,-28563,-28208,-27853,-27498,-27143,-26788,-26433,-26078,-25723,-25368,-25013,-24658,-24303,-23948,-23593,-23238,-22883,-22528,-22173,-21818,-21463,-21108,-20753,-20398,-20043,-19688,-19333,-18978,-18623,-18268,-17913,-17558,-17203,-16848,-16493,-16138,-15783,-15428,-15073,-14718,-14363,-14008,-13653,-13298,-12943,-12588,-12233,-11878,-11523,-11168,-10813,-10458,-10103,-9748,-9393,-9038,-8683,-8328,-7973,-7618,-7263,-6908,-6553,-6198,-5843,-5488,-5133,-4778,-4423,-4068,-3713,-3358,-3003,-2648,-2293,-1938,-1583,-1228,-873,-518,-163,MAX=-62998
193,548,903,1258,1613,1968,2323,2678,3033,3388,3743,4098,4453,4808,5163,5518,5873,6228,6583,6938,7293,7648,8003,8358,8713,9068,9423,9778,10133,10488,10843,11198,11553,11908,12263,12618,12973,13328,13683,14038,14393,14748,15103,15458,15813,16168,16523,16878,17233,17588,17943,18298,18653,19008,19363,19718,20073,20428,20783,21138,21493,21848,22203,22558,22913,23268,23623,23978,24333,24688,25043,25398,25753,26108,26463,26818,27173,27528,27883,28238,28593,28948,29303,29658,30013,30368,30723,31078,31433,31788,32143,32498,32853,33208,33563,33918,34273,34628,34983,35338,35693,36048,36403,36758,37113,37468,37823,38178,38533,38888,39243,39598,39953,40308,40663,41018,41373,41728,42083,42438,42793,43148,43503,43858,44213,44568,44923,45278,45633,45988,46343,46698,47053,47408,47763,48118,48473,48828,49183,49538,49893,50248,50603,50958,51313,51668,52023,52378,52733,53088,53443,53798,54153,54508,54863,55218,55573,55928,56283,56638,56993,57348,57510,57703,58058,58413,58768,59123,59478,59833,60188,60543,60898,61253,61608,61963,62318,62673,-62997,-62642,-62287,-61932,-61577,-61222,-60867,-60512,-60157,-59802,-59447,-59092,-58737,-58382,-58027,-57672,-57317,-56962,-56607,-56252,-55897,-55542,-55187,-54832,-54477,-54122,-53767,-53412,-53057,-52702,-52347,-51992,-51637,-51282,-50927,-50572,-50217,-49862,-49507,-49152,-48797,-48442,-48087,-47732,-47377,-47022,-46667,-46312,-45957,-45602,-45247,-44892,-44537,-44182,-43827,-43472,-43117,-42762,-42407,-42052,-41697,-41342,-40987,-40632,-40277,-39922,-39567,-39212,-38857,-38502,-38147,-37792,-37437,-37082,-36727,-36372,-36017,-35662,-35307,-34952,-34597,-34242,-33887,-33532,-33177,-32822,-32467,-32112,-31757,-31402,-31047,-30692,-30337,-29982,-29627,-29272,-28917,-28562,-28207,-27852,-27497,-27142,-26787,-26432,-26077,-25722,-25367,-25012,-24657,-24302,-23947,-23592,-23237,-22882,-22527,-22172,-21817,-21462,-21107,-20752,-20397,-20042,-19687,-19332,-18977,-18622,-18267,-17912,-17557,-17202,-16847,-16492,-16137,-15782,-15427,-15072,-14717,-14362,-14007,-13652,-13297,-12942,-12587,-12232,-11877,-11522,-11167,-10812,-10457,-10102,-9747,-9392,-9037,-8682,-8327,-7972,-7617,-7262,-6907,-6552,-6197,-5842,-5487,-5132,-4777,-4422,-4067,-3712,-3357,-3002,-2647,-2292,-1937,-1582,-1227,-872,-517,-162,MAX=-62997
194,549,904,1259,1614,1969,2324,2679,3034,3389,3744,4099,4454,4809,5164,5519,5874,6229,6584,6939,7294,7649,8004,8359,8714,9069,9424,9779,10134,10489,10844,11199,11554,11909,12264,12619,12974,13329,13684,14039,14394,14749,15104,15459,15814,16169,16524,16879,17234,17589,17944,18299,18654,19009,19364,19719,20074,20429,20784,21139,21494,21849,22204,22559,22914,23269,23624,23979,24334,24689,25044,25399,25754,26109,26464,26819,27174,27529,27884,28239,28594,28949,29304,29659,30014,30369,30724,31079,31434,31789,32144,32499,32854,33209,33564,33919,34274,34629,34984,35339,35694,36049,36404,36759,37114,37469,37824,38179,38534,38889,39244,39599,39954,40309,40664,41019,41374,41729,42084,42439,42794,43149,43504,43859,44214,44569,44924,45279,45634,45989,46344,46699,47054,47409,47764,48119,48474,48829,49184,49539,49894,50249,50604,50959,51314,51669,52024,52379,52734,53089,53444,53799,54154,54509,54864,55219,55574,55929,56284,56639,56994,57155,57349,57704,58059,58414,58769,59124,59479,59834,60189,60544,60899,61254,61609,61964,62319,62674,-62996,-62641,-62286,-61931,-61576,-61221,-60866,-60511,-60156,-59801,-59446,-59091,-58736,-58381,-58026,-57671,-57316,-56961,-56606,-56251,-55896,-55541,-55186,-54831,-54476,-54121,-53766,-53411,-53056,-52701,-52346,-51991,-51636,-51281,-50926,-50571,-50216,-49861,-49506,-49151,-48796,-48441,-48086,-47731,-47376,-47021,-46666,-46311,-45956,-45601,-45246,-44891,-44536,-44181,-43826,-43471,-43116,-42761,-42406,-42051,-41696,-41341,-40986,-40631,-40276,-39921,-39566,-39211,-38856,-38501,-38146,-37791,-37436,-37081,-36726,-36371,-36016,-35661,-35306,-34951,-34596,-34241,-33886,-33531,-33176,-32821,-32466,-32111,-31756,-31401,-31046,-30691,-30336,-29981,-29626,-29271,-28916,-28561,-28206,-27851,-27496,-27141,-26786,-26431,-26076,-25721,-25366,-25011,-24656,-24301,-23946,-23591,-23236,-22881,-22526,-22171,-21816,-21461,-21106,-20751,-20396,-20041,-19686,-19331,-18976,-18621,-18266,-17911,-17556,-17201,-16846,-16491,-16136,-15781,-15426,-15071,-14716,-14361,-14006,-13651,-13296,-12941,-12586,-12231,-11876,-11521,-11166,-10811,-10456,-10101,-9746,-9391,-9036,-8681,-8326,-7971,-7616,-7261,-6906,-6551,-6196,-5841,-5486,-5131,-4776,-4421,-4066,-3711,-3356,-3001,-2646,-2291,-1936,-1581,-1226,-871,-516,-161,MAX=-62996
195,550,905,1260,1615,1970,2325,2680,3035,3390,3745,4100,4455,4810,5165,5520,5875,6230,6585,6940,7295,7650,8005,8360,8715,9070,9425,9780,10135,10490,10845,11200,11555,11910,12265,12620,12975,13330,13685,14040,14395,14750,15105,15460,15815,16170,16525,16880,17235,17590,17945,18300,18655,19010,19365,19720,20075,20430,20785,21140,21495,21850,22205,22560,22915,23270,23625,23980,24335,24690,25045,25400,25755,26110,26465,26820,27175,27530,27885,28240,28595,28950,29305,29660,30015,30370,30725,31080,31435,31790,32145,32500,32855,33210,33565,33920,34275,34630,34985,35340,35695,36050,36405,36760,37115,37470,37825,38180,38535,38890,39245,39600,39955,40310,40665,41020,41375,41730,42085,42440,42795,43150,43505,43860,44215,44570,44925,45280,45635,45990,46345,46700,47055,47410,47765,48120,48475,48830,49185,49540,49895,50250,50605,50960,51315,51670,52025,52380,52735,53090,53445,53800,54155,54510,54865,55220,55575,55930,56285,56640,56800,56995,57350,57705,58060,58415,58770,59125,59480,59835,60190,60545,60900,61255,61610,61965,62320,62675,-62995,-62640,-62285,-61930,-61575,-61220,-60865,-60510,-60155,-59800,-59445,-59090,-58735,-58380,-58025,-57670,-57315,-56960,-56605,-56250,-55895,-55540,-55185,-54830,-54475,-54120,-53765,-53410,-53055,-52700,-52345,-51990,-51635,-51280,-50925,-50570,-50215,-49860,-49505,-49150,-48795,-48440,-48085,-47730,-47375,-47020,-46665,-46310,-45955,-45600,-45245,-44890,-44535,-44180,-43825,-43470,-43115,-42760,-42405,-42050,-41695,-41340,-40985,-40630,-40275,-39920,-39565,-39210,-38855,-38500,-38145,-37790,-37435,-37080,-36725,-36370,-36015,-35660,-35305,-34950,-34595,-34240,-33885,-33530,-33175,-32820,-32465,-32110,-31755,-31400,-31045,-30690,-30335,-29980,-29625,-29270,-28915,-28560,-28205,-27850,-27495,-27140,-26785,-26430,-26075,-25720,-25365,-25010,-24655,-24300,-23945,-23590,-23235,-22880,-22525,-22170,-21815,-21460,-21105,-20750,-20395,-20040,-19685,-19330,-18975,-18620,-18265,-17910,-17555,-17200,-16845,-16490,-16135,-15780,-15425,-15070,-14715,-14360,-14005,-13650,-13295,-12940,-12585,-12230,-11875,-11520,-11165,-10810,-10455,-10100,-9745,-9390,-9035,-8680,-8325,-7970,-7615,-7260,-6905,-6550,-6195,-5840,-5485,-5130,-4775,-4420,-4065,-3710,-3355,-3000,-2645,-2290,-1935,-1580,-1225,-870,-515,-160,MAX=-62995
196,551,906,1261,1616,1971,2326,2681,3036,3391,3746,4101,4456,4811,5166,5521,5876,6231,6586,6941,7296,7651,8006,8361,8716,9071,9426,9781,10136,10491,10846,11201,11556,11911,12266,12621,12976,13331,13686,14041,14396,14751,15106,15461,15816,16171,16526,16881,17236,17591,17946,18301,18656,19011,19366,19721,20076,20431,20786,21141,21496,21851,22206,22561,22916,23271,23626,23981,24336,24691,25046,25401,25756,26111,26466,26821,27176,27531,27886,28241,28596,28951,29306,29661,30016,30371,30726,31081,31436,31791,32146,32501,32856,33211,33566,33921,34276,34631,34986,35341,35696,36051,36406,36761,37116,37471,37826,38181,38536,38891,39246,39601,39956,40311,40666,41021,41376,41731,42086,42441,42796,43151,43506,43861,44216,44571,44926,45281,45636,45991,46346,46701,47056,47411,47766,48121,48476,48831,49186,49541,49896,50251,50606,50961,51316,51671,52026,52381,52736,53091,53446,53801,54156,54511,54866,55221,55576,55931,56286,56445,56641,56996,57351,57706,58061,58416,58771,59126,59481,59836,60191,60546,60901,61256,61611,61966,62321,62676,-62994,-62639,-62284,-61929,-61574,-61219,-60864,-60509,-60154,-59799,-59444,-59089,-58734,-58379,-58024,-57669,-57314,-56959,-56604,-56249,-55894,-55539,-55184,-54829,-54474,-54119,-53764,-53409,-53054,-52699,-52344,-51989,-51634,-51279,-50924,-50569,-50214,-49859,-49504,-49149,-48794,-48439,-48084,-47729,-47374,-47019,-46664,-46309,-45954,-45599,-45244,-44889,-44534,-44179,-43824,-43469,-43114,-42759,-42404,-42049,-41694,-41339,-40984,-40629,-40274,-39919,-39564,-39209,-38854,-38499,-38144,-37789,-37434,-37079,-36724,-36369,-36014,-35659,-35304,-34949,-34594,-34239,-33884,-33529,-33174,-32819,-32464,-32109,-31754,-31399,-31044,-30689,-30334,-29979,-29624,-29269,-28914,-28559,-28204,-27849,-27494,-27139,-26784,-26429,-26074,-25719,-25364,-25009,-24654,-24299,-23944,-23589,-23234,-22879,-22524,-22169,-21814,-21459,-21104,-20749,-20394,-20039,-19684,-19329,-18974,-18619,-18264,-17909,-17554,-17199,-16844,-16489,-16134,-15779,-15424,-15069,-14714,-14359,-14004,-13649,-13294,-12939,-12584,-12229,-11874,-11519,-11164,-10809,-10454,-10099,-9744,-9389,-9034,-8679,-8324,-7969,-7614,-7259,-6904,-6549,-6194,-5839,-5484,-5129,-4774,-4419,-4064,-3709,-3354,-2999,-2644,-2289,-1934,-1579,-1224,-869,-514,-159,MAX=-62994
197,552,907,1262,1617,1972,2327,2682,3037,3392,3747,4102,4457,4812,5167,5522,5877,6232,6587,6942,7297,7652,8007,8362,8717,9072,9427,9782,10137,10492,10847,11202,11557,11912,12267,12622,12977,13332,13687,14042,14397,14752,15107,15462,15817,16172,16527,16882,17237,17592,17947,18302,18657,19012,19367,19722,20077,20432,20787,21142,21497,21852,22207,22562,22917,23272,23627,23982,24337,24692,25047,25402,25757,26112,26467,26822,27177,27532,27887,28242,28597,28952,29307,29662,30017,30372,30727,31082,31437,31792,32147,32502,32857,33212,33567,33922,34277,34632,34987,35342,35697,36052,36407,36762,37117,37472,37827,38182,38537,38892,39247,39602,39957,40312,40667,41022,41377,41732,42087,42442,42797,43152,43507,43862,44217,44572,44927,45282,45637,45992,46347,46702,47057,47412,47767,48122,48477,48832,49187,49542,49897,50252,50607,50962,51317,51672,52027,52382,52737,53092,53447,53802,54157,54512,54867,55222,55577,55932,56090,56287,56642,56997,57352,57707,58062,58417,58772,59127,59482,59837,60192,60547,60902,61257,61612,61967,62322,62677,-62993,-62638,-62283,-61928,-61573,-61218,-60863,-60508,-60153,-59798,-59443,-59088,-58733,-58378,-58023,-57668,-57313,-56958,-56603,-56248,-55893,-55538,-55183,-54828,-54473,-54118,-53763,-53408,-53053,-52698,-52343,-51988,-51633,-51278,-50923,-50568,-50213,-49858,-49503,-49148,-48793,-48438,-48083,-47728,-47373,-47018,-46663,-46308,-45953,-45598,-45243,-44888,-44533,-44178,-43823,-43468,-43113,-42758,-42403,-42048,-41693,-41338,-40983,-40628,-40273,-39918,-39563,-39208,-38853,-38498,-38143,-37788,-37433,-37078,-36723,-36368,-36013,-35658,-35303,-34948,-34593,-34238,-33883,-33528,-33173,-32818,-32463,-32108,-31753,-31398,-31043,-30688,-30333,-29978,-29623,-29268,-28913,-28558,-28203,-27848,-27493,-27138,-26783,-26428,-26073,-25718,-25363,-25008,-24653,-24298,-23943,-23588,-23233,-22878,-22523,-22168,-21813,-21458,-21103,-20748,-20393,-20038,-19683,-19328,-18973,-18618,-18263,-17908,-17553,-17198,-16843,-16488,-16133,-15778,-15423,-15068,-14713,-14358,-14003,-13648,-13293,-12938,-12583,-12228,-11873,-11518,-11163,-10808,-10453,-10098,-9743,-9388,-9033,-8678,-8323,-7968,-7613,-7258,-6903,-6548,-6193,-5838,-5483,-5128,-4773,-4418,-4063,-3708,-3353,-2998,-2643,-2288,-1933,-1578,-1223,-868,-513,-158,MAX=-62993
198,553,908,1263,1618,1973,2328,2683,3038,3393,3748,4103,4458,4813,5168,5523,5878,6233,6588,6943,7298,7653,8008,8363,8718,9073,9428,9783,10138,10493,10848,11203,11558,11913,12268,12623,12978,13333,13688,14043,14398,14753,15108,15463,15818,16173,16528,16883,17238,17593,17948,18303,18658,19013,19368,19723,20078,20433,20788,21143,21498,21853,22208,22563,22918,23273,23628,23983,24338,24693,25048,25403,25758,26113,26468,26823,27178,27533,27888,28243,28598,28953,29308,29663,30018,30373,30728,31083,31438,31793,32148,32503,32858,33213,33568,33923,34278,34633,34988,35343,35698,36053,36408,36763,37118,37473,37828,38183,38538,38893,39248,39603,39958,40313,40668,41023,41378,41733,42088,42443,42798,43153,43508,43863,44218,44573,44928,45283,45638,45993,46348,46703,47058,47413,47768,48123,48478,48833,49188,49543,49898,50253,50608,50963,51318,51673,52028,52383,52738,53093,53448,53803,54158,54513,54868,55223,55578,55735,55933,56288,56643,56998,57353,57708,58063,58418,58773,59128,59483,59838,60193,60548,60903,61258,61613,61968,62323,62678,-62992,-62637,-62282,-61927,-61572,-61217,-60862,-60507,-60152,-59797,-59442,-59087,-58732,-58377,-58022,-57667,-57312,-56957,-56602,-56247,-55892,-55537,-55182,-54827,-54472,-54117,-53762,-53407,-53052,-52697,-52342,-51987,-51632,-51277,-50922,-50567,-50212,-49857,-49502,-49147,-48792,-48437,-48082,-47727,-47372,-47017,-46662,-46307,-45952,-45597,-45242,-44887,-44532,-44177,-43822,-43467,-43112,-42757,-42402,-42047,-41692,-41337,-40982,-40627,-40272,-39917,-39562,-39207,-38852,-38497,-38142,-37787,-37432,-37077,-36722,-36367,-36012,-35657,-35302,-34947,-34592,-34237,-33882,-33527,-33172,-32817,-32462,-32107,-31752,-31397,-31042,-30687,-30332,-29977,-29622,-29267,-28912,-28557,-28202,-27847,-27492,-27137,-26782,-26427,-26072,-25717,-25362,-25007,-24652,-24297,-23942,-23587,-23232,-22877,-22522,-22167,-21812,-21457,-21102,-20747,-20392,-20037,-19682,-19327,-18972,-18617,-18262,-17907,-17552,-17197,-16842,-16487,-16132,-15777,-15422,-15067,-14712,-14357,-14002,-13647,-13292,-12937,-12582,-12227,-11872,-11517,-11162,-10807,-10452,-10097,-9742,-9387,-9032,-8677,-8322,-7967,-7612,-7257,-6902,-6547,-6192,-5837,-5482,-5127,-4772,-4417,-4062,-3707,-3352,-2997,-2642,-2287,-1932,-1577,-1222,-867,-512,-157,MAX=-62992
199,554,909,1264,1619,1974,2329,2684,3039,3394,3749,4104,4459,4814,5169,5524,5879,6234,6589,6944,7299,7654,8009,8364,8719,9074,9429,9784,10139,10494,10849,11204,11559,11914,12269,12624,12979,13334,13689,14044,14399,14754,15109,15464,15819,16174,16529,16884,17239,17594,17949,18304,18659,19014,19369,19724,20079,20434,20789,21144,21499,21854,22209,22564,22919,23274,23629,23984,24339,24694,25049,25404,25759,26114,26469,26824,27179,27534,27889,28244,28599,28954,29309,29664,30019,30374,30729,31084,31439,31794,32149,32504,32859,33214,33569,33924,34279,34634,34989,35344,35699,36054,36409,36764,37119,37474,37829,38184,38539,38894,39249,39604,39959,40314,40669,41024,41379,41734,42089,42444,42799,43154,43509,43864,44219,44574,44929,45284,45639,45994,46349,46704,47059,47414,47769,48124,48479,48834,49189,49544,49899,50254,50609,50964,51319,51674,52029,52384,52739,53094,53449,53804,54159,54514,54869,55224,55380,55579,55934,56289,56644,56999,57354,57709,58064,58419,58774,59129,59484,59839,60194,60549,60904,61259,61614,61969,62324,62679,-62991,-62636,-62281,-61926,-61571,-61216,-60861,-60506,-60151,-59796,-59441,-59086,-58731,-58376,-58021,-57666,-57311,-56956,-56601,-56246,-55891,-55536,-55181,-54826,-54471,-54116,-53761,-53406,-53051,-52696,-52341,-51986,-51631,-51276,-50921,-50566,-50211,-49856,-49501,-49146,-48791,-48436,-48081,-47726,-47371,-47016,-46661,-46306,-45951,-45596,-45241,-44886,-44531,-44176,-43821,-43466,-43111,-42756,-42401,-42046,-41691,-41336,-40981,-40626,-40271,-39916,-39561,-39206,-38851,-38496,-38141,-37786,-37431,-37076,-36721,-36366,-36011,-35656,-35301,-34946,-34591,-34236,-33881,-33526,-33171,-32816,-32461,-32106,-31751,-31396,-31041,-30686,-30331,-29976,-29621,-29266,-28911,-28556,-28201,-27846,-27491,-27136,-26781,-26426,-26071,-25716,-25361,-25006,-24651,-24296,-23941,-23586,-23231,-22876,-22521,-22166,-21811,-21456,-21101,-20746,-20391,-20036,-19681,-19326,-18971,-18616,-18261,-17906,-17551,-17196,-16841,-16486,-16131,-15776,-15421,-15066,-14711,-14356,-14001,-13646,-13291,-12936,-12581,-12226,-11871,-11516,-11161,-10806,-10451,-10096,-9741,-9386,-9031,-8676,-8321,-7966,-7611,-7256,-6901,-6546,-6191,-5836,-5481,-5126,-4771,-4416,-4061,-3706,-3351,-2996,-2641,-2286,-1931,-1576,-1221,-866,-511,-156,MAX=-62991
200,555,910,1265,1620,1975,2330,2685,3040,3395,3750,4105,4460,4815,5170,5525,5880,6235,6590,6945,7300,7655,8010,8365,8720,9075,9430,9785,10140,10495,10850,11205,11560,11915,12270,12625,12980,13335,13690,14045,14400,14755,15110,15465,15820,16175,16530,16885,17240,17595,17950,18305,18660,19015,19370,19725,20080,20435,20790,21145,21500,21855,22210,22565,22920,23275,23630,23985,24340,24695,25050,25405,25760,26115,26470,26825,27180,27535,27890,28245,28600,28955,29310,29665,30020,30375,30730,31085,31440,31795,32150,32505,32860,33215,33570,33925,34280,34635,34990,35345,35700,36055,36410,36765,37120,37475,37830,38185,38540,38895,39250,39605,39960,40315,40670,41025,41380,41735,42090,42445,42800,43155,43510,43865,44220,44575,44930,45285,45640,45995,46350,46705,47060,47415,47770,48125,48480,48835,49190,49545,49900,50255,50610,50965,51320,51675,52030,52385,52740,53095,53450,53805,54160,54515,54870,55025,55225,55580,55935,56290,56645,57000,57355,57710,58065,58420,58775,59130,59485,59840,60195,60550,60905,61260,61615,61970,62325,62680,-62990,-62635,-62280,-61925,-61570,-61215,-60860,-60505,-60150,-59795,-59440,-59085,-58730,-58375,-58020,-57665,-57310,-56955,-56600,-56245,-55890,-55535,-55180,-54825,-54470,-54115,-53760,-53405,-53050,-52695,-52340,-51985,-51630,-51275,-50920,-50565,-50210,-49855,-49500,-49145,-48790,-48435,-48080,-47725,-47370,-47015,-46660,-46305,-45950,-45595,-45240,-44885,-44530,-44175,-43820,-43465,-43110,-42755,-42400,-42045,-41690,-41335,-40980,-40625,-40270,-39915,-39560,-39205,-38850,-38495,-38140,-37785,-37430,-37075,-36720,-36365,-36010,-35655,-35300,-34945,-34590,-34235,-33880,-33525,-33170,-32815,-32460,-32105,-31750,-31395,-31040,-30685,-30330,-29975,-29620,-29265,-28910,-28555,-28200,-27845,-27490,-27135,-26780,-26425,-26070,-25715,-25360,-25005,-24650,-24295,-23940,-23585,-23230,-22875,-22520,-22165,-21810,-21455,-21100,-20745,-20390,-20035,-19680,-19325,-18970,-18615,-18260,-17905,-17550,-17195,-16840,-16485,-16130,-15775,-15420,-15065,-14710,-14355,-14000,-13645,-13290,-12935,-12580,-12225,-11870,-11515,-11160,-10805,-10450,-10095,-9740,-9385,-9030,-8675,-8320,-7965,-7610,-7255,-6900,-6545,-6190,-5835,-5480,-5125,-4770,-4415,-4060,-3705,-3350,-2995,-2640,-2285,-1930,-1575,-1220,-865,-510,-155,MAX=-62990
201,556,911,1266,1621,1976,2331,2686,3041,3396,3751,4106,4461,4816,5171,5526,5881,6236,6591,6946,7301,7656,8011,8366,8721,9076,9431,9786,10141,10496,10851,11206,11561,11916,12271,12626,12981,13336,13691,14046,14401,14756,15111,15466,15821,16176,16531,16886,17241,17596,17951,18306,18661,19016,19371,19726,20081,20436,20791,21146,21501,21856,22211,22566,22921,23276,23631,23986,24341,24696,25051,25406,25761,26116,26471,26826,27181,27536,27891,28246,28601,28956,29311,29666,30021,30376,30731,31086,31441,31796,32151,32506,32861,33216,33571,33926,34281,34636,34991,35346,35701,36056,36411,36766,37121,37476,37831,38186,38541,38896,39251,39606,39961,40316,40671,41026,41381,41736,42091,42446,42801,43156,43511,43866,44221,44576,44931,45286,45641,45996,46351,46706,47061,47416,47771,48126,48481,48836,49191,49546,49901,50256,50611,50966,51321,51676,52031,52386,52741,53096,53451,53806,54161,54516,54670,54871,55226,55581,55936,56291,56646,57001,57356,57711,58066,58421,58776,59131,59486,59841,60196,60551,60906,61261,61616,61971,62326,62681,-62989,-62634,-62279,-61924,-61569,-61214,-60859,-60504,-60149,-59794,-59439,-59084,-58729,-58374,-58019,-57664,-57309,-56954,-56599,-56244,-55889,-55534,-55179,-54824,-54469,-54114,-53759,-53404,-53049,-52694,-52339,-51984,-51629,-51274,-50919,-50564,-50209,-49854,-49499,-49144,-48789,-48434,-48079,-47724,-47369,-47014,-46659,-46304,-45949,-45594,-45239,-44884,-44529,-44174,-43819,-43464,-43109,-42754,-42399,-42044,-41689,-41334,-40979,-40624,-40269,-39914,-39559,-39204,-38849,-38494,-38139,-37784,-37429,-37074,-36719,-36364,-36009,-35654,-35299,-34944,-34589,-34234,-33879,-33524,-33169,-32814,-32459,-32104,-31749,-31394,-31039,-30684,-30329,-29974,-29619,-29264,-28909,-28554,-28199,-27844,-27489,-27134,-26779,-26424,-26069,-25714,-25359,-25004,-24649,-24294,-23939,-23584,-23229,-22874,-22519,-22164,-21809,-21454,-21099,-20744,-20389,-20034,-19679,-19324,-18969,-18614,-18259,-17904,-17549,-17194,-16839,-16484,-16129,-15774,-15419,-15064,-14709,-14354,-13999,-13644,-13289,-12934,-12579,-12224,-11869,-11514,-11159,-10804,-10449,-10094,-9739,-9384,-9029,-8674,-8319,-7964,-7609,-7254,-6899,-6544,-6189,-5834,-5479,-5124,-4769,-4414,-4059,-3704,-3349,-2994,-2639,-2284,-1929,-1574,-1219,-864,-509,-154,MAX=-62989
202,557,912,1267,1622,1977,2332,2687,3042,3397,3752,4107,4462,4817,5172,5527,5882,6237,6592,6947,7302,7657,8012,8367,8722,9077,9432,9787,10142,10497,10852,11207,11562,11917,12272,12627,12982,13337,13692,14047,14402,14757,15112,15467,15822,16177,16532,16887,17242,17597,17952,18307,18662,19017,19372,19727,20082,20437,20792,21147,21502,21857,22212,22567,22922,23277,23632,23987,24342,24697,25052,25407,25762,26117,26472,26827,27182,27537,27892,28247,28602,28957,29312,29667,30022,30377,30732,31087,31442,31797,32152,32507,32862,33217,33572,33927,34282,34637,34992,35347,35702,36057,36412,36767,37122,37477,37832,38187,38542,38897,39252,39607,39962,40317,40672,41027,41382,41737,42092,42447,42802,43157,43512,43867,44222,44577,44932,45287,45642,45997,46352,46707,47062,47417,47772,48127,48482,48837,49192,49547,49902,50257,50612,50967,51322,51677,52032,52387,52742,53097,53452,53807,54162,54315,54517,54872,55227,55582,55937,56292,56647,57002,57357,57712,58067,58422,58777,59132,59487,59842,60197,60552,60907,61262,61617,61972,62327,62682,-62988,-62633,-62278,-61923,-61568,-61213,-60858,-60503,-60148,-59793,-59438,-59083,-58728,-58373,-58018,-57663,-57308,-56953,-56598,-56243,-55888,-55533,-55178,-54823,-54468,-54113,-53758,-53403,-53048,-52693,-52338,-51983,-51628,-51273,-50918,-50563,-50208,-49853,-49498,-49143,-48788,-48433,-48078,-47723,-47368,-47013,-46658,-46303,-45948,-45593,-45238,-44883,-44528,-44173,-43818,-43463,-43108,-42753,-42398,-42043,-41688,-41333,-40978,-40623,-40268,-39913,-39558,-39203,-38848,-38493,-38138,-37783,-37428,-37073,-36718,-36363,-36008,-35653,-35298,-34943,-34588,-34233,-33878,-33523,-33168,-32813,-32458,-32103,-31748,-31393,-31038,-30683,-30328,-29973,-29618,-29263,-28908,-28553,-28198,-27843,-27488,-27133,-26778,-26423,-26068,-25713,-25358,-25003,-24648,-24293,-23938,-23583,-23228,-22873,-22518,-22163,-21808,-21453,-21098,-20743,-20388,-20033,-19678,-19323,-18968,-18613,-18258,-17903,-17548,-17193,-16838,-16483,-16128,-15773,-15418,-15063,-14708,-14353,-13998,-13643,-13288,-12933,-12578,-12223,-11868,-11513,-11158,-10803,-10448,-10093,-9738,-9383,-9028,-8673,-8318,-7963,-7608,-7253,-6898,-6543,-6188,-5833,-5478,-5123,-4768,-4413,-4058,-3703,-3348,-2993,-2638,-2283,-1928,-1573,-1218,-863,-508,-153,MAX=-62988
203,558,913,1268,1623,1978,2333,2688,3043,3398,3753,4108,4463,4818,5173,5528,5883,6238,6593,6948,7303,7658,8013,8368,8723,9078,9433,9788,10143,10498,10853,11208,11563,11918,12273,12628,12983,13338,13693,14048,14403,14758,15113,15468,15823,16178,16533,16888,17243,17598,17953,18308,18663,19018,19373,19728,20083,20438,20793,21148,21503,21858,22213,22568,22923,23278,23633,23988,24343,24698,25053,25408,25763,26118,26473,26828,27183,27538,27893,28248,28603,28958,29313,29668,30023,30378,30733,31088,31443,31798,32153,32508,32863,33218,33573,33928,34283,34638,34993,35348,35703,36058,36413,36768,37123,37478,37833,38188,38543,38898,39253,39608,39963,40318,40673,41028,41383,41738,42093,42448,42803,43158,43513,43868,44223,44578,44933,45288,45643,45998,46353,46708,47063,47418,47773,48128,48483,48838,49193,49548,49903,50258,50613,50968,51323,51678,52033,52388,52743,53098,53453,53808,53960,54163,54518,54873,55228,55583,55938,56293,56648,57003,57358,57713,58068,58423,58778,59133,59488,59843,60198,60553,60908,61263,61618,61973,62328,62683,-62987,-62632,-62277,-61922,-61567,-61212,-60857,-60502,-60147,-59792,-59437,-59082,-58727,-58372,-58017,-57662,-57307,-56952,-56597,-56242,-55887,-55532,-55177,-54822,-54467,-54112,-53757,-53402,-53047,-52692,-52337,-51982,-51627,-51272,-50917,-50562,-50207,-49852,-49497,-49142,-48787,-48432,-48077,-47722,-47367,-47012,-46657,-46302,-45947,-45592,-45237,-44882,-44527,-44172,-43817,-43462,-43107,-42752,-42397,-42042,-41687,-41332,-40977,-40622,-40267,-39912,-39557,-39202,-38847,-38492,-38137,-37782,-37427,-37072,-36717,-36362,-36007,-35652,-35297,-34942,-34587,-34232,-33877,-33522,-33167,-32812,-32457,-32102,-31747,-31392,-31037,-30682,-30327,-29972,-29617,-29262,-28907,-28552,-28197,-27842,-27487,-27132,-26777,-26422,-26067,-25712,-25357,-25002,-24647,-24292,-23937,-23582,-23227,-22872,-22517,-22162,-21807,-21452,-21097,-20742,-20387,-20032,-19677,-19322,-18967,-18612,-18257,-17902,-17547,-17192,-16837,-16482,-16127,-15772,-15417,-15062,-14707,-14352,-13997,-13642,-13287,-12932,-12577,-12222,-11867,-11512,-11157,-10802,-10447,-10092,-9737,-9382,-9027,-8672,-8317,-7962,-7607,-7252,-6897,-6542,-6187,-5832,-5477,-5122,-4767,-4412,-4057,-3702,-3347,-2992,-2637,-2282,-1927,-1572,-1217,-862,-507,-152,MAX=-62987
204,559,914,1269,1624,1979,2334,2689,3044,3399,3754,4109,4464,4819,5174,5529,5884,6239,6594,6949,7304,7659,8014,8369,8724,9079,9434,9789,10144,10499,10854,11209,11564,11919,12274,12629,12984,13339,13694,14049,14404,14759,15114,15469,15824,16179,16534,16889,17244,17599,17954,18309,18664,19019,19374,19729,20084,20439,20794,21149,21504,21859,22214,22569,22924,23279,23634,23989,24344,24699,25054,25409,25764,26119,26474,26829,27184,27539,27894,28249,28604,28959,29314,29669,30024,30379,30734,31089,31444,31799,32154,32509,32864,33219,33574,33929,34284,34639,34994,35349,35704,36059,36414,36769,37124,37479,37834,38189,38544,38899,39254,39609,39964,40319,40674,41029,41384,41739,42094,42449,42804,43159,43514,43869,44224,44579,44934,45289,45644,45999,46354,46709,47064,47419,47774,48129,48484,48839,49194,49549,49904,50259,50614,50969,51324,51679,52034,52389,52744,53099,53454,53605,53809,54164,54519,54874,55229,55584,55939,56294,56649,57004,57359,57714,58069,58424,58779,59134,59489,59844,60199,60554,60909,61264,61619,61974,62329,62684,-62986,-62631,-62276,-61921,-61566,-61211,-60856,-60501,-60146,-59791,-59436,-59081,-58726,-58371,-58016,-57661,-57306,-56951,-56596,-56241,-55886,-55531,-55176,-54821,-54466,-54111,-53756,-53401,-53046,-52691,-52336,-51981,-51626,-51271,-50916,-50561,-50206,-49851,-49496,-49141,-48786,-48431,-48076,-47721,-47366,-47011,-46656,-46301,-45946,-45591,-45236,-44881,-44526,-44171,-43816,-43461,-43106,-42751,-42396,-42041,-41686,-41331,-40976,-40621,-40266,-39911,-39556,-39201,-38846,-38491,-38136,-37781,-37426,-37071,-36716,-36361,-36006,-35651,-35296,-34941,-34586,-34231,-33876,-33521,-33166,-32811,-32456,-32101,-31746,-31391,-31036,-30681,-30326,-29971,-29616,-29261,-28906,-28551,-28196,-27841,-27486,-27131,-26776,-26421,-26066,-25711,-25356,-25001,-24646,-24291,-23936,-23581,-23226,-22871,-22516,-22161,-21806,-21451,-21096,-20741,-20386,-20031,-19676,-19321,-18966,-18611,-18256,-17901,-17546,-17191,-16836,-16481,-16126,-15771,-15416,-15061,-14706,-14351,-13996,-13641,-13286,-12931,-12576,-12221,-11866,-11511,-11156,-10801,-10446,-10091,-9736,-9381,-9026,-8671,-8316,-7961,-7606,-7251,-6896,-6541,-6186,-5831,-5476,-5121,-4766,-4411,-4056,-3701,-3346,-2991,-2636,-2281,-1926,-1571,-1216,-861,-506,-151,MAX=-62986
205,560,915,1270,1625,1980,2335,2690,3045,3400,3755,4110,4465,4820,5175,5530,5885,6240,6595,6950,7305,7660,8015,8370,8725,9080,9435,9790,10145,10500,10855,11210,11565,11920,12275,12630,12985,13340,13695,14050,14405,14760,15115,15470,15825,16180,16535,16890,17245,17600,17955,18310,18665,19020,19375,19730,20085,20440,20795,21150,21505,21860,22215,22570,22925,23280,23635,23990,24345,24700,25055,25410,25765,26120,26475,26830,27185,27540,27895,28250,28605,28960,29315,29670,30025,30380,30735,31090,31445,31800,32155,32510,32865,33220,33575,33930,34285,34640,34995,35350,35705,36060,36415,36770,37125,37480,37835,38190,38545,38900,39255,39610,39965,40320,40675,41030,41385,41740,42095,42450,42805,43160,43515,43870,44225,44580,44935,45290,45645,46000,46355,46710,47065,47420,47775,48130,48485,48840,49195,49550,49905,50260,50615,50970,51325,51680,52035,52390,52745,53100,53250,53455,53810,54165,54520,54875,55230,55585,55940,56295,56650,57005,57360,57715,58070,58425,58780,59135,59490,59845,60200,60555,60910,61265,61620,61975,62330,62685,-62985,-62630,-62275,-61920,-61565,-61210,-60855,-60500,-60145,-59790,-59435,-59080,-58725,-58370,-58015,-57660,-57305,-56950,-56595,-56240,-55885,-55530,-55175,-54820,-54465,-54110,-53755,-53400,-53045,-52690,-52335,-51980,-51625,-51270,-50915,-50560,-50205,-49850,-49495,-49140,-48785,-48430,-48075,-47720,-47365,-47010,-46655,-46300,-45945,-45590,-45235,-44880,-44525,-44170,-43815,-43460,-43105,-42750,-42395,-42040,-41685,-41330,-40975,-40620,-40265,-39910,-39555,-39200,-38845,-38490,-38135,-37780,-37425,-37070,-36715,-36360,-36005,-35650,-35295,-34940,-34585,-34230,-33875,-33520,-33165,-32810,-32455,-32100,-31745,-31390,-31035,-30680,-30325,-29970,-29615,-29260,-28905,-28550,-28195,-27840,-27485,-27130,-26775,-26420,-26065,-25710,-25355,-25000,-24645,-24290,-23935,-23580,-23225,-22870,-22515,-22160,-21805,-21450,-21095,-20740,-20385,-20030,-19675,-19320,-18965,-18610,-18255,-17900,-17545,-17190,-16835,-16480,-16125,-15770,-15415,-15060,-14705,-14350,-13995,-13640,-13285,-12930,-12575,-12220,-11865,-11510,-11155,-10800,-10445,-10090,-9735,-9380,-9025,-8670,-8315,-7960,-7605,-7250,-6895,-6540,-6185,-5830,-5475,-5120,-4765,-4410,-4055,-3700,-3345,-2990,-2635,-2280,-1925,-1570,-1215,-860,-505,-150,MAX=-62985
206,561,916,1271,1626,1981,2336,2691,3046,3401,3756,4111,4466,4821,5176,5531,5886,6241,6596,6951,7306,7661,8016,8371,8726,9081,9436,9791,10146,10501,10856,11211,11566,11921,12276,12631,12986,13341,13696,14051,14406,14761,15116,15471,15826,16181,16536,16891,17246,17601,17956,18311,18666,19021,19376,19731,20086,20441,20796,21151,21506,21861,22216,22571,22926,23281,23636,23991,24346,24701,25056,25411,25766,26121,26476,26831,27186,27541,27896,28251,28606,28961,29316,29671,30026,30381,30736,31091,31446,31801,32156,32511,32866,33221,33576,33931,34286,34641,34996,35351,35706,36061,36416,36771,37126,37481,37836,38191,38546,38901,39256,39611,39966,40321,40676,41031,41386,41741,42096,42451,42806,43161,43516,43871,44226,44581,44936,45291,45646,46001,46356,46711,47066,47421,47776,48131,48486,48841,49196,49551,49906,50261,50616,50971,51326,51681,52036,52391,52746,52895,53101,53456,53811,54166,54521,54876,55231,55586,55941,56296,56651,57006,57361,57716,58071,58426,58781,59136,59491,59846,60201,60556,60911,61266,61621,61976,62331,62686,-62984,-62629,-62274,-61919,-61564,-61209,-60854,-60499,-60144,-59789,-59434,-59079,-58724,-58369,-58014,-57659,-57304,-56949,-56594,-56239,-55884,-55529,-55174,-54819,-54464,-54109,-53754,-53399,-53044,-52689,-52334,-51979,-51624,-51269,-50914,-50559,-50204,-49849,-49494,-49139,-48784,-48429,-48074,-47719,-47364,-47009,-46654,-46299,-45944,-45589,-45234,-44879,-44524,-44169,-43814,-43459,-43104,-42749,-42394,-42039,-41684,-41329,-40974,-40619,-40264,-39909,-39554,-39199,-38844,-38489,-38134,-37779,-37424,-37069,-36714,-36359,-36004,-35649,-35294,-34939,-34584,-34229,-33874,-33519,-33164,-32809,-32454,-32099,-31744,-31389,-31034,-30679,-30324,-29969,-29614,-29259,-28904,-28549,-28194,-27839,-27484,-27129,-26774,-26419,-26064,-25709,-25354,-24999,-24644,-24289,-23934,-23579,-23224,-22869,-22514,-22159,-21804,-21449,-21094,-20739,-20384,-20029,-19674,-19319,-18964,-18609,-18254,-17899,-17544,-17189,-16834,-16479,-16124,-15769,-15414,-15059,-14704,-14349,-13994,-13639,-13284,-12929,-12574,-12219,-11864,-11509,-11154,-10799,-10444,-10089,-9734,-9379,-9024,-8669,-8314,-7959,-7604,-7249,-6894,-6539,-6184,-5829,-5474,-5119,-4764,-4409,-4054,-3699,-3344,-2989,-2634,-2279,-1924,-1569,-1214,-859,-504,-149,MAX=-62984
207,562,917,1272,1627,1982,2337,2692,3047,3402,3757,4112,4467,4822,5177,5532,5887,6242,6597,6952,7307,7662,8017,8372,8727,9082,9437,9792,10147,10502,10857,11212,11567,11922,12277,12632,12987,13342,13697,14052,14407,14762,15117,15472,15827,16182,16537,16892,17247,17602,17957,18312,18667,19022,19377,19732,20087,20442,20797,21152,21507,21862,22217,22572,22927,23282,23637,23992,24347,24702,25057,25412,25767,26122,26477,26832,27187,27542,27897,28252,28607,28962,29317,29672,30027,30382,30737,31092,31447,31802,32157,32512,32867,33222,33577,33932,34287,34642,34997,35352,35707,36062,36417,36772,37127,37482,37837,38192,38547,38902,39257,39612,39967,40322,40677,41032,41387,41742,42097,42452,42807,43162,43517,43872,44227,44582,44937,45292,45647,46002,46357,46712,47067,47422,47777,48132,48487,48842,49197,49552,49907,50262,50617,50972,51327,51682,52037,52392,52540,52747,53102,53457,53812,54167,54522,54877,55232,55587,55942,56297,56652,57007,57362,57717,58072,58427,58782,59137,59492,59847,60202,60557,60912,61267,61622,61977,62332,62687,-62983,-62628,-62273,-61918,-61563,-61208,-60853,-60498,-60143,-59788,-59433,-59078,-58723,-58368,-58013,-57658,-57303,-56948,-56593,-56238,-55883,-55528,-55173,-54818,-54463,-54108,-53753,-53398,-53043,-52688,-52333,-51978,-51623,-51268,-50913,-50558,-50203,-49848,-49493,-49138,-48783,-48428,-48073,-47718,-47363,-47008,-46653,-46298,-45943,-45588,-45233,-44878,-44523,-44168,-43813,-43458,-43103,-42748,-42393,-42038,-41683,-41328,-40973,-40618,-40263,-39908,-39553,-39198,-38843,-38488,-38133,-37778,-37423,-37068,-36713,-36358,-36003,-35648,-35293,-34938,-34583,-34228,-33873,-33518,-33163,-32808,-32453,-32098,-31743,-31388,-31033,-30678,-30323,-29968,-29613,-29258,-28903,-28548,-28193,-27838,-27483,-27128,-26773,-26418,-26063,-25708,-25353,-24998,-24643,-24288,-23933,-23578,-23223,-22868,-22513,-22158,-21803,-21448,-21093,-20738,-20383,-20028,-19673,-19318,-18963,-18608,-18253,-17898,-17543,-17188,-16833,-16478,-16123,-15768,-15413,-15058,-14703,-14348,-13993,-13638,-13283,-12928,-12573,-12218,-11863,-11508,-11153,-10798,-10443,-10088,-9733,-9378,-9023,-8668,-8313,-7958,-7603,-7248,-6893,-6538,-6183,-5828,-5473,-5118,-4763,-4408,-4053,-3698,-3343,-2988,-2633,-2278,-1923,-1568,-1213,-858,-503,-148,MAX=-62983
208,563,918,1273,1628,1983,2338,2693,3048,3403,3758,4113,4468,4823,5178,5533,5888,6243,6598,6953,7308,7663,8018,8373,8728,9083,9438,9793,10148,10503,10858,11213,11568,11923,12278,12633,12988,13343,13698,14053,14408,14763,15118,15473,15828,16183,16538,16893,17248,17603,17958,18313,18668,19023,19378,19733,20088,20443,20798,21153,21508,21863,22218,22573,22928,23283,23638,23993,24348,24703,25058,25413,25768,26123,26478,26833,27188,27543,27898,28253,28608,28963,29318,29673,30028,30383,30738,31093,31448,31803,32158,32513,32868,33223,33578,33933,34288,34643,34998,35353,35708,36063,36418,36773,37128,37483,37838,38193,38548,38903,39258,39613,39968,40323,40678,41033,41388,41743,42098,42453,42808,43163,43518,43873,44228,44583,44938,45293,45648,46003,46358,46713,47068,47423,47778,48133,48488,48843,49198,49553,49908,50263,50618,50973,51328,51683,52038,52185,52393,52748,53103,53458,53813,54168,54523,54878,55233,55588,55943,56298,56653,57008,57363,57718,58073,58428,58783,59138,59493,59848,60203,60558,60913,61268,61623,61978,62333,62688,-62982,-62627,-62272,-61917,-61562,-61207,-60852,-60497,-60142,-59787,-59432,-59077,-58722,-58367,-58012,-57657,-57302,-56947,-56592,-56237,-55882,-55527,-55172,-54817,-54462,-54107,-53752,-53397,-53042,-52687,-52332,-51977,-51622,-51267,-50912,-50557,-50202,-49847,-49492,-49137,-48782,-48427,-48072,-47717,-47362,-47007,-46652,-46297,-45942,-45587,-45232,-44877,-44522,-44167,-43812,-43457,-43102,-42747,-42392,-42037,-41682,-41327,-40972,-40617,-40262,-39907,-39552,-39197,-38842,-38487,-38132,-37777,-37422,-37067,-36712,-36357,-36002,-35647,-35292,-34937,-34582,-34227,-33872,-33517,-33162,-32807,-32452,-32097,-31742,-31387,-31032,-30677,-30322,-29967,-29612,-29257,-28902,-28547,-28192,-27837,-27482,-27127,-26772,-26417,-26062,-25707,-25352,-24997,-24642,-24287,-23932,-23577,-23222,-22867,-22512,-22157,-21802,-21447,-21092,-20737,-20382,-20027,-19672,-19317,-18962,-18607,-18252,-17897,-17542,-17187,-16832,-16477,-16122,-15767,-15412,-15057,-14702,-14347,-13992,-13637,-13282,-12927,-12572,-12217,-11862,-11507,-11152,-10797,-10442,-10087,-9732,-9377,-9022,-8667,-8312,-7957,-7602,-7247,-6892,-6537,-6182,-5827,-5472,-5117,-4762,-4407,-4052,-3697,-3342,-2987,-2632,-2277,-1922,-1567,-1212,-857,-502,-147,MAX=-62982
209,564,919,1274,1629,1984,2339,2694,3049,3404,3759,4114,4469,4824,5179,5534,5889,6244,6599,6954,7309,7664,8019,8374,8729,9084,9439,9794,10149,10504,10859,11214,11569,11924,12279,12634,12989,13344,13699,14054,14409,14764,15119,15474,15829,16184,16539,16894,17249,17604,17959,18314,18669,19024,19379,19734,20089,20444,20799,21154,21509,21864,22219,22574,22929,23284,23639,23994,24349,24704,25059,25414,25769,26124,26479,26834,27189,27544,27899,28254,28609,28964,29319,29674,30029,30384,30739,31094,31449,31804,32159,32514,32869,33224,33579,33934,34289,34644,34999,35354,35709,36064,36419,36774,37129,37484,37839,38194,38549,38904,39259,39614,39969,40324,40679,41034,41389,41744,42099,42454,42809,43164,43519,43874,44229,44584,44939,45294,45649,46004,46359,46714,47069,47424,47779,48134,48489,48844,49199,49554,49909,50264,50619,50974,51329,51684,51830,52039,52394,52749,53104,53459,53814,54169,54524,54879,55234,55589,55944,56299,56654,57009,57364,57719,58074,58429,58784,59139,59494,59849,60204,60559,60914,61269,61624,61979,62334,62689,-62981,-62626,-62271,-61916,-61561,-61206,-60851,-60496,-60141,-59786,-59431,-59076,-58721,-58366,-58011,-57656,-57301,-56946,-56591,-56236,-55881,-55526,-55171,-54816,-54461,-54106,-53751,-53396,-53041,-52686,-52331,-51976,-51621,-51266,-50911,-50556,-50201,-49846,-49491,-49136,-48781,-48426,-48071,-47716,-47361,-47006,-46651,-46296,-45941,-45586,-45231,-44876,-44521,-44166,-43811,-43456,-43101,-42746,-42391,-42036,-41681,-41326,-40971,-40616,-40261,-39906,-39551,-39196,-38841,-38486,-38131,-37776,-37421,-37066,-36711,-36356,-36001,-35646,-35291,-34936,-34581,-34226,-33871,-33516,-33161,-32806,-32451,-32096,-31741,-31386,-31031,-30676,-30321,-29966,-29611,-29256,-28901,-28546,-28191,-27836,-27481,-27126,-26771,-26416,-26061,-25706,-25351,-24996,-24641,-24286,-23931,-23576,-23221,-22866,-22511,-22156,-21801,-21446,-21091,-20736,-20381,-20026,-19671,-19316,-18961,-18606,-18251,-17896,-17541,-17186,-16831,-16476,-16121,-15766,-15411,-15056,-14701,-14346,-13991,-13636,-13281,-12926,-12571,-12216,-11861,-11506,-11151,-10796,-10441,-10086,-9731,-9376,-9021,-8666,-8311,-7956,-7601,-7246,-6891,-6536,-6181,-5826,-5471,-5116,-4761,-4406,-4051,-3696,-3341,-2986,-2631,-2276,-1921,-1566,-1211,-856,-501,-146,MAX=-62981
210,565,920,1275,1630,1985,2340,2695,3050,3405,3760,4115,4470,4825,5180,5535,5890,6245,6600,6955,7310,7665,8020,8375,8730,9085,9440,9795,10150,10505,10860,11215,11570,11925,12280,12635,12990,13345,13700,14055,14410,14765,15120,15475,15830,16185,16540,16895,17250,17605,17960,18315,18670,19025,19380,19735,20090,20445,20800,21155,21510,21865,22220,22575,22930,23285,23640,23995,24350,24705,25060,25415,25770,26125,26480,26835,27190,27545,27900,28255,28610,28965,29320,29675,30030,30385,30740,31095,31450,31805,32160,32515,32870,33225,33580,33935,34290,34645,35000,35355,35710,36065,36420,36775,37130,37485,37840,38195,38550,38905,39260,39615,39970,40325,40680,41035,41390,41745,42100,42455,42810,43165,43520,43875,44230,44585,44940,45295,45650,46005,46360,46715,47070,47425,47780,48135,48490,48845,49200,49555,49910,50265,50620,50975,51330,51475,51685,52040,52395,52750,53105,53460,53815,54170,54525,54880,55235,55590,55945,56300,56655,57010,57365,57720,58075,58430,58785,59140,59495,59850,60205,60560,60915,61270,61625,61980,62335,62690,-62980,-62625,-62270,-61915,-61560,-61205,-60850,-60495,-60140,-59785,-59430,-59075,-58720,-58365,-58010,-57655,-57300,-56945,-56590,-56235,-55880,-55525,-55170,-54815,-54460,-54105,-53750,-53395,-53040,-52685,-52330,-51975,-51620,-51265,-50910,-50555,-50200,-49845,-49490,-49135,-48780,-48425,-48070,-47715,-47360,-47005,-46650,-46295,-45940,-45585,-45230,-44875,-44520,-44165,-43810,-43455,-43100,-42745,-42390,-42035,-41680,-41325,-40970,-40615,-40260,-39905,-39550,-39195,-38840,-38485,-38130,-37775,-37420,-37065,-36710,-36355,-36000,-35645,-35290,-34935,-34580,-34225,-33870,-33515,-33160,-32805,-32450,-32095,-31740,-31385,-31030,-30675,-30320,-29965,-29610,-29255,-28900,-28545,-28190,-27835,-27480,-27125,-26770,-26415,-26060,-25705,-25350,-24995,-24640,-24285,-23930,-23575,-23220,-22865,-22510,-22155,-21800,-21445,-21090,-20735,-20380,-20025,-19670,-19315,-18960,-18605,-18250,-17895,-17540,-17185,-16830,-16475,-16120,-15765,-15410,-15055,-14700,-14345,-13990,-13635,-13280,-12925,-12570,-12215,-11860,-11505,-11150,-10795,-10440,-10085,-9730,-9375,-9020,-8665,-8310,-7955,-7600,-7245,-6890,-6535,-6180,-5825,-5470,-5115,-4760,-4405,-4050,-3695,-3340,-2985,-2630,-2275,-1920,-1565,-1210,-855,-500,-145,MAX=-62980
211,566,921,1276,1631,1986,2341,2696,3051,3406,3761,4116,4471,4826,5181,5536,5891,6246,6601,6956,7311,7666,8021,8376,8731,9086,9441,9796,10151,10506,10861,11216,11571,11926,12281,12636,12991,13346,13701,14056,14411,14766,15121,15476,15831,16186,16541,16896,17251,17606,17961,18316,18671,19026,19381,19736,20091,20446,20801,21156,21511,21866,22221,22576,22931,23286,23641,23996,24351,24706,25061,25416,25771,26126,26481,26836,27191,27546,27901,28256,28611,28966,29321,29676,30031,30386,30741,31096,31451,31806,32161,32516,32871,33226,33581,33936,34291,34646,35001,35356,35711,36066,36421,36776,37131,37486,37841,38196,38551,38906,39261,39616,39971,40326,40681,41036,41391,41746,42101,42456,42811,43166,43521,43876,44231,44586,44941,45296,45651,46006,46361,46716,47071,47426,47781,48136,48491,48846,49201,49556,49911,50266,50621,50976,51120,51331,51686,52041,52396,52751,53106,53461,53816,54171,54526,54881,55236,55591,55946,56301,56656,57011,57366,57721,58076,58431,58786,59141,59496,59851,60206,60561,60916,61271,61626,61981,62336,62691,-62979,-62624,-62269,-61914,-61559,-61204,-60849,-60494,-60139,-59784,-59429,-59074,-58719,-58364,-58009,-57654,-57299,-56944,-56589,-56234,-55879,-55524,-55169,-54814,-54459,-54104,-53749,-53394,-53039,-52684,-52329,-51974,-51619,-51264,-50909,-50554,-50199,-49844,-49489,-49134,-48779,-48424,-48069,-47714,-47359,-47004,-46649,-46294,-45939,-45584,-45229,-44874,-44519,-44164,-43809,-43454,-43099,-42744,-42389,-42034,-41679,-41324,-40969,-40614,-40259,-39904,-39549,-39194,-38839,-38484,-38129,-37774,-37419,-37064,-36709,-36354,-35999,-35644,-35289,-34934,-34579,-34224,-33869,-33514,-33159,-32804,-32449,-32094,-31739,-31384,-31029,-30674,-30319,-29964,-29609,-29254,-28899,-28544,-28189,-27834,-27479,-27124,-26769,-26414,-26059,-25704,-25349,-24994,-24639,-24284,-23929,-23574,-23219,-22864,-22509,-22154,-21799,-21444,-21089,-20734,-20379,-20024,-19669,-19314,-18959,-18604,-18249,-17894,-17539,-17184,-16829,-16474,-16119,-15764,-15409,-15054,-14699,-14344,-13989,-13634,-13279,-12924,-12569,-12214,-11859,-11504,-11149,-10794,-10439,-10084,-9729,-9374,-9019,-8664,-8309,-7954,-7599,-7244,-6889,-6534,-6179,-5824,-5469,-5114,-4759,-4404,-4049,-3694,-3339,-2984,-2629,-2274,-1919,-1564,-1209,-854,-499,-144,MAX=-62979
212,567,922,1277,1632,1987,2342,2697,3052,3407,3762,4117,4472,4827,5182,5537,5892,6247,6602,6957,7312,7667,8022,8377,8732,9087,9442,9797,10152,10507,10862,11217,11572,11927,12282,12637,12992,13347,13702,14057,14412,14767,15122,15477,15832,16187,16542,16897,17252,17607,17962,18317,18672,19027,19382,19737,20092,20447,20802,21157,21512,21867,22222,22577,22932,23287,23642,23997,24352,24707,25062,25417,25772,26127,26482,26837,27192,27547,27902,28257,28612,28967,29322,29677,30032,30387,30742,31097,31452,31807,32162,32517,32872,33227,33582,33937,34292,34647,35002,35357,35712,36067,36422,36777,37132,37487,37842,38197,38552,38907,39262,39617,39972,40327,40682,41037,41392,41747,42102,42457,42812,43167,43522,43877,44232,44587,44942,45297,45652,46007,46362,46717,47072,47427,47782,48137,48492,48847,49202,49557,49912,50267,50622,50765,50977,51332,51687,52042,52397,52752,53107,53462,53817,54172,54527,54882,55237,55592,55947,56302,56657,57012,57367,57722,58077,58432,58787,59142,59497,59852,60207,60562,60917,61272,61627,61982,62337,62692,-62978,-62623,-62268,-61913,-61558,-61203,-60848,-60493,-60138,-59783,-59428,-59073,-58718,-58363,-58008,-57653,-57298,-56943,-56588,-56233,-55878,-55523,-55168,-54813,-54458,-54103,-53748,-53393,-53038,-52683,-52328,-51973,-51618,-51263,-50908,-50553,-50198,-49843,-49488,-49133,-48778,-48423,-48068,-47713,-47358,-47003,-46648,-46293,-45938,-45583,-45228,-44873,-44518,-44163,-43808,-43453,-43098,-42743,-42388,-42033,-41678,-41323,-40968,-40613,-40258,-39903,-39548,-39193,-38838,-38483,-38128,-37773,-37418,-37063,-36708,-36353,-35998,-35643,-35288,-34933,-34578,-34223,-33868,-33513,-33158,-32803,-32448,-32093,-31738,-31383,-31028,-30673,-30318,-29963,-29608,-29253,-28898,-28543,-28188,-27833,-27478,-27123,-26768,-26413,-26058,-25703,-25348,-24993,-24638,-24283,-23928,-23573,-23218,-22863,-22508,-22153,-21798,-21443,-21088,-20733,-20378,-20023,-19668,-19313,-18958,-18603,-18248,-17893,-17538,-17183,-16828,-16473,-16118,-15763,-15408,-15053,-14698,-14343,-13988,-13633,-13278,-12923,-12568,-12213,-11858,-11503,-11148,-10793,-10438,-10083,-9728,-9373,-9018,-8663,-8308,-7953,-7598,-7243,-6888,-6533,-6178,-5823,-5468,-5113,-4758,-4403,-4048,-3693,-3338,-2983,-2628,-2273,-1918,-1563,-1208,-853,-498,-143,MAX=-62978
213,568,923,1278,1633,1988,2343,2698,3053,3408,3763,4118,4473,4828,5183,5538,5893,6248,6603,6958,7313,7668,8023,8378,8733,9088,9443,9798,10153,10508,10863,11218,11573,11928,12283,12638,12993,13348,13703,14058,14413,14768,15123,15478,15833,16188,16543,16898,17253,17608,17963,18318,18673,19028,19383,19738,20093,20448,20803,21158,21513,21868,22223,22578,22933,23288,23643,23998,24353,24708,25063,25418,25773,26128,26483,26838,27193,27548,27903,28258,28613,28968,29323,29678,30033,30388,30743,31098,31453,31808,32163,32518,32873,33228,33583,33938,34293,34648,35003,35358,35713,36068,36423,36778,37133,37488,37843,38198,38553,38908,39263,39618,39973,40328,40683,41038,41393,41748,42103,42458,42813,43168,43523,43878,44233,44588,44943,45298,45653,46008,46363,46718,47073,47428,47783,48138,48493,48848,49203,49558,49913,50268,50410,50623,50978,51333,51688,52043,52398,52753,53108,53463,53818,54173,54528,54883,55238,55593,55948,56303,56658,57013,57368,57723,58078,58433,58788,59143,59498,59853,60208,60563,60918,61273,61628,61983,62338,62693,-62977,-62622,-62267,-61912,-61557,-61202,-60847,-60492,-60137,-59782,-59427,-59072,-58717,-58362,-58007,-57652,-57297,-56942,-56587,-56232,-55877,-55522,-55167,-54812,-54457,-54102,-53747,-53392,-53037,-52682,-52327,-51972,-51617,-51262,-50907,-50552,-50197,-49842,-49487,-49132,-48777,-48422,-48067,-47712,-47357,-47002,-46647,-46292,-45937,-45582,-45227,-44872,-44517,-44162,-43807,-43452,-43097,-42742,-42387,-42032,-41677,-41322,-40967,-40612,-40257,-39902,-39547,-39192,-38837,-38482,-38127,-37772,-37417,-37062,-36707,-36352,-35997,-35642,-35287,-34932,-34577,-34222,-33867,-33512,-33157,-32802,-32447,-32092,-31737,-31382,-31027,-30672,-30317,-29962,-29607,-29252,-28897,-28542,-28187,-27832,-27477,-27122,-26767,-26412,-26057,-25702,-25347,-24992,-24637,-24282,-23927,-23572,-23217,-22862,-22507,-22152,-21797,-21442,-21087,-20732,-20377,-20022,-19667,-19312,-18957,-18602,-18247,-17892,-17537,-17182,-16827,-16472,-16117,-15762,-15407,-15052,-14697,-14342,-13987,-13632,-13277,-12922,-12567,-12212,-11857,-11502,-11147,-10792,-10437,-10082,-9727,-9372,-9017,-8662,-8307,-7952,-7597,-7242,-6887,-6532,-6177,-5822,-5467,-5112,-4757,-4402,-4047,-3692,-3337,-2982,-2627,-2272,-1917,-1562,-1207,-852,-497,-142,MAX=-62977
214,569,924,1279,1634,1989,2344,2699,3054,3409,3764,4119,4474,4829,5184,5539,5894,6249,6604,6959,7314,7669,8024,8379,8734,9089,9444,9799,10154,10509,10864,11219,11574,11929,12284,12639,12994,13349,13704,14059,14414,14769,15124,15479,15834,16189,16544,16899,17254,17609,17964,18319,18674,19029,19384,19739,20094,20449,20804,21159,21514,21869,22224,22579,22934,23289,23644,23999,24354,24709,25064,25419,25774,26129,26484,26839,27194,27549,27904,28259,28614,28969,29324,29679,30034,30389,30744,31099,31454,31809,32164,32519,32874,33229,33584,33939,34294,34649,35004,35359,35714,36069,36424,36779,37134,37489,37844,38199,38554,38909,39264,39619,39974,40329,40684,41039,41394,41749,42104,42459,42814,43169,43524,43879,44234,44589,44944,45299,45654,46009,46364,46719,47074,47429,47784,48139,48494,48849,49204,49559,49914,50055,50269,50624,50979,51334,51689,52044,52399,52754,53109,53464,53819,54174,54529,54884,55239,55594,55949,56304,56659,57014,57369,57724,58079,58434,58789,59144,59499,59854,60209,60564,60919,61274,61629,61984,62339,62694,-62976,-62621,-62266,-61911,-61556,-61201,-60846,-60491,-60136,-59781,-59426,-59071,-58716,-58361,-58006,-57651,-57296,-56941,-56586,-56231,-55876,-55521,-55166,-54811,-54456,-54101,-53746,-53391,-53036,-52681,-52326,-51971,-51616,-51261,-50906,-50551,-50196,-49841,-49486,-49131,-48776,-48421,-48066,-47711,-47356,-47001,-46646,-46291,-45936,-45581,-45226,-44871,-44516,-44161,-43806,-43451,-43096,-42741,-42386,-42031,-41676,-41321,-40966,-40611,-40256,-39901,-39546,-39191,-38836,-38481,-38126,-37771,-37416,-37061,-36706,-36351,-35996,-35641,-35286,-34931,-34576,-34221,-33866,-33511,-33156,-32801,-32446,-32091,-31736,-31381,-31026,-30671,-30316,-29961,-29606,-29251,-28896,-28541,-28186,-27831,-27476,-27121,-26766,-26411,-26056,-25701,-25346,-24991,-24636,-24281,-23926,-23571,-23216,-22861,-22506,-22151,-21796,-21441,-21086,-20731,-20376,-20021,-19666,-19311,-18956,-18601,-18246,-17891,-17536,-17181,-16826,-16471,-16116,-15761,-15406,-15051,-14696,-14341,-13986,-13631,-13276,-12921,-12566,-12211,-11856,-11501,-11146,-10791,-10436,-10081,-9726,-9371,-9016,-8661,-8306,-7951,-7596,-7241,-6886,-6531,-6176,-5821,-5466,-5111,-4756,-4401,-4046,-3691,-3336,-2981,-2626,-2271,-1916,-1561,-1206,-851,-496,-141,MAX=-62976
215,570,925,1280,1635,1990,2345,2700,3055,3410,3765,4120,4475,4830,5185,5540,5895,6250,6605,6960,7315,7670,8025,8380,8735,9090,9445,9800,10155,10510,10865,11220,11575,11930,12285,12640,12995,13350,13705,14060,14415,14770,15125,15480,15835,16190,16545,16900,17255,17610,17965,18320,18675,19030,19385,19740,20095,20450,20805,21160,21515,21870,22225,22580,22935,23290,23645,24000,24355,24710,25065,25420,25775,26130,26485,26840,27195,27550,27905,28260,28615,28970,29325,29680,30035,30390,30745,31100,31455,31810,32165,32520,32875,33230,33585,33940,34295,34650,35005,35360,35715,36070,36425,36780,37135,37490,37845,38200,38555,38910,39265,39620,39975,40330,40685,41040,41395,41750,42105,42460,42815,43170,43525,43880,44235,44590,44945,45300,45655,46010,46365,46720,47075,47430,47785,48140,48495,48850,49205,49560,49700,49915,50270,50625,50980,51335,51690,52045,52400,52755,53110,53465,53820,54175,54530,54885,55240,55595,55950,56305,56660,57015,57370,57725,58080,58435,58790,59145,59500,59855,60210,60565,60920,61275,61630,61985,62340,62695,-62975,-62620,-62265,-61910,-61555,-61200,-60845,-60490,-60135,-59780,-59425,-59070,-58715,-58360,-58005,-57650,-57295,-56940,-56585,-56230,-55875,-55520,-55165,-54810,-54455,-54100,-53745,-53390,-53035,-52680,-52325,-51970,-51615,-51260,-50905,-50550,-50195,-49840,-49485,-49130,-48775,-48420,-48065,-47710,-47355,-47000,-46645,-46290,-45935,-45580,-45225,-44870,-44515,-44160,-43805,-43450,-43095,-42740,-42385,-42030,-41675,-41320,-40965,-40610,-40255,-39900,-39545,-39190,-38835,-38480,-38125,-37770,-37415,-37060,-36705,-36350,-35995,-35640,-35285,-34930,-34575,-34220,-33865,-33510,-33155,-32800,-32445,-32090,-31735,-31380,-31025,-30670,-30315,-29960,-29605,-29250,-28895,-28540,-28185,-27830,-27475,-27120,-26765,-26410,-26055,-25700,-25345,-24990,-24635,-24280,-23925,-23570,-23215,-22860,-22505,-22150,-21795,-21440,-21085,-20730,-20375,-20020,-19665,-19310,-18955,-18600,-18245,-17890,-17535,-17180,-16825,-16470,-16115,-15760,-15405,-15050,-14695,-14340,-13985,-13630,-13275,-12920,-12565,-12210,-11855,-11500,-11145,-10790,-10435,-10080,-9725,-9370,-9015,-8660,-8305,-7950,-7595,-7240,-6885,-6530,-6175,-5820,-5465,-5110,-4755,-4400,-4045,-3690,-3335,-2980,-2625,-2270,-1915,-1560,-1205,-850,-495,-140,MAX=-62975
216,571,926,1281,1636,1991,2346,2701,3056,3411,3766,4121,4476,4831,5186,5541,5896,6251,6606,6961,7316,7671,8026,8381,8736,9091,9446,9801,10156,10511,10866,11221,11576,11931,12286,12641,12996,13351,13706,14061,14416,14771,15126,15481,15836,16191,16546,16901,17256,17611,17966,18321,18676,19031,19386,19741,20096,20451,20806,21161,21516,21871,22226,22581,22936,23291,23646,24001,24356,24711,25066,25421,25776,26131,26486,26841,27196,27551,27906,28261,28616,28971,29326,29681,30036,30391,30746,31101,31456,31811,32166,32521,32876,33231,33586,33941,34296,34651,35006,35361,35716,36071,36426,36781,37136,37491,37846,38201,38556,38911,39266,39621,39976,40331,40686,41041,41396,41751,42106,42461,42816,43171,43526,43881,44236,44591,44946,45301,45656,46011,46366,46721,47076,47431,47786,48141,48496,48851,49206,49345,49561,49916,50271,50626,50981,51336,51691,52046,52401,52756,53111,53466,53821,54176,54531,54886,55241,55596,55951,56306,56661,57016,57371,57726,58081,58436,58791,59146,59501,59856,60211,60566,60921,61276,61631,61986,62341,62696,-62974,-62619,-62264,-61909,-61554,-61199,-60844,-60489,-60134,-59779,-59424,-59069,-58714,-58359,-58004,-57649,-57294,-56939,-56584,-56229,-55874,-55519,-55164,-54809,-54454,-54099,-53744,-53389,-53034,-52679,-52324,-51969,-51614,-51259,-50904,-50549,-50194,-49839,-49484,-49129,-48774,-48419,-48064,-47709,-47354,-46999,-46644,-46289,-45934,-45579,-45224,-44869,-44514,-44159,-43804,-43449,-43094,-42739,-42384,-42029,-41674,-41319,-40964,-40609,-40254,-39899,-39544,-39189,-38834,-38479,-38124,-37769,-37414,-37059,-36704,-36349,-35994,-35639,-35284,-34929,-34574,-34219,-33864,-33509,-33154,-32799,-32444,-32089,-31734,-31379,-31024,-30669,-30314,-29959,-29604,-29249,-28894,-28539,-28184,-27829,-27474,-27119,-26764,-26409,-26054,-25699,-25344,-24989,-24634,-24279,-23924,-23569,-23214,-22859,-22504,-22149,-21794,-21439,-21084,-20729,-20374,-20019,-19664,-19309,-18954,-18599,-18244,-17889,-17534,-17179,-16824,-16469,-16114,-15759,-15404,-15049,-14694,-14339,-13984,-13629,-13274,-12919,-12564,-12209,-11854,-11499,-11144,-10789,-10434,-10079,-9724,-9369,-9014,-8659,-8304,-7949,-7594,-7239,-6884,-6529,-6174,-5819,-5464,-5109,-4754,-4399,-4044,-3689,-3334,-2979,-2624,-2269,-1914,-1559,-1204,-849,-494,-139,MAX=-62974
217,572,927,1282,1637,1992,2347,2702,3057,3412,3767,4122,4477,4832,5187,5542,5897,6252,6607,6962,7317,7672,8027,8382,8737,9092,9447,9802,10157,10512,10867,11222,11577,11932,12287,12642,12997,13352,13707,14062,14417,14772,15127,15482,15837,16192,16547,16902,17257,17612,17967,18322,18677,19032,19387,19742,20097,20452,20807,21162,21517,21872,22227,22582,22937,23292,23647,24002,24357,24712,25067,25422,25777,26132,26487,26842,27197,27552,27907,28262,28617,28972,29327,29682,30037,30392,30747,31102,31457,31812,32167,32522,32877,33232,33587,33942,34297,34652,35007,35362,35717,36072,36427,36782,37137,37492,37847,38202,38557,38912,39267,39622,39977,40332,40687,41042,41397,41752,42107,42462,42817,43172,43527,43882,44237,44592,44947,45302,45657,46012,46367,46722,47077,47432,47787,48142,48497,48852,48990,49207,49562,49917,50272,50627,50982,51337,51692,52047,52402,52757,53112,53467,53822,54177,54532,54887,55242,55597,55952,56307,56662,57017,57372,57727,58082,58437,58792,59147,59502,59857,60212,60567,60922,61277,61632,61987,62342,62697,-62973,-62618,-62263,-61908,-61553,-61198,-60843,-60488,-60133,-59778,-59423,-59068,-58713,-58358,-58003,-57648,-57293,-56938,-56583,-56228,-55873,-55518,-55163,-54808,-54453,-54098,-53743,-53388,-53033,-52678,-52323,-51968,-51613,-51258,-50903,-50548,-50193,-49838,-49483,-49128,-48773,-48418,-48063,-47708,-47353,-46998,-46643,-46288,-45933,-45578,-45223,-44868,-44513,-44158,-43803,-43448,-43093,-42738,-42383,-42028,-41673,-41318,-40963,-40608,-40253,-39898,-39543,-39188,-38833,-38478,-38123,-37768,-37413,-37058,-36703,-36348,-35993,-35638,-35283,-34928,-34573,-34218,-33863,-33508,-33153,-32798,-32443,-32088,-31733,-31378,-31023,-30668,-30313,-29958,-29603,-29248,-28893,-28538,-28183,-27828,-27473,-27118,-26763,-26408,-26053,-25698,-25343,-24988,-24633,-24278,-23923,-23568,-23213,-22858,-22503,-22148,-21793,-21438,-21083,-20728,-20373,-20018,-19663,-19308,-18953,-18598,-18243,-17888,-17533,-17178,-16823,-16468,-16113,-15758,-15403,-15048,-14693,-14338,-13983,-13628,-13273,-12918,-12563,-12208,-11853,-11498,-11143,-10788,-10433,-10078,-9723,-9368,-9013,-8658,-8303,-7948,-7593,-7238,-6883,-6528,-6173,-5818,-5463,-5108,-4753,-4398,-4043,-3688,-3333,-2978,-2623,-2268,-1913,-1558,-1203,-848,-493,-138,MAX=-62973
218,573,928,1283,1638,1993,2348,2703,3058,3413,3768,4123,4478,4833,5188,5543,5898,6253,6608,6963,7318,7673,8028,8383,8738,9093,9448,9803,10158,10513,10868,11223,11578,11933,12288,12643,12998,13353,13708,14063,14418,14773,15128,15483,15838,16193,16548,16903,17258,17613,17968,18323,18678,19033,19388,19743,20098,20453,20808,21163,21518,21873,22228,22583,22938,23293,23648,24003,24358,24713,25068,25423,25778,26133,26488,26843,27198,27553,27908,28263,28618,28973,29328,29683,30038,30393,30748,31103,31458,31813,32168,32523,32878,33233,33588,33943,34298,34653,35008,35363,35718,36073,36428,36783,37138,37493,37848,38203,38558,38913,39268,39623,39978,40333,40688,41043,41398,41753,42108,42463,42818,43173,43528,43883,44238,44593,44948,45303,45658,46013,46368,46723,47078,47433,47788,48143,48498,48635,48853,49208,49563,49918,50273,50628,50983,51338,51693,52048,52403,52758,53113,53468,53823,54178,54533,54888,55243,55598,55953,56308,56663,57018,57373,57728,58083,58438,58793,59148,59503,59858,60213,60568,60923,61278,61633,61988,62343,62698,-62972,-62617,-62262,-61907,-61552,-61197,-60842,-60487,-60132,-59777,-59422,-59067,-58712,-58357,-58002,-57647,-57292,-56937,-56582,-56227,-55872,-55517,-55162,-54807,-54452,-54097,-53742,-53387,-53032,-52677,-52322,-51967,-51612,-51257,-50902,-50547,-50192,-49837,-49482,-49127,-48772,-48417,-48062,-47707,-47352,-46997,-46642,-46287,-45932,-45577,-45222,-44867,-44512,-44157,-43802,-43447,-43092,-42737,-42382,-42027,-41672,-41317,-40962,-40607,-40252,-39897,-39542,-39187,-38832,-38477,-38122,-37767,-37412,-37057,-36702,-36347,-35992,-35637,-35282,-34927,-34572,-34217,-33862,-33507,-33152,-32797,-32442,-32087,-31732,-31377,-31022,-30667,-30312,-29957,-29602,-29247,-28892,-28537,-28182,-27827,-27472,-27117,-26762,-26407,-26052,-25697,-25342,-24987,-24632,-24277,-23922,-23567,-23212,-22857,-22502,-22147,-21792,-21437,-21082,-20727,-20372,-20017,-19662,-19307,-18952,-18597,-18242,-17887,-17532,-17177,-16822,-16467,-16112,-15757,-15402,-15047,-14692,-14337,-13982,-13627,-13272,-12917,-12562,-12207,-11852,-11497,-11142,-10787,-10432,-10077,-9722,-9367,-9012,-8657,-8302,-7947,-7592,-7237,-6882,-6527,-6172,-5817,-5462,-5107,-4752,-4397,-4042,-3687,-3332,-2977,-2622,-2267,-1912,-1557,-1202,-847,-492,-137,MAX=-62972
219,574,929,1284,1639,1994,2349,2704,3059,3414,3769,4124,4479,4834,5189,5544,5899,6254,6609,6964,7319,7674,8029,8384,8739,9094,9449,9804,10159,10514,10869,11224,11579,11934,12289,12644,12999,13354,13709,14064,14419,14774,15129,15484,15839,16194,16549,16904,17259,17614,17969,18324,18679,19034,19389,19744,20099,20454,20809,21164,21519,21874,22229,22584,22939,23294,23649,24004,24359,24714,25069,25424,25779,26134,26489,26844,27199,27554,27909,28264,28619,28974,29329,29684,30039,30394,30749,31104,31459,31814,32169,32524,32879,33234,33589,33944,34299,34654,35009,35364,35719,36074,36429,36784,37139,37494,37849,38204,38559,38914,39269,39624,39979,40334,40689,41044,41399,41754,42109,42464,42819,43174,43529,43884,44239,44594,44949,45304,45659,46014,46369,46724,47079,47434,47789,48144,48280,48499,48854,49209,49564,49919,50274,50629,50984,51339,51694,52049,52404,52759,53114,53469,53824,54179,54534,54889,55244,55599,55954,56309,56664,57019,57374,57729,58084,58439,58794,59149,59504,59859,60214,60569,60924,61279,61634,61989,62344,62699,-62971,-62616,-62261,-61906,-61551,-61196,-60841,-60486,-60131,-59776,-59421,-59066,-58711,-58356,-58001,-57646,-57291,-56936,-56581,-56226,-55871,-55516,-55161,-54806,-54451,-54096,-53741,-53386,-53031,-52676,-52321,-51966,-51611,-51256,-50901,-50546,-50191,-49836,-49481,-49126,-48771,-48416,-48061,-47706,-47351,-46996,-46641,-46286,-45931,-45576,-45221,-44866,-44511,-44156,-43801,-43446,-43091,-42736,-42381,-42026,-41671,-41316,-40961,-40606,-40251,-39896,-39541,-39186,-38831,-38476,-38121,-37766,-37411,-37056,-36701,-36346,-35991,-35636,-35281,-34926,-34571,-34216,-33861,-33506,-33151,-32796,-32441,-32086,-31731,-31376,-31021,-30666,-30311,-29956,-29601,-29246,-28891,-28536,-28181,-27826,-27471,-27116,-26761,-26406,-26051,-25696,-25341,-24986,-24631,-24276,-23921,-23566,-23211,-22856,-22501,-22146,-21791,-21436,-21081,-20726,-20371,-20016,-19661,-19306,-18951,-18596,-18241,-17886,-17531,-17176,-16821,-16466,-16111,-15756,-15401,-15046,-14691,-14336,-13981,-13626,-13271,-12916,-12561,-12206,-11851,-11496,-11141,-10786,-10431,-10076,-9721,-9366,-9011,-8656,-8301,-7946,-7591,-7236,-6881,-6526,-6171,-5816,-5461,-5106,-4751,-4396,-4041,-3686,-3331,-2976,-2621,-2266,-1911,-1556,-1201,-846,-491,-136,MAX=-62971
220,575,930,1285,1640,1995,2350,2705,3060,3415,3770,4125,4480,4835,5190,5545,5900,6255,6610,6965,7320,7675,8030,8385,8740,9095,9450,9805,10160,10515,10870,11225,11580,11935,12290,12645,13000,13355,13710,14065,14420,14775,15130,15485,15840,16195,16550,16905,17260,17615,17970,18325,18680,19035,19390,19745,20100,20455,20810,21165,21520,21875,22230,22585,22940,23295,23650,24005,24360,24715,25070,25425,25780,26135,26490,26845,27200,27555,27910,28265,28620,28975,29330,29685,30040,30395,30750,31105,31460,31815,32170,32525,32880,33235,33590,33945,34300,34655,35010,35365,35720,36075,36430,36785,37140,37495,37850,38205,38560,38915,39270,39625,39980,40335,40690,41045,41400,41755,42110,42465,42820,43175,43530,43885,44240,44595,44950,45305,45660,46015,46370,46725,47080,47435,47790,47925,48145,48500,48855,49210,49565,49920,50275,50630,50985,51340,51695,52050,52405,52760,53115,53470,53825,54180,54535,54890,55245,55600,55955,56310,56665,57020,57375,57730,58085,58440,58795,59150,59505,59860,60215,60570,60925,61280,61635,61990,62345,62700,-62970,-62615,-62260,-61905,-61550,-61195,-60840,-60485,-60130,-59775,-59420,-59065,-58710,-58355,-58000,-57645,-57290,-56935,-56580,-56225,-55870,-55515,-55160,-54805,-54450,-54095,-53740,-53385,-53030,-52675,-52320,-51965,-51610,-51255,-50900,-50545,-50190,-49835,-49480,-49125,-48770,-48415,-48060,-47705,-47350,-46995,-46640,-46285,-45930,-45575,-45220,-44865,-44510,-44155,-43800,-43445,-43090,-42735,-42380,-42025,-41670,-41315,-40960,-40605,-40250,-39895,-39540,-39185,-38830,-38475,-38120,-37765,-37410,-37055,-36700,-36345,-35990,-35635,-35280,-34925,-34570,-34215,-33860,-33505,-33150,-32795,-32440,-32085,-31730,-31375,-31020,-30665,-30310,-29955,-29600,-29245,-28890,-28535,-28180,-27825,-27470,-27115,-26760,-26405,-26050,-25695,-25340,-24985,-24630,-24275,-23920,-23565,-23210,-22855,-22500,-22145,-21790,-21435,-21080,-20725,-20370,-20015,-19660,-19305,-18950,-18595,-18240,-17885,-17530,-17175,-16820,-16465,-16110,-15755,-15400,-15045,-14690,-14335,-13980,-13625,-13270,-12915,-12560,-12205,-11850,-11495,-11140,-10785,-10430,-10075,-9720,-9365,-9010,-8655,-8300,-7945,-7590,-7235,-6880,-6525,-6170,-5815,-5460,-5105,-4750,-4395,-4040,-3685,-3330,-2975,-2620,-2265,-1910,-1555,-1200,-845,-490,-135,MAX=-62970
221,576,931,1286,1641,1996,2351,2706,3061,3416,3771,4126,4481,4836,5191,5546,5901,6256,6611,6966,7321,7676,8031,8386,8741,9096,9451,9806,10161,10516,10871,11226,11581,11936,12291,12646,13001,13356,13711,14066,14421,14776,15131,15486,15841,16196,16551,16906,17261,17616,17971,18326,18681,19036,19391,19746,20101,20456,20811,21166,21521,21876,22231,22586,22941,23296,23651,24006,24361,24716,25071,25426,25781,26136,26491,26846,27201,27556,27911,28266,28621,28976,29331,29686,30041,30396,30751,31106,31461,31816,32171,32526,32881,33236,33591,33946,34301,34656,35011,35366,35721,36076,36431,36786,37141,37496,37851,38206,38561,38916,39271,39626,39981,40336,40691,41046,41401,41756,42111,42466,42821,43176,43531,43886,44241,44596,44951,45306,45661,46016,46371,46726,47081,47436,47570,47791,48146,48501,48856,49211,49566,49921,50276,50631,50986,51341,51696,52051,52406,52761,53116,53471,53826,54181,54536,54891,55246,55601,55956,56311,56666,57021,57376,57731,58086,58441,58796,59151,59506,59861,60216,60571,60926,61281,61636,61991,62346,62701,-62969,-62614,-62259,-61904,-61549,-61194,-60839,-60484,-60129,-59774,-59419,-59064,-58709,-58354,-57999,-57644,-57289,-56934,-56579,-56224,-55869,-55514,-55159,-54804,-54449,-54094,-53739,-53384,-53029,-52674,-52319,-51964,-51609,-51254,-50899,-50544,-50189,-49834,-49479,-49124,-48769,-48414,-48059,-47704,-47349,-46994,-46639,-46284,-45929,-45574,-45219,-44864,-44509,-44154,-43799,-43444,-43089,-42734,-42379,-42024,-41669,-41314,-40959,-40604,-40249,-39894,-39539,-39184,-38829,-38474,-38119,-37764,-37409,-37054,-36699,-36344,-35989,-35634,-35279,-34924,-34569,-34214,-33859,-33504,-33149,-32794,-32439,-32084,-31729,-31374,-31019,-30664,-30309,-29954,-29599,-29244,-28889,-28534,-28179,-27824,-27469,-27114,-26759,-26404,-26049,-25694,-25339,-24984,-24629,-24274,-23919,-23564,-23209,-22854,-22499,-22144,-21789,-21434,-21079,-20724,-20369,-20014,-19659,-19304,-18949,-18594,-18239,-17884,-17529,-17174,-16819,-16464,-16109,-15754,-15399,-15044,-14689,-14334,-13979,-13624,-13269,-12914,-12559,-12204,-11849,-11494,-11139,-10784,-10429,-10074,-9719,-9364,-9009,-8654,-8299,-7944,-7589,-7234,-6879,-6524,-6169,-5814,-5459,-5104,-4749,-4394,-4039,-3684,-3329,-2974,-2619,-2264,-1909,-1554,-1199,-844,-489,-134,MAX=-62969
222,577,932,1287,1642,1997,2352,2707,3062,3417,3772,4127,4482,4837,5192,5547,5902,6257,6612,6967,7322,7677,8032,8387,8742,9097,9452,9807,10162,10517,10872,11227,11582,11937,12292,12647,13002,13357,13712,14067,14422,14777,15132,15487,15842,16197,16552,16907,17262,17617,17972,18327,18682,19037,19392,19747,20102,20457,20812,21167,21522,21877,22232,22587,22942,23297,23652,24007,24362,24717,25072,25427,25782,26137,26492,26847,27202,27557,27912,28267,28622,28977,29332,29687,30042,30397,30752,31107,31462,31817,32172,32527,32882,33237,33592,33947,34302,34657,35012,35367,35722,36077,36432,36787,37142,37497,37852,38207,38562,38917,39272,39627,39982,40337,40692,41047,41402,41757,42112,42467,42822,43177,43532,43887,44242,44597,44952,45307,45662,46017,46372,46727,47082,47215,47437,47792,48147,48502,48857,49212,49567,49922,50277,50632,50987,51342,51697,52052,52407,52762,53117,53472,53827,54182,54537,54892,55247,55602,55957,56312,56667,57022,57377,57732,58087,58442,58797,59152,59507,59862,60217,60572,60927,61282,61637,61992,62347,62702,-62968,-62613,-62258,-61903,-61548,-61193,-60838,-60483,-60128,-59773,-59418,-59063,-58708,-58353,-57998,-57643,-57288,-56933,-56578,-56223,-55868,-55513,-55158,-54803,-54448,-54093,-53738,-53383,-53028,-52673,-52318,-51963,-51608,-51253,-50898,-50543,-50188,-49833,-49478,-49123,-48768,-48413,-48058,-47703,-47348,-46993,-46638,-46283,-45928,-45573,-45218,-44863,-44508,-44153,-43798,-43443,-43088,-42733,-42378,-42023,-41668,-41313,-40958,-40603,-40248,-39893,-39538,-39183,-38828,-38473,-38118,-37763,-37408,-37053,-36698,-36343,-35988,-35633,-35278,-34923,-34568,-34213,-33858,-33503,-33148,-32793,-32438,-32083,-31728,-31373,-31018,-30663,-30308,-29953,-29598,-29243,-28888,-28533,-28178,-27823,-27468,-27113,-26758,-26403,-26048,-25693,-25338,-24983,-24628,-24273,-23918,-23563,-23208,-22853,-22498,-22143,-21788,-21433,-21078,-20723,-20368,-20013,-19658,-19303,-18948,-18593,-18238,-17883,-17528,-17173,-16818,-16463,-16108,-15753,-15398,-15043,-14688,-14333,-13978,-13623,-13268,-12913,-12558,-12203,-11848,-11493,-11138,-10783,-10428,-10073,-9718,-9363,-9008,-8653,-8298,-7943,-7588,-7233,-6878,-6523,-6168,-5813,-5458,-5103,-4748,-4393,-4038,-3683,-3328,-2973,-2618,-2263,-1908,-1553,-1198,-843,-488,-133,MAX=-62968
223,578,933,1288,1643,1998,2353,2708,3063,3418,3773,4128,4483,4838,5193,5548,5903,6258,6613,6968,7323,7678,8033,8388,8743,9098,9453,9808,10163,10518,10873,11228,11583,11938,12293,12648,13003,13358,13713,14068,14423,14778,15133,15488,15843,16198,16553,16908,17263,17618,17973,18328,18683,19038,19393,19748,20103,20458,20813,21168,21523,21878,22233,22588,22943,23298,23653,24008,24363,24718,25073,25428,25783,26138,26493,26848,27203,27558,27913,28268,28623,28978,29333,29688,30043,30398,30753,31108,31463,31818,32173,32528,32883,33238,33593,33948,34303,34658,35013,35368,35723,36078,36433,36788,37143,37498,37853,38208,38563,38918,39273,39628,39983,40338,40693,41048,41403,41758,42113,42468,42823,43178,43533,43888,44243,44598,44953,45308,45663,46018,46373,46728,46860,47083,47438,47793,48148,48503,48858,49213,49568,49923,50278,50633,50988,51343,51698,52053,52408,52763,53118,53473,53828,54183,54538,54893,55248,55603,55958,56313,56668,57023,57378,57733,58088,58443,58798,59153,59508,59863,60218,60573,60928,61283,61638,61993,62348,62703,-62967,-62612,-62257,-61902,-61547,-61192,-60837,-60482,-60127,-59772,-59417,-59062,-58707,-58352,-57997,-57642,-57287,-56932,-56577,-56222,-55867,-55512,-55157,-54802,-54447,-54092,-53737,-53382,-53027,-52672,-52317,-51962,-51607,-51252,-50897,-50542,-50187,-49832,-49477,-49122,-48767,-48412,-48057,-47702,-47347,-46992,-46637,-46282,-45927,-45572,-45217,-44862,-44507,-44152,-43797,-43442,-43087,-42732,-42377,-42022,-41667,-41312,-40957,-40602,-40247,-39892,-39537,-39182,-38827,-38472,-38117,-37762,-37407,-37052,-36697,-36342,-35987,-35632,-35277,-34922,-34567,-34212,-33857,-33502,-33147,-32792,-32437,-32082,-31727,-31372,-31017,-30662,-30307,-29952,-29597,-29242,-28887,-28532,-28177,-27822,-27467,-27112,-26757,-26402,-26047,-25692,-25337,-24982,-24627,-24272,-23917,-23562,-23207,-22852,-22497,-22142,-21787,-21432,-21077,-20722,-20367,-20012,-19657,-19302,-18947,-18592,-18237,-17882,-17527,-17172,-16817,-16462,-16107,-15752,-15397,-15042,-14687,-14332,-13977,-13622,-13267,-12912,-12557,-12202,-11847,-11492,-11137,-10782,-10427,-10072,-9717,-9362,-9007,-8652,-8297,-7942,-7587,-7232,-6877,-6522,-6167,-5812,-5457,-5102,-4747,-4392,-4037,-3682,-3327,-2972,-2617,-2262,-1907,-1552,-1197,-842,-487,-132,MAX=-62967
224,579,934,1289,1644,1999,2354,2709,3064,3419,3774,4129,4484,4839,5194,5549,5904,6259,6614,6969,7324,7679,8034,8389,8744,9099,9454,9809,10164,10519,10874,11229,11584,11939,12294,12649,13004,13359,13714,14069,14424,14779,15134,15489,15844,16199,16554,16909,17264,17619,17974,18329,18684,19039,19394,19749,20104,20459,20814,21169,21524,21879,22234,22589,22944,23299,23654,24009,24364,24719,25074,25429,25784,26139,26494,26849,27204,27559,27914,28269,28624,28979,29334,29689,30044,30399,30754,31109,31464,31819,32174,32529,32884,33239,33594,33949,34304,34659,35014,35369,35724,36079,36434,36789,37144,37499,37854,38209,38564,38919,39274,39629,39984,40339,40694,41049,41404,41759,42114,42469,42824,43179,43534,43889,44244,44599,44954,45309,45664,46019,46374,46505,46729,47084,47439,47794,48149,48504,48859,49214,49569,49924,50279,50634,50989,51344,51699,52054,52409,52764,53119,53474,53829,54184,54539,54894,55249,55604,55959,56314,56669,57024,57379,57734,58089,58444,58799,59154,59509,59864,60219,60574,60929,61284,61639,61994,62349,62704,-62966,-62611,-62256,-61901,-61546,-61191,-60836,-60481,-60126,-59771,-59416,-59061,-58706,-58351,-57996,-57641,-57286,-56931,-56576,-56221,-55866,-55511,-55156,-54801,-54446,-54091,-53736,-53381,-53026,-52671,-52316,-51961,-51606,-51251,-50896,-50541,-50186,-49831,-49476,-49121,-48766,-48411,-48056,-47701,-47346,-46991,-46636,-46281,-45926,-45571,-45216,-44861,-44506,-44151,-43796,-43441,-43086,-42731,-42376,-42021,-41666,-41311,-40956,-40601,-40246,-39891,-39536,-39181,-38826,-38471,-38116,-37761,-37406,-37051,-36696,-36341,-35986,-35631,-35276,-34921,-34566,-34211,-33856,-33501,-33146,-32791,-32436,-32081,-31726,-31371,-31016,-30661,-30306,-29951,-29596,-29241,-28886,-28531,-28176,-27821,-27466,-27111,-26756,-26401,-26046,-25691,-25336,-24981,-24626,-24271,-23916,-23561,-23206,-22851,-22496,-22141,-21786,-21431,-21076,-20721,-20366,-20011,-19656,-19301,-18946,-18591,-18236,-17881,-17526,-17171,-16816,-16461,-16106,-15751,-15396,-15041,-14686,-14331,-13976,-13621,-13266,-12911,-12556,-12201,-11846,-11491,-11136,-10781,-10426,-10071,-9716,-9361,-9006,-8651,-8296,-7941,-7586,-7231,-6876,-6521,-6166,-5811,-5456,-5101,-4746,-4391,-4036,-3681,-3326,-2971,-2616,-2261,-1906,-1551,-1196,-841,-486,-131,MAX=-62966
225,580,935,1290,1645,2000,2355,2710,3065,3420,3775,4130,4485,4840,5195,5550,5905,6260,6615,6970,7325,7680,8035,8390,8745,9100,9455,9810,10165,10520,10875,11230,11585,11940,12295,12650,13005,13360,13715,14070,14425,14780,15135,15490,15845,16200,16555,16910,17265,17620,17975,18330,18685,19040,19395,19750,20105,20460,20815,21170,21525,21880,22235,22590,22945,23300,23655,24010,24365,24720,25075,25430,25785,26140,26495,26850,27205,27560,27915,28270,28625,28980,29335,29690,30045,30400,30755,31110,31465,31820,32175,32530,32885,33240,33595,33950,34305,34660,35015,35370,35725,36080,36435,36790,37145,37500,37855,38210,38565,38920,39275,39630,39985,40340,40695,41050,41405,41760,42115,42470,42825,43180,43535,43890,44245,44600,44955,45310,45665,46020,46150,46375,46730,47085,47440,47795,48150,48505,48860,49215,49570,49925,50280,50635,50990,51345,51700,52055,52410,52765,53120,53475,53830,54185,54540,54895,55250,55605,55960,56315,56670,57025,57380,57735,58090,58445,58800,59155,59510,59865,60220,60575,60930,61285,61640,61995,62350,62705,-62965,-62610,-62255,-61900,-61545,-61190,-60835,-60480,-60125,-59770,-59415,-59060,-58705,-58350,-57995,-57640,-57285,-56930,-56575,-56220,-55865,-55510,-55155,-54800,-54445,-54090,-53735,-53380,-53025,-52670,-52315,-51960,-51605,-51250,-50895,-50540,-50185,-49830,-49475,-49120,-48765,-48410,-48055,-47700,-47345,-46990,-46635,-46280,-45925,-45570,-45215,-44860,-44505,-44150,-43795,-43440,-43085,-42730,-42375,-42020,-41665,-41310,-40955,-40600,-40245,-39890,-39535,-39180,-38825,-38470,-38115,-37760,-37405,-37050,-36695,-36340,-35985,-35630,-35275,-34920,-34565,-34210,-33855,-33500,-33145,-32790,-32435,-32080,-31725,-31370,-31015,-30660,-30305,-29950,-29595,-29240,-28885,-28530,-28175,-27820,-27465,-27110,-26755,-26400,-26045,-25690,-25335,-24980,-24625,-24270,-23915,-23560,-23205,-22850,-22495,-22140,-21785,-21430,-21075,-20720,-20365,-20010,-19655,-19300,-18945,-18590,-18235,-17880,-17525,-17170,-16815,-16460,-16105,-15750,-15395,-15040,-14685,-14330,-13975,-13620,-13265,-12910,-12555,-12200,-11845,-11490,-11135,-10780,-10425,-10070,-9715,-9360,-9005,-8650,-8295,-7940,-7585,-7230,-6875,-6520,-6165,-5810,-5455,-5100,-4745,-4390,-4035,-3680,-3325,-2970,-2615,-2260,-1905,-1550,-1195,-840,-485,-130,MAX=-62965
226,581,936,1291,1646,2001,2356,2711,3066,3421,3776,4131,4486,4841,5196,5551,5906,6261,6616,6971,7326,7681,8036,8391,8746,9101,9456,9811,10166,10521,10876,11231,11586,11941,12296,12651,13006,13361,13716,14071,14426,14781,15136,15491,15846,16201,16556,16911,17266,17621,17976,18331,18686,19041,19396,19751,20106,20461,20816,21171,21526,21881,22236,22591,22946,23301,23656,24011,24366,24721,25076,25431,25786,26141,26496,26851,27206,27561,27916,28271,28626,28981,29336,29691,30046,30401,30756,31111,31466,31821,32176,32531,32886,33241,33596,33951,34306,34661,35016,35371,35726,36081,36436,36791,37146,37501,37856,38211,38566,38921,39276,39631,39986,40341,40696,41051,41406,41761,42116,42471,42826,43181,43536,43891,44246,44601,44956,45311,45666,45795,46021,46376,46731,47086,47441,47796,48151,48506,48861,49216,49571,49926,50281,50636,50991,51346,51701,52056,52411,52766,53121,53476,53831,54186,54541,54896,55251,55606,55961,56316,56671,57026,57381,57736,58091,58446,58801,59156,59511,59866,60221,60576,60931,61286,61641,61996,62351,62706,-62964,-62609,-62254,-61899,-61544,-61189,-60834,-60479,-60124,-59769,-59414,-59059,-58704,-58349,-57994,-57639,-57284,-56929,-56574,-56219,-55864,-55509,-55154,-54799,-54444,-54089,-53734,-53379,-53024,-52669,-52314,-51959,-51604,-51249,-50894,-50539,-50184,-49829,-49474,-49119,-48764,-48409,-48054,-47699,-47344,-46989,-46634,-46279,-45924,-45569,-45214,-44859,-44504,-44149,-43794,-43439,-43084,-42729,-42374,-42019,-41664,-41309,-40954,-40599,-40244,-39889,-39534,-39179,-38824,-38469,-38114,-37759,-37404,-37049,-36694,-36339,-35984,-35629,-35274,-34919,-34564,-34209,-33854,-33499,-33144,-32789,-32434,-32079,-31724,-31369,-31014,-30659,-30304,-29949,-29594,-29239,-28884,-28529,-28174,-27819,-27464,-27109,-26754,-26399,-26044,-25689,-25334,-24979,-24624,-24269,-23914,-23559,-23204,-22849,-22494,-22139,-21784,-21429,-21074,-20719,-20364,-20009,-19654,-19299,-18944,-18589,-18234,-17879,-17524,-17169,-16814,-16459,-16104,-15749,-15394,-15039,-14684,-14329,-13974,-13619,-13264,-12909,-12554,-12199,-11844,-11489,-11134,-10779,-10424,-10069,-9714,-9359,-9004,-8649,-8294,-7939,-7584,-7229,-6874,-6519,-6164,-5809,-5454,-5099,-4744,-4389,-4034,-3679,-3324,-2969,-2614,-2259,-1904,-1549,-1194,-839,-484,-129,MAX=-62964
227,582,937,1292,1647,2002,2357,2712,3067,3422,3777,4132,4487,4842,5197,5552,5907,6262,6617,6972,7327,7682,8037,8392,8747,9102,9457,9812,10167,10522,10877,11232,11587,11942,12297,12652,13007,13362,13717,14072,14427,14782,15137,15492,15847,16202,16557,16912,17267,17622,17977,18332,18687,19042,19397,19752,20107,20462,20817,21172,21527,21882,22237,22592,22947,23302,23657,24012,24367,24722,25077,25432,25787,26142,26497,26852,27207,27562,27917,28272,28627,28982,29337,29692,30047,30402,30757,31112,31467,31822,32177,32532,32887,33242,33597,33952,34307,34662,35017,35372,35727,36082,36437,36792,37147,37502,37857,38212,38567,38922,39277,39632,39987,40342,40697,41052,41407,41762,42117,42472,42827,43182,43537,43892,44247,44602,44957,45312,45440,45667,46022,46377,46732,47087,47442,47797,48152,48507,48862,49217,49572,49927,50282,50637,50992,51347,51702,52057,52412,52767,53122,53477,53832,54187,54542,54897,55252,55607,55962,56317,56672,57027,57382,57737,58092,58447,58802,59157,59512,59867,60222,60577,60932,61287,61642,61997,62352,62707,-62963,-62608,-62253,-61898,-61543,-61188,-60833,-60478,-60123,-59768,-59413,-59058,-58703,-58348,-57993,-57638,-57283,-56928,-56573,-56218,-55863,-55508,-55153,-54798,-54443,-54088,-53733,-53378,-53023,-52668,-52313,-51958,-51603,-51248,-50893,-50538,-50183,-49828,-49473,-49118,-48763,-48408,-48053,-47698,-47343,-46988,-46633,-46278,-45923,-45568,-45213,-44858,-44503,-44148,-43793,-43438,-43083,-42728,-42373,-42018,-41663,-41308,-40953,-40598,-40243,-39888,-39533,-39178,-38823,-38468,-38113,-37758,-37403,-37048,-36693,-36338,-35983,-35628,-35273,-34918,-34563,-34208,-33853,-33498,-33143,-32788,-32433,-32078,-31723,-31368,-31013,-30658,-30303,-29948,-29593,-29238,-28883,-28528,-28173,-27818,-27463,-27108,-26753,-26398,-26043,-25688,-25333,-24978,-24623,-24268,-23913,-23558,-23203,-22848,-22493,-22138,-21783,-21428,-21073,-20718,-20363,-20008,-19653,-19298,-18943,-18588,-18233,-17878,-17523,-17168,-16813,-16458,-16103,-15748,-15393,-15038,-14683,-14328,-13973,-13618,-13263,-12908,-12553,-12198,-11843,-11488,-11133,-10778,-10423,-10068,-9713,-9358,-9003,-8648,-8293,-7938,-7583,-7228,-6873,-6518,-6163,-5808,-5453,-5098,-4743,-4388,-4033,-3678,-3323,-2968,-2613,-2258,-1903,-1548,-1193,-838,-483,-128,MAX=-62963
228,583,938,1293,1648,2003,2358,2713,3068,3423,3778,4133,4488,4843,5198,5553,5908,6263,6618,6973,7328,7683,8038,8393,8748,9103,9458,9813,10168,10523,10878,11233,11588,11943,12298,12653,13008,13363,13718,14073,14428,14783,15138,15493,15848,16203,16558,16913,17268,17623,17978,18333,18688,19043,19398,19753,20108,20463,20818,21173,21528,21883,22238,22593,22948,23303,23658,24013,24368,24723,25078,25433,25788,26143,26498,26853,27208,27563,27918,28273,28628,28983,29338,29693,30048,30403,30758,31113,31468,31823,32178,32533,32888,33243,33598,33953,34308,34663,35018,35373,35728,36083,36438,36793,37148,37503,37858,38213,38568,38923,39278,39633,39988,40343,40698,41053,41408,41763,42118,42473,42828,43183,43538,43893,44248,44603,44958,45085,45313,45668,46023,46378,46733,47088,47443,47798,48153,48508,48863,49218,49573,49928,50283,50638,50993,51348,51703,52058,52413,52768,53123,53478,53833,54188,54543,54898,55253,55608,55963,56318,56673,57028,57383,57738,58093,58448,58803,59158,59513,59868,60223,60578,60933,61288,61643,61998,62353,62708,-62962,-62607,-62252,-61897,-61542,-61187,-60832,-60477,-60122,-59767,-59412,-59057,-58702,-58347,-57992,-57637,-57282,-56927,-56572,-56217,-55862,-55507,-55152,-54797,-54442,-54087,-53732,-53377,-53022,-52667,-52312,-51957,-51602,-51247,-50892,-50537,-50182,-49827,-49472,-49117,-48762,-48407,-48052,-47697,-47342,-46987,-46632,-46277,-45922,-45567,-45212,-44857,-44502,-44147,-43792,-43437,-43082,-42727,-42372,-42017,-41662,-41307,-40952,-40597,-40242,-39887,-39532,-39177,-38822,-38467,-38112,-37757,-37402,-37047,-36692,-36337,-35982,-35627,-35272,-34917,-34562,-34207,-33852,-33497,-33142,-32787,-32432,-32077,-31722,-31367,-31012,-30657,-30302,-29947,-29592,-29237,-28882,-28527,-28172,-27817,-27462,-27107,-26752,-26397,-26042,-25687,-25332,-24977,-24622,-24267,-23912,-23557,-23202,-22847,-22492,-22137,-21782,-21427,-21072,-20717,-20362,-20007,-19652,-19297,-18942,-18587,-18232,-17877,-17522,-17167,-16812,-16457,-16102,-15747,-15392,-15037,-14682,-14327,-13972,-13617,-13262,-12907,-12552,-12197,-11842,-11487,-11132,-10777,-10422,-10067,-9712,-9357,-9002,-8647,-8292,-7937,-7582,-7227,-6872,-6517,-6162,-5807,-5452,-5097,-4742,-4387,-4032,-3677,-3322,-2967,-2612,-2257,-1902,-1547,-1192,-837,-482,-127,MAX=-62962
229,584,939,1294,1649,2004,2359,2714,3069,3424,3779,4134,4489,4844,5199,5554,5909,6264,6619,6974,7329,7684,8039,8394,8749,9104,9459,9814,10169,10524,10879,11234,11589,11944,12299,12654,13009,13364,13719,14074,14429,14784,15139,15494,15849,16204,16559,16914,17269,17624,17979,18334,18689,19044,19399,19754,20109,20464,20819,21174,21529,21884,22239,22594,22949,23304,23659,24014,24369,24724,25079,25434,25789,26144,26499,26854,27209,27564,27919,28274,28629,28984,29339,29694,30049,30404,30759,31114,31469,31824,32179,32534,32889,33244,33599,33954,34309,34664,35019,35374,35729,36084,36439,36794,37149,37504,37859,38214,38569,38924,39279,39634,39989,40344,40699,41054,41409,41764,42119,42474,42829,43184,43539,43894,44249,44604,44730,44959,45314,45669,46024,46379,46734,47089,47444,47799,48154,48509,48864,49219,49574,49929,50284,50639,50994,51349,51704,52059,52414,52769,53124,53479,53834,54189,54544,54899,55254,55609,55964,56319,56674,57029,57384,57739,58094,58449,58804,59159,59514,59869,60224,60579,60934,61289,61644,61999,62354,62709,-62961,-62606,-62251,-61896,-61541,-61186,-60831,-60476,-60121,-59766,-59411,-59056,-58701,-58346,-57991,-57636,-57281,-56926,-56571,-56216,-55861,-55506,-55151,-54796,-54441,-54086,-53731,-53376,-53021,-52666,-52311,-51956,-51601,-51246,-50891,-50536,-50181,-49826,-49471,-49116,-48761,-48406,-48051,-47696,-47341,-46986,-46631,-46276,-45921,-45566,-45211,-44856,-44501,-44146,-43791,-43436,-43081,-42726,-42371,-42016,-41661,-41306,-40951,-40596,-40241,-39886,-39531,-39176,-38821,-38466,-38111,-37756,-37401,-37046,-36691,-36336,-35981,-35626,-35271,-34916,-34561,-34206,-33851,-33496,-33141,-32786,-32431,-32076,-31721,-31366,-31011,-30656,-30301,-29946,-29591,-29236,-28881,-28526,-28171,-27816,-27461,-27106,-26751,-26396,-26041,-25686,-25331,-24976,-24621,-24266,-23911,-23556,-23201,-22846,-22491,-22136,-21781,-21426,-21071,-20716,-20361,-20006,-19651,-19296,-18941,-18586,-18231,-17876,-17521,-17166,-16811,-16456,-16101,-15746,-15391,-15036,-14681,-14326,-13971,-13616,-13261,-12906,-12551,-12196,-11841,-11486,-11131,-10776,-10421,-10066,-9711,-9356,-9001,-8646,-8291,-7936,-7581,-7226,-6871,-6516,-6161,-5806,-5451,-5096,-4741,-4386,-4031,-3676,-3321,-2966,-2611,-2256,-1901,-1546,-1191,-836,-481,-126,MAX=-62961
230,585,940,1295,1650,2005,2360,2715,3070,3425,3780,4135,4490,4845,5200,5555,5910,6265,6620,6975,7330,7685,8040,8395,8750,9105,9460,9815,10170,10525,10880,11235,11590,11945,12300,12655,13010,13365,13720,14075,14430,14785,15140,15495,15850,16205,16560,16915,17270,17625,17980,18335,18690,19045,19400,19755,20110,20465,20820,21175,21530,21885,22240,22595,22950,23305,23660,24015,24370,24725,25080,25435,25790,26145,26500,26855,27210,27565,27920,28275,28630,28985,29340,29695,30050,30405,30760,31115,31470,31825,32180,32535,32890,33245,33600,33955,34310,34665,35020,35375,35730,36085,36440,36795,37150,37505,37860,38215,38570,38925,39280,39635,39990,40345,40700,41055,41410,41765,42120,42475,42830,43185,43540,43895,44250,44375,44605,44960,45315,45670,46025,46380,46735,47090,47445,47800,48155,48510,48865,49220,49575,49930,50285,50640,50995,51350,51705,52060,52415,52770,53125,53480,53835,54190,54545,54900,55255,55610,55965,56320,56675,57030,57385,57740,58095,58450,58805,59160,59515,59870,60225,60580,60935,61290,61645,62000,62355,62710,-62960,-62605,-62250,-61895,-61540,-61185,-60830,-60475,-60120,-59765,-59410,-59055,-58700,-58345,-57990,-57635,-57280,-56925,-56570,-56215,-55860,-55505,-55150,-54795,-54440,-54085,-53730,-53375,-53020,-52665,-52310,-51955,-51600,-51245,-50890,-50535,-50180,-49825,-49470,-49115,-48760,-48405,-48050,-47695,-47340,-46985,-46630,-46275,-45920,-45565,-45210,-44855,-44500,-44145,-43790,-43435,-43080,-42725,-42370,-42015,-41660,-41305,-40950,-40595,-40240,-39885,-39530,-39175,-38820,-38465,-38110,-37755,-37400,-37045,-36690,-36335,-35980,-35625,-35270,-34915,-34560,-34205,-33850,-33495,-33140,-32785,-32430,-32075,-31720,-31365,-31010,-30655,-30300,-29945,-29590,-29235,-28880,-28525,-28170,-27815,-27460,-27105,-26750,-26395,-26040,-25685,-25330,-24975,-24620,-24265,-23910,-23555,-23200,-22845,-22490,-22135,-21780,-21425,-21070,-20715,-20360,-20005,-19650,-19295,-18940,-18585,-18230,-17875,-17520,-17165,-16810,-16455,-16100,-15745,-15390,-15035,-14680,-14325,-13970,-13615,-13260,-12905,-12550,-12195,-11840,-11485,-11130,-10775,-10420,-10065,-9710,-9355,-9000,-8645,-8290,-7935,-7580,-7225,-6870,-6515,-6160,-5805,-5450,-5095,-4740,-4385,-4030,-3675,-3320,-2965,-2610,-2255,-1900,-1545,-1190,-835,-480,-125,MAX=-62960
231,586,941,1296,1651,2006,2361,2716,3071,3426,3781,4136,4491,4846,5201,5556,5911,6266,6621,6976,7331,7686,8041,8396,8751,9106,9461,9816,10171,10526,10881,11236,11591,11946,12301,12656,13011,13366,13721,14076,14431,14786,15141,15496,15851,16206,16561,16916,17271,17626,17981,18336,18691,19046,19401,19756,20111,20466,20821,21176,21531,21886,22241,22596,22951,23306,23661,24016,24371,24726,25081,25436,25791,26146,26501,26856,27211,27566,27921,28276,28631,28986,29341,29696,30051,30406,30761,31116,31471,31826,32181,32536,32891,33246,33601,33956,34311,34666,35021,35376,35731,36086,36441,36796,37151,37506,37861,38216,38571,38926,39281,39636,39991,40346,40701,41056,41411,41766,42121,42476,42831,43186,43541,43896,44020,44251,44606,44961,45316,45671,46026,46381,46736,47091,47446,47801,48156,48511,48866,49221,49576,49931,50286,50641,50996,51351,51706,52061,52416,52771,53126,53481,53836,54191,54546,54901,55256,55611,55966,56321,56676,57031,57386,57741,58096,58451,58806,59161,59516,59871,60226,60581,60936,61291,61646,62001,62356,62711,-62959,-62604,-62249,-61894,-61539,-61184,-60829,-60474,-60119,-59764,-59409,-59054,-58699,-58344,-57989,-57634,-57279,-56924,-56569,-56214,-55859,-55504,-55149,-54794,-54439,-54084,-53729,-53374,-53019,-52664,-52309,-51954,-51599,-51244,-50889,-50534,-50179,-49824,-49469,-49114,-48759,-48404,-48049,-47694,-47339,-46984,-46629,-46274,-45919,-45564,-45209,-44854,-44499,-44144,-43789,-43434,-43079,-42724,-42369,-42014,-41659,-41304,-40949,-40594,-40239,-39884,-39529,-39174,-38819,-38464,-38109,-37754,-37399,-37044,-36689,-36334,-35979,-35624,-35269,-34914,-34559,-34204,-33849,-33494,-33139,-32784,-32429,-32074,-31719,-31364,-31009,-30654,-30299,-29944,-29589,-29234,-28879,-28524,-28169,-27814,-27459,-27104,-26749,-26394,-26039,-25684,-25329,-24974,-24619,-24264,-23909,-23554,-23199,-22844,-22489,-22134,-21779,-21424,-21069,-20714,-20359,-20004,-19649,-19294,-18939,-18584,-18229,-17874,-17519,-17164,-16809,-16454,-16099,-15744,-15389,-15034,-14679,-14324,-13969,-13614,-13259,-12904,-12549,-12194,-11839,-11484,-11129,-10774,-10419,-10064,-9709,-9354,-8999,-8644,-8289,-7934,-7579,-7224,-6869,-6514,-6159,-5804,-5449,-5094,-4739,-4384,-4029,-3674,-3319,-2964,-2609,-2254,-1899,-1544,-1189,-834,-479,-124,MAX=-62959
232,587,942,1297,1652,2007,2362,2717,3072,3427,3782,4137,4492,4847,5202,5557,5912,6267,6622,6977,7332,7687,8042,8397,8752,9107,9462,9817,10172,10527,10882,11237,11592,11947,12302,12657,13012,13367,13722,14077,14432,14787,15142,15497,15852,16207,16562,16917,17272,17627,17982,18337,18692,19047,19402,19757,20112,20467,20822,21177,21532,21887,22242,22597,22952,23307,23662,24017,24372,24727,25082,25437,25792,26147,26502,26857,27212,27567,27922,28277,28632,28987,29342,29697,30052,30407,30762,31117,31472,31827,32182,32537,32892,33247,33602,33957,34312,34667,35022,35377,35732,36087,36442,36797,37152,37507,37862,38217,38572,38927,39282,39637,39992,40347,40702,41057,41412,41767,42122,42477,42832,43187,43542,43665,43897,44252,44607,44962,45317,45672,46027,46382,46737,47092,47447,47802,48157,48512,48867,49222,49577,49932,50287,50642,50997,51352,51707,52062,52417,52772,53127,53482,53837,54192,54547,54902,55257,55612,55967,56322,56677,57032,57387,57742,58097,58452,58807,59162,59517,59872,60227,60582,60937,61292,61647,62002,62357,62712,-62958,-62603,-62248,-61893,-61538,-61183,-60828,-60473,-60118,-59763,-59408,-59053,-58698,-58343,-57988,-57633,-57278,-56923,-56568,-56213,-55858,-55503,-55148,-54793,-54438,-54083,-53728,-53373,-53018,-52663,-52308,-51953,-51598,-51243,-50888,-50533,-50178,-49823,-49468,-49113,-48758,-48403,-48048,-47693,-47338,-46983,-46628,-46273,-45918,-45563,-45208,-44853,-44498,-44143,-43788,-43433,-43078,-42723,-42368,-42013,-41658,-41303,-40948,-40593,-40238,-39883,-39528,-39173,-38818,-38463,-38108,-37753,-37398,-37043,-36688,-36333,-35978,-35623,-35268,-34913,-34558,-34203,-33848,-33493,-33138,-32783,-32428,-32073,-31718,-31363,-31008,-30653,-30298,-29943,-29588,-29233,-28878,-28523,-28168,-27813,-27458,-27103,-26748,-26393,-26038,-25683,-25328,-24973,-24618,-24263,-23908,-23553,-23198,-22843,-22488,-22133,-21778,-21423,-21068,-20713,-20358,-20003,-19648,-19293,-18938,-18583,-18228,-17873,-17518,-17163,-16808,-16453,-16098,-15743,-15388,-15033,-14678,-14323,-13968,-13613,-13258,-12903,-12548,-12193,-11838,-11483,-11128,-10773,-10418,-10063,-9708,-9353,-8998,-8643,-8288,-7933,-7578,-7223,-6868,-6513,-6158,-5803,-5448,-5093,-4738,-4383,-4028,-3673,-3318,-2963,-2608,-2253,-1898,-1543,-1188,-833,-478,-123,MAX=-62958
233,588,943,1298,1653,2008,2363,2718,3073,3428,3783,4138,4493,4848,5203,5558,5913,6268,6623,6978,7333,7688,8043,8398,8753,9108,9463,9818,10173,10528,10883,11238,11593,11948,12303,12658,13013,13368,13723,14078,14433,14788,15143,15498,15853,16208,16563,16918,17273,17628,17983,18338,18693,19048,19403,19758,20113,20468,20823,21178,21533,21888,22243,22598,22953,23308,23663,24018,24373,24728,25083,25438,25793,26148,26503,26858,27213,27568,27923,28278,28633,28988,29343,29698,30053,30408,30763,31118,31473,31828,32183,32538,32893,33248,33603,33958,34313,34668,35023,35378,35733,36088,36443,36798,37153,37508,37863,38218,38573,38928,39283,39638,39993,40348,40703,41058,41413,41768,42123,42478,42833,43188,43310,43543,43898,44253,44608,44963,45318,45673,46028,46383,46738,47093,47448,47803,48158,48513,48868,49223,49578,49933,50288,50643,50998,51353,51708,52063,52418,52773,53128,53483,53838,54193,54548,54903,55258,55613,55968,56323,56678,57033,57388,57743,58098,58453,58808,59163,59518,59873,60228,60583,60938,61293,61648,62003,62358,62713,-62957,-62602,-62247,-61892,-61537,-61182,-60827,-60472,-60117,-59762,-59407,-59052,-58697,-58342,-57987,-57632,-57277,-56922,-56567,-56212,-55857,-55502,-55147,-54792,-54437,-54082,-53727,-53372,-53017,-52662,-52307,-51952,-51597,-51242,-50887,-50532,-50177,-49822,-49467,-49112,-48757,-48402,-48047,-47692,-47337,-46982,-46627,-46272,-45917,-45562,-45207,-44852,-44497,-44142,-43787,-43432,-43077,-42722,-42367,-42012,-41657,-41302,-40947,-40592,-40237,-39882,-39527,-39172,-38817,-38462,-38107,-37752,-37397,-37042,-36687,-36332,-35977,-35622,-35267,-34912,-34557,-34202,-33847,-33492,-33137,-32782,-32427,-32072,-31717,-31362,-31007,-30652,-30297,-29942,-29587,-29232,-28877,-28522,-28167,-27812,-27457,-27102,-26747,-26392,-26037,-25682,-25327,-24972,-24617,-24262,-23907,-23552,-23197,-22842,-22487,-22132,-21777,-21422,-21067,-20712,-20357,-20002,-19647,-19292,-18937,-18582,-18227,-17872,-17517,-17162,-16807,-16452,-16097,-15742,-15387,-15032,-14677,-14322,-13967,-13612,-13257,-12902,-12547,-12192,-11837,-11482,-11127,-10772,-10417,-10062,-9707,-9352,-8997,-8642,-8287,-7932,-7577,-7222,-6867,-6512,-6157,-5802,-5447,-5092,-4737,-4382,-4027,-3672,-3317,-2962,-2607,-2252,-1897,-1542,-1187,-832,-477,-122,MAX=-62957
234,589,944,1299,1654,2009,2364,2719,3074,3429,3784,4139,4494,4849,5204,5559,5914,6269,6624,6979,7334,7689,8044,8399,8754,9109,9464,9819,10174,10529,10884,11239,11594,11949,12304,12659,13014,13369,13724,14079,14434,14789,15144,15499,15854,16209,16564,16919,17274,17629,17984,18339,18694,19049,19404,19759,20114,20469,20824,21179,21534,21889,22244,22599,22954,23309,23664,24019,24374,24729,25084,25439,25794,26149,26504,26859,27214,27569,27924,28279,28634,28989,29344,29699,30054,30409,30764,31119,31474,31829,32184,32539,32894,33249,33604,33959,34314,34669,35024,35379,35734,36089,36444,36799,37154,37509,37864,38219,38574,38929,39284,39639,39994,40349,40704,41059,41414,41769,42124,42479,42834,42955,43189,43544,43899,44254,44609,44964,45319,45674,46029,46384,46739,47094,47449,47804,48159,48514,48869,49224,49579,49934,50289,50644,50999,51354,51709,52064,52419,52774,53129,53484,53839,54194,54549,54904,55259,55614,55969,56324,56679,57034,57389,57744,58099,58454,58809,59164,59519,59874,60229,60584,60939,61294,61649,62004,62359,62714,-62956,-62601,-62246,-61891,-61536,-61181,-60826,-60471,-60116,-59761,-59406,-59051,-58696,-58341,-57986,-57631,-57276,-56921,-56566,-56211,-55856,-55501,-55146,-54791,-54436,-54081,-53726,-53371,-53016,-52661,-52306,-51951,-51596,-51241,-50886,-50531,-50176,-49821,-49466,-49111,-48756,-48401,-48046,-47691,-47336,-46981,-46626,-46271,-45916,-45561,-45206,-44851,-44496,-44141,-43786,-43431,-43076,-42721,-42366,-42011,-41656,-41301,-40946,-40591,-40236,-39881,-39526,-39171,-38816,-38461,-38106,-37751,-37396,-37041,-36686,-36331,-35976,-35621,-35266,-34911,-34556,-34201,-33846,-33491,-33136,-32781,-32426,-32071,-31716,-31361,-31006,-30651,-30296,-29941,-29586,-29231,-28876,-28521,-28166,-27811,-27456,-27101,-26746,-26391,-26036,-25681,-25326,-24971,-24616,-24261,-23906,-23551,-23196,-22841,-22486,-22131,-21776,-21421,-21066,-20711,-20356,-20001,-19646,-19291,-18936,-18581,-18226,-17871,-17516,-17161,-16806,-16451,-16096,-15741,-15386,-15031,-14676,-14321,-13966,-13611,-13256,-12901,-12546,-12191,-11836,-11481,-11126,-10771,-10416,-10061,-9706,-9351,-8996,-8641,-8286,-7931,-7576,-7221,-6866,-6511,-6156,-5801,-5446,-5091,-4736,-4381,-4026,-3671,-3316,-2961,-2606,-2251,-1896,-1541,-1186,-831,-476,-121,MAX=-62956
235,590,945,1300,1655,2010,2365,2720,3075,3430,3785,4140,4495,4850,5205,5560,5915,6270,6625,6980,7335,7690,8045,8400,8755,9110,9465,9820,10175,10530,10885,11240,11595,11950,12305,12660,13015,13370,13725,14080,14435,14790,15145,15500,15855,16210,16565,16920,17275,17630,17985,18340,18695,19050,19405,19760,20115,20470,20825,21180,21535,21890,22245,22600,22955,23310,23665,24020,24375,24730,25085,25440,25795,26150,26505,26860,27215,27570,27925,28280,28635,28990,29345,29700,30055,30410,30765,31120,31475,31830,32185,32540,32895,33250,33605,33960,34315,34670,35025,35380,35735,36090,36445,36800,37155,37510,37865,38220,38575,38930,39285,39640,39995,40350,40705,41060,41415,41770,42125,42480,42600,42835,43190,43545,43900,44255,44610,44965,45320,45675,46030,46385,46740,47095,47450,47805,48160,48515,48870,49225,49580,49935,50290,50645,51000,51355,51710,52065,52420,52775,53130,53485,53840,54195,54550,54905,55260,55615,55970,56325,56680,57035,57390,57745,58100,58455,58810,59165,59520,59875,60230,60585,60940,61295,61650,62005,62360,62715,-62955,-62600,-62245,-61890,-61535,-61180,-60825,-60470,-60115,-59760,-59405,-59050,-58695,-58340,-57985,-57630,-57275,-56920,-56565,-56210,-55855,-55500,-55145,-54790,-54435,-54080,-53725,-53370,-53015,-52660,-52305,-51950,-51595,-51240,-50885,-50530,-50175,-49820,-49465,-49110,-48755,-48400,-48045,-47690,-47335,-46980,-46625,-46270,-45915,-45560,-45205,-44850,-44495,-44140,-43785,-43430,-43075,-42720,-42365,-42010,-41655,-41300,-40945,-40590,-40235,-39880,-39525,-39170,-38815,-38460,-38105,-37750,-37395,-37040,-36685,-36330,-35975,-35620,-35265,-34910,-34555,-34200,-33845,-33490,-33135,-32780,-32425,-32070,-31715,-31360,-31005,-30650,-30295,-29940,-29585,-29230,-28875,-28520,-28165,-27810,-27455,-27100,-26745,-26390,-26035,-25680,-25325,-24970,-24615,-24260,-23905,-23550,-23195,-22840,-22485,-22130,-21775,-21420,-21065,-20710,-20355,-20000,-19645,-19290,-18935,-18580,-18225,-17870,-17515,-17160,-16805,-16450,-16095,-15740,-15385,-15030,-14675,-14320,-13965,-13610,-13255,-12900,-12545,-12190,-11835,-11480,-11125,-10770,-10415,-10060,-9705,-9350,-8995,-8640,-8285,-7930,-7575,-7220,-6865,-6510,-6155,-5800,-5445,-5090,-4735,-4380,-4025,-3670,-3315,-2960,-2605,-2250,-1895,-1540,-1185,-830,-475,-120,MAX=-62955
236,591,946,1301,1656,2011,2366,2721,3076,3431,3786,4141,4496,4851,5206,5561,5916,6271,6626,6981,7336,7691,8046,8401,8756,9111,9466,9821,10176,10531,10886,11241,11596,11951,12306,12661,13016,13371,13726,14081,14436,14791,15146,15501,15856,16211,16566,16921,17276,17631,17986,18341,18696,19051,19406,19761,20116,20471,20826,21181,21536,21891,22246,22601,22956,23311,23666,24021,24376,24731,25086,25441,25796,26151,26506,26861,27216,27571,27926,28281,28636,28991,29346,29701,30056,30411,30766,31121,31476,31831,32186,32541,32896,33251,33606,33961,34316,34671,35026,35381,35736,36091,36446,36801,37156,37511,37866,38221,38576,38931,39286,39641,39996,40351,40706,41061,41416,41771,42126,42245,42481,42836,43191,43546,43901,44256,44611,44966,45321,45676,46031,46386,46741,47096,47451,47806,48161,48516,48871,49226,49581,49936,50291,50646,51001,51356,51711,52066,52421,52776,53131,53486,53841,54196,54551,54906,55261,55616,55971,56326,56681,57036,57391,57746,58101,58456,58811,59166,59521,59876,60231,60586,60941,61296,61651,62006,62361,62716,-62954,-62599,-62244,-61889,-61534,-61179,-60824,-60469,-60114,-59759,-59404,-59049,-58694,-58339,-57984,-57629,-57274,-56919,-56564,-56209,-55854,-55499,-55144,-54789,-54434,-54079,-53724,-53369,-53014,-52659,-52304,-51949,-51594,-51239,-50884,-50529,-50174,-49819,-49464,-49109,-48754,-48399,-48044,-47689,-47334,-46979,-46624,-46269,-45914,-45559,-45204,-44849,-44494,-44139,-43784,-43429,-43074,-42719,-42364,-42009,-41654,-41299,-40944,-40589,-40234,-39879,-39524,-39169,-38814,-38459,-38104,-37749,-37394,-37039,-36684,-36329,-35974,-35619,-35264,-34909,-34554,-34199,-33844,-33489,-33134,-32779,-32424,-32069,-31714,-31359,-31004,-30649,-30294,-29939,-29584,-29229,-28874,-28519,-28164,-27809,-27454,-27099,-26744,-26389,-26034,-25679,-25324,-24969,-24614,-24259,-23904,-23549,-23194,-22839,-22484,-22129,-21774,-21419,-21064,-20709,-20354,-19999,-19644,-19289,-18934,-18579,-18224,-17869,-17514,-17159,-16804,-16449,-16094,-15739,-15384,-15029,-14674,-14319,-13964,-13609,-13254,-12899,-12544,-12189,-11834,-11479,-11124,-10769,-10414,-10059,-9704,-9349,-8994,-8639,-8284,-7929,-7574,-7219,-6864,-6509,-6154,-5799,-5444,-5089,-4734,-4379,-4024,-3669,-3314,-2959,-2604,-2249,-1894,-1539,-1184,-829,-474,-119,MAX=-62954
237,592,947,1302,1657,2012,2367,2722,3077,3432,3787,4142,4497,4852,5207,5562,5917,6272,6627,6982,7337,7692,8047,8402,8757,9112,9467,9822,10177,10532,10887,11242,11597,11952,12307,12662,13017,13372,13727,14082,14437,14792,15147,15502,15857,16212,16567,16922,17277,17632,17987,18342,18697,19052,19407,19762,20117,20472,20827,21182,21537,21892,22247,22602,22957,23312,23667,24022,24377,24732,25087,25442,25797,26152,26507,26862,27217,27572,27927,28282,28637,28992,29347,29702,30057,30412,30767,31122,31477,31832,32187,32542,32897,33252,33607,33962,34317,34672,35027,35382,35737,36092,36447,36802,37157,37512,37867,38222,38577,38932,39287,39642,39997,40352,40707,41062,41417,41772,41890,42127,42482,42837,43192,43547,43902,44257,44612,44967,45322,45677,46032,46387,46742,47097,47452,47807,48162,48517,48872,49227,49582,49937,50292,50647,51002,51357,51712,52067,52422,52777,53132,53487,53842,54197,54552,54907,55262,55617,55972,56327,56682,57037,57392,57747,58102,58457,58812,59167,59522,59877,60232,60587,60942,61297,61652,62007,62362,62717,-62953,-62598,-62243,-61888,-61533,-61178,-60823,-60468,-60113,-59758,-59403,-59048,-58693,-58338,-57983,-57628,-57273,-56918,-56563,-56208,-55853,-55498,-55143,-54788,-54433,-54078,-53723,-53368,-53013,-52658,-52303,-51948,-51593,-51238,-50883,-50528,-50173,-49818,-49463,-49108,-48753,-48398,-48043,-47688,-47333,-46978,-46623,-46268,-45913,-45558,-45203,-44848,-44493,-44138,-43783,-43428,-43073,-42718,-42363,-42008,-41653,-41298,-40943,-40588,-40233,-39878,-39523,-39168,-38813,-38458,-38103,-37748,-37393,-37038,-36683,-36328,-35973,-35618,-35263,-34908,-34553,-34198,-33843,-33488,-33133,-32778,-32423,-32068,-31713,-31358,-31003,-30648,-30293,-29938,-29583,-29228,-28873,-28518,-28163,-27808,-27453,-27098,-26743,-26388,-26033,-25678,-25323,-24968,-24613,-24258,-23903,-23548,-23193,-22838,-22483,-22128,-21773,-21418,-21063,-20708,-20353,-19998,-19643,-19288,-18933,-18578,-18223,-17868,-17513,-17158,-16803,-16448,-16093,-15738,-15383,-15028,-14673,-14318,-13963,-13608,-13253,-12898,-12543,-12188,-11833,-11478,-11123,-10768,-10413,-10058,-9703,-9348,-8993,-8638,-8283,-7928,-7573,-7218,-6863,-6508,-6153,-5798,-5443,-5088,-4733,-4378,-4023,-3668,-3313,-2958,-2603,-2248,-1893,-1538,-1183,-828,-473,-118,MAX=-62953
238,593,948,1303,1658,2013,2368,2723,3078,3433,3788,4143,4498,4853,5208,5563,5918,6273,6628,6983,7338,7693,8048,8403,8758,9113,9468,9823,10178,10533,10888,11243,11598,11953,12308,12663,13018,13373,13728,14083,14438,14793,15148,15503,15858,16213,16568,16923,17278,17633,17988,18343,18698,19053,19408,19763,20118,20473,20828,21183,21538,21893,22248,22603,22958,23313,23668,24023,24378,24733,25088,25443,25798,26153,26508,26863,27218,27573,27928,28283,28638,28993,29348,29703,30058,30413,30768,31123,31478,31833,32188,32543,32898,33253,33608,33963,34318,34673,35028,35383,35738,36093,36448,36803,37158,37513,37868,38223,38578,38933,39288,39643,39998,40353,40708,41063,41418,41535,41773,42128,42483,42838,43193,43548,43903,44258,44613,44968,45323,45678,46033,46388,46743,47098,47453,47808,48163,48518,48873,49228,49583,49938,50293,50648,51003,51358,51713,52068,52423,52778,53133,53488,53843,54198,54553,54908,55263,55618,55973,56328,56683,57038,57393,57748,58103,58458,58813,59168,59523,59878,60233,60588,60943,61298,61653,62008,62363,62718,-62952,-62597,-62242,-61887,-61532,-61177,-60822,-60467,-60112,-59757,-59402,-59047,-58692,-58337,-57982,-57627,-57272,-56917,-56562,-56207,-55852,-55497,-55142,-54787,-54432,-54077,-53722,-53367,-53012,-52657,-52302,-51947,-51592,-51237,-50882,-50527,-50172,-49817,-49462,-49107,-48752,-48397,-48042,-47687,-47332,-46977,-46622,-46267,-45912,-45557,-45202,-44847,-44492,-44137,-43782,-43427,-43072,-42717,-42362,-42007,-41652,-41297,-40942,-40587,-40232,-39877,-39522,-39167,-38812,-38457,-38102,-37747,-37392,-37037,-36682,-36327,-35972,-35617,-35262,-34907,-34552,-34197,-33842,-33487,-33132,-32777,-32422,-32067,-31712,-31357,-31002,-30647,-30292,-29937,-29582,-29227,-28872,-28517,-28162,-27807,-27452,-27097,-26742,-26387,-26032,-25677,-25322,-24967,-24612,-24257,-23902,-23547,-23192,-22837,-22482,-22127,-21772,-21417,-21062,-20707,-20352,-19997,-19642,-19287,-18932,-18577,-18222,-17867,-17512,-17157,-16802,-16447,-16092,-15737,-15382,-15027,-14672,-14317,-13962,-13607,-13252,-12897,-12542,-12187,-11832,-11477,-11122,-10767,-10412,-10057,-9702,-9347,-8992,-8637,-8282,-7927,-7572,-7217,-6862,-6507,-6152,-5797,-5442,-5087,-4732,-4377,-4022,-3667,-3312,-2957,-2602,-2247,-1892,-1537,-1182,-827,-472,-117,MAX=-62952
239,594,949,1304,1659,2014,2369,2724,3079,3434,3789,4144,4499,4854,5209,5564,5919,6274,6629,6984,7339,7694,8049,8404,8759,9114,9469,9824,10179,10534,10889,11244,11599,11954,12309,12664,13019,13374,13729,14084,14439,14794,15149,15504,15859,16214,16569,16924,17279,17634,17989,18344,18699,19054,19409,19764,20119,20474,20829,21184,21539,21894,22249,22604,22959,23314,23669,24024,24379,24734,25089,25444,25799,26154,26509,26864,27219,27574,27929,28284,28639,28994,29349,29704,30059,30414,30769,31124,31479,31834,32189,32544,32899,33254,33609,33964,34319,34674,35029,35384,35739,36094,36449,36804,37159,37514,37869,38224,38579,38934,39289,39644,39999,40354,40709,41064,41180,41419,41774,42129,42484,42839,43194,43549,43904,44259,44614,44969,45324,45679,46034,46389,46744,47099,47454,47809,48164,48519,48874,49229,49584,49939,50294,50649,51004,51359,51714,52069,52424,52779,53134,53489,53844,54199,54554,54909,55264,55619,55974,56329,56684,57039,57394,57749,58104,58459,58814,59169,59524,59879,60234,60589,60944,61299,61654,62009,62364,62719,-62951,-62596,-62241,-61886,-61531,-61176,-60821,-60466,-60111,-59756,-59401,-59046,-58691,-58336,-57981,-57626,-57271,-56916,-56561,-56206,-55851,-55496,-55141,-54786,-54431,-54076,-53721,-53366,-53011,-52656,-52301,-51946,-51591,-51236,-50881,-50526,-50171,-49816,-49461,-49106,-48751,-48396,-48041,-47686,-47331,-46976,-46621,-46266,-45911,-45556,-45201,-44846,-44491,-44136,-43781,-43426,-43071,-42716,-42361,-42006,-41651,-41296,-40941,-40586,-40231,-39876,-39521,-39166,-38811,-38456,-38101,-37746,-37391,-37036,-36681,-36326,-35971,-35616,-35261,-34906,-34551,-34196,-33841,-33486,-33131,-32776,-32421,-32066,-31711,-31356,-31001,-30646,-30291,-29936,-29581,-29226,-28871,-28516,-28161,-27806,-27451,-27096,-26741,-26386,-26031,-25676,-25321,-24966,-24611,-24256,-23901,-23546,-23191,-22836,-22481,-22126,-21771,-21416,-21061,-20706,-20351,-19996,-19641,-19286,-18931,-18576,-18221,-17866,-17511,-17156,-16801,-16446,-16091,-15736,-15381,-15026,-14671,-14316,-13961,-13606,-13251,-12896,-12541,-12186,-11831,-11476,-11121,-10766,-10411,-10056,-9701,-9346,-8991,-8636,-8281,-7926,-7571,-7216,-6861,-6506,-6151,-5796,-5441,-5086,-4731,-4376,-4021,-3666,-3311,-2956,-2601,-2246,-1891,-1536,-1181,-826,-471,-116,MAX=-62951
240,595,950,1305,1660,2015,2370,2725,3080,3435,3790,4145,4500,4855,5210,5565,5920,6275,6630,6985,7340,7695,8050,8405,8760,9115,9470,9825,10180,10535,10890,11245,11600,11955,12310,12665,13020,13375,13730,14085,14440,14795,15150,15505,15860,16215,16570,16925,17280,17635,17990,18345,18700,19055,19410,19765,20120,20475,20830,21185,21540,21895,22250,22605,22960,23315,23670,24025,24380,24735,25090,25445,25800,26155,26510,26865,27220,27575,27930,28285,28640,28995,29350,29705,30060,30415,30770,31125,31480,31835,32190,32545,32900,33255,33610,33965,34320,34675,35030,35385,35740,36095,36450,36805,37160,37515,37870,38225,38580,38935,39290,39645,40000,40355,40710,40825,41065,41420,41775,42130,42485,42840,43195,43550,43905,44260,44615,44970,45325,45680,46035,46390,46745,47100,47455,47810,48165,48520,48875,49230,49585,49940,50295,50650,51005,51360,51715,52070,52425,52780,53135,53490,53845,54200,54555,54910,55265,55620,55975,56330,56685,57040,57395,57750,58105,58460,58815,59170,59525,59880,60235,60590,60945,61300,61655,62010,62365,62720,-62950,-62595,-62240,-61885,-61530,-61175,-60820,-60465,-60110,-59755,-59400,-59045,-58690,-58335,-57980,-57625,-57270,-56915,-56560,-56205,-55850,-55495,-55140,-54785,-54430,-54075,-53720,-53365,-53010,-52655,-52300,-51945,-51590,-51235,-50880,-50525,-50170,-49815,-49460,-49105,-48750,-48395,-48040,-47685,-47330,-46975,-46620,-46265,-45910,-45555,-45200,-44845,-44490,-44135,-43780,-43425,-43070,-42715,-42360,-42005,-41650,-41295,-40940,-40585,-40230,-39875,-39520,-39165,-38810,-38455,-38100,-37745,-37390,-37035,-36680,-36325,-35970,-35615,-35260,-34905,-34550,-34195,-33840,-33485,-33130,-32775,-32420,-32065,-31710,-31355,-31000,-30645,-30290,-29935,-29580,-29225,-28870,-28515,-28160,-27805,-27450,-27095,-26740,-26385,-26030,-25675,-25320,-24965,-24610,-24255,-23900,-23545,-23190,-22835,-22480,-22125,-21770,-21415,-21060,-20705,-20350,-19995,-19640,-19285,-18930,-18575,-18220,-17865,-17510,-17155,-16800,-16445,-16090,-15735,-15380,-15025,-14670,-14315,-13960,-13605,-13250,-12895,-12540,-12185,-11830,-11475,-11120,-10765,-10410,-10055,-9700,-9345,-8990,-8635,-8280,-7925,-7570,-7215,-6860,-6505,-6150,-5795,-5440,-5085,-4730,-4375,-4020,-3665,-3310,-2955,-2600,-2245,-1890,-1535,-1180,-825,-470,-115,MAX=-62950
241,596,951,1306,1661,2016,2371,2726,3081,3436,3791,4146,4501,4856,5211,5566,5921,6276,6631,6986,7341,7696,8051,8406,8761,9116,9471,9826,10181,10536,10891,11246,11601,11956,12311,12666,13021,13376,13731,14086,14441,14796,15151,15506,15861,16216,16571,16926,17281,17636,17991,18346,18701,19056,19411,19766,20121,20476,20831,21186,21541,21896,22251,22606,22961,23316,23671,24026,24381,24736,25091,25446,25801,26156,26511,26866,27221,27576,27931,28286,28641,28996,29351,29706,30061,30416,30771,31126,31481,31836,32191,32546,32901,33256,33611,33966,34321,34676,35031,35386,35741,36096,36451,36806,37161,37516,37871,38226,38581,38936,39291,39646,40001,40356,40470,40711,41066,41421,41776,42131,42486,42841,43196,43551,43906,44261,44616,44971,45326,45681,46036,46391,46746,47101,47456,47811,48166,48521,48876,49231,49586,49941,50296,50651,51006,51361,51716,52071,52426,52781,53136,53491,53846,54201,54556,54911,55266,55621,55976,56331,56686,57041,57396,57751,58106,58461,58816,59171,59526,59881,60236,60591,60946,61301,61656,62011,62366,62721,-62949,-62594,-62239,-61884,-61529,-61174,-60819,-60464,-60109,-59754,-59399,-59044,-58689,-58334,-57979,-57624,-57269,-56914,-56559,-56204,-55849,-55494,-55139,-54784,-54429,-54074,-53719,-53364,-53009,-52654,-52299,-51944,-51589,-51234,-50879,-50524,-50169,-49814,-49459,-49104,-48749,-48394,-48039,-47684,-47329,-46974,-46619,-46264,-45909,-45554,-45199,-44844,-44489,-44134,-43779,-43424,-43069,-42714,-42359,-42004,-41649,-41294,-40939,-40584,-40229,-39874,-39519,-39164,-38809,-38454,-38099,-37744,-37389,-37034,-36679,-36324,-35969,-35614,-35259,-34904,-34549,-34194,-33839,-33484,-33129,-32774,-32419,-32064,-31709,-31354,-30999,-30644,-30289,-29934,-29579,-29224,-28869,-28514,-28159,-27804,-27449,-27094,-26739,-26384,-26029,-25674,-25319,-24964,-24609,-24254,-23899,-23544,-23189,-22834,-22479,-22124,-21769,-21414,-21059,-20704,-20349,-19994,-19639,-19284,-18929,-18574,-18219,-17864,-17509,-17154,-16799,-16444,-16089,-15734,-15379,-15024,-14669,-14314,-13959,-13604,-13249,-12894,-12539,-12184,-11829,-11474,-11119,-10764,-10409,-10054,-9699,-9344,-8989,-8634,-8279,-7924,-7569,-7214,-6859,-6504,-6149,-5794,-5439,-5084,-4729,-4374,-4019,-3664,-3309,-2954,-2599,-2244,-1889,-1534,-1179,-824,-469,-114,MAX=-62949
242,597,952,1307,1662,2017,2372,2727,3082,3437,3792,4147,4502,4857,5212,5567,5922,6277,6632,6987,7342,7697,8052,8407,8762,9117,9472,9827,10182,10537,10892,11247,11602,11957,12312,12667,13022,13377,13732,14087,14442,14797,15152,15507,15862,16217,16572,16927,17282,17637,17992,18347,18702,19057,19412,19767,20122,20477,20832,21187,21542,21897,22252,22607,22962,23317,23672,24027,24382,24737,25092,25447,25802,26157,26512,26867,27222,27577,27932,28287,28642,28997,29352,29707,30062,30417,30772,31127,31482,31837,32192,32547,32902,33257,33612,33967,34322,34677,35032,35387,35742,36097,36452,36807,37162,37517,37872,38227,38582,38937,39292,39647,40002,40115,40357,40712,41067,41422,41777,42132,42487,42842,43197,43552,43907,44262,44617,44972,45327,45682,46037,46392,46747,47102,47457,47812,48167,48522,48877,49232,49587,49942,50297,50652,51007,51362,51717,52072,52427,52782,53137,53492,53847,54202,54557,54912,55267,55622,55977,56332,56687,57042,57397,57752,58107,58462,58817,59172,59527,59882,60237,60592,60947,61302,61657,62012,62367,62722,-62948,-62593,-62238,-61883,-61528,-61173,-60818,-60463,-60108,-59753,-59398,-59043,-58688,-58333,-57978,-57623,-57268,-56913,-56558,-56203,-55848,-55493,-55138,-54783,-54428,-54073,-53718,-53363,-53008,-52653,-52298,-51943,-51588,-51233,-50878,-50523,-50168,-49813,-49458,-49103,-48748,-48393,-48038,-47683,-47328,-46973,-46618,-46263,-45908,-45553,-45198,-44843,-44488,-44133,-43778,-43423,-43068,-42713,-42358,-42003,-41648,-41293,-40938,-40583,-40228,-39873,-39518,-39163,-38808,-38453,-38098,-37743,-37388,-37033,-36678,-36323,-35968,-35613,-35258,-34903,-34548,-34193,-33838,-33483,-33128,-32773,-32418,-32063,-31708,-31353,-30998,-30643,-30288,-29933,-29578,-29223,-28868,-28513,-28158,-27803,-27448,-27093,-26738,-26383,-26028,-25673,-25318,-24963,-24608,-24253,-23898,-23543,-23188,-22833,-22478,-22123,-21768,-21413,-21058,-20703,-20348,-19993,-19638,-19283,-18928,-18573,-18218,-17863,-17508,-17153,-16798,-16443,-16088,-15733,-15378,-15023,-14668,-14313,-13958,-13603,-13248,-12893,-12538,-12183,-11828,-11473,-11118,-10763,-10408,-10053,-9698,-9343,-8988,-8633,-8278,-7923,-7568,-7213,-6858,-6503,-6148,-5793,-5438,-5083,-4728,-4373,-4018,-3663,-3308,-2953,-2598,-2243,-1888,-1533,-1178,-823,-468,-113,MAX=-62948
243,598,953,1308,1663,2018,2373,2728,3083,3438,3793,4148,4503,4858,5213,5568,5923,6278,6633,6988,7343,7698,8053,8408,8763,9118,9473,9828,10183,10538,10893,11248,11603,11958,12313,12668,13023,13378,13733,14088,14443,14798,15153,15508,15863,16218,16573,16928,17283,17638,17993,18348,18703,19058,19413,19768,20123,20478,20833,21188,21543,21898,22253,22608,22963,23318,23673,24028,24383,24738,25093,25448,25803,26158,26513,26868,27223,27578,27933,28288,28643,28998,29353,29708,30063,30418,30773,31128,31483,31838,32193,32548,32903,33258,33613,33968,34323,34678,35033,35388,35743,36098,36453,36808,37163,37518,37873,38228,38583,38938,39293,39648,39760,40003,40358,40713,41068,41423,41778,42133,42488,42843,43198,43553,43908,44263,44618,44973,45328,45683,46038,46393,46748,47103,47458,47813,48168,48523,48878,49233,49588,49943,50298,50653,51008,51363,51718,52073,52428,52783,53138,53493,53848,54203,54558,54913,55268,55623,55978,56333,56688,57043,57398,57753,58108,58463,58818,59173,59528,59883,60238,60593,60948,61303,61658,62013,62368,62723,-62947,-62592,-62237,-61882,-61527,-61172,-60817,-60462,-60107,-59752,-59397,-59042,-58687,-58332,-57977,-57622,-57267,-56912,-56557,-56202,-55847,-55492,-55137,-54782,-54427,-54072,-53717,-53362,-53007,-52652,-52297,-51942,-51587,-51232,-50877,-50522,-50167,-49812,-49457,-49102,-48747,-48392,-48037,-47682,-47327,-46972,-46617,-46262,-45907,-45552,-45197,-44842,-44487,-44132,-43777,-43422,-43067,-42712,-42357,-42002,-41647,-41292,-40937,-40582,-40227,-39872,-39517,-39162,-38807,-38452,-38097,-37742,-37387,-37032,-36677,-36322,-35967,-35612,-35257,-34902,-34547,-34192,-33837,-33482,-33127,-32772,-32417,-32062,-31707,-31352,-30997,-30642,-30287,-29932,-29577,-29222,-28867,-28512,-28157,-27802,-27447,-27092,-26737,-26382,-26027,-25672,-25317,-24962,-24607,-24252,-23897,-23542,-23187,-22832,-22477,-22122,-21767,-21412,-21057,-20702,-20347,-19992,-19637,-19282,-18927,-18572,-18217,-17862,-17507,-17152,-16797,-16442,-16087,-15732,-15377,-15022,-14667,-14312,-13957,-13602,-13247,-12892,-12537,-12182,-11827,-11472,-11117,-10762,-10407,-10052,-9697,-9342,-8987,-8632,-8277,-7922,-7567,-7212,-6857,-6502,-6147,-5792,-5437,-5082,-4727,-4372,-4017,-3662,-3307,-2952,-2597,-2242,-1887,-1532,-1177,-822,-467,-112,MAX=-62947
244,599,954,1309,1664,2019,2374,2729,3084,3439,3794,4149,4504,4859,5214,5569,5924,6279,6634,6989,7344,7699,8054,8409,8764,9119,9474,9829,10184,10539,10894,11249,11604,11959,12314,12669,13024,13379,13734,14089,14444,14799,15154,15509,15864,16219,16574,16929,17284,17639,17994,18349,18704,19059,19414,19769,20124,20479,20834,21189,21544,21899,22254,22609,22964,23319,23674,24029,24384,24739,25094,25449,25804,26159,26514,26869,27224,27579,27934,28289,28644,28999,29354,29709,30064,30419,30774,31129,31484,31839,32194,32549,32904,33259,33614,33969,34324,34679,35034,35389,35744,36099,36454,36809,37164,37519,37874,38229,38584,38939,39294,39405,39649,40004,40359,40714,41069,41424,41779,42134,42489,42844,43199,43554,43909,44264,44619,44974,45329,45684,46039,46394,46749,47104,47459,47814,48169,48524,48879,49234,49589,49944,50299,50654,51009,51364,51719,52074,52429,52784,53139,53494,53849,54204,54559,54914,55269,55624,55979,56334,56689,57044,57399,57754,58109,58464,58819,59174,59529,59884,60239,60594,60949,61304,61659,62014,62369,62724,-62946,-62591,-62236,-61881,-61526,-61171,-60816,-60461,-60106,-59751,-59396,-59041,-58686,-58331,-57976,-57621,-57266,-56911,-56556,-56201,-55846,-55491,-55136,-54781,-54426,-54071,-53716,-53361,-53006,-52651,-52296,-51941,-51586,-51231,-50876,-50521,-50166,-49811,-49456,-49101,-48746,-48391,-48036,-47681,-47326,-46971,-46616,-46261,-45906,-45551,-45196,-44841,-44486,-44131,-43776,-43421,-43066,-42711,-42356,-42001,-41646,-41291,-40936,-40581,-40226,-39871,-39516,-39161,-38806,-38451,-38096,-37741,-37386,-37031,-36676,-36321,-35966,-35611,-35256,-34901,-34546,-34191,-33836,-33481,-33126,-32771,-32416,-32061,-31706,-31351,-30996,-30641,-30286,-29931,-29576,-29221,-28866,-28511,-28156,-27801,-27446,-27091,-26736,-26381,-26026,-25671,-25316,-24961,-24606,-24251,-23896,-23541,-23186,-22831,-22476,-22121,-21766,-21411,-21056,-20701,-20346,-19991,-19636,-19281,-18926,-18571,-18216,-17861,-17506,-17151,-16796,-16441,-16086,-15731,-15376,-15021,-14666,-14311,-13956,-13601,-13246,-12891,-12536,-12181,-11826,-11471,-11116,-10761,-10406,-10051,-9696,-9341,-8986,-8631,-8276,-7921,-7566,-7211,-6856,-6501,-6146,-5791,-5436,-5081,-4726,-4371,-4016,-3661,-3306,-2951,-2596,-2241,-1886,-1531,-1176,-821,-466,-111,MAX=-62946
245,600,955,1310,1665,2020,2375,2730,3085,3440,3795,4150,4505,4860,5215,5570,5925,6280,6635,6990,7345,7700,8055,8410,8765,9120,9475,9830,10185,10540,10895,11250,11605,11960,12315,12670,13025,13380,13735,14090,14445,14800,15155,15510,15865,16220,16575,16930,17285,17640,17995,18350,18705,19060,19415,19770,20125,20480,20835,21190,21545,21900,22255,22610,22965,23320,23675,24030,24385,24740,25095,25450,25805,26160,26515,26870,27225,27580,27935,28290,28645,29000,29355,29710,30065,30420,30775,31130,31485,31840,32195,32550,32905,33260,33615,33970,34325,34680,35035,35390,35745,36100,36455,36810,37165,37520,37875,38230,38585,38940,39050,39295,39650,40005,40360,40715,41070,41425,41780,42135,42490,42845,43200,43555,43910,44265,44620,44975,45330,45685,46040,46395,46750,47105,47460,47815,48170,48525,48880,49235,49590,49945,50300,50655,51010,51365,51720,52075,52430,52785,53140,53495,53850,54205,54560,54915,55270,55625,55980,56335,56690,57045,57400,57755,58110,58465,58820,59175,59530,59885,60240,60595,60950,61305,61660,62015,62370,62725,-62945,-62590,-62235,-61880,-61525,-61170,-60815,-60460,-60105,-59750,-59395,-59040,-58685,-58330,-57975,-57620,-57265,-56910,-56555,-56200,-55845,-55490,-55135,-54780,-54425,-54070,-53715,-53360,-53005,-52650,-52295,-51940,-51585,-51230,-50875,-50520,-50165,-49810,-49455,-49100,-48745,-48390,-48035,-47680,-47325,-46970,-46615,-46260,-45905,-45550,-45195,-44840,-44485,-44130,-43775,-43420,-43065,-42710,-42355,-42000,-41645,-41290,-40935,-40580,-40225,-39870,-39515,-39160,-38805,-38450,-38095,-37740,-37385,-37030,-36675,-36320,-35965,-35610,-35255,-34900,-34545,-34190,-33835,-33480,-33125,-32770,-32415,-32060,-31705,-31350,-30995,-30640,-30285,-29930,-29575,-29220,-28865,-28510,-28155,-27800,-27445,-27090,-26735,-26380,-26025,-25670,-25315,-24960,-24605,-24250,-23895,-23540,-23185,-22830,-22475,-22120,-21765,-21410,-21055,-20700,-20345,-19990,-19635,-19280,-18925,-18570,-18215,-17860,-17505,-17150,-16795,-16440,-16085,-15730,-15375,-15020,-14665,-14310,-13955,-13600,-13245,-12890,-12535,-12180,-11825,-11470,-11115,-10760,-10405,-10050,-9695,-9340,-8985,-8630,-8275,-7920,-7565,-7210,-6855,-6500,-6145,-5790,-5435,-5080,-4725,-4370,-4015,-3660,-3305,-2950,-2595,-2240,-1885,-1530,-1175,-820,-465,-110,MAX=-62945
246,601,956,1311,1666,2021,2376,2731,3086,3441,3796,4151,4506,4861,5216,5571,5926,6281,6636,6991,7346,7701,8056,8411,8766,9121,9476,9831,10186,10541,10896,11251,11606,11961,12316,12671,13026,13381,13736,14091,14446,14801,15156,15511,15866,16221,16576,16931,17286,17641,17996,18351,18706,19061,19416,19771,20126,20481,20836,21191,21546,21901,22256,22611,22966,23321,23676,24031,24386,24741,25096,25451,25806,26161,26516,26871,27226,27581,27936,28291,28646,29001,29356,29711,30066,30421,30776,31131,31486,31841,32196,32551,32906,33261,33616,33971,34326,34681,35036,35391,35746,36101,36456,36811,37166,37521,37876,38231,38586,38695,38941,39296,39651,40006,40361,40716,41071,41426,41781,42136,42491,42846,43201,43556,43911,44266,44621,44976,45331,45686,46041,46396,46751,47106,47461,47816,48171,48526,48881,49236,49591,49946,50301,50656,51011,51366,51721,52076,52431,52786,53141,53496,53851,54206,54561,54916,55271,55626,55981,56336,56691,57046,57401,57756,58111,58466,58821,59176,59531,59886,60241,60596,60951,61306,61661,62016,62371,62726,-62944,-62589,-62234,-61879,-61524,-61169,-60814,-60459,-60104,-59749,-59394,-59039,-58684,-58329,-57974,-57619,-57264,-56909,-56554,-56199,-55844,-55489,-55134,-54779,-54424,-54069,-53714,-53359,-53004,-52649,-52294,-51939,-51584,-51229,-50874,-50519,-50164,-49809,-49454,-49099,-48744,-48389,-48034,-47679,-47324,-46969,-46614,-46259,-45904,-45549,-45194,-44839,-44484,-44129,-43774,-43419,-43064,-42709,-42354,-41999,-41644,-41289,-40934,-40579,-40224,-39869,-39514,-39159,-38804,-38449,-38094,-37739,-37384,-37029,-36674,-36319,-35964,-35609,-35254,-34899,-34544,-34189,-33834,-33479,-33124,-32769,-32414,-32059,-31704,-31349,-30994,-30639,-30284,-29929,-29574,-29219,-28864,-28509,-28154,-27799,-27444,-27089,-26734,-26379,-26024,-25669,-25314,-24959,-24604,-24249,-23894,-23539,-23184,-22829,-22474,-22119,-21764,-21409,-21054,-20699,-20344,-19989,-19634,-19279,-18924,-18569,-18214,-17859,-17504,-17149,-16794,-16439,-16084,-15729,-15374,-15019,-14664,-14309,-13954,-13599,-13244,-12889,-12534,-12179,-11824,-11469,-11114,-10759,-10404,-10049,-9694,-9339,-8984,-8629,-8274,-7919,-7564,-7209,-6854,-6499,-6144,-5789,-5434,-5079,-4724,-4369,-4014,-3659,-3304,-2949,-2594,-2239,-1884,-1529,-1174,-819,-464,-109,MAX=-62944
247,602,957,1312,1667,2022,2377,2732,3087,3442,3797,4152,4507,4862,5217,5572,5927,6282,6637,6992,7347,7702,8057,8412,8767,9122,9477,9832,10187,10542,10897,11252,11607,11962,12317,12672,13027,13382,13737,14092,14447,14802,15157,15512,15867,16222,16577,16932,17287,17642,17997,18352,18707,19062,19417,19772,20127,20482,20837,21192,21547,21902,22257,22612,22967,23322,23677,24032,24387,24742,25097,25452,25807,26162,26517,26872,27227,27582,27937,28292,28647,29002,29357,29712,30067,30422,30777,31132,31487,31842,32197,32552,32907,33262,33617,33972,34327,34682,35037,35392,35747,36102,36457,36812,37167,37522,37877,38232,38340,38587,38942,39297,39652,40007,40362,40717,41072,41427,41782,42137,42492,42847,43202,43557,43912,44267,44622,44977,45332,45687,46042,46397,46752,47107,47462,47817,48172,48527,48882,49237,49592,49947,50302,50657,51012,51367,51722,52077,52432,52787,53142,53497,53852,54207,54562,54917,55272,55627,55982,56337,56692,57047,57402,57757,58112,58467,58822,59177,59532,59887,60242,60597,60952,61307,61662,62017,62372,62727,-62943,-62588,-62233,-61878,-61523,-61168,-60813,-60458,-60103,-59748,-59393,-59038,-58683,-58328,-57973,-57618,-57263,-56908,-56553,-56198,-55843,-55488,-55133,-54778,-54423,-54068,-53713,-53358,-53003,-52648,-52293,-51938,-51583,-51228,-50873,-50518,-50163,-49808,-49453,-49098,-48743,-48388,-48033,-47678,-47323,-46968,-46613,-46258,-45903,-45548,-45193,-44838,-44483,-44128,-43773,-43418,-43063,-42708,-42353,-41998,-41643,-41288,-40933,-40578,-40223,-39868,-39513,-39158,-38803,-38448,-38093,-37738,-37383,-37028,-36673,-36318,-35963,-35608,-35253,-34898,-34543,-34188,-33833,-33478,-33123,-32768,-32413,-32058,-31703,-31348,-30993,-30638,-30283,-29928,-29573,-29218,-28863,-28508,-28153,-27798,-27443,-27088,-26733,-26378,-26023,-25668,-25313,-24958,-24603,-24248,-23893,-23538,-23183,-22828,-22473,-22118,-21763,-21408,-21053,-20698,-20343,-19988,-19633,-19278,-18923,-18568,-18213,-17858,-17503,-17148,-16793,-16438,-16083,-15728,-15373,-15018,-14663,-14308,-13953,-13598,-13243,-12888,-12533,-12178,-11823,-11468,-11113,-10758,-10403,-10048,-9693,-9338,-8983,-8628,-8273,-7918,-7563,-7208,-6853,-6498,-6143,-5788,-5433,-5078,-4723,-4368,-4013,-3658,-3303,-2948,-2593,-2238,-1883,-1528,-1173,-818,-463,-108,MAX=-62943
248,603,958,1313,1668,2023,2378,2733,3088,3443,3798,4153,4508,4863,5218,5573,5928,6283,6638,6993,7348,7703,8058,8413,8768,9123,9478,9833,10188,10543,10898,11253,11608,11963,12318,12673,13028,13383,13738,14093,14448,14803,15158,15513,15868,16223,16578,16933,17288,17643,17998,18353,18708,19063,19418,19773,20128,20483,20838,21193,21548,21903,22258,22613,22968,23323,23678,24033,24388,24743,25098,25453,25808,26163,26518,26873,27228,27583,27938,28293,28648,29003,29358,29713,30068,30423,30778,31133,31488,31843,32198,32553,32908,33263,33618,33973,34328,34683,35038,35393,35748,36103,36458,36813,37168,37523,37878,37985,38233,38588,38943,39298,39653,40008,40363,40718,41073,41428,41783,42138,42493,42848,43203,43558,43913,44268,44623,44978,45333,45688,46043,46398,46753,47108,47463,47818,48173,48528,48883,49238,49593,49948,50303,50658,51013,51368,51723,52078,52433,52788,53143,53498,53853,54208,54563,54918,55273,55628,55983,56338,56693,57048,57403,57758,58113,58468,58823,59178,59533,59888,60243,60598,60953,61308,61663,62018,62373,62728,-62942,-62587,-62232,-61877,-61522,-61167,-60812,-60457,-60102,-59747,-59392,-59037,-58682,-58327,-57972,-57617,-57262,-56907,-56552,-56197,-55842,-55487,-55132,-54777,-54422,-54067,-53712,-53357,-53002,-52647,-52292,-51937,-51582,-51227,-50872,-50517,-50162,-49807,-49452,-49097,-48742,-48387,-48032,-47677,-47322,-46967,-46612,-46257,-45902,-45547,-45192,-44837,-44482,-44127,-43772,-43417,-43062,-42707,-42352,-41997,-41642,-41287,-40932,-40577,-40222,-39867,-39512,-39157,-38802,-38447,-38092,-37737,-37382,-37027,-36672,-36317,-35962,-35607,-35252,-34897,-34542,-34187,-33832,-33477,-33122,-32767,-32412,-32057,-31702,-31347,-30992,-30637,-30282,-29927,-29572,-29217,-28862,-28507,-28152,-27797,-27442,-27087,-26732,-26377,-26022,-25667,-25312,-24957,-24602,-24247,-23892,-23537,-23182,-22827,-22472,-22117,-21762,-21407,-21052,-20697,-20342,-19987,-19632,-19277,-18922,-18567,-18212,-17857,-17502,-17147,-16792,-16437,-16082,-15727,-15372,-15017,-14662,-14307,-13952,-13597,-13242,-12887,-12532,-12177,-11822,-11467,-11112,-10757,-10402,-10047,-9692,-9337,-8982,-8627,-8272,-7917,-7562,-7207,-6852,-6497,-6142,-5787,-5432,-5077,-4722,-4367,-4012,-3657,-3302,-2947,-2592,-2237,-1882,-1527,-1172,-817,-462,-107,MAX=-62942
249,604,959,1314,1669,2024,2379,2734,3089,3444,3799,4154,4509,4864,5219,5574,5929,6284,6639,6994,7349,7704,8059,8414,8769,9124,9479,9834,10189,10544,10899,11254,11609,11964,12319,12674,13029,13384,13739,14094,14449,14804,15159,15514,15869,16224,16579,16934,17289,17644,17999,18354,18709,19064,19419,19774,20129,20484,20839,21194,21549,21904,22259,22614,22969,23324,23679,24034,24389,24744,25099,25454,25809,26164,26519,26874,27229,27584,27939,28294,28649,29004,29359,29714,30069,30424,30779,31134,31489,31844,32199,32554,32909,33264,33619,33974,34329,34684,35039,35394,35749,36104,36459,36814,37169,37524,37630,37879,38234,38589,38944,39299,39654,40009,40364,40719,41074,41429,41784,42139,42494,42849,43204,43559,43914,44269,44624,44979,45334,45689,46044,46399,46754,47109,47464,47819,48174,48529,48884,49239,49594,49949,50304,50659,51014,51369,51724,52079,52434,52789,53144,53499,53854,54209,54564,54919,55274,55629,55984,56339,56694,57049,57404,57759,58114,58469,58824,59179,59534,59889,60244,60599,60954,61309,61664,62019,62374,62729,-62941,-62586,-62231,-61876,-61521,-61166,-60811,-60456,-60101,-59746,-59391,-59036,-58681,-58326,-57971,-57616,-57261,-56906,-56551,-56196,-55841,-55486,-55131,-54776,-54421,-54066,-53711,-53356,-53001,-52646,-52291,-51936,-51581,-51226,-50871,-50516,-50161,-49806,-49451,-49096,-48741,-48386,-48031,-47676,-47321,-46966,-46611,-46256,-45901,-45546,-45191,-44836,-44481,-44126,-43771,-43416,-43061,-42706,-42351,-41996,-41641,-41286,-40931,-40576,-40221,-39866,-39511,-39156,-38801,-38446,-38091,-37736,-37381,-37026,-36671,-36316,-35961,-35606,-35251,-34896,-34541,-34186,-33831,-33476,-33121,-32766,-32411,-32056,-31701,-31346,-30991,-30636,-30281,-29926,-29571,-29216,-28861,-28506,-28151,-27796,-27441,-27086,-26731,-26376,-26021,-25666,-25311,-24956,-24601,-24246,-23891,-23536,-23181,-22826,-22471,-22116,-21761,-21406,-21051,-20696,-20341,-19986,-19631,-19276,-18921,-18566,-18211,-17856,-17501,-17146,-16791,-16436,-16081,-15726,-15371,-15016,-14661,-14306,-13951,-13596,-13241,-12886,-12531,-12176,-11821,-11466,-11111,-10756,-10401,-10046,-9691,-9336,-8981,-8626,-8271,-7916,-7561,-7206,-6851,-6496,-6141,-5786,-5431,-5076,-4721,-4366,-4011,-3656,-3301,-2946,-2591,-2236,-1881,-1526,-1171,-816,-461,-106,MAX=-62941
250,605,960,1315,1670,2025,2380,2735,3090,3445,3800,4155,4510,4865,5220,5575,5930,6285,6640,6995,7350,7705,8060,8415,8770,9125,9480,9835,10190,10545,10900,11255,11610,11965,12320,12675,13030,13385,13740,14095,14450,14805,15160,15515,15870,16225,16580,16935,17290,17645,18000,18355,18710,19065,19420,19775,20130,20485,20840,21195,21550,21905,22260,22615,22970,23325,23680,24035,24390,24745,25100,25455,25810,26165,26520,26875,27230,27585,27940,28295,28650,29005,29360,29715,30070,30425,30780,31135,31490,31845,32200,32555,32910,33265,33620,33975,34330,34685,35040,35395,35750,36105,36460,36815,37170,37275,37525,37880,38235,38590,38945,39300,39655,40010,40365,40720,41075,41430,41785,42140,42495,42850,43205,43560,43915,44270,44625,44980,45335,45690,46045,46400,46755,47110,47465,47820,48175,48530,48885,49240,49595,49950,50305,50660,51015,51370,51725,52080,52435,52790,53145,53500,53855,54210,54565,54920,55275,55630,55985,56340,56695,57050,57405,57760,58115,58470,58825,59180,59535,59890,60245,60600,60955,61310,61665,62020,62375,62730,-62940,-62585,-62230,-61875,-61520,-61165,-60810,-60455,-60100,-59745,-59390,-59035,-58680,-58325,-57970,-57615,-57260,-56905,-56550,-56195,-55840,-55485,-55130,-54775,-54420,-54065,-53710,-53355,-53000,-52645,-52290,-51935,-51580,-51225,-50870,-50515,-50160,-49805,-49450,-49095,-48740,-48385,-48030,-47675,-47320,-46965,-46610,-46255,-45900,-45545,-45190,-44835,-44480,-44125,-43770,-43415,-43060,-42705,-42350,-41995,-41640,-41285,-40930,-40575,-40220,-39865,-39510,-39155,-38800,-38445,-38090,-37735,-37380,-37025,-36670,-36315,-35960,-35605,-35250,-34895,-34540,-34185,-33830,-33475,-33120,-32765,-32410,-32055,-31700,-31345,-30990,-30635,-30280,-29925,-29570,-29215,-28860,-28505,-28150,-27795,-27440,-27085,-26730,-26375,-26020,-25665,-25310,-24955,-24600,-24245,-23890,-23535,-23180,-22825,-22470,-22115,-21760,-21405,-21050,-20695,-20340,-19985,-19630,-19275,-18920,-18565,-18210,-17855,-17500,-17145,-16790,-16435,-16080,-15725,-15370,-15015,-14660,-14305,-13950,-13595,-13240,-12885,-12530,-12175,-11820,-11465,-11110,-10755,-10400,-10045,-9690,-9335,-8980,-8625,-8270,-7915,-7560,-7205,-6850,-6495,-6140,-5785,-5430,-5075,-4720,-4365,-4010,-3655,-3300,-2945,-2590,-2235,-1880,-1525,-1170,-815,-460,-105,MAX=-62940
251,606,961,1316,1671,2026,2381,2736,3091,3446,3801,4156,4511,4866,5221,5576,5931,6286,6641,6996,7351,7706,8061,8416,8771,9126,9481,9836,10191,10546,10901,11256,11611,11966,12321,12676,13031,13386,13741,14096,14451,14806,15161,15516,15871,16226,16581,16936,17291,17646,18001,18356,18711,19066,19421,19776,20131,20486,20841,21196,21551,21906,22261,22616,22971,23326,23681,24036,24391,24746,25101,25456,25811,26166,26521,26876,27231,27586,27941,28296,28651,29006,29361,29716,30071,30426,30781,31136,31491,31846,32201,32556,32911,33266,33621,33976,34331,34686,35041,35396,35751,36106,36461,36816,36920,37171,37526,37881,38236,38591,38946,39301,39656,40011,40366,40721,41076,41431,41786,42141,42496,42851,43206,43561,43916,44271,44626,44981,45336,45691,46046,46401,46756,47111,47466,47821,48176,48531,48886,49241,49596,49951,50306,50661,51016,51371,51726,52081,52436,52791,53146,53501,53856,54211,54566,54921,55276,55631,55986,56341,56696,57051,57406,57761,58116,58471,58826,59181,59536,59891,60246,60601,60956,61311,61666,62021,62376,62731,-62939,-62584,-62229,-61874,-61519,-61164,-60809,-60454,-60099,-59744,-59389,-59034,-58679,-58324,-57969,-57614,-57259,-56904,-56549,-56194,-55839,-55484,-55129,-54774,-54419,-54064,-53709,-53354,-52999,-52644,-52289,-51934,-51579,-51224,-50869,-50514,-50159,-49804,-49449,-49094,-48739,-48384,-48029,-47674,-47319,-46964,-46609,-46254,-45899,-45544,-45189,-44834,-44479,-44124,-43769,-43414,-43059,-42704,-42349,-41994,-41639,-41284,-40929,-40574,-40219,-39864,-39509,-39154,-38799,-38444,-38089,-37734,-37379,-37024,-36669,-36314,-35959,-35604,-35249,-34894,-34539,-34184,-33829,-33474,-33119,-32764,-32409,-32054,-31699,-31344,-30989,-30634,-30279,-29924,-29569,-29214,-28859,-28504,-28149,-27794,-27439,-27084,-26729,-26374,-26019,-25664,-25309,-24954,-24599,-24244,-23889,-23534,-23179,-22824,-22469,-22114,-21759,-21404,-21049,-20694,-20339,-19984,-19629,-19274,-18919,-18564,-18209,-17854,-17499,-17144,-16789,-16434,-16079,-15724,-15369,-15014,-14659,-14304,-13949,-13594,-13239,-12884,-12529,-12174,-11819,-11464,-11109,-10754,-10399,-10044,-9689,-9334,-8979,-8624,-8269,-7914,-7559,-7204,-6849,-6494,-6139,-5784,-5429,-5074,-4719,-4364,-4009,-3654,-3299,-2944,-2589,-2234,-1879,-1524,-1169,-814,-459,-104,MAX=-62939
252,607,962,1317,1672,2027,2382,2737,3092,3447,3802,4157,4512,4867,5222,5577,5932,6287,6642,6997,7352,7707,8062,8417,8772,9127,9482,9837,10192,10547,10902,11257,11612,11967,12322,12677,13032,13387,13742,14097,14452,14807,15162,15517,15872,16227,16582,16937,17292,17647,18002,18357,18712,19067,19422,19777,20132,20487,20842,21197,21552,21907,22262,22617,22972,23327,23682,24037,24392,24747,25102,25457,25812,26167,26522,26877,27232,27587,27942,28297,28652,29007,29362,29717,30072,30427,30782,31137,31492,31847,32202,32557,32912,33267,33622,33977,34332,34687,35042,35397,35752,36107,36462,36565,36817,37172,37527,37882,38237,38592,38947,39302,39657,40012,40367,40722,41077,41432,41787,42142,42497,42852,43207,43562,43917,44272,44627,44982,45337,45692,46047,46402,46757,47112,47467,47822,48177,48532,48887,49242,49597,49952,50307,50662,51017,51372,51727,52082,52437,52792,53147,53502,53857,54212,54567,54922,55277,55632,55987,56342,56697,57052,57407,57762,58117,58472,58827,59182,59537,59892,60247,60602,60957,61312,61667,62022,62377,62732,-62938,-62583,-62228,-61873,-61518,-61163,-60808,-60453,-60098,-59743,-59388,-59033,-58678,-58323,-57968,-57613,-57258,-56903,-56548,-56193,-55838,-55483,-55128,-54773,-54418,-54063,-53708,-53353,-52998,-52643,-52288,-51933,-51578,-51223,-50868,-50513,-50158,-49803,-49448,-49093,-48738,-48383,-48028,-47673,-47318,-46963,-46608,-46253,-45898,-45543,-45188,-44833,-44478,-44123,-43768,-43413,-43058,-42703,-42348,-41993,-41638,-41283,-40928,-40573,-40218,-39863,-39508,-39153,-38798,-38443,-38088,-37733,-37378,-37023,-36668,-36313,-35958,-35603,-35248,-34893,-34538,-34183,-33828,-33473,-33118,-32763,-32408,-32053,-31698,-31343,-30988,-30633,-30278,-29923,-29568,-29213,-28858,-28503,-28148,-27793,-27438,-27083,-26728,-26373,-26018,-25663,-25308,-24953,-24598,-24243,-23888,-23533,-23178,-22823,-22468,-22113,-21758,-21403,-21048,-20693,-20338,-19983,-19628,-19273,-18918,-18563,-18208,-17853,-17498,-17143,-16788,-16433,-16078,-15723,-15368,-15013,-14658,-14303,-13948,-13593,-13238,-12883,-12528,-12173,-11818,-11463,-11108,-10753,-10398,-10043,-9688,-9333,-8978,-8623,-8268,-7913,-7558,-7203,-6848,-6493,-6138,-5783,-5428,-5073,-4718,-4363,-4008,-3653,-3298,-2943,-2588,-2233,-1878,-1523,-1168,-813,-458,-103,MAX=-62938
253,608,963,1318,1673,2028,2383,2738,3093,3448,3803,4158,4513,4868,5223,5578,5933,6288,6643,6998,7353,7708,8063,8418,8773,9128,9483,9838,10193,10548,10903,11258,11613,11968,12323,12678,13033,13388,13743,14098,14453,14808,15163,15518,15873,16228,16583,16938,17293,17648,18003,18358,18713,19068,19423,19778,20133,20488,20843,21198,21553,21908,22263,22618,22973,23328,23683,24038,24393,24748,25103,25458,25813,26168,26523,26878,27233,27588,27943,28298,28653,29008,29363,29718,30073,30428,30783,31138,31493,31848,32203,32558,32913,33268,33623,33978,34333,34688,35043,35398,35753,36108,36210,36463,36818,37173,37528,37883,38238,38593,38948,39303,39658,40013,40368,40723,41078,41433,41788,42143,42498,42853,43208,43563,43918,44273,44628,44983,45338,45693,46048,46403,46758,47113,47468,47823,48178,48533,48888,49243,49598,49953,50308,50663,51018,51373,51728,52083,52438,52793,53148,53503,53858,54213,54568,54923,55278,55633,55988,56343,56698,57053,57408,57763,58118,58473,58828,59183,59538,59893,60248,60603,60958,61313,61668,62023,62378,62733,-62937,-62582,-62227,-61872,-61517,-61162,-60807,-60452,-60097,-59742,-59387,-59032,-58677,-58322,-57967,-57612,-57257,-56902,-56547,-56192,-55837,-55482,-55127,-54772,-54417,-54062,-53707,-53352,-52997,-52642,-52287,-51932,-51577,-51222,-50867,-50512,-50157,-49802,-49447,-49092,-48737,-48382,-48027,-47672,-47317,-46962,-46607,-46252,-45897,-45542,-45187,-44832,-44477,-44122,-43767,-43412,-43057,-42702,-42347,-41992,-41637,-41282,-40927,-40572,-40217,-39862,-39507,-39152,-38797,-38442,-38087,-37732,-37377,-37022,-36667,-36312,-35957,-35602,-35247,-34892,-34537,-34182,-33827,-33472,-33117,-32762,-32407,-32052,-31697,-31342,-30987,-30632,-30277,-29922,-29567,-29212,-28857,-28502,-28147,-27792,-27437,-27082,-26727,-26372,-26017,-25662,-25307,-24952,-24597,-24242,-23887,-23532,-23177,-22822,-22467,-22112,-21757,-21402,-21047,-20692,-20337,-19982,-19627,-19272,-18917,-18562,-18207,-17852,-17497,-17142,-16787,-16432,-16077,-15722,-15367,-15012,-14657,-14302,-13947,-13592,-13237,-12882,-12527,-12172,-11817,-11462,-11107,-10752,-10397,-10042,-9687,-9332,-8977,-8622,-8267,-7912,-7557,-7202,-6847,-6492,-6137,-5782,-5427,-5072,-4717,-4362,-4007,-3652,-3297,-2942,-2587,-2232,-1877,-1522,-1167,-812,-457,-102,MAX=-62937
254,609,964,1319,1674,2029,2384,2739,3094,3449,3804,4159,4514,4869,5224,5579,5934,6289,6644,6999,7354,7709,8064,8419,8774,9129,9484,9839,10194,10549,10904,11259,11614,11969,12324,12679,13034,13389,13744,14099,14454,14809,15164,15519,15874,16229,16584,16939,17294,17649,18004,18359,18714,19069,19424,19779,20134,20489,20844,21199,21554,21909,22264,22619,22974,23329,23684,24039,24394,24749,25104,25459,25814,26169,26524,26879,27234,27589,27944,28299,28654,29009,29364,29719,30074,30429,30784,31139,31494,31849,32204,32559,32914,33269,33624,33979,34334,34689,35044,35399,35754,35855,36109,36464,36819,37174,37529,37884,38239,38594,38949,39304,39659,40014,40369,40724,41079,41434,41789,42144,42499,42854,43209,43564,43919,44274,44629,44984,45339,45694,46049,46404,46759,47114,47469,47824,48179,48534,48889,49244,49599,49954,50309,50664,51019,51374,51729,52084,52439,52794,53149,53504,53859,54214,54569,54924,55279,55634,55989,56344,56699,57054,57409,57764,58119,58474,58829,59184,59539,59894,60249,60604,60959,61314,61669,62024,62379,62734,-62936,-62581,-62226,-61871,-61516,-61161,-60806,-60451,-60096,-59741,-59386,-59031,-58676,-58321,-57966,-57611,-57256,-56901,-56546,-56191,-55836,-55481,-55126,-54771,-54416,-54061,-53706,-53351,-52996,-52641,-52286,-51931,-51576,-51221,-50866,-50511,-50156,-49801,-49446,-49091,-48736,-48381,-48026,-47671,-47316,-46961,-46606,-46251,-45896,-45541,-45186,-44831,-44476,-44121,-43766,-43411,-43056,-42701,-42346,-41991,-41636,-41281,-40926,-40571,-40216,-39861,-39506,-39151,-38796,-38441,-38086,-37731,-37376,-37021,-36666,-36311,-35956,-35601,-35246,-34891,-34536,-34181,-33826,-33471,-33116,-32761,-32406,-32051,-31696,-31341,-30986,-30631,-30276,-29921,-29566,-29211,-28856,-28501,-28146,-27791,-27436,-27081,-26726,-26371,-26016,-25661,-25306,-24951,-24596,-24241,-23886,-23531,-23176,-22821,-22466,-22111,-21756,-21401,-21046,-20691,-20336,-19981,-19626,-19271,-18916,-18561,-18206,-17851,-17496,-17141,-16786,-16431,-16076,-15721,-15366,-15011,-14656,-14301,-13946,-13591,-13236,-12881,-12526,-12171,-11816,-11461,-11106,-10751,-10396,-10041,-9686,-9331,-8976,-8621,-8266,-7911,-7556,-7201,-6846,-6491,-6136,-5781,-5426,-5071,-4716,-4361,-4006,-3651,-3296,-2941,-2586,-2231,-1876,-1521,-1166,-811,-456,-101,MAX=-62936
255,610,965,1320,1675,2030,2385,2740,3095,3450,3805,4160,4515,4870,5225,5580,5935,6290,6645,7000,7355,7710,8065,8420,8775,9130,9485,9840,10195,10550,10905,11260,11615,11970,12325,12680,13035,13390,13745,14100,14455,14810,15165,15520,15875,16230,16585,16940,17295,17650,18005,18360,18715,19070,19425,19780,20135,20490,20845,21200,21555,21910,22265,22620,22975,23330,23685,24040,24395,24750,25105,25460,25815,26170,26525,26880,27235,27590,27945,28300,28655,29010,29365,29720,30075,30430,30785,31140,31495,31850,32205,32560,32915,33270,33625,33980,34335,34690,35045,35400,35500,35755,36110,36465,36820,37175,37530,37885,38240,38595,38950,39305,39660,40015,40370,40725,41080,41435,41790,42145,42500,42855,43210,43565,43920,44275,44630,44985,45340,45695,46050,46405,46760,47115,47470,47825,48180,48535,48890,49245,49600,49955,50310,50665,51020,51375,51730,52085,52440,52795,53150,53505,53860,54215,54570,54925,55280,55635,55990,56345,56700,57055,57410,57765,58120,58475,58830,59185,59540,59895,60250,60605,60960,61315,61670,62025,62380,62735,-62935,-62580,-62225,-61870,-61515,-61160,-60805,-60450,-60095,-59740,-59385,-59030,-58675,-58320,-57965,-57610,-57255,-56900,-56545,-56190,-55835,-55480,-55125,-54770,-54415,-54060,-53705,-53350,-52995,-52640,-52285,-51930,-51575,-51220,-50865,-50510,-50155,-49800,-49445,-49090,-48735,-48380,-48025,-47670,-47315,-46960,-46605,-46250,-45895,-45540,-45185,-44830,-44475,-44120,-43765,-43410,-43055,-42700,-42345,-41990,-41635,-41280,-40925,-40570,-40215,-39860,-39505,-39150,-38795,-38440,-38085,-37730,-37375,-37020,-36665,-36310,-35955,-35600,-35245,-34890,-34535,-34180,-33825,-33470,-33115,-32760,-32405,-32050,-31695,-31340,-30985,-30630,-30275,-29920,-29565,-29210,-28855,-28500,-28145,-27790,-27435,-27080,-26725,-26370,-26015,-25660,-25305,-24950,-24595,-24240,-23885,-23530,-23175,-22820,-22465,-22110,-21755,-21400,-21045,-20690,-20335,-19980,-19625,-19270,-18915,-18560,-18205,-17850,-17495,-17140,-16785,-16430,-16075,-15720,-15365,-15010,-14655,-14300,-13945,-13590,-13235,-12880,-12525,-12170,-11815,-11460,-11105,-10750,-10395,-10040,-9685,-9330,-8975,-8620,-8265,-7910,-7555,-7200,-6845,-6490,-6135,-5780,-5425,-5070,-4715,-4360,-4005,-3650,-3295,-2940,-2585,-2230,-1875,-1520,-1165,-810,-455,-100,MAX=-62935
256,611,966,1321,1676,2031,2386,2741,3096,3451,3806,4161,4516,4871,5226,5581,5936,6291,6646,7001,7356,7711,8066,8421,8776,9131,9486,9841,10196,10551,10906,11261,11616,11971,12326,12681,13036,13391,13746,14101,14456,14811,15166,15521,15876,16231,16586,16941,17296,17651,18006,18361,18716,19071,19426,19781,20136,20491,20846,21201,21556,21911,22266,22621,22976,23331,23686,24041,24396,24751,25106,25461,25816,26171,26526,26881,27236,27591,27946,28301,28656,29011,29366,29721,30076,30431,30786,31141,31496,31851,32206,32561,32916,33271,33626,33981,34336,34691,35046,35145,35401,35756,36111,36466,36821,37176,37531,37886,38241,38596,38951,39306,39661,40016,40371,40726,41081,41436,41791,42146,42501,42856,43211,43566,43921,44276,44631,44986,45341,45696,46051,46406,46761,47116,47471,47826,48181,48536,48891,49246,49601,49956,50311,50666,51021,51376,51731,52086,52441,52796,53151,53506,53861,54216,54571,54926,55281,55636,55991,56346,56701,57056,57411,57766,58121,58476,58831,59186,59541,59896,60251,60606,60961,61316,61671,62026,62381,62736,-62934,-62579,-62224,-61869,-61514,-61159,-60804,-60449,-60094,-59739,-59384,-59029,-58674,-58319,-57964,-57609,-57254,-56899,-56544,-56189,-55834,-55479,-55124,-54769,-54414,-54059,-53704,-53349,-52994,-52639,-52284,-51929,-51574,-51219,-50864,-50509,-50154,-49799,-49444,-49089,-48734,-48379,-48024,-47669,-47314,-46959,-46604,-46249,-45894,-45539,-45184,-44829,-44474,-44119,-43764,-43409,-43054,-42699,-42344,-41989,-41634,-41279,-40924,-40569,-40214,-39859,-39504,-39149,-38794,-38439,-38084,-37729,-37374,-37019,-36664,-36309,-35954,-35599,-35244,-34889,-34534,-34179,-33824,-33469,-33114,-32759,-32404,-32049,-31694,-31339,-30984,-30629,-30274,-29919,-29564,-29209,-28854,-28499,-28144,-27789,-27434,-27079,-26724,-26369,-26014,-25659,-25304,-24949,-24594,-24239,-23884,-23529,-23174,-22819,-22464,-22109,-21754,-21399,-21044,-20689,-20334,-19979,-19624,-19269,-18914,-18559,-18204,-17849,-17494,-17139,-16784,-16429,-16074,-15719,-15364,-15009,-14654,-14299,-13944,-13589,-13234,-12879,-12524,-12169,-11814,-11459,-11104,-10749,-10394,-10039,-9684,-9329,-8974,-8619,-8264,-7909,-7554,-7199,-6844,-6489,-6134,-5779,-5424,-5069,-4714,-4359,-4004,-3649,-3294,-2939,-2584,-2229,-1874,-1519,-1164,-809,-454,-99,MAX=-62934
257,612,967,1322,1677,2032,2387,2742,3097,3452,3807,4162,4517,4872,5227,5582,5937,6292,6647,7002,7357,7712,8067,8422,8777,9132,9487,9842,10197,10552,10907,11262,11617,11972,12327,12682,13037,13392,13747,14102,14457,14812,15167,15522,15877,16232,16587,16942,17297,17652,18007,18362,18717,19072,19427,19782,20137,20492,20847,21202,21557,21912,22267,22622,22977,23332,23687,24042,24397,24752,25107,25462,25817,26172,26527,26882,27237,27592,27947,28302,28657,29012,29367,29722,30077,30432,30787,31142,31497,31852,32207,32562,32917,33272,33627,33982,34337,34692,34790,35047,35402,35757,36112,36467,36822,37177,37532,37887,38242,38597,38952,39307,39662,40017,40372,40727,41082,41437,41792,42147,42502,42857,43212,43567,43922,44277,44632,44987,45342,45697,46052,46407,46762,47117,47472,47827,48182,48537,48892,49247,49602,49957,50312,50667,51022,51377,51732,52087,52442,52797,53152,53507,53862,54217,54572,54927,55282,55637,55992,56347,56702,57057,57412,57767,58122,58477,58832,59187,59542,59897,60252,60607,60962,61317,61672,62027,62382,62737,-62933,-62578,-62223,-61868,-61513,-61158,-60803,-60448,-60093,-59738,-59383,-59028,-58673,-58318,-57963,-57608,-57253,-56898,-56543,-56188,-55833,-55478,-55123,-54768,-54413,-54058,-53703,-53348,-52993,-52638,-52283,-51928,-51573,-51218,-50863,-50508,-50153,-49798,-49443,-49088,-48733,-48378,-48023,-47668,-47313,-46958,-46603,-46248,-45893,-45538,-45183,-44828,-44473,-44118,-43763,-43408,-43053,-42698,-42343,-41988,-41633,-41278,-40923,-40568,-40213,-39858,-39503,-39148,-38793,-38438,-38083,-37728,-37373,-37018,-36663,-36308,-35953,-35598,-35243,-34888,-34533,-34178,-33823,-33468,-33113,-32758,-32403,-32048,-31693,-31338,-30983,-30628,-30273,-29918,-29563,-29208,-28853,-28498,-28143,-27788,-27433,-27078,-26723,-26368,-26013,-25658,-25303,-24948,-24593,-24238,-23883,-23528,-23173,-22818,-22463,-22108,-21753,-21398,-21043,-20688,-20333,-19978,-19623,-19268,-18913,-18558,-18203,-17848,-17493,-17138,-16783,-16428,-16073,-15718,-15363,-15008,-14653,-14298,-13943,-13588,-13233,-12878,-12523,-12168,-11813,-11458,-11103,-10748,-10393,-10038,-9683,-9328,-8973,-8618,-8263,-7908,-7553,-7198,-6843,-6488,-6133,-5778,-5423,-5068,-4713,-4358,-4003,-3648,-3293,-2938,-2583,-2228,-1873,-1518,-1163,-808,-453,-98,MAX=-62933
258,613,968,1323,1678,2033,2388,2743,3098,3453,3808,4163,4518,4873,5228,5583,5938,6293,6648,7003,7358,7713,8068,8423,8778,9133,9488,9843,10198,10553,10908,11263,11618,11973,12328,12683,13038,13393,13748,14103,14458,14813,15168,15523,15878,16233,16588,16943,17298,17653,18008,18363,18718,19073,19428,19783,20138,20493,20848,21203,21558,21913,22268,22623,22978,23333,23688,24043,24398,24753,25108,25463,25818,26173,26528,26883,27238,27593,27948,28303,28658,29013,29368,29723,30078,30433,30788,31143,31498,31853,32208,32563,32918,33273,33628,33983,34338,34435,34693,35048,35403,35758,36113,36468,36823,37178,37533,37888,38243,38598,38953,39308,39663,40018,40373,40728,41083,41438,41793,42148,42503,42858,43213,43568,43923,44278,44633,44988,45343,45698,46053,46408,46763,47118,47473,47828,48183,48538,48893,49248,49603,49958,50313,50668,51023,51378,51733,52088,52443,52798,53153,53508,53863,54218,54573,54928,55283,55638,55993,56348,56703,57058,57413,57768,58123,58478,58833,59188,59543,59898,60253,60608,60963,61318,61673,62028,62383,62738,-62932,-62577,-62222,-61867,-61512,-61157,-60802,-60447,-60092,-59737,-59382,-59027,-58672,-58317,-57962,-57607,-57252,-56897,-56542,-56187,-55832,-55477,-55122,-54767,-54412,-54057,-53702,-53347,-52992,-52637,-52282,-51927,-51572,-51217,-50862,-50507,-50152,-49797,-49442,-49087,-48732,-48377,-48022,-47667,-47312,-46957,-46602,-46247,-45892,-45537,-45182,-44827,-44472,-44117,-43762,-43407,-43052,-42697,-42342,-41987,-41632,-41277,-40922,-40567,-40212,-39857,-39502,-39147,-38792,-38437,-38082,-37727,-37372,-37017,-36662,-36307,-35952,-35597,-35242,-34887,-34532,-34177,-33822,-33467,-33112,-32757,-32402,-32047,-31692,-31337,-30982,-30627,-30272,-29917,-29562,-29207,-28852,-28497,-28142,-27787,-27432,-27077,-26722,-26367,-26012,-25657,-25302,-24947,-24592,-24237,-23882,-23527,-23172,-22817,-22462,-22107,-21752,-21397,-21042,-20687,-20332,-19977,-19622,-19267,-18912,-18557,-18202,-17847,-17492,-17137,-16782,-16427,-16072,-15717,-15362,-15007,-14652,-14297,-13942,-13587,-13232,-12877,-12522,-12167,-11812,-11457,-11102,-10747,-10392,-10037,-9682,-9327,-8972,-8617,-8262,-7907,-7552,-7197,-6842,-6487,-6132,-5777,-5422,-5067,-4712,-4357,-4002,-3647,-3292,-2937,-2582,-2227,-1872,-1517,-1162,-807,-452,-97,MAX=-62932
259,614,969,1324,1679,2034,2389,2744,3099,3454,3809,4164,4519,4874,5229,5584,5939,6294,6649,7004,7359,7714,8069,8424,8779,9134,9489,9844,10199,10554,10909,11264,11619,11974,12329,12684,13039,13394,13749,14104,14459,14814,15169,15524,15879,16234,16589,16944,17299,17654,18009,18364,18719,19074,19429,19784,20139,20494,20849,21204,21559,21914,22269,22624,22979,23334,23689,24044,24399,24754,25109,25464,25819,26174,26529,26884,27239,27594,27949,28304,28659,29014,29369,29724,30079,30434,30789,31144,31499,31854,32209,32564,32919,33274,33629,33984,34080,34339,34694,35049,35404,35759,36114,36469,36824,37179,37534,37889,38244,38599,38954,39309,39664,40019,40374,40729,41084,41439,41794,42149,42504,42859,43214,43569,43924,44279,44634,44989,45344,45699,46054,46409,46764,47119,47474,47829,48184,48539,48894,49249,49604,49959,50314,50669,51024,51379,51734,52089,52444,52799,53154,53509,53864,54219,54574,54929,55284,55639,55994,56349,56704,57059,57414,57769,58124,58479,58834,59189,59544,59899,60254,60609,60964,61319,61674,62029,62384,62739,-62931,-62576,-62221,-61866,-61511,-61156,-60801,-60446,-60091,-59736,-59381,-59026,-58671,-58316,-57961,-57606,-57251,-56896,-56541,-56186,-55831,-55476,-55121,-54766,-54411,-54056,-53701,-53346,-52991,-52636,-52281,-51926,-51571,-51216,-50861,-50506,-50151,-49796,-49441,-49086,-48731,-48376,-48021,-47666,-47311,-46956,-46601,-46246,-45891,-45536,-45181,-44826,-44471,-44116,-43761,-43406,-43051,-42696,-42341,-41986,-41631,-41276,-40921,-40566,-40211,-39856,-39501,-39146,-38791,-38436,-38081,-37726,-37371,-37016,-36661,-36306,-35951,-35596,-35241,-34886,-34531,-34176,-33821,-33466,-33111,-32756,-32401,-32046,-31691,-31336,-30981,-30626,-30271,-29916,-29561,-29206,-28851,-28496,-28141,-27786,-27431,-27076,-26721,-26366,-26011,-25656,-25301,-24946,-24591,-24236,-23881,-23526,-23171,-22816,-22461,-22106,-21751,-21396,-21041,-20686,-20331,-19976,-19621,-19266,-18911,-18556,-18201,-17846,-17491,-17136,-16781,-16426,-16071,-15716,-15361,-15006,-14651,-14296,-13941,-13586,-13231,-12876,-12521,-12166,-11811,-11456,-11101,-10746,-10391,-10036,-9681,-9326,-8971,-8616,-8261,-7906,-7551,-7196,-6841,-6486,-6131,-5776,-5421,-5066,-4711,-4356,-4001,-3646,-3291,-2936,-2581,-2226,-1871,-1516,-1161,-806,-451,-96,MAX=-62931
260,615,970,1325,1680,2035,2390,2745,3100,3455,3810,4165,4520,4875,5230,5585,5940,6295,6650,7005,7360,7715,8070,8425,8780,9135,9490,9845,10200,10555,10910,11265,11620,11975,12330,12685,13040,13395,13750,14105,14460,14815,15170,15525,15880,16235,16590,16945,17300,17655,18010,18365,18720,19075,19430,19785,20140,20495,20850,21205,21560,21915,22270,22625,22980,23335,23690,24045,24400,24755,25110,25465,25820,26175,26530,26885,27240,27595,27950,28305,28660,29015,29370,29725,30080,30435,30790,31145,31500,31855,32210,32565,32920,33275,33630,33725,33985,34340,34695,35050,35405,35760,36115,36470,36825,37180,37535,37890,38245,38600,38955,39310,39665,40020,40375,40730,41085,41440,41795,42150,42505,42860,43215,43570,43925,44280,44635,44990,45345,45700,46055,46410,46765,47120,47475,47830,48185,48540,48895,49250,49605,49960,50315,50670,51025,51380,51735,52090,52445,52800,53155,53510,53865,54220,54575,54930,55285,55640,55995,56350,56705,57060,57415,57770,58125,58480,58835,59190,59545,59900,60255,60610,60965,61320,61675,62030,62385,62740,-62930,-62575,-62220,-61865,-61510,-61155,-60800,-60445,-60090,-59735,-59380,-59025,-58670,-58315,-57960,-57605,-57250,-56895,-56540,-56185,-55830,-55475,-55120,-54765,-54410,-54055,-53700,-53345,-52990,-52635,-52280,-51925,-51570,-51215,-50860,-50505,-50150,-49795,-49440,-49085,-48730,-48375,-48020,-47665,-47310,-46955,-46600,-46245,-45890,-45535,-45180,-44825,-44470,-44115,-43760,-43405,-43050,-42695,-42340,-41985,-41630,-41275,-40920,-40565,-40210,-39855,-39500,-39145,-38790,-38435,-38080,-37725,-37370,-37015,-36660,-36305,-35950,-35595,-35240,-34885,-34530,-34175,-33820,-33465,-33110,-32755,-32400,-32045,-31690,-31335,-30980,-30625,-30270,-29915,-29560,-29205,-28850,-28495,-28140,-27785,-27430,-27075,-26720,-26365,-26010,-25655,-25300,-24945,-24590,-24235,-23880,-23525,-23170,-22815,-22460,-22105,-21750,-21395,-21040,-20685,-20330,-19975,-19620,-19265,-18910,-18555,-18200,-17845,-17490,-17135,-16780,-16425,-16070,-15715,-15360,-15005,-14650,-14295,-13940,-13585,-13230,-12875,-12520,-12165,-11810,-11455,-11100,-10745,-10390,-10035,-9680,-9325,-8970,-8615,-8260,-7905,-7550,-7195,-6840,-6485,-6130,-5775,-5420,-5065,-4710,-4355,-4000,-3645,-3290,-2935,-2580,-2225,-1870,-1515,-1160,-805,-450,-95,MAX=-62930
261,616,971,1326,1681,2036,2391,2746,3101,3456,3811,4166,4521,4876,5231,5586,5941,6296,6651,7006,7361,7716,8071,8426,8781,9136,9491,9846,10201,10556,10911,11266,11621,11976,12331,12686,13041,13396,13751,14106,14461,14816,15171,15526,15881,16236,16591,16946,17301,17656,18011,18366,18721,19076,19431,19786,20141,20496,20851,21206,21561,21916,22271,22626,22981,23336,23691,24046,24401,24756,25111,25466,25821,26176,26531,26886,27241,27596,27951,28306,28661,29016,29371,29726,30081,30436,30791,31146,31501,31856,32211,32566,32921,33276,33370,33631,33986,34341,34696,35051,35406,35761,36116,36471,36826,37181,37536,37891,38246,38601,38956,39311,39666,40021,40376,40731,41086,41441,41796,42151,42506,42861,43216,43571,43926,44281,44636,44991,45346,45701,46056,46411,46766,47121,47476,47831,48186,48541,48896,49251,49606,49961,50316,50671,51026,51381,51736,52091,52446,52801,53156,53511,53866,54221,54576,54931,55286,55641,55996,56351,56706,57061,57416,57771,58126,58481,58836,59191,59546,59901,60256,60611,60966,61321,61676,62031,62386,62741,-62929,-62574,-62219,-61864,-61509,-61154,-60799,-60444,-60089,-59734,-59379,-59024,-58669,-58314,-57959,-57604,-57249,-56894,-56539,-56184,-55829,-55474,-55119,-54764,-54409,-54054,-53699,-53344,-52989,-52634,-52279,-51924,-51569,-51214,-50859,-50504,-50149,-49794,-49439,-49084,-48729,-48374,-48019,-47664,-47309,-46954,-46599,-46244,-45889,-45534,-45179,-44824,-44469,-44114,-43759,-43404,-43049,-42694,-42339,-41984,-41629,-41274,-40919,-40564,-40209,-39854,-39499,-39144,-38789,-38434,-38079,-37724,-37369,-37014,-36659,-36304,-35949,-35594,-35239,-34884,-34529,-34174,-33819,-33464,-33109,-32754,-32399,-32044,-31689,-31334,-30979,-30624,-30269,-29914,-29559,-29204,-28849,-28494,-28139,-27784,-27429,-27074,-26719,-26364,-26009,-25654,-25299,-24944,-24589,-24234,-23879,-23524,-23169,-22814,-22459,-22104,-21749,-21394,-21039,-20684,-20329,-19974,-19619,-19264,-18909,-18554,-18199,-17844,-17489,-17134,-16779,-16424,-16069,-15714,-15359,-15004,-14649,-14294,-13939,-13584,-13229,-12874,-12519,-12164,-11809,-11454,-11099,-10744,-10389,-10034,-9679,-9324,-8969,-8614,-8259,-7904,-7549,-7194,-6839,-6484,-6129,-5774,-5419,-5064,-4709,-4354,-3999,-3644,-3289,-2934,-2579,-2224,-1869,-1514,-1159,-804,-449,-94,MAX=-62929
262,617,972,1327,1682,2037,2392,2747,3102,3457,3812,4167,4522,4877,5232,5587,5942,6297,6652,7007,7362,7717,8072,8427,8782,9137,9492,9847,10202,10557,10912,11267,11622,11977,12332,12687,13042,13397,13752,14107,14462,14817,15172,15527,15882,16237,16592,16947,17302,17657,18012,18367,18722,19077,19432,19787,20142,20497,20852,21207,21562,21917,22272,22627,22982,23337,23692,24047,24402,24757,25112,25467,25822,26177,26532,26887,27242,27597,27952,28307,28662,29017,29372,29727,30082,30437,30792,31147,31502,31857,32212,32567,32922,33015,33277,33632,33987,34342,34697,35052,35407,35762,36117,36472,36827,37182,37537,37892,38247,38602,38957,39312,39667,40022,40377,40732,41087,41442,41797,42152,42507,42862,43217,43572,43927,44282,44637,44992,45347,45702,46057,46412,46767,47122,47477,47832,48187,48542,48897,49252,49607,49962,50317,50672,51027,51382,51737,52092,52447,52802,53157,53512,53867,54222,54577,54932,55287,55642,55997,56352,56707,57062,57417,57772,58127,58482,58837,59192,59547,59902,60257,60612,60967,61322,61677,62032,62387,62742,-62928,-62573,-62218,-61863,-61508,-61153,-60798,-60443,-60088,-59733,-59378,-59023,-58668,-58313,-57958,-57603,-57248,-56893,-56538,-56183,-55828,-55473,-55118,-54763,-54408,-54053,-53698,-53343,-52988,-52633,-52278,-51923,-51568,-51213,-50858,-50503,-50148,-49793,-49438,-49083,-48728,-48373,-48018,-47663,-47308,-46953,-46598,-46243,-45888,-45533,-45178,-44823,-44468,-44113,-43758,-43403,-43048,-42693,-42338,-41983,-41628,-41273,-40918,-40563,-40208,-39853,-39498,-39143,-38788,-38433,-38078,-37723,-37368,-37013,-36658,-36303,-35948,-35593,-35238,-34883,-34528,-34173,-33818,-33463,-33108,-32753,-32398,-32043,-31688,-31333,-30978,-30623,-30268,-29913,-29558,-29203,-28848,-28493,-28138,-27783,-27428,-27073,-26718,-26363,-26008,-25653,-25298,-24943,-24588,-24233,-23878,-23523,-23168,-22813,-22458,-22103,-21748,-21393,-21038,-20683,-20328,-19973,-19618,-19263,-18908,-18553,-18198,-17843,-17488,-17133,-16778,-16423,-16068,-15713,-15358,-15003,-14648,-14293,-13938,-13583,-13228,-12873,-12518,-12163,-11808,-11453,-11098,-10743,-10388,-10033,-9678,-9323,-8968,-8613,-8258,-7903,-7548,-7193,-6838,-6483,-6128,-5773,-5418,-5063,-4708,-4353,-3998,-3643,-3288,-2933,-2578,-2223,-1868,-1513,-1158,-803,-448,-93,MAX=-62928
263,618,973,1328,1683,2038,2393,2748,3103,3458,3813,4168,4523,4878,5233,5588,5943,6298,6653,7008,7363,7718,8073,8428,8783,9138,9493,9848,10203,10558,10913,11268,11623,11978,12333,12688,13043,13398,13753,14108,14463,14818,15173,15528,15883,16238,16593,16948,17303,17658,18013,18368,18723,19078,19433,19788,20143,20498,20853,21208,21563,21918,22273,22628,22983,23338,23693,24048,24403,24758,25113,25468,25823,26178,26533,26888,27243,27598,27953,28308,28663,29018,29373,29728,30083,30438,30793,31148,31503,31858,32213,32568,32660,32923,33278,33633,33988,34343,34698,35053,35408,35763,36118,36473,36828,37183,37538,37893,38248,38603,38958,39313,39668,40023,40378,40733,41088,41443,41798,42153,42508,42863,43218,43573,43928,44283,44638,44993,45348,45703,46058,46413,46768,47123,47478,47833,48188,48543,48898,49253,49608,49963,50318,50673,51028,51383,51738,52093,52448,52803,53158,53513,53868,54223,54578,54933,55288,55643,55998,56353,56708,57063,57418,57773,58128,58483,58838,59193,59548,59903,60258,60613,60968,61323,61678,62033,62388,62743,-62927,-62572,-62217,-61862,-61507,-61152,-60797,-60442,-60087,-59732,-59377,-59022,-58667,-58312,-57957,-57602,-57247,-56892,-56537,-56182,-55827,-55472,-55117,-54762,-54407,-54052,-53697,-53342,-52987,-52632,-52277,-51922,-51567,-51212,-50857,-50502,-50147,-49792,-49437,-49082,-48727,-48372,-48017,-47662,-47307,-46952,-46597,-46242,-45887,-45532,-45177,-44822,-44467,-44112,-43757,-43402,-43047,-42692,-42337,-41982,-41627,-41272,-40917,-40562,-40207,-39852,-39497,-39142,-38787,-38432,-38077,-37722,-37367,-37012,-36657,-36302,-35947,-35592,-35237,-34882,-34527,-34172,-33817,-33462,-33107,-32752,-32397,-32042,-31687,-31332,-30977,-30622,-30267,-29912,-29557,-29202,-28847,-28492,-28137,-27782,-27427,-27072,-26717,-26362,-26007,-25652,-25297,-24942,-24587,-24232,-23877,-23522,-23167,-22812,-22457,-22102,-21747,-21392,-21037,-20682,-20327,-19972,-19617,-19262,-18907,-18552,-18197,-17842,-17487,-17132,-16777,-16422,-16067,-15712,-15357,-15002,-14647,-14292,-13937,-13582,-13227,-12872,-12517,-12162,-11807,-11452,-11097,-10742,-10387,-10032,-9677,-9322,-8967,-8612,-8257,-7902,-7547,-7192,-6837,-6482,-6127,-5772,-5417,-5062,-4707,-4352,-3997,-3642,-3287,-2932,-2577,-2222,-1867,-1512,-1157,-802,-447,-92,MAX=-62927
264,619,974,1329,1684,2039,2394,2749,3104,3459,3814,4169,4524,4879,5234,5589,5944,6299,6654,7009,7364,7719,8074,8429,8784,9139,9494,9849,10204,10559,10914,11269,11624,11979,12334,12689,13044,13399,13754,14109,14464,14819,15174,15529,15884,16239,16594,16949,17304,17659,18014,18369,18724,19079,19434,19789,20144,20499,20854,21209,21564,21919,22274,22629,22984,23339,23694,24049,24404,24759,25114,25469,25824,26179,26534,26889,27244,27599,27954,28309,28664,29019,29374,29729,30084,30439,30794,31149,31504,31859,32214,32305,32569,32924,33279,33634,33989,34344,34699,35054,35409,35764,36119,36474,36829,37184,37539,37894,38249,38604,38959,39314,39669,40024,40379,40734,41089,41444,41799,42154,42509,42864,43219,43574,43929,44284,44639,44994,45349,45704,46059,46414,46769,47124,47479,47834,48189,48544,48899,49254,49609,49964,50319,50674,51029,51384,51739,52094,52449,52804,53159,53514,53869,54224,54579,54934,55289,55644,55999,56354,56709,57064,57419,57774,58129,58484,58839,59194,59549,59904,60259,60614,60969,61324,61679,62034,62389,62744,-62926,-62571,-62216,-61861,-61506,-61151,-60796,-60441,-60086,-59731,-59376,-59021,-58666,-58311,-57956,-57601,-57246,-56891,-56536,-56181,-55826,-55471,-55116,-54761,-54406,-54051,-53696,-53341,-52986,-52631,-52276,-51921,-51566,-51211,-50856,-50501,-50146,-49791,-49436,-49081,-48726,-48371,-48016,-47661,-47306,-46951,-46596,-46241,-45886,-45531,-45176,-44821,-44466,-44111,-43756,-43401,-43046,-42691,-42336,-41981,-41626,-41271,-40916,-40561,-40206,-39851,-39496,-39141,-38786,-38431,-38076,-37721,-37366,-37011,-36656,-36301,-35946,-35591,-35236,-34881,-34526,-34171,-33816,-33461,-33106,-32751,-32396,-32041,-31686,-31331,-30976,-30621,-30266,-29911,-29556,-29201,-28846,-28491,-28136,-27781,-27426,-27071,-26716,-26361,-26006,-25651,-25296,-24941,-24586,-24231,-23876,-23521,-23166,-22811,-22456,-22101,-21746,-21391,-21036,-20681,-20326,-19971,-19616,-19261,-18906,-18551,-18196,-17841,-17486,-17131,-16776,-16421,-16066,-15711,-15356,-15001,-14646,-14291,-13936,-13581,-13226,-12871,-12516,-12161,-11806,-11451,-11096,-10741,-10386,-10031,-9676,-9321,-8966,-8611,-8256,-7901,-7546,-7191,-6836,-6481,-6126,-5771,-5416,-5061,-4706,-4351,-3996,-3641,-3286,-2931,-2576,-2221,-1866,-1511,-1156,-801,-446,-91,MAX=-62926
265,620,975,1330,1685,2040,2395,2750,3105,3460,3815,4170,4525,4880,5235,5590,5945,6300,6655,7010,7365,7720,8075,8430,8785,9140,9495,9850,10205,10560,10915,11270,11625,11980,12335,12690,13045,13400,13755,14110,14465,14820,15175,15530,15885,16240,16595,16950,17305,17660,18015,18370,18725,19080,19435,19790,20145,20500,20855,21210,21565,21920,22275,22630,22985,23340,23695,24050,24405,24760,25115,25470,25825,26180,26535,26890,27245,27600,27955,28310,28665,29020,29375,29730,30085,30440,30795,31150,31505,31860,31950,32215,32570,32925,33280,33635,33990,34345,34700,35055,35410,35765,36120,36475,36830,37185,37540,37895,38250,38605,38960,39315,39670,40025,40380,40735,41090,41445,41800,42155,42510,42865,43220,43575,43930,44285,44640,44995,45350,45705,46060,46415,46770,47125,47480,47835,48190,48545,48900,49255,49610,49965,50320,50675,51030,51385,51740,52095,52450,52805,53160,53515,53870,54225,54580,54935,55290,55645,56000,56355,56710,57065,57420,57775,58130,58485,58840,59195,59550,59905,60260,60615,60970,61325,61680,62035,62390,62745,-62925,-62570,-62215,-61860,-61505,-61150,-60795,-60440,-60085,-59730,-59375,-59020,-58665,-58310,-57955,-57600,-57245,-56890,-56535,-56180,-55825,-55470,-55115,-54760,-54405,-54050,-53695,-53340,-52985,-52630,-52275,-51920,-51565,-51210,-50855,-50500,-50145,-49790,-49435,-49080,-48725,-48370,-48015,-47660,-47305,-46950,-46595,-46240,-45885,-45530,-45175,-44820,-44465,-44110,-43755,-43400,-43045,-42690,-42335,-41980,-41625,-41270,-40915,-40560,-40205,-39850,-39495,-39140,-38785,-38430,-38075,-37720,-37365,-37010,-36655,-36300,-35945,-35590,-35235,-34880,-34525,-34170,-33815,-33460,-33105,-32750,-32395,-32040,-31685,-31330,-30975,-30620,-30265,-29910,-29555,-29200,-28845,-28490,-28135,-27780,-27425,-27070,-26715,-26360,-26005,-25650,-25295,-24940,-24585,-24230,-23875,-23520,-23165,-22810,-22455,-22100,-21745,-21390,-21035,-20680,-20325,-19970,-19615,-19260,-18905,-18550,-18195,-17840,-17485,-17130,-16775,-16420,-16065,-15710,-15355,-15000,-14645,-14290,-13935,-13580,-13225,-12870,-12515,-12160,-11805,-11450,-11095,-10740,-10385,-10030,-9675,-9320,-8965,-8610,-8255,-7900,-7545,-7190,-6835,-6480,-6125,-5770,-5415,-5060,-4705,-4350,-3995,-3640,-3285,-2930,-2575,-2220,-1865,-1510,-1155,-800,-445,-90,MAX=-62925
266,621,976,1331,1686,2041,2396,2751,3106,3461,3816,4171,4526,4881,5236,5591,5946,6301,6656,7011,7366,7721,8076,8431,8786,9141,9496,9851,10206,10561,10916,11271,11626,11981,12336,12691,13046,13401,13756,14111,14466,14821,15176,15531,15886,16241,16596,16951,17306,17661,18016,18371,18726,19081,19436,19791,20146,20501,20856,21211,21566,21921,22276,22631,22986,23341,23696,24051,24406,24761,25116,25471,25826,26181,26536,26891,27246,27601,27956,28311,28666,29021,29376,29731,30086,30441,30796,31151,31506,31595,31861,32216,32571,32926,33281,33636,33991,34346,34701,35056,35411,35766,36121,36476,36831,37186,37541,37896,38251,38606,38961,39316,39671,40026,40381,40736,41091,41446,41801,42156,42511,42866,43221,43576,43931,44286,44641,44996,45351,45706,46061,46416,46771,47126,47481,47836,48191,48546,48901,49256,49611,49966,50321,50676,51031,51386,51741,52096,52451,52806,53161,53516,53871,54226,54581,54936,55291,55646,56001,56356,56711,57066,57421,57776,58131,58486,58841,59196,59551,59906,60261,60616,60971,61326,61681,62036,62391,62746,-62924,-62569,-62214,-61859,-61504,-61149,-60794,-60439,-60084,-59729,-59374,-59019,-58664,-58309,-57954,-57599,-57244,-56889,-56534,-56179,-55824,-55469,-55114,-54759,-54404,-54049,-53694,-53339,-52984,-52629,-52274,-51919,-51564,-51209,-50854,-50499,-50144,-49789,-49434,-49079,-48724,-48369,-48014,-47659,-47304,-46949,-46594,-46239,-45884,-45529,-45174,-44819,-44464,-44109,-43754,-43399,-43044,-42689,-42334,-41979,-41624,-41269,-40914,-40559,-40204,-39849,-39494,-39139,-38784,-38429,-38074,-37719,-37364,-37009,-36654,-36299,-35944,-35589,-35234,-34879,-34524,-34169,-33814,-33459,-33104,-32749,-32394,-32039,-31684,-31329,-30974,-30619,-30264,-29909,-29554,-29199,-28844,-28489,-28134,-27779,-27424,-27069,-26714,-26359,-26004,-25649,-25294,-24939,-24584,-24229,-23874,-23519,-23164,-22809,-22454,-22099,-21744,-21389,-21034,-20679,-20324,-19969,-19614,-19259,-18904,-18549,-18194,-17839,-17484,-17129,-16774,-16419,-16064,-15709,-15354,-14999,-14644,-14289,-13934,-13579,-13224,-12869,-12514,-12159,-11804,-11449,-11094,-10739,-10384,-10029,-9674,-9319,-8964,-8609,-8254,-7899,-7544,-7189,-6834,-6479,-6124,-5769,-5414,-5059,-4704,-4349,-3994,-3639,-3284,-2929,-2574,-2219,-1864,-1509,-1154,-799,-444,-89,MAX=-62924
267,622,977,1332,1687,2042,2397,2752,3107,3462,3817,4172,4527,4882,5237,5592,5947,6302,6657,7012,7367,7722,8077,8432,8787,9142,9497,9852,10207,10562,10917,11272,11627,11982,12337,12692,13047,13402,13757,14112,14467,14822,15177,15532,15887,16242,16597,16952,17307,17662,18017,18372,18727,19082,19437,19792,20147,20502,20857,21212,21567,21922,22277,22632,22987,23342,23697,24052,24407,24762,25117,25472,25827,26182,26537,26892,27247,27602,27957,28312,28667,29022,29377,29732,30087,30442,30797,31152,31240,31507,31862,32217,32572,32927,33282,33637,33992,34347,34702,35057,35412,35767,36122,36477,36832,37187,37542,37897,38252,38607,38962,39317,39672,40027,40382,40737,41092,41447,41802,42157,42512,42867,43222,43577,43932,44287,44642,44997,45352,45707,46062,46417,46772,47127,47482,47837,48192,48547,48902,49257,49612,49967,50322,50677,51032,51387,51742,52097,52452,52807,53162,53517,53872,54227,54582,54937,55292,55647,56002,56357,56712,57067,57422,57777,58132,58487,58842,59197,59552,59907,60262,60617,60972,61327,61682,62037,62392,62747,-62923,-62568,-62213,-61858,-61503,-61148,-60793,-60438,-60083,-59728,-59373,-59018,-58663,-58308,-57953,-57598,-57243,-56888,-56533,-56178,-55823,-55468,-55113,-54758,-54403,-54048,-53693,-53338,-52983,-52628,-52273,-51918,-51563,-51208,-50853,-50498,-50143,-49788,-49433,-49078,-48723,-48368,-48013,-47658,-47303,-46948,-46593,-46238,-45883,-45528,-45173,-44818,-44463,-44108,-43753,-43398,-43043,-42688,-42333,-41978,-41623,-41268,-40913,-40558,-40203,-39848,-39493,-39138,-38783,-38428,-38073,-37718,-37363,-37008,-36653,-36298,-35943,-35588,-35233,-34878,-34523,-34168,-33813,-33458,-33103,-32748,-32393,-32038,-31683,-31328,-30973,-30618,-30263,-29908,-29553,-29198,-28843,-28488,-28133,-27778,-27423,-27068,-26713,-26358,-26003,-25648,-25293,-24938,-24583,-24228,-23873,-23518,-23163,-22808,-22453,-22098,-21743,-21388,-21033,-20678,-20323,-19968,-19613,-19258,-18903,-18548,-18193,-17838,-17483,-17128,-16773,-16418,-16063,-15708,-15353,-14998,-14643,-14288,-13933,-13578,-13223,-12868,-12513,-12158,-11803,-11448,-11093,-10738,-10383,-10028,-9673,-9318,-8963,-8608,-8253,-7898,-7543,-7188,-6833,-6478,-6123,-5768,-5413,-5058,-4703,-4348,-3993,-3638,-3283,-2928,-2573,-2218,-1863,-1508,-1153,-798,-443,-88,MAX=-62923
268,623,978,1333,1688,2043,2398,2753,3108,3463,3818,4173,4528,4883,5238,5593,5948,6303,6658,7013,7368,7723,8078,8433,8788,9143,9498,9853,10208,10563,10918,11273,11628,11983,12338,12693,13048,13403,13758,14113,14468,14823,15178,15533,15888,16243,16598,16953,17308,17663,18018,18373,18728,19083,19438,19793,20148,20503,20858,21213,21568,21923,22278,22633,22988,23343,23698,24053,24408,24763,25118,25473,25828,26183,26538,26893,27248,27603,27958,28313,28668,29023,29378,29733,30088,30443,30798,30885,31153,31508,31863,32218,32573,32928,33283,33638,33993,34348,34703,35058,35413,35768,36123,36478,36833,37188,37543,37898,38253,38608,38963,39318,39673,40028,40383,40738,41093,41448,41803,42158,42513,42868,43223,43578,43933,44288,44643,44998,45353,45708,46063,46418,46773,47128,47483,47838,48193,48548,48903,49258,49613,49968,50323,50678,51033,51388,51743,52098,52453,52808,53163,53518,53873,54228,54583,54938,55293,55648,56003,56358,56713,57068,57423,57778,58133,58488,58843,59198,59553,59908,60263,60618,60973,61328,61683,62038,62393,62748,-62922,-62567,-62212,-61857,-61502,-61147,-60792,-60437,-60082,-59727,-59372,-59017,-58662,-58307,-57952,-57597,-57242,-56887,-56532,-56177,-55822,-55467,-55112,-54757,-54402,-54047,-53692,-53337,-52982,-52627,-52272,-51917,-51562,-51207,-50852,-50497,-50142,-49787,-49432,-49077,-48722,-48367,-48012,-47657,-47302,-46947,-46592,-46237,-45882,-45527,-45172,-44817,-44462,-44107,-43752,-43397,-43042,-42687,-42332,-41977,-41622,-41267,-40912,-40557,-40202,-39847,-39492,-39137,-38782,-38427,-38072,-37717,-37362,-37007,-36652,-36297,-35942,-35587,-35232,-34877,-34522,-34167,-33812,-33457,-33102,-32747,-32392,-32037,-31682,-31327,-30972,-30617,-30262,-29907,-29552,-29197,-28842,-28487,-28132,-27777,-27422,-27067,-26712,-26357,-26002,-25647,-25292,-24937,-24582,-24227,-23872,-23517,-23162,-22807,-22452,-22097,-21742,-21387,-21032,-20677,-20322,-19967,-19612,-19257,-18902,-18547,-18192,-17837,-17482,-17127,-16772,-16417,-16062,-15707,-15352,-14997,-14642,-14287,-13932,-13577,-13222,-12867,-12512,-12157,-11802,-11447,-11092,-10737,-10382,-10027,-9672,-9317,-8962,-8607,-8252,-7897,-7542,-7187,-6832,-6477,-6122,-5767,-5412,-5057,-4702,-4347,-3992,-3637,-3282,-2927,-2572,-2217,-1862,-1507,-1152,-797,-442,-87,MAX=-62922
269,624,979,1334,1689,2044,2399,2754,3109,3464,3819,4174,4529,4884,5239,5594,5949,6304,6659,7014,7369,7724,8079,8434,8789,9144,9499,9854,10209,10564,10919,11274,11629,11984,12339,12694,13049,13404,13759,14114,14469,14824,15179,15534,15889,16244,16599,16954,17309,17664,18019,18374,18729,19084,19439,19794,20149,20504,20859,21214,21569,21924,22279,22634,22989,23344,23699,24054,24409,24764,25119,25474,25829,26184,26539,26894,27249,27604,27959,28314,28669,29024,29379,29734,30089,30444,30530,30799,31154,31509,31864,32219,32574,32929,33284,33639,33994,34349,34704,35059,35414,35769,36124,36479,36834,37189,37544,37899,38254,38609,38964,39319,39674,40029,40384,40739,41094,41449,41804,42159,42514,42869,43224,43579,43934,44289,44644,44999,45354,45709,46064,46419,46774,47129,47484,47839,48194,48549,48904,49259,49614,49969,50324,50679,51034,51389,51744,52099,52454,52809,53164,53519,53874,54229,54584,54939,55294,55649,56004,56359,56714,57069,57424,57779,58134,58489,58844,59199,59554,59909,60264,60619,60974,61329,61684,62039,62394,62749,-62921,-62566,-62211,-61856,-61501,-61146,-60791,-60436,-60081,-59726,-59371,-59016,-58661,-58306,-57951,-57596,-57241,-56886,-56531,-56176,-55821,-55466,-55111,-54756,-54401,-54046,-53691,-53336,-52981,-52626,-52271,-51916,-51561,-51206,-50851,-50496,-50141,-49786,-49431,-49076,-48721,-48366,-48011,-47656,-47301,-46946,-46591,-46236,-45881,-45526,-45171,-44816,-44461,-44106,-43751,-43396,-43041,-42686,-42331,-41976,-41621,-41266,-40911,-40556,-40201,-39846,-39491,-39136,-38781,-38426,-38071,-37716,-37361,-37006,-36651,-36296,-35941,-35586,-35231,-34876,-34521,-34166,-33811,-33456,-33101,-32746,-32391,-32036,-31681,-31326,-30971,-30616,-30261,-29906,-29551,-29196,-28841,-28486,-28131,-27776,-27421,-27066,-26711,-26356,-26001,-25646,-25291,-24936,-24581,-24226,-23871,-23516,-23161,-22806,-22451,-22096,-21741,-21386,-21031,-20676,-20321,-19966,-19611,-19256,-18901,-18546,-18191,-17836,-17481,-17126,-16771,-16416,-16061,-15706,-15351,-14996,-14641,-14286,-13931,-13576,-13221,-12866,-12511,-12156,-11801,-11446,-11091,-10736,-10381,-10026,-9671,-9316,-8961,-8606,-8251,-7896,-7541,-7186,-6831,-6476,-6121,-5766,-5411,-5056,-4701,-4346,-3991,-3636,-3281,-2926,-2571,-2216,-1861,-1506,-1151,-796,-441,-86,MAX=-62921
270,625,980,1335,1690,2045,2400,2755,3110,3465,3820,4175,4530,4885,5240,5595,5950,6305,6660,7015,7370,7725,8080,8435,8790,9145,9500,9855,10210,10565,10920,11275,11630,11985,12340,12695,13050,13405,13760,14115,14470,14825,15180,15535,15890,16245,16600,16955,17310,17665,18020,18375,18730,19085,19440,19795,20150,20505,20860,21215,21570,21925,22280,22635,22990,23345,23700,24055,24410,24765,25120,25475,25830,26185,26540,26895,27250,27605,27960,28315,28670,29025,29380,29735,30090,30175,30445,30800,31155,31510,31865,32220,32575,32930,33285,33640,33995,34350,34705,35060,35415,35770,36125,36480,36835,37190,37545,37900,38255,38610,38965,39320,39675,40030,40385,40740,41095,41450,41805,42160,42515,42870,43225,43580,43935,44290,44645,45000,45355,45710,46065,46420,46775,47130,47485,47840,48195,48550,48905,49260,49615,49970,50325,50680,51035,51390,51745,52100,52455,52810,53165,53520,53875,54230,54585,54940,55295,55650,56005,56360,56715,57070,57425,57780,58135,58490,58845,59200,59555,59910,60265,60620,60975,61330,61685,62040,62395,62750,-62920,-62565,-62210,-61855,-61500,-61145,-60790,-60435,-60080,-59725,-59370,-59015,-58660,-58305,-57950,-57595,-57240,-56885,-56530,-56175,-55820,-55465,-55110,-54755,-54400,-54045,-53690,-53335,-52980,-52625,-52270,-51915,-51560,-51205,-50850,-50495,-50140,-49785,-49430,-49075,-48720,-48365,-48010,-47655,-47300,-46945,-46590,-46235,-45880,-45525,-45170,-44815,-44460,-44105,-43750,-43395,-43040,-42685,-42330,-41975,-41620,-41265,-40910,-40555,-40200,-39845,-39490,-39135,-38780,-38425,-38070,-37715,-37360,-37005,-36650,-36295,-35940,-35585,-35230,-34875,-34520,-34165,-33810,-33455,-33100,-32745,-32390,-32035,-31680,-31325,-30970,-30615,-30260,-29905,-29550,-29195,-28840,-28485,-28130,-27775,-27420,-27065,-26710,-26355,-26000,-25645,-25290,-24935,-24580,-24225,-23870,-23515,-23160,-22805,-22450,-22095,-21740,-21385,-21030,-20675,-20320,-19965,-19610,-19255,-18900,-18545,-18190,-17835,-17480,-17125,-16770,-16415,-16060,-15705,-15350,-14995,-14640,-14285,-13930,-13575,-13220,-12865,-12510,-12155,-11800,-11445,-11090,-10735,-10380,-10025,-9670,-9315,-8960,-8605,-8250,-7895,-7540,-7185,-6830,-6475,-6120,-5765,-5410,-5055,-4700,-4345,-3990,-3635,-3280,-2925,-2570,-2215,-1860,-1505,-1150,-795,-440,-85,MAX=-62920
271,626,981,1336,1691,2046,2401,2756,3111,3466,3821,4176,4531,4886,5241,5596,5951,6306,6661,7016,7371,7726,8081,8436,8791,9146,9501,9856,10211,10566,10921,11276,11631,11986,12341,12696,13051,13406,13761,14116,14471,14826,15181,15536,15891,16246,16601,16956,17311,17666,18021,18376,18731,19086,19441,19796,20151,20506,20861,21216,21571,21926,22281,22636,22991,23346,23701,24056,24411,24766,25121,25476,25831,26186,26541,26896,27251,27606,27961,28316,28671,29026,29381,29736,29820,30091,30446,30801,31156,31511,31866,32221,32576,32931,33286,33641,33996,34351,34706,35061,35416,35771,36126,36481,36836,37191,37546,37901,38256,38611,38966,39321,39676,40031,40386,40741,41096,41451,41806,42161,42516,42871,43226,43581,43936,44291,44646,45001,45356,45711,46066,46421,46776,47131,47486,47841,48196,48551,48906,49261,49616,49971,50326,50681,51036,51391,51746,52101,52456,52811,53166,53521,53876,54231,54586,54941,55296,55651,56006,56361,56716,57071,57426,57781,58136,58491,58846,59201,59556,59911,60266,60621,60976,61331,61686,62041,62396,62751,-62919,-62564,-62209,-61854,-61499,-61144,-60789,-60434,-60079,-59724,-59369,-59014,-58659,-58304,-57949,-57594,-57239,-56884,-56529,-56174,-55819,-55464,-55109,-54754,-54399,-54044,-53689,-53334,-52979,-52624,-52269,-51914,-51559,-51204,-50849,-50494,-50139,-49784,-49429,-49074,-48719,-48364,-48009,-47654,-47299,-46944,-46589,-46234,-45879,-45524,-45169,-44814,-44459,-44104,-43749,-43394,-43039,-42684,-42329,-41974,-41619,-41264,-40909,-40554,-40199,-39844,-39489,-39134,-38779,-38424,-38069,-37714,-37359,-37004,-36649,-36294,-35939,-35584,-35229,-34874,-34519,-34164,-33809,-33454,-33099,-32744,-32389,-32034,-31679,-31324,-30969,-30614,-30259,-29904,-29549,-29194,-28839,-28484,-28129,-27774,-27419,-27064,-26709,-26354,-25999,-25644,-25289,-24934,-24579,-24224,-23869,-23514,-23159,-22804,-22449,-22094,-21739,-21384,-21029,-20674,-20319,-19964,-19609,-19254,-18899,-18544,-18189,-17834,-17479,-17124,-16769,-16414,-16059,-15704,-15349,-14994,-14639,-14284,-13929,-13574,-13219,-12864,-12509,-12154,-11799,-11444,-11089,-10734,-10379,-10024,-9669,-9314,-8959,-8604,-8249,-7894,-7539,-7184,-6829,-6474,-6119,-5764,-5409,-5054,-4699,-4344,-3989,-3634,-3279,-2924,-2569,-2214,-1859,-1504,-1149,-794,-439,-84,MAX=-62919
272,627,982,1337,1692,2047,2402,2757,3112,3467,3822,4177,4532,4887,5242,5597,5952,6307,6662,7017,7372,7727,8082,8437,8792,9147,9502,9857,10212,10567,10922,11277,11632,11987,12342,12697,13052,13407,13762,14117,14472,14827,15182,15537,15892,16247,16602,16957,17312,17667,18022,18377,18732,19087,19442,19797,20152,20507,20862,21217,21572,21927,22282,22637,22992,23347,23702,24057,24412,24767,25122,25477,25832,26187,26542,26897,27252,27607,27962,28317,28672,29027,29382,29465,29737,30092,30447,30802,31157,31512,31867,32222,32577,32932,33287,33642,33997,34352,34707,35062,35417,35772,36127,36482,36837,37192,37547,37902,38257,38612,38967,39322,39677,40032,40387,40742,41097,41452,41807,42162,42517,42872,43227,43582,43937,44292,44647,45002,45357,45712,46067,46422,46777,47132,47487,47842,48197,48552,48907,49262,49617,49972,50327,50682,51037,51392,51747,52102,52457,52812,53167,53522,53877,54232,54587,54942,55297,55652,56007,56362,56717,57072,57427,57782,58137,58492,58847,59202,59557,59912,60267,60622,60977,61332,61687,62042,62397,62752,-62918,-62563,-62208,-61853,-61498,-61143,-60788,-60433,-60078,-59723,-59368,-59013,-58658,-58303,-57948,-57593,-57238,-56883,-56528,-56173,-55818,-55463,-55108,-54753,-54398,-54043,-53688,-53333,-52978,-52623,-52268,-51913,-51558,-51203,-50848,-50493,-50138,-49783,-49428,-49073,-48718,-48363,-48008,-47653,-47298,-46943,-46588,-46233,-45878,-45523,-45168,-44813,-44458,-44103,-43748,-43393,-43038,-42683,-42328,-41973,-41618,-41263,-40908,-40553,-40198,-39843,-39488,-39133,-38778,-38423,-38068,-37713,-37358,-37003,-36648,-36293,-35938,-35583,-35228,-34873,-34518,-34163,-33808,-33453,-33098,-32743,-32388,-32033,-31678,-31323,-30968,-30613,-30258,-29903,-29548,-29193,-28838,-28483,-28128,-27773,-27418,-27063,-26708,-26353,-25998,-25643,-25288,-24933,-24578,-24223,-23868,-23513,-23158,-22803,-22448,-22093,-21738,-21383,-21028,-20673,-20318,-19963,-19608,-19253,-18898,-18543,-18188,-17833,-17478,-17123,-16768,-16413,-16058,-15703,-15348,-14993,-14638,-14283,-13928,-13573,-13218,-12863,-12508,-12153,-11798,-11443,-11088,-10733,-10378,-10023,-9668,-9313,-8958,-8603,-8248,-7893,-7538,-7183,-6828,-6473,-6118,-5763,-5408,-5053,-4698,-4343,-3988,-3633,-3278,-2923,-2568,-2213,-1858,-1503,-1148,-793,-438,-83,MAX=-62918
273,628,983,1338,1693,2048,2403,2758,3113,3468,3823,4178,4533,4888,5243,5598,5953,6308,6663,7018,7373,7728,8083,8438,8793,9148,9503,9858,10213,10568,10923,11278,11633,11988,12343,12698,13053,13408,13763,14118,14473,14828,15183,15538,15893,16248,16603,16958,17313,17668,18023,18378,18733,19088,19443,19798,20153,20508,20863,21218,21573,21928,22283,22638,22993,23348,23703,24058,24413,24768,25123,25478,25833,26188,26543,26898,27253,27608,27963,28318,28673,29028,29110,29383,29738,30093,30448,30803,31158,31513,31868,32223,32578,32933,33288,33643,33998,34353,34708,35063,35418,35773,36128,36483,36838,37193,37548,37903,38258,38613,38968,39323,39678,40033,40388,40743,41098,41453,41808,42163,42518,42873,43228,43583,43938,44293,44648,45003,45358,45713,46068,46423,46778,47133,47488,47843,48198,48553,48908,49263,49618,49973,50328,50683,51038,51393,51748,52103,52458,52813,53168,53523,53878,54233,54588,54943,55298,55653,56008,56363,56718,57073,57428,57783,58138,58493,58848,59203,59558,59913,60268,60623,60978,61333,61688,62043,62398,62753,-62917,-62562,-62207,-61852,-61497,-61142,-60787,-60432,-60077,-59722,-59367,-59012,-58657,-58302,-57947,-57592,-57237,-56882,-56527,-56172,-55817,-55462,-55107,-54752,-54397,-54042,-53687,-53332,-52977,-52622,-52267,-51912,-51557,-51202,-50847,-50492,-50137,-49782,-49427,-49072,-48717,-48362,-48007,-47652,-47297,-46942,-46587,-46232,-45877,-45522,-45167,-44812,-44457,-44102,-43747,-43392,-43037,-42682,-42327,-41972,-41617,-41262,-40907,-40552,-40197,-39842,-39487,-39132,-38777,-38422,-38067,-37712,-37357,-37002,-36647,-36292,-35937,-35582,-35227,-34872,-34517,-34162,-33807,-33452,-33097,-32742,-32387,-32032,-31677,-31322,-30967,-30612,-30257,-29902,-29547,-29192,-28837,-28482,-28127,-27772,-27417,-27062,-26707,-26352,-25997,-25642,-25287,-24932,-24577,-24222,-23867,-23512,-23157,-22802,-22447,-22092,-21737,-21382,-21027,-20672,-20317,-19962,-19607,-19252,-18897,-18542,-18187,-17832,-17477,-17122,-16767,-16412,-16057,-15702,-15347,-14992,-14637,-14282,-13927,-13572,-13217,-12862,-12507,-12152,-11797,-11442,-11087,-10732,-10377,-10022,-9667,-9312,-8957,-8602,-8247,-7892,-7537,-7182,-6827,-6472,-6117,-5762,-5407,-5052,-4697,-4342,-3987,-3632,-3277,-2922,-2567,-2212,-1857,-1502,-1147,-792,-437,-82,MAX=-62917
274,629,984,1339,1694,2049,2404,2759,3114,3469,3824,4179,4534,4889,5244,5599,5954,6309,6664,7019,7374,7729,8084,8439,8794,9149,9504,9859,10214,10569,10924,11279,11634,11989,12344,12699,13054,13409,13764,14119,14474,14829,15184,15539,15894,16249,16604,16959,17314,17669,18024,18379,18734,19089,19444,19799,20154,20509,20864,21219,21574,21929,22284,22639,22994,23349,23704,24059,24414,24769,25124,25479,25834,26189,26544,26899,27254,27609,27964,28319,28674,28755,29029,29384,29739,30094,30449,30804,31159,31514,31869,32224,32579,32934,33289,33644,33999,34354,34709,35064,35419,35774,36129,36484,36839,37194,37549,37904,38259,38614,38969,39324,39679,40034,40389,40744,41099,41454,41809,42164,42519,42874,43229,43584,43939,44294,44649,45004,45359,45714,46069,46424,46779,47134,47489,47844,48199,48554,48909,49264,49619,49974,50329,50684,51039,51394,51749,52104,52459,52814,53169,53524,53879,54234,54589,54944,55299,55654,56009,56364,56719,57074,57429,57784,58139,58494,58849,59204,59559,59914,60269,60624,60979,61334,61689,62044,62399,62754,-62916,-62561,-62206,-61851,-61496,-61141,-60786,-60431,-60076,-59721,-59366,-59011,-58656,-58301,-57946,-57591,-57236,-56881,-56526,-56171,-55816,-55461,-55106,-54751,-54396,-54041,-53686,-53331,-52976,-52621,-52266,-51911,-51556,-51201,-50846,-50491,-50136,-49781,-49426,-49071,-48716,-48361,-48006,-47651,-47296,-46941,-46586,-46231,-45876,-45521,-45166,-44811,-44456,-44101,-43746,-43391,-43036,-42681,-42326,-41971,-41616,-41261,-40906,-40551,-40196,-39841,-39486,-39131,-38776,-38421,-38066,-37711,-37356,-37001,-36646,-36291,-35936,-35581,-35226,-34871,-34516,-34161,-33806,-33451,-33096,-32741,-32386,-32031,-31676,-31321,-30966,-30611,-30256,-29901,-29546,-29191,-28836,-28481,-28126,-27771,-27416,-27061,-26706,-26351,-25996,-25641,-25286,-24931,-24576,-24221,-23866,-23511,-23156,-22801,-22446,-22091,-21736,-21381,-21026,-20671,-20316,-19961,-19606,-19251,-18896,-18541,-18186,-17831,-17476,-17121,-16766,-16411,-16056,-15701,-15346,-14991,-14636,-14281,-13926,-13571,-13216,-12861,-12506,-12151,-11796,-11441,-11086,-10731,-10376,-10021,-9666,-9311,-8956,-8601,-8246,-7891,-7536,-7181,-6826,-6471,-6116,-5761,-5406,-5051,-4696,-4341,-3986,-3631,-3276,-2921,-2566,-2211,-1856,-1501,-1146,-791,-436,-81,MAX=-62916
275,630,985,1340,1695,2050,2405,2760,3115,3470,3825,4180,4535,4890,5245,5600,5955,6310,6665,7020,7375,7730,8085,8440,8795,9150,9505,9860,10215,10570,10925,11280,11635,11990,12345,12700,13055,13410,13765,14120,14475,14830,15185,15540,15895,16250,16605,16960,17315,17670,18025,18380,18735,19090,19445,19800,20155,20510,20865,21220,21575,21930,22285,22640,22995,23350,23705,24060,24415,24770,25125,25480,25835,26190,26545,26900,27255,27610,27965,28320,28400,28675,29030,29385,29740,30095,30450,30805,31160,31515,31870,32225,32580,32935,33290,33645,34000,34355,34710,35065,35420,35775,36130,36485,36840,37195,37550,37905,38260,38615,38970,39325,39680,40035,40390,40745,41100,41455,41810,42165,42520,42875,43230,43585,43940,44295,44650,45005,45360,45715,46070,46425,46780,47135,47490,47845,48200,48555,48910,49265,49620,49975,50330,50685,51040,51395,51750,52105,52460,52815,53170,53525,53880,54235,54590,54945,55300,55655,56010,56365,56720,57075,57430,57785,58140,58495,58850,59205,59560,59915,60270,60625,60980,61335,61690,62045,62400,62755,-62915,-62560,-62205,-61850,-61495,-61140,-60785,-60430,-60075,-59720,-59365,-59010,-58655,-58300,-57945,-57590,-57235,-56880,-56525,-56170,-55815,-55460,-55105,-54750,-54395,-54040,-53685,-53330,-52975,-52620,-52265,-51910,-51555,-51200,-50845,-50490,-50135,-49780,-49425,-49070,-48715,-48360,-48005,-47650,-47295,-46940,-46585,-46230,-45875,-45520,-45165,-44810,-44455,-44100,-43745,-43390,-43035,-42680,-42325,-41970,-41615,-41260,-40905,-40550,-40195,-39840,-39485,-39130,-38775,-38420,-38065,-37710,-37355,-37000,-36645,-36290,-35935,-35580,-35225,-34870,-34515,-34160,-33805,-33450,-33095,-32740,-32385,-32030,-31675,-31320,-30965,-30610,-30255,-29900,-29545,-29190,-28835,-28480,-28125,-27770,-27415,-27060,-26705,-26350,-25995,-25640,-25285,-24930,-24575,-24220,-23865,-23510,-23155,-22800,-22445,-22090,-21735,-21380,-21025,-20670,-20315,-19960,-19605,-19250,-18895,-18540,-18185,-17830,-17475,-17120,-16765,-16410,-16055,-15700,-15345,-14990,-14635,-14280,-13925,-13570,-13215,-12860,-12505,-12150,-11795,-11440,-11085,-10730,-10375,-10020,-9665,-9310,-8955,-8600,-8245,-7890,-7535,-7180,-6825,-6470,-6115,-5760,-5405,-5050,-4695,-4340,-3985,-3630,-3275,-2920,-2565,-2210,-1855,-1500,-1145,-790,-435,-80,MAX=-62915
276,631,986,1341,1696,2051,2406,2761,3116,3471,3826,4181,4536,4891,5246,5601,5956,6311,6666,7021,7376,7731,8086,8441,8796,9151,9506,9861,10216,10571,10926,11281,11636,11991,12346,12701,13056,13411,13766,14121,14476,14831,15186,15541,15896,16251,16606,16961,17316,17671,18026,18381,18736,19091,19446,19801,20156,20511,20866,21221,21576,21931,22286,22641,22996,23351,23706,24061,24416,24771,25126,25481,25836,26191,26546,26901,27256,27611,27966,28045,28321,28676,29031,29386,29741,30096,30451,30806,31161,31516,31871,32226,32581,32936,33291,33646,34001,34356,34711,35066,35421,35776,36131,36486,36841,37196,37551,37906,38261,38616,38971,39326,39681,40036,40391,40746,41101,41456,41811,42166,42521,42876,43231,43586,43941,44296,44651,45006,45361,45716,46071,46426,46781,47136,47491,47846,48201,48556,48911,49266,49621,49976,50331,50686,51041,51396,51751,52106,52461,52816,53171,53526,53881,54236,54591,54946,55301,55656,56011,56366,56721,57076,57431,57786,58141,58496,58851,59206,59561,59916,60271,60626,60981,61336,61691,62046,62401,62756,-62914,-62559,-62204,-61849,-61494,-61139,-60784,-60429,-60074,-59719,-59364,-59009,-58654,-58299,-57944,-57589,-57234,-56879,-56524,-56169,-55814,-55459,-55104,-54749,-54394,-54039,-53684,-53329,-52974,-52619,-52264,-51909,-51554,-51199,-50844,-50489,-50134,-49779,-49424,-49069,-48714,-48359,-48004,-47649,-47294,-46939,-46584,-46229,-45874,-45519,-45164,-44809,-44454,-44099,-43744,-43389,-43034,-42679,-42324,-41969,-41614,-41259,-40904,-40549,-40194,-39839,-39484,-39129,-38774,-38419,-38064,-37709,-37354,-36999,-36644,-36289,-35934,-35579,-35224,-34869,-34514,-34159,-33804,-33449,-33094,-32739,-32384,-32029,-31674,-31319,-30964,-30609,-30254,-29899,-29544,-29189,-28834,-28479,-28124,-27769,-27414,-27059,-26704,-26349,-25994,-25639,-25284,-24929,-24574,-24219,-23864,-23509,-23154,-22799,-22444,-22089,-21734,-21379,-21024,-20669,-20314,-19959,-19604,-19249,-18894,-18539,-18184,-17829,-17474,-17119,-16764,-16409,-16054,-15699,-15344,-14989,-14634,-14279,-13924,-13569,-13214,-12859,-12504,-12149,-11794,-11439,-11084,-10729,-10374,-10019,-9664,-9309,-8954,-8599,-8244,-7889,-7534,-7179,-6824,-6469,-6114,-5759,-5404,-5049,-4694,-4339,-3984,-3629,-3274,-2919,-2564,-2209,-1854,-1499,-1144,-789,-434,-79,MAX=-62914
277,632,987,1342,1697,2052,2407,2762,3117,3472,3827,4182,4537,4892,5247,5602,5957,6312,6667,7022,7377,7732,8087,8442,8797,9152,9507,9862,10217,10572,10927,11282,11637,11992,12347,12702,13057,13412,13767,14122,14477,14832,15187,15542,15897,16252,16607,16962,17317,17672,18027,18382,18737,19092,19447,19802,20157,20512,20867,21222,21577,21932,22287,22642,22997,23352,23707,24062,24417,24772,25127,25482,25837,26192,26547,26902,27257,27612,27690,27967,28322,28677,29032,29387,29742,30097,30452,30807,31162,31517,31872,32227,32582,32937,33292,33647,34002,34357,34712,35067,35422,35777,36132,36487,36842,37197,37552,37907,38262,38617,38972,39327,39682,40037,40392,40747,41102,41457,41812,42167,42522,42877,43232,43587,43942,44297,44652,45007,45362,45717,46072,46427,46782,47137,47492,47847,48202,48557,48912,49267,49622,49977,50332,50687,51042,51397,51752,52107,52462,52817,53172,53527,53882,54237,54592,54947,55302,55657,56012,56367,56722,57077,57432,57787,58142,58497,58852,59207,59562,59917,60272,60627,60982,61337,61692,62047,62402,62757,-62913,-62558,-62203,-61848,-61493,-61138,-60783,-60428,-60073,-59718,-59363,-59008,-58653,-58298,-57943,-57588,-57233,-56878,-56523,-56168,-55813,-55458,-55103,-54748,-54393,-54038,-53683,-53328,-52973,-52618,-52263,-51908,-51553,-51198,-50843,-50488,-50133,-49778,-49423,-49068,-48713,-48358,-48003,-47648,-47293,-46938,-46583,-46228,-45873,-45518,-45163,-44808,-44453,-44098,-43743,-43388,-43033,-42678,-42323,-41968,-41613,-41258,-40903,-40548,-40193,-39838,-39483,-39128,-38773,-38418,-38063,-37708,-37353,-36998,-36643,-36288,-35933,-35578,-35223,-34868,-34513,-34158,-33803,-33448,-33093,-32738,-32383,-32028,-31673,-31318,-30963,-30608,-30253,-29898,-29543,-29188,-28833,-28478,-28123,-27768,-27413,-27058,-26703,-26348,-25993,-25638,-25283,-24928,-24573,-24218,-23863,-23508,-23153,-22798,-22443,-22088,-21733,-21378,-21023,-20668,-20313,-19958,-19603,-19248,-18893,-18538,-18183,-17828,-17473,-17118,-16763,-16408,-16053,-15698,-15343,-14988,-14633,-14278,-13923,-13568,-13213,-12858,-12503,-12148,-11793,-11438,-11083,-10728,-10373,-10018,-9663,-9308,-8953,-8598,-8243,-7888,-7533,-7178,-6823,-6468,-6113,-5758,-5403,-5048,-4693,-4338,-3983,-3628,-3273,-2918,-2563,-2208,-1853,-1498,-1143,-788,-433,-78,MAX=-62913
278,633,988,1343,1698,2053,2408,2763,3118,3473,3828,4183,4538,4893,5248,5603,5958,6313,6668,7023,7378,7733,8088,8443,8798,9153,9508,9863,10218,10573,10928,11283,11638,11993,12348,12703,13058,13413,13768,14123,14478,14833,15188,15543,15898,16253,16608,16963,17318,17673,18028,18383,18738,19093,19448,19803,20158,20513,20868,21223,21578,21933,22288,22643,22998,23353,23708,24063,24418,24773,25128,25483,25838,26193,26548,26903,27258,27335,27613,27968,28323,28678,29033,29388,29743,30098,30453,30808,31163,31518,31873,32228,32583,32938,33293,33648,34003,34358,34713,35068,35423,35778,36133,36488,36843,37198,37553,37908,38263,38618,38973,39328,39683,40038,40393,40748,41103,41458,41813,42168,42523,42878,43233,43588,43943,44298,44653,45008,45363,45718,46073,46428,46783,47138,47493,47848,48203,48558,48913,49268,49623,49978,50333,50688,51043,51398,51753,52108,52463,52818,53173,53528,53883,54238,54593,54948,55303,55658,56013,56368,56723,57078,57433,57788,58143,58498,58853,59208,59563,59918,60273,60628,60983,61338,61693,62048,62403,62758,-62912,-62557,-62202,-61847,-61492,-61137,-60782,-60427,-60072,-59717,-59362,-59007,-58652,-58297,-57942,-57587,-57232,-56877,-56522,-56167,-55812,-55457,-55102,-54747,-54392,-54037,-53682,-53327,-52972,-52617,-52262,-51907,-51552,-51197,-50842,-50487,-50132,-49777,-49422,-49067,-48712,-48357,-48002,-47647,-47292,-46937,-46582,-46227,-45872,-45517,-45162,-44807,-44452,-44097,-43742,-43387,-43032,-42677,-42322,-41967,-41612,-41257,-40902,-40547,-40192,-39837,-39482,-39127,-38772,-38417,-38062,-37707,-37352,-36997,-36642,-36287,-35932,-35577,-35222,-34867,-34512,-34157,-33802,-33447,-33092,-32737,-32382,-32027,-31672,-31317,-30962,-30607,-30252,-29897,-29542,-29187,-28832,-28477,-28122,-27767,-27412,-27057,-26702,-26347,-25992,-25637,-25282,-24927,-24572,-24217,-23862,-23507,-23152,-22797,-22442,-22087,-21732,-21377,-21022,-20667,-20312,-19957,-19602,-19247,-18892,-18537,-18182,-17827,-17472,-17117,-16762,-16407,-16052,-15697,-15342,-14987,-14632,-14277,-13922,-13567,-13212,-12857,-12502,-12147,-11792,-11437,-11082,-10727,-10372,-10017,-9662,-9307,-8952,-8597,-8242,-7887,-7532,-7177,-6822,-6467,-6112,-5757,-5402,-5047,-4692,-4337,-3982,-3627,-3272,-2917,-2562,-2207,-1852,-1497,-1142,-787,-432,-77,MAX=-62912
279,634,989,1344,1699,2054,2409,2764,3119,3474,3829,4184,4539,4894,5249,5604,5959,6314,6669,7024,7379,7734,8089,8444,8799,9154,9509,9864,10219,10574,10929,11284,11639,11994,12349,12704,13059,13414,13769,14124,14479,14834,15189,15544,15899,16254,16609,16964,17319,17674,18029,18384,18739,19094,19449,19804,20159,20514,20869,21224,21579,21934,22289,22644,22999,23354,23709,24064,24419,24774,25129,25484,25839,26194,26549,26904,26980,27259,27614,27969,28324,28679,29034,29389,29744,30099,30454,30809,31164,31519,31874,32229,32584,32939,33294,33649,34004,34359,34714,35069,35424,35779,36134,36489,36844,37199,37554,37909,38264,38619,38974,39329,39684,40039,40394,40749,41104,41459,41814,42169,42524,42879,43234,43589,43944,44299,44654,45009,45364,45719,46074,46429,46784,47139,47494,47849,48204,48559,48914,49269,49624,49979,50334,50689,51044,51399,51754,52109,52464,52819,53174,53529,53884,54239,54594,54949,55304,55659,56014,56369,56724,57079,57434,57789,58144,58499,58854,59209,59564,59919,60274,60629,60984,61339,61694,62049,62404,62759,-62911,-62556,-62201,-61846,-61491,-61136,-60781,-60426,-60071,-59716,-59361,-59006,-58651,-58296,-57941,-57586,-57231,-56876,-56521,-56166,-55811,-55456,-55101,-54746,-54391,-54036,-53681,-53326,-52971,-52616,-52261,-51906,-51551,-51196,-50841,-50486,-50131,-49776,-49421,-49066,-48711,-48356,-48001,-47646,-47291,-46936,-46581,-46226,-45871,-45516,-45161,-44806,-44451,-44096,-43741,-43386,-43031,-42676,-42321,-41966,-41611,-41256,-40901,-40546,-40191,-39836,-39481,-39126,-38771,-38416,-38061,-37706,-37351,-36996,-36641,-36286,-35931,-35576,-35221,-34866,-34511,-34156,-33801,-33446,-33091,-32736,-32381,-32026,-31671,-31316,-30961,-30606,-30251,-29896,-29541,-29186,-28831,-28476,-28121,-27766,-27411,-27056,-26701,-26346,-25991,-25636,-25281,-24926,-24571,-24216,-23861,-23506,-23151,-22796,-22441,-22086,-21731,-21376,-21021,-20666,-20311,-19956,-19601,-19246,-18891,-18536,-18181,-17826,-17471,-17116,-16761,-16406,-16051,-15696,-15341,-14986,-14631,-14276,-13921,-13566,-13211,-12856,-12501,-12146,-11791,-11436,-11081,-10726,-10371,-10016,-9661,-9306,-8951,-8596,-8241,-7886,-7531,-7176,-6821,-6466,-6111,-5756,-5401,-5046,-4691,-4336,-3981,-3626,-3271,-2916,-2561,-2206,-1851,-1496,-1141,-786,-431,-76,MAX=-62911
280,635,990,1345,1700,2055,2410,2765,3120,3475,3830,4185,4540,4895,5250,5605,5960,6315,6670,7025,7380,7735,8090,8445,8800,9155,9510,9865,10220,10575,10930,11285,11640,11995,12350,12705,13060,13415,13770,14125,14480,14835,15190,15545,15900,16255,16610,16965,17320,17675,18030,18385,18740,19095,19450,19805,20160,20515,20870,21225,21580,21935,22290,22645,23000,23355,23710,24065,24420,24775,25130,25485,25840,26195,26550,26625,26905,27260,27615,27970,28325,28680,29035,29390,29745,30100,30455,30810,31165,31520,31875,32230,32585,32940,33295,33650,34005,34360,34715,35070,35425,35780,36135,36490,36845,37200,37555,37910,38265,38620,38975,39330,39685,40040,40395,40750,41105,41460,41815,42170,42525,42880,43235,43590,43945,44300,44655,45010,45365,45720,46075,46430,46785,47140,47495,47850,48205,48560,48915,49270,49625,49980,50335,50690,51045,51400,51755,52110,52465,52820,53175,53530,53885,54240,54595,54950,55305,55660,56015,56370,56725,57080,57435,57790,58145,58500,58855,59210,59565,59920,60275,60630,60985,61340,61695,62050,62405,62760,-62910,-62555,-62200,-61845,-61490,-61135,-60780,-60425,-60070,-59715,-59360,-59005,-58650,-58295,-57940,-57585,-57230,-56875,-56520,-56165,-55810,-55455,-55100,-54745,-54390,-54035,-53680,-53325,-52970,-52615,-52260,-51905,-51550,-51195,-50840,-50485,-50130,-49775,-49420,-49065,-48710,-48355,-48000,-47645,-47290,-46935,-46580,-46225,-45870,-45515,-45160,-44805,-44450,-44095,-43740,-43385,-43030,-42675,-42320,-41965,-41610,-41255,-40900,-40545,-40190,-39835,-39480,-39125,-38770,-38415,-38060,-37705,-37350,-36995,-36640,-36285,-35930,-35575,-35220,-34865,-34510,-34155,-33800,-33445,-33090,-32735,-32380,-32025,-31670,-31315,-30960,-30605,-30250,-29895,-29540,-29185,-28830,-28475,-28120,-27765,-27410,-27055,-26700,-26345,-25990,-25635,-25280,-24925,-24570,-24215,-23860,-23505,-23150,-22795,-22440,-22085,-21730,-21375,-21020,-20665,-20310,-19955,-19600,-19245,-18890,-18535,-18180,-17825,-17470,-17115,-16760,-16405,-16050,-15695,-15340,-14985,-14630,-14275,-13920,-13565,-13210,-12855,-12500,-12145,-11790,-11435,-11080,-10725,-10370,-10015,-9660,-9305,-8950,-8595,-8240,-7885,-7530,-7175,-6820,-6465,-6110,-5755,-5400,-5045,-4690,-4335,-3980,-3625,-3270,-2915,-2560,-2205,-1850,-1495,-1140,-785,-430,-75,MAX=-62910
281,636,991,1346,1701,2056,2411,2766,3121,3476,3831,4186,4541,4896,5251,5606,5961,6316,6671,7026,7381,7736,8091,8446,8801,9156,9511,9866,10221,10576,10931,11286,11641,11996,12351,12706,13061,13416,13771,14126,14481,14836,15191,15546,15901,16256,16611,16966,17321,17676,18031,18386,18741,19096,19451,19806,20161,20516,20871,21226,21581,21936,22291,22646,23001,23356,23711,24066,24421,24776,25131,25486,25841,26196,26270,26551,26906,27261,27616,27971,28326,28681,29036,29391,29746,30101,30456,30811,31166,31521,31876,32231,32586,32941,33296,33651,34006,34361,34716,35071,35426,35781,36136,36491,36846,37201,37556,37911,38266,38621,38976,39331,39686,40041,40396,40751,41106,41461,41816,42171,42526,42881,43236,43591,43946,44301,44656,45011,45366,45721,46076,46431,46786,47141,47496,47851,48206,48561,48916,49271,49626,49981,50336,50691,51046,51401,51756,52111,52466,52821,53176,53531,53886,54241,54596,54951,55306,55661,56016,56371,56726,57081,57436,57791,58146,58501,58856,59211,59566,59921,60276,60631,60986,61341,61696,62051,62406,62761,-62909,-62554,-62199,-61844,-61489,-61134,-60779,-60424,-60069,-59714,-59359,-59004,-58649,-58294,-57939,-57584,-57229,-56874,-56519,-56164,-55809,-55454,-55099,-54744,-54389,-54034,-53679,-53324,-52969,-52614,-52259,-51904,-51549,-51194,-50839,-50484,-50129,-49774,-49419,-49064,-48709,-48354,-47999,-47644,-47289,-46934,-46579,-46224,-45869,-45514,-45159,-44804,-44449,-44094,-43739,-43384,-43029,-42674,-42319,-41964,-41609,-41254,-40899,-40544,-40189,-39834,-39479,-39124,-38769,-38414,-38059,-37704,-37349,-36994,-36639,-36284,-35929,-35574,-35219,-34864,-34509,-34154,-33799,-33444,-33089,-32734,-32379,-32024,-31669,-31314,-30959,-30604,-30249,-29894,-29539,-29184,-28829,-28474,-28119,-27764,-27409,-27054,-26699,-26344,-25989,-25634,-25279,-24924,-24569,-24214,-23859,-23504,-23149,-22794,-22439,-22084,-21729,-21374,-21019,-20664,-20309,-19954,-19599,-19244,-18889,-18534,-18179,-17824,-17469,-17114,-16759,-16404,-16049,-15694,-15339,-14984,-14629,-14274,-13919,-13564,-13209,-12854,-12499,-12144,-11789,-11434,-11079,-10724,-10369,-10014,-9659,-9304,-8949,-8594,-8239,-7884,-7529,-7174,-6819,-6464,-6109,-5754,-5399,-5044,-4689,-4334,-3979,-3624,-3269,-2914,-2559,-2204,-1849,-1494,-1139,-784,-429,-74,MAX=-62909
282,637,992,1347,1702,2057,2412,2767,3122,3477,3832,4187,4542,4897,5252,5607,5962,6317,6672,7027,7382,7737,8092,8447,8802,9157,9512,9867,10222,10577,10932,11287,11642,11997,12352,12707,13062,13417,13772,14127,14482,14837,15192,15547,15902,16257,16612,16967,17322,17677,18032,18387,18742,19097,19452,19807,20162,20517,20872,21227,21582,21937,22292,22647,23002,23357,23712,24067,24422,24777,25132,25487,25842,25915,26197,26552,26907,27262,27617,27972,28327,28682,29037,29392,29747,30102,30457,30812,31167,31522,31877,32232,32587,32942,33297,33652,34007,34362,34717,35072,35427,35782,36137,36492,36847,37202,37557,37912,38267,38622,38977,39332,39687,40042,40397,40752,41107,41462,41817,42172,42527,42882,43237,43592,43947,44302,44657,45012,45367,45722,46077,46432,46787,47142,47497,47852,48207,48562,48917,49272,49627,49982,50337,50692,51047,51402,51757,52112,52467,52822,53177,53532,53887,54242,54597,54952,55307,55662,56017,56372,56727,57082,57437,57792,58147,58502,58857,59212,59567,59922,60277,60632,60987,61342,61697,62052,62407,62762,-62908,-62553,-62198,-61843,-61488,-61133,-60778,-60423,-60068,-59713,-59358,-59003,-58648,-58293,-57938,-57583,-57228,-56873,-56518,-56163,-55808,-55453,-55098,-54743,-54388,-54033,-53678,-53323,-52968,-52613,-52258,-51903,-51548,-51193,-50838,-50483,-50128,-49773,-49418,-49063,-48708,-48353,-47998,-47643,-47288,-46933,-46578,-46223,-45868,-45513,-45158,-44803,-44448,-44093,-43738,-43383,-43028,-42673,-42318,-41963,-41608,-41253,-40898,-40543,-40188,-39833,-39478,-39123,-38768,-38413,-38058,-37703,-37348,-36993,-36638,-36283,-35928,-35573,-35218,-34863,-34508,-34153,-33798,-33443,-33088,-32733,-32378,-32023,-31668,-31313,-30958,-30603,-30248,-29893,-29538,-29183,-28828,-28473,-28118,-27763,-27408,-27053,-26698,-26343,-25988,-25633,-25278,-24923,-24568,-24213,-23858,-23503,-23148,-22793,-22438,-22083,-21728,-21373,-21018,-20663,-20308,-19953,-19598,-19243,-18888,-18533,-18178,-17823,-17468,-17113,-16758,-16403,-16048,-15693,-15338,-14983,-14628,-14273,-13918,-13563,-13208,-12853,-12498,-12143,-11788,-11433,-11078,-10723,-10368,-10013,-9658,-9303,-8948,-8593,-8238,-7883,-7528,-7173,-6818,-6463,-6108,-5753,-5398,-5043,-4688,-4333,-3978,-3623,-3268,-2913,-2558,-2203,-1848,-1493,-1138,-783,-428,-73,MAX=-62908
283,638,993,1348,1703,2058,2413,2768,3123,3478,3833,4188,4543,4898,5253,5608,5963,6318,6673,7028,7383,7738,8093,8448,8803,9158,9513,9868,10223,10578,10933,11288,11643,11998,12353,12708,13063,13418,13773,14128,14483,14838,15193,15548,15903,16258,16613,16968,17323,17678,18033,18388,18743,19098,19453,19808,20163,20518,20873,21228,21583,21938,22293,22648,23003,23358,23713,24068,24423,24778,25133,25488,25560,25843,26198,26553,26908,27263,27618,27973,28328,28683,29038,29393,29748,30103,30458,30813,31168,31523,31878,32233,32588,32943,33298,33653,34008,34363,34718,35073,35428,35783,36138,36493,36848,37203,37558,37913,38268,38623,38978,39333,39688,40043,40398,40753,41108,41463,41818,42173,42528,42883,43238,43593,43948,44303,44658,45013,45368,45723,46078,46433,46788,47143,47498,47853,48208,48563,48918,49273,49628,49983,50338,50693,51048,51403,51758,52113,52468,52823,53178,53533,53888,54243,54598,54953,55308,55663,56018,56373,56728,57083,57438,57793,58148,58503,58858,59213,59568,59923,60278,60633,60988,61343,61698,62053,62408,62763,-62907,-62552,-62197,-61842,-61487,-61132,-60777,-60422,-60067,-59712,-59357,-59002,-58647,-58292,-57937,-57582,-57227,-56872,-56517,-56162,-55807,-55452,-55097,-54742,-54387,-54032,-53677,-53322,-52967,-52612,-52257,-51902,-51547,-51192,-50837,-50482,-50127,-49772,-49417,-49062,-48707,-48352,-47997,-47642,-47287,-46932,-46577,-46222,-45867,-45512,-45157,-44802,-44447,-44092,-43737,-43382,-43027,-42672,-42317,-41962,-41607,-41252,-40897,-40542,-40187,-39832,-39477,-39122,-38767,-38412,-38057,-37702,-37347,-36992,-36637,-36282,-35927,-35572,-35217,-34862,-34507,-34152,-33797,-33442,-33087,-32732,-32377,-32022,-31667,-31312,-30957,-30602,-30247,-29892,-29537,-29182,-28827,-28472,-28117,-27762,-27407,-27052,-26697,-26342,-25987,-25632,-25277,-24922,-24567,-24212,-23857,-23502,-23147,-22792,-22437,-22082,-21727,-21372,-21017,-20662,-20307,-19952,-19597,-19242,-18887,-18532,-18177,-17822,-17467,-17112,-16757,-16402,-16047,-15692,-15337,-14982,-14627,-14272,-13917,-13562,-13207,-12852,-12497,-12142,-11787,-11432,-11077,-10722,-10367,-10012,-9657,-9302,-8947,-8592,-8237,-7882,-7527,-7172,-6817,-6462,-6107,-5752,-5397,-5042,-4687,-4332,-3977,-3622,-3267,-2912,-2557,-2202,-1847,-1492,-1137,-782,-427,-72,MAX=-62907
284,639,994,1349,1704,2059,2414,2769,3124,3479,3834,4189,4544,4899,5254,5609,5964,6319,6674,7029,7384,7739,8094,8449,8804,9159,9514,9869,10224,10579,10934,11289,11644,11999,12354,12709,13064,13419,13774,14129,14484,14839,15194,15549,15904,16259,16614,16969,17324,17679,18034,18389,18744,19099,19454,19809,20164,20519,20874,21229,21584,21939,22294,22649,23004,23359,23714,24069,24424,24779,25134,25205,25489,25844,26199,26554,26909,27264,27619,27974,28329,28684,29039,29394,29749,30104,30459,30814,31169,31524,31879,32234,32589,32944,33299,33654,34009,34364,34719,35074,35429,35784,36139,36494,36849,37204,37559,37914,38269,38624,38979,39334,39689,40044,40399,40754,41109,41464,41819,42174,42529,42884,43239,43594,43949,44304,44659,45014,45369,45724,46079,46434,46789,47144,47499,47854,48209,48564,48919,49274,49629,49984,50339,50694,51049,51404,51759,52114,52469,52824,53179,53534,53889,54244,54599,54954,55309,55664,56019,56374,56729,57084,57439,57794,58149,58504,58859,59214,59569,59924,60279,60634,60989,61344,61699,62054,62409,62764,-62906,-62551,-62196,-61841,-61486,-61131,-60776,-60421,-60066,-59711,-59356,-59001,-58646,-58291,-57936,-57581,-57226,-56871,-56516,-56161,-55806,-55451,-55096,-54741,-54386,-54031,-53676,-53321,-52966,-52611,-52256,-51901,-51546,-51191,-50836,-50481,-50126,-49771,-49416,-49061,-48706,-48351,-47996,-47641,-47286,-46931,-46576,-46221,-45866,-45511,-45156,-44801,-44446,-44091,-43736,-43381,-43026,-42671,-42316,-41961,-41606,-41251,-40896,-40541,-40186,-39831,-39476,-39121,-38766,-38411,-38056,-37701,-37346,-36991,-36636,-36281,-35926,-35571,-35216,-34861,-34506,-34151,-33796,-33441,-33086,-32731,-32376,-32021,-31666,-31311,-30956,-30601,-30246,-29891,-29536,-29181,-28826,-28471,-28116,-27761,-27406,-27051,-26696,-26341,-25986,-25631,-25276,-24921,-24566,-24211,-23856,-23501,-23146,-22791,-22436,-22081,-21726,-21371,-21016,-20661,-20306,-19951,-19596,-19241,-18886,-18531,-18176,-17821,-17466,-17111,-16756,-16401,-16046,-15691,-15336,-14981,-14626,-14271,-13916,-13561,-13206,-12851,-12496,-12141,-11786,-11431,-11076,-10721,-10366,-10011,-9656,-9301,-8946,-8591,-8236,-7881,-7526,-7171,-6816,-6461,-6106,-5751,-5396,-5041,-4686,-4331,-3976,-3621,-3266,-2911,-2556,-2201,-1846,-1491,-1136,-781,-426,-71,MAX=-62906
285,640,995,1350,1705,2060,2415,2770,3125,3480,3835,4190,4545,4900,5255,5610,5965,6320,6675,7030,7385,7740,8095,8450,8805,9160,9515,9870,10225,10580,10935,11290,11645,12000,12355,12710,13065,13420,13775,14130,14485,14840,15195,15550,15905,16260,16615,16970,17325,17680,18035,18390,18745,19100,19455,19810,20165,20520,20875,21230,21585,21940,22295,22650,23005,23360,23715,24070,24425,24780,24850,25135,25490,25845,26200,26555,26910,27265,27620,27975,28330,28685,29040,29395,29750,30105,30460,30815,31170,31525,31880,32235,32590,32945,33300,33655,34010,34365,34720,35075,35430,35785,36140,36495,36850,37205,37560,37915,38270,38625,38980,39335,39690,40045,40400,40755,41110,41465,41820,42175,42530,42885,43240,43595,43950,44305,44660,45015,45370,45725,46080,46435,46790,47145,47500,47855,48210,48565,48920,49275,49630,49985,50340,50695,51050,51405,51760,52115,52470,52825,53180,53535,53890,54245,54600,54955,55310,55665,56020,56375,56730,57085,57440,57795,58150,58505,58860,59215,59570,59925,60280,60635,60990,61345,61700,62055,62410,62765,-62905,-62550,-62195,-61840,-61485,-61130,-60775,-60420,-60065,-59710,-59355,-59000,-58645,-58290,-57935,-57580,-57225,-56870,-56515,-56160,-55805,-55450,-55095,-54740,-54385,-54030,-53675,-53320,-52965,-52610,-52255,-51900,-51545,-51190,-50835,-50480,-50125,-49770,-49415,-49060,-48705,-48350,-47995,-47640,-47285,-46930,-46575,-46220,-45865,-45510,-45155,-44800,-44445,-44090,-43735,-43380,-43025,-42670,-42315,-41960,-41605,-41250,-40895,-40540,-40185,-39830,-39475,-39120,-38765,-38410,-38055,-37700,-37345,-36990,-36635,-36280,-35925,-35570,-35215,-34860,-34505,-34150,-33795,-33440,-33085,-32730,-32375,-32020,-31665,-31310,-30955,-30600,-30245,-29890,-29535,-29180,-28825,-28470,-28115,-27760,-27405,-27050,-26695,-26340,-25985,-25630,-25275,-24920,-24565,-24210,-23855,-23500,-23145,-22790,-22435,-22080,-21725,-21370,-21015,-20660,-20305,-19950,-19595,-19240,-18885,-18530,-18175,-17820,-17465,-17110,-16755,-16400,-16045,-15690,-15335,-14980,-14625,-14270,-13915,-13560,-13205,-12850,-12495,-12140,-11785,-11430,-11075,-10720,-10365,-10010,-9655,-9300,-8945,-8590,-8235,-7880,-7525,-7170,-6815,-6460,-6105,-5750,-5395,-5040,-4685,-4330,-3975,-3620,-3265,-2910,-2555,-2200,-1845,-1490,-1135,-780,-425,-70,MAX=-62905
286,641,996,1351,1706,2061,2416,2771,3126,3481,3836,4191,4546,4901,5256,5611,5966,6321,6676,7031,7386,7741,8096,8451,8806,9161,9516,9871,10226,10581,10936,11291,11646,12001,12356,12711,13066,13421,13776,14131,14486,14841,15196,15551,15906,16261,16616,16971,17326,17681,18036,18391,18746,19101,19456,19811,20166,20521,20876,21231,21586,21941,22296,22651,23006,23361,23716,24071,24426,24495,24781,25136,25491,25846,26201,26556,26911,27266,27621,27976,28331,28686,29041,29396,29751,30106,30461,30816,31171,31526,31881,32236,32591,32946,33301,33656,34011,34366,34721,35076,35431,35786,36141,36496,36851,37206,37561,37916,38271,38626,38981,39336,39691,40046,40401,40756,41111,41466,41821,42176,42531,42886,43241,43596,43951,44306,44661,45016,45371,45726,46081,46436,46791,47146,47501,47856,48211,48566,48921,49276,49631,49986,50341,50696,51051,51406,51761,52116,52471,52826,53181,53536,53891,54246,54601,54956,55311,55666,56021,56376,56731,57086,57441,57796,58151,58506,58861,59216,59571,59926,60281,60636,60991,61346,61701,62056,62411,62766,-62904,-62549,-62194,-61839,-61484,-61129,-60774,-60419,-60064,-59709,-59354,-58999,-58644,-58289,-57934,-57579,-57224,-56869,-56514,-56159,-55804,-55449,-55094,-54739,-54384,-54029,-53674,-53319,-52964,-52609,-52254,-51899,-51544,-51189,-50834,-50479,-50124,-49769,-49414,-49059,-48704,-48349,-47994,-47639,-47284,-46929,-46574,-46219,-45864,-45509,-45154,-44799,-44444,-44089,-43734,-43379,-43024,-42669,-42314,-41959,-41604,-41249,-40894,-40539,-40184,-39829,-39474,-39119,-38764,-38409,-38054,-37699,-37344,-36989,-36634,-36279,-35924,-35569,-35214,-34859,-34504,-34149,-33794,-33439,-33084,-32729,-32374,-32019,-31664,-31309,-30954,-30599,-30244,-29889,-29534,-29179,-28824,-28469,-28114,-27759,-27404,-27049,-26694,-26339,-25984,-25629,-25274,-24919,-24564,-24209,-23854,-23499,-23144,-22789,-22434,-22079,-21724,-21369,-21014,-20659,-20304,-19949,-19594,-19239,-18884,-18529,-18174,-17819,-17464,-17109,-16754,-16399,-16044,-15689,-15334,-14979,-14624,-14269,-13914,-13559,-13204,-12849,-12494,-12139,-11784,-11429,-11074,-10719,-10364,-10009,-9654,-9299,-8944,-8589,-8234,-7879,-7524,-7169,-6814,-6459,-6104,-5749,-5394,-5039,-4684,-4329,-3974,-3619,-3264,-2909,-2554,-2199,-1844,-1489,-1134,-779,-424,-69,MAX=-62904
287,642,997,1352,1707,2062,2417,2772,3127,3482,3837,4192,4547,4902,5257,5612,5967,6322,6677,7032,7387,7742,8097,8452,8807,9162,9517,9872,10227,10582,10937,11292,11647,12002,12357,12712,13067,13422,13777,14132,14487,14842,15197,15552,15907,16262,16617,16972,17327,17682,18037,18392,18747,19102,19457,19812,20167,20522,20877,21232,21587,21942,22297,22652,23007,23362,23717,24072,24140,24427,24782,25137,25492,25847,26202,26557,26912,27267,27622,27977,28332,28687,29042,29397,29752,30107,30462,30817,31172,31527,31882,32237,32592,32947,33302,33657,34012,34367,34722,35077,35432,35787,36142,36497,36852,37207,37562,37917,38272,38627,38982,39337,39692,40047,40402,40757,41112,41467,41822,42177,42532,42887,43242,43597,43952,44307,44662,45017,45372,45727,46082,46437,46792,47147,47502,47857,48212,48567,48922,49277,49632,49987,50342,50697,51052,51407,51762,52117,52472,52827,53182,53537,53892,54247,54602,54957,55312,55667,56022,56377,56732,57087,57442,57797,58152,58507,58862,59217,59572,59927,60282,60637,60992,61347,61702,62057,62412,62767,-62903,-62548,-62193,-61838,-61483,-61128,-60773,-60418,-60063,-59708,-59353,-58998,-58643,-58288,-57933,-57578,-57223,-56868,-56513,-56158,-55803,-55448,-55093,-54738,-54383,-54028,-53673,-53318,-52963,-52608,-52253,-51898,-51543,-51188,-50833,-50478,-50123,-49768,-49413,-49058,-48703,-48348,-47993,-47638,-47283,-46928,-46573,-46218,-45863,-45508,-45153,-44798,-44443,-44088,-43733,-43378,-43023,-42668,-42313,-41958,-41603,-41248,-40893,-40538,-40183,-39828,-39473,-39118,-38763,-38408,-38053,-37698,-37343,-36988,-36633,-36278,-35923,-35568,-35213,-34858,-34503,-34148,-33793,-33438,-33083,-32728,-32373,-32018,-31663,-31308,-30953,-30598,-30243,-29888,-29533,-29178,-28823,-28468,-28113,-27758,-27403,-27048,-26693,-26338,-25983,-25628,-25273,-24918,-24563,-24208,-23853,-23498,-23143,-22788,-22433,-22078,-21723,-21368,-21013,-20658,-20303,-19948,-19593,-19238,-18883,-18528,-18173,-17818,-17463,-17108,-16753,-16398,-16043,-15688,-15333,-14978,-14623,-14268,-13913,-13558,-13203,-12848,-12493,-12138,-11783,-11428,-11073,-10718,-10363,-10008,-9653,-9298,-8943,-8588,-8233,-7878,-7523,-7168,-6813,-6458,-6103,-5748,-5393,-5038,-4683,-4328,-3973,-3618,-3263,-2908,-2553,-2198,-1843,-1488,-1133,-778,-423,-68,MAX=-62903
288,643,998,1353,1708,2063,2418,2773,3128,3483,3838,4193,4548,4903,5258,5613,5968,6323,6678,7033,7388,7743,8098,8453,8808,9163,9518,9873,10228,10583,10938,11293,11648,12003,12358,12713,13068,13423,13778,14133,14488,14843,15198,15553,15908,16263,16618,16973,17328,17683,18038,18393,18748,19103,19458,19813,20168,20523,20878,21233,21588,21943,22298,22653,23008,23363,23718,23785,24073,24428,24783,25138,25493,25848,26203,26558,26913,27268,27623,27978,28333,28688,29043,29398,29753,30108,30463,30818,31173,31528,31883,32238,32593,32948,33303,33658,34013,34368,34723,35078,35433,35788,36143,36498,36853,37208,37563,37918,38273,38628,38983,39338,39693,40048,40403,40758,41113,41468,41823,42178,42533,42888,43243,43598,43953,44308,44663,45018,45373,45728,46083,46438,46793,47148,47503,47858,48213,48568,48923,49278,49633,49988,50343,50698,51053,51408,51763,52118,52473,52828,53183,53538,53893,54248,54603,54958,55313,55668,56023,56378,56733,57088,57443,57798,58153,58508,58863,59218,59573,59928,60283,60638,60993,61348,61703,62058,62413,62768,-62902,-62547,-62192,-61837,-61482,-61127,-60772,-60417,-60062,-59707,-59352,-58997,-58642,-58287,-57932,-57577,-57222,-56867,-56512,-56157,-55802,-55447,-55092,-54737,-54382,-54027,-53672,-53317,-52962,-52607,-52252,-51897,-51542,-51187,-50832,-50477,-50122,-49767,-49412,-49057,-48702,-48347,-47992,-47637,-47282,-46927,-46572,-46217,-45862,-45507,-45152,-44797,-44442,-44087,-43732,-43377,-43022,-42667,-42312,-41957,-41602,-41247,-40892,-40537,-40182,-39827,-39472,-39117,-38762,-38407,-38052,-37697,-37342,-36987,-36632,-36277,-35922,-35567,-35212,-34857,-34502,-34147,-33792,-33437,-33082,-32727,-32372,-32017,-31662,-31307,-30952,-30597,-30242,-29887,-29532,-29177,-28822,-28467,-28112,-27757,-27402,-27047,-26692,-26337,-25982,-25627,-25272,-24917,-24562,-24207,-23852,-23497,-23142,-22787,-22432,-22077,-21722,-21367,-21012,-20657,-20302,-19947,-19592,-19237,-18882,-18527,-18172,-17817,-17462,-17107,-16752,-16397,-16042,-15687,-15332,-14977,-14622,-14267,-13912,-13557,-13202,-12847,-12492,-12137,-11782,-11427,-11072,-10717,-10362,-10007,-9652,-9297,-8942,-8587,-8232,-7877,-7522,-7167,-6812,-6457,-6102,-5747,-5392,-5037,-4682,-4327,-3972,-3617,-3262,-2907,-2552,-2197,-1842,-1487,-1132,-777,-422,-67,MAX=-62902
289,644,999,1354,1709,2064,2419,2774,3129,3484,3839,4194,4549,4904,5259,5614,5969,6324,6679,7034,7389,7744,8099,8454,8809,9164,9519,9874,10229,10584,10939,11294,11649,12004,12359,12714,13069,13424,13779,14134,14489,14844,15199,15554,15909,16264,16619,16974,17329,17684,18039,18394,18749,19104,19459,19814,20169,20524,20879,21234,21589,21944,22299,22654,23009,23364,23430,23719,24074,24429,24784,25139,25494,25849,26204,26559,26914,27269,27624,27979,28334,28689,29044,29399,29754,30109,30464,30819,31174,31529,31884,32239,32594,32949,33304,33659,34014,34369,34724,35079,35434,35789,36144,36499,36854,37209,37564,37919,38274,38629,38984,39339,39694,40049,40404,40759,41114,41469,41824,42179,42534,42889,43244,43599,43954,44309,44664,45019,45374,45729,46084,46439,46794,47149,47504,47859,48214,48569,48924,49279,49634,49989,50344,50699,51054,51409,51764,52119,52474,52829,53184,53539,53894,54249,54604,54959,55314,55669,56024,56379,56734,57089,57444,57799,58154,58509,58864,59219,59574,59929,60284,60639,60994,61349,61704,62059,62414,62769,-62901,-62546,-62191,-61836,-61481,-61126,-60771,-60416,-60061,-59706,-59351,-58996,-58641,-58286,-57931,-57576,-57221,-56866,-56511,-56156,-55801,-55446,-55091,-54736,-54381,-54026,-53671,-53316,-52961,-52606,-52251,-51896,-51541,-51186,-50831,-50476,-50121,-49766,-49411,-49056,-48701,-48346,-47991,-47636,-47281,-46926,-46571,-46216,-45861,-45506,-45151,-44796,-44441,-44086,-43731,-43376,-43021,-42666,-42311,-41956,-41601,-41246,-40891,-40536,-40181,-39826,-39471,-39116,-38761,-38406,-38051,-37696,-37341,-36986,-36631,-36276,-35921,-35566,-35211,-34856,-34501,-34146,-33791,-33436,-33081,-32726,-32371,-32016,-31661,-31306,-30951,-30596,-30241,-29886,-29531,-29176,-28821,-28466,-28111,-27756,-27401,-27046,-26691,-26336,-25981,-25626,-25271,-24916,-24561,-24206,-23851,-23496,-23141,-22786,-22431,-22076,-21721,-21366,-21011,-20656,-20301,-19946,-19591,-19236,-18881,-18526,-18171,-17816,-17461,-17106,-16751,-16396,-16041,-15686,-15331,-14976,-14621,-14266,-13911,-13556,-13201,-12846,-12491,-12136,-11781,-11426,-11071,-10716,-10361,-10006,-9651,-9296,-8941,-8586,-8231,-7876,-7521,-7166,-6811,-6456,-6101,-5746,-5391,-5036,-4681,-4326,-3971,-3616,-3261,-2906,-2551,-2196,-1841,-1486,-1131,-776,-421,-66,MAX=-62901
290,645,1000,1355,1710,2065,2420,2775,3130,3485,3840,4195,4550,4905,5260,5615,5970,6325,6680,7035,7390,7745,8100,8455,8810,9165,9520,9875,10230,10585,10940,11295,11650,12005,12360,12715,13070,13425,13780,14135,14490,14845,15200,15555,15910,16265,16620,16975,17330,17685,18040,18395,18750,19105,19460,19815,20170,20525,20880,21235,21590,21945,22300,22655,23010,23075,23365,23720,24075,24430,24785,25140,25495,25850,26205,26560,26915,27270,27625,27980,28335,28690,29045,29400,29755,30110,30465,30820,31175,31530,31885,32240,32595,32950,33305,33660,34015,34370,34725,35080,35435,35790,36145,36500,36855,37210,37565,37920,38275,38630,38985,39340,39695,40050,40405,40760,41115,41470,41825,42180,42535,42890,43245,43600,43955,44310,44665,45020,45375,45730,46085,46440,46795,47150,47505,47860,48215,48570,48925,49280,49635,49990,50345,50700,51055,51410,51765,52120,52475,52830,53185,53540,53895,54250,54605,54960,55315,55670,56025,56380,56735,57090,57445,57800,58155,58510,58865,59220,59575,59930,60285,60640,60995,61350,61705,62060,62415,62770,-62900,-62545,-62190,-61835,-61480,-61125,-60770,-60415,-60060,-59705,-59350,-58995,-58640,-58285,-57930,-57575,-57220,-56865,-56510,-56155,-55800,-55445,-55090,-54735,-54380,-54025,-53670,-53315,-52960,-52605,-52250,-51895,-51540,-51185,-50830,-50475,-50120,-49765,-49410,-49055,-48700,-48345,-47990,-47635,-47280,-46925,-46570,-46215,-45860,-45505,-45150,-44795,-44440,-44085,-43730,-43375,-43020,-42665,-42310,-41955,-41600,-41245,-40890,-40535,-40180,-39825,-39470,-39115,-38760,-38405,-38050,-37695,-37340,-36985,-36630,-36275,-35920,-35565,-35210,-34855,-34500,-34145,-33790,-33435,-33080,-32725,-32370,-32015,-31660,-31305,-30950,-30595,-30240,-29885,-29530,-29175,-28820,-28465,-28110,-27755,-27400,-27045,-26690,-26335,-25980,-25625,-25270,-24915,-24560,-24205,-23850,-23495,-23140,-22785,-22430,-22075,-21720,-21365,-21010,-20655,-20300,-19945,-19590,-19235,-18880,-18525,-18170,-17815,-17460,-17105,-16750,-16395,-16040,-15685,-15330,-14975,-14620,-14265,-13910,-13555,-13200,-12845,-12490,-12135,-11780,-11425,-11070,-10715,-10360,-10005,-9650,-9295,-8940,-8585,-8230,-7875,-7520,-7165,-6810,-6455,-6100,-5745,-5390,-5035,-4680,-4325,-3970,-3615,-3260,-2905,-2550,-2195,-1840,-1485,-1130,-775,-420,-65,MAX=-62900
291,646,1001,1356,1711,2066,2421,2776,3131,3486,3841,4196,4551,4906,5261,5616,5971,6326,6681,7036,7391,7746,8101,8456,8811,9166,9521,9876,10231,10586,10941,11296,11651,12006,12361,12716,13071,13426,13781,14136,14491,14846,15201,15556,15911,16266,16621,16976,17331,17686,18041,18396,18751,19106,19461,19816,20171,20526,20881,21236,21591,21946,22301,22656,22720,23011,23366,23721,24076,24431,24786,25141,25496,25851,26206,26561,26916,27271,27626,27981,28336,28691,29046,29401,29756,30111,30466,30821,31176,31531,31886,32241,32596,32951,33306,33661,34016,34371,34726,35081,35436,35791,36146,36501,36856,37211,37566,37921,38276,38631,38986,39341,39696,40051,40406,40761,41116,41471,41826,42181,42536,42891,43246,43601,43956,44311,44666,45021,45376,45731,46086,46441,46796,47151,47506,47861,48216,48571,48926,49281,49636,49991,50346,50701,51056,51411,51766,52121,52476,52831,53186,53541,53896,54251,54606,54961,55316,55671,56026,56381,56736,57091,57446,57801,58156,58511,58866,59221,59576,59931,60286,60641,60996,61351,61706,62061,62416,62771,-62899,-62544,-62189,-61834,-61479,-61124,-60769,-60414,-60059,-59704,-59349,-58994,-58639,-58284,-57929,-57574,-57219,-56864,-56509,-56154,-55799,-55444,-55089,-54734,-54379,-54024,-53669,-53314,-52959,-52604,-52249,-51894,-51539,-51184,-50829,-50474,-50119,-49764,-49409,-49054,-48699,-48344,-47989,-47634,-47279,-46924,-46569,-46214,-45859,-45504,-45149,-44794,-44439,-44084,-43729,-43374,-43019,-42664,-42309,-41954,-41599,-41244,-40889,-40534,-40179,-39824,-39469,-39114,-38759,-38404,-38049,-37694,-37339,-36984,-36629,-36274,-35919,-35564,-35209,-34854,-34499,-34144,-33789,-33434,-33079,-32724,-32369,-32014,-31659,-31304,-30949,-30594,-30239,-29884,-29529,-29174,-28819,-28464,-28109,-27754,-27399,-27044,-26689,-26334,-25979,-25624,-25269,-24914,-24559,-24204,-23849,-23494,-23139,-22784,-22429,-22074,-21719,-21364,-21009,-20654,-20299,-19944,-19589,-19234,-18879,-18524,-18169,-17814,-17459,-17104,-16749,-16394,-16039,-15684,-15329,-14974,-14619,-14264,-13909,-13554,-13199,-12844,-12489,-12134,-11779,-11424,-11069,-10714,-10359,-10004,-9649,-9294,-8939,-8584,-8229,-7874,-7519,-7164,-6809,-6454,-6099,-5744,-5389,-5034,-4679,-4324,-3969,-3614,-3259,-2904,-2549,-2194,-1839,-1484,-1129,-774,-419,-64,MAX=-62899
292,647,1002,1357,1712,2067,2422,2777,3132,3487,3842,4197,4552,4907,5262,5617,5972,6327,6682,7037,7392,7747,8102,8457,8812,9167,9522,9877,10232,10587,10942,11297,11652,12007,12362,12717,13072,13427,13782,14137,14492,14847,15202,15557,15912,16267,16622,16977,17332,17687,18042,18397,18752,19107,19462,19817,20172,20527,20882,21237,21592,21947,22302,22365,22657,23012,23367,23722,24077,24432,24787,25142,25497,25852,26207,26562,26917,27272,27627,27982,28337,28692,29047,29402,29757,30112,30467,30822,31177,31532,31887,32242,32597,32952,33307,33662,34017,34372,34727,35082,35437,35792,36147,36502,36857,37212,37567,37922,38277,38632,38987,39342,39697,40052,40407,40762,41117,41472,41827,42182,42537,42892,43247,43602,43957,44312,44667,45022,45377,45732,46087,46442,46797,47152,47507,47862,48217,48572,48927,49282,49637,49992,50347,50702,51057,51412,51767,52122,52477,52832,53187,53542,53897,54252,54607,54962,55317,55672,56027,56382,56737,57092,57447,57802,58157,58512,58867,59222,59577,59932,60287,60642,60997,61352,61707,62062,62417,62772,-62898,-62543,-62188,-61833,-61478,-61123,-60768,-60413,-60058,-59703,-59348,-58993,-58638,-58283,-57928,-57573,-57218,-56863,-56508,-56153,-55798,-55443,-55088,-54733,-54378,-54023,-53668,-53313,-52958,-52603,-52248,-51893,-51538,-51183,-50828,-50473,-50118,-49763,-49408,-49053,-48698,-48343,-47988,-47633,-47278,-46923,-46568,-46213,-45858,-45503,-45148,-44793,-44438,-44083,-43728,-43373,-43018,-42663,-42308,-41953,-41598,-41243,-40888,-40533,-40178,-39823,-39468,-39113,-38758,-38403,-38048,-37693,-37338,-36983,-36628,-36273,-35918,-35563,-35208,-34853,-34498,-34143,-33788,-33433,-33078,-32723,-32368,-32013,-31658,-31303,-30948,-30593,-30238,-29883,-29528,-29173,-28818,-28463,-28108,-27753,-27398,-27043,-26688,-26333,-25978,-25623,-25268,-24913,-24558,-24203,-23848,-23493,-23138,-22783,-22428,-22073,-21718,-21363,-21008,-20653,-20298,-19943,-19588,-19233,-18878,-18523,-18168,-17813,-17458,-17103,-16748,-16393,-16038,-15683,-15328,-14973,-14618,-14263,-13908,-13553,-13198,-12843,-12488,-12133,-11778,-11423,-11068,-10713,-10358,-10003,-9648,-9293,-8938,-8583,-8228,-7873,-7518,-7163,-6808,-6453,-6098,-5743,-5388,-5033,-4678,-4323,-3968,-3613,-3258,-2903,-2548,-2193,-1838,-1483,-1128,-773,-418,-63,MAX=-62898
293,648,1003,1358,1713,2068,2423,2778,3133,3488,3843,4198,4553,4908,5263,5618,5973,6328,6683,7038,7393,7748,8103,8458,8813,9168,9523,9878,10233,10588,10943,11298,11653,12008,12363,12718,13073,13428,13783,14138,14493,14848,15203,15558,15913,16268,16623,16978,17333,17688,18043,18398,18753,19108,19463,19818,20173,20528,20883,21238,21593,21948,22010,22303,22658,23013,23368,23723,24078,24433,24788,25143,25498,25853,26208,26563,26918,27273,27628,27983,28338,28693,29048,29403,29758,30113,30468,30823,31178,31533,31888,32243,32598,32953,33308,33663,34018,34373,34728,35083,35438,35793,36148,36503,36858,37213,37568,37923,38278,38633,38988,39343,39698,40053,40408,40763,41118,41473,41828,42183,42538,42893,43248,43603,43958,44313,44668,45023,45378,45733,46088,46443,46798,47153,47508,47863,48218,48573,48928,49283,49638,49993,50348,50703,51058,51413,51768,52123,52478,52833,53188,53543,53898,54253,54608,54963,55318,55673,56028,56383,56738,57093,57448,57803,58158,58513,58868,59223,59578,59933,60288,60643,60998,61353,61708,62063,62418,62773,-62897,-62542,-62187,-61832,-61477,-61122,-60767,-60412,-60057,-59702,-59347,-58992,-58637,-58282,-57927,-57572,-57217,-56862,-56507,-56152,-55797,-55442,-55087,-54732,-54377,-54022,-53667,-53312,-52957,-52602,-52247,-51892,-51537,-51182,-50827,-50472,-50117,-49762,-49407,-49052,-48697,-48342,-47987,-47632,-47277,-46922,-46567,-46212,-45857,-45502,-45147,-44792,-44437,-44082,-43727,-43372,-43017,-42662,-42307,-41952,-41597,-41242,-40887,-40532,-40177,-39822,-39467,-39112,-38757,-38402,-38047,-37692,-37337,-36982,-36627,-36272,-35917,-35562,-35207,-34852,-34497,-34142,-33787,-33432,-33077,-32722,-32367,-32012,-31657,-31302,-30947,-30592,-30237,-29882,-29527,-29172,-28817,-28462,-28107,-27752,-27397,-27042,-26687,-26332,-25977,-25622,-25267,-24912,-24557,-24202,-23847,-23492,-23137,-22782,-22427,-22072,-21717,-21362,-21007,-20652,-20297,-19942,-19587,-19232,-18877,-18522,-18167,-17812,-17457,-17102,-16747,-16392,-16037,-15682,-15327,-14972,-14617,-14262,-13907,-13552,-13197,-12842,-12487,-12132,-11777,-11422,-11067,-10712,-10357,-10002,-9647,-9292,-8937,-8582,-8227,-7872,-7517,-7162,-6807,-6452,-6097,-5742,-5387,-5032,-4677,-4322,-3967,-3612,-3257,-2902,-2547,-2192,-1837,-1482,-1127,-772,-417,-62,MAX=-62897
294,649,1004,1359,1714,2069,2424,2779,3134,3489,3844,4199,4554,4909,5264,5619,5974,6329,6684,7039,7394,7749,8104,8459,8814,9169,9524,9879,10234,10589,10944,11299,11654,12009,12364,12719,13074,13429,13784,14139,14494,14849,15204,15559,15914,16269,16624,16979,17334,17689,18044,18399,18754,19109,19464,19819,20174,20529,20884,21239,21594,21655,21949,22304,22659,23014,23369,23724,24079,24434,24789,25144,25499,25854,26209,26564,26919,27274,27629,27984,28339,28694,29049,29404,29759,30114,30469,30824,31179,31534,31889,32244,32599,32954,33309,33664,34019,34374,34729,35084,35439,35794,36149,36504,36859,37214,37569,37924,38279,38634,38989,39344,39699,40054,40409,40764,41119,41474,41829,42184,42539,42894,43249,43604,43959,44314,44669,45024,45379,45734,46089,46444,46799,47154,47509,47864,48219,48574,48929,49284,49639,49994,50349,50704,51059,51414,51769,52124,52479,52834,53189,53544,53899,54254,54609,54964,55319,55674,56029,56384,56739,57094,57449,57804,58159,58514,58869,59224,59579,59934,60289,60644,60999,61354,61709,62064,62419,62774,-62896,-62541,-62186,-61831,-61476,-61121,-60766,-60411,-60056,-59701,-59346,-58991,-58636,-58281,-57926,-57571,-57216,-56861,-56506,-56151,-55796,-55441,-55086,-54731,-54376,-54021,-53666,-53311,-52956,-52601,-52246,-51891,-51536,-51181,-50826,-50471,-50116,-49761,-49406,-49051,-48696,-48341,-47986,-47631,-47276,-46921,-46566,-46211,-45856,-45501,-45146,-44791,-44436,-44081,-43726,-43371,-43016,-42661,-42306,-41951,-41596,-41241,-40886,-40531,-40176,-39821,-39466,-39111,-38756,-38401,-38046,-37691,-37336,-36981,-36626,-36271,-35916,-35561,-35206,-34851,-34496,-34141,-33786,-33431,-33076,-32721,-32366,-32011,-31656,-31301,-30946,-30591,-30236,-29881,-29526,-29171,-28816,-28461,-28106,-27751,-27396,-27041,-26686,-26331,-25976,-25621,-25266,-24911,-24556,-24201,-23846,-23491,-23136,-22781,-22426,-22071,-21716,-21361,-21006,-20651,-20296,-19941,-19586,-19231,-18876,-18521,-18166,-17811,-17456,-17101,-16746,-16391,-16036,-15681,-15326,-14971,-14616,-14261,-13906,-13551,-13196,-12841,-12486,-12131,-11776,-11421,-11066,-10711,-10356,-10001,-9646,-9291,-8936,-8581,-8226,-7871,-7516,-7161,-6806,-6451,-6096,-5741,-5386,-5031,-4676,-4321,-3966,-3611,-3256,-2901,-2546,-2191,-1836,-1481,-1126,-771,-416,-61,MAX=-62896
295,650,1005,1360,1715,2070,2425,2780,3135,3490,3845,4200,4555,4910,5265,5620,5975,6330,6685,7040,7395,7750,8105,8460,8815,9170,9525,9880,10235,10590,10945,11300,11655,12010,12365,12720,13075,13430,13785,14140,14495,14850,15205,15560,15915,16270,16625,16980,17335,17690,18045,18400,18755,19110,19465,19820,20175,20530,20885,21240,21300,21595,21950,22305,22660,23015,23370,23725,24080,24435,24790,25145,25500,25855,26210,26565,26920,27275,27630,27985,28340,28695,29050,29405,29760,30115,30470,30825,31180,31535,31890,32245,32600,32955,33310,33665,34020,34375,34730,35085,35440,35795,36150,36505,36860,37215,37570,37925,38280,38635,38990,39345,39700,40055,40410,40765,41120,41475,41830,42185,42540,42895,43250,43605,43960,44315,44670,45025,45380,45735,46090,46445,46800,47155,47510,47865,48220,48575,48930,49285,49640,49995,50350,50705,51060,51415,51770,52125,52480,52835,53190,53545,53900,54255,54610,54965,55320,55675,56030,56385,56740,57095,57450,57805,58160,58515,58870,59225,59580,59935,60290,60645,61000,61355,61710,62065,62420,62775,-62895,-62540,-62185,-61830,-61475,-61120,-60765,-60410,-60055,-59700,-59345,-58990,-58635,-58280,-57925,-57570,-57215,-56860,-56505,-56150,-55795,-55440,-55085,-54730,-54375,-54020,-53665,-53310,-52955,-52600,-52245,-51890,-51535,-51180,-50825,-50470,-50115,-49760,-49405,-49050,-48695,-48340,-47985,-47630,-47275,-46920,-46565,-46210,-45855,-45500,-45145,-44790,-44435,-44080,-43725,-43370,-43015,-42660,-42305,-41950,-41595,-41240,-40885,-40530,-40175,-39820,-39465,-39110,-38755,-38400,-38045,-37690,-37335,-36980,-36625,-36270,-35915,-35560,-35205,-34850,-34495,-34140,-33785,-33430,-33075,-32720,-32365,-32010,-31655,-31300,-30945,-30590,-30235,-29880,-29525,-29170,-28815,-28460,-28105,-27750,-27395,-27040,-26685,-26330,-25975,-25620,-25265,-24910,-24555,-24200,-23845,-23490,-23135,-22780,-22425,-22070,-21715,-21360,-21005,-20650,-20295,-19940,-19585,-19230,-18875,-18520,-18165,-17810,-17455,-17100,-16745,-16390,-16035,-15680,-15325,-14970,-14615,-14260,-13905,-13550,-13195,-12840,-12485,-12130,-11775,-11420,-11065,-10710,-10355,-10000,-9645,-9290,-8935,-8580,-8225,-7870,-7515,-7160,-6805,-6450,-6095,-5740,-5385,-5030,-4675,-4320,-3965,-3610,-3255,-2900,-2545,-2190,-1835,-1480,-1125,-770,-415,-60,MAX=-62895
296,651,1006,1361,1716,2071,2426,2781,3136,3491,3846,4201,4556,4911,5266,5621,5976,6331,6686,7041,7396,7751,8106,8461,8816,9171,9526,9881,10236,10591,10946,11301,11656,12011,12366,12721,13076,13431,13786,14141,14496,14851,15206,15561,15916,16271,16626,16981,17336,17691,18046,18401,18756,19111,19466,19821,20176,20531,20886,20945,21241,21596,21951,22306,22661,23016,23371,23726,24081,24436,24791,25146,25501,25856,26211,26566,26921,27276,27631,27986,28341,28696,29051,29406,29761,30116,30471,30826,31181,31536,31891,32246,32601,32956,33311,33666,34021,34376,34731,35086,35441,35796,36151,36506,36861,37216,37571,37926,38281,38636,38991,39346,39701,40056,40411,40766,41121,41476,41831,42186,42541,42896,43251,43606,43961,44316,44671,45026,45381,45736,46091,46446,46801,47156,47511,47866,48221,48576,48931,49286,49641,49996,50351,50706,51061,51416,51771,52126,52481,52836,53191,53546,53901,54256,54611,54966,55321,55676,56031,56386,56741,57096,57451,57806,58161,58516,58871,59226,59581,59936,60291,60646,61001,61356,61711,62066,62421,62776,-62894,-62539,-62184,-61829,-61474,-61119,-60764,-60409,-60054,-59699,-59344,-58989,-58634,-58279,-57924,-57569,-57214,-56859,-56504,-56149,-55794,-55439,-55084,-54729,-54374,-54019,-53664,-53309,-52954,-52599,-52244,-51889,-51534,-51179,-50824,-50469,-50114,-49759,-49404,-49049,-48694,-48339,-47984,-47629,-47274,-46919,-46564,-46209,-45854,-45499,-45144,-44789,-44434,-44079,-43724,-43369,-43014,-42659,-42304,-41949,-41594,-41239,-40884,-40529,-40174,-39819,-39464,-39109,-38754,-38399,-38044,-37689,-37334,-36979,-36624,-36269,-35914,-35559,-35204,-34849,-34494,-34139,-33784,-33429,-33074,-32719,-32364,-32009,-31654,-31299,-30944,-30589,-30234,-29879,-29524,-29169,-28814,-28459,-28104,-27749,-27394,-27039,-26684,-26329,-25974,-25619,-25264,-24909,-24554,-24199,-23844,-23489,-23134,-22779,-22424,-22069,-21714,-21359,-21004,-20649,-20294,-19939,-19584,-19229,-18874,-18519,-18164,-17809,-17454,-17099,-16744,-16389,-16034,-15679,-15324,-14969,-14614,-14259,-13904,-13549,-13194,-12839,-12484,-12129,-11774,-11419,-11064,-10709,-10354,-9999,-9644,-9289,-8934,-8579,-8224,-7869,-7514,-7159,-6804,-6449,-6094,-5739,-5384,-5029,-4674,-4319,-3964,-3609,-3254,-2899,-2544,-2189,-1834,-1479,-1124,-769,-414,-59,MAX=-62894
297,652,1007,1362,1717,2072,2427,2782,3137,3492,3847,4202,4557,4912,5267,5622,5977,6332,6687,7042,7397,7752,8107,8462,8817,9172,9527,9882,10237,10592,10947,11302,11657,12012,12367,12722,13077,13432,13787,14142,14497,14852,15207,15562,15917,16272,16627,16982,17337,17692,18047,18402,18757,19112,19467,19822,20177,20532,20590,20887,21242,21597,21952,22307,22662,23017,23372,23727,24082,24437,24792,25147,25502,25857,26212,26567,26922,27277,27632,27987,28342,28697,29052,29407,29762,30117,30472,30827,31182,31537,31892,32247,32602,32957,33312,33667,34022,34377,34732,35087,35442,35797,36152,36507,36862,37217,37572,37927,38282,38637,38992,39347,39702,40057,40412,40767,41122,41477,41832,42187,42542,42897,43252,43607,43962,44317,44672,45027,45382,45737,46092,46447,46802,47157,47512,47867,48222,48577,48932,49287,49642,49997,50352,50707,51062,51417,51772,52127,52482,52837,53192,53547,53902,54257,54612,54967,55322,55677,56032,56387,56742,57097,57452,57807,58162,58517,58872,59227,59582,59937,60292,60647,61002,61357,61712,62067,62422,62777,-62893,-62538,-62183,-61828,-61473,-61118,-60763,-60408,-60053,-59698,-59343,-58988,-58633,-58278,-57923,-57568,-57213,-56858,-56503,-56148,-55793,-55438,-55083,-54728,-54373,-54018,-53663,-53308,-52953,-52598,-52243,-51888,-51533,-51178,-50823,-50468,-50113,-49758,-49403,-49048,-48693,-48338,-47983,-47628,-47273,-46918,-46563,-46208,-45853,-45498,-45143,-44788,-44433,-44078,-43723,-43368,-43013,-42658,-42303,-41948,-41593,-41238,-40883,-40528,-40173,-39818,-39463,-39108,-38753,-38398,-38043,-37688,-37333,-36978,-36623,-36268,-35913,-35558,-35203,-34848,-34493,-34138,-33783,-33428,-33073,-32718,-32363,-32008,-31653,-31298,-30943,-30588,-30233,-29878,-29523,-29168,-28813,-28458,-28103,-27748,-27393,-27038,-26683,-26328,-25973,-25618,-25263,-24908,-24553,-24198,-23843,-23488,-23133,-22778,-22423,-22068,-21713,-21358,-21003,-20648,-20293,-19938,-19583,-19228,-18873,-18518,-18163,-17808,-17453,-17098,-16743,-16388,-16033,-15678,-15323,-14968,-14613,-14258,-13903,-13548,-13193,-12838,-12483,-12128,-11773,-11418,-11063,-10708,-10353,-9998,-9643,-9288,-8933,-8578,-8223,-7868,-7513,-7158,-6803,-6448,-6093,-5738,-5383,-5028,-4673,-4318,-3963,-3608,-3253,-2898,-2543,-2188,-1833,-1478,-1123,-768,-413,-58,MAX=-62893
298,653,1008,1363,1718,2073,2428,2783,3138,3493,3848,4203,4558,4913,5268,5623,5978,6333,6688,7043,7398,7753,8108,8463,8818,9173,9528,9883,10238,10593,10948,11303,11658,12013,12368,12723,13078,13433,13788,14143,14498,14853,15208,15563,15918,16273,16628,16983,17338,17693,18048,18403,18758,19113,19468,19823,20178,20235,20533,20888,21243,21598,21953,22308,22663,23018,23373,23728,24083,24438,24793,25148,25503,25858,26213,26568,26923,27278,27633,27988,28343,28698,29053,29408,29763,30118,30473,30828,31183,31538,31893,32248,32603,32958,33313,33668,34023,34378,34733,35088,35443,35798,36153,36508,36863,37218,37573,37928,38283,38638,38993,39348,39703,40058,40413,40768,41123,41478,41833,42188,42543,42898,43253,43608,43963,44318,44673,45028,45383,45738,46093,46448,46803,47158,47513,47868,48223,48578,48933,49288,49643,49998,50353,50708,51063,51418,51773,52128,52483,52838,53193,53548,53903,54258,54613,54968,55323,55678,56033,56388,56743,57098,57453,57808,58163,58518,58873,59228,59583,59938,60293,60648,61003,61358,61713,62068,62423,62778,-62892,-62537,-62182,-61827,-61472,-61117,-60762,-60407,-60052,-59697,-59342,-58987,-58632,-58277,-57922,-57567,-57212,-56857,-56502,-56147,-55792,-55437,-55082,-54727,-54372,-54017,-53662,-53307,-52952,-52597,-52242,-51887,-51532,-51177,-50822,-50467,-50112,-49757,-49402,-49047,-48692,-48337,-47982,-47627,-47272,-46917,-46562,-46207,-45852,-45497,-45142,-44787,-44432,-44077,-43722,-43367,-43012,-42657,-42302,-41947,-41592,-41237,-40882,-40527,-40172,-39817,-39462,-39107,-38752,-38397,-38042,-37687,-37332,-36977,-36622,-36267,-35912,-35557,-35202,-34847,-34492,-34137,-33782,-33427,-33072,-32717,-32362,-32007,-31652,-31297,-30942,-30587,-30232,-29877,-29522,-29167,-28812,-28457,-28102,-27747,-27392,-27037,-26682,-26327,-25972,-25617,-25262,-24907,-24552,-24197,-23842,-23487,-23132,-22777,-22422,-22067,-21712,-21357,-21002,-20647,-20292,-19937,-19582,-19227,-18872,-18517,-18162,-17807,-17452,-17097,-16742,-16387,-16032,-15677,-15322,-14967,-14612,-14257,-13902,-13547,-13192,-12837,-12482,-12127,-11772,-11417,-11062,-10707,-10352,-9997,-9642,-9287,-8932,-8577,-8222,-7867,-7512,-7157,-6802,-6447,-6092,-5737,-5382,-5027,-4672,-4317,-3962,-3607,-3252,-2897,-2542,-2187,-1832,-1477,-1122,-767,-412,-57,MAX=-62892
299,654,1009,1364,1719,2074,2429,2784,3139,3494,3849,4204,4559,4914,5269,5624,5979,6334,6689,7044,7399,7754,8109,8464,8819,9174,9529,9884,10239,10594,10949,11304,11659,12014,12369,12724,13079,13434,13789,14144,14499,14854,15209,15564,15919,16274,16629,16984,17339,17694,18049,18404,18759,19114,19469,19824,19880,20179,20534,20889,21244,21599,21954,22309,22664,23019,23374,23729,24084,24439,24794,25149,25504,25859,26214,26569,26924,27279,27634,27989,28344,28699,29054,29409,29764,30119,30474,30829,31184,31539,31894,32249,32604,32959,33314,33669,34024,34379,34734,35089,35444,35799,36154,36509,36864,37219,37574,37929,38284,38639,38994,39349,39704,40059,40414,40769,41124,41479,41834,42189,42544,42899,43254,43609,43964,44319,44674,45029,45384,45739,46094,46449,46804,47159,47514,47869,48224,48579,48934,49289,49644,49999,50354,50709,51064,51419,51774,52129,52484,52839,53194,53549,53904,54259,54614,54969,55324,55679,56034,56389,56744,57099,57454,57809,58164,58519,58874,59229,59584,59939,60294,60649,61004,61359,61714,62069,62424,62779,-62891,-62536,-62181,-61826,-61471,-61116,-60761,-60406,-60051,-59696,-59341,-58986,-58631,-58276,-57921,-57566,-57211,-56856,-56501,-56146,-55791,-55436,-55081,-54726,-54371,-54016,-53661,-53306,-52951,-52596,-52241,-51886,-51531,-51176,-50821,-50466,-50111,-49756,-49401,-49046,-48691,-48336,-47981,-47626,-47271,-46916,-46561,-46206,-45851,-45496,-45141,-44786,-44431,-44076,-43721,-43366,-43011,-42656,-42301,-41946,-41591,-41236,-40881,-40526,-40171,-39816,-39461,-39106,-38751,-38396,-38041,-37686,-37331,-36976,-36621,-36266,-35911,-35556,-35201,-34846,-34491,-34136,-33781,-33426,-33071,-32716,-32361,-32006,-31651,-31296,-30941,-30586,-30231,-29876,-29521,-29166,-28811,-28456,-28101,-27746,-27391,-27036,-26681,-26326,-25971,-25616,-25261,-24906,-24551,-24196,-23841,-23486,-23131,-22776,-22421,-22066,-21711,-21356,-21001,-20646,-20291,-19936,-19581,-19226,-18871,-18516,-18161,-17806,-17451,-17096,-16741,-16386,-16031,-15676,-15321,-14966,-14611,-14256,-13901,-13546,-13191,-12836,-12481,-12126,-11771,-11416,-11061,-10706,-10351,-9996,-9641,-9286,-8931,-8576,-8221,-7866,-7511,-7156,-6801,-6446,-6091,-5736,-5381,-5026,-4671,-4316,-3961,-3606,-3251,-2896,-2541,-2186,-1831,-1476,-1121,-766,-411,-56,MAX=-62891
300,655,1010,1365,1720,2075,2430,2785,3140,3495,3850,4205,4560,4915,5270,5625,5980,6335,6690,7045,7400,7755,8110,8465,8820,9175,9530,9885,10240,10595,10950,11305,11660,12015,12370,12725,13080,13435,13790,14145,14500,14855,15210,15565,15920,16275,16630,16985,17340,17695,18050,18405,18760,19115,19470,19525,19825,20180,20535,20890,21245,21600,21955,22310,22665,23020,23375,23730,24085,24440,24795,25150,25505,25860,26215,26570,26925,27280,27635,27990,28345,28700,29055,29410,29765,30120,30475,30830,31185,31540,31895,32250,32605,32960,33315,33670,34025,34380,34735,35090,35445,35800,36155,36510,36865,37220,37575,37930,38285,38640,38995,39350,39705,40060,40415,40770,41125,41480,41835,42190,42545,42900,43255,43610,43965,44320,44675,45030,45385,45740,46095,46450,46805,47160,47515,47870,48225,48580,48935,49290,49645,50000,50355,50710,51065,51420,51775,52130,52485,52840,53195,53550,53905,54260,54615,54970,55325,55680,56035,56390,56745,57100,57455,57810,58165,58520,58875,59230,59585,59940,60295,60650,61005,61360,61715,62070,62425,62780,-62890,-62535,-62180,-61825,-61470,-61115,-60760,-60405,-60050,-59695,-59340,-58985,-58630,-58275,-57920,-57565,-57210,-56855,-56500,-56145,-55790,-55435,-55080,-54725,-54370,-54015,-53660,-53305,-52950,-52595,-52240,-51885,-51530,-51175,-50820,-50465,-50110,-49755,-49400,-49045,-48690,-48335,-47980,-47625,-47270,-46915,-46560,-46205,-45850,-45495,-45140,-44785,-44430,-44075,-43720,-43365,-43010,-42655,-42300,-41945,-41590,-41235,-40880,-40525,-40170,-39815,-39460,-39105,-38750,-38395,-38040,-37685,-37330,-36975,-36620,-36265,-35910,-35555,-35200,-34845,-34490,-34135,-33780,-33425,-33070,-32715,-32360,-32005,-31650,-31295,-30940,-30585,-30230,-29875,-29520,-29165,-28810,-28455,-28100,-27745,-27390,-27035,-26680,-26325,-25970,-25615,-25260,-24905,-24550,-24195,-23840,-23485,-23130,-22775,-22420,-22065,-21710,-21355,-21000,-20645,-20290,-19935,-19580,-19225,-18870,-18515,-18160,-17805,-17450,-17095,-16740,-16385,-16030,-15675,-15320,-14965,-14610,-14255,-13900,-13545,-13190,-12835,-12480,-12125,-11770,-11415,-11060,-10705,-10350,-9995,-9640,-9285,-8930,-8575,-8220,-7865,-7510,-7155,-6800,-6445,-6090,-5735,-5380,-5025,-4670,-4315,-3960,-3605,-3250,-2895,-2540,-2185,-1830,-1475,-1120,-765,-410,-55,MAX=-62890
301,656,1011,1366,1721,2076,2431,2786,3141,3496,3851,4206,4561,4916,5271,5626,5981,6336,6691,7046,7401,7756,8111,8466,8821,9176,9531,9886,10241,10596,10951,11306,11661,12016,12371,12726,13081,13436,13791,14146,14501,14856,15211,15566,15921,16276,16631,16986,17341,17696,18051,18406,18761,19116,19170,19471,19826,20181,20536,20891,21246,21601,21956,22311,22666,23021,23376,23731,24086,24441,24796,25151,25506,25861,26216,26571,26926,27281,27636,27991,28346,28701,29056,29411,29766,30121,30476,30831,31186,31541,31896,32251,32606,32961,33316,33671,34026,34381,34736,35091,35446,35801,36156,36511,36866,37221,37576,37931,38286,38641,38996,39351,39706,40061,40416,40771,41126,41481,41836,42191,42546,42901,43256,43611,43966,44321,44676,45031,45386,45741,46096,46451,46806,47161,47516,47871,48226,48581,48936,49291,49646,50001,50356,50711,51066,51421,51776,52131,52486,52841,53196,53551,53906,54261,54616,54971,55326,55681,56036,56391,56746,57101,57456,57811,58166,58521,58876,59231,59586,59941,60296,60651,61006,61361,61716,62071,62426,62781,-62889,-62534,-62179,-61824,-61469,-61114,-60759,-60404,-60049,-59694,-59339,-58984,-58629,-58274,-57919,-57564,-57209,-56854,-56499,-56144,-55789,-55434,-55079,-54724,-54369,-54014,-53659,-53304,-52949,-52594,-52239,-51884,-51529,-51174,-50819,-50464,-50109,-49754,-49399,-49044,-48689,-48334,-47979,-47624,-47269,-46914,-46559,-46204,-45849,-45494,-45139,-44784,-44429,-44074,-43719,-43364,-43009,-42654,-42299,-41944,-41589,-41234,-40879,-40524,-40169,-39814,-39459,-39104,-38749,-38394,-38039,-37684,-37329,-36974,-36619,-36264,-35909,-35554,-35199,-34844,-34489,-34134,-33779,-33424,-33069,-32714,-32359,-32004,-31649,-31294,-30939,-30584,-30229,-29874,-29519,-29164,-28809,-28454,-28099,-27744,-27389,-27034,-26679,-26324,-25969,-25614,-25259,-24904,-24549,-24194,-23839,-23484,-23129,-22774,-22419,-22064,-21709,-21354,-20999,-20644,-20289,-19934,-19579,-19224,-18869,-18514,-18159,-17804,-17449,-17094,-16739,-16384,-16029,-15674,-15319,-14964,-14609,-14254,-13899,-13544,-13189,-12834,-12479,-12124,-11769,-11414,-11059,-10704,-10349,-9994,-9639,-9284,-8929,-8574,-8219,-7864,-7509,-7154,-6799,-6444,-6089,-5734,-5379,-5024,-4669,-4314,-3959,-3604,-3249,-2894,-2539,-2184,-1829,-1474,-1119,-764,-409,-54,MAX=-62889
302,657,1012,1367,1722,2077,2432,2787,3142,3497,3852,4207,4562,4917,5272,5627,5982,6337,6692,7047,7402,7757,8112,8467,8822,9177,9532,9887,10242,10597,10952,11307,11662,12017,12372,12727,13082,13437,13792,14147,14502,14857,15212,15567,15922,16277,16632,16987,17342,17697,18052,18407,18762,18815,19117,19472,19827,20182,20537,20892,21247,21602,21957,22312,22667,23022,23377,23732,24087,24442,24797,25152,25507,25862,26217,26572,26927,27282,27637,27992,28347,28702,29057,29412,29767,30122,30477,30832,31187,31542,31897,32252,32607,32962,33317,33672,34027,34382,34737,35092,35447,35802,36157,36512,36867,37222,37577,37932,38287,38642,38997,39352,39707,40062,40417,40772,41127,41482,41837,42192,42547,42902,43257,43612,43967,44322,44677,45032,45387,45742,46097,46452,46807,47162,47517,47872,48227,48582,48937,49292,49647,50002,50357,50712,51067,51422,51777,52132,52487,52842,53197,53552,53907,54262,54617,54972,55327,55682,56037,56392,56747,57102,57457,57812,58167,58522,58877,59232,59587,59942,60297,60652,61007,61362,61717,62072,62427,62782,-62888,-62533,-62178,-61823,-61468,-61113,-60758,-60403,-60048,-59693,-59338,-58983,-58628,-58273,-57918,-57563,-57208,-56853,-56498,-56143,-55788,-55433,-55078,-54723,-54368,-54013,-53658,-53303,-52948,-52593,-52238,-51883,-51528,-51173,-50818,-50463,-50108,-49753,-49398,-49043,-48688,-48333,-47978,-47623,-47268,-46913,-46558,-46203,-45848,-45493,-45138,-44783,-44428,-44073,-43718,-43363,-43008,-42653,-42298,-41943,-41588,-41233,-40878,-40523,-40168,-39813,-39458,-39103,-38748,-38393,-38038,-37683,-37328,-36973,-36618,-36263,-35908,-35553,-35198,-34843,-34488,-34133,-33778,-33423,-33068,-32713,-32358,-32003,-31648,-31293,-30938,-30583,-30228,-29873,-29518,-29163,-28808,-28453,-28098,-27743,-27388,-27033,-26678,-26323,-25968,-25613,-25258,-24903,-24548,-24193,-23838,-23483,-23128,-22773,-22418,-22063,-21708,-21353,-20998,-20643,-20288,-19933,-19578,-19223,-18868,-18513,-18158,-17803,-17448,-17093,-16738,-16383,-16028,-15673,-15318,-14963,-14608,-14253,-13898,-13543,-13188,-12833,-12478,-12123,-11768,-11413,-11058,-10703,-10348,-9993,-9638,-9283,-8928,-8573,-8218,-7863,-7508,-7153,-6798,-6443,-6088,-5733,-5378,-5023,-4668,-4313,-3958,-3603,-3248,-2893,-2538,-2183,-1828,-1473,-1118,-763,-408,-53,MAX=-62888
303,658,1013,1368,1723,2078,2433,2788,3143,3498,3853,4208,4563,4918,5273,5628,5983,6338,6693,7048,7403,7758,8113,8468,8823,9178,9533,9888,10243,10598,10953,11308,11663,12018,12373,12728,13083,13438,13793,14148,14503,14858,15213,15568,15923,16278,16633,16988,17343,17698,18053,18408,18460,18763,19118,19473,19828,20183,20538,20893,21248,21603,21958,22313,22668,23023,23378,23733,24088,24443,24798,25153,25508,25863,26218,26573,26928,27283,27638,27993,28348,28703,29058,29413,29768,30123,30478,30833,31188,31543,31898,32253,32608,32963,33318,33673,34028,34383,34738,35093,35448,35803,36158,36513,36868,37223,37578,37933,38288,38643,38998,39353,39708,40063,40418,40773,41128,41483,41838,42193,42548,42903,43258,43613,43968,44323,44678,45033,45388,45743,46098,46453,46808,47163,47518,47873,48228,48583,48938,49293,49648,50003,50358,50713,51068,51423,51778,52133,52488,52843,53198,53553,53908,54263,54618,54973,55328,55683,56038,56393,56748,57103,57458,57813,58168,58523,58878,59233,59588,59943,60298,60653,61008,61363,61718,62073,62428,62783,-62887,-62532,-62177,-61822,-61467,-61112,-60757,-60402,-60047,-59692,-59337,-58982,-58627,-58272,-57917,-57562,-57207,-56852,-56497,-56142,-55787,-55432,-55077,-54722,-54367,-54012,-53657,-53302,-52947,-52592,-52237,-51882,-51527,-51172,-50817,-50462,-50107,-49752,-49397,-49042,-48687,-48332,-47977,-47622,-47267,-46912,-46557,-46202,-45847,-45492,-45137,-44782,-44427,-44072,-43717,-43362,-43007,-42652,-42297,-41942,-41587,-41232,-40877,-40522,-40167,-39812,-39457,-39102,-38747,-38392,-38037,-37682,-37327,-36972,-36617,-36262,-35907,-35552,-35197,-34842,-34487,-34132,-33777,-33422,-33067,-32712,-32357,-32002,-31647,-31292,-30937,-30582,-30227,-29872,-29517,-29162,-28807,-28452,-28097,-27742,-27387,-27032,-26677,-26322,-25967,-25612,-25257,-24902,-24547,-24192,-23837,-23482,-23127,-22772,-22417,-22062,-21707,-21352,-20997,-20642,-20287,-19932,-19577,-19222,-18867,-18512,-18157,-17802,-17447,-17092,-16737,-16382,-16027,-15672,-15317,-14962,-14607,-14252,-13897,-13542,-13187,-12832,-12477,-12122,-11767,-11412,-11057,-10702,-10347,-9992,-9637,-9282,-8927,-8572,-8217,-7862,-7507,-7152,-6797,-6442,-6087,-5732,-5377,-5022,-4667,-4312,-3957,-3602,-3247,-2892,-2537,-2182,-1827,-1472,-1117,-762,-407,-52,MAX=-62887
304,659,1014,1369,1724,2079,2434,2789,3144,3499,3854,4209,4564,4919,5274,5629,5984,6339,6694,7049,7404,7759,8114,8469,8824,9179,9534,9889,10244,10599,10954,11309,11664,12019,12374,12729,13084,13439,13794,14149,14504,14859,15214,15569,15924,16279,16634,16989,17344,17699,18054,18105,18409,18764,19119,19474,19829,20184,20539,20894,21249,21604,21959,22314,22669,23024,23379,23734,24089,24444,24799,25154,25509,25864,26219,26574,26929,27284,27639,27994,28349,28704,29059,29414,29769,30124,30479,30834,31189,31544,31899,32254,32609,32964,33319,33674,34029,34384,34739,35094,35449,35804,36159,36514,36869,37224,37579,37934,38289,38644,38999,39354,39709,40064,40419,40774,41129,41484,41839,42194,42549,42904,43259,43614,43969,44324,44679,45034,45389,45744,46099,46454,46809,47164,47519,47874,48229,48584,48939,49294,49649,50004,50359,50714,51069,51424,51779,52134,52489,52844,53199,53554,53909,54264,54619,54974,55329,55684,56039,56394,56749,57104,57459,57814,58169,58524,58879,59234,59589,59944,60299,60654,61009,61364,61719,62074,62429,62784,-62886,-62531,-62176,-61821,-61466,-61111,-60756,-60401,-60046,-59691,-59336,-58981,-58626,-58271,-57916,-57561,-57206,-56851,-56496,-56141,-55786,-55431,-55076,-54721,-54366,-54011,-53656,-53301,-52946,-52591,-52236,-51881,-51526,-51171,-50816,-50461,-50106,-49751,-49396,-49041,-48686,-48331,-47976,-47621,-47266,-46911,-46556,-46201,-45846,-45491,-45136,-44781,-44426,-44071,-43716,-43361,-43006,-42651,-42296,-41941,-41586,-41231,-40876,-40521,-40166,-39811,-39456,-39101,-38746,-38391,-38036,-37681,-37326,-36971,-36616,-36261,-35906,-35551,-35196,-34841,-34486,-34131,-33776,-33421,-33066,-32711,-32356,-32001,-31646,-31291,-30936,-30581,-30226,-29871,-29516,-29161,-28806,-28451,-28096,-27741,-27386,-27031,-26676,-26321,-25966,-25611,-25256,-24901,-24546,-24191,-23836,-23481,-23126,-22771,-22416,-22061,-21706,-21351,-20996,-20641,-20286,-19931,-19576,-19221,-18866,-18511,-18156,-17801,-17446,-17091,-16736,-16381,-16026,-15671,-15316,-14961,-14606,-14251,-13896,-13541,-13186,-12831,-12476,-12121,-11766,-11411,-11056,-10701,-10346,-9991,-9636,-9281,-8926,-8571,-8216,-7861,-7506,-7151,-6796,-6441,-6086,-5731,-5376,-5021,-4666,-4311,-3956,-3601,-3246,-2891,-2536,-2181,-1826,-1471,-1116,-761,-406,-51,MAX=-62886
305,660,1015,1370,1725,2080,2435,2790,3145,3500,3855,4210,4565,4920,5275,5630,5985,6340,6695,7050,7405,7760,8115,8470,8825,9180,9535,9890,10245,10600,10955,11310,11665,12020,12375,12730,13085,13440,13795,14150,14505,14860,15215,15570,15925,16280,16635,16990,17345,17700,17750,18055,18410,18765,19120,19475,19830,20185,20540,20895,21250,21605,21960,22315,22670,23025,23380,23735,24090,24445,24800,25155,25510,25865,26220,26575,26930,27285,27640,27995,28350,28705,29060,29415,29770,30125,30480,30835,31190,31545,31900,32255,32610,32965,33320,33675,34030,34385,34740,35095,35450,35805,36160,36515,36870,37225,37580,37935,38290,38645,39000,39355,39710,40065,40420,40775,41130,41485,41840,42195,42550,42905,43260,43615,43970,44325,44680,45035,45390,45745,46100,46455,46810,47165,47520,47875,48230,48585,48940,49295,49650,50005,50360,50715,51070,51425,51780,52135,52490,52845,53200,53555,53910,54265,54620,54975,55330,55685,56040,56395,56750,57105,57460,57815,58170,58525,58880,59235,59590,59945,60300,60655,61010,61365,61720,62075,62430,62785,-62885,-62530,-62175,-61820,-61465,-61110,-60755,-60400,-60045,-59690,-59335,-58980,-58625,-58270,-57915,-57560,-57205,-56850,-56495,-56140,-55785,-55430,-55075,-54720,-54365,-54010,-53655,-53300,-52945,-52590,-52235,-51880,-51525,-51170,-50815,-50460,-50105,-49750,-49395,-49040,-48685,-48330,-47975,-47620,-47265,-46910,-46555,-46200,-45845,-45490,-45135,-44780,-44425,-44070,-43715,-43360,-43005,-42650,-42295,-41940,-41585,-41230,-40875,-40520,-40165,-39810,-39455,-39100,-38745,-38390,-38035,-37680,-37325,-36970,-36615,-36260,-35905,-35550,-35195,-34840,-34485,-34130,-33775,-33420,-33065,-32710,-32355,-32000,-31645,-31290,-30935,-30580,-30225,-29870,-29515,-29160,-28805,-28450,-28095,-27740,-27385,-27030,-26675,-26320,-25965,-25610,-25255,-24900,-24545,-24190,-23835,-23480,-23125,-22770,-22415,-22060,-21705,-21350,-20995,-20640,-20285,-19930,-19575,-19220,-18865,-18510,-18155,-17800,-17445,-17090,-16735,-16380,-16025,-15670,-15315,-14960,-14605,-14250,-13895,-13540,-13185,-12830,-12475,-12120,-11765,-11410,-11055,-10700,-10345,-9990,-9635,-9280,-8925,-8570,-8215,-7860,-7505,-7150,-6795,-6440,-6085,-5730,-5375,-5020,-4665,-4310,-3955,-3600,-3245,-2890,-2535,-2180,-1825,-1470,-1115,-760,-405,-50,MAX=-62885
306,661,1016,1371,1726,2081,2436,2791,3146,3501,3856,4211,4566,4921,5276,5631,5986,6341,6696,7051,7406,7761,8116,8471,8826,9181,9536,9891,10246,10601,10956,11311,11666,12021,12376,12731,13086,13441,13796,14151,14506,14861,15216,15571,15926,16281,16636,16991,17346,17395,17701,18056,18411,18766,19121,19476,19831,20186,20541,20896,21251,21606,21961,22316,22671,23026,23381,23736,24091,24446,24801,25156,25511,25866,26221,26576,26931,27286,27641,27996,28351,28706,29061,29416,29771,30126,30481,30836,31191,31546,31901,32256,32611,32966,33321,33676,34031,34386,34741,35096,35451,35806,36161,36516,36871,37226,37581,37936,38291,38646,39001,39356,39711,40066,40421,40776,41131,41486,41841,42196,42551,42906,43261,43616,43971,44326,44681,45036,45391,45746,46101,46456,46811,47166,47521,47876,48231,48586,48941,49296,49651,50006,50361,50716,51071,51426,51781,52136,52491,52846,53201,53556,53911,54266,54621,54976,55331,55686,56041,56396,56751,57106,57461,57816,58171,58526,58881,59236,59591,59946,60301,60656,61011,61366,61721,62076,62431,62786,-62884,-62529,-62174,-61819,-61464,-61109,-60754,-60399,-60044,-59689,-59334,-58979,-58624,-58269,-57914,-57559,-57204,-56849,-56494,-56139,-55784,-55429,-55074,-54719,-54364,-54009,-53654,-53299,-52944,-52589,-52234,-51879,-51524,-51169,-50814,-50459,-50104,-49749,-49394,-49039,-48684,-48329,-47974,-47619,-47264,-46909,-46554,-46199,-45844,-45489,-45134,-44779,-44424,-44069,-43714,-43359,-43004,-42649,-42294,-41939,-41584,-41229,-40874,-40519,-40164,-39809,-39454,-39099,-38744,-38389,-38034,-37679,-37324,-36969,-36614,-36259,-35904,-35549,-35194,-34839,-34484,-34129,-33774,-33419,-33064,-32709,-32354,-31999,-31644,-31289,-30934,-30579,-30224,-29869,-29514,-29159,-28804,-28449,-28094,-27739,-27384,-27029,-26674,-26319,-25964,-25609,-25254,-24899,-24544,-24189,-23834,-23479,-23124,-22769,-22414,-22059,-21704,-21349,-20994,-20639,-20284,-19929,-19574,-19219,-18864,-18509,-18154,-17799,-17444,-17089,-16734,-16379,-16024,-15669,-15314,-14959,-14604,-14249,-13894,-13539,-13184,-12829,-12474,-12119,-11764,-11409,-11054,-10699,-10344,-9989,-9634,-9279,-8924,-8569,-8214,-7859,-7504,-7149,-6794,-6439,-6084,-5729,-5374,-5019,-4664,-4309,-3954,-3599,-3244,-2889,-2534,-2179,-1824,-1469,-1114,-759,-404,-49,MAX=-62884
307,662,1017,1372,1727,2082,2437,2792,3147,3502,3857,4212,4567,4922,5277,5632,5987,6342,6697,7052,7407,7762,8117,8472,8827,9182,9537,9892,10247,10602,10957,11312,11667,12022,12377,12732,13087,13442,13797,14152,14507,14862,15217,15572,15927,16282,16637,16992,17040,17347,17702,18057,18412,18767,19122,19477,19832,20187,20542,20897,21252,21607,21962,22317,22672,23027,23382,23737,24092,24447,24802,25157,25512,25867,26222,26577,26932,27287,27642,27997,28352,28707,29062,29417,29772,30127,30482,30837,31192,31547,31902,32257,32612,32967,33322,33677,34032,34387,34742,35097,35452,35807,36162,36517,36872,37227,37582,37937,38292,38647,39002,39357,39712,40067,40422,40777,41132,41487,41842,42197,42552,42907,43262,43617,43972,44327,44682,45037,45392,45747,46102,46457,46812,47167,47522,47877,48232,48587,48942,49297,49652,50007,50362,50717,51072,51427,51782,52137,52492,52847,53202,53557,53912,54267,54622,54977,55332,55687,56042,56397,56752,57107,57462,57817,58172,58527,58882,59237,59592,59947,60302,60657,61012,61367,61722,62077,62432,62787,-62883,-62528,-62173,-61818,-61463,-61108,-60753,-60398,-60043,-59688,-59333,-58978,-58623,-58268,-57913,-57558,-57203,-56848,-56493,-56138,-55783,-55428,-55073,-54718,-54363,-54008,-53653,-53298,-52943,-52588,-52233,-51878,-51523,-51168,-50813,-50458,-50103,-49748,-49393,-49038,-48683,-48328,-47973,-47618,-47263,-46908,-46553,-46198,-45843,-45488,-45133,-44778,-44423,-44068,-43713,-43358,-43003,-42648,-42293,-41938,-41583,-41228,-40873,-40518,-40163,-39808,-39453,-39098,-38743,-38388,-38033,-37678,-37323,-36968,-36613,-36258,-35903,-35548,-35193,-34838,-34483,-34128,-33773,-33418,-33063,-32708,-32353,-31998,-31643,-31288,-30933,-30578,-30223,-29868,-29513,-29158,-28803,-28448,-28093,-27738,-27383,-27028,-26673,-26318,-25963,-25608,-25253,-24898,-24543,-24188,-23833,-23478,-23123,-22768,-22413,-22058,-21703,-21348,-20993,-20638,-20283,-19928,-19573,-19218,-18863,-18508,-18153,-17798,-17443,-17088,-16733,-16378,-16023,-15668,-15313,-14958,-14603,-14248,-13893,-13538,-13183,-12828,-12473,-12118,-11763,-11408,-11053,-10698,-10343,-9988,-9633,-9278,-8923,-8568,-8213,-7858,-7503,-7148,-6793,-6438,-6083,-5728,-5373,-5018,-4663,-4308,-3953,-3598,-3243,-2888,-2533,-2178,-1823,-1468,-1113,-758,-403,-48,MAX=-62883
308,663,1018,1373,1728,2083,2438,2793,3148,3503,3858,4213,4568,4923,5278,5633,5988,6343,6698,7053,7408,7763,8118,8473,8828,9183,9538,9893,10248,10603,10958,11313,11668,12023,12378,12733,13088,13443,13798,14153,14508,14863,15218,15573,15928,16283,16638,16685,16993,17348,17703,18058,18413,18768,19123,19478,19833,20188,20543,20898,21253,21608,21963,22318,22673,23028,23383,23738,24093,24448,24803,25158,25513,25868,26223,26578,26933,27288,27643,27998,28353,28708,29063,29418,29773,30128,30483,30838,31193,31548,31903,32258,32613,32968,33323,33678,34033,34388,34743,35098,35453,35808,36163,36518,36873,37228,37583,37938,38293,38648,39003,39358,39713,40068,40423,40778,41133,41488,41843,42198,42553,42908,43263,43618,43973,44328,44683,45038,45393,45748,46103,46458,46813,47168,47523,47878,48233,48588,48943,49298,49653,50008,50363,50718,51073,51428,51783,52138,52493,52848,53203,53558,53913,54268,54623,54978,55333,55688,56043,56398,56753,57108,57463,57818,58173,58528,58883,59238,59593,59948,60303,60658,61013,61368,61723,62078,62433,62788,-62882,-62527,-62172,-61817,-61462,-61107,-60752,-60397,-60042,-59687,-59332,-58977,-58622,-58267,-57912,-57557,-57202,-56847,-56492,-56137,-55782,-55427,-55072,-54717,-54362,-54007,-53652,-53297,-52942,-52587,-52232,-51877,-51522,-51167,-50812,-50457,-50102,-49747,-49392,-49037,-48682,-48327,-47972,-47617,-47262,-46907,-46552,-46197,-45842,-45487,-45132,-44777,-44422,-44067,-43712,-43357,-43002,-42647,-42292,-41937,-41582,-41227,-40872,-40517,-40162,-39807,-39452,-39097,-38742,-38387,-38032,-37677,-37322,-36967,-36612,-36257,-35902,-35547,-35192,-34837,-34482,-34127,-33772,-33417,-33062,-32707,-32352,-31997,-31642,-31287,-30932,-30577,-30222,-29867,-29512,-29157,-28802,-28447,-28092,-27737,-27382,-27027,-26672,-26317,-25962,-25607,-25252,-24897,-24542,-24187,-23832,-23477,-23122,-22767,-22412,-22057,-21702,-21347,-20992,-20637,-20282,-19927,-19572,-19217,-18862,-18507,-18152,-17797,-17442,-17087,-16732,-16377,-16022,-15667,-15312,-14957,-14602,-14247,-13892,-13537,-13182,-12827,-12472,-12117,-11762,-11407,-11052,-10697,-10342,-9987,-9632,-9277,-8922,-8567,-8212,-7857,-7502,-7147,-6792,-6437,-6082,-5727,-5372,-5017,-4662,-4307,-3952,-3597,-3242,-2887,-2532,-2177,-1822,-1467,-1112,-757,-402,-47,MAX=-62882
309,664,1019,1374,1729,2084,2439,2794,3149,3504,3859,4214,4569,4924,5279,5634,5989,6344,6699,7054,7409,7764,8119,8474,8829,9184,9539,9894,10249,10604,10959,11314,11669,12024,12379,12734,13089,13444,13799,14154,14509,14864,15219,15574,15929,16284,16330,16639,16994,17349,17704,18059,18414,18769,19124,19479,19834,20189,20544,20899,21254,21609,21964,22319,22674,23029,23384,23739,24094,24449,24804,25159,25514,25869,26224,26579,26934,27289,27644,27999,28354,28709,29064,29419,29774,30129,30484,30839,31194,31549,31904,32259,32614,32969,33324,33679,34034,34389,34744,35099,35454,35809,36164,36519,36874,37229,37584,37939,38294,38649,39004,39359,39714,40069,40424,40779,41134,41489,41844,42199,42554,42909,43264,43619,43974,44329,44684,45039,45394,45749,46104,46459,46814,47169,47524,47879,48234,48589,48944,49299,49654,50009,50364,50719,51074,51429,51784,52139,52494,52849,53204,53559,53914,54269,54624,54979,55334,55689,56044,56399,56754,57109,57464,57819,58174,58529,58884,59239,59594,59949,60304,60659,61014,61369,61724,62079,62434,62789,-62881,-62526,-62171,-61816,-61461,-61106,-60751,-60396,-60041,-59686,-59331,-58976,-58621,-58266,-57911,-57556,-57201,-56846,-56491,-56136,-55781,-55426,-55071,-54716,-54361,-54006,-53651,-53296,-52941,-52586,-52231,-51876,-51521,-51166,-50811,-50456,-50101,-49746,-49391,-49036,-48681,-48326,-47971,-47616,-47261,-46906,-46551,-46196,-45841,-45486,-45131,-44776,-44421,-44066,-43711,-43356,-43001,-42646,-42291,-41936,-41581,-41226,-40871,-40516,-40161,-39806,-39451,-39096,-38741,-38386,-38031,-37676,-37321,-36966,-36611,-36256,-35901,-35546,-35191,-34836,-34481,-34126,-33771,-33416,-33061,-32706,-32351,-31996,-31641,-31286,-30931,-30576,-30221,-29866,-29511,-29156,-28801,-28446,-28091,-27736,-27381,-27026,-26671,-26316,-25961,-25606,-25251,-24896,-24541,-24186,-23831,-23476,-23121,-22766,-22411,-22056,-21701,-21346,-20991,-20636,-20281,-19926,-19571,-19216,-18861,-18506,-18151,-17796,-17441,-17086,-16731,-16376,-16021,-15666,-15311,-14956,-14601,-14246,-13891,-13536,-13181,-12826,-12471,-12116,-11761,-11406,-11051,-10696,-10341,-9986,-9631,-9276,-8921,-8566,-8211,-7856,-7501,-7146,-6791,-6436,-6081,-5726,-5371,-5016,-4661,-4306,-3951,-3596,-3241,-2886,-2531,-2176,-1821,-1466,-1111,-756,-401,-46,MAX=-62881
310,665,1020,1375,1730,2085,2440,2795,3150,3505,3860,4215,4570,4925,5280,5635,5990,6345,6700,7055,7410,7765,8120,8475,8830,9185,9540,9895,10250,10605,10960,11315,11670,12025,12380,12735,13090,13445,13800,14155,14510,14865,15220,15575,15930,15975,16285,16640,16995,17350,17705,18060,18415,18770,19125,19480,19835,20190,20545,20900,21255,21610,21965,22320,22675,23030,23385,23740,24095,24450,24805,25160,25515,25870,26225,26580,26935,27290,27645,28000,28355,28710,29065,29420,29775,30130,30485,30840,31195,31550,31905,32260,32615,32970,33325,33680,34035,34390,34745,35100,35455,35810,36165,36520,36875,37230,37585,37940,38295,38650,39005,39360,39715,40070,40425,40780,41135,41490,41845,42200,42555,42910,43265,43620,43975,44330,44685,45040,45395,45750,46105,46460,46815,47170,47525,47880,48235,48590,48945,49300,49655,50010,50365,50720,51075,51430,51785,52140,52495,52850,53205,53560,53915,54270,54625,54980,55335,55690,56045,56400,56755,57110,57465,57820,58175,58530,58885,59240,59595,59950,60305,60660,61015,61370,61725,62080,62435,62790,-62880,-62525,-62170,-61815,-61460,-61105,-60750,-60395,-60040,-59685,-59330,-58975,-58620,-58265,-57910,-57555,-57200,-56845,-56490,-56135,-55780,-55425,-55070,-54715,-54360,-54005,-53650,-53295,-52940,-52585,-52230,-51875,-51520,-51165,-50810,-50455,-50100,-49745,-49390,-49035,-48680,-48325,-47970,-47615,-47260,-46905,-46550,-46195,-45840,-45485,-45130,-44775,-44420,-44065,-43710,-43355,-43000,-42645,-42290,-41935,-41580,-41225,-40870,-40515,-40160,-39805,-39450,-39095,-38740,-38385,-38030,-37675,-37320,-36965,-36610,-36255,-35900,-35545,-35190,-34835,-34480,-34125,-33770,-33415,-33060,-32705,-32350,-31995,-31640,-31285,-30930,-30575,-30220,-29865,-29510,-29155,-28800,-28445,-28090,-27735,-27380,-27025,-26670,-26315,-25960,-25605,-25250,-24895,-24540,-24185,-23830,-23475,-23120,-22765,-22410,-22055,-21700,-21345,-20990,-20635,-20280,-19925,-19570,-19215,-18860,-18505,-18150,-17795,-17440,-17085,-16730,-16375,-16020,-15665,-15310,-14955,-14600,-14245,-13890,-13535,-13180,-12825,-12470,-12115,-11760,-11405,-11050,-10695,-10340,-9985,-9630,-9275,-8920,-8565,-8210,-7855,-7500,-7145,-6790,-6435,-6080,-5725,-5370,-5015,-4660,-4305,-3950,-3595,-3240,-2885,-2530,-2175,-1820,-1465,-1110,-755,-400,-45,MAX=-62880
311,666,1021,1376,1731,2086,2441,2796,3151,3506,3861,4216,4571,4926,5281,5636,5991,6346,6701,7056,7411,7766,8121,8476,8831,9186,9541,9896,10251,10606,10961,11316,11671,12026,12381,12736,13091,13446,13801,14156,14511,14866,15221,15576,15620,15931,16286,16641,16996,17351,17706,18061,18416,18771,19126,19481,19836,20191,20546,20901,21256,21611,21966,22321,22676,23031,23386,23741,24096,24451,24806,25161,25516,25871,26226,26581,26936,27291,27646,28001,28356,28711,29066,29421,29776,30131,30486,30841,31196,31551,31906,32261,32616,32971,33326,33681,34036,34391,34746,35101,35456,35811,36166,36521,36876,37231,37586,37941,38296,38651,39006,39361,39716,40071,40426,40781,41136,41491,41846,42201,42556,42911,43266,43621,43976,44331,44686,45041,45396,45751,46106,46461,46816,47171,47526,47881,48236,48591,48946,49301,49656,50011,50366,50721,51076,51431,51786,52141,52496,52851,53206,53561,53916,54271,54626,54981,55336,55691,56046,56401,56756,57111,57466,57821,58176,58531,58886,59241,59596,59951,60306,60661,61016,61371,61726,62081,62436,62791,-62879,-62524,-62169,-61814,-61459,-61104,-60749,-60394,-60039,-59684,-59329,-58974,-58619,-58264,-57909,-57554,-57199,-56844,-56489,-56134,-55779,-55424,-55069,-54714,-54359,-54004,-53649,-53294,-52939,-52584,-52229,-51874,-51519,-51164,-50809,-50454,-50099,-49744,-49389,-49034,-48679,-48324,-47969,-47614,-47259,-46904,-46549,-46194,-45839,-45484,-45129,-44774,-44419,-44064,-43709,-43354,-42999,-42644,-42289,-41934,-41579,-41224,-40869,-40514,-40159,-39804,-39449,-39094,-38739,-38384,-38029,-37674,-37319,-36964,-36609,-36254,-35899,-35544,-35189,-34834,-34479,-34124,-33769,-33414,-33059,-32704,-32349,-31994,-31639,-31284,-30929,-30574,-30219,-29864,-29509,-29154,-28799,-28444,-28089,-27734,-27379,-27024,-26669,-26314,-25959,-25604,-25249,-24894,-24539,-24184,-23829,-23474,-23119,-22764,-22409,-22054,-21699,-21344,-20989,-20634,-20279,-19924,-19569,-19214,-18859,-18504,-18149,-17794,-17439,-17084,-16729,-16374,-16019,-15664,-15309,-14954,-14599,-14244,-13889,-13534,-13179,-12824,-12469,-12114,-11759,-11404,-11049,-10694,-10339,-9984,-9629,-9274,-8919,-8564,-8209,-7854,-7499,-7144,-6789,-6434,-6079,-5724,-5369,-5014,-4659,-4304,-3949,-3594,-3239,-2884,-2529,-2174,-1819,-1464,-1109,-754,-399,-44,MAX=-62879
312,667,1022,1377,1732,2087,2442,2797,3152,3507,3862,4217,4572,4927,5282,5637,5992,6347,6702,7057,7412,7767,8122,8477,8832,9187,9542,9897,10252,10607,10962,11317,11672,12027,12382,12737,13092,13447,13802,14157,14512,14867,15222,15265,15577,15932,16287,16642,16997,17352,17707,18062,18417,18772,19127,19482,19837,20192,20547,20902,21257,21612,21967,22322,22677,23032,23387,23742,24097,24452,24807,25162,25517,25872,26227,26582,26937,27292,27647,28002,28357,28712,29067,29422,29777,30132,30487,30842,31197,31552,31907,32262,32617,32972,33327,33682,34037,34392,34747,35102,35457,35812,36167,36522,36877,37232,37587,37942,38297,38652,39007,39362,39717,40072,40427,40782,41137,41492,41847,42202,42557,42912,43267,43622,43977,44332,44687,45042,45397,45752,46107,46462,46817,47172,47527,47882,48237,48592,48947,49302,49657,50012,50367,50722,51077,51432,51787,52142,52497,52852,53207,53562,53917,54272,54627,54982,55337,55692,56047,56402,56757,57112,57467,57822,58177,58532,58887,59242,59597,59952,60307,60662,61017,61372,61727,62082,62437,62792,-62878,-62523,-62168,-61813,-61458,-61103,-60748,-60393,-60038,-59683,-59328,-58973,-58618,-58263,-57908,-57553,-57198,-56843,-56488,-56133,-55778,-55423,-55068,-54713,-54358,-54003,-53648,-53293,-52938,-52583,-52228,-51873,-51518,-51163,-50808,-50453,-50098,-49743,-49388,-49033,-48678,-48323,-47968,-47613,-47258,-46903,-46548,-46193,-45838,-45483,-45128,-44773,-44418,-44063,-43708,-43353,-42998,-42643,-42288,-41933,-41578,-41223,-40868,-40513,-40158,-39803,-39448,-39093,-38738,-38383,-38028,-37673,-37318,-36963,-36608,-36253,-35898,-35543,-35188,-34833,-34478,-34123,-33768,-33413,-33058,-32703,-32348,-31993,-31638,-31283,-30928,-30573,-30218,-29863,-29508,-29153,-28798,-28443,-28088,-27733,-27378,-27023,-26668,-26313,-25958,-25603,-25248,-24893,-24538,-24183,-23828,-23473,-23118,-22763,-22408,-22053,-21698,-21343,-20988,-20633,-20278,-19923,-19568,-19213,-18858,-18503,-18148,-17793,-17438,-17083,-16728,-16373,-16018,-15663,-15308,-14953,-14598,-14243,-13888,-13533,-13178,-12823,-12468,-12113,-11758,-11403,-11048,-10693,-10338,-9983,-9628,-9273,-8918,-8563,-8208,-7853,-7498,-7143,-6788,-6433,-6078,-5723,-5368,-5013,-4658,-4303,-3948,-3593,-3238,-2883,-2528,-2173,-1818,-1463,-1108,-753,-398,-43,MAX=-62878
313,668,1023,1378,1733,2088,2443,2798,3153,3508,3863,4218,4573,4928,5283,5638,5993,6348,6703,7058,7413,7768,8123,8478,8833,9188,9543,9898,10253,10608,10963,11318,11673,12028,12383,12738,13093,13448,13803,14158,14513,14868,14910,15223,15578,15933,16288,16643,16998,17353,17708,18063,18418,18773,19128,19483,19838,20193,20548,20903,21258,21613,21968,22323,22678,23033,23388,23743,24098,24453,24808,25163,25518,25873,26228,26583,26938,27293,27648,28003,28358,28713,29068,29423,29778,30133,30488,30843,31198,31553,31908,32263,32618,32973,33328,33683,34038,34393,34748,35103,35458,35813,36168,36523,36878,37233,37588,37943,38298,38653,39008,39363,39718,40073,40428,40783,41138,41493,41848,42203,42558,42913,43268,43623,43978,44333,44688,45043,45398,45753,46108,46463,46818,47173,47528,47883,48238,48593,48948,49303,49658,50013,50368,50723,51078,51433,51788,52143,52498,52853,53208,53563,53918,54273,54628,54983,55338,55693,56048,56403,56758,57113,57468,57823,58178,58533,58888,59243,59598,59953,60308,60663,61018,61373,61728,62083,62438,62793,-62877,-62522,-62167,-61812,-61457,-61102,-60747,-60392,-60037,-59682,-59327,-58972,-58617,-58262,-57907,-57552,-57197,-56842,-56487,-56132,-55777,-55422,-55067,-54712,-54357,-54002,-53647,-53292,-52937,-52582,-52227,-51872,-51517,-51162,-50807,-50452,-50097,-49742,-49387,-49032,-48677,-48322,-47967,-47612,-47257,-46902,-46547,-46192,-45837,-45482,-45127,-44772,-44417,-44062,-43707,-43352,-42997,-42642,-42287,-41932,-41577,-41222,-40867,-40512,-40157,-39802,-39447,-39092,-38737,-38382,-38027,-37672,-37317,-36962,-36607,-36252,-35897,-35542,-35187,-34832,-34477,-34122,-33767,-33412,-33057,-32702,-32347,-31992,-31637,-31282,-30927,-30572,-30217,-29862,-29507,-29152,-28797,-28442,-28087,-27732,-27377,-27022,-26667,-26312,-25957,-25602,-25247,-24892,-24537,-24182,-23827,-23472,-23117,-22762,-22407,-22052,-21697,-21342,-20987,-20632,-20277,-19922,-19567,-19212,-18857,-18502,-18147,-17792,-17437,-17082,-16727,-16372,-16017,-15662,-15307,-14952,-14597,-14242,-13887,-13532,-13177,-12822,-12467,-12112,-11757,-11402,-11047,-10692,-10337,-9982,-9627,-9272,-8917,-8562,-8207,-7852,-7497,-7142,-6787,-6432,-6077,-5722,-5367,-5012,-4657,-4302,-3947,-3592,-3237,-2882,-2527,-2172,-1817,-1462,-1107,-752,-397,-42,MAX=-62877
314,669,1024,1379,1734,2089,2444,2799,3154,3509,3864,4219,4574,4929,5284,5639,5994,6349,6704,7059,7414,7769,8124,8479,8834,9189,9544,9899,10254,10609,10964,11319,11674,12029,12384,12739,13094,13449,13804,14159,14514,14555,14869,15224,15579,15934,16289,16644,16999,17354,17709,18064,18419,18774,19129,19484,19839,20194,20549,20904,21259,21614,21969,22324,22679,23034,23389,23744,24099,24454,24809,25164,25519,25874,26229,26584,26939,27294,27649,28004,28359,28714,29069,29424,29779,30134,30489,30844,31199,31554,31909,32264,32619,32974,33329,33684,34039,34394,34749,35104,35459,35814,36169,36524,36879,37234,37589,37944,38299,38654,39009,39364,39719,40074,40429,40784,41139,41494,41849,42204,42559,42914,43269,43624,43979,44334,44689,45044,45399,45754,46109,46464,46819,47174,47529,47884,48239,48594,48949,49304,49659,50014,50369,50724,51079,51434,51789,52144,52499,52854,53209,53564,53919,54274,54629,54984,55339,55694,56049,56404,56759,57114,57469,57824,58179,58534,58889,59244,59599,59954,60309,60664,61019,61374,61729,62084,62439,62794,-62876,-62521,-62166,-61811,-61456,-61101,-60746,-60391,-60036,-59681,-59326,-58971,-58616,-58261,-57906,-57551,-57196,-56841,-56486,-56131,-55776,-55421,-55066,-54711,-54356,-54001,-53646,-53291,-52936,-52581,-52226,-51871,-51516,-51161,-50806,-50451,-50096,-49741,-49386,-49031,-48676,-48321,-47966,-47611,-47256,-46901,-46546,-46191,-45836,-45481,-45126,-44771,-44416,-44061,-43706,-43351,-42996,-42641,-42286,-41931,-41576,-41221,-40866,-40511,-40156,-39801,-39446,-39091,-38736,-38381,-38026,-37671,-37316,-36961,-36606,-36251,-35896,-35541,-35186,-34831,-34476,-34121,-33766,-33411,-33056,-32701,-32346,-31991,-31636,-31281,-30926,-30571,-30216,-29861,-29506,-29151,-28796,-28441,-28086,-27731,-27376,-27021,-26666,-26311,-25956,-25601,-25246,-24891,-24536,-24181,-23826,-23471,-23116,-22761,-22406,-22051,-21696,-21341,-20986,-20631,-20276,-19921,-19566,-19211,-18856,-18501,-18146,-17791,-17436,-17081,-16726,-16371,-16016,-15661,-15306,-14951,-14596,-14241,-13886,-13531,-13176,-12821,-12466,-12111,-11756,-11401,-11046,-10691,-10336,-9981,-9626,-9271,-8916,-8561,-8206,-7851,-7496,-7141,-6786,-6431,-6076,-5721,-5366,-5011,-4656,-4301,-3946,-3591,-3236,-2881,-2526,-2171,-1816,-1461,-1106,-751,-396,-41,MAX=-62876
315,670,1025,1380,1735,2090,2445,2800,3155,3510,3865,4220,4575,4930,5285,5640,5995,6350,6705,7060,7415,7770,8125,8480,8835,9190,9545,9900,10255,10610,10965,11320,11675,12030,12385,12740,13095,13450,13805,14160,14200,14515,14870,15225,15580,15935,16290,16645,17000,17355,17710,18065,18420,18775,19130,19485,19840,20195,20550,20905,21260,21615,21970,22325,22680,23035,23390,23745,24100,24455,24810,25165,25520,25875,26230,26585,26940,27295,27650,28005,28360,28715,29070,29425,29780,30135,30490,30845,31200,31555,31910,32265,32620,32975,33330,33685,34040,34395,34750,35105,35460,35815,36170,36525,36880,37235,37590,37945,38300,38655,39010,39365,39720,40075,40430,40785,41140,41495,41850,42205,42560,42915,43270,43625,43980,44335,44690,45045,45400,45755,46110,46465,46820,47175,47530,47885,48240,48595,48950,49305,49660,50015,50370,50725,51080,51435,51790,52145,52500,52855,53210,53565,53920,54275,54630,54985,55340,55695,56050,56405,56760,57115,57470,57825,58180,58535,58890,59245,59600,59955,60310,60665,61020,61375,61730,62085,62440,62795,-62875,-62520,-62165,-61810,-61455,-61100,-60745,-60390,-60035,-59680,-59325,-58970,-58615,-58260,-57905,-57550,-57195,-56840,-56485,-56130,-55775,-55420,-55065,-54710,-54355,-54000,-53645,-53290,-52935,-52580,-52225,-51870,-51515,-51160,-50805,-50450,-50095,-49740,-49385,-49030,-48675,-48320,-47965,-47610,-47255,-46900,-46545,-46190,-45835,-45480,-45125,-44770,-44415,-44060,-43705,-43350,-42995,-42640,-42285,-41930,-41575,-41220,-40865,-40510,-40155,-39800,-39445,-39090,-38735,-38380,-38025,-37670,-37315,-36960,-36605,-36250,-35895,-35540,-35185,-34830,-34475,-34120,-33765,-33410,-33055,-32700,-32345,-31990,-31635,-31280,-30925,-30570,-30215,-29860,-29505,-29150,-28795,-28440,-28085,-27730,-27375,-27020,-26665,-26310,-25955,-25600,-25245,-24890,-24535,-24180,-23825,-23470,-23115,-22760,-22405,-22050,-21695,-21340,-20985,-20630,-20275,-19920,-19565,-19210,-18855,-18500,-18145,-17790,-17435,-17080,-16725,-16370,-16015,-15660,-15305,-14950,-14595,-14240,-13885,-13530,-13175,-12820,-12465,-12110,-11755,-11400,-11045,-10690,-10335,-9980,-9625,-9270,-8915,-8560,-8205,-7850,-7495,-7140,-6785,-6430,-6075,-5720,-5365,-5010,-4655,-4300,-3945,-3590,-3235,-2880,-2525,-2170,-1815,-1460,-1105,-750,-395,-40,MAX=-62875
316,671,1026,1381,1736,2091,2446,2801,3156,3511,3866,4221,4576,4931,5286,5641,5996,6351,6706,7061,7416,7771,8126,8481,8836,9191,9546,9901,10256,10611,10966,11321,11676,12031,12386,12741,13096,13451,13806,13845,14161,14516,14871,15226,15581,15936,16291,16646,17001,17356,17711,18066,18421,18776,19131,19486,19841,20196,20551,20906,21261,21616,21971,22326,22681,23036,23391,23746,24101,24456,24811,25166,25521,25876,26231,26586,26941,27296,27651,28006,28361,28716,29071,29426,29781,30136,30491,30846,31201,31556,31911,32266,32621,32976,33331,33686,34041,34396,34751,35106,35461,35816,36171,36526,36881,37236,37591,37946,38301,38656,39011,39366,39721,40076,40431,40786,41141,41496,41851,42206,42561,42916,43271,43626,43981,44336,44691,45046,45401,45756,46111,46466,46821,47176,47531,47886,48241,48596,48951,49306,49661,50016,50371,50726,51081,51436,51791,52146,52501,52856,53211,53566,53921,54276,54631,54986,55341,55696,56051,56406,56761,57116,57471,57826,58181,58536,58891,59246,59601,59956,60311,60666,61021,61376,61731,62086,62441,62796,-62874,-62519,-62164,-61809,-61454,-61099,-60744,-60389,-60034,-59679,-59324,-58969,-58614,-58259,-57904,-57549,-57194,-56839,-56484,-56129,-55774,-55419,-55064,-54709,-54354,-53999,-53644,-53289,-52934,-52579,-52224,-51869,-51514,-51159,-50804,-50449,-50094,-49739,-49384,-49029,-48674,-48319,-47964,-47609,-47254,-46899,-46544,-46189,-45834,-45479,-45124,-44769,-44414,-44059,-43704,-43349,-42994,-42639,-42284,-41929,-41574,-41219,-40864,-40509,-40154,-39799,-39444,-39089,-38734,-38379,-38024,-37669,-37314,-36959,-36604,-36249,-35894,-35539,-35184,-34829,-34474,-34119,-33764,-33409,-33054,-32699,-32344,-31989,-31634,-31279,-30924,-30569,-30214,-29859,-29504,-29149,-28794,-28439,-28084,-27729,-27374,-27019,-26664,-26309,-25954,-25599,-25244,-24889,-24534,-24179,-23824,-23469,-23114,-22759,-22404,-22049,-21694,-21339,-20984,-20629,-20274,-19919,-19564,-19209,-18854,-18499,-18144,-17789,-17434,-17079,-16724,-16369,-16014,-15659,-15304,-14949,-14594,-14239,-13884,-13529,-13174,-12819,-12464,-12109,-11754,-11399,-11044,-10689,-10334,-9979,-9624,-9269,-8914,-8559,-8204,-7849,-7494,-7139,-6784,-6429,-6074,-5719,-5364,-5009,-4654,-4299,-3944,-3589,-3234,-2879,-2524,-2169,-1814,-1459,-1104,-749,-394,-39,MAX=-62874
317,672,1027,1382,1737,2092,2447,2802,3157,3512,3867,4222,4577,4932,5287,5642,5997,6352,6707,7062,7417,7772,8127,8482,8837,9192,9547,9902,10257,10612,10967,11322,11677,12032,12387,12742,13097,13452,13490,13807,14162,14517,14872,15227,15582,15937,16292,16647,17002,17357,17712,18067,18422,18777,19132,19487,19842,20197,20552,20907,21262,21617,21972,22327,22682,23037,23392,23747,24102,24457,24812,25167,25522,25877,26232,26587,26942,27297,27652,28007,28362,28717,29072,29427,29782,30137,30492,30847,31202,31557,31912,32267,32622,32977,33332,33687,34042,34397,34752,35107,35462,35817,36172,36527,36882,37237,37592,37947,38302,38657,39012,39367,39722,40077,40432,40787,41142,41497,41852,42207,42562,42917,43272,43627,43982,44337,44692,45047,45402,45757,46112,46467,46822,47177,47532,47887,48242,48597,48952,49307,49662,50017,50372,50727,51082,51437,51792,52147,52502,52857,53212,53567,53922,54277,54632,54987,55342,55697,56052,56407,56762,57117,57472,57827,58182,58537,58892,59247,59602,59957,60312,60667,61022,61377,61732,62087,62442,62797,-62873,-62518,-62163,-61808,-61453,-61098,-60743,-60388,-60033,-59678,-59323,-58968,-58613,-58258,-57903,-57548,-57193,-56838,-56483,-56128,-55773,-55418,-55063,-54708,-54353,-53998,-53643,-53288,-52933,-52578,-52223,-51868,-51513,-51158,-50803,-50448,-50093,-49738,-49383,-49028,-48673,-48318,-47963,-47608,-47253,-46898,-46543,-46188,-45833,-45478,-45123,-44768,-44413,-44058,-43703,-43348,-42993,-42638,-42283,-41928,-41573,-41218,-40863,-40508,-40153,-39798,-39443,-39088,-38733,-38378,-38023,-37668,-37313,-36958,-36603,-36248,-35893,-35538,-35183,-34828,-34473,-34118,-33763,-33408,-33053,-32698,-32343,-31988,-31633,-31278,-30923,-30568,-30213,-29858,-29503,-29148,-28793,-28438,-28083,-27728,-27373,-27018,-26663,-26308,-25953,-25598,-25243,-24888,-24533,-24178,-23823,-23468,-23113,-22758,-22403,-22048,-21693,-21338,-20983,-20628,-20273,-19918,-19563,-19208,-18853,-18498,-18143,-17788,-17433,-17078,-16723,-16368,-16013,-15658,-15303,-14948,-14593,-14238,-13883,-13528,-13173,-12818,-12463,-12108,-11753,-11398,-11043,-10688,-10333,-9978,-9623,-9268,-8913,-8558,-8203,-7848,-7493,-7138,-6783,-6428,-6073,-5718,-5363,-5008,-4653,-4298,-3943,-3588,-3233,-2878,-2523,-2168,-1813,-1458,-1103,-748,-393,-38,MAX=-62873
318,673,1028,1383,1738,2093,2448,2803,3158,3513,3868,4223,4578,4933,5288,5643,5998,6353,6708,7063,7418,7773,8128,8483,8838,9193,9548,9903,10258,10613,10968,11323,11678,12033,12388,12743,13098,13135,13453,13808,14163,14518,14873,15228,15583,15938,16293,16648,17003,17358,17713,18068,18423,18778,19133,19488,19843,20198,20553,20908,21263,21618,21973,22328,22683,23038,23393,23748,24103,24458,24813,25168,25523,25878,26233,26588,26943,27298,27653,28008,28363,28718,29073,29428,29783,30138,30493,30848,31203,31558,31913,32268,32623,32978,33333,33688,34043,34398,34753,35108,35463,35818,36173,36528,36883,37238,37593,37948,38303,38658,39013,39368,39723,40078,40433,40788,41143,41498,41853,42208,42563,42918,43273,43628,43983,44338,44693,45048,45403,45758,46113,46468,46823,47178,47533,47888,48243,48598,48953,49308,49663,50018,50373,50728,51083,51438,51793,52148,52503,52858,53213,53568,53923,54278,54633,54988,55343,55698,56053,56408,56763,57118,57473,57828,58183,58538,58893,59248,59603,59958,60313,60668,61023,61378,61733,62088,62443,62798,-62872,-62517,-62162,-61807,-61452,-61097,-60742,-60387,-60032,-59677,-59322,-58967,-58612,-58257,-57902,-57547,-57192,-56837,-56482,-56127,-55772,-55417,-55062,-54707,-54352,-53997,-53642,-53287,-52932,-52577,-52222,-51867,-51512,-51157,-50802,-50447,-50092,-49737,-49382,-49027,-48672,-48317,-47962,-47607,-47252,-46897,-46542,-46187,-45832,-45477,-45122,-44767,-44412,-44057,-43702,-43347,-42992,-42637,-42282,-41927,-41572,-41217,-40862,-40507,-40152,-39797,-39442,-39087,-38732,-38377,-38022,-37667,-37312,-36957,-36602,-36247,-35892,-35537,-35182,-34827,-34472,-34117,-33762,-33407,-33052,-32697,-32342,-31987,-31632,-31277,-30922,-30567,-30212,-29857,-29502,-29147,-28792,-28437,-28082,-27727,-27372,-27017,-26662,-26307,-25952,-25597,-25242,-24887,-24532,-24177,-23822,-23467,-23112,-22757,-22402,-22047,-21692,-21337,-20982,-20627,-20272,-19917,-19562,-19207,-18852,-18497,-18142,-17787,-17432,-17077,-16722,-16367,-16012,-15657,-15302,-14947,-14592,-14237,-13882,-13527,-13172,-12817,-12462,-12107,-11752,-11397,-11042,-10687,-10332,-9977,-9622,-9267,-8912,-8557,-8202,-7847,-7492,-7137,-6782,-6427,-6072,-5717,-5362,-5007,-4652,-4297,-3942,-3587,-3232,-2877,-2522,-2167,-1812,-1457,-1102,-747,-392,-37,MAX=-62872
319,674,1029,1384,1739,2094,2449,2804,3159,3514,3869,4224,4579,4934,5289,5644,5999,6354,6709,7064,7419,7774,8129,8484,8839,9194,9549,9904,10259,10614,10969,11324,11679,12034,12389,12744,12780,13099,13454,13809,14164,14519,14874,15229,15584,15939,16294,16649,17004,17359,17714,18069,18424,18779,19134,19489,19844,20199,20554,20909,21264,21619,21974,22329,22684,23039,23394,23749,24104,24459,24814,25169,25524,25879,26234,26589,26944,27299,27654,28009,28364,28719,29074,29429,29784,30139,30494,30849,31204,31559,31914,32269,32624,32979,33334,33689,34044,34399,34754,35109,35464,35819,36174,36529,36884,37239,37594,37949,38304,38659,39014,39369,39724,40079,40434,40789,41144,41499,41854,42209,42564,42919,43274,43629,43984,44339,44694,45049,45404,45759,46114,46469,46824,47179,47534,47889,48244,48599,48954,49309,49664,50019,50374,50729,51084,51439,51794,52149,52504,52859,53214,53569,53924,54279,54634,54989,55344,55699,56054,56409,56764,57119,57474,57829,58184,58539,58894,59249,59604,59959,60314,60669,61024,61379,61734,62089,62444,62799,-62871,-62516,-62161,-61806,-61451,-61096,-60741,-60386,-60031,-59676,-59321,-58966,-58611,-58256,-57901,-57546,-57191,-56836,-56481,-56126,-55771,-55416,-55061,-54706,-54351,-53996,-53641,-53286,-52931,-52576,-52221,-51866,-51511,-51156,-50801,-50446,-50091,-49736,-49381,-49026,-48671,-48316,-47961,-47606,-47251,-46896,-46541,-46186,-45831,-45476,-45121,-44766,-44411,-44056,-43701,-43346,-42991,-42636,-42281,-41926,-41571,-41216,-40861,-40506,-40151,-39796,-39441,-39086,-38731,-38376,-38021,-37666,-37311,-36956,-36601,-36246,-35891,-35536,-35181,-34826,-34471,-34116,-33761,-33406,-33051,-32696,-32341,-31986,-31631,-31276,-30921,-30566,-30211,-29856,-29501,-29146,-28791,-28436,-28081,-27726,-27371,-27016,-26661,-26306,-25951,-25596,-25241,-24886,-24531,-24176,-23821,-23466,-23111,-22756,-22401,-22046,-21691,-21336,-20981,-20626,-20271,-19916,-19561,-19206,-18851,-18496,-18141,-17786,-17431,-17076,-16721,-16366,-16011,-15656,-15301,-14946,-14591,-14236,-13881,-13526,-13171,-12816,-12461,-12106,-11751,-11396,-11041,-10686,-10331,-9976,-9621,-9266,-8911,-8556,-8201,-7846,-7491,-7136,-6781,-6426,-6071,-5716,-5361,-5006,-4651,-4296,-3941,-3586,-3231,-2876,-2521,-2166,-1811,-1456,-1101,-746,-391,-36,MAX=-62871
320,675,1030,1385,1740,2095,2450,2805,3160,3515,3870,4225,4580,4935,5290,5645,6000,6355,6710,7065,7420,7775,8130,8485,8840,9195,9550,9905,10260,10615,10970,11325,11680,12035,12390,12425,12745,13100,13455,13810,14165,14520,14875,15230,15585,15940,16295,16650,17005,17360,17715,18070,18425,18780,19135,19490,19845,20200,20555,20910,21265,21620,21975,22330,22685,23040,23395,23750,24105,24460,24815,25170,25525,25880,26235,26590,26945,27300,27655,28010,28365,28720,29075,29430,29785,30140,30495,30850,31205,31560,31915,32270,32625,32980,33335,33690,34045,34400,34755,35110,35465,35820,36175,36530,36885,37240,37595,37950,38305,38660,39015,39370,39725,40080,40435,40790,41145,41500,41855,42210,42565,42920,43275,43630,43985,44340,44695,45050,45405,45760,46115,46470,46825,47180,47535,47890,48245,48600,48955,49310,49665,50020,50375,50730,51085,51440,51795,52150,52505,52860,53215,53570,53925,54280,54635,54990,55345,55700,56055,56410,56765,57120,57475,57830,58185,58540,58895,59250,59605,59960,60315,60670,61025,61380,61735,62090,62445,62800,-62870,-62515,-62160,-61805,-61450,-61095,-60740,-60385,-60030,-59675,-59320,-58965,-58610,-58255,-57900,-57545,-57190,-56835,-56480,-56125,-55770,-55415,-55060,-54705,-54350,-53995,-53640,-53285,-52930,-52575,-52220,-51865,-51510,-51155,-50800,-50445,-50090,-49735,-49380,-49025,-48670,-48315,-47960,-47605,-47250,-46895,-46540,-46185,-45830,-45475,-45120,-44765,-44410,-44055,-43700,-43345,-42990,-42635,-42280,-41925,-41570,-41215,-40860,-40505,-40150,-39795,-39440,-39085,-38730,-38375,-38020,-37665,-37310,-36955,-36600,-36245,-35890,-35535,-35180,-34825,-34470,-34115,-33760,-33405,-33050,-32695,-32340,-31985,-31630,-31275,-30920,-30565,-30210,-29855,-29500,-29145,-28790,-28435,-28080,-27725,-27370,-27015,-26660,-26305,-25950,-25595,-25240,-24885,-24530,-24175,-23820,-23465,-23110,-22755,-22400,-22045,-21690,-21335,-20980,-20625,-20270,-19915,-19560,-19205,-18850,-18495,-18140,-17785,-17430,-17075,-16720,-16365,-16010,-15655,-15300,-14945,-14590,-14235,-13880,-13525,-13170,-12815,-12460,-12105,-11750,-11395,-11040,-10685,-10330,-9975,-9620,-9265,-8910,-8555,-8200,-7845,-7490,-7135,-6780,-6425,-6070,-5715,-5360,-5005,-4650,-4295,-3940,-3585,-3230,-2875,-2520,-2165,-1810,-1455,-1100,-745,-390,-35,MAX=-62870
321,676,1031,1386,1741,2096,2451,2806,3161,3516,3871,4226,4581,4936,5291,5646,6001,6356,6711,7066,7421,7776,8131,8486,8841,9196,9551,9906,10261,10616,10971,11326,11681,12036,12070,12391,12746,13101,13456,13811,14166,14521,14876,15231,15586,15941,16296,16651,17006,17361,17716,18071,18426,18781,19136,19491,19846,20201,20556,20911,21266,21621,21976,22331,22686,23041,23396,23751,24106,24461,24816,25171,25526,25881,26236,26591,26946,27301,27656,28011,28366,28721,29076,29431,29786,30141,30496,30851,31206,31561,31916,32271,32626,32981,33336,33691,34046,34401,34756,35111,35466,35821,36176,36531,36886,37241,37596,37951,38306,38661,39016,39371,39726,40081,40436,40791,41146,41501,41856,42211,42566,42921,43276,43631,43986,44341,44696,45051,45406,45761,46116,46471,46826,47181,47536,47891,48246,48601,48956,49311,49666,50021,50376,50731,51086,51441,51796,52151,52506,52861,53216,53571,53926,54281,54636,54991,55346,55701,56056,56411,56766,57121,57476,57831,58186,58541,58896,59251,59606,59961,60316,60671,61026,61381,61736,62091,62446,62801,-62869,-62514,-62159,-61804,-61449,-61094,-60739,-60384,-60029,-59674,-59319,-58964,-58609,-58254,-57899,-57544,-57189,-56834,-56479,-56124,-55769,-55414,-55059,-54704,-54349,-53994,-53639,-53284,-52929,-52574,-52219,-51864,-51509,-51154,-50799,-50444,-50089,-49734,-49379,-49024,-48669,-48314,-47959,-47604,-47249,-46894,-46539,-46184,-45829,-45474,-45119,-44764,-44409,-44054,-43699,-43344,-42989,-42634,-42279,-41924,-41569,-41214,-40859,-40504,-40149,-39794,-39439,-39084,-38729,-38374,-38019,-37664,-37309,-36954,-36599,-36244,-35889,-35534,-35179,-34824,-34469,-34114,-33759,-33404,-33049,-32694,-32339,-31984,-31629,-31274,-30919,-30564,-30209,-29854,-29499,-29144,-28789,-28434,-28079,-27724,-27369,-27014,-26659,-26304,-25949,-25594,-25239,-24884,-24529,-24174,-23819,-23464,-23109,-22754,-22399,-22044,-21689,-21334,-20979,-20624,-20269,-19914,-19559,-19204,-18849,-18494,-18139,-17784,-17429,-17074,-16719,-16364,-16009,-15654,-15299,-14944,-14589,-14234,-13879,-13524,-13169,-12814,-12459,-12104,-11749,-11394,-11039,-10684,-10329,-9974,-9619,-9264,-8909,-8554,-8199,-7844,-7489,-7134,-6779,-6424,-6069,-5714,-5359,-5004,-4649,-4294,-3939,-3584,-3229,-2874,-2519,-2164,-1809,-1454,-1099,-744,-389,-34,MAX=-62869
322,677,1032,1387,1742,2097,2452,2807,3162,3517,3872,4227,4582,4937,5292,5647,6002,6357,6712,7067,7422,7777,8132,8487,8842,9197,9552,9907,10262,10617,10972,11327,11682,11715,12037,12392,12747,13102,13457,13812,14167,14522,14877,15232,15587,15942,16297,16652,17007,17362,17717,18072,18427,18782,19137,19492,19847,20202,20557,20912,21267,21622,21977,22332,22687,23042,23397,23752,24107,24462,24817,25172,25527,25882,26237,26592,26947,27302,27657,28012,28367,28722,29077,29432,29787,30142,30497,30852,31207,31562,31917,32272,32627,32982,33337,33692,34047,34402,34757,35112,35467,35822,36177,36532,36887,37242,37597,37952,38307,38662,39017,39372,39727,40082,40437,40792,41147,41502,41857,42212,42567,42922,43277,43632,43987,44342,44697,45052,45407,45762,46117,46472,46827,47182,47537,47892,48247,48602,48957,49312,49667,50022,50377,50732,51087,51442,51797,52152,52507,52862,53217,53572,53927,54282,54637,54992,55347,55702,56057,56412,56767,57122,57477,57832,58187,58542,58897,59252,59607,59962,60317,60672,61027,61382,61737,62092,62447,62802,-62868,-62513,-62158,-61803,-61448,-61093,-60738,-60383,-60028,-59673,-59318,-58963,-58608,-58253,-57898,-57543,-57188,-56833,-56478,-56123,-55768,-55413,-55058,-54703,-54348,-53993,-53638,-53283,-52928,-52573,-52218,-51863,-51508,-51153,-50798,-50443,-50088,-49733,-49378,-49023,-48668,-48313,-47958,-47603,-47248,-46893,-46538,-46183,-45828,-45473,-45118,-44763,-44408,-44053,-43698,-43343,-42988,-42633,-42278,-41923,-41568,-41213,-40858,-40503,-40148,-39793,-39438,-39083,-38728,-38373,-38018,-37663,-37308,-36953,-36598,-36243,-35888,-35533,-35178,-34823,-34468,-34113,-33758,-33403,-33048,-32693,-32338,-31983,-31628,-31273,-30918,-30563,-30208,-29853,-29498,-29143,-28788,-28433,-28078,-27723,-27368,-27013,-26658,-26303,-25948,-25593,-25238,-24883,-24528,-24173,-23818,-23463,-23108,-22753,-22398,-22043,-21688,-21333,-20978,-20623,-20268,-19913,-19558,-19203,-18848,-18493,-18138,-17783,-17428,-17073,-16718,-16363,-16008,-15653,-15298,-14943,-14588,-14233,-13878,-13523,-13168,-12813,-12458,-12103,-11748,-11393,-11038,-10683,-10328,-9973,-9618,-9263,-8908,-8553,-8198,-7843,-7488,-7133,-6778,-6423,-6068,-5713,-5358,-5003,-4648,-4293,-3938,-3583,-3228,-2873,-2518,-2163,-1808,-1453,-1098,-743,-388,-33,MAX=-62868
323,678,1033,1388,1743,2098,2453,2808,3163,3518,3873,4228,4583,4938,5293,5648,6003,6358,6713,7068,7423,7778,8133,8488,8843,9198,9553,9908,10263,10618,10973,11328,11360,11683,12038,12393,12748,13103,13458,13813,14168,14523,14878,15233,15588,15943,16298,16653,17008,17363,17718,18073,18428,18783,19138,19493,19848,20203,20558,20913,21268,21623,21978,22333,22688,23043,23398,23753,24108,24463,24818,25173,25528,25883,26238,26593,26948,27303,27658,28013,28368,28723,29078,29433,29788,30143,30498,30853,31208,31563,31918,32273,32628,32983,33338,33693,34048,34403,34758,35113,35468,35823,36178,36533,36888,37243,37598,37953,38308,38663,39018,39373,39728,40083,40438,40793,41148,41503,41858,42213,42568,42923,43278,43633,43988,44343,44698,45053,45408,45763,46118,46473,46828,47183,47538,47893,48248,48603,48958,49313,49668,50023,50378,50733,51088,51443,51798,52153,52508,52863,53218,53573,53928,54283,54638,54993,55348,55703,56058,56413,56768,57123,57478,57833,58188,58543,58898,59253,59608,59963,60318,60673,61028,61383,61738,62093,62448,62803,-62867,-62512,-62157,-61802,-61447,-61092,-60737,-60382,-60027,-59672,-59317,-58962,-58607,-58252,-57897,-57542,-57187,-56832,-56477,-56122,-55767,-55412,-55057,-54702,-54347,-53992,-53637,-53282,-52927,-52572,-52217,-51862,-51507,-51152,-50797,-50442,-50087,-49732,-49377,-49022,-48667,-48312,-47957,-47602,-47247,-46892,-46537,-46182,-45827,-45472,-45117,-44762,-44407,-44052,-43697,-43342,-42987,-42632,-42277,-41922,-41567,-41212,-40857,-40502,-40147,-39792,-39437,-39082,-38727,-38372,-38017,-37662,-37307,-36952,-36597,-36242,-35887,-35532,-35177,-34822,-34467,-34112,-33757,-33402,-33047,-32692,-32337,-31982,-31627,-31272,-30917,-30562,-30207,-29852,-29497,-29142,-28787,-28432,-28077,-27722,-27367,-27012,-26657,-26302,-25947,-25592,-25237,-24882,-24527,-24172,-23817,-23462,-23107,-22752,-22397,-22042,-21687,-21332,-20977,-20622,-20267,-19912,-19557,-19202,-18847,-18492,-18137,-17782,-17427,-17072,-16717,-16362,-16007,-15652,-15297,-14942,-14587,-14232,-13877,-13522,-13167,-12812,-12457,-12102,-11747,-11392,-11037,-10682,-10327,-9972,-9617,-9262,-8907,-8552,-8197,-7842,-7487,-7132,-6777,-6422,-6067,-5712,-5357,-5002,-4647,-4292,-3937,-3582,-3227,-2872,-2517,-2162,-1807,-1452,-1097,-742,-387,-32,MAX=-62867
324,679,1034,1389,1744,2099,2454,2809,3164,3519,3874,4229,4584,4939,5294,5649,6004,6359,6714,7069,7424,7779,8134,8489,8844,9199,9554,9909,10264,10619,10974,11005,11329,11684,12039,12394,12749,13104,13459,13814,14169,14524,14879,15234,15589,15944,16299,16654,17009,17364,17719,18074,18429,18784,19139,19494,19849,20204,20559,20914,21269,21624,21979,22334,22689,23044,23399,23754,24109,24464,24819,25174,25529,25884,26239,26594,26949,27304,27659,28014,28369,28724,29079,29434,29789,30144,30499,30854,31209,31564,31919,32274,32629,32984,33339,33694,34049,34404,34759,35114,35469,35824,36179,36534,36889,37244,37599,37954,38309,38664,39019,39374,39729,40084,40439,40794,41149,41504,41859,42214,42569,42924,43279,43634,43989,44344,44699,45054,45409,45764,46119,46474,46829,47184,47539,47894,48249,48604,48959,49314,49669,50024,50379,50734,51089,51444,51799,52154,52509,52864,53219,53574,53929,54284,54639,54994,55349,55704,56059,56414,56769,57124,57479,57834,58189,58544,58899,59254,59609,59964,60319,60674,61029,61384,61739,62094,62449,62804,-62866,-62511,-62156,-61801,-61446,-61091,-60736,-60381,-60026,-59671,-59316,-58961,-58606,-58251,-57896,-57541,-57186,-56831,-56476,-56121,-55766,-55411,-55056,-54701,-54346,-53991,-53636,-53281,-52926,-52571,-52216,-51861,-51506,-51151,-50796,-50441,-50086,-49731,-49376,-49021,-48666,-48311,-47956,-47601,-47246,-46891,-46536,-46181,-45826,-45471,-45116,-44761,-44406,-44051,-43696,-43341,-42986,-42631,-42276,-41921,-41566,-41211,-40856,-40501,-40146,-39791,-39436,-39081,-38726,-38371,-38016,-37661,-37306,-36951,-36596,-36241,-35886,-35531,-35176,-34821,-34466,-34111,-33756,-33401,-33046,-32691,-32336,-31981,-31626,-31271,-30916,-30561,-30206,-29851,-29496,-29141,-28786,-28431,-28076,-27721,-27366,-27011,-26656,-26301,-25946,-25591,-25236,-24881,-24526,-24171,-23816,-23461,-23106,-22751,-22396,-22041,-21686,-21331,-20976,-20621,-20266,-19911,-19556,-19201,-18846,-18491,-18136,-17781,-17426,-17071,-16716,-16361,-16006,-15651,-15296,-14941,-14586,-14231,-13876,-13521,-13166,-12811,-12456,-12101,-11746,-11391,-11036,-10681,-10326,-9971,-9616,-9261,-8906,-8551,-8196,-7841,-7486,-7131,-6776,-6421,-6066,-5711,-5356,-5001,-4646,-4291,-3936,-3581,-3226,-2871,-2516,-2161,-1806,-1451,-1096,-741,-386,-31,MAX=-62866
325,680,1035,1390,1745,2100,2455,2810,3165,3520,3875,4230,4585,4940,5295,5650,6005,6360,6715,7070,7425,7780,8135,8490,8845,9200,9555,9910,10265,10620,10650,10975,11330,11685,12040,12395,12750,13105,13460,13815,14170,14525,14880,15235,15590,15945,16300,16655,17010,17365,17720,18075,18430,18785,19140,19495,19850,20205,20560,20915,21270,21625,21980,22335,22690,23045,23400,23755,24110,24465,24820,25175,25530,25885,26240,26595,26950,27305,27660,28015,28370,28725,29080,29435,29790,30145,30500,30855,31210,31565,31920,32275,32630,32985,33340,33695,34050,34405,34760,35115,35470,35825,36180,36535,36890,37245,37600,37955,38310,38665,39020,39375,39730,40085,40440,40795,41150,41505,41860,42215,42570,42925,43280,43635,43990,44345,44700,45055,45410,45765,46120,46475,46830,47185,47540,47895,48250,48605,48960,49315,49670,50025,50380,50735,51090,51445,51800,52155,52510,52865,53220,53575,53930,54285,54640,54995,55350,55705,56060,56415,56770,57125,57480,57835,58190,58545,58900,59255,59610,59965,60320,60675,61030,61385,61740,62095,62450,62805,-62865,-62510,-62155,-61800,-61445,-61090,-60735,-60380,-60025,-59670,-59315,-58960,-58605,-58250,-57895,-57540,-57185,-56830,-56475,-56120,-55765,-55410,-55055,-54700,-54345,-53990,-53635,-53280,-52925,-52570,-52215,-51860,-51505,-51150,-50795,-50440,-50085,-49730,-49375,-49020,-48665,-48310,-47955,-47600,-47245,-46890,-46535,-46180,-45825,-45470,-45115,-44760,-44405,-44050,-43695,-43340,-42985,-42630,-42275,-41920,-41565,-41210,-40855,-40500,-40145,-39790,-39435,-39080,-38725,-38370,-38015,-37660,-37305,-36950,-36595,-36240,-35885,-35530,-35175,-34820,-34465,-34110,-33755,-33400,-33045,-32690,-32335,-31980,-31625,-31270,-30915,-30560,-30205,-29850,-29495,-29140,-28785,-28430,-28075,-27720,-27365,-27010,-26655,-26300,-25945,-25590,-25235,-24880,-24525,-24170,-23815,-23460,-23105,-22750,-22395,-22040,-21685,-21330,-20975,-20620,-20265,-19910,-19555,-19200,-18845,-18490,-18135,-17780,-17425,-17070,-16715,-16360,-16005,-15650,-15295,-14940,-14585,-14230,-13875,-13520,-13165,-12810,-12455,-12100,-11745,-11390,-11035,-10680,-10325,-9970,-9615,-9260,-8905,-8550,-8195,-7840,-7485,-7130,-6775,-6420,-6065,-5710,-5355,-5000,-4645,-4290,-3935,-3580,-3225,-2870,-2515,-2160,-1805,-1450,-1095,-740,-385,-30,MAX=-62865
326,681,1036,1391,1746,2101,2456,2811,3166,3521,3876,4231,4586,4941,5296,5651,6006,6361,6716,7071,7426,7781,8136,8491,8846,9201,9556,9911,10266,10295,10621,10976,11331,11686,12041,12396,12751,13106,13461,13816,14171,14526,14881,15236,15591,15946,16301,16656,17011,17366,17721,18076,18431,18786,19141,19496,19851,20206,20561,20916,21271,21626,21981,22336,22691,23046,23401,23756,24111,24466,24821,25176,25531,25886,26241,26596,26951,27306,27661,28016,28371,28726,29081,29436,29791,30146,30501,30856,31211,31566,31921,32276,32631,32986,33341,33696,34051,34406,34761,35116,35471,35826,36181,36536,36891,37246,37601,37956,38311,38666,39021,39376,39731,40086,40441,40796,41151,41506,41861,42216,42571,42926,43281,43636,43991,44346,44701,45056,45411,45766,46121,46476,46831,47186,47541,47896,48251,48606,48961,49316,49671,50026,50381,50736,51091,51446,51801,52156,52511,52866,53221,53576,53931,54286,54641,54996,55351,55706,56061,56416,56771,57126,57481,57836,58191,58546,58901,59256,59611,59966,60321,60676,61031,61386,61741,62096,62451,62806,-62864,-62509,-62154,-61799,-61444,-61089,-60734,-60379,-60024,-59669,-59314,-58959,-58604,-58249,-57894,-57539,-57184,-56829,-56474,-56119,-55764,-55409,-55054,-54699,-54344,-53989,-53634,-53279,-52924,-52569,-52214,-51859,-51504,-51149,-50794,-50439,-50084,-49729,-49374,-49019,-48664,-48309,-47954,-47599,-47244,-46889,-46534,-46179,-45824,-45469,-45114,-44759,-44404,-44049,-43694,-43339,-42984,-42629,-42274,-41919,-41564,-41209,-40854,-40499,-40144,-39789,-39434,-39079,-38724,-38369,-38014,-37659,-37304,-36949,-36594,-36239,-35884,-35529,-35174,-34819,-34464,-34109,-33754,-33399,-33044,-32689,-32334,-31979,-31624,-31269,-30914,-30559,-30204,-29849,-29494,-29139,-28784,-28429,-28074,-27719,-27364,-27009,-26654,-26299,-25944,-25589,-25234,-24879,-24524,-24169,-23814,-23459,-23104,-22749,-22394,-22039,-21684,-21329,-20974,-20619,-20264,-19909,-19554,-19199,-18844,-18489,-18134,-17779,-17424,-17069,-16714,-16359,-16004,-15649,-15294,-14939,-14584,-14229,-13874,-13519,-13164,-12809,-12454,-12099,-11744,-11389,-11034,-10679,-10324,-9969,-9614,-9259,-8904,-8549,-8194,-7839,-7484,-7129,-6774,-6419,-6064,-5709,-5354,-4999,-4644,-4289,-3934,-3579,-3224,-2869,-2514,-2159,-1804,-1449,-1094,-739,-384,-29,MAX=-62864
327,682,1037,1392,1747,2102,2457,2812,3167,3522,3877,4232,4587,4942,5297,5652,6007,6362,6717,7072,7427,7782,8137,8492,8847,9202,9557,9912,9940,10267,10622,10977,11332,11687,12042,12397,12752,13107,13462,13817,14172,14527,14882,15237,15592,15947,16302,16657,17012,17367,17722,18077,18432,18787,19142,19497,19852,20207,20562,20917,21272,21627,21982,22337,22692,23047,23402,23757,24112,24467,24822,25177,25532,25887,26242,26597,26952,27307,27662,28017,28372,28727,29082,29437,29792,30147,30502,30857,31212,31567,31922,32277,32632,32987,33342,33697,34052,34407,34762,35117,35472,35827,36182,36537,36892,37247,37602,37957,38312,38667,39022,39377,39732,40087,40442,40797,41152,41507,41862,42217,42572,42927,43282,43637,43992,44347,44702,45057,45412,45767,46122,46477,46832,47187,47542,47897,48252,48607,48962,49317,49672,50027,50382,50737,51092,51447,51802,52157,52512,52867,53222,53577,53932,54287,54642,54997,55352,55707,56062,56417,56772,57127,57482,57837,58192,58547,58902,59257,59612,59967,60322,60677,61032,61387,61742,62097,62452,62807,-62863,-62508,-62153,-61798,-61443,-61088,-60733,-60378,-60023,-59668,-59313,-58958,-58603,-58248,-57893,-57538,-57183,-56828,-56473,-56118,-55763,-55408,-55053,-54698,-54343,-53988,-53633,-53278,-52923,-52568,-52213,-51858,-51503,-51148,-50793,-50438,-50083,-49728,-49373,-49018,-48663,-48308,-47953,-47598,-47243,-46888,-46533,-46178,-45823,-45468,-45113,-44758,-44403,-44048,-43693,-43338,-42983,-42628,-42273,-41918,-41563,-41208,-40853,-40498,-40143,-39788,-39433,-39078,-38723,-38368,-38013,-37658,-37303,-36948,-36593,-36238,-35883,-35528,-35173,-34818,-34463,-34108,-33753,-33398,-33043,-32688,-32333,-31978,-31623,-31268,-30913,-30558,-30203,-29848,-29493,-29138,-28783,-28428,-28073,-27718,-27363,-27008,-26653,-26298,-25943,-25588,-25233,-24878,-24523,-24168,-23813,-23458,-23103,-22748,-22393,-22038,-21683,-21328,-20973,-20618,-20263,-19908,-19553,-19198,-18843,-18488,-18133,-17778,-17423,-17068,-16713,-16358,-16003,-15648,-15293,-14938,-14583,-14228,-13873,-13518,-13163,-12808,-12453,-12098,-11743,-11388,-11033,-10678,-10323,-9968,-9613,-9258,-8903,-8548,-8193,-7838,-7483,-7128,-6773,-6418,-6063,-5708,-5353,-4998,-4643,-4288,-3933,-3578,-3223,-2868,-2513,-2158,-1803,-1448,-1093,-738,-383,-28,MAX=-62863
328,683,1038,1393,1748,2103,2458,2813,3168,3523,3878,4233,4588,4943,5298,5653,6008,6363,6718,7073,7428,7783,8138,8493,8848,9203,9558,9585,9913,10268,10623,10978,11333,11688,12043,12398,12753,13108,13463,13818,14173,14528,14883,15238,15593,15948,16303,16658,17013,17368,17723,18078,18433,18788,19143,19498,19853,20208,20563,20918,21273,21628,21983,22338,22693,23048,23403,23758,24113,24468,24823,25178,25533,25888,26243,26598,26953,27308,27663,28018,28373,28728,29083,29438,29793,30148,30503,30858,31213,31568,31923,32278,32633,32988,33343,33698,34053,34408,34763,35118,35473,35828,36183,36538,36893,37248,37603,37958,38313,38668,39023,39378,39733,40088,40443,40798,41153,41508,41863,42218,42573,42928,43283,43638,43993,44348,44703,45058,45413,45768,46123,46478,46833,47188,47543,47898,48253,48608,48963,49318,49673,50028,50383,50738,51093,51448,51803,52158,52513,52868,53223,53578,53933,54288,54643,54998,55353,55708,56063,56418,56773,57128,57483,57838,58193,58548,58903,59258,59613,59968,60323,60678,61033,61388,61743,62098,62453,62808,-62862,-62507,-62152,-61797,-61442,-61087,-60732,-60377,-60022,-59667,-59312,-58957,-58602,-58247,-57892,-57537,-57182,-56827,-56472,-56117,-55762,-55407,-55052,-54697,-54342,-53987,-53632,-53277,-52922,-52567,-52212,-51857,-51502,-51147,-50792,-50437,-50082,-49727,-49372,-49017,-48662,-48307,-47952,-47597,-47242,-46887,-46532,-46177,-45822,-45467,-45112,-44757,-44402,-44047,-43692,-43337,-42982,-42627,-42272,-41917,-41562,-41207,-40852,-40497,-40142,-39787,-39432,-39077,-38722,-38367,-38012,-37657,-37302,-36947,-36592,-36237,-35882,-35527,-35172,-34817,-34462,-34107,-33752,-33397,-33042,-32687,-32332,-31977,-31622,-31267,-30912,-30557,-30202,-29847,-29492,-29137,-28782,-28427,-28072,-27717,-27362,-27007,-26652,-26297,-25942,-25587,-25232,-24877,-24522,-24167,-23812,-23457,-23102,-22747,-22392,-22037,-21682,-21327,-20972,-20617,-20262,-19907,-19552,-19197,-18842,-18487,-18132,-17777,-17422,-17067,-16712,-16357,-16002,-15647,-15292,-14937,-14582,-14227,-13872,-13517,-13162,-12807,-12452,-12097,-11742,-11387,-11032,-10677,-10322,-9967,-9612,-9257,-8902,-8547,-8192,-7837,-7482,-7127,-6772,-6417,-6062,-5707,-5352,-4997,-4642,-4287,-3932,-3577,-3222,-2867,-2512,-2157,-1802,-1447,-1092,-737,-382,-27,MAX=-62862
329,684,1039,1394,1749,2104,2459,2814,3169,3524,3879,4234,4589,4944,5299,5654,6009,6364,6719,7074,7429,7784,8139,8494,8849,9204,9230,9559,9914,10269,10624,10979,11334,11689,12044,12399,12754,13109,13464,13819,14174,14529,14884,15239,15594,15949,16304,16659,17014,17369,17724,18079,18434,18789,19144,19499,19854,20209,20564,20919,21274,21629,21984,22339,22694,23049,23404,23759,24114,24469,24824,25179,25534,25889,26244,26599,26954,27309,27664,28019,28374,28729,29084,29439,29794,30149,30504,30859,31214,31569,31924,32279,32634,32989,33344,33699,34054,34409,34764,35119,35474,35829,36184,36539,36894,37249,37604,37959,38314,38669,39024,39379,39734,40089,40444,40799,41154,41509,41864,42219,42574,42929,43284,43639,43994,44349,44704,45059,45414,45769,46124,46479,46834,47189,47544,47899,48254,48609,48964,49319,49674,50029,50384,50739,51094,51449,51804,52159,52514,52869,53224,53579,53934,54289,54644,54999,55354,55709,56064,56419,56774,57129,57484,57839,58194,58549,58904,59259,59614,59969,60324,60679,61034,61389,61744,62099,62454,62809,-62861,-62506,-62151,-61796,-61441,-61086,-60731,-60376,-60021,-59666,-59311,-58956,-58601,-58246,-57891,-57536,-57181,-56826,-56471,-56116,-55761,-55406,-55051,-54696,-54341,-53986,-53631,-53276,-52921,-52566,-52211,-51856,-51501,-51146,-50791,-50436,-50081,-49726,-49371,-49016,-48661,-48306,-47951,-47596,-47241,-46886,-46531,-46176,-45821,-45466,-45111,-44756,-44401,-44046,-43691,-43336,-42981,-42626,-42271,-41916,-41561,-41206,-40851,-40496,-40141,-39786,-39431,-39076,-38721,-38366,-38011,-37656,-37301,-36946,-36591,-36236,-35881,-35526,-35171,-34816,-34461,-34106,-33751,-33396,-33041,-32686,-32331,-31976,-31621,-31266,-30911,-30556,-30201,-29846,-29491,-29136,-28781,-28426,-28071,-27716,-27361,-27006,-26651,-26296,-25941,-25586,-25231,-24876,-24521,-24166,-23811,-23456,-23101,-22746,-22391,-22036,-21681,-21326,-20971,-20616,-20261,-19906,-19551,-19196,-18841,-18486,-18131,-17776,-17421,-17066,-16711,-16356,-16001,-15646,-15291,-14936,-14581,-14226,-13871,-13516,-13161,-12806,-12451,-12096,-11741,-11386,-11031,-10676,-10321,-9966,-9611,-9256,-8901,-8546,-8191,-7836,-7481,-7126,-6771,-6416,-6061,-5706,-5351,-4996,-4641,-4286,-3931,-3576,-3221,-2866,-2511,-2156,-1801,-1446,-1091,-736,-381,-26,MAX=-62861
330,685,1040,1395,1750,2105,2460,2815,3170,3525,3880,4235,4590,4945,5300,5655,6010,6365,6720,7075,7430,7785,8140,8495,8850,8875,9205,9560,9915,10270,10625,10980,11335,11690,12045,12400,12755,13110,13465,13820,14175,14530,14885,15240,15595,15950,16305,16660,17015,17370,17725,18080,18435,18790,19145,19500,19855,20210,20565,20920,21275,21630,21985,22340,22695,23050,23405,23760,24115,24470,24825,25180,25535,25890,26245,26600,26955,27310,27665,28020,28375,28730,29085,29440,29795,30150,30505,30860,31215,31570,31925,32280,32635,32990,33345,33700,34055,34410,34765,35120,35475,35830,36185,36540,36895,37250,37605,37960,38315,38670,39025,39380,39735,40090,40445,40800,41155,41510,41865,42220,42575,42930,43285,43640,43995,44350,44705,45060,45415,45770,46125,46480,46835,47190,47545,47900,48255,48610,48965,49320,49675,50030,50385,50740,51095,51450,51805,52160,52515,52870,53225,53580,53935,54290,54645,55000,55355,55710,56065,56420,56775,57130,57485,57840,58195,58550,58905,59260,59615,59970,60325,60680,61035,61390,61745,62100,62455,62810,-62860,-62505,-62150,-61795,-61440,-61085,-60730,-60375,-60020,-59665,-59310,-58955,-58600,-58245,-57890,-57535,-57180,-56825,-56470,-56115,-55760,-55405,-55050,-54695,-54340,-53985,-53630,-53275,-52920,-52565,-52210,-51855,-51500,-51145,-50790,-50435,-50080,-49725,-49370,-49015,-48660,-48305,-47950,-47595,-47240,-46885,-46530,-46175,-45820,-45465,-45110,-44755,-44400,-44045,-43690,-43335,-42980,-42625,-42270,-41915,-41560,-41205,-40850,-40495,-40140,-39785,-39430,-39075,-38720,-38365,-38010,-37655,-37300,-36945,-36590,-36235,-35880,-35525,-35170,-34815,-34460,-34105,-33750,-33395,-33040,-32685,-32330,-31975,-31620,-31265,-30910,-30555,-30200,-29845,-29490,-29135,-28780,-28425,-28070,-27715,-27360,-27005,-26650,-26295,-25940,-25585,-25230,-24875,-24520,-24165,-23810,-23455,-23100,-22745,-22390,-22035,-21680,-21325,-20970,-20615,-20260,-19905,-19550,-19195,-18840,-18485,-18130,-17775,-17420,-17065,-16710,-16355,-16000,-15645,-15290,-14935,-14580,-14225,-13870,-13515,-13160,-12805,-12450,-12095,-11740,-11385,-11030,-10675,-10320,-9965,-9610,-9255,-8900,-8545,-8190,-7835,-7480,-7125,-6770,-6415,-6060,-5705,-5350,-4995,-4640,-4285,-3930,-3575,-3220,-2865,-2510,-2155,-1800,-1445,-1090,-735,-380,-25,MAX=-62860
331,686,1041,1396,1751,2106,2461,2816,3171,3526,3881,4236,4591,4946,5301,5656,6011,6366,6721,7076,7431,7786,8141,8496,8520,8851,9206,9561,9916,10271,10626,10981,11336,11691,12046,12401,12756,13111,13466,13821,14176,14531,14886,15241,15596,15951,16306,16661,17016,17371,17726,18081,18436,18791,19146,19501,19856,20211,20566,20921,21276,21631,21986,22341,22696,23051,23406,23761,24116,24471,24826,25181,25536,25891,26246,26601,26956,27311,27666,28021,28376,28731,29086,29441,29796,30151,30506,30861,31216,31571,31926,32281,32636,32991,33346,33701,34056,34411,34766,35121,35476,35831,36186,36541,36896,37251,37606,37961,38316,38671,39026,39381,39736,40091,40446,40801,41156,41511,41866,42221,42576,42931,43286,43641,43996,44351,44706,45061,45416,45771,46126,46481,46836,47191,47546,47901,48256,48611,48966,49321,49676,50031,50386,50741,51096,51451,51806,52161,52516,52871,53226,53581,53936,54291,54646,55001,55356,55711,56066,56421,56776,57131,57486,57841,58196,58551,58906,59261,59616,59971,60326,60681,61036,61391,61746,62101,62456,62811,-62859,-62504,-62149,-61794,-61439,-61084,-60729,-60374,-60019,-59664,-59309,-58954,-58599,-58244,-57889,-57534,-57179,-56824,-56469,-56114,-55759,-55404,-55049,-54694,-54339,-53984,-53629,-53274,-52919,-52564,-52209,-51854,-51499,-51144,-50789,-50434,-50079,-49724,-49369,-49014,-48659,-48304,-47949,-47594,-47239,-46884,-46529,-46174,-45819,-45464,-45109,-44754,-44399,-44044,-43689,-43334,-42979,-42624,-42269,-41914,-41559,-41204,-40849,-40494,-40139,-39784,-39429,-39074,-38719,-38364,-38009,-37654,-37299,-36944,-36589,-36234,-35879,-35524,-35169,-34814,-34459,-34104,-33749,-33394,-33039,-32684,-32329,-31974,-31619,-31264,-30909,-30554,-30199,-29844,-29489,-29134,-28779,-28424,-28069,-27714,-27359,-27004,-26649,-26294,-25939,-25584,-25229,-24874,-24519,-24164,-23809,-23454,-23099,-22744,-22389,-22034,-21679,-21324,-20969,-20614,-20259,-19904,-19549,-19194,-18839,-18484,-18129,-17774,-17419,-17064,-16709,-16354,-15999,-15644,-15289,-14934,-14579,-14224,-13869,-13514,-13159,-12804,-12449,-12094,-11739,-11384,-11029,-10674,-10319,-9964,-9609,-9254,-8899,-8544,-8189,-7834,-7479,-7124,-6769,-6414,-6059,-5704,-5349,-4994,-4639,-4284,-3929,-3574,-3219,-2864,-2509,-2154,-1799,-1444,-1089,-734,-379,-24,MAX=-62859
332,687,1042,1397,1752,2107,2462,2817,3172,3527,3882,4237,4592,4947,5302,5657,6012,6367,6722,7077,7432,7787,8142,8165,8497,8852,9207,9562,9917,10272,10627,10982,11337,11692,12047,12402,12757,13112,13467,13822,14177,14532,14887,15242,15597,15952,16307,16662,17017,17372,17727,18082,18437,18792,19147,19502,19857,20212,20567,20922,21277,21632,21987,22342,22697,23052,23407,23762,24117,24472,24827,25182,25537,25892,26247,26602,26957,27312,27667,28022,28377,28732,29087,29442,29797,30152,30507,30862,31217,31572,31927,32282,32637,32992,33347,33702,34057,34412,34767,35122,35477,35832,36187,36542,36897,37252,37607,37962,38317,38672,39027,39382,39737,40092,40447,40802,41157,41512,41867,42222,42577,42932,43287,43642,43997,44352,44707,45062,45417,45772,46127,46482,46837,47192,47547,47902,48257,48612,48967,49322,49677,50032,50387,50742,51097,51452,51807,52162,52517,52872,53227,53582,53937,54292,54647,55002,55357,55712,56067,56422,56777,57132,57487,57842,58197,58552,58907,59262,59617,59972,60327,60682,61037,61392,61747,62102,62457,62812,-62858,-62503,-62148,-61793,-61438,-61083,-60728,-60373,-60018,-59663,-59308,-58953,-58598,-58243,-57888,-57533,-57178,-56823,-56468,-56113,-55758,-55403,-55048,-54693,-54338,-53983,-53628,-53273,-52918,-52563,-52208,-51853,-51498,-51143,-50788,-50433,-50078,-49723,-49368,-49013,-48658,-48303,-47948,-47593,-47238,-46883,-46528,-46173,-45818,-45463,-45108,-44753,-44398,-44043,-43688,-43333,-42978,-42623,-42268,-41913,-41558,-41203,-40848,-40493,-40138,-39783,-39428,-39073,-38718,-38363,-38008,-37653,-37298,-36943,-36588,-36233,-35878,-35523,-35168,-34813,-34458,-34103,-33748,-33393,-33038,-32683,-32328,-31973,-31618,-31263,-30908,-30553,-30198,-29843,-29488,-29133,-28778,-28423,-28068,-27713,-27358,-27003,-26648,-26293,-25938,-25583,-25228,-24873,-24518,-24163,-23808,-23453,-23098,-22743,-22388,-22033,-21678,-21323,-20968,-20613,-20258,-19903,-19548,-19193,-18838,-18483,-18128,-17773,-17418,-17063,-16708,-16353,-15998,-15643,-15288,-14933,-14578,-14223,-13868,-13513,-13158,-12803,-12448,-12093,-11738,-11383,-11028,-10673,-10318,-9963,-9608,-9253,-8898,-8543,-8188,-7833,-7478,-7123,-6768,-6413,-6058,-5703,-5348,-4993,-4638,-4283,-3928,-3573,-3218,-2863,-2508,-2153,-1798,-1443,-1088,-733,-378,-23,MAX=-62858
333,688,1043,1398,1753,2108,2463,2818,3173,3528,3883,4238,4593,4948,5303,5658,6013,6368,6723,7078,7433,7788,7810,8143,8498,8853,9208,9563,9918,10273,10628,10983,11338,11693,12048,12403,12758,13113,13468,13823,14178,14533,14888,15243,15598,15953,16308,16663,17018,17373,17728,18083,18438,18793,19148,19503,19858,20213,20568,20923,21278,21633,21988,22343,22698,23053,23408,23763,24118,24473,24828,25183,25538,25893,26248,26603,26958,27313,27668,28023,28378,28733,29088,29443,29798,30153,30508,30863,31218,31573,31928,32283,32638,32993,33348,33703,34058,34413,34768,35123,35478,35833,36188,36543,36898,37253,37608,37963,38318,38673,39028,39383,39738,40093,40448,40803,41158,41513,41868,42223,42578,42933,43288,43643,43998,44353,44708,45063,45418,45773,46128,46483,46838,47193,47548,47903,48258,48613,48968,49323,49678,50033,50388,50743,51098,51453,51808,52163,52518,52873,53228,53583,53938,54293,54648,55003,55358,55713,56068,56423,56778,57133,57488,57843,58198,58553,58908,59263,59618,59973,60328,60683,61038,61393,61748,62103,62458,62813,-62857,-62502,-62147,-61792,-61437,-61082,-60727,-60372,-60017,-59662,-59307,-58952,-58597,-58242,-57887,-57532,-57177,-56822,-56467,-56112,-55757,-55402,-55047,-54692,-54337,-53982,-53627,-53272,-52917,-52562,-52207,-51852,-51497,-51142,-50787,-50432,-50077,-49722,-49367,-49012,-48657,-48302,-47947,-47592,-47237,-46882,-46527,-46172,-45817,-45462,-45107,-44752,-44397,-44042,-43687,-43332,-42977,-42622,-42267,-41912,-41557,-41202,-40847,-40492,-40137,-39782,-39427,-39072,-38717,-38362,-38007,-37652,-37297,-36942,-36587,-36232,-35877,-35522,-35167,-34812,-34457,-34102,-33747,-33392,-33037,-32682,-32327,-31972,-31617,-31262,-30907,-30552,-30197,-29842,-29487,-29132,-28777,-28422,-28067,-27712,-27357,-27002,-26647,-26292,-25937,-25582,-25227,-24872,-24517,-24162,-23807,-23452,-23097,-22742,-22387,-22032,-21677,-21322,-20967,-20612,-20257,-19902,-19547,-19192,-18837,-18482,-18127,-17772,-17417,-17062,-16707,-16352,-15997,-15642,-15287,-14932,-14577,-14222,-13867,-13512,-13157,-12802,-12447,-12092,-11737,-11382,-11027,-10672,-10317,-9962,-9607,-9252,-8897,-8542,-8187,-7832,-7477,-7122,-6767,-6412,-6057,-5702,-5347,-4992,-4637,-4282,-3927,-3572,-3217,-2862,-2507,-2152,-1797,-1442,-1087,-732,-377,-22,MAX=-62857
334,689,1044,1399,1754,2109,2464,2819,3174,3529,3884,4239,4594,4949,5304,5659,6014,6369,6724,7079,7434,7455,7789,8144,8499,8854,9209,9564,9919,10274,10629,10984,11339,11694,12049,12404,12759,13114,13469,13824,14179,14534,14889,15244,15599,15954,16309,16664,17019,17374,17729,18084,18439,18794,19149,19504,19859,20214,20569,20924,21279,21634,21989,22344,22699,23054,23409,23764,24119,24474,24829,25184,25539,25894,26249,26604,26959,27314,27669,28024,28379,28734,29089,29444,29799,30154,30509,30864,31219,31574,31929,32284,32639,32994,33349,33704,34059,34414,34769,35124,35479,35834,36189,36544,36899,37254,37609,37964,38319,38674,39029,39384,39739,40094,40449,40804,41159,41514,41869,42224,42579,42934,43289,43644,43999,44354,44709,45064,45419,45774,46129,46484,46839,47194,47549,47904,48259,48614,48969,49324,49679,50034,50389,50744,51099,51454,51809,52164,52519,52874,53229,53584,53939,54294,54649,55004,55359,55714,56069,56424,56779,57134,57489,57844,58199,58554,58909,59264,59619,59974,60329,60684,61039,61394,61749,62104,62459,62814,-62856,-62501,-62146,-61791,-61436,-61081,-60726,-60371,-60016,-59661,-59306,-58951,-58596,-58241,-57886,-57531,-57176,-56821,-56466,-56111,-55756,-55401,-55046,-54691,-54336,-53981,-53626,-53271,-52916,-52561,-52206,-51851,-51496,-51141,-50786,-50431,-50076,-49721,-49366,-49011,-48656,-48301,-47946,-47591,-47236,-46881,-46526,-46171,-45816,-45461,-45106,-44751,-44396,-44041,-43686,-43331,-42976,-42621,-42266,-41911,-41556,-41201,-40846,-40491,-40136,-39781,-39426,-39071,-38716,-38361,-38006,-37651,-37296,-36941,-36586,-36231,-35876,-35521,-35166,-34811,-34456,-34101,-33746,-33391,-33036,-32681,-32326,-31971,-31616,-31261,-30906,-30551,-30196,-29841,-29486,-29131,-28776,-28421,-28066,-27711,-27356,-27001,-26646,-26291,-25936,-25581,-25226,-24871,-24516,-24161,-23806,-23451,-23096,-22741,-22386,-22031,-21676,-21321,-20966,-20611,-20256,-19901,-19546,-19191,-18836,-18481,-18126,-17771,-17416,-17061,-16706,-16351,-15996,-15641,-15286,-14931,-14576,-14221,-13866,-13511,-13156,-12801,-12446,-12091,-11736,-11381,-11026,-10671,-10316,-9961,-9606,-9251,-8896,-8541,-8186,-7831,-7476,-7121,-6766,-6411,-6056,-5701,-5346,-4991,-4636,-4281,-3926,-3571,-3216,-2861,-2506,-2151,-1796,-1441,-1086,-731,-376,-21,MAX=-62856
335,690,1045,1400,1755,2110,2465,2820,3175,3530,3885,4240,4595,4950,5305,5660,6015,6370,6725,7080,7100,7435,7790,8145,8500,8855,9210,9565,9920,10275,10630,10985,11340,11695,12050,12405,12760,13115,13470,13825,14180,14535,14890,15245,15600,15955,16310,16665,17020,17375,17730,18085,18440,18795,19150,19505,19860,20215,20570,20925,21280,21635,21990,22345,22700,23055,23410,23765,24120,24475,24830,25185,25540,25895,26250,26605,26960,27315,27670,28025,28380,28735,29090,29445,29800,30155,30510,30865,31220,31575,31930,32285,32640,32995,33350,33705,34060,34415,34770,35125,35480,35835,36190,36545,36900,37255,37610,37965,38320,38675,39030,39385,39740,40095,40450,40805,41160,41515,41870,42225,42580,42935,43290,43645,44000,44355,44710,45065,45420,45775,46130,46485,46840,47195,47550,47905,48260,48615,48970,49325,49680,50035,50390,50745,51100,51455,51810,52165,52520,52875,53230,53585,53940,54295,54650,55005,55360,55715,56070,56425,56780,57135,57490,57845,58200,58555,58910,59265,59620,59975,60330,60685,61040,61395,61750,62105,62460,62815,-62855,-62500,-62145,-61790,-61435,-61080,-60725,-60370,-60015,-59660,-59305,-58950,-58595,-58240,-57885,-57530,-57175,-56820,-56465,-56110,-55755,-55400,-55045,-54690,-54335,-53980,-53625,-53270,-52915,-52560,-52205,-51850,-51495,-51140,-50785,-50430,-50075,-49720,-49365,-49010,-48655,-48300,-47945,-47590,-47235,-46880,-46525,-46170,-45815,-45460,-45105,-44750,-44395,-44040,-43685,-43330,-42975,-42620,-42265,-41910,-41555,-41200,-40845,-40490,-40135,-39780,-39425,-39070,-38715,-38360,-38005,-37650,-37295,-36940,-36585,-36230,-35875,-35520,-35165,-34810,-34455,-34100,-33745,-33390,-33035,-32680,-32325,-31970,-31615,-31260,-30905,-30550,-30195,-29840,-29485,-29130,-28775,-28420,-28065,-27710,-27355,-27000,-26645,-26290,-25935,-25580,-25225,-24870,-24515,-24160,-23805,-23450,-23095,-22740,-22385,-22030,-21675,-21320,-20965,-20610,-20255,-19900,-19545,-19190,-18835,-18480,-18125,-17770,-17415,-17060,-16705,-16350,-15995,-15640,-15285,-14930,-14575,-14220,-13865,-13510,-13155,-12800,-12445,-12090,-11735,-11380,-11025,-10670,-10315,-9960,-9605,-9250,-8895,-8540,-8185,-7830,-7475,-7120,-6765,-6410,-6055,-5700,-5345,-4990,-4635,-4280,-3925,-3570,-3215,-2860,-2505,-2150,-1795,-1440,-1085,-730,-375,-20,MAX=-62855
336,691,1046,1401,1756,2111,2466,2821,3176,3531,3886,4241,4596,4951,5306,5661,6016,6371,6726,6745,7081,7436,7791,8146,8501,8856,9211,9566,9921,10276,10631,10986,11341,11696,12051,12406,12761,13116,13471,13826,14181,14536,14891,15246,15601,15956,16311,16666,17021,17376,17731,18086,18441,18796,19151,19506,19861,20216,20571,20926,21281,21636,21991,22346,22701,23056,23411,23766,24121,24476,24831,25186,25541,25896,26251,26606,26961,27316,27671,28026,28381,28736,29091,29446,29801,30156,30511,30866,31221,31576,31931,32286,32641,32996,33351,33706,34061,34416,34771,35126,35481,35836,36191,36546,36901,37256,37611,37966,38321,38676,39031,39386,39741,40096,40451,40806,41161,41516,41871,42226,42581,42936,43291,43646,44001,44356,44711,45066,45421,45776,46131,46486,46841,47196,47551,47906,48261,48616,48971,49326,49681,50036,50391,50746,51101,51456,51811,52166,52521,52876,53231,53586,53941,54296,54651,55006,55361,55716,56071,56426,56781,57136,57491,57846,58201,58556,58911,59266,59621,59976,60331,60686,61041,61396,61751,62106,62461,62816,-62854,-62499,-62144,-61789,-61434,-61079,-60724,-60369,-60014,-59659,-59304,-58949,-58594,-58239,-57884,-57529,-57174,-56819,-56464,-56109,-55754,-55399,-55044,-54689,-54334,-53979,-53624,-53269,-52914,-52559,-52204,-51849,-51494,-51139,-50784,-50429,-50074,-49719,-49364,-49009,-48654,-48299,-47944,-47589,-47234,-46879,-46524,-46169,-45814,-45459,-45104,-44749,-44394,-44039,-43684,-43329,-42974,-42619,-42264,-41909,-41554,-41199,-40844,-40489,-40134,-39779,-39424,-39069,-38714,-38359,-38004,-37649,-37294,-36939,-36584,-36229,-35874,-35519,-35164,-34809,-34454,-34099,-33744,-33389,-33034,-32679,-32324,-31969,-31614,-31259,-30904,-30549,-30194,-29839,-29484,-29129,-28774,-28419,-28064,-27709,-27354,-26999,-26644,-26289,-25934,-25579,-25224,-24869,-24514,-24159,-23804,-23449,-23094,-22739,-22384,-22029,-21674,-21319,-20964,-20609,-20254,-19899,-19544,-19189,-18834,-18479,-18124,-17769,-17414,-17059,-16704,-16349,-15994,-15639,-15284,-14929,-14574,-14219,-13864,-13509,-13154,-12799,-12444,-12089,-11734,-11379,-11024,-10669,-10314,-9959,-9604,-9249,-8894,-8539,-8184,-7829,-7474,-7119,-6764,-6409,-6054,-5699,-5344,-4989,-4634,-4279,-3924,-3569,-3214,-2859,-2504,-2149,-1794,-1439,-1084,-729,-374,-19,MAX=-62854
337,692,1047,1402,1757,2112,2467,2822,3177,3532,3887,4242,4597,4952,5307,5662,6017,6372,6390,6727,7082,7437,7792,8147,8502,8857,9212,9567,9922,10277,10632,10987,11342,11697,12052,12407,12762,13117,13472,13827,14182,14537,14892,15247,15602,15957,16312,16667,17022,17377,17732,18087,18442,18797,19152,19507,19862,20217,20572,20927,21282,21637,21992,22347,22702,23057,23412,23767,24122,24477,24832,25187,25542,25897,26252,26607,26962,27317,27672,28027,28382,28737,29092,29447,29802,30157,30512,30867,31222,31577,31932,32287,32642,32997,33352,33707,34062,34417,34772,35127,35482,35837,36192,36547,36902,37257,37612,37967,38322,38677,39032,39387,39742,40097,40452,40807,41162,41517,41872,42227,42582,42937,43292,43647,44002,44357,44712,45067,45422,45777,46132,46487,46842,47197,47552,47907,48262,48617,48972,49327,49682,50037,50392,50747,51102,51457,51812,52167,52522,52877,53232,53587,53942,54297,54652,55007,55362,55717,56072,56427,56782,57137,57492,57847,58202,58557,58912,59267,59622,59977,60332,60687,61042,61397,61752,62107,62462,62817,-62853,-62498,-62143,-61788,-61433,-61078,-60723,-60368,-60013,-59658,-59303,-58948,-58593,-58238,-57883,-57528,-57173,-56818,-56463,-56108,-55753,-55398,-55043,-54688,-54333,-53978,-53623,-53268,-52913,-52558,-52203,-51848,-51493,-51138,-50783,-50428,-50073,-49718,-49363,-49008,-48653,-48298,-47943,-47588,-47233,-46878,-46523,-46168,-45813,-45458,-45103,-44748,-44393,-44038,-43683,-43328,-42973,-42618,-42263,-41908,-41553,-41198,-40843,-40488,-40133,-39778,-39423,-39068,-38713,-38358,-38003,-37648,-37293,-36938,-36583,-36228,-35873,-35518,-35163,-34808,-34453,-34098,-33743,-33388,-33033,-32678,-32323,-31968,-31613,-31258,-30903,-30548,-30193,-29838,-29483,-29128,-28773,-28418,-28063,-27708,-27353,-26998,-26643,-26288,-25933,-25578,-25223,-24868,-24513,-24158,-23803,-23448,-23093,-22738,-22383,-22028,-21673,-21318,-20963,-20608,-20253,-19898,-19543,-19188,-18833,-18478,-18123,-17768,-17413,-17058,-16703,-16348,-15993,-15638,-15283,-14928,-14573,-14218,-13863,-13508,-13153,-12798,-12443,-12088,-11733,-11378,-11023,-10668,-10313,-9958,-9603,-9248,-8893,-8538,-8183,-7828,-7473,-7118,-6763,-6408,-6053,-5698,-5343,-4988,-4633,-4278,-3923,-3568,-3213,-2858,-2503,-2148,-1793,-1438,-1083,-728,-373,-18,MAX=-62853
338,693,1048,1403,1758,2113,2468,2823,3178,3533,3888,4243,4598,4953,5308,5663,6018,6035,6373,6728,7083,7438,7793,8148,8503,8858,9213,9568,9923,10278,10633,10988,11343,11698,12053,12408,12763,13118,13473,13828,14183,14538,14893,15248,15603,15958,16313,16668,17023,17378,17733,18088,18443,18798,19153,19508,19863,20218,20573,20928,21283,21638,21993,22348,22703,23058,23413,23768,24123,24478,24833,25188,25543,25898,26253,26608,26963,27318,27673,28028,28383,28738,29093,29448,29803,30158,30513,30868,31223,31578,31933,32288,32643,32998,33353,33708,34063,34418,34773,35128,35483,35838,36193,36548,36903,37258,37613,37968,38323,38678,39033,39388,39743,40098,40453,40808,41163,41518,41873,42228,42583,42938,43293,43648,44003,44358,44713,45068,45423,45778,46133,46488,46843,47198,47553,47908,48263,48618,48973,49328,49683,50038,50393,50748,51103,51458,51813,52168,52523,52878,53233,53588,53943,54298,54653,55008,55363,55718,56073,56428,56783,57138,57493,57848,58203,58558,58913,59268,59623,59978,60333,60688,61043,61398,61753,62108,62463,62818,-62852,-62497,-62142,-61787,-61432,-61077,-60722,-60367,-60012,-59657,-59302,-58947,-58592,-58237,-57882,-57527,-57172,-56817,-56462,-56107,-55752,-55397,-55042,-54687,-54332,-53977,-53622,-53267,-52912,-52557,-52202,-51847,-51492,-51137,-50782,-50427,-50072,-49717,-49362,-49007,-48652,-48297,-47942,-47587,-47232,-46877,-46522,-46167,-45812,-45457,-45102,-44747,-44392,-44037,-43682,-43327,-42972,-42617,-42262,-41907,-41552,-41197,-40842,-40487,-40132,-39777,-39422,-39067,-38712,-38357,-38002,-37647,-37292,-36937,-36582,-36227,-35872,-35517,-35162,-34807,-34452,-34097,-33742,-33387,-33032,-32677,-32322,-31967,-31612,-31257,-30902,-30547,-30192,-29837,-29482,-29127,-28772,-28417,-28062,-27707,-27352,-26997,-26642,-26287,-25932,-25577,-25222,-24867,-24512,-24157,-23802,-23447,-23092,-22737,-22382,-22027,-21672,-21317,-20962,-20607,-20252,-19897,-19542,-19187,-18832,-18477,-18122,-17767,-17412,-17057,-16702,-16347,-15992,-15637,-15282,-14927,-14572,-14217,-13862,-13507,-13152,-12797,-12442,-12087,-11732,-11377,-11022,-10667,-10312,-9957,-9602,-9247,-8892,-8537,-8182,-7827,-7472,-7117,-6762,-6407,-6052,-5697,-5342,-4987,-4632,-4277,-3922,-3567,-3212,-2857,-2502,-2147,-1792,-1437,-1082,-727,-372,-17,MAX=-62852
339,694,1049,1404,1759,2114,2469,2824,3179,3534,3889,4244,4599,4954,5309,5664,5680,6019,6374,6729,7084,7439,7794,8149,8504,8859,9214,9569,9924,10279,10634,10989,11344,11699,12054,12409,12764,13119,13474,13829,14184,14539,14894,15249,15604,15959,16314,16669,17024,17379,17734,18089,18444,18799,19154,19509,19864,20219,20574,20929,21284,21639,21994,22349,22704,23059,23414,23769,24124,24479,24834,25189,25544,25899,26254,26609,26964,27319,27674,28029,28384,28739,29094,29449,29804,30159,30514,30869,31224,31579,31934,32289,32644,32999,33354,33709,34064,34419,34774,35129,35484,35839,36194,36549,36904,37259,37614,37969,38324,38679,39034,39389,39744,40099,40454,40809,41164,41519,41874,42229,42584,42939,43294,43649,44004,44359,44714,45069,45424,45779,46134,46489,46844,47199,47554,47909,48264,48619,48974,49329,49684,50039,50394,50749,51104,51459,51814,52169,52524,52879,53234,53589,53944,54299,54654,55009,55364,55719,56074,56429,56784,57139,57494,57849,58204,58559,58914,59269,59624,59979,60334,60689,61044,61399,61754,62109,62464,62819,-62851,-62496,-62141,-61786,-61431,-61076,-60721,-60366,-60011,-59656,-59301,-58946,-58591,-58236,-57881,-57526,-57171,-56816,-56461,-56106,-55751,-55396,-55041,-54686,-54331,-53976,-53621,-53266,-52911,-52556,-52201,-51846,-51491,-51136,-50781,-50426,-50071,-49716,-49361,-49006,-48651,-48296,-47941,-47586,-47231,-46876,-46521,-46166,-45811,-45456,-45101,-44746,-44391,-44036,-43681,-43326,-42971,-42616,-42261,-41906,-41551,-41196,-40841,-40486,-40131,-39776,-39421,-39066,-38711,-38356,-38001,-37646,-37291,-36936,-36581,-36226,-35871,-35516,-35161,-34806,-34451,-34096,-33741,-33386,-33031,-32676,-32321,-31966,-31611,-31256,-30901,-30546,-30191,-29836,-29481,-29126,-28771,-28416,-28061,-27706,-27351,-26996,-26641,-26286,-25931,-25576,-25221,-24866,-24511,-24156,-23801,-23446,-23091,-22736,-22381,-22026,-21671,-21316,-20961,-20606,-20251,-19896,-19541,-19186,-18831,-18476,-18121,-17766,-17411,-17056,-16701,-16346,-15991,-15636,-15281,-14926,-14571,-14216,-13861,-13506,-13151,-12796,-12441,-12086,-11731,-11376,-11021,-10666,-10311,-9956,-9601,-9246,-8891,-8536,-8181,-7826,-7471,-7116,-6761,-6406,-6051,-5696,-5341,-4986,-4631,-4276,-3921,-3566,-3211,-2856,-2501,-2146,-1791,-1436,-1081,-726,-371,-16,MAX=-62851
340,695,1050,1405,1760,2115,2470,2825,3180,3535,3890,4245,4600,4955,5310,5325,5665,6020,6375,6730,7085,7440,7795,8150,8505,8860,9215,9570,9925,10280,10635,10990,11345,11700,12055,12410,12765,13120,13475,13830,14185,14540,14895,15250,15605,15960,16315,16670,17025,17380,17735,18090,18445,18800,19155,19510,19865,20220,20575,20930,21285,21640,21995,22350,22705,23060,23415,23770,24125,24480,24835,25190,25545,25900,26255,26610,26965,27320,27675,28030,28385,28740,29095,29450,29805,30160,30515,30870,31225,31580,31935,32290,32645,33000,33355,33710,34065,34420,34775,35130,35485,35840,36195,36550,36905,37260,37615,37970,38325,38680,39035,39390,39745,40100,40455,40810,41165,41520,41875,42230,42585,42940,43295,43650,44005,44360,44715,45070,45425,45780,46135,46490,46845,47200,47555,47910,48265,48620,48975,49330,49685,50040,50395,50750,51105,51460,51815,52170,52525,52880,53235,53590,53945,54300,54655,55010,55365,55720,56075,56430,56785,57140,57495,57850,58205,58560,58915,59270,59625,59980,60335,60690,61045,61400,61755,62110,62465,62820,-62850,-62495,-62140,-61785,-61430,-61075,-60720,-60365,-60010,-59655,-59300,-58945,-58590,-58235,-57880,-57525,-57170,-56815,-56460,-56105,-55750,-55395,-55040,-54685,-54330,-53975,-53620,-53265,-52910,-52555,-52200,-51845,-51490,-51135,-50780,-50425,-50070,-49715,-49360,-49005,-48650,-48295,-47940,-47585,-47230,-46875,-46520,-46165,-45810,-45455,-45100,-44745,-44390,-44035,-43680,-43325,-42970,-42615,-42260,-41905,-41550,-41195,-40840,-40485,-40130,-39775,-39420,-39065,-38710,-38355,-38000,-37645,-37290,-36935,-36580,-36225,-35870,-35515,-35160,-34805,-34450,-34095,-33740,-33385,-33030,-32675,-32320,-31965,-31610,-31255,-30900,-30545,-30190,-29835,-29480,-29125,-28770,-28415,-28060,-27705,-27350,-26995,-26640,-26285,-25930,-25575,-25220,-24865,-24510,-24155,-23800,-23445,-23090,-22735,-22380,-22025,-21670,-21315,-20960,-20605,-20250,-19895,-19540,-19185,-18830,-18475,-18120,-17765,-17410,-17055,-16700,-16345,-15990,-15635,-15280,-14925,-14570,-14215,-13860,-13505,-13150,-12795,-12440,-12085,-11730,-11375,-11020,-10665,-10310,-9955,-9600,-9245,-8890,-8535,-8180,-7825,-7470,-7115,-6760,-6405,-6050,-5695,-5340,-4985,-4630,-4275,-3920,-3565,-3210,-2855,-2500,-2145,-1790,-1435,-1080,-725,-370,-15,MAX=-62850
341,696,1051,1406,1761,2116,2471,2826,3181,3536,3891,4246,4601,4956,4970,5311,5666,6021,6376,6731,7086,7441,7796,8151,8506,8861,9216,9571,9926,10281,10636,10991,11346,11701,12056,12411,12766,13121,13476,13831,14186,14541,14896,15251,15606,15961,16316,16671,17026,17381,17736,18091,18446,18801,19156,19511,19866,20221,20576,20931,21286,21641,21996,22351,22706,23061,23416,23771,24126,24481,24836,25191,25546,25901,26256,26611,26966,27321,27676,28031,28386,28741,29096,29451,29806,30161,30516,30871,31226,31581,31936,32291,32646,33001,33356,33711,34066,34421,34776,35131,35486,35841,36196,36551,36906,37261,37616,37971,38326,38681,39036,39391,39746,40101,40456,40811,41166,41521,41876,42231,42586,42941,43296,43651,44006,44361,44716,45071,45426,45781,46136,46491,46846,47201,47556,47911,48266,48621,48976,49331,49686,50041,50396,50751,51106,51461,51816,52171,52526,52881,53236,53591,53946,54301,54656,55011,55366,55721,56076,56431,56786,57141,57496,57851,58206,58561,58916,59271,59626,59981,60336,60691,61046,61401,61756,62111,62466,62821,-62849,-62494,-62139,-61784,-61429,-61074,-60719,-60364,-60009,-59654,-59299,-58944,-58589,-58234,-57879,-57524,-57169,-56814,-56459,-56104,-55749,-55394,-55039,-54684,-54329,-53974,-53619,-53264,-52909,-52554,-52199,-51844,-51489,-51134,-50779,-50424,-50069,-49714,-49359,-49004,-48649,-48294,-47939,-47584,-47229,-46874,-46519,-46164,-45809,-45454,-45099,-44744,-44389,-44034,-43679,-43324,-42969,-42614,-42259,-41904,-41549,-41194,-40839,-40484,-40129,-39774,-39419,-39064,-38709,-38354,-37999,-37644,-37289,-36934,-36579,-36224,-35869,-35514,-35159,-34804,-34449,-34094,-33739,-33384,-33029,-32674,-32319,-31964,-31609,-31254,-30899,-30544,-30189,-29834,-29479,-29124,-28769,-28414,-28059,-27704,-27349,-26994,-26639,-26284,-25929,-25574,-25219,-24864,-24509,-24154,-23799,-23444,-23089,-22734,-22379,-22024,-21669,-21314,-20959,-20604,-20249,-19894,-19539,-19184,-18829,-18474,-18119,-17764,-17409,-17054,-16699,-16344,-15989,-15634,-15279,-14924,-14569,-14214,-13859,-13504,-13149,-12794,-12439,-12084,-11729,-11374,-11019,-10664,-10309,-9954,-9599,-9244,-8889,-8534,-8179,-7824,-7469,-7114,-6759,-6404,-6049,-5694,-5339,-4984,-4629,-4274,-3919,-3564,-3209,-2854,-2499,-2144,-1789,-1434,-1079,-724,-369,-14,MAX=-62849
342,697,1052,1407,1762,2117,2472,2827,3182,3537,3892,4247,4602,4615,4957,5312,5667,6022,6377,6732,7087,7442,7797,8152,8507,8862,9217,9572,9927,10282,10637,10992,11347,11702,12057,12412,12767,13122,13477,13832,14187,14542,14897,15252,15607,15962,16317,16672,17027,17382,17737,18092,18447,18802,19157,19512,19867,20222,20577,20932,21287,21642,21997,22352,22707,23062,23417,23772,24127,24482,24837,25192,25547,25902,26257,26612,26967,27322,27677,28032,28387,28742,29097,29452,29807,30162,30517,30872,31227,31582,31937,32292,32647,33002,33357,33712,34067,34422,34777,35132,35487,35842,36197,36552,36907,37262,37617,37972,38327,38682,39037,39392,39747,40102,40457,40812,41167,41522,41877,42232,42587,42942,43297,43652,44007,44362,44717,45072,45427,45782,46137,46492,46847,47202,47557,47912,48267,48622,48977,49332,49687,50042,50397,50752,51107,51462,51817,52172,52527,52882,53237,53592,53947,54302,54657,55012,55367,55722,56077,56432,56787,57142,57497,57852,58207,58562,58917,59272,59627,59982,60337,60692,61047,61402,61757,62112,62467,62822,-62848,-62493,-62138,-61783,-61428,-61073,-60718,-60363,-60008,-59653,-59298,-58943,-58588,-58233,-57878,-57523,-57168,-56813,-56458,-56103,-55748,-55393,-55038,-54683,-54328,-53973,-53618,-53263,-52908,-52553,-52198,-51843,-51488,-51133,-50778,-50423,-50068,-49713,-49358,-49003,-48648,-48293,-47938,-47583,-47228,-46873,-46518,-46163,-45808,-45453,-45098,-44743,-44388,-44033,-43678,-43323,-42968,-42613,-42258,-41903,-41548,-41193,-40838,-40483,-40128,-39773,-39418,-39063,-38708,-38353,-37998,-37643,-37288,-36933,-36578,-36223,-35868,-35513,-35158,-34803,-34448,-34093,-33738,-33383,-33028,-32673,-32318,-31963,-31608,-31253,-30898,-30543,-30188,-29833,-29478,-29123,-28768,-28413,-28058,-27703,-27348,-26993,-26638,-26283,-25928,-25573,-25218,-24863,-24508,-24153,-23798,-23443,-23088,-22733,-22378,-22023,-21668,-21313,-20958,-20603,-20248,-19893,-19538,-19183,-18828,-18473,-18118,-17763,-17408,-17053,-16698,-16343,-15988,-15633,-15278,-14923,-14568,-14213,-13858,-13503,-13148,-12793,-12438,-12083,-11728,-11373,-11018,-10663,-10308,-9953,-9598,-9243,-8888,-8533,-8178,-7823,-7468,-7113,-6758,-6403,-6048,-5693,-5338,-4983,-4628,-4273,-3918,-3563,-3208,-2853,-2498,-2143,-1788,-1433,-1078,-723,-368,-13,MAX=-62848
343,698,1053,1408,1763,2118,2473,2828,3183,3538,3893,4248,4260,4603,4958,5313,5668,6023,6378,6733,7088,7443,7798,8153,8508,8863,9218,9573,9928,10283,10638,10993,11348,11703,12058,12413,12768,13123,13478,13833,14188,14543,14898,15253,15608,15963,16318,16673,17028,17383,17738,18093,18448,18803,19158,19513,19868,20223,20578,20933,21288,21643,21998,22353,22708,23063,23418,23773,24128,24483,24838,25193,25548,25903,26258,26613,26968,27323,27678,28033,28388,28743,29098,29453,29808,30163,30518,30873,31228,31583,31938,32293,32648,33003,33358,33713,34068,34423,34778,35133,35488,35843,36198,36553,36908,37263,37618,37973,38328,38683,39038,39393,39748,40103,40458,40813,41168,41523,41878,42233,42588,42943,43298,43653,44008,44363,44718,45073,45428,45783,46138,46493,46848,47203,47558,47913,48268,48623,48978,49333,49688,50043,50398,50753,51108,51463,51818,52173,52528,52883,53238,53593,53948,54303,54658,55013,55368,55723,56078,56433,56788,57143,57498,57853,58208,58563,58918,59273,59628,59983,60338,60693,61048,61403,61758,62113,62468,62823,-62847,-62492,-62137,-61782,-61427,-61072,-60717,-60362,-60007,-59652,-59297,-58942,-58587,-58232,-57877,-57522,-57167,-56812,-56457,-56102,-55747,-55392,-55037,-54682,-54327,-53972,-53617,-53262,-52907,-52552,-52197,-51842,-51487,-51132,-50777,-50422,-50067,-49712,-49357,-49002,-48647,-48292,-47937,-47582,-47227,-46872,-46517,-46162,-45807,-45452,-45097,-44742,-44387,-44032,-43677,-43322,-42967,-42612,-42257,-41902,-41547,-41192,-40837,-40482,-40127,-39772,-39417,-39062,-38707,-38352,-37997,-37642,-37287,-36932,-36577,-36222,-35867,-35512,-35157,-34802,-34447,-34092,-33737,-33382,-33027,-32672,-32317,-31962,-31607,-31252,-30897,-30542,-30187,-29832,-29477,-29122,-28767,-28412,-28057,-27702,-27347,-26992,-26637,-26282,-25927,-25572,-25217,-24862,-24507,-24152,-23797,-23442,-23087,-22732,-22377,-22022,-21667,-21312,-20957,-20602,-20247,-19892,-19537,-19182,-18827,-18472,-18117,-17762,-17407,-17052,-16697,-16342,-15987,-15632,-15277,-14922,-14567,-14212,-13857,-13502,-13147,-12792,-12437,-12082,-11727,-11372,-11017,-10662,-10307,-9952,-9597,-9242,-8887,-8532,-8177,-7822,-7467,-7112,-6757,-6402,-6047,-5692,-5337,-4982,-4627,-4272,-3917,-3562,-3207,-2852,-2497,-2142,-1787,-1432,-1077,-722,-367,-12,MAX=-62847
344,699,1054,1409,1764,2119,2474,2829,3184,3539,3894,3905,4249,4604,4959,5314,5669,6024,6379,6734,7089,7444,7799,8154,8509,8864,9219,9574,9929,10284,10639,10994,11349,11704,12059,12414,12769,13124,13479,13834,14189,14544,14899,15254,15609,15964,16319,16674,17029,17384,17739,18094,18449,18804,19159,19514,19869,20224,20579,20934,21289,21644,21999,22354,22709,23064,23419,23774,24129,24484,24839,25194,25549,25904,26259,26614,26969,27324,27679,28034,28389,28744,29099,29454,29809,30164,30519,30874,31229,31584,31939,32294,32649,33004,33359,33714,34069,34424,34779,35134,35489,35844,36199,36554,36909,37264,37619,37974,38329,38684,39039,39394,39749,40104,40459,40814,41169,41524,41879,42234,42589,42944,43299,43654,44009,44364,44719,45074,45429,45784,46139,46494,46849,47204,47559,47914,48269,48624,48979,49334,49689,50044,50399,50754,51109,51464,51819,52174,52529,52884,53239,53594,53949,54304,54659,55014,55369,55724,56079,56434,56789,57144,57499,57854,58209,58564,58919,59274,59629,59984,60339,60694,61049,61404,61759,62114,62469,62824,-62846,-62491,-62136,-61781,-61426,-61071,-60716,-60361,-60006,-59651,-59296,-58941,-58586,-58231,-57876,-57521,-57166,-56811,-56456,-56101,-55746,-55391,-55036,-54681,-54326,-53971,-53616,-53261,-52906,-52551,-52196,-51841,-51486,-51131,-50776,-50421,-50066,-49711,-49356,-49001,-48646,-48291,-47936,-47581,-47226,-46871,-46516,-46161,-45806,-45451,-45096,-44741,-44386,-44031,-43676,-43321,-42966,-42611,-42256,-41901,-41546,-41191,-40836,-40481,-40126,-39771,-39416,-39061,-38706,-38351,-37996,-37641,-37286,-36931,-36576,-36221,-35866,-35511,-35156,-34801,-34446,-34091,-33736,-33381,-33026,-32671,-32316,-31961,-31606,-31251,-30896,-30541,-30186,-29831,-29476,-29121,-28766,-28411,-28056,-27701,-27346,-26991,-26636,-26281,-25926,-25571,-25216,-24861,-24506,-24151,-23796,-23441,-23086,-22731,-22376,-22021,-21666,-21311,-20956,-20601,-20246,-19891,-19536,-19181,-18826,-18471,-18116,-17761,-17406,-17051,-16696,-16341,-15986,-15631,-15276,-14921,-14566,-14211,-13856,-13501,-13146,-12791,-12436,-12081,-11726,-11371,-11016,-10661,-10306,-9951,-9596,-9241,-8886,-8531,-8176,-7821,-7466,-7111,-6756,-6401,-6046,-5691,-5336,-4981,-4626,-4271,-3916,-3561,-3206,-2851,-2496,-2141,-1786,-1431,-1076,-721,-366,-11,MAX=-62846
345,700,1055,1410,1765,2120,2475,2830,3185,3540,3550,3895,4250,4605,4960,5315,5670,6025,6380,6735,7090,7445,7800,8155,8510,8865,9220,9575,9930,10285,10640,10995,11350,11705,12060,12415,12770,13125,13480,13835,14190,14545,14900,15255,15610,15965,16320,16675,17030,17385,17740,18095,18450,18805,19160,19515,19870,20225,20580,20935,21290,21645,22000,22355,22710,23065,23420,23775,24130,24485,24840,25195,25550,25905,26260,26615,26970,27325,27680,28035,28390,28745,29100,29455,29810,30165,30520,30875,31230,31585,31940,32295,32650,33005,33360,33715,34070,34425,34780,35135,35490,35845,36200,36555,36910,37265,37620,37975,38330,38685,39040,39395,39750,40105,40460,40815,41170,41525,41880,42235,42590,42945,43300,43655,44010,44365,44720,45075,45430,45785,46140,46495,46850,47205,47560,47915,48270,48625,48980,49335,49690,50045,50400,50755,51110,51465,51820,52175,52530,52885,53240,53595,53950,54305,54660,55015,55370,55725,56080,56435,56790,57145,57500,57855,58210,58565,58920,59275,59630,59985,60340,60695,61050,61405,61760,62115,62470,62825,-62845,-62490,-62135,-61780,-61425,-61070,-60715,-60360,-60005,-59650,-59295,-58940,-58585,-58230,-57875,-57520,-57165,-56810,-56455,-56100,-55745,-55390,-55035,-54680,-54325,-53970,-53615,-53260,-52905,-52550,-52195,-51840,-51485,-51130,-50775,-50420,-50065,-49710,-49355,-49000,-48645,-48290,-47935,-47580,-47225,-46870,-46515,-46160,-45805,-45450,-45095,-44740,-44385,-44030,-43675,-43320,-42965,-42610,-42255,-41900,-41545,-41190,-40835,-40480,-40125,-39770,-39415,-39060,-38705,-38350,-37995,-37640,-37285,-36930,-36575,-36220,-35865,-35510,-35155,-34800,-34445,-34090,-33735,-33380,-33025,-32670,-32315,-31960,-31605,-31250,-30895,-30540,-30185,-29830,-29475,-29120,-28765,-28410,-28055,-27700,-27345,-26990,-26635,-26280,-25925,-25570,-25215,-24860,-24505,-24150,-23795,-23440,-23085,-22730,-22375,-22020,-21665,-21310,-20955,-20600,-20245,-19890,-19535,-19180,-18825,-18470,-18115,-17760,-17405,-17050,-16695,-16340,-15985,-15630,-15275,-14920,-14565,-14210,-13855,-13500,-13145,-12790,-12435,-12080,-11725,-11370,-11015,-10660,-10305,-9950,-9595,-9240,-8885,-8530,-8175,-7820,-7465,-7110,-6755,-6400,-6045,-5690,-5335,-4980,-4625,-4270,-3915,-3560,-3205,-2850,-2495,-2140,-1785,-1430,-1075,-720,-365,-10,MAX=-62845
346,701,1056,1411,1766,2121,2476,2831,3186,3195,3541,3896,4251,4606,4961,5316,5671,6026,6381,6736,7091,7446,7801,8156,8511,8866,9221,9576,9931,10286,10641,10996,11351,11706,12061,12416,12771,13126,13481,13836,14191,14546,14901,15256,15611,15966,16321,16676,17031,17386,17741,18096,18451,18806,19161,19516,19871,20226,20581,20936,21291,21646,22001,22356,22711,23066,23421,23776,24131,24486,24841,25196,25551,25906,26261,26616,26971,27326,27681,28036,28391,28746,29101,29456,29811,30166,30521,30876,31231,31586,31941,32296,32651,33006,33361,33716,34071,34426,34781,35136,35491,35846,36201,36556,36911,37266,37621,37976,38331,38686,39041,39396,39751,40106,40461,40816,41171,41526,41881,42236,42591,42946,43301,43656,44011,44366,44721,45076,45431,45786,46141,46496,46851,47206,47561,47916,48271,48626,48981,49336,49691,50046,50401,50756,51111,51466,51821,52176,52531,52886,53241,53596,53951,54306,54661,55016,55371,55726,56081,56436,56791,57146,57501,57856,58211,58566,58921,59276,59631,59986,60341,60696,61051,61406,61761,62116,62471,62826,-62844,-62489,-62134,-61779,-61424,-61069,-60714,-60359,-60004,-59649,-59294,-58939,-58584,-58229,-57874,-57519,-57164,-56809,-56454,-56099,-55744,-55389,-55034,-54679,-54324,-53969,-53614,-53259,-52904,-52549,-52194,-51839,-51484,-51129,-50774,-50419,-50064,-49709,-49354,-48999,-48644,-48289,-47934,-47579,-47224,-46869,-46514,-46159,-45804,-45449,-45094,-44739,-44384,-44029,-43674,-43319,-42964,-42609,-42254,-41899,-41544,-41189,-40834,-40479,-40124,-39769,-39414,-39059,-38704,-38349,-37994,-37639,-37284,-36929,-36574,-36219,-35864,-35509,-35154,-34799,-34444,-34089,-33734,-33379,-33024,-32669,-32314,-31959,-31604,-31249,-30894,-30539,-30184,-29829,-29474,-29119,-28764,-28409,-28054,-27699,-27344,-26989,-26634,-26279,-25924,-25569,-25214,-24859,-24504,-24149,-23794,-23439,-23084,-22729,-22374,-22019,-21664,-21309,-20954,-20599,-20244,-19889,-19534,-19179,-18824,-18469,-18114,-17759,-17404,-17049,-16694,-16339,-15984,-15629,-15274,-14919,-14564,-14209,-13854,-13499,-13144,-12789,-12434,-12079,-11724,-11369,-11014,-10659,-10304,-9949,-9594,-9239,-8884,-8529,-8174,-7819,-7464,-7109,-6754,-6399,-6044,-5689,-5334,-4979,-4624,-4269,-3914,-3559,-3204,-2849,-2494,-2139,-1784,-1429,-1074,-719,-364,-9,MAX=-62844
347,702,1057,1412,1767,2122,2477,2832,2840,3187,3542,3897,4252,4607,4962,5317,5672,6027,6382,6737,7092,7447,7802,8157,8512,8867,9222,9577,9932,10287,10642,10997,11352,11707,12062,12417,12772,13127,13482,13837,14192,14547,14902,15257,15612,15967,16322,16677,17032,17387,17742,18097,18452,18807,19162,19517,19872,20227,20582,20937,21292,21647,22002,22357,22712,23067,23422,23777,24132,24487,24842,25197,25552,25907,26262,26617,26972,27327,27682,28037,28392,28747,29102,29457,29812,30167,30522,30877,31232,31587,31942,32297,32652,33007,33362,33717,34072,34427,34782,35137,35492,35847,36202,36557,36912,37267,37622,37977,38332,38687,39042,39397,39752,40107,40462,40817,41172,41527,41882,42237,42592,42947,43302,43657,44012,44367,44722,45077,45432,45787,46142,46497,46852,47207,47562,47917,48272,48627,48982,49337,49692,50047,50402,50757,51112,51467,51822,52177,52532,52887,53242,53597,53952,54307,54662,55017,55372,55727,56082,56437,56792,57147,57502,57857,58212,58567,58922,59277,59632,59987,60342,60697,61052,61407,61762,62117,62472,62827,-62843,-62488,-62133,-61778,-61423,-61068,-60713,-60358,-60003,-59648,-59293,-58938,-58583,-58228,-57873,-57518,-57163,-56808,-56453,-56098,-55743,-55388,-55033,-54678,-54323,-53968,-53613,-53258,-52903,-52548,-52193,-51838,-51483,-51128,-50773,-50418,-50063,-49708,-49353,-48998,-48643,-48288,-47933,-47578,-47223,-46868,-46513,-46158,-45803,-45448,-45093,-44738,-44383,-44028,-43673,-43318,-42963,-42608,-42253,-41898,-41543,-41188,-40833,-40478,-40123,-39768,-39413,-39058,-38703,-38348,-37993,-37638,-37283,-36928,-36573,-36218,-35863,-35508,-35153,-34798,-34443,-34088,-33733,-33378,-33023,-32668,-32313,-31958,-31603,-31248,-30893,-30538,-30183,-29828,-29473,-29118,-28763,-28408,-28053,-27698,-27343,-26988,-26633,-26278,-25923,-25568,-25213,-24858,-24503,-24148,-23793,-23438,-23083,-22728,-22373,-22018,-21663,-21308,-20953,-20598,-20243,-19888,-19533,-19178,-18823,-18468,-18113,-17758,-17403,-17048,-16693,-16338,-15983,-15628,-15273,-14918,-14563,-14208,-13853,-13498,-13143,-12788,-12433,-12078,-11723,-11368,-11013,-10658,-10303,-9948,-9593,-9238,-8883,-8528,-8173,-7818,-7463,-7108,-6753,-6398,-6043,-5688,-5333,-4978,-4623,-4268,-3913,-3558,-3203,-2848,-2493,-2138,-1783,-1428,-1073,-718,-363,-8,MAX=-62843
348,703,1058,1413,1768,2123,2478,2485,2833,3188,3543,3898,4253,4608,4963,5318,5673,6028,6383,6738,7093,7448,7803,8158,8513,8868,9223,9578,9933,10288,10643,10998,11353,11708,12063,12418,12773,13128,13483,13838,14193,14548,14903,15258,15613,15968,16323,16678,17033,17388,17743,18098,18453,18808,19163,19518,19873,20228,20583,20938,21293,21648,22003,22358,22713,23068,23423,23778,24133,24488,24843,25198,25553,25908,26263,26618,26973,27328,27683,28038,28393,28748,29103,29458,29813,30168,30523,30878,31233,31588,31943,32298,32653,33008,33363,33718,34073,34428,34783,35138,35493,35848,36203,36558,36913,37268,37623,37978,38333,38688,39043,39398,39753,40108,40463,40818,41173,41528,41883,42238,42593,42948,43303,43658,44013,44368,44723,45078,45433,45788,46143,46498,46853,47208,47563,47918,48273,48628,48983,49338,49693,50048,50403,50758,51113,51468,51823,52178,52533,52888,53243,53598,53953,54308,54663,55018,55373,55728,56083,56438,56793,57148,57503,57858,58213,58568,58923,59278,59633,59988,60343,60698,61053,61408,61763,62118,62473,62828,-62842,-62487,-62132,-61777,-61422,-61067,-60712,-60357,-60002,-59647,-59292,-58937,-58582,-58227,-57872,-57517,-57162,-56807,-56452,-56097,-55742,-55387,-55032,-54677,-54322,-53967,-53612,-53257,-52902,-52547,-52192,-51837,-51482,-51127,-50772,-50417,-50062,-49707,-49352,-48997,-48642,-48287,-47932,-47577,-47222,-46867,-46512,-46157,-45802,-45447,-45092,-44737,-44382,-44027,-43672,-43317,-42962,-42607,-42252,-41897,-41542,-41187,-40832,-40477,-40122,-39767,-39412,-39057,-38702,-38347,-37992,-37637,-37282,-36927,-36572,-36217,-35862,-35507,-35152,-34797,-34442,-34087,-33732,-33377,-33022,-32667,-32312,-31957,-31602,-31247,-30892,-30537,-30182,-29827,-29472,-29117,-28762,-28407,-28052,-27697,-27342,-26987,-26632,-26277,-25922,-25567,-25212,-24857,-24502,-24147,-23792,-23437,-23082,-22727,-22372,-22017,-21662,-21307,-20952,-20597,-20242,-19887,-19532,-19177,-18822,-18467,-18112,-17757,-17402,-17047,-16692,-16337,-15982,-15627,-15272,-14917,-14562,-14207,-13852,-13497,-13142,-12787,-12432,-12077,-11722,-11367,-11012,-10657,-10302,-9947,-9592,-9237,-8882,-8527,-8172,-7817,-7462,-7107,-6752,-6397,-6042,-5687,-5332,-4977,-4622,-4267,-3912,-3557,-3202,-2847,-2492,-2137,-1782,-1427,-1072,-717,-362,-7,MAX=-62842
349,704,1059,1414,1769,2124,2130,2479,2834,3189,3544,3899,4254,4609,4964,5319,5674,6029,6384,6739,7094,7449,7804,8159,8514,8869,9224,9579,9934,10289,10644,10999,11354,11709,12064,12419,12774,13129,13484,13839,14194,14549,14904,15259,15614,15969,16324,16679,17034,17389,17744,18099,18454,18809,19164,19519,19874,20229,20584,20939,21294,21649,22004,22359,22714,23069,23424,23779,24134,24489,24844,25199,25554,25909,26264,26619,26974,27329,27684,28039,28394,28749,29104,29459,29814,30169,30524,30879,31234,31589,31944,32299,32654,33009,33364,33719,34074,34429,34784,35139,35494,35849,36204,36559,36914,37269,37624,37979,38334,38689,39044,39399,39754,40109,40464,40819,41174,41529,41884,42239,42594,42949,43304,43659,44014,44369,44724,45079,45434,45789,46144,46499,46854,47209,47564,47919,48274,48629,48984,49339,49694,50049,50404,50759,51114,51469,51824,52179,52534,52889,53244,53599,53954,54309,54664,55019,55374,55729,56084,56439,56794,57149,57504,57859,58214,58569,58924,59279,59634,59989,60344,60699,61054,61409,61764,62119,62474,62829,-62841,-62486,-62131,-61776,-61421,-61066,-60711,-60356,-60001,-59646,-59291,-58936,-58581,-58226,-57871,-57516,-57161,-56806,-56451,-56096,-55741,-55386,-55031,-54676,-54321,-53966,-53611,-53256,-52901,-52546,-52191,-51836,-51481,-51126,-50771,-50416,-50061,-49706,-49351,-48996,-48641,-48286,-47931,-47576,-47221,-46866,-46511,-46156,-45801,-45446,-45091,-44736,-44381,-44026,-43671,-43316,-42961,-42606,-42251,-41896,-41541,-41186,-40831,-40476,-40121,-39766,-39411,-39056,-38701,-38346,-37991,-37636,-37281,-36926,-36571,-36216,-35861,-35506,-35151,-34796,-34441,-34086,-33731,-33376,-33021,-32666,-32311,-31956,-31601,-31246,-30891,-30536,-30181,-29826,-29471,-29116,-28761,-28406,-28051,-27696,-27341,-26986,-26631,-26276,-25921,-25566,-25211,-24856,-24501,-24146,-23791,-23436,-23081,-22726,-22371,-22016,-21661,-21306,-20951,-20596,-20241,-19886,-19531,-19176,-18821,-18466,-18111,-17756,-17401,-17046,-16691,-16336,-15981,-15626,-15271,-14916,-14561,-14206,-13851,-13496,-13141,-12786,-12431,-12076,-11721,-11366,-11011,-10656,-10301,-9946,-9591,-9236,-8881,-8526,-8171,-7816,-7461,-7106,-6751,-6396,-6041,-5686,-5331,-4976,-4621,-4266,-3911,-3556,-3201,-2846,-2491,-2136,-1781,-1426,-1071,-716,-361,-6,MAX=-62841
350,705,1060,1415,1770,1775,2125,2480,2835,3190,3545,3900,4255,4610,4965,5320,5675,6030,6385,6740,7095,7450,7805,8160,8515,8870,9225,9580,9935,10290,10645,11000,11355,11710,12065,12420,12775,13130,13485,13840,14195,14550,14905,15260,15615,15970,16325,16680,17035,17390,17745,18100,18455,18810,19165,19520,19875,20230,20585,20940,21295,21650,22005,22360,22715,23070,23425,23780,24135,24490,24845,25200,25555,25910,26265,26620,26975,27330,27685,28040,28395,28750,29105,29460,29815,30170,30525,30880,31235,31590,31945,32300,32655,33010,33365,33720,34075,34430,34785,35140,35495,35850,36205,36560,36915,37270,37625,37980,38335,38690,39045,39400,39755,40110,40465,40820,41175,41530,41885,42240,42595,42950,43305,43660,44015,44370,44725,45080,45435,45790,46145,46500,46855,47210,47565,47920,48275,48630,48985,49340,49695,50050,50405,50760,51115,51470,51825,52180,52535,52890,53245,53600,53955,54310,54665,55020,55375,55730,56085,56440,56795,57150,57505,57860,58215,58570,58925,59280,59635,59990,60345,60700,61055,61410,61765,62120,62475,62830,-62840,-62485,-62130,-61775,-61420,-61065,-60710,-60355,-60000,-59645,-59290,-58935,-58580,-58225,-57870,-57515,-57160,-56805,-56450,-56095,-55740,-55385,-55030,-54675,-54320,-53965,-53610,-53255,-52900,-52545,-52190,-51835,-51480,-51125,-50770,-50415,-50060,-49705,-49350,-48995,-48640,-48285,-47930,-47575,-47220,-46865,-46510,-46155,-45800,-45445,-45090,-44735,-44380,-44025,-43670,-43315,-42960,-42605,-42250,-41895,-41540,-41185,-40830,-40475,-40120,-39765,-39410,-39055,-38700,-38345,-37990,-37635,-37280,-36925,-36570,-36215,-35860,-35505,-35150,-34795,-34440,-34085,-33730,-33375,-33020,-32665,-32310,-31955,-31600,-31245,-30890,-30535,-30180,-29825,-29470,-29115,-28760,-28405,-28050,-27695,-27340,-26985,-26630,-26275,-25920,-25565,-25210,-24855,-24500,-24145,-23790,-23435,-23080,-22725,-22370,-22015,-21660,-21305,-20950,-20595,-20240,-19885,-19530,-19175,-18820,-18465,-18110,-17755,-17400,-17045,-16690,-16335,-15980,-15625,-15270,-14915,-14560,-14205,-13850,-13495,-13140,-12785,-12430,-12075,-11720,-11365,-11010,-10655,-10300,-9945,-9590,-9235,-8880,-8525,-8170,-7815,-7460,-7105,-6750,-6395,-6040,-5685,-5330,-4975,-4620,-4265,-3910,-3555,-3200,-2845,-2490,-2135,-1780,-1425,-1070,-715,-360,-5,MAX=-62840
351,706,1061,1416,1420,1771,2126,2481,2836,3191,3546,3901,4256,4611,4966,5321,5676,6031,6386,6741,7096,7451,7806,8161,8516,8871,9226,9581,9936,10291,10646,11001,11356,11711,12066,12421,12776,13131,13486,13841,14196,14551,14906,15261,15616,15971,16326,16681,17036,17391,17746,18101,18456,18811,19166,19521,19876,20231,20586,20941,21296,21651,22006,22361,22716,23071,23426,23781,24136,24491,24846,25201,25556,25911,26266,26621,26976,27331,27686,28041,28396,28751,29106,29461,29816,30171,30526,30881,31236,31591,31946,32301,32656,33011,33366,33721,34076,34431,34786,35141,35496,35851,36206,36561,36916,37271,37626,37981,38336,38691,39046,39401,39756,40111,40466,40821,41176,41531,41886,42241,42596,42951,43306,43661,44016,44371,44726,45081,45436,45791,46146,46501,46856,47211,47566,47921,48276,48631,48986,49341,49696,50051,50406,50761,51116,51471,51826,52181,52536,52891,53246,53601,53956,54311,54666,55021,55376,55731,56086,56441,56796,57151,57506,57861,58216,58571,58926,59281,59636,59991,60346,60701,61056,61411,61766,62121,62476,62831,-62839,-62484,-62129,-61774,-61419,-61064,-60709,-60354,-59999,-59644,-59289,-58934,-58579,-58224,-57869,-57514,-57159,-56804,-56449,-56094,-55739,-55384,-55029,-54674,-54319,-53964,-53609,-53254,-52899,-52544,-52189,-51834,-51479,-51124,-50769,-50414,-50059,-49704,-49349,-48994,-48639,-48284,-47929,-47574,-47219,-46864,-46509,-46154,-45799,-45444,-45089,-44734,-44379,-44024,-43669,-43314,-42959,-42604,-42249,-41894,-41539,-41184,-40829,-40474,-40119,-39764,-39409,-39054,-38699,-38344,-37989,-37634,-37279,-36924,-36569,-36214,-35859,-35504,-35149,-34794,-34439,-34084,-33729,-33374,-33019,-32664,-32309,-31954,-31599,-31244,-30889,-30534,-30179,-29824,-29469,-29114,-28759,-28404,-28049,-27694,-27339,-26984,-26629,-26274,-25919,-25564,-25209,-24854,-24499,-24144,-23789,-23434,-23079,-22724,-22369,-22014,-21659,-21304,-20949,-20594,-20239,-19884,-19529,-19174,-18819,-18464,-18109,-17754,-17399,-17044,-16689,-16334,-15979,-15624,-15269,-14914,-14559,-14204,-13849,-13494,-13139,-12784,-12429,-12074,-11719,-11364,-11009,-10654,-10299,-9944,-9589,-9234,-8879,-8524,-8169,-7814,-7459,-7104,-6749,-6394,-6039,-5684,-5329,-4974,-4619,-4264,-3909,-3554,-3199,-2844,-2489,-2134,-1779,-1424,-1069,-714,-359,-4,MAX=-62839
352,707,1062,1065,1417,1772,2127,2482,2837,3192,3547,3902,4257,4612,4967,5322,5677,6032,6387,6742,7097,7452,7807,8162,8517,8872,9227,9582,9937,10292,10647,11002,11357,11712,12067,12422,12777,13132,13487,13842,14197,14552,14907,15262,15617,15972,16327,16682,17037,17392,17747,18102,18457,18812,19167,19522,19877,20232,20587,20942,21297,21652,22007,22362,22717,23072,23427,23782,24137,24492,24847,25202,25557,25912,26267,26622,26977,27332,27687,28042,28397,28752,29107,29462,29817,30172,30527,30882,31237,31592,31947,32302,32657,33012,33367,33722,34077,34432,34787,35142,35497,35852,36207,36562,36917,37272,37627,37982,38337,38692,39047,39402,39757,40112,40467,40822,41177,41532,41887,42242,42597,42952,43307,43662,44017,44372,44727,45082,45437,45792,46147,46502,46857,47212,47567,47922,48277,48632,48987,49342,49697,50052,50407,50762,51117,51472,51827,52182,52537,52892,53247,53602,53957,54312,54667,55022,55377,55732,56087,56442,56797,57152,57507,57862,58217,58572,58927,59282,59637,59992,60347,60702,61057,61412,61767,62122,62477,62832,-62838,-62483,-62128,-61773,-61418,-61063,-60708,-60353,-59998,-59643,-59288,-58933,-58578,-58223,-57868,-57513,-57158,-56803,-56448,-56093,-55738,-55383,-55028,-54673,-54318,-53963,-53608,-53253,-52898,-52543,-52188,-51833,-51478,-51123,-50768,-50413,-50058,-49703,-49348,-48993,-48638,-48283,-47928,-47573,-47218,-46863,-46508,-46153,-45798,-45443,-45088,-44733,-44378,-44023,-43668,-43313,-42958,-42603,-42248,-41893,-41538,-41183,-40828,-40473,-40118,-39763,-39408,-39053,-38698,-38343,-37988,-37633,-37278,-36923,-36568,-36213,-35858,-35503,-35148,-34793,-34438,-34083,-33728,-33373,-33018,-32663,-32308,-31953,-31598,-31243,-30888,-30533,-30178,-29823,-29468,-29113,-28758,-28403,-28048,-27693,-27338,-26983,-26628,-26273,-25918,-25563,-25208,-24853,-24498,-24143,-23788,-23433,-23078,-22723,-22368,-22013,-21658,-21303,-20948,-20593,-20238,-19883,-19528,-19173,-18818,-18463,-18108,-17753,-17398,-17043,-16688,-16333,-15978,-15623,-15268,-14913,-14558,-14203,-13848,-13493,-13138,-12783,-12428,-12073,-11718,-11363,-11008,-10653,-10298,-9943,-9588,-9233,-8878,-8523,-8168,-7813,-7458,-7103,-6748,-6393,-6038,-5683,-5328,-4973,-4618,-4263,-3908,-3553,-3198,-2843,-2488,-2133,-1778,-1423,-1068,-713,-358,-3,MAX=-62838
353,708,710,1063,1418,1773,2128,2483,2838,3193,3548,3903,4258,4613,4968,5323,5678,6033,6388,6743,7098,7453,7808,8163,8518,8873,9228,9583,9938,10293,10648,11003,11358,11713,12068,12423,12778,13133,13488,13843,14198,14553,14908,15263,15618,15973,16328,16683,17038,17393,17748,18103,18458,18813,19168,19523,19878,20233,20588,20943,21298,21653,22008,22363,22718,23073,23428,23783,24138,24493,24848,25203,25558,25913,26268,26623,26978,27333,27688,28043,28398,28753,29108,29463,29818,30173,30528,30883,31238,31593,31948,32303,32658,33013,33368,33723,34078,34433,34788,35143,35498,35853,36208,36563,36918,37273,37628,37983,38338,38693,39048,39403,39758,40113,40468,40823,41178,41533,41888,42243,42598,42953,43308,43663,44018,44373,44728,45083,45438,45793,46148,46503,46858,47213,47568,47923,48278,48633,48988,49343,49698,50053,50408,50763,51118,51473,51828,52183,52538,52893,53248,53603,53958,54313,54668,55023,55378,55733,56088,56443,56798,57153,57508,57863,58218,58573,58928,59283,59638,59993,60348,60703,61058,61413,61768,62123,62478,62833,-62837,-62482,-62127,-61772,-61417,-61062,-60707,-60352,-59997,-59642,-59287,-58932,-58577,-58222,-57867,-57512,-57157,-56802,-56447,-56092,-55737,-55382,-55027,-54672,-54317,-53962,-53607,-53252,-52897,-52542,-52187,-51832,-51477,-51122,-50767,-50412,-50057,-49702,-49347,-48992,-48637,-48282,-47927,-47572,-47217,-46862,-46507,-46152,-45797,-45442,-45087,-44732,-44377,-44022,-43667,-43312,-42957,-42602,-42247,-41892,-41537,-41182,-40827,-40472,-40117,-39762,-39407,-39052,-38697,-38342,-37987,-37632,-37277,-36922,-36567,-36212,-35857,-35502,-35147,-34792,-34437,-34082,-33727,-33372,-33017,-32662,-32307,-31952,-31597,-31242,-30887,-30532,-30177,-29822,-29467,-29112,-28757,-28402,-28047,-27692,-27337,-26982,-26627,-26272,-25917,-25562,-25207,-24852,-24497,-24142,-23787,-23432,-23077,-22722,-22367,-22012,-21657,-21302,-20947,-20592,-20237,-19882,-19527,-19172,-18817,-18462,-18107,-17752,-17397,-17042,-16687,-16332,-15977,-15622,-15267,-14912,-14557,-14202,-13847,-13492,-13137,-12782,-12427,-12072,-11717,-11362,-11007,-10652,-10297,-9942,-9587,-9232,-8877,-8522,-8167,-7812,-7457,-7102,-6747,-6392,-6037,-5682,-5327,-4972,-4617,-4262,-3907,-3552,-3197,-2842,-2487,-2132,-1777,-1422,-1067,-712,-357,-2,MAX=-62837
354,355,709,1064,1419,1774,2129,2484,2839,3194,3549,3904,4259,4614,4969,5324,5679,6034,6389,6744,7099,7454,7809,8164,8519,8874,9229,9584,9939,10294,10649,11004,11359,11714,12069,12424,12779,13134,13489,13844,14199,14554,14909,15264,15619,15974,16329,16684,17039,17394,17749,18104,18459,18814,19169,19524,19879,20234,20589,20944,21299,21654,22009,22364,22719,23074,23429,23784,24139,24494,24849,25204,25559,25914,26269,26624,26979,27334,27689,28044,28399,28754,29109,29464,29819,30174,30529,30884,31239,31594,31949,32304,32659,33014,33369,33724,34079,34434,34789,35144,35499,35854,36209,36564,36919,37274,37629,37984,38339,38694,39049,39404,39759,40114,40469,40824,41179,41534,41889,42244,42599,42954,43309,43664,44019,44374,44729,45084,45439,45794,46149,46504,46859,47214,47569,47924,48279,48634,48989,49344,49699,50054,50409,50764,51119,51474,51829,52184,52539,52894,53249,53604,53959,54314,54669,55024,55379,55734,56089,56444,56799,57154,57509,57864,58219,58574,58929,59284,59639,59994,60349,60704,61059,61414,61769,62124,62479,62834,-62836,-62481,-62126,-61771,-61416,-61061,-60706,-60351,-59996,-59641,-59286,-58931,-58576,-58221,-57866,-57511,-57156,-56801,-56446,-56091,-55736,-55381,-55026,-54671,-54316,-53961,-53606,-53251,-52896,-52541,-52186,-51831,-51476,-51121,-50766,-50411,-50056,-49701,-49346,-48991,-48636,-48281,-47926,-47571,-47216,-46861,-46506,-46151,-45796,-45441,-45086,-44731,-44376,-44021,-43666,-43311,-42956,-42601,-42246,-41891,-41536,-41181,-40826,-40471,-40116,-39761,-39406,-39051,-38696,-38341,-37986,-37631,-37276,-36921,-36566,-36211,-35856,-35501,-35146,-34791,-34436,-34081,-33726,-33371,-33016,-32661,-32306,-31951,-31596,-31241,-30886,-30531,-30176,-29821,-29466,-29111,-28756,-28401,-28046,-27691,-27336,-26981,-26626,-26271,-25916,-25561,-25206,-24851,-24496,-24141,-23786,-23431,-23076,-22721,-22366,-22011,-21656,-21301,-20946,-20591,-20236,-19881,-19526,-19171,-18816,-18461,-18106,-17751,-17396,-17041,-16686,-16331,-15976,-15621,-15266,-14911,-14556,-14201,-13846,-13491,-13136,-12781,-12426,-12071,-11716,-11361,-11006,-10651,-10296,-9941,-9586,-9231,-8876,-8521,-8166,-7811,-7456,-7101,-6746,-6391,-6036,-5681,-5326,-4971,-4616,-4261,-3906,-3551,-3196,-2841,-2486,-2131,-1776,-1421,-1066,-711,-356,-1,MAX=-62836
