1,358,715,1072,1429,1786,2143,2500,2857,3214,3571,3928,4285,4642,4999,5356,5713,6070,6427,6784,7141,7498,7855,8212,8569,8926,9283,9640,9997,10354,10711,11068,11425,11782,12139,12496,12853,13210,13567,13924,14281,14638,14995,15352,15709,16066,16423,16780,17137,17494,17851,18208,18565,18922,19279,19636,19993,20350,20707,21064,21421,21778,22135,22492,22849,23206,23563,23920,24277,24634,24991,25348,25705,26062,26419,26776,27133,27490,27847,28204,28561,28918,29275,29632,29989,30346,30703,31060,31417,31774,32131,32488,32845,33202,33559,33916,34273,34630,34987,35344,35701,36058,36415,36772,37129,37486,37843,38200,38557,38914,39271,39628,39985,40342,40699,41056,41413,41770,42127,42484,42841,43198,43555,43912,44269,44626,44983,45340,45697,46054,46411,46768,47125,47482,47839,48196,48553,48910,49267,49624,49981,50338,50695,51052,51409,51766,52123,52480,52837,53194,53551,53908,54265,54622,54979,55336,55693,56050,56407,56764,57121,57478,57835,58192,58549,58906,59263,59620,59977,60334,60691,61048,61405,61762,62119,62476,62833,63190,63547,63904,64261,64618,64975,65332,65689,66046,66403,66760,67117,67474,67831,68188,68545,68902,69259,69616,69973,70330,70687,71044,71401,71758,72115,72472,72829,73186,73543,73900,74257,74614,74971,75328,75685,76042,76399,76756,77113,77470,77827,78184,78541,78898,79255,79612,79969,80326,80683,81040,81397,81754,82111,82468,82825,83182,83539,83896,84253,84610,84967,85324,85681,86038,86395,86752,87109,87466,87823,88180,88537,88894,89251,89608,89965,90322,90679,91036,91393,91750,92107,92464,92821,93178,93535,93892,94249,94606,94963,95320,95677,96034,96391,96748,97105,97462,97819,98176,98533,98890,99247,99604,99961,100318,100675,101032,101389,101746,102103,102460,102817,103174,103531,103888,104245,104602,104959,105316,105673,106030,106387,106744,107101,107458,107815,108172,108529,108886,109243,109600,109957,110314,110671,111028,111385,111742,112099,112456,112813,113170,113527,113884,114241,114598,114955,115312,115669,116026,116383,116740,117097,117454,117811,118168,118525,118882,119239,119596,119953,120310,120667,121024,121381,121738,122095,122452,122809,123166,123523,123880,124237,124594,124951,125308,125665,126022,126379,126736,127092,127093
2,359,716,1073,1430,1787,2144,2501,2858,3215,3572,3929,4286,4643,5000,5357,5714,6071,6428,6785,7142,7499,7856,8213,8570,8927,9284,9641,9998,10355,10712,11069,11426,11783,12140,12497,12854,13211,13568,13925,14282,14639,14996,15353,15710,16067,16424,16781,17138,17495,17852,18209,18566,18923,19280,19637,19994,20351,20708,21065,21422,21779,22136,22493,22850,23207,23564,23921,24278,24635,24992,25349,25706,26063,26420,26777,27134,27491,27848,28205,28562,28919,29276,29633,29990,30347,30704,31061,31418,31775,32132,32489,32846,33203,33560,33917,34274,34631,34988,35345,35702,36059,36416,36773,37130,37487,37844,38201,38558,38915,39272,39629,39986,40343,40700,41057,41414,41771,42128,42485,42842,43199,43556,43913,44270,44627,44984,45341,45698,46055,46412,46769,47126,47483,47840,48197,48554,48911,49268,49625,49982,50339,50696,51053,51410,51767,52124,52481,52838,53195,53552,53909,54266,54623,54980,55337,55694,56051,56408,56765,57122,57479,57836,58193,58550,58907,59264,59621,59978,60335,60692,61049,61406,61763,62120,62477,62834,63191,63548,63905,64262,64619,64976,65333,65690,66047,66404,66761,67118,67475,67832,68189,68546,68903,69260,69617,69974,70331,70688,71045,71402,71759,72116,72473,72830,73187,73544,73901,74258,74615,74972,75329,75686,76043,76400,76757,77114,77471,77828,78185,78542,78899,79256,79613,79970,80327,80684,81041,81398,81755,82112,82469,82826,83183,83540,83897,84254,84611,84968,85325,85682,86039,86396,86753,87110,87467,87824,88181,88538,88895,89252,89609,89966,90323,90680,91037,91394,91751,92108,92465,92822,93179,93536,93893,94250,94607,94964,95321,95678,96035,96392,96749,97106,97463,97820,98177,98534,98891,99248,99605,99962,100319,100676,101033,101390,101747,102104,102461,102818,103175,103532,103889,104246,104603,104960,105317,105674,106031,106388,106745,107102,107459,107816,108173,108530,108887,109244,109601,109958,110315,110672,111029,111386,111743,112100,112457,112814,113171,113528,113885,114242,114599,114956,115313,115670,116027,116384,116741,117098,117455,117812,118169,118526,118883,119240,119597,119954,120311,120668,121025,121382,121739,122096,122453,122810,123167,123524,123881,124238,124595,124952,125309,125666,126023,126380,126735,126737,127094
3,360,717,1074,1431,1788,2145,2502,2859,3216,3573,3930,4287,4644,5001,5358,5715,6072,6429,6786,7143,7500,7857,8214,8571,8928,9285,9642,9999,10356,10713,11070,11427,11784,12141,12498,12855,13212,13569,13926,14283,14640,14997,15354,15711,16068,16425,16782,17139,17496,17853,18210,18567,18924,19281,19638,19995,20352,20709,21066,21423,21780,22137,22494,22851,23208,23565,23922,24279,24636,24993,25350,25707,26064,26421,26778,27135,27492,27849,28206,28563,28920,29277,29634,29991,30348,30705,31062,31419,31776,32133,32490,32847,33204,33561,33918,34275,34632,34989,35346,35703,36060,36417,36774,37131,37488,37845,38202,38559,38916,39273,39630,39987,40344,40701,41058,41415,41772,42129,42486,42843,43200,43557,43914,44271,44628,44985,45342,45699,46056,46413,46770,47127,47484,47841,48198,48555,48912,49269,49626,49983,50340,50697,51054,51411,51768,52125,52482,52839,53196,53553,53910,54267,54624,54981,55338,55695,56052,56409,56766,57123,57480,57837,58194,58551,58908,59265,59622,59979,60336,60693,61050,61407,61764,62121,62478,62835,63192,63549,63906,64263,64620,64977,65334,65691,66048,66405,66762,67119,67476,67833,68190,68547,68904,69261,69618,69975,70332,70689,71046,71403,71760,72117,72474,72831,73188,73545,73902,74259,74616,74973,75330,75687,76044,76401,76758,77115,77472,77829,78186,78543,78900,79257,79614,79971,80328,80685,81042,81399,81756,82113,82470,82827,83184,83541,83898,84255,84612,84969,85326,85683,86040,86397,86754,87111,87468,87825,88182,88539,88896,89253,89610,89967,90324,90681,91038,91395,91752,92109,92466,92823,93180,93537,93894,94251,94608,94965,95322,95679,96036,96393,96750,97107,97464,97821,98178,98535,98892,99249,99606,99963,100320,100677,101034,101391,101748,102105,102462,102819,103176,103533,103890,104247,104604,104961,105318,105675,106032,106389,106746,107103,107460,107817,108174,108531,108888,109245,109602,109959,110316,110673,111030,111387,111744,112101,112458,112815,113172,113529,113886,114243,114600,114957,115314,115671,116028,116385,116742,117099,117456,117813,118170,118527,118884,119241,119598,119955,120312,120669,121026,121383,121740,122097,122454,122811,123168,123525,123882,124239,124596,124953,125310,125667,126024,126378,126381,126738,127095
4,361,718,1075,1432,1789,2146,2503,2860,3217,3574,3931,4288,4645,5002,5359,5716,6073,6430,6787,7144,7501,7858,8215,8572,8929,9286,9643,10000,10357,10714,11071,11428,11785,12142,12499,12856,13213,13570,13927,14284,14641,14998,15355,15712,16069,16426,16783,17140,17497,17854,18211,18568,18925,19282,19639,19996,20353,20710,21067,21424,21781,22138,22495,22852,23209,23566,23923,24280,24637,24994,25351,25708,26065,26422,26779,27136,27493,27850,28207,28564,28921,29278,29635,29992,30349,30706,31063,31420,31777,32134,32491,32848,33205,33562,33919,34276,34633,34990,35347,35704,36061,36418,36775,37132,37489,37846,38203,38560,38917,39274,39631,39988,40345,40702,41059,41416,41773,42130,42487,42844,43201,43558,43915,44272,44629,44986,45343,45700,46057,46414,46771,47128,47485,47842,48199,48556,48913,49270,49627,49984,50341,50698,51055,51412,51769,52126,52483,52840,53197,53554,53911,54268,54625,54982,55339,55696,56053,56410,56767,57124,57481,57838,58195,58552,58909,59266,59623,59980,60337,60694,61051,61408,61765,62122,62479,62836,63193,63550,63907,64264,64621,64978,65335,65692,66049,66406,66763,67120,67477,67834,68191,68548,68905,69262,69619,69976,70333,70690,71047,71404,71761,72118,72475,72832,73189,73546,73903,74260,74617,74974,75331,75688,76045,76402,76759,77116,77473,77830,78187,78544,78901,79258,79615,79972,80329,80686,81043,81400,81757,82114,82471,82828,83185,83542,83899,84256,84613,84970,85327,85684,86041,86398,86755,87112,87469,87826,88183,88540,88897,89254,89611,89968,90325,90682,91039,91396,91753,92110,92467,92824,93181,93538,93895,94252,94609,94966,95323,95680,96037,96394,96751,97108,97465,97822,98179,98536,98893,99250,99607,99964,100321,100678,101035,101392,101749,102106,102463,102820,103177,103534,103891,104248,104605,104962,105319,105676,106033,106390,106747,107104,107461,107818,108175,108532,108889,109246,109603,109960,110317,110674,111031,111388,111745,112102,112459,112816,113173,113530,113887,114244,114601,114958,115315,115672,116029,116386,116743,117100,117457,117814,118171,118528,118885,119242,119599,119956,120313,120670,121027,121384,121741,122098,122455,122812,123169,123526,123883,124240,124597,124954,125311,125668,126021,126025,126382,126739,127096
5,362,719,1076,1433,1790,2147,2504,2861,3218,3575,3932,4289,4646,5003,5360,5717,6074,6431,6788,7145,7502,7859,8216,8573,8930,9287,9644,10001,10358,10715,11072,11429,11786,12143,12500,12857,13214,13571,13928,14285,14642,14999,15356,15713,16070,16427,16784,17141,17498,17855,18212,18569,18926,19283,19640,19997,20354,20711,21068,21425,21782,22139,22496,22853,23210,23567,23924,24281,24638,24995,25352,25709,26066,26423,26780,27137,27494,27851,28208,28565,28922,29279,29636,29993,30350,30707,31064,31421,31778,32135,32492,32849,33206,33563,33920,34277,34634,34991,35348,35705,36062,36419,36776,37133,37490,37847,38204,38561,38918,39275,39632,39989,40346,40703,41060,41417,41774,42131,42488,42845,43202,43559,43916,44273,44630,44987,45344,45701,46058,46415,46772,47129,47486,47843,48200,48557,48914,49271,49628,49985,50342,50699,51056,51413,51770,52127,52484,52841,53198,53555,53912,54269,54626,54983,55340,55697,56054,56411,56768,57125,57482,57839,58196,58553,58910,59267,59624,59981,60338,60695,61052,61409,61766,62123,62480,62837,63194,63551,63908,64265,64622,64979,65336,65693,66050,66407,66764,67121,67478,67835,68192,68549,68906,69263,69620,69977,70334,70691,71048,71405,71762,72119,72476,72833,73190,73547,73904,74261,74618,74975,75332,75689,76046,76403,76760,77117,77474,77831,78188,78545,78902,79259,79616,79973,80330,80687,81044,81401,81758,82115,82472,82829,83186,83543,83900,84257,84614,84971,85328,85685,86042,86399,86756,87113,87470,87827,88184,88541,88898,89255,89612,89969,90326,90683,91040,91397,91754,92111,92468,92825,93182,93539,93896,94253,94610,94967,95324,95681,96038,96395,96752,97109,97466,97823,98180,98537,98894,99251,99608,99965,100322,100679,101036,101393,101750,102107,102464,102821,103178,103535,103892,104249,104606,104963,105320,105677,106034,106391,106748,107105,107462,107819,108176,108533,108890,109247,109604,109961,110318,110675,111032,111389,111746,112103,112460,112817,113174,113531,113888,114245,114602,114959,115316,115673,116030,116387,116744,117101,117458,117815,118172,118529,118886,119243,119600,119957,120314,120671,121028,121385,121742,122099,122456,122813,123170,123527,123884,124241,124598,124955,125312,125664,125669,126026,126383,126740,127097
6,363,720,1077,1434,1791,2148,2505,2862,3219,3576,3933,4290,4647,5004,5361,5718,6075,6432,6789,7146,7503,7860,8217,8574,8931,9288,9645,10002,10359,10716,11073,11430,11787,12144,12501,12858,13215,13572,13929,14286,14643,15000,15357,15714,16071,16428,16785,17142,17499,17856,18213,18570,18927,19284,19641,19998,20355,20712,21069,21426,21783,22140,22497,22854,23211,23568,23925,24282,24639,24996,25353,25710,26067,26424,26781,27138,27495,27852,28209,28566,28923,29280,29637,29994,30351,30708,31065,31422,31779,32136,32493,32850,33207,33564,33921,34278,34635,34992,35349,35706,36063,36420,36777,37134,37491,37848,38205,38562,38919,39276,39633,39990,40347,40704,41061,41418,41775,42132,42489,42846,43203,43560,43917,44274,44631,44988,45345,45702,46059,46416,46773,47130,47487,47844,48201,48558,48915,49272,49629,49986,50343,50700,51057,51414,51771,52128,52485,52842,53199,53556,53913,54270,54627,54984,55341,55698,56055,56412,56769,57126,57483,57840,58197,58554,58911,59268,59625,59982,60339,60696,61053,61410,61767,62124,62481,62838,63195,63552,63909,64266,64623,64980,65337,65694,66051,66408,66765,67122,67479,67836,68193,68550,68907,69264,69621,69978,70335,70692,71049,71406,71763,72120,72477,72834,73191,73548,73905,74262,74619,74976,75333,75690,76047,76404,76761,77118,77475,77832,78189,78546,78903,79260,79617,79974,80331,80688,81045,81402,81759,82116,82473,82830,83187,83544,83901,84258,84615,84972,85329,85686,86043,86400,86757,87114,87471,87828,88185,88542,88899,89256,89613,89970,90327,90684,91041,91398,91755,92112,92469,92826,93183,93540,93897,94254,94611,94968,95325,95682,96039,96396,96753,97110,97467,97824,98181,98538,98895,99252,99609,99966,100323,100680,101037,101394,101751,102108,102465,102822,103179,103536,103893,104250,104607,104964,105321,105678,106035,106392,106749,107106,107463,107820,108177,108534,108891,109248,109605,109962,110319,110676,111033,111390,111747,112104,112461,112818,113175,113532,113889,114246,114603,114960,115317,115674,116031,116388,116745,117102,117459,117816,118173,118530,118887,119244,119601,119958,120315,120672,121029,121386,121743,122100,122457,122814,123171,123528,123885,124242,124599,124956,125307,125313,125670,126027,126384,126741,127098
7,364,721,1078,1435,1792,2149,2506,2863,3220,3577,3934,4291,4648,5005,5362,5719,6076,6433,6790,7147,7504,7861,8218,8575,8932,9289,9646,10003,10360,10717,11074,11431,11788,12145,12502,12859,13216,13573,13930,14287,14644,15001,15358,15715,16072,16429,16786,17143,17500,17857,18214,18571,18928,19285,19642,19999,20356,20713,21070,21427,21784,22141,22498,22855,23212,23569,23926,24283,24640,24997,25354,25711,26068,26425,26782,27139,27496,27853,28210,28567,28924,29281,29638,29995,30352,30709,31066,31423,31780,32137,32494,32851,33208,33565,33922,34279,34636,34993,35350,35707,36064,36421,36778,37135,37492,37849,38206,38563,38920,39277,39634,39991,40348,40705,41062,41419,41776,42133,42490,42847,43204,43561,43918,44275,44632,44989,45346,45703,46060,46417,46774,47131,47488,47845,48202,48559,48916,49273,49630,49987,50344,50701,51058,51415,51772,52129,52486,52843,53200,53557,53914,54271,54628,54985,55342,55699,56056,56413,56770,57127,57484,57841,58198,58555,58912,59269,59626,59983,60340,60697,61054,61411,61768,62125,62482,62839,63196,63553,63910,64267,64624,64981,65338,65695,66052,66409,66766,67123,67480,67837,68194,68551,68908,69265,69622,69979,70336,70693,71050,71407,71764,72121,72478,72835,73192,73549,73906,74263,74620,74977,75334,75691,76048,76405,76762,77119,77476,77833,78190,78547,78904,79261,79618,79975,80332,80689,81046,81403,81760,82117,82474,82831,83188,83545,83902,84259,84616,84973,85330,85687,86044,86401,86758,87115,87472,87829,88186,88543,88900,89257,89614,89971,90328,90685,91042,91399,91756,92113,92470,92827,93184,93541,93898,94255,94612,94969,95326,95683,96040,96397,96754,97111,97468,97825,98182,98539,98896,99253,99610,99967,100324,100681,101038,101395,101752,102109,102466,102823,103180,103537,103894,104251,104608,104965,105322,105679,106036,106393,106750,107107,107464,107821,108178,108535,108892,109249,109606,109963,110320,110677,111034,111391,111748,112105,112462,112819,113176,113533,113890,114247,114604,114961,115318,115675,116032,116389,116746,117103,117460,117817,118174,118531,118888,119245,119602,119959,120316,120673,121030,121387,121744,122101,122458,122815,123172,123529,123886,124243,124600,124950,124957,125314,125671,126028,126385,126742,127099
8,365,722,1079,1436,1793,2150,2507,2864,3221,3578,3935,4292,4649,5006,5363,5720,6077,6434,6791,7148,7505,7862,8219,8576,8933,9290,9647,10004,10361,10718,11075,11432,11789,12146,12503,12860,13217,13574,13931,14288,14645,15002,15359,15716,16073,16430,16787,17144,17501,17858,18215,18572,18929,19286,19643,20000,20357,20714,21071,21428,21785,22142,22499,22856,23213,23570,23927,24284,24641,24998,25355,25712,26069,26426,26783,27140,27497,27854,28211,28568,28925,29282,29639,29996,30353,30710,31067,31424,31781,32138,32495,32852,33209,33566,33923,34280,34637,34994,35351,35708,36065,36422,36779,37136,37493,37850,38207,38564,38921,39278,39635,39992,40349,40706,41063,41420,41777,42134,42491,42848,43205,43562,43919,44276,44633,44990,45347,45704,46061,46418,46775,47132,47489,47846,48203,48560,48917,49274,49631,49988,50345,50702,51059,51416,51773,52130,52487,52844,53201,53558,53915,54272,54629,54986,55343,55700,56057,56414,56771,57128,57485,57842,58199,58556,58913,59270,59627,59984,60341,60698,61055,61412,61769,62126,62483,62840,63197,63554,63911,64268,64625,64982,65339,65696,66053,66410,66767,67124,67481,67838,68195,68552,68909,69266,69623,69980,70337,70694,71051,71408,71765,72122,72479,72836,73193,73550,73907,74264,74621,74978,75335,75692,76049,76406,76763,77120,77477,77834,78191,78548,78905,79262,79619,79976,80333,80690,81047,81404,81761,82118,82475,82832,83189,83546,83903,84260,84617,84974,85331,85688,86045,86402,86759,87116,87473,87830,88187,88544,88901,89258,89615,89972,90329,90686,91043,91400,91757,92114,92471,92828,93185,93542,93899,94256,94613,94970,95327,95684,96041,96398,96755,97112,97469,97826,98183,98540,98897,99254,99611,99968,100325,100682,101039,101396,101753,102110,102467,102824,103181,103538,103895,104252,104609,104966,105323,105680,106037,106394,106751,107108,107465,107822,108179,108536,108893,109250,109607,109964,110321,110678,111035,111392,111749,112106,112463,112820,113177,113534,113891,114248,114605,114962,115319,115676,116033,116390,116747,117104,117461,117818,118175,118532,118889,119246,119603,119960,120317,120674,121031,121388,121745,122102,122459,122816,123173,123530,123887,124244,124593,124601,124958,125315,125672,126029,126386,126743,127100
9,366,723,1080,1437,1794,2151,2508,2865,3222,3579,3936,4293,4650,5007,5364,5721,6078,6435,6792,7149,7506,7863,8220,8577,8934,9291,9648,10005,10362,10719,11076,11433,11790,12147,12504,12861,13218,13575,13932,14289,14646,15003,15360,15717,16074,16431,16788,17145,17502,17859,18216,18573,18930,19287,19644,20001,20358,20715,21072,21429,21786,22143,22500,22857,23214,23571,23928,24285,24642,24999,25356,25713,26070,26427,26784,27141,27498,27855,28212,28569,28926,29283,29640,29997,30354,30711,31068,31425,31782,32139,32496,32853,33210,33567,33924,34281,34638,34995,35352,35709,36066,36423,36780,37137,37494,37851,38208,38565,38922,39279,39636,39993,40350,40707,41064,41421,41778,42135,42492,42849,43206,43563,43920,44277,44634,44991,45348,45705,46062,46419,46776,47133,47490,47847,48204,48561,48918,49275,49632,49989,50346,50703,51060,51417,51774,52131,52488,52845,53202,53559,53916,54273,54630,54987,55344,55701,56058,56415,56772,57129,57486,57843,58200,58557,58914,59271,59628,59985,60342,60699,61056,61413,61770,62127,62484,62841,63198,63555,63912,64269,64626,64983,65340,65697,66054,66411,66768,67125,67482,67839,68196,68553,68910,69267,69624,69981,70338,70695,71052,71409,71766,72123,72480,72837,73194,73551,73908,74265,74622,74979,75336,75693,76050,76407,76764,77121,77478,77835,78192,78549,78906,79263,79620,79977,80334,80691,81048,81405,81762,82119,82476,82833,83190,83547,83904,84261,84618,84975,85332,85689,86046,86403,86760,87117,87474,87831,88188,88545,88902,89259,89616,89973,90330,90687,91044,91401,91758,92115,92472,92829,93186,93543,93900,94257,94614,94971,95328,95685,96042,96399,96756,97113,97470,97827,98184,98541,98898,99255,99612,99969,100326,100683,101040,101397,101754,102111,102468,102825,103182,103539,103896,104253,104610,104967,105324,105681,106038,106395,106752,107109,107466,107823,108180,108537,108894,109251,109608,109965,110322,110679,111036,111393,111750,112107,112464,112821,113178,113535,113892,114249,114606,114963,115320,115677,116034,116391,116748,117105,117462,117819,118176,118533,118890,119247,119604,119961,120318,120675,121032,121389,121746,122103,122460,122817,123174,123531,123888,124236,124245,124602,124959,125316,125673,126030,126387,126744,127101
10,367,724,1081,1438,1795,2152,2509,2866,3223,3580,3937,4294,4651,5008,5365,5722,6079,6436,6793,7150,7507,7864,8221,8578,8935,9292,9649,10006,10363,10720,11077,11434,11791,12148,12505,12862,13219,13576,13933,14290,14647,15004,15361,15718,16075,16432,16789,17146,17503,17860,18217,18574,18931,19288,19645,20002,20359,20716,21073,21430,21787,22144,22501,22858,23215,23572,23929,24286,24643,25000,25357,25714,26071,26428,26785,27142,27499,27856,28213,28570,28927,29284,29641,29998,30355,30712,31069,31426,31783,32140,32497,32854,33211,33568,33925,34282,34639,34996,35353,35710,36067,36424,36781,37138,37495,37852,38209,38566,38923,39280,39637,39994,40351,40708,41065,41422,41779,42136,42493,42850,43207,43564,43921,44278,44635,44992,45349,45706,46063,46420,46777,47134,47491,47848,48205,48562,48919,49276,49633,49990,50347,50704,51061,51418,51775,52132,52489,52846,53203,53560,53917,54274,54631,54988,55345,55702,56059,56416,56773,57130,57487,57844,58201,58558,58915,59272,59629,59986,60343,60700,61057,61414,61771,62128,62485,62842,63199,63556,63913,64270,64627,64984,65341,65698,66055,66412,66769,67126,67483,67840,68197,68554,68911,69268,69625,69982,70339,70696,71053,71410,71767,72124,72481,72838,73195,73552,73909,74266,74623,74980,75337,75694,76051,76408,76765,77122,77479,77836,78193,78550,78907,79264,79621,79978,80335,80692,81049,81406,81763,82120,82477,82834,83191,83548,83905,84262,84619,84976,85333,85690,86047,86404,86761,87118,87475,87832,88189,88546,88903,89260,89617,89974,90331,90688,91045,91402,91759,92116,92473,92830,93187,93544,93901,94258,94615,94972,95329,95686,96043,96400,96757,97114,97471,97828,98185,98542,98899,99256,99613,99970,100327,100684,101041,101398,101755,102112,102469,102826,103183,103540,103897,104254,104611,104968,105325,105682,106039,106396,106753,107110,107467,107824,108181,108538,108895,109252,109609,109966,110323,110680,111037,111394,111751,112108,112465,112822,113179,113536,113893,114250,114607,114964,115321,115678,116035,116392,116749,117106,117463,117820,118177,118534,118891,119248,119605,119962,120319,120676,121033,121390,121747,122104,122461,122818,123175,123532,123879,123889,124246,124603,124960,125317,125674,126031,126388,126745,127102
11,368,725,1082,1439,1796,2153,2510,2867,3224,3581,3938,4295,4652,5009,5366,5723,6080,6437,6794,7151,7508,7865,8222,8579,8936,9293,9650,10007,10364,10721,11078,11435,11792,12149,12506,12863,13220,13577,13934,14291,14648,15005,15362,15719,16076,16433,16790,17147,17504,17861,18218,18575,18932,19289,19646,20003,20360,20717,21074,21431,21788,22145,22502,22859,23216,23573,23930,24287,24644,25001,25358,25715,26072,26429,26786,27143,27500,27857,28214,28571,28928,29285,29642,29999,30356,30713,31070,31427,31784,32141,32498,32855,33212,33569,33926,34283,34640,34997,35354,35711,36068,36425,36782,37139,37496,37853,38210,38567,38924,39281,39638,39995,40352,40709,41066,41423,41780,42137,42494,42851,43208,43565,43922,44279,44636,44993,45350,45707,46064,46421,46778,47135,47492,47849,48206,48563,48920,49277,49634,49991,50348,50705,51062,51419,51776,52133,52490,52847,53204,53561,53918,54275,54632,54989,55346,55703,56060,56417,56774,57131,57488,57845,58202,58559,58916,59273,59630,59987,60344,60701,61058,61415,61772,62129,62486,62843,63200,63557,63914,64271,64628,64985,65342,65699,66056,66413,66770,67127,67484,67841,68198,68555,68912,69269,69626,69983,70340,70697,71054,71411,71768,72125,72482,72839,73196,73553,73910,74267,74624,74981,75338,75695,76052,76409,76766,77123,77480,77837,78194,78551,78908,79265,79622,79979,80336,80693,81050,81407,81764,82121,82478,82835,83192,83549,83906,84263,84620,84977,85334,85691,86048,86405,86762,87119,87476,87833,88190,88547,88904,89261,89618,89975,90332,90689,91046,91403,91760,92117,92474,92831,93188,93545,93902,94259,94616,94973,95330,95687,96044,96401,96758,97115,97472,97829,98186,98543,98900,99257,99614,99971,100328,100685,101042,101399,101756,102113,102470,102827,103184,103541,103898,104255,104612,104969,105326,105683,106040,106397,106754,107111,107468,107825,108182,108539,108896,109253,109610,109967,110324,110681,111038,111395,111752,112109,112466,112823,113180,113537,113894,114251,114608,114965,115322,115679,116036,116393,116750,117107,117464,117821,118178,118535,118892,119249,119606,119963,120320,120677,121034,121391,121748,122105,122462,122819,123176,123522,123533,123890,124247,124604,124961,125318,125675,126032,126389,126746,127103
12,369,726,1083,1440,1797,2154,2511,2868,3225,3582,3939,4296,4653,5010,5367,5724,6081,6438,6795,7152,7509,7866,8223,8580,8937,9294,9651,10008,10365,10722,11079,11436,11793,12150,12507,12864,13221,13578,13935,14292,14649,15006,15363,15720,16077,16434,16791,17148,17505,17862,18219,18576,18933,19290,19647,20004,20361,20718,21075,21432,21789,22146,22503,22860,23217,23574,23931,24288,24645,25002,25359,25716,26073,26430,26787,27144,27501,27858,28215,28572,28929,29286,29643,30000,30357,30714,31071,31428,31785,32142,32499,32856,33213,33570,33927,34284,34641,34998,35355,35712,36069,36426,36783,37140,37497,37854,38211,38568,38925,39282,39639,39996,40353,40710,41067,41424,41781,42138,42495,42852,43209,43566,43923,44280,44637,44994,45351,45708,46065,46422,46779,47136,47493,47850,48207,48564,48921,49278,49635,49992,50349,50706,51063,51420,51777,52134,52491,52848,53205,53562,53919,54276,54633,54990,55347,55704,56061,56418,56775,57132,57489,57846,58203,58560,58917,59274,59631,59988,60345,60702,61059,61416,61773,62130,62487,62844,63201,63558,63915,64272,64629,64986,65343,65700,66057,66414,66771,67128,67485,67842,68199,68556,68913,69270,69627,69984,70341,70698,71055,71412,71769,72126,72483,72840,73197,73554,73911,74268,74625,74982,75339,75696,76053,76410,76767,77124,77481,77838,78195,78552,78909,79266,79623,79980,80337,80694,81051,81408,81765,82122,82479,82836,83193,83550,83907,84264,84621,84978,85335,85692,86049,86406,86763,87120,87477,87834,88191,88548,88905,89262,89619,89976,90333,90690,91047,91404,91761,92118,92475,92832,93189,93546,93903,94260,94617,94974,95331,95688,96045,96402,96759,97116,97473,97830,98187,98544,98901,99258,99615,99972,100329,100686,101043,101400,101757,102114,102471,102828,103185,103542,103899,104256,104613,104970,105327,105684,106041,106398,106755,107112,107469,107826,108183,108540,108897,109254,109611,109968,110325,110682,111039,111396,111753,112110,112467,112824,113181,113538,113895,114252,114609,114966,115323,115680,116037,116394,116751,117108,117465,117822,118179,118536,118893,119250,119607,119964,120321,120678,121035,121392,121749,122106,122463,122820,123165,123177,123534,123891,124248,124605,124962,125319,125676,126033,126390,126747,127104
13,370,727,1084,1441,1798,2155,2512,2869,3226,3583,3940,4297,4654,5011,5368,5725,6082,6439,6796,7153,7510,7867,8224,8581,8938,9295,9652,10009,10366,10723,11080,11437,11794,12151,12508,12865,13222,13579,13936,14293,14650,15007,15364,15721,16078,16435,16792,17149,17506,17863,18220,18577,18934,19291,19648,20005,20362,20719,21076,21433,21790,22147,22504,22861,23218,23575,23932,24289,24646,25003,25360,25717,26074,26431,26788,27145,27502,27859,28216,28573,28930,29287,29644,30001,30358,30715,31072,31429,31786,32143,32500,32857,33214,33571,33928,34285,34642,34999,35356,35713,36070,36427,36784,37141,37498,37855,38212,38569,38926,39283,39640,39997,40354,40711,41068,41425,41782,42139,42496,42853,43210,43567,43924,44281,44638,44995,45352,45709,46066,46423,46780,47137,47494,47851,48208,48565,48922,49279,49636,49993,50350,50707,51064,51421,51778,52135,52492,52849,53206,53563,53920,54277,54634,54991,55348,55705,56062,56419,56776,57133,57490,57847,58204,58561,58918,59275,59632,59989,60346,60703,61060,61417,61774,62131,62488,62845,63202,63559,63916,64273,64630,64987,65344,65701,66058,66415,66772,67129,67486,67843,68200,68557,68914,69271,69628,69985,70342,70699,71056,71413,71770,72127,72484,72841,73198,73555,73912,74269,74626,74983,75340,75697,76054,76411,76768,77125,77482,77839,78196,78553,78910,79267,79624,79981,80338,80695,81052,81409,81766,82123,82480,82837,83194,83551,83908,84265,84622,84979,85336,85693,86050,86407,86764,87121,87478,87835,88192,88549,88906,89263,89620,89977,90334,90691,91048,91405,91762,92119,92476,92833,93190,93547,93904,94261,94618,94975,95332,95689,96046,96403,96760,97117,97474,97831,98188,98545,98902,99259,99616,99973,100330,100687,101044,101401,101758,102115,102472,102829,103186,103543,103900,104257,104614,104971,105328,105685,106042,106399,106756,107113,107470,107827,108184,108541,108898,109255,109612,109969,110326,110683,111040,111397,111754,112111,112468,112825,113182,113539,113896,114253,114610,114967,115324,115681,116038,116395,116752,117109,117466,117823,118180,118537,118894,119251,119608,119965,120322,120679,121036,121393,121750,122107,122464,122808,122821,123178,123535,123892,124249,124606,124963,125320,125677,126034,126391,126748,127105
14,371,728,1085,1442,1799,2156,2513,2870,3227,3584,3941,4298,4655,5012,5369,5726,6083,6440,6797,7154,7511,7868,8225,8582,8939,9296,9653,10010,10367,10724,11081,11438,11795,12152,12509,12866,13223,13580,13937,14294,14651,15008,15365,15722,16079,16436,16793,17150,17507,17864,18221,18578,18935,19292,19649,20006,20363,20720,21077,21434,21791,22148,22505,22862,23219,23576,23933,24290,24647,25004,25361,25718,26075,26432,26789,27146,27503,27860,28217,28574,28931,29288,29645,30002,30359,30716,31073,31430,31787,32144,32501,32858,33215,33572,33929,34286,34643,35000,35357,35714,36071,36428,36785,37142,37499,37856,38213,38570,38927,39284,39641,39998,40355,40712,41069,41426,41783,42140,42497,42854,43211,43568,43925,44282,44639,44996,45353,45710,46067,46424,46781,47138,47495,47852,48209,48566,48923,49280,49637,49994,50351,50708,51065,51422,51779,52136,52493,52850,53207,53564,53921,54278,54635,54992,55349,55706,56063,56420,56777,57134,57491,57848,58205,58562,58919,59276,59633,59990,60347,60704,61061,61418,61775,62132,62489,62846,63203,63560,63917,64274,64631,64988,65345,65702,66059,66416,66773,67130,67487,67844,68201,68558,68915,69272,69629,69986,70343,70700,71057,71414,71771,72128,72485,72842,73199,73556,73913,74270,74627,74984,75341,75698,76055,76412,76769,77126,77483,77840,78197,78554,78911,79268,79625,79982,80339,80696,81053,81410,81767,82124,82481,82838,83195,83552,83909,84266,84623,84980,85337,85694,86051,86408,86765,87122,87479,87836,88193,88550,88907,89264,89621,89978,90335,90692,91049,91406,91763,92120,92477,92834,93191,93548,93905,94262,94619,94976,95333,95690,96047,96404,96761,97118,97475,97832,98189,98546,98903,99260,99617,99974,100331,100688,101045,101402,101759,102116,102473,102830,103187,103544,103901,104258,104615,104972,105329,105686,106043,106400,106757,107114,107471,107828,108185,108542,108899,109256,109613,109970,110327,110684,111041,111398,111755,112112,112469,112826,113183,113540,113897,114254,114611,114968,115325,115682,116039,116396,116753,117110,117467,117824,118181,118538,118895,119252,119609,119966,120323,120680,121037,121394,121751,122108,122451,122465,122822,123179,123536,123893,124250,124607,124964,125321,125678,126035,126392,126749,127106
15,372,729,1086,1443,1800,2157,2514,2871,3228,3585,3942,4299,4656,5013,5370,5727,6084,6441,6798,7155,7512,7869,8226,8583,8940,9297,9654,10011,10368,10725,11082,11439,11796,12153,12510,12867,13224,13581,13938,14295,14652,15009,15366,15723,16080,16437,16794,17151,17508,17865,18222,18579,18936,19293,19650,20007,20364,20721,21078,21435,21792,22149,22506,22863,23220,23577,23934,24291,24648,25005,25362,25719,26076,26433,26790,27147,27504,27861,28218,28575,28932,29289,29646,30003,30360,30717,31074,31431,31788,32145,32502,32859,33216,33573,33930,34287,34644,35001,35358,35715,36072,36429,36786,37143,37500,37857,38214,38571,38928,39285,39642,39999,40356,40713,41070,41427,41784,42141,42498,42855,43212,43569,43926,44283,44640,44997,45354,45711,46068,46425,46782,47139,47496,47853,48210,48567,48924,49281,49638,49995,50352,50709,51066,51423,51780,52137,52494,52851,53208,53565,53922,54279,54636,54993,55350,55707,56064,56421,56778,57135,57492,57849,58206,58563,58920,59277,59634,59991,60348,60705,61062,61419,61776,62133,62490,62847,63204,63561,63918,64275,64632,64989,65346,65703,66060,66417,66774,67131,67488,67845,68202,68559,68916,69273,69630,69987,70344,70701,71058,71415,71772,72129,72486,72843,73200,73557,73914,74271,74628,74985,75342,75699,76056,76413,76770,77127,77484,77841,78198,78555,78912,79269,79626,79983,80340,80697,81054,81411,81768,82125,82482,82839,83196,83553,83910,84267,84624,84981,85338,85695,86052,86409,86766,87123,87480,87837,88194,88551,88908,89265,89622,89979,90336,90693,91050,91407,91764,92121,92478,92835,93192,93549,93906,94263,94620,94977,95334,95691,96048,96405,96762,97119,97476,97833,98190,98547,98904,99261,99618,99975,100332,100689,101046,101403,101760,102117,102474,102831,103188,103545,103902,104259,104616,104973,105330,105687,106044,106401,106758,107115,107472,107829,108186,108543,108900,109257,109614,109971,110328,110685,111042,111399,111756,112113,112470,112827,113184,113541,113898,114255,114612,114969,115326,115683,116040,116397,116754,117111,117468,117825,118182,118539,118896,119253,119610,119967,120324,120681,121038,121395,121752,122094,122109,122466,122823,123180,123537,123894,124251,124608,124965,125322,125679,126036,126393,126750,127107
16,373,730,1087,1444,1801,2158,2515,2872,3229,3586,3943,4300,4657,5014,5371,5728,6085,6442,6799,7156,7513,7870,8227,8584,8941,9298,9655,10012,10369,10726,11083,11440,11797,12154,12511,12868,13225,13582,13939,14296,14653,15010,15367,15724,16081,16438,16795,17152,17509,17866,18223,18580,18937,19294,19651,20008,20365,20722,21079,21436,21793,22150,22507,22864,23221,23578,23935,24292,24649,25006,25363,25720,26077,26434,26791,27148,27505,27862,28219,28576,28933,29290,29647,30004,30361,30718,31075,31432,31789,32146,32503,32860,33217,33574,33931,34288,34645,35002,35359,35716,36073,36430,36787,37144,37501,37858,38215,38572,38929,39286,39643,40000,40357,40714,41071,41428,41785,42142,42499,42856,43213,43570,43927,44284,44641,44998,45355,45712,46069,46426,46783,47140,47497,47854,48211,48568,48925,49282,49639,49996,50353,50710,51067,51424,51781,52138,52495,52852,53209,53566,53923,54280,54637,54994,55351,55708,56065,56422,56779,57136,57493,57850,58207,58564,58921,59278,59635,59992,60349,60706,61063,61420,61777,62134,62491,62848,63205,63562,63919,64276,64633,64990,65347,65704,66061,66418,66775,67132,67489,67846,68203,68560,68917,69274,69631,69988,70345,70702,71059,71416,71773,72130,72487,72844,73201,73558,73915,74272,74629,74986,75343,75700,76057,76414,76771,77128,77485,77842,78199,78556,78913,79270,79627,79984,80341,80698,81055,81412,81769,82126,82483,82840,83197,83554,83911,84268,84625,84982,85339,85696,86053,86410,86767,87124,87481,87838,88195,88552,88909,89266,89623,89980,90337,90694,91051,91408,91765,92122,92479,92836,93193,93550,93907,94264,94621,94978,95335,95692,96049,96406,96763,97120,97477,97834,98191,98548,98905,99262,99619,99976,100333,100690,101047,101404,101761,102118,102475,102832,103189,103546,103903,104260,104617,104974,105331,105688,106045,106402,106759,107116,107473,107830,108187,108544,108901,109258,109615,109972,110329,110686,111043,111400,111757,112114,112471,112828,113185,113542,113899,114256,114613,114970,115327,115684,116041,116398,116755,117112,117469,117826,118183,118540,118897,119254,119611,119968,120325,120682,121039,121396,121737,121753,122110,122467,122824,123181,123538,123895,124252,124609,124966,125323,125680,126037,126394,126751,127108
17,374,731,1088,1445,1802,2159,2516,2873,3230,3587,3944,4301,4658,5015,5372,5729,6086,6443,6800,7157,7514,7871,8228,8585,8942,9299,9656,10013,10370,10727,11084,11441,11798,12155,12512,12869,13226,13583,13940,14297,14654,15011,15368,15725,16082,16439,16796,17153,17510,17867,18224,18581,18938,19295,19652,20009,20366,20723,21080,21437,21794,22151,22508,22865,23222,23579,23936,24293,24650,25007,25364,25721,26078,26435,26792,27149,27506,27863,28220,28577,28934,29291,29648,30005,30362,30719,31076,31433,31790,32147,32504,32861,33218,33575,33932,34289,34646,35003,35360,35717,36074,36431,36788,37145,37502,37859,38216,38573,38930,39287,39644,40001,40358,40715,41072,41429,41786,42143,42500,42857,43214,43571,43928,44285,44642,44999,45356,45713,46070,46427,46784,47141,47498,47855,48212,48569,48926,49283,49640,49997,50354,50711,51068,51425,51782,52139,52496,52853,53210,53567,53924,54281,54638,54995,55352,55709,56066,56423,56780,57137,57494,57851,58208,58565,58922,59279,59636,59993,60350,60707,61064,61421,61778,62135,62492,62849,63206,63563,63920,64277,64634,64991,65348,65705,66062,66419,66776,67133,67490,67847,68204,68561,68918,69275,69632,69989,70346,70703,71060,71417,71774,72131,72488,72845,73202,73559,73916,74273,74630,74987,75344,75701,76058,76415,76772,77129,77486,77843,78200,78557,78914,79271,79628,79985,80342,80699,81056,81413,81770,82127,82484,82841,83198,83555,83912,84269,84626,84983,85340,85697,86054,86411,86768,87125,87482,87839,88196,88553,88910,89267,89624,89981,90338,90695,91052,91409,91766,92123,92480,92837,93194,93551,93908,94265,94622,94979,95336,95693,96050,96407,96764,97121,97478,97835,98192,98549,98906,99263,99620,99977,100334,100691,101048,101405,101762,102119,102476,102833,103190,103547,103904,104261,104618,104975,105332,105689,106046,106403,106760,107117,107474,107831,108188,108545,108902,109259,109616,109973,110330,110687,111044,111401,111758,112115,112472,112829,113186,113543,113900,114257,114614,114971,115328,115685,116042,116399,116756,117113,117470,117827,118184,118541,118898,119255,119612,119969,120326,120683,121040,121380,121397,121754,122111,122468,122825,123182,123539,123896,124253,124610,124967,125324,125681,126038,126395,126752,127109
18,375,732,1089,1446,1803,2160,2517,2874,3231,3588,3945,4302,4659,5016,5373,5730,6087,6444,6801,7158,7515,7872,8229,8586,8943,9300,9657,10014,10371,10728,11085,11442,11799,12156,12513,12870,13227,13584,13941,14298,14655,15012,15369,15726,16083,16440,16797,17154,17511,17868,18225,18582,18939,19296,19653,20010,20367,20724,21081,21438,21795,22152,22509,22866,23223,23580,23937,24294,24651,25008,25365,25722,26079,26436,26793,27150,27507,27864,28221,28578,28935,29292,29649,30006,30363,30720,31077,31434,31791,32148,32505,32862,33219,33576,33933,34290,34647,35004,35361,35718,36075,36432,36789,37146,37503,37860,38217,38574,38931,39288,39645,40002,40359,40716,41073,41430,41787,42144,42501,42858,43215,43572,43929,44286,44643,45000,45357,45714,46071,46428,46785,47142,47499,47856,48213,48570,48927,49284,49641,49998,50355,50712,51069,51426,51783,52140,52497,52854,53211,53568,53925,54282,54639,54996,55353,55710,56067,56424,56781,57138,57495,57852,58209,58566,58923,59280,59637,59994,60351,60708,61065,61422,61779,62136,62493,62850,63207,63564,63921,64278,64635,64992,65349,65706,66063,66420,66777,67134,67491,67848,68205,68562,68919,69276,69633,69990,70347,70704,71061,71418,71775,72132,72489,72846,73203,73560,73917,74274,74631,74988,75345,75702,76059,76416,76773,77130,77487,77844,78201,78558,78915,79272,79629,79986,80343,80700,81057,81414,81771,82128,82485,82842,83199,83556,83913,84270,84627,84984,85341,85698,86055,86412,86769,87126,87483,87840,88197,88554,88911,89268,89625,89982,90339,90696,91053,91410,91767,92124,92481,92838,93195,93552,93909,94266,94623,94980,95337,95694,96051,96408,96765,97122,97479,97836,98193,98550,98907,99264,99621,99978,100335,100692,101049,101406,101763,102120,102477,102834,103191,103548,103905,104262,104619,104976,105333,105690,106047,106404,106761,107118,107475,107832,108189,108546,108903,109260,109617,109974,110331,110688,111045,111402,111759,112116,112473,112830,113187,113544,113901,114258,114615,114972,115329,115686,116043,116400,116757,117114,117471,117828,118185,118542,118899,119256,119613,119970,120327,120684,121023,121041,121398,121755,122112,122469,122826,123183,123540,123897,124254,124611,124968,125325,125682,126039,126396,126753,127110
19,376,733,1090,1447,1804,2161,2518,2875,3232,3589,3946,4303,4660,5017,5374,5731,6088,6445,6802,7159,7516,7873,8230,8587,8944,9301,9658,10015,10372,10729,11086,11443,11800,12157,12514,12871,13228,13585,13942,14299,14656,15013,15370,15727,16084,16441,16798,17155,17512,17869,18226,18583,18940,19297,19654,20011,20368,20725,21082,21439,21796,22153,22510,22867,23224,23581,23938,24295,24652,25009,25366,25723,26080,26437,26794,27151,27508,27865,28222,28579,28936,29293,29650,30007,30364,30721,31078,31435,31792,32149,32506,32863,33220,33577,33934,34291,34648,35005,35362,35719,36076,36433,36790,37147,37504,37861,38218,38575,38932,39289,39646,40003,40360,40717,41074,41431,41788,42145,42502,42859,43216,43573,43930,44287,44644,45001,45358,45715,46072,46429,46786,47143,47500,47857,48214,48571,48928,49285,49642,49999,50356,50713,51070,51427,51784,52141,52498,52855,53212,53569,53926,54283,54640,54997,55354,55711,56068,56425,56782,57139,57496,57853,58210,58567,58924,59281,59638,59995,60352,60709,61066,61423,61780,62137,62494,62851,63208,63565,63922,64279,64636,64993,65350,65707,66064,66421,66778,67135,67492,67849,68206,68563,68920,69277,69634,69991,70348,70705,71062,71419,71776,72133,72490,72847,73204,73561,73918,74275,74632,74989,75346,75703,76060,76417,76774,77131,77488,77845,78202,78559,78916,79273,79630,79987,80344,80701,81058,81415,81772,82129,82486,82843,83200,83557,83914,84271,84628,84985,85342,85699,86056,86413,86770,87127,87484,87841,88198,88555,88912,89269,89626,89983,90340,90697,91054,91411,91768,92125,92482,92839,93196,93553,93910,94267,94624,94981,95338,95695,96052,96409,96766,97123,97480,97837,98194,98551,98908,99265,99622,99979,100336,100693,101050,101407,101764,102121,102478,102835,103192,103549,103906,104263,104620,104977,105334,105691,106048,106405,106762,107119,107476,107833,108190,108547,108904,109261,109618,109975,110332,110689,111046,111403,111760,112117,112474,112831,113188,113545,113902,114259,114616,114973,115330,115687,116044,116401,116758,117115,117472,117829,118186,118543,118900,119257,119614,119971,120328,120666,120685,121042,121399,121756,122113,122470,122827,123184,123541,123898,124255,124612,124969,125326,125683,126040,126397,126754,127111
20,377,734,1091,1448,1805,2162,2519,2876,3233,3590,3947,4304,4661,5018,5375,5732,6089,6446,6803,7160,7517,7874,8231,8588,8945,9302,9659,10016,10373,10730,11087,11444,11801,12158,12515,12872,13229,13586,13943,14300,14657,15014,15371,15728,16085,16442,16799,17156,17513,17870,18227,18584,18941,19298,19655,20012,20369,20726,21083,21440,21797,22154,22511,22868,23225,23582,23939,24296,24653,25010,25367,25724,26081,26438,26795,27152,27509,27866,28223,28580,28937,29294,29651,30008,30365,30722,31079,31436,31793,32150,32507,32864,33221,33578,33935,34292,34649,35006,35363,35720,36077,36434,36791,37148,37505,37862,38219,38576,38933,39290,39647,40004,40361,40718,41075,41432,41789,42146,42503,42860,43217,43574,43931,44288,44645,45002,45359,45716,46073,46430,46787,47144,47501,47858,48215,48572,48929,49286,49643,50000,50357,50714,51071,51428,51785,52142,52499,52856,53213,53570,53927,54284,54641,54998,55355,55712,56069,56426,56783,57140,57497,57854,58211,58568,58925,59282,59639,59996,60353,60710,61067,61424,61781,62138,62495,62852,63209,63566,63923,64280,64637,64994,65351,65708,66065,66422,66779,67136,67493,67850,68207,68564,68921,69278,69635,69992,70349,70706,71063,71420,71777,72134,72491,72848,73205,73562,73919,74276,74633,74990,75347,75704,76061,76418,76775,77132,77489,77846,78203,78560,78917,79274,79631,79988,80345,80702,81059,81416,81773,82130,82487,82844,83201,83558,83915,84272,84629,84986,85343,85700,86057,86414,86771,87128,87485,87842,88199,88556,88913,89270,89627,89984,90341,90698,91055,91412,91769,92126,92483,92840,93197,93554,93911,94268,94625,94982,95339,95696,96053,96410,96767,97124,97481,97838,98195,98552,98909,99266,99623,99980,100337,100694,101051,101408,101765,102122,102479,102836,103193,103550,103907,104264,104621,104978,105335,105692,106049,106406,106763,107120,107477,107834,108191,108548,108905,109262,109619,109976,110333,110690,111047,111404,111761,112118,112475,112832,113189,113546,113903,114260,114617,114974,115331,115688,116045,116402,116759,117116,117473,117830,118187,118544,118901,119258,119615,119972,120309,120329,120686,121043,121400,121757,122114,122471,122828,123185,123542,123899,124256,124613,124970,125327,125684,126041,126398,126755,127112
21,378,735,1092,1449,1806,2163,2520,2877,3234,3591,3948,4305,4662,5019,5376,5733,6090,6447,6804,7161,7518,7875,8232,8589,8946,9303,9660,10017,10374,10731,11088,11445,11802,12159,12516,12873,13230,13587,13944,14301,14658,15015,15372,15729,16086,16443,16800,17157,17514,17871,18228,18585,18942,19299,19656,20013,20370,20727,21084,21441,21798,22155,22512,22869,23226,23583,23940,24297,24654,25011,25368,25725,26082,26439,26796,27153,27510,27867,28224,28581,28938,29295,29652,30009,30366,30723,31080,31437,31794,32151,32508,32865,33222,33579,33936,34293,34650,35007,35364,35721,36078,36435,36792,37149,37506,37863,38220,38577,38934,39291,39648,40005,40362,40719,41076,41433,41790,42147,42504,42861,43218,43575,43932,44289,44646,45003,45360,45717,46074,46431,46788,47145,47502,47859,48216,48573,48930,49287,49644,50001,50358,50715,51072,51429,51786,52143,52500,52857,53214,53571,53928,54285,54642,54999,55356,55713,56070,56427,56784,57141,57498,57855,58212,58569,58926,59283,59640,59997,60354,60711,61068,61425,61782,62139,62496,62853,63210,63567,63924,64281,64638,64995,65352,65709,66066,66423,66780,67137,67494,67851,68208,68565,68922,69279,69636,69993,70350,70707,71064,71421,71778,72135,72492,72849,73206,73563,73920,74277,74634,74991,75348,75705,76062,76419,76776,77133,77490,77847,78204,78561,78918,79275,79632,79989,80346,80703,81060,81417,81774,82131,82488,82845,83202,83559,83916,84273,84630,84987,85344,85701,86058,86415,86772,87129,87486,87843,88200,88557,88914,89271,89628,89985,90342,90699,91056,91413,91770,92127,92484,92841,93198,93555,93912,94269,94626,94983,95340,95697,96054,96411,96768,97125,97482,97839,98196,98553,98910,99267,99624,99981,100338,100695,101052,101409,101766,102123,102480,102837,103194,103551,103908,104265,104622,104979,105336,105693,106050,106407,106764,107121,107478,107835,108192,108549,108906,109263,109620,109977,110334,110691,111048,111405,111762,112119,112476,112833,113190,113547,113904,114261,114618,114975,115332,115689,116046,116403,116760,117117,117474,117831,118188,118545,118902,119259,119616,119952,119973,120330,120687,121044,121401,121758,122115,122472,122829,123186,123543,123900,124257,124614,124971,125328,125685,126042,126399,126756,127113
22,379,736,1093,1450,1807,2164,2521,2878,3235,3592,3949,4306,4663,5020,5377,5734,6091,6448,6805,7162,7519,7876,8233,8590,8947,9304,9661,10018,10375,10732,11089,11446,11803,12160,12517,12874,13231,13588,13945,14302,14659,15016,15373,15730,16087,16444,16801,17158,17515,17872,18229,18586,18943,19300,19657,20014,20371,20728,21085,21442,21799,22156,22513,22870,23227,23584,23941,24298,24655,25012,25369,25726,26083,26440,26797,27154,27511,27868,28225,28582,28939,29296,29653,30010,30367,30724,31081,31438,31795,32152,32509,32866,33223,33580,33937,34294,34651,35008,35365,35722,36079,36436,36793,37150,37507,37864,38221,38578,38935,39292,39649,40006,40363,40720,41077,41434,41791,42148,42505,42862,43219,43576,43933,44290,44647,45004,45361,45718,46075,46432,46789,47146,47503,47860,48217,48574,48931,49288,49645,50002,50359,50716,51073,51430,51787,52144,52501,52858,53215,53572,53929,54286,54643,55000,55357,55714,56071,56428,56785,57142,57499,57856,58213,58570,58927,59284,59641,59998,60355,60712,61069,61426,61783,62140,62497,62854,63211,63568,63925,64282,64639,64996,65353,65710,66067,66424,66781,67138,67495,67852,68209,68566,68923,69280,69637,69994,70351,70708,71065,71422,71779,72136,72493,72850,73207,73564,73921,74278,74635,74992,75349,75706,76063,76420,76777,77134,77491,77848,78205,78562,78919,79276,79633,79990,80347,80704,81061,81418,81775,82132,82489,82846,83203,83560,83917,84274,84631,84988,85345,85702,86059,86416,86773,87130,87487,87844,88201,88558,88915,89272,89629,89986,90343,90700,91057,91414,91771,92128,92485,92842,93199,93556,93913,94270,94627,94984,95341,95698,96055,96412,96769,97126,97483,97840,98197,98554,98911,99268,99625,99982,100339,100696,101053,101410,101767,102124,102481,102838,103195,103552,103909,104266,104623,104980,105337,105694,106051,106408,106765,107122,107479,107836,108193,108550,108907,109264,109621,109978,110335,110692,111049,111406,111763,112120,112477,112834,113191,113548,113905,114262,114619,114976,115333,115690,116047,116404,116761,117118,117475,117832,118189,118546,118903,119260,119595,119617,119974,120331,120688,121045,121402,121759,122116,122473,122830,123187,123544,123901,124258,124615,124972,125329,125686,126043,126400,126757,127114
23,380,737,1094,1451,1808,2165,2522,2879,3236,3593,3950,4307,4664,5021,5378,5735,6092,6449,6806,7163,7520,7877,8234,8591,8948,9305,9662,10019,10376,10733,11090,11447,11804,12161,12518,12875,13232,13589,13946,14303,14660,15017,15374,15731,16088,16445,16802,17159,17516,17873,18230,18587,18944,19301,19658,20015,20372,20729,21086,21443,21800,22157,22514,22871,23228,23585,23942,24299,24656,25013,25370,25727,26084,26441,26798,27155,27512,27869,28226,28583,28940,29297,29654,30011,30368,30725,31082,31439,31796,32153,32510,32867,33224,33581,33938,34295,34652,35009,35366,35723,36080,36437,36794,37151,37508,37865,38222,38579,38936,39293,39650,40007,40364,40721,41078,41435,41792,42149,42506,42863,43220,43577,43934,44291,44648,45005,45362,45719,46076,46433,46790,47147,47504,47861,48218,48575,48932,49289,49646,50003,50360,50717,51074,51431,51788,52145,52502,52859,53216,53573,53930,54287,54644,55001,55358,55715,56072,56429,56786,57143,57500,57857,58214,58571,58928,59285,59642,59999,60356,60713,61070,61427,61784,62141,62498,62855,63212,63569,63926,64283,64640,64997,65354,65711,66068,66425,66782,67139,67496,67853,68210,68567,68924,69281,69638,69995,70352,70709,71066,71423,71780,72137,72494,72851,73208,73565,73922,74279,74636,74993,75350,75707,76064,76421,76778,77135,77492,77849,78206,78563,78920,79277,79634,79991,80348,80705,81062,81419,81776,82133,82490,82847,83204,83561,83918,84275,84632,84989,85346,85703,86060,86417,86774,87131,87488,87845,88202,88559,88916,89273,89630,89987,90344,90701,91058,91415,91772,92129,92486,92843,93200,93557,93914,94271,94628,94985,95342,95699,96056,96413,96770,97127,97484,97841,98198,98555,98912,99269,99626,99983,100340,100697,101054,101411,101768,102125,102482,102839,103196,103553,103910,104267,104624,104981,105338,105695,106052,106409,106766,107123,107480,107837,108194,108551,108908,109265,109622,109979,110336,110693,111050,111407,111764,112121,112478,112835,113192,113549,113906,114263,114620,114977,115334,115691,116048,116405,116762,117119,117476,117833,118190,118547,118904,119238,119261,119618,119975,120332,120689,121046,121403,121760,122117,122474,122831,123188,123545,123902,124259,124616,124973,125330,125687,126044,126401,126758,127115
24,381,738,1095,1452,1809,2166,2523,2880,3237,3594,3951,4308,4665,5022,5379,5736,6093,6450,6807,7164,7521,7878,8235,8592,8949,9306,9663,10020,10377,10734,11091,11448,11805,12162,12519,12876,13233,13590,13947,14304,14661,15018,15375,15732,16089,16446,16803,17160,17517,17874,18231,18588,18945,19302,19659,20016,20373,20730,21087,21444,21801,22158,22515,22872,23229,23586,23943,24300,24657,25014,25371,25728,26085,26442,26799,27156,27513,27870,28227,28584,28941,29298,29655,30012,30369,30726,31083,31440,31797,32154,32511,32868,33225,33582,33939,34296,34653,35010,35367,35724,36081,36438,36795,37152,37509,37866,38223,38580,38937,39294,39651,40008,40365,40722,41079,41436,41793,42150,42507,42864,43221,43578,43935,44292,44649,45006,45363,45720,46077,46434,46791,47148,47505,47862,48219,48576,48933,49290,49647,50004,50361,50718,51075,51432,51789,52146,52503,52860,53217,53574,53931,54288,54645,55002,55359,55716,56073,56430,56787,57144,57501,57858,58215,58572,58929,59286,59643,60000,60357,60714,61071,61428,61785,62142,62499,62856,63213,63570,63927,64284,64641,64998,65355,65712,66069,66426,66783,67140,67497,67854,68211,68568,68925,69282,69639,69996,70353,70710,71067,71424,71781,72138,72495,72852,73209,73566,73923,74280,74637,74994,75351,75708,76065,76422,76779,77136,77493,77850,78207,78564,78921,79278,79635,79992,80349,80706,81063,81420,81777,82134,82491,82848,83205,83562,83919,84276,84633,84990,85347,85704,86061,86418,86775,87132,87489,87846,88203,88560,88917,89274,89631,89988,90345,90702,91059,91416,91773,92130,92487,92844,93201,93558,93915,94272,94629,94986,95343,95700,96057,96414,96771,97128,97485,97842,98199,98556,98913,99270,99627,99984,100341,100698,101055,101412,101769,102126,102483,102840,103197,103554,103911,104268,104625,104982,105339,105696,106053,106410,106767,107124,107481,107838,108195,108552,108909,109266,109623,109980,110337,110694,111051,111408,111765,112122,112479,112836,113193,113550,113907,114264,114621,114978,115335,115692,116049,116406,116763,117120,117477,117834,118191,118548,118881,118905,119262,119619,119976,120333,120690,121047,121404,121761,122118,122475,122832,123189,123546,123903,124260,124617,124974,125331,125688,126045,126402,126759,127116
25,382,739,1096,1453,1810,2167,2524,2881,3238,3595,3952,4309,4666,5023,5380,5737,6094,6451,6808,7165,7522,7879,8236,8593,8950,9307,9664,10021,10378,10735,11092,11449,11806,12163,12520,12877,13234,13591,13948,14305,14662,15019,15376,15733,16090,16447,16804,17161,17518,17875,18232,18589,18946,19303,19660,20017,20374,20731,21088,21445,21802,22159,22516,22873,23230,23587,23944,24301,24658,25015,25372,25729,26086,26443,26800,27157,27514,27871,28228,28585,28942,29299,29656,30013,30370,30727,31084,31441,31798,32155,32512,32869,33226,33583,33940,34297,34654,35011,35368,35725,36082,36439,36796,37153,37510,37867,38224,38581,38938,39295,39652,40009,40366,40723,41080,41437,41794,42151,42508,42865,43222,43579,43936,44293,44650,45007,45364,45721,46078,46435,46792,47149,47506,47863,48220,48577,48934,49291,49648,50005,50362,50719,51076,51433,51790,52147,52504,52861,53218,53575,53932,54289,54646,55003,55360,55717,56074,56431,56788,57145,57502,57859,58216,58573,58930,59287,59644,60001,60358,60715,61072,61429,61786,62143,62500,62857,63214,63571,63928,64285,64642,64999,65356,65713,66070,66427,66784,67141,67498,67855,68212,68569,68926,69283,69640,69997,70354,70711,71068,71425,71782,72139,72496,72853,73210,73567,73924,74281,74638,74995,75352,75709,76066,76423,76780,77137,77494,77851,78208,78565,78922,79279,79636,79993,80350,80707,81064,81421,81778,82135,82492,82849,83206,83563,83920,84277,84634,84991,85348,85705,86062,86419,86776,87133,87490,87847,88204,88561,88918,89275,89632,89989,90346,90703,91060,91417,91774,92131,92488,92845,93202,93559,93916,94273,94630,94987,95344,95701,96058,96415,96772,97129,97486,97843,98200,98557,98914,99271,99628,99985,100342,100699,101056,101413,101770,102127,102484,102841,103198,103555,103912,104269,104626,104983,105340,105697,106054,106411,106768,107125,107482,107839,108196,108553,108910,109267,109624,109981,110338,110695,111052,111409,111766,112123,112480,112837,113194,113551,113908,114265,114622,114979,115336,115693,116050,116407,116764,117121,117478,117835,118192,118524,118549,118906,119263,119620,119977,120334,120691,121048,121405,121762,122119,122476,122833,123190,123547,123904,124261,124618,124975,125332,125689,126046,126403,126760,127117
26,383,740,1097,1454,1811,2168,2525,2882,3239,3596,3953,4310,4667,5024,5381,5738,6095,6452,6809,7166,7523,7880,8237,8594,8951,9308,9665,10022,10379,10736,11093,11450,11807,12164,12521,12878,13235,13592,13949,14306,14663,15020,15377,15734,16091,16448,16805,17162,17519,17876,18233,18590,18947,19304,19661,20018,20375,20732,21089,21446,21803,22160,22517,22874,23231,23588,23945,24302,24659,25016,25373,25730,26087,26444,26801,27158,27515,27872,28229,28586,28943,29300,29657,30014,30371,30728,31085,31442,31799,32156,32513,32870,33227,33584,33941,34298,34655,35012,35369,35726,36083,36440,36797,37154,37511,37868,38225,38582,38939,39296,39653,40010,40367,40724,41081,41438,41795,42152,42509,42866,43223,43580,43937,44294,44651,45008,45365,45722,46079,46436,46793,47150,47507,47864,48221,48578,48935,49292,49649,50006,50363,50720,51077,51434,51791,52148,52505,52862,53219,53576,53933,54290,54647,55004,55361,55718,56075,56432,56789,57146,57503,57860,58217,58574,58931,59288,59645,60002,60359,60716,61073,61430,61787,62144,62501,62858,63215,63572,63929,64286,64643,65000,65357,65714,66071,66428,66785,67142,67499,67856,68213,68570,68927,69284,69641,69998,70355,70712,71069,71426,71783,72140,72497,72854,73211,73568,73925,74282,74639,74996,75353,75710,76067,76424,76781,77138,77495,77852,78209,78566,78923,79280,79637,79994,80351,80708,81065,81422,81779,82136,82493,82850,83207,83564,83921,84278,84635,84992,85349,85706,86063,86420,86777,87134,87491,87848,88205,88562,88919,89276,89633,89990,90347,90704,91061,91418,91775,92132,92489,92846,93203,93560,93917,94274,94631,94988,95345,95702,96059,96416,96773,97130,97487,97844,98201,98558,98915,99272,99629,99986,100343,100700,101057,101414,101771,102128,102485,102842,103199,103556,103913,104270,104627,104984,105341,105698,106055,106412,106769,107126,107483,107840,108197,108554,108911,109268,109625,109982,110339,110696,111053,111410,111767,112124,112481,112838,113195,113552,113909,114266,114623,114980,115337,115694,116051,116408,116765,117122,117479,117836,118167,118193,118550,118907,119264,119621,119978,120335,120692,121049,121406,121763,122120,122477,122834,123191,123548,123905,124262,124619,124976,125333,125690,126047,126404,126761,127118
27,384,741,1098,1455,1812,2169,2526,2883,3240,3597,3954,4311,4668,5025,5382,5739,6096,6453,6810,7167,7524,7881,8238,8595,8952,9309,9666,10023,10380,10737,11094,11451,11808,12165,12522,12879,13236,13593,13950,14307,14664,15021,15378,15735,16092,16449,16806,17163,17520,17877,18234,18591,18948,19305,19662,20019,20376,20733,21090,21447,21804,22161,22518,22875,23232,23589,23946,24303,24660,25017,25374,25731,26088,26445,26802,27159,27516,27873,28230,28587,28944,29301,29658,30015,30372,30729,31086,31443,31800,32157,32514,32871,33228,33585,33942,34299,34656,35013,35370,35727,36084,36441,36798,37155,37512,37869,38226,38583,38940,39297,39654,40011,40368,40725,41082,41439,41796,42153,42510,42867,43224,43581,43938,44295,44652,45009,45366,45723,46080,46437,46794,47151,47508,47865,48222,48579,48936,49293,49650,50007,50364,50721,51078,51435,51792,52149,52506,52863,53220,53577,53934,54291,54648,55005,55362,55719,56076,56433,56790,57147,57504,57861,58218,58575,58932,59289,59646,60003,60360,60717,61074,61431,61788,62145,62502,62859,63216,63573,63930,64287,64644,65001,65358,65715,66072,66429,66786,67143,67500,67857,68214,68571,68928,69285,69642,69999,70356,70713,71070,71427,71784,72141,72498,72855,73212,73569,73926,74283,74640,74997,75354,75711,76068,76425,76782,77139,77496,77853,78210,78567,78924,79281,79638,79995,80352,80709,81066,81423,81780,82137,82494,82851,83208,83565,83922,84279,84636,84993,85350,85707,86064,86421,86778,87135,87492,87849,88206,88563,88920,89277,89634,89991,90348,90705,91062,91419,91776,92133,92490,92847,93204,93561,93918,94275,94632,94989,95346,95703,96060,96417,96774,97131,97488,97845,98202,98559,98916,99273,99630,99987,100344,100701,101058,101415,101772,102129,102486,102843,103200,103557,103914,104271,104628,104985,105342,105699,106056,106413,106770,107127,107484,107841,108198,108555,108912,109269,109626,109983,110340,110697,111054,111411,111768,112125,112482,112839,113196,113553,113910,114267,114624,114981,115338,115695,116052,116409,116766,117123,117480,117810,117837,118194,118551,118908,119265,119622,119979,120336,120693,121050,121407,121764,122121,122478,122835,123192,123549,123906,124263,124620,124977,125334,125691,126048,126405,126762,127119
28,385,742,1099,1456,1813,2170,2527,2884,3241,3598,3955,4312,4669,5026,5383,5740,6097,6454,6811,7168,7525,7882,8239,8596,8953,9310,9667,10024,10381,10738,11095,11452,11809,12166,12523,12880,13237,13594,13951,14308,14665,15022,15379,15736,16093,16450,16807,17164,17521,17878,18235,18592,18949,19306,19663,20020,20377,20734,21091,21448,21805,22162,22519,22876,23233,23590,23947,24304,24661,25018,25375,25732,26089,26446,26803,27160,27517,27874,28231,28588,28945,29302,29659,30016,30373,30730,31087,31444,31801,32158,32515,32872,33229,33586,33943,34300,34657,35014,35371,35728,36085,36442,36799,37156,37513,37870,38227,38584,38941,39298,39655,40012,40369,40726,41083,41440,41797,42154,42511,42868,43225,43582,43939,44296,44653,45010,45367,45724,46081,46438,46795,47152,47509,47866,48223,48580,48937,49294,49651,50008,50365,50722,51079,51436,51793,52150,52507,52864,53221,53578,53935,54292,54649,55006,55363,55720,56077,56434,56791,57148,57505,57862,58219,58576,58933,59290,59647,60004,60361,60718,61075,61432,61789,62146,62503,62860,63217,63574,63931,64288,64645,65002,65359,65716,66073,66430,66787,67144,67501,67858,68215,68572,68929,69286,69643,70000,70357,70714,71071,71428,71785,72142,72499,72856,73213,73570,73927,74284,74641,74998,75355,75712,76069,76426,76783,77140,77497,77854,78211,78568,78925,79282,79639,79996,80353,80710,81067,81424,81781,82138,82495,82852,83209,83566,83923,84280,84637,84994,85351,85708,86065,86422,86779,87136,87493,87850,88207,88564,88921,89278,89635,89992,90349,90706,91063,91420,91777,92134,92491,92848,93205,93562,93919,94276,94633,94990,95347,95704,96061,96418,96775,97132,97489,97846,98203,98560,98917,99274,99631,99988,100345,100702,101059,101416,101773,102130,102487,102844,103201,103558,103915,104272,104629,104986,105343,105700,106057,106414,106771,107128,107485,107842,108199,108556,108913,109270,109627,109984,110341,110698,111055,111412,111769,112126,112483,112840,113197,113554,113911,114268,114625,114982,115339,115696,116053,116410,116767,117124,117453,117481,117838,118195,118552,118909,119266,119623,119980,120337,120694,121051,121408,121765,122122,122479,122836,123193,123550,123907,124264,124621,124978,125335,125692,126049,126406,126763,127120
29,386,743,1100,1457,1814,2171,2528,2885,3242,3599,3956,4313,4670,5027,5384,5741,6098,6455,6812,7169,7526,7883,8240,8597,8954,9311,9668,10025,10382,10739,11096,11453,11810,12167,12524,12881,13238,13595,13952,14309,14666,15023,15380,15737,16094,16451,16808,17165,17522,17879,18236,18593,18950,19307,19664,20021,20378,20735,21092,21449,21806,22163,22520,22877,23234,23591,23948,24305,24662,25019,25376,25733,26090,26447,26804,27161,27518,27875,28232,28589,28946,29303,29660,30017,30374,30731,31088,31445,31802,32159,32516,32873,33230,33587,33944,34301,34658,35015,35372,35729,36086,36443,36800,37157,37514,37871,38228,38585,38942,39299,39656,40013,40370,40727,41084,41441,41798,42155,42512,42869,43226,43583,43940,44297,44654,45011,45368,45725,46082,46439,46796,47153,47510,47867,48224,48581,48938,49295,49652,50009,50366,50723,51080,51437,51794,52151,52508,52865,53222,53579,53936,54293,54650,55007,55364,55721,56078,56435,56792,57149,57506,57863,58220,58577,58934,59291,59648,60005,60362,60719,61076,61433,61790,62147,62504,62861,63218,63575,63932,64289,64646,65003,65360,65717,66074,66431,66788,67145,67502,67859,68216,68573,68930,69287,69644,70001,70358,70715,71072,71429,71786,72143,72500,72857,73214,73571,73928,74285,74642,74999,75356,75713,76070,76427,76784,77141,77498,77855,78212,78569,78926,79283,79640,79997,80354,80711,81068,81425,81782,82139,82496,82853,83210,83567,83924,84281,84638,84995,85352,85709,86066,86423,86780,87137,87494,87851,88208,88565,88922,89279,89636,89993,90350,90707,91064,91421,91778,92135,92492,92849,93206,93563,93920,94277,94634,94991,95348,95705,96062,96419,96776,97133,97490,97847,98204,98561,98918,99275,99632,99989,100346,100703,101060,101417,101774,102131,102488,102845,103202,103559,103916,104273,104630,104987,105344,105701,106058,106415,106772,107129,107486,107843,108200,108557,108914,109271,109628,109985,110342,110699,111056,111413,111770,112127,112484,112841,113198,113555,113912,114269,114626,114983,115340,115697,116054,116411,116768,117096,117125,117482,117839,118196,118553,118910,119267,119624,119981,120338,120695,121052,121409,121766,122123,122480,122837,123194,123551,123908,124265,124622,124979,125336,125693,126050,126407,126764,127121
30,387,744,1101,1458,1815,2172,2529,2886,3243,3600,3957,4314,4671,5028,5385,5742,6099,6456,6813,7170,7527,7884,8241,8598,8955,9312,9669,10026,10383,10740,11097,11454,11811,12168,12525,12882,13239,13596,13953,14310,14667,15024,15381,15738,16095,16452,16809,17166,17523,17880,18237,18594,18951,19308,19665,20022,20379,20736,21093,21450,21807,22164,22521,22878,23235,23592,23949,24306,24663,25020,25377,25734,26091,26448,26805,27162,27519,27876,28233,28590,28947,29304,29661,30018,30375,30732,31089,31446,31803,32160,32517,32874,33231,33588,33945,34302,34659,35016,35373,35730,36087,36444,36801,37158,37515,37872,38229,38586,38943,39300,39657,40014,40371,40728,41085,41442,41799,42156,42513,42870,43227,43584,43941,44298,44655,45012,45369,45726,46083,46440,46797,47154,47511,47868,48225,48582,48939,49296,49653,50010,50367,50724,51081,51438,51795,52152,52509,52866,53223,53580,53937,54294,54651,55008,55365,55722,56079,56436,56793,57150,57507,57864,58221,58578,58935,59292,59649,60006,60363,60720,61077,61434,61791,62148,62505,62862,63219,63576,63933,64290,64647,65004,65361,65718,66075,66432,66789,67146,67503,67860,68217,68574,68931,69288,69645,70002,70359,70716,71073,71430,71787,72144,72501,72858,73215,73572,73929,74286,74643,75000,75357,75714,76071,76428,76785,77142,77499,77856,78213,78570,78927,79284,79641,79998,80355,80712,81069,81426,81783,82140,82497,82854,83211,83568,83925,84282,84639,84996,85353,85710,86067,86424,86781,87138,87495,87852,88209,88566,88923,89280,89637,89994,90351,90708,91065,91422,91779,92136,92493,92850,93207,93564,93921,94278,94635,94992,95349,95706,96063,96420,96777,97134,97491,97848,98205,98562,98919,99276,99633,99990,100347,100704,101061,101418,101775,102132,102489,102846,103203,103560,103917,104274,104631,104988,105345,105702,106059,106416,106773,107130,107487,107844,108201,108558,108915,109272,109629,109986,110343,110700,111057,111414,111771,112128,112485,112842,113199,113556,113913,114270,114627,114984,115341,115698,116055,116412,116739,116769,117126,117483,117840,118197,118554,118911,119268,119625,119982,120339,120696,121053,121410,121767,122124,122481,122838,123195,123552,123909,124266,124623,124980,125337,125694,126051,126408,126765,127122
31,388,745,1102,1459,1816,2173,2530,2887,3244,3601,3958,4315,4672,5029,5386,5743,6100,6457,6814,7171,7528,7885,8242,8599,8956,9313,9670,10027,10384,10741,11098,11455,11812,12169,12526,12883,13240,13597,13954,14311,14668,15025,15382,15739,16096,16453,16810,17167,17524,17881,18238,18595,18952,19309,19666,20023,20380,20737,21094,21451,21808,22165,22522,22879,23236,23593,23950,24307,24664,25021,25378,25735,26092,26449,26806,27163,27520,27877,28234,28591,28948,29305,29662,30019,30376,30733,31090,31447,31804,32161,32518,32875,33232,33589,33946,34303,34660,35017,35374,35731,36088,36445,36802,37159,37516,37873,38230,38587,38944,39301,39658,40015,40372,40729,41086,41443,41800,42157,42514,42871,43228,43585,43942,44299,44656,45013,45370,45727,46084,46441,46798,47155,47512,47869,48226,48583,48940,49297,49654,50011,50368,50725,51082,51439,51796,52153,52510,52867,53224,53581,53938,54295,54652,55009,55366,55723,56080,56437,56794,57151,57508,57865,58222,58579,58936,59293,59650,60007,60364,60721,61078,61435,61792,62149,62506,62863,63220,63577,63934,64291,64648,65005,65362,65719,66076,66433,66790,67147,67504,67861,68218,68575,68932,69289,69646,70003,70360,70717,71074,71431,71788,72145,72502,72859,73216,73573,73930,74287,74644,75001,75358,75715,76072,76429,76786,77143,77500,77857,78214,78571,78928,79285,79642,79999,80356,80713,81070,81427,81784,82141,82498,82855,83212,83569,83926,84283,84640,84997,85354,85711,86068,86425,86782,87139,87496,87853,88210,88567,88924,89281,89638,89995,90352,90709,91066,91423,91780,92137,92494,92851,93208,93565,93922,94279,94636,94993,95350,95707,96064,96421,96778,97135,97492,97849,98206,98563,98920,99277,99634,99991,100348,100705,101062,101419,101776,102133,102490,102847,103204,103561,103918,104275,104632,104989,105346,105703,106060,106417,106774,107131,107488,107845,108202,108559,108916,109273,109630,109987,110344,110701,111058,111415,111772,112129,112486,112843,113200,113557,113914,114271,114628,114985,115342,115699,116056,116382,116413,116770,117127,117484,117841,118198,118555,118912,119269,119626,119983,120340,120697,121054,121411,121768,122125,122482,122839,123196,123553,123910,124267,124624,124981,125338,125695,126052,126409,126766,127123
32,389,746,1103,1460,1817,2174,2531,2888,3245,3602,3959,4316,4673,5030,5387,5744,6101,6458,6815,7172,7529,7886,8243,8600,8957,9314,9671,10028,10385,10742,11099,11456,11813,12170,12527,12884,13241,13598,13955,14312,14669,15026,15383,15740,16097,16454,16811,17168,17525,17882,18239,18596,18953,19310,19667,20024,20381,20738,21095,21452,21809,22166,22523,22880,23237,23594,23951,24308,24665,25022,25379,25736,26093,26450,26807,27164,27521,27878,28235,28592,28949,29306,29663,30020,30377,30734,31091,31448,31805,32162,32519,32876,33233,33590,33947,34304,34661,35018,35375,35732,36089,36446,36803,37160,37517,37874,38231,38588,38945,39302,39659,40016,40373,40730,41087,41444,41801,42158,42515,42872,43229,43586,43943,44300,44657,45014,45371,45728,46085,46442,46799,47156,47513,47870,48227,48584,48941,49298,49655,50012,50369,50726,51083,51440,51797,52154,52511,52868,53225,53582,53939,54296,54653,55010,55367,55724,56081,56438,56795,57152,57509,57866,58223,58580,58937,59294,59651,60008,60365,60722,61079,61436,61793,62150,62507,62864,63221,63578,63935,64292,64649,65006,65363,65720,66077,66434,66791,67148,67505,67862,68219,68576,68933,69290,69647,70004,70361,70718,71075,71432,71789,72146,72503,72860,73217,73574,73931,74288,74645,75002,75359,75716,76073,76430,76787,77144,77501,77858,78215,78572,78929,79286,79643,80000,80357,80714,81071,81428,81785,82142,82499,82856,83213,83570,83927,84284,84641,84998,85355,85712,86069,86426,86783,87140,87497,87854,88211,88568,88925,89282,89639,89996,90353,90710,91067,91424,91781,92138,92495,92852,93209,93566,93923,94280,94637,94994,95351,95708,96065,96422,96779,97136,97493,97850,98207,98564,98921,99278,99635,99992,100349,100706,101063,101420,101777,102134,102491,102848,103205,103562,103919,104276,104633,104990,105347,105704,106061,106418,106775,107132,107489,107846,108203,108560,108917,109274,109631,109988,110345,110702,111059,111416,111773,112130,112487,112844,113201,113558,113915,114272,114629,114986,115343,115700,116025,116057,116414,116771,117128,117485,117842,118199,118556,118913,119270,119627,119984,120341,120698,121055,121412,121769,122126,122483,122840,123197,123554,123911,124268,124625,124982,125339,125696,126053,126410,126767,127124
33,390,747,1104,1461,1818,2175,2532,2889,3246,3603,3960,4317,4674,5031,5388,5745,6102,6459,6816,7173,7530,7887,8244,8601,8958,9315,9672,10029,10386,10743,11100,11457,11814,12171,12528,12885,13242,13599,13956,14313,14670,15027,15384,15741,16098,16455,16812,17169,17526,17883,18240,18597,18954,19311,19668,20025,20382,20739,21096,21453,21810,22167,22524,22881,23238,23595,23952,24309,24666,25023,25380,25737,26094,26451,26808,27165,27522,27879,28236,28593,28950,29307,29664,30021,30378,30735,31092,31449,31806,32163,32520,32877,33234,33591,33948,34305,34662,35019,35376,35733,36090,36447,36804,37161,37518,37875,38232,38589,38946,39303,39660,40017,40374,40731,41088,41445,41802,42159,42516,42873,43230,43587,43944,44301,44658,45015,45372,45729,46086,46443,46800,47157,47514,47871,48228,48585,48942,49299,49656,50013,50370,50727,51084,51441,51798,52155,52512,52869,53226,53583,53940,54297,54654,55011,55368,55725,56082,56439,56796,57153,57510,57867,58224,58581,58938,59295,59652,60009,60366,60723,61080,61437,61794,62151,62508,62865,63222,63579,63936,64293,64650,65007,65364,65721,66078,66435,66792,67149,67506,67863,68220,68577,68934,69291,69648,70005,70362,70719,71076,71433,71790,72147,72504,72861,73218,73575,73932,74289,74646,75003,75360,75717,76074,76431,76788,77145,77502,77859,78216,78573,78930,79287,79644,80001,80358,80715,81072,81429,81786,82143,82500,82857,83214,83571,83928,84285,84642,84999,85356,85713,86070,86427,86784,87141,87498,87855,88212,88569,88926,89283,89640,89997,90354,90711,91068,91425,91782,92139,92496,92853,93210,93567,93924,94281,94638,94995,95352,95709,96066,96423,96780,97137,97494,97851,98208,98565,98922,99279,99636,99993,100350,100707,101064,101421,101778,102135,102492,102849,103206,103563,103920,104277,104634,104991,105348,105705,106062,106419,106776,107133,107490,107847,108204,108561,108918,109275,109632,109989,110346,110703,111060,111417,111774,112131,112488,112845,113202,113559,113916,114273,114630,114987,115344,115668,115701,116058,116415,116772,117129,117486,117843,118200,118557,118914,119271,119628,119985,120342,120699,121056,121413,121770,122127,122484,122841,123198,123555,123912,124269,124626,124983,125340,125697,126054,126411,126768,127125
34,391,748,1105,1462,1819,2176,2533,2890,3247,3604,3961,4318,4675,5032,5389,5746,6103,6460,6817,7174,7531,7888,8245,8602,8959,9316,9673,10030,10387,10744,11101,11458,11815,12172,12529,12886,13243,13600,13957,14314,14671,15028,15385,15742,16099,16456,16813,17170,17527,17884,18241,18598,18955,19312,19669,20026,20383,20740,21097,21454,21811,22168,22525,22882,23239,23596,23953,24310,24667,25024,25381,25738,26095,26452,26809,27166,27523,27880,28237,28594,28951,29308,29665,30022,30379,30736,31093,31450,31807,32164,32521,32878,33235,33592,33949,34306,34663,35020,35377,35734,36091,36448,36805,37162,37519,37876,38233,38590,38947,39304,39661,40018,40375,40732,41089,41446,41803,42160,42517,42874,43231,43588,43945,44302,44659,45016,45373,45730,46087,46444,46801,47158,47515,47872,48229,48586,48943,49300,49657,50014,50371,50728,51085,51442,51799,52156,52513,52870,53227,53584,53941,54298,54655,55012,55369,55726,56083,56440,56797,57154,57511,57868,58225,58582,58939,59296,59653,60010,60367,60724,61081,61438,61795,62152,62509,62866,63223,63580,63937,64294,64651,65008,65365,65722,66079,66436,66793,67150,67507,67864,68221,68578,68935,69292,69649,70006,70363,70720,71077,71434,71791,72148,72505,72862,73219,73576,73933,74290,74647,75004,75361,75718,76075,76432,76789,77146,77503,77860,78217,78574,78931,79288,79645,80002,80359,80716,81073,81430,81787,82144,82501,82858,83215,83572,83929,84286,84643,85000,85357,85714,86071,86428,86785,87142,87499,87856,88213,88570,88927,89284,89641,89998,90355,90712,91069,91426,91783,92140,92497,92854,93211,93568,93925,94282,94639,94996,95353,95710,96067,96424,96781,97138,97495,97852,98209,98566,98923,99280,99637,99994,100351,100708,101065,101422,101779,102136,102493,102850,103207,103564,103921,104278,104635,104992,105349,105706,106063,106420,106777,107134,107491,107848,108205,108562,108919,109276,109633,109990,110347,110704,111061,111418,111775,112132,112489,112846,113203,113560,113917,114274,114631,114988,115311,115345,115702,116059,116416,116773,117130,117487,117844,118201,118558,118915,119272,119629,119986,120343,120700,121057,121414,121771,122128,122485,122842,123199,123556,123913,124270,124627,124984,125341,125698,126055,126412,126769,127126
35,392,749,1106,1463,1820,2177,2534,2891,3248,3605,3962,4319,4676,5033,5390,5747,6104,6461,6818,7175,7532,7889,8246,8603,8960,9317,9674,10031,10388,10745,11102,11459,11816,12173,12530,12887,13244,13601,13958,14315,14672,15029,15386,15743,16100,16457,16814,17171,17528,17885,18242,18599,18956,19313,19670,20027,20384,20741,21098,21455,21812,22169,22526,22883,23240,23597,23954,24311,24668,25025,25382,25739,26096,26453,26810,27167,27524,27881,28238,28595,28952,29309,29666,30023,30380,30737,31094,31451,31808,32165,32522,32879,33236,33593,33950,34307,34664,35021,35378,35735,36092,36449,36806,37163,37520,37877,38234,38591,38948,39305,39662,40019,40376,40733,41090,41447,41804,42161,42518,42875,43232,43589,43946,44303,44660,45017,45374,45731,46088,46445,46802,47159,47516,47873,48230,48587,48944,49301,49658,50015,50372,50729,51086,51443,51800,52157,52514,52871,53228,53585,53942,54299,54656,55013,55370,55727,56084,56441,56798,57155,57512,57869,58226,58583,58940,59297,59654,60011,60368,60725,61082,61439,61796,62153,62510,62867,63224,63581,63938,64295,64652,65009,65366,65723,66080,66437,66794,67151,67508,67865,68222,68579,68936,69293,69650,70007,70364,70721,71078,71435,71792,72149,72506,72863,73220,73577,73934,74291,74648,75005,75362,75719,76076,76433,76790,77147,77504,77861,78218,78575,78932,79289,79646,80003,80360,80717,81074,81431,81788,82145,82502,82859,83216,83573,83930,84287,84644,85001,85358,85715,86072,86429,86786,87143,87500,87857,88214,88571,88928,89285,89642,89999,90356,90713,91070,91427,91784,92141,92498,92855,93212,93569,93926,94283,94640,94997,95354,95711,96068,96425,96782,97139,97496,97853,98210,98567,98924,99281,99638,99995,100352,100709,101066,101423,101780,102137,102494,102851,103208,103565,103922,104279,104636,104993,105350,105707,106064,106421,106778,107135,107492,107849,108206,108563,108920,109277,109634,109991,110348,110705,111062,111419,111776,112133,112490,112847,113204,113561,113918,114275,114632,114954,114989,115346,115703,116060,116417,116774,117131,117488,117845,118202,118559,118916,119273,119630,119987,120344,120701,121058,121415,121772,122129,122486,122843,123200,123557,123914,124271,124628,124985,125342,125699,126056,126413,126770,127127
36,393,750,1107,1464,1821,2178,2535,2892,3249,3606,3963,4320,4677,5034,5391,5748,6105,6462,6819,7176,7533,7890,8247,8604,8961,9318,9675,10032,10389,10746,11103,11460,11817,12174,12531,12888,13245,13602,13959,14316,14673,15030,15387,15744,16101,16458,16815,17172,17529,17886,18243,18600,18957,19314,19671,20028,20385,20742,21099,21456,21813,22170,22527,22884,23241,23598,23955,24312,24669,25026,25383,25740,26097,26454,26811,27168,27525,27882,28239,28596,28953,29310,29667,30024,30381,30738,31095,31452,31809,32166,32523,32880,33237,33594,33951,34308,34665,35022,35379,35736,36093,36450,36807,37164,37521,37878,38235,38592,38949,39306,39663,40020,40377,40734,41091,41448,41805,42162,42519,42876,43233,43590,43947,44304,44661,45018,45375,45732,46089,46446,46803,47160,47517,47874,48231,48588,48945,49302,49659,50016,50373,50730,51087,51444,51801,52158,52515,52872,53229,53586,53943,54300,54657,55014,55371,55728,56085,56442,56799,57156,57513,57870,58227,58584,58941,59298,59655,60012,60369,60726,61083,61440,61797,62154,62511,62868,63225,63582,63939,64296,64653,65010,65367,65724,66081,66438,66795,67152,67509,67866,68223,68580,68937,69294,69651,70008,70365,70722,71079,71436,71793,72150,72507,72864,73221,73578,73935,74292,74649,75006,75363,75720,76077,76434,76791,77148,77505,77862,78219,78576,78933,79290,79647,80004,80361,80718,81075,81432,81789,82146,82503,82860,83217,83574,83931,84288,84645,85002,85359,85716,86073,86430,86787,87144,87501,87858,88215,88572,88929,89286,89643,90000,90357,90714,91071,91428,91785,92142,92499,92856,93213,93570,93927,94284,94641,94998,95355,95712,96069,96426,96783,97140,97497,97854,98211,98568,98925,99282,99639,99996,100353,100710,101067,101424,101781,102138,102495,102852,103209,103566,103923,104280,104637,104994,105351,105708,106065,106422,106779,107136,107493,107850,108207,108564,108921,109278,109635,109992,110349,110706,111063,111420,111777,112134,112491,112848,113205,113562,113919,114276,114597,114633,114990,115347,115704,116061,116418,116775,117132,117489,117846,118203,118560,118917,119274,119631,119988,120345,120702,121059,121416,121773,122130,122487,122844,123201,123558,123915,124272,124629,124986,125343,125700,126057,126414,126771,127128
37,394,751,1108,1465,1822,2179,2536,2893,3250,3607,3964,4321,4678,5035,5392,5749,6106,6463,6820,7177,7534,7891,8248,8605,8962,9319,9676,10033,10390,10747,11104,11461,11818,12175,12532,12889,13246,13603,13960,14317,14674,15031,15388,15745,16102,16459,16816,17173,17530,17887,18244,18601,18958,19315,19672,20029,20386,20743,21100,21457,21814,22171,22528,22885,23242,23599,23956,24313,24670,25027,25384,25741,26098,26455,26812,27169,27526,27883,28240,28597,28954,29311,29668,30025,30382,30739,31096,31453,31810,32167,32524,32881,33238,33595,33952,34309,34666,35023,35380,35737,36094,36451,36808,37165,37522,37879,38236,38593,38950,39307,39664,40021,40378,40735,41092,41449,41806,42163,42520,42877,43234,43591,43948,44305,44662,45019,45376,45733,46090,46447,46804,47161,47518,47875,48232,48589,48946,49303,49660,50017,50374,50731,51088,51445,51802,52159,52516,52873,53230,53587,53944,54301,54658,55015,55372,55729,56086,56443,56800,57157,57514,57871,58228,58585,58942,59299,59656,60013,60370,60727,61084,61441,61798,62155,62512,62869,63226,63583,63940,64297,64654,65011,65368,65725,66082,66439,66796,67153,67510,67867,68224,68581,68938,69295,69652,70009,70366,70723,71080,71437,71794,72151,72508,72865,73222,73579,73936,74293,74650,75007,75364,75721,76078,76435,76792,77149,77506,77863,78220,78577,78934,79291,79648,80005,80362,80719,81076,81433,81790,82147,82504,82861,83218,83575,83932,84289,84646,85003,85360,85717,86074,86431,86788,87145,87502,87859,88216,88573,88930,89287,89644,90001,90358,90715,91072,91429,91786,92143,92500,92857,93214,93571,93928,94285,94642,94999,95356,95713,96070,96427,96784,97141,97498,97855,98212,98569,98926,99283,99640,99997,100354,100711,101068,101425,101782,102139,102496,102853,103210,103567,103924,104281,104638,104995,105352,105709,106066,106423,106780,107137,107494,107851,108208,108565,108922,109279,109636,109993,110350,110707,111064,111421,111778,112135,112492,112849,113206,113563,113920,114240,114277,114634,114991,115348,115705,116062,116419,116776,117133,117490,117847,118204,118561,118918,119275,119632,119989,120346,120703,121060,121417,121774,122131,122488,122845,123202,123559,123916,124273,124630,124987,125344,125701,126058,126415,126772,127129
38,395,752,1109,1466,1823,2180,2537,2894,3251,3608,3965,4322,4679,5036,5393,5750,6107,6464,6821,7178,7535,7892,8249,8606,8963,9320,9677,10034,10391,10748,11105,11462,11819,12176,12533,12890,13247,13604,13961,14318,14675,15032,15389,15746,16103,16460,16817,17174,17531,17888,18245,18602,18959,19316,19673,20030,20387,20744,21101,21458,21815,22172,22529,22886,23243,23600,23957,24314,24671,25028,25385,25742,26099,26456,26813,27170,27527,27884,28241,28598,28955,29312,29669,30026,30383,30740,31097,31454,31811,32168,32525,32882,33239,33596,33953,34310,34667,35024,35381,35738,36095,36452,36809,37166,37523,37880,38237,38594,38951,39308,39665,40022,40379,40736,41093,41450,41807,42164,42521,42878,43235,43592,43949,44306,44663,45020,45377,45734,46091,46448,46805,47162,47519,47876,48233,48590,48947,49304,49661,50018,50375,50732,51089,51446,51803,52160,52517,52874,53231,53588,53945,54302,54659,55016,55373,55730,56087,56444,56801,57158,57515,57872,58229,58586,58943,59300,59657,60014,60371,60728,61085,61442,61799,62156,62513,62870,63227,63584,63941,64298,64655,65012,65369,65726,66083,66440,66797,67154,67511,67868,68225,68582,68939,69296,69653,70010,70367,70724,71081,71438,71795,72152,72509,72866,73223,73580,73937,74294,74651,75008,75365,75722,76079,76436,76793,77150,77507,77864,78221,78578,78935,79292,79649,80006,80363,80720,81077,81434,81791,82148,82505,82862,83219,83576,83933,84290,84647,85004,85361,85718,86075,86432,86789,87146,87503,87860,88217,88574,88931,89288,89645,90002,90359,90716,91073,91430,91787,92144,92501,92858,93215,93572,93929,94286,94643,95000,95357,95714,96071,96428,96785,97142,97499,97856,98213,98570,98927,99284,99641,99998,100355,100712,101069,101426,101783,102140,102497,102854,103211,103568,103925,104282,104639,104996,105353,105710,106067,106424,106781,107138,107495,107852,108209,108566,108923,109280,109637,109994,110351,110708,111065,111422,111779,112136,112493,112850,113207,113564,113883,113921,114278,114635,114992,115349,115706,116063,116420,116777,117134,117491,117848,118205,118562,118919,119276,119633,119990,120347,120704,121061,121418,121775,122132,122489,122846,123203,123560,123917,124274,124631,124988,125345,125702,126059,126416,126773,127130
39,396,753,1110,1467,1824,2181,2538,2895,3252,3609,3966,4323,4680,5037,5394,5751,6108,6465,6822,7179,7536,7893,8250,8607,8964,9321,9678,10035,10392,10749,11106,11463,11820,12177,12534,12891,13248,13605,13962,14319,14676,15033,15390,15747,16104,16461,16818,17175,17532,17889,18246,18603,18960,19317,19674,20031,20388,20745,21102,21459,21816,22173,22530,22887,23244,23601,23958,24315,24672,25029,25386,25743,26100,26457,26814,27171,27528,27885,28242,28599,28956,29313,29670,30027,30384,30741,31098,31455,31812,32169,32526,32883,33240,33597,33954,34311,34668,35025,35382,35739,36096,36453,36810,37167,37524,37881,38238,38595,38952,39309,39666,40023,40380,40737,41094,41451,41808,42165,42522,42879,43236,43593,43950,44307,44664,45021,45378,45735,46092,46449,46806,47163,47520,47877,48234,48591,48948,49305,49662,50019,50376,50733,51090,51447,51804,52161,52518,52875,53232,53589,53946,54303,54660,55017,55374,55731,56088,56445,56802,57159,57516,57873,58230,58587,58944,59301,59658,60015,60372,60729,61086,61443,61800,62157,62514,62871,63228,63585,63942,64299,64656,65013,65370,65727,66084,66441,66798,67155,67512,67869,68226,68583,68940,69297,69654,70011,70368,70725,71082,71439,71796,72153,72510,72867,73224,73581,73938,74295,74652,75009,75366,75723,76080,76437,76794,77151,77508,77865,78222,78579,78936,79293,79650,80007,80364,80721,81078,81435,81792,82149,82506,82863,83220,83577,83934,84291,84648,85005,85362,85719,86076,86433,86790,87147,87504,87861,88218,88575,88932,89289,89646,90003,90360,90717,91074,91431,91788,92145,92502,92859,93216,93573,93930,94287,94644,95001,95358,95715,96072,96429,96786,97143,97500,97857,98214,98571,98928,99285,99642,99999,100356,100713,101070,101427,101784,102141,102498,102855,103212,103569,103926,104283,104640,104997,105354,105711,106068,106425,106782,107139,107496,107853,108210,108567,108924,109281,109638,109995,110352,110709,111066,111423,111780,112137,112494,112851,113208,113526,113565,113922,114279,114636,114993,115350,115707,116064,116421,116778,117135,117492,117849,118206,118563,118920,119277,119634,119991,120348,120705,121062,121419,121776,122133,122490,122847,123204,123561,123918,124275,124632,124989,125346,125703,126060,126417,126774,127131
40,397,754,1111,1468,1825,2182,2539,2896,3253,3610,3967,4324,4681,5038,5395,5752,6109,6466,6823,7180,7537,7894,8251,8608,8965,9322,9679,10036,10393,10750,11107,11464,11821,12178,12535,12892,13249,13606,13963,14320,14677,15034,15391,15748,16105,16462,16819,17176,17533,17890,18247,18604,18961,19318,19675,20032,20389,20746,21103,21460,21817,22174,22531,22888,23245,23602,23959,24316,24673,25030,25387,25744,26101,26458,26815,27172,27529,27886,28243,28600,28957,29314,29671,30028,30385,30742,31099,31456,31813,32170,32527,32884,33241,33598,33955,34312,34669,35026,35383,35740,36097,36454,36811,37168,37525,37882,38239,38596,38953,39310,39667,40024,40381,40738,41095,41452,41809,42166,42523,42880,43237,43594,43951,44308,44665,45022,45379,45736,46093,46450,46807,47164,47521,47878,48235,48592,48949,49306,49663,50020,50377,50734,51091,51448,51805,52162,52519,52876,53233,53590,53947,54304,54661,55018,55375,55732,56089,56446,56803,57160,57517,57874,58231,58588,58945,59302,59659,60016,60373,60730,61087,61444,61801,62158,62515,62872,63229,63586,63943,64300,64657,65014,65371,65728,66085,66442,66799,67156,67513,67870,68227,68584,68941,69298,69655,70012,70369,70726,71083,71440,71797,72154,72511,72868,73225,73582,73939,74296,74653,75010,75367,75724,76081,76438,76795,77152,77509,77866,78223,78580,78937,79294,79651,80008,80365,80722,81079,81436,81793,82150,82507,82864,83221,83578,83935,84292,84649,85006,85363,85720,86077,86434,86791,87148,87505,87862,88219,88576,88933,89290,89647,90004,90361,90718,91075,91432,91789,92146,92503,92860,93217,93574,93931,94288,94645,95002,95359,95716,96073,96430,96787,97144,97501,97858,98215,98572,98929,99286,99643,100000,100357,100714,101071,101428,101785,102142,102499,102856,103213,103570,103927,104284,104641,104998,105355,105712,106069,106426,106783,107140,107497,107854,108211,108568,108925,109282,109639,109996,110353,110710,111067,111424,111781,112138,112495,112852,113169,113209,113566,113923,114280,114637,114994,115351,115708,116065,116422,116779,117136,117493,117850,118207,118564,118921,119278,119635,119992,120349,120706,121063,121420,121777,122134,122491,122848,123205,123562,123919,124276,124633,124990,125347,125704,126061,126418,126775,127132
41,398,755,1112,1469,1826,2183,2540,2897,3254,3611,3968,4325,4682,5039,5396,5753,6110,6467,6824,7181,7538,7895,8252,8609,8966,9323,9680,10037,10394,10751,11108,11465,11822,12179,12536,12893,13250,13607,13964,14321,14678,15035,15392,15749,16106,16463,16820,17177,17534,17891,18248,18605,18962,19319,19676,20033,20390,20747,21104,21461,21818,22175,22532,22889,23246,23603,23960,24317,24674,25031,25388,25745,26102,26459,26816,27173,27530,27887,28244,28601,28958,29315,29672,30029,30386,30743,31100,31457,31814,32171,32528,32885,33242,33599,33956,34313,34670,35027,35384,35741,36098,36455,36812,37169,37526,37883,38240,38597,38954,39311,39668,40025,40382,40739,41096,41453,41810,42167,42524,42881,43238,43595,43952,44309,44666,45023,45380,45737,46094,46451,46808,47165,47522,47879,48236,48593,48950,49307,49664,50021,50378,50735,51092,51449,51806,52163,52520,52877,53234,53591,53948,54305,54662,55019,55376,55733,56090,56447,56804,57161,57518,57875,58232,58589,58946,59303,59660,60017,60374,60731,61088,61445,61802,62159,62516,62873,63230,63587,63944,64301,64658,65015,65372,65729,66086,66443,66800,67157,67514,67871,68228,68585,68942,69299,69656,70013,70370,70727,71084,71441,71798,72155,72512,72869,73226,73583,73940,74297,74654,75011,75368,75725,76082,76439,76796,77153,77510,77867,78224,78581,78938,79295,79652,80009,80366,80723,81080,81437,81794,82151,82508,82865,83222,83579,83936,84293,84650,85007,85364,85721,86078,86435,86792,87149,87506,87863,88220,88577,88934,89291,89648,90005,90362,90719,91076,91433,91790,92147,92504,92861,93218,93575,93932,94289,94646,95003,95360,95717,96074,96431,96788,97145,97502,97859,98216,98573,98930,99287,99644,100001,100358,100715,101072,101429,101786,102143,102500,102857,103214,103571,103928,104285,104642,104999,105356,105713,106070,106427,106784,107141,107498,107855,108212,108569,108926,109283,109640,109997,110354,110711,111068,111425,111782,112139,112496,112812,112853,113210,113567,113924,114281,114638,114995,115352,115709,116066,116423,116780,117137,117494,117851,118208,118565,118922,119279,119636,119993,120350,120707,121064,121421,121778,122135,122492,122849,123206,123563,123920,124277,124634,124991,125348,125705,126062,126419,126776,127133
42,399,756,1113,1470,1827,2184,2541,2898,3255,3612,3969,4326,4683,5040,5397,5754,6111,6468,6825,7182,7539,7896,8253,8610,8967,9324,9681,10038,10395,10752,11109,11466,11823,12180,12537,12894,13251,13608,13965,14322,14679,15036,15393,15750,16107,16464,16821,17178,17535,17892,18249,18606,18963,19320,19677,20034,20391,20748,21105,21462,21819,22176,22533,22890,23247,23604,23961,24318,24675,25032,25389,25746,26103,26460,26817,27174,27531,27888,28245,28602,28959,29316,29673,30030,30387,30744,31101,31458,31815,32172,32529,32886,33243,33600,33957,34314,34671,35028,35385,35742,36099,36456,36813,37170,37527,37884,38241,38598,38955,39312,39669,40026,40383,40740,41097,41454,41811,42168,42525,42882,43239,43596,43953,44310,44667,45024,45381,45738,46095,46452,46809,47166,47523,47880,48237,48594,48951,49308,49665,50022,50379,50736,51093,51450,51807,52164,52521,52878,53235,53592,53949,54306,54663,55020,55377,55734,56091,56448,56805,57162,57519,57876,58233,58590,58947,59304,59661,60018,60375,60732,61089,61446,61803,62160,62517,62874,63231,63588,63945,64302,64659,65016,65373,65730,66087,66444,66801,67158,67515,67872,68229,68586,68943,69300,69657,70014,70371,70728,71085,71442,71799,72156,72513,72870,73227,73584,73941,74298,74655,75012,75369,75726,76083,76440,76797,77154,77511,77868,78225,78582,78939,79296,79653,80010,80367,80724,81081,81438,81795,82152,82509,82866,83223,83580,83937,84294,84651,85008,85365,85722,86079,86436,86793,87150,87507,87864,88221,88578,88935,89292,89649,90006,90363,90720,91077,91434,91791,92148,92505,92862,93219,93576,93933,94290,94647,95004,95361,95718,96075,96432,96789,97146,97503,97860,98217,98574,98931,99288,99645,100002,100359,100716,101073,101430,101787,102144,102501,102858,103215,103572,103929,104286,104643,105000,105357,105714,106071,106428,106785,107142,107499,107856,108213,108570,108927,109284,109641,109998,110355,110712,111069,111426,111783,112140,112455,112497,112854,113211,113568,113925,114282,114639,114996,115353,115710,116067,116424,116781,117138,117495,117852,118209,118566,118923,119280,119637,119994,120351,120708,121065,121422,121779,122136,122493,122850,123207,123564,123921,124278,124635,124992,125349,125706,126063,126420,126777,127134
43,400,757,1114,1471,1828,2185,2542,2899,3256,3613,3970,4327,4684,5041,5398,5755,6112,6469,6826,7183,7540,7897,8254,8611,8968,9325,9682,10039,10396,10753,11110,11467,11824,12181,12538,12895,13252,13609,13966,14323,14680,15037,15394,15751,16108,16465,16822,17179,17536,17893,18250,18607,18964,19321,19678,20035,20392,20749,21106,21463,21820,22177,22534,22891,23248,23605,23962,24319,24676,25033,25390,25747,26104,26461,26818,27175,27532,27889,28246,28603,28960,29317,29674,30031,30388,30745,31102,31459,31816,32173,32530,32887,33244,33601,33958,34315,34672,35029,35386,35743,36100,36457,36814,37171,37528,37885,38242,38599,38956,39313,39670,40027,40384,40741,41098,41455,41812,42169,42526,42883,43240,43597,43954,44311,44668,45025,45382,45739,46096,46453,46810,47167,47524,47881,48238,48595,48952,49309,49666,50023,50380,50737,51094,51451,51808,52165,52522,52879,53236,53593,53950,54307,54664,55021,55378,55735,56092,56449,56806,57163,57520,57877,58234,58591,58948,59305,59662,60019,60376,60733,61090,61447,61804,62161,62518,62875,63232,63589,63946,64303,64660,65017,65374,65731,66088,66445,66802,67159,67516,67873,68230,68587,68944,69301,69658,70015,70372,70729,71086,71443,71800,72157,72514,72871,73228,73585,73942,74299,74656,75013,75370,75727,76084,76441,76798,77155,77512,77869,78226,78583,78940,79297,79654,80011,80368,80725,81082,81439,81796,82153,82510,82867,83224,83581,83938,84295,84652,85009,85366,85723,86080,86437,86794,87151,87508,87865,88222,88579,88936,89293,89650,90007,90364,90721,91078,91435,91792,92149,92506,92863,93220,93577,93934,94291,94648,95005,95362,95719,96076,96433,96790,97147,97504,97861,98218,98575,98932,99289,99646,100003,100360,100717,101074,101431,101788,102145,102502,102859,103216,103573,103930,104287,104644,105001,105358,105715,106072,106429,106786,107143,107500,107857,108214,108571,108928,109285,109642,109999,110356,110713,111070,111427,111784,112098,112141,112498,112855,113212,113569,113926,114283,114640,114997,115354,115711,116068,116425,116782,117139,117496,117853,118210,118567,118924,119281,119638,119995,120352,120709,121066,121423,121780,122137,122494,122851,123208,123565,123922,124279,124636,124993,125350,125707,126064,126421,126778,127135
44,401,758,1115,1472,1829,2186,2543,2900,3257,3614,3971,4328,4685,5042,5399,5756,6113,6470,6827,7184,7541,7898,8255,8612,8969,9326,9683,10040,10397,10754,11111,11468,11825,12182,12539,12896,13253,13610,13967,14324,14681,15038,15395,15752,16109,16466,16823,17180,17537,17894,18251,18608,18965,19322,19679,20036,20393,20750,21107,21464,21821,22178,22535,22892,23249,23606,23963,24320,24677,25034,25391,25748,26105,26462,26819,27176,27533,27890,28247,28604,28961,29318,29675,30032,30389,30746,31103,31460,31817,32174,32531,32888,33245,33602,33959,34316,34673,35030,35387,35744,36101,36458,36815,37172,37529,37886,38243,38600,38957,39314,39671,40028,40385,40742,41099,41456,41813,42170,42527,42884,43241,43598,43955,44312,44669,45026,45383,45740,46097,46454,46811,47168,47525,47882,48239,48596,48953,49310,49667,50024,50381,50738,51095,51452,51809,52166,52523,52880,53237,53594,53951,54308,54665,55022,55379,55736,56093,56450,56807,57164,57521,57878,58235,58592,58949,59306,59663,60020,60377,60734,61091,61448,61805,62162,62519,62876,63233,63590,63947,64304,64661,65018,65375,65732,66089,66446,66803,67160,67517,67874,68231,68588,68945,69302,69659,70016,70373,70730,71087,71444,71801,72158,72515,72872,73229,73586,73943,74300,74657,75014,75371,75728,76085,76442,76799,77156,77513,77870,78227,78584,78941,79298,79655,80012,80369,80726,81083,81440,81797,82154,82511,82868,83225,83582,83939,84296,84653,85010,85367,85724,86081,86438,86795,87152,87509,87866,88223,88580,88937,89294,89651,90008,90365,90722,91079,91436,91793,92150,92507,92864,93221,93578,93935,94292,94649,95006,95363,95720,96077,96434,96791,97148,97505,97862,98219,98576,98933,99290,99647,100004,100361,100718,101075,101432,101789,102146,102503,102860,103217,103574,103931,104288,104645,105002,105359,105716,106073,106430,106787,107144,107501,107858,108215,108572,108929,109286,109643,110000,110357,110714,111071,111428,111741,111785,112142,112499,112856,113213,113570,113927,114284,114641,114998,115355,115712,116069,116426,116783,117140,117497,117854,118211,118568,118925,119282,119639,119996,120353,120710,121067,121424,121781,122138,122495,122852,123209,123566,123923,124280,124637,124994,125351,125708,126065,126422,126779,127136
45,402,759,1116,1473,1830,2187,2544,2901,3258,3615,3972,4329,4686,5043,5400,5757,6114,6471,6828,7185,7542,7899,8256,8613,8970,9327,9684,10041,10398,10755,11112,11469,11826,12183,12540,12897,13254,13611,13968,14325,14682,15039,15396,15753,16110,16467,16824,17181,17538,17895,18252,18609,18966,19323,19680,20037,20394,20751,21108,21465,21822,22179,22536,22893,23250,23607,23964,24321,24678,25035,25392,25749,26106,26463,26820,27177,27534,27891,28248,28605,28962,29319,29676,30033,30390,30747,31104,31461,31818,32175,32532,32889,33246,33603,33960,34317,34674,35031,35388,35745,36102,36459,36816,37173,37530,37887,38244,38601,38958,39315,39672,40029,40386,40743,41100,41457,41814,42171,42528,42885,43242,43599,43956,44313,44670,45027,45384,45741,46098,46455,46812,47169,47526,47883,48240,48597,48954,49311,49668,50025,50382,50739,51096,51453,51810,52167,52524,52881,53238,53595,53952,54309,54666,55023,55380,55737,56094,56451,56808,57165,57522,57879,58236,58593,58950,59307,59664,60021,60378,60735,61092,61449,61806,62163,62520,62877,63234,63591,63948,64305,64662,65019,65376,65733,66090,66447,66804,67161,67518,67875,68232,68589,68946,69303,69660,70017,70374,70731,71088,71445,71802,72159,72516,72873,73230,73587,73944,74301,74658,75015,75372,75729,76086,76443,76800,77157,77514,77871,78228,78585,78942,79299,79656,80013,80370,80727,81084,81441,81798,82155,82512,82869,83226,83583,83940,84297,84654,85011,85368,85725,86082,86439,86796,87153,87510,87867,88224,88581,88938,89295,89652,90009,90366,90723,91080,91437,91794,92151,92508,92865,93222,93579,93936,94293,94650,95007,95364,95721,96078,96435,96792,97149,97506,97863,98220,98577,98934,99291,99648,100005,100362,100719,101076,101433,101790,102147,102504,102861,103218,103575,103932,104289,104646,105003,105360,105717,106074,106431,106788,107145,107502,107859,108216,108573,108930,109287,109644,110001,110358,110715,111072,111384,111429,111786,112143,112500,112857,113214,113571,113928,114285,114642,114999,115356,115713,116070,116427,116784,117141,117498,117855,118212,118569,118926,119283,119640,119997,120354,120711,121068,121425,121782,122139,122496,122853,123210,123567,123924,124281,124638,124995,125352,125709,126066,126423,126780,127137
46,403,760,1117,1474,1831,2188,2545,2902,3259,3616,3973,4330,4687,5044,5401,5758,6115,6472,6829,7186,7543,7900,8257,8614,8971,9328,9685,10042,10399,10756,11113,11470,11827,12184,12541,12898,13255,13612,13969,14326,14683,15040,15397,15754,16111,16468,16825,17182,17539,17896,18253,18610,18967,19324,19681,20038,20395,20752,21109,21466,21823,22180,22537,22894,23251,23608,23965,24322,24679,25036,25393,25750,26107,26464,26821,27178,27535,27892,28249,28606,28963,29320,29677,30034,30391,30748,31105,31462,31819,32176,32533,32890,33247,33604,33961,34318,34675,35032,35389,35746,36103,36460,36817,37174,37531,37888,38245,38602,38959,39316,39673,40030,40387,40744,41101,41458,41815,42172,42529,42886,43243,43600,43957,44314,44671,45028,45385,45742,46099,46456,46813,47170,47527,47884,48241,48598,48955,49312,49669,50026,50383,50740,51097,51454,51811,52168,52525,52882,53239,53596,53953,54310,54667,55024,55381,55738,56095,56452,56809,57166,57523,57880,58237,58594,58951,59308,59665,60022,60379,60736,61093,61450,61807,62164,62521,62878,63235,63592,63949,64306,64663,65020,65377,65734,66091,66448,66805,67162,67519,67876,68233,68590,68947,69304,69661,70018,70375,70732,71089,71446,71803,72160,72517,72874,73231,73588,73945,74302,74659,75016,75373,75730,76087,76444,76801,77158,77515,77872,78229,78586,78943,79300,79657,80014,80371,80728,81085,81442,81799,82156,82513,82870,83227,83584,83941,84298,84655,85012,85369,85726,86083,86440,86797,87154,87511,87868,88225,88582,88939,89296,89653,90010,90367,90724,91081,91438,91795,92152,92509,92866,93223,93580,93937,94294,94651,95008,95365,95722,96079,96436,96793,97150,97507,97864,98221,98578,98935,99292,99649,100006,100363,100720,101077,101434,101791,102148,102505,102862,103219,103576,103933,104290,104647,105004,105361,105718,106075,106432,106789,107146,107503,107860,108217,108574,108931,109288,109645,110002,110359,110716,111027,111073,111430,111787,112144,112501,112858,113215,113572,113929,114286,114643,115000,115357,115714,116071,116428,116785,117142,117499,117856,118213,118570,118927,119284,119641,119998,120355,120712,121069,121426,121783,122140,122497,122854,123211,123568,123925,124282,124639,124996,125353,125710,126067,126424,126781,127138
47,404,761,1118,1475,1832,2189,2546,2903,3260,3617,3974,4331,4688,5045,5402,5759,6116,6473,6830,7187,7544,7901,8258,8615,8972,9329,9686,10043,10400,10757,11114,11471,11828,12185,12542,12899,13256,13613,13970,14327,14684,15041,15398,15755,16112,16469,16826,17183,17540,17897,18254,18611,18968,19325,19682,20039,20396,20753,21110,21467,21824,22181,22538,22895,23252,23609,23966,24323,24680,25037,25394,25751,26108,26465,26822,27179,27536,27893,28250,28607,28964,29321,29678,30035,30392,30749,31106,31463,31820,32177,32534,32891,33248,33605,33962,34319,34676,35033,35390,35747,36104,36461,36818,37175,37532,37889,38246,38603,38960,39317,39674,40031,40388,40745,41102,41459,41816,42173,42530,42887,43244,43601,43958,44315,44672,45029,45386,45743,46100,46457,46814,47171,47528,47885,48242,48599,48956,49313,49670,50027,50384,50741,51098,51455,51812,52169,52526,52883,53240,53597,53954,54311,54668,55025,55382,55739,56096,56453,56810,57167,57524,57881,58238,58595,58952,59309,59666,60023,60380,60737,61094,61451,61808,62165,62522,62879,63236,63593,63950,64307,64664,65021,65378,65735,66092,66449,66806,67163,67520,67877,68234,68591,68948,69305,69662,70019,70376,70733,71090,71447,71804,72161,72518,72875,73232,73589,73946,74303,74660,75017,75374,75731,76088,76445,76802,77159,77516,77873,78230,78587,78944,79301,79658,80015,80372,80729,81086,81443,81800,82157,82514,82871,83228,83585,83942,84299,84656,85013,85370,85727,86084,86441,86798,87155,87512,87869,88226,88583,88940,89297,89654,90011,90368,90725,91082,91439,91796,92153,92510,92867,93224,93581,93938,94295,94652,95009,95366,95723,96080,96437,96794,97151,97508,97865,98222,98579,98936,99293,99650,100007,100364,100721,101078,101435,101792,102149,102506,102863,103220,103577,103934,104291,104648,105005,105362,105719,106076,106433,106790,107147,107504,107861,108218,108575,108932,109289,109646,110003,110360,110670,110717,111074,111431,111788,112145,112502,112859,113216,113573,113930,114287,114644,115001,115358,115715,116072,116429,116786,117143,117500,117857,118214,118571,118928,119285,119642,119999,120356,120713,121070,121427,121784,122141,122498,122855,123212,123569,123926,124283,124640,124997,125354,125711,126068,126425,126782,127139
48,405,762,1119,1476,1833,2190,2547,2904,3261,3618,3975,4332,4689,5046,5403,5760,6117,6474,6831,7188,7545,7902,8259,8616,8973,9330,9687,10044,10401,10758,11115,11472,11829,12186,12543,12900,13257,13614,13971,14328,14685,15042,15399,15756,16113,16470,16827,17184,17541,17898,18255,18612,18969,19326,19683,20040,20397,20754,21111,21468,21825,22182,22539,22896,23253,23610,23967,24324,24681,25038,25395,25752,26109,26466,26823,27180,27537,27894,28251,28608,28965,29322,29679,30036,30393,30750,31107,31464,31821,32178,32535,32892,33249,33606,33963,34320,34677,35034,35391,35748,36105,36462,36819,37176,37533,37890,38247,38604,38961,39318,39675,40032,40389,40746,41103,41460,41817,42174,42531,42888,43245,43602,43959,44316,44673,45030,45387,45744,46101,46458,46815,47172,47529,47886,48243,48600,48957,49314,49671,50028,50385,50742,51099,51456,51813,52170,52527,52884,53241,53598,53955,54312,54669,55026,55383,55740,56097,56454,56811,57168,57525,57882,58239,58596,58953,59310,59667,60024,60381,60738,61095,61452,61809,62166,62523,62880,63237,63594,63951,64308,64665,65022,65379,65736,66093,66450,66807,67164,67521,67878,68235,68592,68949,69306,69663,70020,70377,70734,71091,71448,71805,72162,72519,72876,73233,73590,73947,74304,74661,75018,75375,75732,76089,76446,76803,77160,77517,77874,78231,78588,78945,79302,79659,80016,80373,80730,81087,81444,81801,82158,82515,82872,83229,83586,83943,84300,84657,85014,85371,85728,86085,86442,86799,87156,87513,87870,88227,88584,88941,89298,89655,90012,90369,90726,91083,91440,91797,92154,92511,92868,93225,93582,93939,94296,94653,95010,95367,95724,96081,96438,96795,97152,97509,97866,98223,98580,98937,99294,99651,100008,100365,100722,101079,101436,101793,102150,102507,102864,103221,103578,103935,104292,104649,105006,105363,105720,106077,106434,106791,107148,107505,107862,108219,108576,108933,109290,109647,110004,110313,110361,110718,111075,111432,111789,112146,112503,112860,113217,113574,113931,114288,114645,115002,115359,115716,116073,116430,116787,117144,117501,117858,118215,118572,118929,119286,119643,120000,120357,120714,121071,121428,121785,122142,122499,122856,123213,123570,123927,124284,124641,124998,125355,125712,126069,126426,126783,127140
49,406,763,1120,1477,1834,2191,2548,2905,3262,3619,3976,4333,4690,5047,5404,5761,6118,6475,6832,7189,7546,7903,8260,8617,8974,9331,9688,10045,10402,10759,11116,11473,11830,12187,12544,12901,13258,13615,13972,14329,14686,15043,15400,15757,16114,16471,16828,17185,17542,17899,18256,18613,18970,19327,19684,20041,20398,20755,21112,21469,21826,22183,22540,22897,23254,23611,23968,24325,24682,25039,25396,25753,26110,26467,26824,27181,27538,27895,28252,28609,28966,29323,29680,30037,30394,30751,31108,31465,31822,32179,32536,32893,33250,33607,33964,34321,34678,35035,35392,35749,36106,36463,36820,37177,37534,37891,38248,38605,38962,39319,39676,40033,40390,40747,41104,41461,41818,42175,42532,42889,43246,43603,43960,44317,44674,45031,45388,45745,46102,46459,46816,47173,47530,47887,48244,48601,48958,49315,49672,50029,50386,50743,51100,51457,51814,52171,52528,52885,53242,53599,53956,54313,54670,55027,55384,55741,56098,56455,56812,57169,57526,57883,58240,58597,58954,59311,59668,60025,60382,60739,61096,61453,61810,62167,62524,62881,63238,63595,63952,64309,64666,65023,65380,65737,66094,66451,66808,67165,67522,67879,68236,68593,68950,69307,69664,70021,70378,70735,71092,71449,71806,72163,72520,72877,73234,73591,73948,74305,74662,75019,75376,75733,76090,76447,76804,77161,77518,77875,78232,78589,78946,79303,79660,80017,80374,80731,81088,81445,81802,82159,82516,82873,83230,83587,83944,84301,84658,85015,85372,85729,86086,86443,86800,87157,87514,87871,88228,88585,88942,89299,89656,90013,90370,90727,91084,91441,91798,92155,92512,92869,93226,93583,93940,94297,94654,95011,95368,95725,96082,96439,96796,97153,97510,97867,98224,98581,98938,99295,99652,100009,100366,100723,101080,101437,101794,102151,102508,102865,103222,103579,103936,104293,104650,105007,105364,105721,106078,106435,106792,107149,107506,107863,108220,108577,108934,109291,109648,109956,110005,110362,110719,111076,111433,111790,112147,112504,112861,113218,113575,113932,114289,114646,115003,115360,115717,116074,116431,116788,117145,117502,117859,118216,118573,118930,119287,119644,120001,120358,120715,121072,121429,121786,122143,122500,122857,123214,123571,123928,124285,124642,124999,125356,125713,126070,126427,126784,127141
50,407,764,1121,1478,1835,2192,2549,2906,3263,3620,3977,4334,4691,5048,5405,5762,6119,6476,6833,7190,7547,7904,8261,8618,8975,9332,9689,10046,10403,10760,11117,11474,11831,12188,12545,12902,13259,13616,13973,14330,14687,15044,15401,15758,16115,16472,16829,17186,17543,17900,18257,18614,18971,19328,19685,20042,20399,20756,21113,21470,21827,22184,22541,22898,23255,23612,23969,24326,24683,25040,25397,25754,26111,26468,26825,27182,27539,27896,28253,28610,28967,29324,29681,30038,30395,30752,31109,31466,31823,32180,32537,32894,33251,33608,33965,34322,34679,35036,35393,35750,36107,36464,36821,37178,37535,37892,38249,38606,38963,39320,39677,40034,40391,40748,41105,41462,41819,42176,42533,42890,43247,43604,43961,44318,44675,45032,45389,45746,46103,46460,46817,47174,47531,47888,48245,48602,48959,49316,49673,50030,50387,50744,51101,51458,51815,52172,52529,52886,53243,53600,53957,54314,54671,55028,55385,55742,56099,56456,56813,57170,57527,57884,58241,58598,58955,59312,59669,60026,60383,60740,61097,61454,61811,62168,62525,62882,63239,63596,63953,64310,64667,65024,65381,65738,66095,66452,66809,67166,67523,67880,68237,68594,68951,69308,69665,70022,70379,70736,71093,71450,71807,72164,72521,72878,73235,73592,73949,74306,74663,75020,75377,75734,76091,76448,76805,77162,77519,77876,78233,78590,78947,79304,79661,80018,80375,80732,81089,81446,81803,82160,82517,82874,83231,83588,83945,84302,84659,85016,85373,85730,86087,86444,86801,87158,87515,87872,88229,88586,88943,89300,89657,90014,90371,90728,91085,91442,91799,92156,92513,92870,93227,93584,93941,94298,94655,95012,95369,95726,96083,96440,96797,97154,97511,97868,98225,98582,98939,99296,99653,100010,100367,100724,101081,101438,101795,102152,102509,102866,103223,103580,103937,104294,104651,105008,105365,105722,106079,106436,106793,107150,107507,107864,108221,108578,108935,109292,109599,109649,110006,110363,110720,111077,111434,111791,112148,112505,112862,113219,113576,113933,114290,114647,115004,115361,115718,116075,116432,116789,117146,117503,117860,118217,118574,118931,119288,119645,120002,120359,120716,121073,121430,121787,122144,122501,122858,123215,123572,123929,124286,124643,125000,125357,125714,126071,126428,126785,127142
51,408,765,1122,1479,1836,2193,2550,2907,3264,3621,3978,4335,4692,5049,5406,5763,6120,6477,6834,7191,7548,7905,8262,8619,8976,9333,9690,10047,10404,10761,11118,11475,11832,12189,12546,12903,13260,13617,13974,14331,14688,15045,15402,15759,16116,16473,16830,17187,17544,17901,18258,18615,18972,19329,19686,20043,20400,20757,21114,21471,21828,22185,22542,22899,23256,23613,23970,24327,24684,25041,25398,25755,26112,26469,26826,27183,27540,27897,28254,28611,28968,29325,29682,30039,30396,30753,31110,31467,31824,32181,32538,32895,33252,33609,33966,34323,34680,35037,35394,35751,36108,36465,36822,37179,37536,37893,38250,38607,38964,39321,39678,40035,40392,40749,41106,41463,41820,42177,42534,42891,43248,43605,43962,44319,44676,45033,45390,45747,46104,46461,46818,47175,47532,47889,48246,48603,48960,49317,49674,50031,50388,50745,51102,51459,51816,52173,52530,52887,53244,53601,53958,54315,54672,55029,55386,55743,56100,56457,56814,57171,57528,57885,58242,58599,58956,59313,59670,60027,60384,60741,61098,61455,61812,62169,62526,62883,63240,63597,63954,64311,64668,65025,65382,65739,66096,66453,66810,67167,67524,67881,68238,68595,68952,69309,69666,70023,70380,70737,71094,71451,71808,72165,72522,72879,73236,73593,73950,74307,74664,75021,75378,75735,76092,76449,76806,77163,77520,77877,78234,78591,78948,79305,79662,80019,80376,80733,81090,81447,81804,82161,82518,82875,83232,83589,83946,84303,84660,85017,85374,85731,86088,86445,86802,87159,87516,87873,88230,88587,88944,89301,89658,90015,90372,90729,91086,91443,91800,92157,92514,92871,93228,93585,93942,94299,94656,95013,95370,95727,96084,96441,96798,97155,97512,97869,98226,98583,98940,99297,99654,100011,100368,100725,101082,101439,101796,102153,102510,102867,103224,103581,103938,104295,104652,105009,105366,105723,106080,106437,106794,107151,107508,107865,108222,108579,108936,109242,109293,109650,110007,110364,110721,111078,111435,111792,112149,112506,112863,113220,113577,113934,114291,114648,115005,115362,115719,116076,116433,116790,117147,117504,117861,118218,118575,118932,119289,119646,120003,120360,120717,121074,121431,121788,122145,122502,122859,123216,123573,123930,124287,124644,125001,125358,125715,126072,126429,126786,127143
52,409,766,1123,1480,1837,2194,2551,2908,3265,3622,3979,4336,4693,5050,5407,5764,6121,6478,6835,7192,7549,7906,8263,8620,8977,9334,9691,10048,10405,10762,11119,11476,11833,12190,12547,12904,13261,13618,13975,14332,14689,15046,15403,15760,16117,16474,16831,17188,17545,17902,18259,18616,18973,19330,19687,20044,20401,20758,21115,21472,21829,22186,22543,22900,23257,23614,23971,24328,24685,25042,25399,25756,26113,26470,26827,27184,27541,27898,28255,28612,28969,29326,29683,30040,30397,30754,31111,31468,31825,32182,32539,32896,33253,33610,33967,34324,34681,35038,35395,35752,36109,36466,36823,37180,37537,37894,38251,38608,38965,39322,39679,40036,40393,40750,41107,41464,41821,42178,42535,42892,43249,43606,43963,44320,44677,45034,45391,45748,46105,46462,46819,47176,47533,47890,48247,48604,48961,49318,49675,50032,50389,50746,51103,51460,51817,52174,52531,52888,53245,53602,53959,54316,54673,55030,55387,55744,56101,56458,56815,57172,57529,57886,58243,58600,58957,59314,59671,60028,60385,60742,61099,61456,61813,62170,62527,62884,63241,63598,63955,64312,64669,65026,65383,65740,66097,66454,66811,67168,67525,67882,68239,68596,68953,69310,69667,70024,70381,70738,71095,71452,71809,72166,72523,72880,73237,73594,73951,74308,74665,75022,75379,75736,76093,76450,76807,77164,77521,77878,78235,78592,78949,79306,79663,80020,80377,80734,81091,81448,81805,82162,82519,82876,83233,83590,83947,84304,84661,85018,85375,85732,86089,86446,86803,87160,87517,87874,88231,88588,88945,89302,89659,90016,90373,90730,91087,91444,91801,92158,92515,92872,93229,93586,93943,94300,94657,95014,95371,95728,96085,96442,96799,97156,97513,97870,98227,98584,98941,99298,99655,100012,100369,100726,101083,101440,101797,102154,102511,102868,103225,103582,103939,104296,104653,105010,105367,105724,106081,106438,106795,107152,107509,107866,108223,108580,108885,108937,109294,109651,110008,110365,110722,111079,111436,111793,112150,112507,112864,113221,113578,113935,114292,114649,115006,115363,115720,116077,116434,116791,117148,117505,117862,118219,118576,118933,119290,119647,120004,120361,120718,121075,121432,121789,122146,122503,122860,123217,123574,123931,124288,124645,125002,125359,125716,126073,126430,126787,127144
53,410,767,1124,1481,1838,2195,2552,2909,3266,3623,3980,4337,4694,5051,5408,5765,6122,6479,6836,7193,7550,7907,8264,8621,8978,9335,9692,10049,10406,10763,11120,11477,11834,12191,12548,12905,13262,13619,13976,14333,14690,15047,15404,15761,16118,16475,16832,17189,17546,17903,18260,18617,18974,19331,19688,20045,20402,20759,21116,21473,21830,22187,22544,22901,23258,23615,23972,24329,24686,25043,25400,25757,26114,26471,26828,27185,27542,27899,28256,28613,28970,29327,29684,30041,30398,30755,31112,31469,31826,32183,32540,32897,33254,33611,33968,34325,34682,35039,35396,35753,36110,36467,36824,37181,37538,37895,38252,38609,38966,39323,39680,40037,40394,40751,41108,41465,41822,42179,42536,42893,43250,43607,43964,44321,44678,45035,45392,45749,46106,46463,46820,47177,47534,47891,48248,48605,48962,49319,49676,50033,50390,50747,51104,51461,51818,52175,52532,52889,53246,53603,53960,54317,54674,55031,55388,55745,56102,56459,56816,57173,57530,57887,58244,58601,58958,59315,59672,60029,60386,60743,61100,61457,61814,62171,62528,62885,63242,63599,63956,64313,64670,65027,65384,65741,66098,66455,66812,67169,67526,67883,68240,68597,68954,69311,69668,70025,70382,70739,71096,71453,71810,72167,72524,72881,73238,73595,73952,74309,74666,75023,75380,75737,76094,76451,76808,77165,77522,77879,78236,78593,78950,79307,79664,80021,80378,80735,81092,81449,81806,82163,82520,82877,83234,83591,83948,84305,84662,85019,85376,85733,86090,86447,86804,87161,87518,87875,88232,88589,88946,89303,89660,90017,90374,90731,91088,91445,91802,92159,92516,92873,93230,93587,93944,94301,94658,95015,95372,95729,96086,96443,96800,97157,97514,97871,98228,98585,98942,99299,99656,100013,100370,100727,101084,101441,101798,102155,102512,102869,103226,103583,103940,104297,104654,105011,105368,105725,106082,106439,106796,107153,107510,107867,108224,108528,108581,108938,109295,109652,110009,110366,110723,111080,111437,111794,112151,112508,112865,113222,113579,113936,114293,114650,115007,115364,115721,116078,116435,116792,117149,117506,117863,118220,118577,118934,119291,119648,120005,120362,120719,121076,121433,121790,122147,122504,122861,123218,123575,123932,124289,124646,125003,125360,125717,126074,126431,126788,127145
54,411,768,1125,1482,1839,2196,2553,2910,3267,3624,3981,4338,4695,5052,5409,5766,6123,6480,6837,7194,7551,7908,8265,8622,8979,9336,9693,10050,10407,10764,11121,11478,11835,12192,12549,12906,13263,13620,13977,14334,14691,15048,15405,15762,16119,16476,16833,17190,17547,17904,18261,18618,18975,19332,19689,20046,20403,20760,21117,21474,21831,22188,22545,22902,23259,23616,23973,24330,24687,25044,25401,25758,26115,26472,26829,27186,27543,27900,28257,28614,28971,29328,29685,30042,30399,30756,31113,31470,31827,32184,32541,32898,33255,33612,33969,34326,34683,35040,35397,35754,36111,36468,36825,37182,37539,37896,38253,38610,38967,39324,39681,40038,40395,40752,41109,41466,41823,42180,42537,42894,43251,43608,43965,44322,44679,45036,45393,45750,46107,46464,46821,47178,47535,47892,48249,48606,48963,49320,49677,50034,50391,50748,51105,51462,51819,52176,52533,52890,53247,53604,53961,54318,54675,55032,55389,55746,56103,56460,56817,57174,57531,57888,58245,58602,58959,59316,59673,60030,60387,60744,61101,61458,61815,62172,62529,62886,63243,63600,63957,64314,64671,65028,65385,65742,66099,66456,66813,67170,67527,67884,68241,68598,68955,69312,69669,70026,70383,70740,71097,71454,71811,72168,72525,72882,73239,73596,73953,74310,74667,75024,75381,75738,76095,76452,76809,77166,77523,77880,78237,78594,78951,79308,79665,80022,80379,80736,81093,81450,81807,82164,82521,82878,83235,83592,83949,84306,84663,85020,85377,85734,86091,86448,86805,87162,87519,87876,88233,88590,88947,89304,89661,90018,90375,90732,91089,91446,91803,92160,92517,92874,93231,93588,93945,94302,94659,95016,95373,95730,96087,96444,96801,97158,97515,97872,98229,98586,98943,99300,99657,100014,100371,100728,101085,101442,101799,102156,102513,102870,103227,103584,103941,104298,104655,105012,105369,105726,106083,106440,106797,107154,107511,107868,108171,108225,108582,108939,109296,109653,110010,110367,110724,111081,111438,111795,112152,112509,112866,113223,113580,113937,114294,114651,115008,115365,115722,116079,116436,116793,117150,117507,117864,118221,118578,118935,119292,119649,120006,120363,120720,121077,121434,121791,122148,122505,122862,123219,123576,123933,124290,124647,125004,125361,125718,126075,126432,126789,127146
55,412,769,1126,1483,1840,2197,2554,2911,3268,3625,3982,4339,4696,5053,5410,5767,6124,6481,6838,7195,7552,7909,8266,8623,8980,9337,9694,10051,10408,10765,11122,11479,11836,12193,12550,12907,13264,13621,13978,14335,14692,15049,15406,15763,16120,16477,16834,17191,17548,17905,18262,18619,18976,19333,19690,20047,20404,20761,21118,21475,21832,22189,22546,22903,23260,23617,23974,24331,24688,25045,25402,25759,26116,26473,26830,27187,27544,27901,28258,28615,28972,29329,29686,30043,30400,30757,31114,31471,31828,32185,32542,32899,33256,33613,33970,34327,34684,35041,35398,35755,36112,36469,36826,37183,37540,37897,38254,38611,38968,39325,39682,40039,40396,40753,41110,41467,41824,42181,42538,42895,43252,43609,43966,44323,44680,45037,45394,45751,46108,46465,46822,47179,47536,47893,48250,48607,48964,49321,49678,50035,50392,50749,51106,51463,51820,52177,52534,52891,53248,53605,53962,54319,54676,55033,55390,55747,56104,56461,56818,57175,57532,57889,58246,58603,58960,59317,59674,60031,60388,60745,61102,61459,61816,62173,62530,62887,63244,63601,63958,64315,64672,65029,65386,65743,66100,66457,66814,67171,67528,67885,68242,68599,68956,69313,69670,70027,70384,70741,71098,71455,71812,72169,72526,72883,73240,73597,73954,74311,74668,75025,75382,75739,76096,76453,76810,77167,77524,77881,78238,78595,78952,79309,79666,80023,80380,80737,81094,81451,81808,82165,82522,82879,83236,83593,83950,84307,84664,85021,85378,85735,86092,86449,86806,87163,87520,87877,88234,88591,88948,89305,89662,90019,90376,90733,91090,91447,91804,92161,92518,92875,93232,93589,93946,94303,94660,95017,95374,95731,96088,96445,96802,97159,97516,97873,98230,98587,98944,99301,99658,100015,100372,100729,101086,101443,101800,102157,102514,102871,103228,103585,103942,104299,104656,105013,105370,105727,106084,106441,106798,107155,107512,107814,107869,108226,108583,108940,109297,109654,110011,110368,110725,111082,111439,111796,112153,112510,112867,113224,113581,113938,114295,114652,115009,115366,115723,116080,116437,116794,117151,117508,117865,118222,118579,118936,119293,119650,120007,120364,120721,121078,121435,121792,122149,122506,122863,123220,123577,123934,124291,124648,125005,125362,125719,126076,126433,126790,127147
56,413,770,1127,1484,1841,2198,2555,2912,3269,3626,3983,4340,4697,5054,5411,5768,6125,6482,6839,7196,7553,7910,8267,8624,8981,9338,9695,10052,10409,10766,11123,11480,11837,12194,12551,12908,13265,13622,13979,14336,14693,15050,15407,15764,16121,16478,16835,17192,17549,17906,18263,18620,18977,19334,19691,20048,20405,20762,21119,21476,21833,22190,22547,22904,23261,23618,23975,24332,24689,25046,25403,25760,26117,26474,26831,27188,27545,27902,28259,28616,28973,29330,29687,30044,30401,30758,31115,31472,31829,32186,32543,32900,33257,33614,33971,34328,34685,35042,35399,35756,36113,36470,36827,37184,37541,37898,38255,38612,38969,39326,39683,40040,40397,40754,41111,41468,41825,42182,42539,42896,43253,43610,43967,44324,44681,45038,45395,45752,46109,46466,46823,47180,47537,47894,48251,48608,48965,49322,49679,50036,50393,50750,51107,51464,51821,52178,52535,52892,53249,53606,53963,54320,54677,55034,55391,55748,56105,56462,56819,57176,57533,57890,58247,58604,58961,59318,59675,60032,60389,60746,61103,61460,61817,62174,62531,62888,63245,63602,63959,64316,64673,65030,65387,65744,66101,66458,66815,67172,67529,67886,68243,68600,68957,69314,69671,70028,70385,70742,71099,71456,71813,72170,72527,72884,73241,73598,73955,74312,74669,75026,75383,75740,76097,76454,76811,77168,77525,77882,78239,78596,78953,79310,79667,80024,80381,80738,81095,81452,81809,82166,82523,82880,83237,83594,83951,84308,84665,85022,85379,85736,86093,86450,86807,87164,87521,87878,88235,88592,88949,89306,89663,90020,90377,90734,91091,91448,91805,92162,92519,92876,93233,93590,93947,94304,94661,95018,95375,95732,96089,96446,96803,97160,97517,97874,98231,98588,98945,99302,99659,100016,100373,100730,101087,101444,101801,102158,102515,102872,103229,103586,103943,104300,104657,105014,105371,105728,106085,106442,106799,107156,107457,107513,107870,108227,108584,108941,109298,109655,110012,110369,110726,111083,111440,111797,112154,112511,112868,113225,113582,113939,114296,114653,115010,115367,115724,116081,116438,116795,117152,117509,117866,118223,118580,118937,119294,119651,120008,120365,120722,121079,121436,121793,122150,122507,122864,123221,123578,123935,124292,124649,125006,125363,125720,126077,126434,126791,127148
57,414,771,1128,1485,1842,2199,2556,2913,3270,3627,3984,4341,4698,5055,5412,5769,6126,6483,6840,7197,7554,7911,8268,8625,8982,9339,9696,10053,10410,10767,11124,11481,11838,12195,12552,12909,13266,13623,13980,14337,14694,15051,15408,15765,16122,16479,16836,17193,17550,17907,18264,18621,18978,19335,19692,20049,20406,20763,21120,21477,21834,22191,22548,22905,23262,23619,23976,24333,24690,25047,25404,25761,26118,26475,26832,27189,27546,27903,28260,28617,28974,29331,29688,30045,30402,30759,31116,31473,31830,32187,32544,32901,33258,33615,33972,34329,34686,35043,35400,35757,36114,36471,36828,37185,37542,37899,38256,38613,38970,39327,39684,40041,40398,40755,41112,41469,41826,42183,42540,42897,43254,43611,43968,44325,44682,45039,45396,45753,46110,46467,46824,47181,47538,47895,48252,48609,48966,49323,49680,50037,50394,50751,51108,51465,51822,52179,52536,52893,53250,53607,53964,54321,54678,55035,55392,55749,56106,56463,56820,57177,57534,57891,58248,58605,58962,59319,59676,60033,60390,60747,61104,61461,61818,62175,62532,62889,63246,63603,63960,64317,64674,65031,65388,65745,66102,66459,66816,67173,67530,67887,68244,68601,68958,69315,69672,70029,70386,70743,71100,71457,71814,72171,72528,72885,73242,73599,73956,74313,74670,75027,75384,75741,76098,76455,76812,77169,77526,77883,78240,78597,78954,79311,79668,80025,80382,80739,81096,81453,81810,82167,82524,82881,83238,83595,83952,84309,84666,85023,85380,85737,86094,86451,86808,87165,87522,87879,88236,88593,88950,89307,89664,90021,90378,90735,91092,91449,91806,92163,92520,92877,93234,93591,93948,94305,94662,95019,95376,95733,96090,96447,96804,97161,97518,97875,98232,98589,98946,99303,99660,100017,100374,100731,101088,101445,101802,102159,102516,102873,103230,103587,103944,104301,104658,105015,105372,105729,106086,106443,106800,107100,107157,107514,107871,108228,108585,108942,109299,109656,110013,110370,110727,111084,111441,111798,112155,112512,112869,113226,113583,113940,114297,114654,115011,115368,115725,116082,116439,116796,117153,117510,117867,118224,118581,118938,119295,119652,120009,120366,120723,121080,121437,121794,122151,122508,122865,123222,123579,123936,124293,124650,125007,125364,125721,126078,126435,126792,127149
58,415,772,1129,1486,1843,2200,2557,2914,3271,3628,3985,4342,4699,5056,5413,5770,6127,6484,6841,7198,7555,7912,8269,8626,8983,9340,9697,10054,10411,10768,11125,11482,11839,12196,12553,12910,13267,13624,13981,14338,14695,15052,15409,15766,16123,16480,16837,17194,17551,17908,18265,18622,18979,19336,19693,20050,20407,20764,21121,21478,21835,22192,22549,22906,23263,23620,23977,24334,24691,25048,25405,25762,26119,26476,26833,27190,27547,27904,28261,28618,28975,29332,29689,30046,30403,30760,31117,31474,31831,32188,32545,32902,33259,33616,33973,34330,34687,35044,35401,35758,36115,36472,36829,37186,37543,37900,38257,38614,38971,39328,39685,40042,40399,40756,41113,41470,41827,42184,42541,42898,43255,43612,43969,44326,44683,45040,45397,45754,46111,46468,46825,47182,47539,47896,48253,48610,48967,49324,49681,50038,50395,50752,51109,51466,51823,52180,52537,52894,53251,53608,53965,54322,54679,55036,55393,55750,56107,56464,56821,57178,57535,57892,58249,58606,58963,59320,59677,60034,60391,60748,61105,61462,61819,62176,62533,62890,63247,63604,63961,64318,64675,65032,65389,65746,66103,66460,66817,67174,67531,67888,68245,68602,68959,69316,69673,70030,70387,70744,71101,71458,71815,72172,72529,72886,73243,73600,73957,74314,74671,75028,75385,75742,76099,76456,76813,77170,77527,77884,78241,78598,78955,79312,79669,80026,80383,80740,81097,81454,81811,82168,82525,82882,83239,83596,83953,84310,84667,85024,85381,85738,86095,86452,86809,87166,87523,87880,88237,88594,88951,89308,89665,90022,90379,90736,91093,91450,91807,92164,92521,92878,93235,93592,93949,94306,94663,95020,95377,95734,96091,96448,96805,97162,97519,97876,98233,98590,98947,99304,99661,100018,100375,100732,101089,101446,101803,102160,102517,102874,103231,103588,103945,104302,104659,105016,105373,105730,106087,106444,106743,106801,107158,107515,107872,108229,108586,108943,109300,109657,110014,110371,110728,111085,111442,111799,112156,112513,112870,113227,113584,113941,114298,114655,115012,115369,115726,116083,116440,116797,117154,117511,117868,118225,118582,118939,119296,119653,120010,120367,120724,121081,121438,121795,122152,122509,122866,123223,123580,123937,124294,124651,125008,125365,125722,126079,126436,126793,127150
59,416,773,1130,1487,1844,2201,2558,2915,3272,3629,3986,4343,4700,5057,5414,5771,6128,6485,6842,7199,7556,7913,8270,8627,8984,9341,9698,10055,10412,10769,11126,11483,11840,12197,12554,12911,13268,13625,13982,14339,14696,15053,15410,15767,16124,16481,16838,17195,17552,17909,18266,18623,18980,19337,19694,20051,20408,20765,21122,21479,21836,22193,22550,22907,23264,23621,23978,24335,24692,25049,25406,25763,26120,26477,26834,27191,27548,27905,28262,28619,28976,29333,29690,30047,30404,30761,31118,31475,31832,32189,32546,32903,33260,33617,33974,34331,34688,35045,35402,35759,36116,36473,36830,37187,37544,37901,38258,38615,38972,39329,39686,40043,40400,40757,41114,41471,41828,42185,42542,42899,43256,43613,43970,44327,44684,45041,45398,45755,46112,46469,46826,47183,47540,47897,48254,48611,48968,49325,49682,50039,50396,50753,51110,51467,51824,52181,52538,52895,53252,53609,53966,54323,54680,55037,55394,55751,56108,56465,56822,57179,57536,57893,58250,58607,58964,59321,59678,60035,60392,60749,61106,61463,61820,62177,62534,62891,63248,63605,63962,64319,64676,65033,65390,65747,66104,66461,66818,67175,67532,67889,68246,68603,68960,69317,69674,70031,70388,70745,71102,71459,71816,72173,72530,72887,73244,73601,73958,74315,74672,75029,75386,75743,76100,76457,76814,77171,77528,77885,78242,78599,78956,79313,79670,80027,80384,80741,81098,81455,81812,82169,82526,82883,83240,83597,83954,84311,84668,85025,85382,85739,86096,86453,86810,87167,87524,87881,88238,88595,88952,89309,89666,90023,90380,90737,91094,91451,91808,92165,92522,92879,93236,93593,93950,94307,94664,95021,95378,95735,96092,96449,96806,97163,97520,97877,98234,98591,98948,99305,99662,100019,100376,100733,101090,101447,101804,102161,102518,102875,103232,103589,103946,104303,104660,105017,105374,105731,106088,106386,106445,106802,107159,107516,107873,108230,108587,108944,109301,109658,110015,110372,110729,111086,111443,111800,112157,112514,112871,113228,113585,113942,114299,114656,115013,115370,115727,116084,116441,116798,117155,117512,117869,118226,118583,118940,119297,119654,120011,120368,120725,121082,121439,121796,122153,122510,122867,123224,123581,123938,124295,124652,125009,125366,125723,126080,126437,126794,127151
60,417,774,1131,1488,1845,2202,2559,2916,3273,3630,3987,4344,4701,5058,5415,5772,6129,6486,6843,7200,7557,7914,8271,8628,8985,9342,9699,10056,10413,10770,11127,11484,11841,12198,12555,12912,13269,13626,13983,14340,14697,15054,15411,15768,16125,16482,16839,17196,17553,17910,18267,18624,18981,19338,19695,20052,20409,20766,21123,21480,21837,22194,22551,22908,23265,23622,23979,24336,24693,25050,25407,25764,26121,26478,26835,27192,27549,27906,28263,28620,28977,29334,29691,30048,30405,30762,31119,31476,31833,32190,32547,32904,33261,33618,33975,34332,34689,35046,35403,35760,36117,36474,36831,37188,37545,37902,38259,38616,38973,39330,39687,40044,40401,40758,41115,41472,41829,42186,42543,42900,43257,43614,43971,44328,44685,45042,45399,45756,46113,46470,46827,47184,47541,47898,48255,48612,48969,49326,49683,50040,50397,50754,51111,51468,51825,52182,52539,52896,53253,53610,53967,54324,54681,55038,55395,55752,56109,56466,56823,57180,57537,57894,58251,58608,58965,59322,59679,60036,60393,60750,61107,61464,61821,62178,62535,62892,63249,63606,63963,64320,64677,65034,65391,65748,66105,66462,66819,67176,67533,67890,68247,68604,68961,69318,69675,70032,70389,70746,71103,71460,71817,72174,72531,72888,73245,73602,73959,74316,74673,75030,75387,75744,76101,76458,76815,77172,77529,77886,78243,78600,78957,79314,79671,80028,80385,80742,81099,81456,81813,82170,82527,82884,83241,83598,83955,84312,84669,85026,85383,85740,86097,86454,86811,87168,87525,87882,88239,88596,88953,89310,89667,90024,90381,90738,91095,91452,91809,92166,92523,92880,93237,93594,93951,94308,94665,95022,95379,95736,96093,96450,96807,97164,97521,97878,98235,98592,98949,99306,99663,100020,100377,100734,101091,101448,101805,102162,102519,102876,103233,103590,103947,104304,104661,105018,105375,105732,106029,106089,106446,106803,107160,107517,107874,108231,108588,108945,109302,109659,110016,110373,110730,111087,111444,111801,112158,112515,112872,113229,113586,113943,114300,114657,115014,115371,115728,116085,116442,116799,117156,117513,117870,118227,118584,118941,119298,119655,120012,120369,120726,121083,121440,121797,122154,122511,122868,123225,123582,123939,124296,124653,125010,125367,125724,126081,126438,126795,127152
61,418,775,1132,1489,1846,2203,2560,2917,3274,3631,3988,4345,4702,5059,5416,5773,6130,6487,6844,7201,7558,7915,8272,8629,8986,9343,9700,10057,10414,10771,11128,11485,11842,12199,12556,12913,13270,13627,13984,14341,14698,15055,15412,15769,16126,16483,16840,17197,17554,17911,18268,18625,18982,19339,19696,20053,20410,20767,21124,21481,21838,22195,22552,22909,23266,23623,23980,24337,24694,25051,25408,25765,26122,26479,26836,27193,27550,27907,28264,28621,28978,29335,29692,30049,30406,30763,31120,31477,31834,32191,32548,32905,33262,33619,33976,34333,34690,35047,35404,35761,36118,36475,36832,37189,37546,37903,38260,38617,38974,39331,39688,40045,40402,40759,41116,41473,41830,42187,42544,42901,43258,43615,43972,44329,44686,45043,45400,45757,46114,46471,46828,47185,47542,47899,48256,48613,48970,49327,49684,50041,50398,50755,51112,51469,51826,52183,52540,52897,53254,53611,53968,54325,54682,55039,55396,55753,56110,56467,56824,57181,57538,57895,58252,58609,58966,59323,59680,60037,60394,60751,61108,61465,61822,62179,62536,62893,63250,63607,63964,64321,64678,65035,65392,65749,66106,66463,66820,67177,67534,67891,68248,68605,68962,69319,69676,70033,70390,70747,71104,71461,71818,72175,72532,72889,73246,73603,73960,74317,74674,75031,75388,75745,76102,76459,76816,77173,77530,77887,78244,78601,78958,79315,79672,80029,80386,80743,81100,81457,81814,82171,82528,82885,83242,83599,83956,84313,84670,85027,85384,85741,86098,86455,86812,87169,87526,87883,88240,88597,88954,89311,89668,90025,90382,90739,91096,91453,91810,92167,92524,92881,93238,93595,93952,94309,94666,95023,95380,95737,96094,96451,96808,97165,97522,97879,98236,98593,98950,99307,99664,100021,100378,100735,101092,101449,101806,102163,102520,102877,103234,103591,103948,104305,104662,105019,105376,105672,105733,106090,106447,106804,107161,107518,107875,108232,108589,108946,109303,109660,110017,110374,110731,111088,111445,111802,112159,112516,112873,113230,113587,113944,114301,114658,115015,115372,115729,116086,116443,116800,117157,117514,117871,118228,118585,118942,119299,119656,120013,120370,120727,121084,121441,121798,122155,122512,122869,123226,123583,123940,124297,124654,125011,125368,125725,126082,126439,126796,127153
62,419,776,1133,1490,1847,2204,2561,2918,3275,3632,3989,4346,4703,5060,5417,5774,6131,6488,6845,7202,7559,7916,8273,8630,8987,9344,9701,10058,10415,10772,11129,11486,11843,12200,12557,12914,13271,13628,13985,14342,14699,15056,15413,15770,16127,16484,16841,17198,17555,17912,18269,18626,18983,19340,19697,20054,20411,20768,21125,21482,21839,22196,22553,22910,23267,23624,23981,24338,24695,25052,25409,25766,26123,26480,26837,27194,27551,27908,28265,28622,28979,29336,29693,30050,30407,30764,31121,31478,31835,32192,32549,32906,33263,33620,33977,34334,34691,35048,35405,35762,36119,36476,36833,37190,37547,37904,38261,38618,38975,39332,39689,40046,40403,40760,41117,41474,41831,42188,42545,42902,43259,43616,43973,44330,44687,45044,45401,45758,46115,46472,46829,47186,47543,47900,48257,48614,48971,49328,49685,50042,50399,50756,51113,51470,51827,52184,52541,52898,53255,53612,53969,54326,54683,55040,55397,55754,56111,56468,56825,57182,57539,57896,58253,58610,58967,59324,59681,60038,60395,60752,61109,61466,61823,62180,62537,62894,63251,63608,63965,64322,64679,65036,65393,65750,66107,66464,66821,67178,67535,67892,68249,68606,68963,69320,69677,70034,70391,70748,71105,71462,71819,72176,72533,72890,73247,73604,73961,74318,74675,75032,75389,75746,76103,76460,76817,77174,77531,77888,78245,78602,78959,79316,79673,80030,80387,80744,81101,81458,81815,82172,82529,82886,83243,83600,83957,84314,84671,85028,85385,85742,86099,86456,86813,87170,87527,87884,88241,88598,88955,89312,89669,90026,90383,90740,91097,91454,91811,92168,92525,92882,93239,93596,93953,94310,94667,95024,95381,95738,96095,96452,96809,97166,97523,97880,98237,98594,98951,99308,99665,100022,100379,100736,101093,101450,101807,102164,102521,102878,103235,103592,103949,104306,104663,105020,105315,105377,105734,106091,106448,106805,107162,107519,107876,108233,108590,108947,109304,109661,110018,110375,110732,111089,111446,111803,112160,112517,112874,113231,113588,113945,114302,114659,115016,115373,115730,116087,116444,116801,117158,117515,117872,118229,118586,118943,119300,119657,120014,120371,120728,121085,121442,121799,122156,122513,122870,123227,123584,123941,124298,124655,125012,125369,125726,126083,126440,126797,127154
63,420,777,1134,1491,1848,2205,2562,2919,3276,3633,3990,4347,4704,5061,5418,5775,6132,6489,6846,7203,7560,7917,8274,8631,8988,9345,9702,10059,10416,10773,11130,11487,11844,12201,12558,12915,13272,13629,13986,14343,14700,15057,15414,15771,16128,16485,16842,17199,17556,17913,18270,18627,18984,19341,19698,20055,20412,20769,21126,21483,21840,22197,22554,22911,23268,23625,23982,24339,24696,25053,25410,25767,26124,26481,26838,27195,27552,27909,28266,28623,28980,29337,29694,30051,30408,30765,31122,31479,31836,32193,32550,32907,33264,33621,33978,34335,34692,35049,35406,35763,36120,36477,36834,37191,37548,37905,38262,38619,38976,39333,39690,40047,40404,40761,41118,41475,41832,42189,42546,42903,43260,43617,43974,44331,44688,45045,45402,45759,46116,46473,46830,47187,47544,47901,48258,48615,48972,49329,49686,50043,50400,50757,51114,51471,51828,52185,52542,52899,53256,53613,53970,54327,54684,55041,55398,55755,56112,56469,56826,57183,57540,57897,58254,58611,58968,59325,59682,60039,60396,60753,61110,61467,61824,62181,62538,62895,63252,63609,63966,64323,64680,65037,65394,65751,66108,66465,66822,67179,67536,67893,68250,68607,68964,69321,69678,70035,70392,70749,71106,71463,71820,72177,72534,72891,73248,73605,73962,74319,74676,75033,75390,75747,76104,76461,76818,77175,77532,77889,78246,78603,78960,79317,79674,80031,80388,80745,81102,81459,81816,82173,82530,82887,83244,83601,83958,84315,84672,85029,85386,85743,86100,86457,86814,87171,87528,87885,88242,88599,88956,89313,89670,90027,90384,90741,91098,91455,91812,92169,92526,92883,93240,93597,93954,94311,94668,95025,95382,95739,96096,96453,96810,97167,97524,97881,98238,98595,98952,99309,99666,100023,100380,100737,101094,101451,101808,102165,102522,102879,103236,103593,103950,104307,104664,104958,105021,105378,105735,106092,106449,106806,107163,107520,107877,108234,108591,108948,109305,109662,110019,110376,110733,111090,111447,111804,112161,112518,112875,113232,113589,113946,114303,114660,115017,115374,115731,116088,116445,116802,117159,117516,117873,118230,118587,118944,119301,119658,120015,120372,120729,121086,121443,121800,122157,122514,122871,123228,123585,123942,124299,124656,125013,125370,125727,126084,126441,126798,127155
64,421,778,1135,1492,1849,2206,2563,2920,3277,3634,3991,4348,4705,5062,5419,5776,6133,6490,6847,7204,7561,7918,8275,8632,8989,9346,9703,10060,10417,10774,11131,11488,11845,12202,12559,12916,13273,13630,13987,14344,14701,15058,15415,15772,16129,16486,16843,17200,17557,17914,18271,18628,18985,19342,19699,20056,20413,20770,21127,21484,21841,22198,22555,22912,23269,23626,23983,24340,24697,25054,25411,25768,26125,26482,26839,27196,27553,27910,28267,28624,28981,29338,29695,30052,30409,30766,31123,31480,31837,32194,32551,32908,33265,33622,33979,34336,34693,35050,35407,35764,36121,36478,36835,37192,37549,37906,38263,38620,38977,39334,39691,40048,40405,40762,41119,41476,41833,42190,42547,42904,43261,43618,43975,44332,44689,45046,45403,45760,46117,46474,46831,47188,47545,47902,48259,48616,48973,49330,49687,50044,50401,50758,51115,51472,51829,52186,52543,52900,53257,53614,53971,54328,54685,55042,55399,55756,56113,56470,56827,57184,57541,57898,58255,58612,58969,59326,59683,60040,60397,60754,61111,61468,61825,62182,62539,62896,63253,63610,63967,64324,64681,65038,65395,65752,66109,66466,66823,67180,67537,67894,68251,68608,68965,69322,69679,70036,70393,70750,71107,71464,71821,72178,72535,72892,73249,73606,73963,74320,74677,75034,75391,75748,76105,76462,76819,77176,77533,77890,78247,78604,78961,79318,79675,80032,80389,80746,81103,81460,81817,82174,82531,82888,83245,83602,83959,84316,84673,85030,85387,85744,86101,86458,86815,87172,87529,87886,88243,88600,88957,89314,89671,90028,90385,90742,91099,91456,91813,92170,92527,92884,93241,93598,93955,94312,94669,95026,95383,95740,96097,96454,96811,97168,97525,97882,98239,98596,98953,99310,99667,100024,100381,100738,101095,101452,101809,102166,102523,102880,103237,103594,103951,104308,104601,104665,105022,105379,105736,106093,106450,106807,107164,107521,107878,108235,108592,108949,109306,109663,110020,110377,110734,111091,111448,111805,112162,112519,112876,113233,113590,113947,114304,114661,115018,115375,115732,116089,116446,116803,117160,117517,117874,118231,118588,118945,119302,119659,120016,120373,120730,121087,121444,121801,122158,122515,122872,123229,123586,123943,124300,124657,125014,125371,125728,126085,126442,126799,127156
65,422,779,1136,1493,1850,2207,2564,2921,3278,3635,3992,4349,4706,5063,5420,5777,6134,6491,6848,7205,7562,7919,8276,8633,8990,9347,9704,10061,10418,10775,11132,11489,11846,12203,12560,12917,13274,13631,13988,14345,14702,15059,15416,15773,16130,16487,16844,17201,17558,17915,18272,18629,18986,19343,19700,20057,20414,20771,21128,21485,21842,22199,22556,22913,23270,23627,23984,24341,24698,25055,25412,25769,26126,26483,26840,27197,27554,27911,28268,28625,28982,29339,29696,30053,30410,30767,31124,31481,31838,32195,32552,32909,33266,33623,33980,34337,34694,35051,35408,35765,36122,36479,36836,37193,37550,37907,38264,38621,38978,39335,39692,40049,40406,40763,41120,41477,41834,42191,42548,42905,43262,43619,43976,44333,44690,45047,45404,45761,46118,46475,46832,47189,47546,47903,48260,48617,48974,49331,49688,50045,50402,50759,51116,51473,51830,52187,52544,52901,53258,53615,53972,54329,54686,55043,55400,55757,56114,56471,56828,57185,57542,57899,58256,58613,58970,59327,59684,60041,60398,60755,61112,61469,61826,62183,62540,62897,63254,63611,63968,64325,64682,65039,65396,65753,66110,66467,66824,67181,67538,67895,68252,68609,68966,69323,69680,70037,70394,70751,71108,71465,71822,72179,72536,72893,73250,73607,73964,74321,74678,75035,75392,75749,76106,76463,76820,77177,77534,77891,78248,78605,78962,79319,79676,80033,80390,80747,81104,81461,81818,82175,82532,82889,83246,83603,83960,84317,84674,85031,85388,85745,86102,86459,86816,87173,87530,87887,88244,88601,88958,89315,89672,90029,90386,90743,91100,91457,91814,92171,92528,92885,93242,93599,93956,94313,94670,95027,95384,95741,96098,96455,96812,97169,97526,97883,98240,98597,98954,99311,99668,100025,100382,100739,101096,101453,101810,102167,102524,102881,103238,103595,103952,104244,104309,104666,105023,105380,105737,106094,106451,106808,107165,107522,107879,108236,108593,108950,109307,109664,110021,110378,110735,111092,111449,111806,112163,112520,112877,113234,113591,113948,114305,114662,115019,115376,115733,116090,116447,116804,117161,117518,117875,118232,118589,118946,119303,119660,120017,120374,120731,121088,121445,121802,122159,122516,122873,123230,123587,123944,124301,124658,125015,125372,125729,126086,126443,126800,127157
66,423,780,1137,1494,1851,2208,2565,2922,3279,3636,3993,4350,4707,5064,5421,5778,6135,6492,6849,7206,7563,7920,8277,8634,8991,9348,9705,10062,10419,10776,11133,11490,11847,12204,12561,12918,13275,13632,13989,14346,14703,15060,15417,15774,16131,16488,16845,17202,17559,17916,18273,18630,18987,19344,19701,20058,20415,20772,21129,21486,21843,22200,22557,22914,23271,23628,23985,24342,24699,25056,25413,25770,26127,26484,26841,27198,27555,27912,28269,28626,28983,29340,29697,30054,30411,30768,31125,31482,31839,32196,32553,32910,33267,33624,33981,34338,34695,35052,35409,35766,36123,36480,36837,37194,37551,37908,38265,38622,38979,39336,39693,40050,40407,40764,41121,41478,41835,42192,42549,42906,43263,43620,43977,44334,44691,45048,45405,45762,46119,46476,46833,47190,47547,47904,48261,48618,48975,49332,49689,50046,50403,50760,51117,51474,51831,52188,52545,52902,53259,53616,53973,54330,54687,55044,55401,55758,56115,56472,56829,57186,57543,57900,58257,58614,58971,59328,59685,60042,60399,60756,61113,61470,61827,62184,62541,62898,63255,63612,63969,64326,64683,65040,65397,65754,66111,66468,66825,67182,67539,67896,68253,68610,68967,69324,69681,70038,70395,70752,71109,71466,71823,72180,72537,72894,73251,73608,73965,74322,74679,75036,75393,75750,76107,76464,76821,77178,77535,77892,78249,78606,78963,79320,79677,80034,80391,80748,81105,81462,81819,82176,82533,82890,83247,83604,83961,84318,84675,85032,85389,85746,86103,86460,86817,87174,87531,87888,88245,88602,88959,89316,89673,90030,90387,90744,91101,91458,91815,92172,92529,92886,93243,93600,93957,94314,94671,95028,95385,95742,96099,96456,96813,97170,97527,97884,98241,98598,98955,99312,99669,100026,100383,100740,101097,101454,101811,102168,102525,102882,103239,103596,103887,103953,104310,104667,105024,105381,105738,106095,106452,106809,107166,107523,107880,108237,108594,108951,109308,109665,110022,110379,110736,111093,111450,111807,112164,112521,112878,113235,113592,113949,114306,114663,115020,115377,115734,116091,116448,116805,117162,117519,117876,118233,118590,118947,119304,119661,120018,120375,120732,121089,121446,121803,122160,122517,122874,123231,123588,123945,124302,124659,125016,125373,125730,126087,126444,126801,127158
67,424,781,1138,1495,1852,2209,2566,2923,3280,3637,3994,4351,4708,5065,5422,5779,6136,6493,6850,7207,7564,7921,8278,8635,8992,9349,9706,10063,10420,10777,11134,11491,11848,12205,12562,12919,13276,13633,13990,14347,14704,15061,15418,15775,16132,16489,16846,17203,17560,17917,18274,18631,18988,19345,19702,20059,20416,20773,21130,21487,21844,22201,22558,22915,23272,23629,23986,24343,24700,25057,25414,25771,26128,26485,26842,27199,27556,27913,28270,28627,28984,29341,29698,30055,30412,30769,31126,31483,31840,32197,32554,32911,33268,33625,33982,34339,34696,35053,35410,35767,36124,36481,36838,37195,37552,37909,38266,38623,38980,39337,39694,40051,40408,40765,41122,41479,41836,42193,42550,42907,43264,43621,43978,44335,44692,45049,45406,45763,46120,46477,46834,47191,47548,47905,48262,48619,48976,49333,49690,50047,50404,50761,51118,51475,51832,52189,52546,52903,53260,53617,53974,54331,54688,55045,55402,55759,56116,56473,56830,57187,57544,57901,58258,58615,58972,59329,59686,60043,60400,60757,61114,61471,61828,62185,62542,62899,63256,63613,63970,64327,64684,65041,65398,65755,66112,66469,66826,67183,67540,67897,68254,68611,68968,69325,69682,70039,70396,70753,71110,71467,71824,72181,72538,72895,73252,73609,73966,74323,74680,75037,75394,75751,76108,76465,76822,77179,77536,77893,78250,78607,78964,79321,79678,80035,80392,80749,81106,81463,81820,82177,82534,82891,83248,83605,83962,84319,84676,85033,85390,85747,86104,86461,86818,87175,87532,87889,88246,88603,88960,89317,89674,90031,90388,90745,91102,91459,91816,92173,92530,92887,93244,93601,93958,94315,94672,95029,95386,95743,96100,96457,96814,97171,97528,97885,98242,98599,98956,99313,99670,100027,100384,100741,101098,101455,101812,102169,102526,102883,103240,103530,103597,103954,104311,104668,105025,105382,105739,106096,106453,106810,107167,107524,107881,108238,108595,108952,109309,109666,110023,110380,110737,111094,111451,111808,112165,112522,112879,113236,113593,113950,114307,114664,115021,115378,115735,116092,116449,116806,117163,117520,117877,118234,118591,118948,119305,119662,120019,120376,120733,121090,121447,121804,122161,122518,122875,123232,123589,123946,124303,124660,125017,125374,125731,126088,126445,126802,127159
68,425,782,1139,1496,1853,2210,2567,2924,3281,3638,3995,4352,4709,5066,5423,5780,6137,6494,6851,7208,7565,7922,8279,8636,8993,9350,9707,10064,10421,10778,11135,11492,11849,12206,12563,12920,13277,13634,13991,14348,14705,15062,15419,15776,16133,16490,16847,17204,17561,17918,18275,18632,18989,19346,19703,20060,20417,20774,21131,21488,21845,22202,22559,22916,23273,23630,23987,24344,24701,25058,25415,25772,26129,26486,26843,27200,27557,27914,28271,28628,28985,29342,29699,30056,30413,30770,31127,31484,31841,32198,32555,32912,33269,33626,33983,34340,34697,35054,35411,35768,36125,36482,36839,37196,37553,37910,38267,38624,38981,39338,39695,40052,40409,40766,41123,41480,41837,42194,42551,42908,43265,43622,43979,44336,44693,45050,45407,45764,46121,46478,46835,47192,47549,47906,48263,48620,48977,49334,49691,50048,50405,50762,51119,51476,51833,52190,52547,52904,53261,53618,53975,54332,54689,55046,55403,55760,56117,56474,56831,57188,57545,57902,58259,58616,58973,59330,59687,60044,60401,60758,61115,61472,61829,62186,62543,62900,63257,63614,63971,64328,64685,65042,65399,65756,66113,66470,66827,67184,67541,67898,68255,68612,68969,69326,69683,70040,70397,70754,71111,71468,71825,72182,72539,72896,73253,73610,73967,74324,74681,75038,75395,75752,76109,76466,76823,77180,77537,77894,78251,78608,78965,79322,79679,80036,80393,80750,81107,81464,81821,82178,82535,82892,83249,83606,83963,84320,84677,85034,85391,85748,86105,86462,86819,87176,87533,87890,88247,88604,88961,89318,89675,90032,90389,90746,91103,91460,91817,92174,92531,92888,93245,93602,93959,94316,94673,95030,95387,95744,96101,96458,96815,97172,97529,97886,98243,98600,98957,99314,99671,100028,100385,100742,101099,101456,101813,102170,102527,102884,103173,103241,103598,103955,104312,104669,105026,105383,105740,106097,106454,106811,107168,107525,107882,108239,108596,108953,109310,109667,110024,110381,110738,111095,111452,111809,112166,112523,112880,113237,113594,113951,114308,114665,115022,115379,115736,116093,116450,116807,117164,117521,117878,118235,118592,118949,119306,119663,120020,120377,120734,121091,121448,121805,122162,122519,122876,123233,123590,123947,124304,124661,125018,125375,125732,126089,126446,126803,127160
69,426,783,1140,1497,1854,2211,2568,2925,3282,3639,3996,4353,4710,5067,5424,5781,6138,6495,6852,7209,7566,7923,8280,8637,8994,9351,9708,10065,10422,10779,11136,11493,11850,12207,12564,12921,13278,13635,13992,14349,14706,15063,15420,15777,16134,16491,16848,17205,17562,17919,18276,18633,18990,19347,19704,20061,20418,20775,21132,21489,21846,22203,22560,22917,23274,23631,23988,24345,24702,25059,25416,25773,26130,26487,26844,27201,27558,27915,28272,28629,28986,29343,29700,30057,30414,30771,31128,31485,31842,32199,32556,32913,33270,33627,33984,34341,34698,35055,35412,35769,36126,36483,36840,37197,37554,37911,38268,38625,38982,39339,39696,40053,40410,40767,41124,41481,41838,42195,42552,42909,43266,43623,43980,44337,44694,45051,45408,45765,46122,46479,46836,47193,47550,47907,48264,48621,48978,49335,49692,50049,50406,50763,51120,51477,51834,52191,52548,52905,53262,53619,53976,54333,54690,55047,55404,55761,56118,56475,56832,57189,57546,57903,58260,58617,58974,59331,59688,60045,60402,60759,61116,61473,61830,62187,62544,62901,63258,63615,63972,64329,64686,65043,65400,65757,66114,66471,66828,67185,67542,67899,68256,68613,68970,69327,69684,70041,70398,70755,71112,71469,71826,72183,72540,72897,73254,73611,73968,74325,74682,75039,75396,75753,76110,76467,76824,77181,77538,77895,78252,78609,78966,79323,79680,80037,80394,80751,81108,81465,81822,82179,82536,82893,83250,83607,83964,84321,84678,85035,85392,85749,86106,86463,86820,87177,87534,87891,88248,88605,88962,89319,89676,90033,90390,90747,91104,91461,91818,92175,92532,92889,93246,93603,93960,94317,94674,95031,95388,95745,96102,96459,96816,97173,97530,97887,98244,98601,98958,99315,99672,100029,100386,100743,101100,101457,101814,102171,102528,102816,102885,103242,103599,103956,104313,104670,105027,105384,105741,106098,106455,106812,107169,107526,107883,108240,108597,108954,109311,109668,110025,110382,110739,111096,111453,111810,112167,112524,112881,113238,113595,113952,114309,114666,115023,115380,115737,116094,116451,116808,117165,117522,117879,118236,118593,118950,119307,119664,120021,120378,120735,121092,121449,121806,122163,122520,122877,123234,123591,123948,124305,124662,125019,125376,125733,126090,126447,126804,127161
70,427,784,1141,1498,1855,2212,2569,2926,3283,3640,3997,4354,4711,5068,5425,5782,6139,6496,6853,7210,7567,7924,8281,8638,8995,9352,9709,10066,10423,10780,11137,11494,11851,12208,12565,12922,13279,13636,13993,14350,14707,15064,15421,15778,16135,16492,16849,17206,17563,17920,18277,18634,18991,19348,19705,20062,20419,20776,21133,21490,21847,22204,22561,22918,23275,23632,23989,24346,24703,25060,25417,25774,26131,26488,26845,27202,27559,27916,28273,28630,28987,29344,29701,30058,30415,30772,31129,31486,31843,32200,32557,32914,33271,33628,33985,34342,34699,35056,35413,35770,36127,36484,36841,37198,37555,37912,38269,38626,38983,39340,39697,40054,40411,40768,41125,41482,41839,42196,42553,42910,43267,43624,43981,44338,44695,45052,45409,45766,46123,46480,46837,47194,47551,47908,48265,48622,48979,49336,49693,50050,50407,50764,51121,51478,51835,52192,52549,52906,53263,53620,53977,54334,54691,55048,55405,55762,56119,56476,56833,57190,57547,57904,58261,58618,58975,59332,59689,60046,60403,60760,61117,61474,61831,62188,62545,62902,63259,63616,63973,64330,64687,65044,65401,65758,66115,66472,66829,67186,67543,67900,68257,68614,68971,69328,69685,70042,70399,70756,71113,71470,71827,72184,72541,72898,73255,73612,73969,74326,74683,75040,75397,75754,76111,76468,76825,77182,77539,77896,78253,78610,78967,79324,79681,80038,80395,80752,81109,81466,81823,82180,82537,82894,83251,83608,83965,84322,84679,85036,85393,85750,86107,86464,86821,87178,87535,87892,88249,88606,88963,89320,89677,90034,90391,90748,91105,91462,91819,92176,92533,92890,93247,93604,93961,94318,94675,95032,95389,95746,96103,96460,96817,97174,97531,97888,98245,98602,98959,99316,99673,100030,100387,100744,101101,101458,101815,102172,102459,102529,102886,103243,103600,103957,104314,104671,105028,105385,105742,106099,106456,106813,107170,107527,107884,108241,108598,108955,109312,109669,110026,110383,110740,111097,111454,111811,112168,112525,112882,113239,113596,113953,114310,114667,115024,115381,115738,116095,116452,116809,117166,117523,117880,118237,118594,118951,119308,119665,120022,120379,120736,121093,121450,121807,122164,122521,122878,123235,123592,123949,124306,124663,125020,125377,125734,126091,126448,126805,127162
71,428,785,1142,1499,1856,2213,2570,2927,3284,3641,3998,4355,4712,5069,5426,5783,6140,6497,6854,7211,7568,7925,8282,8639,8996,9353,9710,10067,10424,10781,11138,11495,11852,12209,12566,12923,13280,13637,13994,14351,14708,15065,15422,15779,16136,16493,16850,17207,17564,17921,18278,18635,18992,19349,19706,20063,20420,20777,21134,21491,21848,22205,22562,22919,23276,23633,23990,24347,24704,25061,25418,25775,26132,26489,26846,27203,27560,27917,28274,28631,28988,29345,29702,30059,30416,30773,31130,31487,31844,32201,32558,32915,33272,33629,33986,34343,34700,35057,35414,35771,36128,36485,36842,37199,37556,37913,38270,38627,38984,39341,39698,40055,40412,40769,41126,41483,41840,42197,42554,42911,43268,43625,43982,44339,44696,45053,45410,45767,46124,46481,46838,47195,47552,47909,48266,48623,48980,49337,49694,50051,50408,50765,51122,51479,51836,52193,52550,52907,53264,53621,53978,54335,54692,55049,55406,55763,56120,56477,56834,57191,57548,57905,58262,58619,58976,59333,59690,60047,60404,60761,61118,61475,61832,62189,62546,62903,63260,63617,63974,64331,64688,65045,65402,65759,66116,66473,66830,67187,67544,67901,68258,68615,68972,69329,69686,70043,70400,70757,71114,71471,71828,72185,72542,72899,73256,73613,73970,74327,74684,75041,75398,75755,76112,76469,76826,77183,77540,77897,78254,78611,78968,79325,79682,80039,80396,80753,81110,81467,81824,82181,82538,82895,83252,83609,83966,84323,84680,85037,85394,85751,86108,86465,86822,87179,87536,87893,88250,88607,88964,89321,89678,90035,90392,90749,91106,91463,91820,92177,92534,92891,93248,93605,93962,94319,94676,95033,95390,95747,96104,96461,96818,97175,97532,97889,98246,98603,98960,99317,99674,100031,100388,100745,101102,101459,101816,102102,102173,102530,102887,103244,103601,103958,104315,104672,105029,105386,105743,106100,106457,106814,107171,107528,107885,108242,108599,108956,109313,109670,110027,110384,110741,111098,111455,111812,112169,112526,112883,113240,113597,113954,114311,114668,115025,115382,115739,116096,116453,116810,117167,117524,117881,118238,118595,118952,119309,119666,120023,120380,120737,121094,121451,121808,122165,122522,122879,123236,123593,123950,124307,124664,125021,125378,125735,126092,126449,126806,127163
72,429,786,1143,1500,1857,2214,2571,2928,3285,3642,3999,4356,4713,5070,5427,5784,6141,6498,6855,7212,7569,7926,8283,8640,8997,9354,9711,10068,10425,10782,11139,11496,11853,12210,12567,12924,13281,13638,13995,14352,14709,15066,15423,15780,16137,16494,16851,17208,17565,17922,18279,18636,18993,19350,19707,20064,20421,20778,21135,21492,21849,22206,22563,22920,23277,23634,23991,24348,24705,25062,25419,25776,26133,26490,26847,27204,27561,27918,28275,28632,28989,29346,29703,30060,30417,30774,31131,31488,31845,32202,32559,32916,33273,33630,33987,34344,34701,35058,35415,35772,36129,36486,36843,37200,37557,37914,38271,38628,38985,39342,39699,40056,40413,40770,41127,41484,41841,42198,42555,42912,43269,43626,43983,44340,44697,45054,45411,45768,46125,46482,46839,47196,47553,47910,48267,48624,48981,49338,49695,50052,50409,50766,51123,51480,51837,52194,52551,52908,53265,53622,53979,54336,54693,55050,55407,55764,56121,56478,56835,57192,57549,57906,58263,58620,58977,59334,59691,60048,60405,60762,61119,61476,61833,62190,62547,62904,63261,63618,63975,64332,64689,65046,65403,65760,66117,66474,66831,67188,67545,67902,68259,68616,68973,69330,69687,70044,70401,70758,71115,71472,71829,72186,72543,72900,73257,73614,73971,74328,74685,75042,75399,75756,76113,76470,76827,77184,77541,77898,78255,78612,78969,79326,79683,80040,80397,80754,81111,81468,81825,82182,82539,82896,83253,83610,83967,84324,84681,85038,85395,85752,86109,86466,86823,87180,87537,87894,88251,88608,88965,89322,89679,90036,90393,90750,91107,91464,91821,92178,92535,92892,93249,93606,93963,94320,94677,95034,95391,95748,96105,96462,96819,97176,97533,97890,98247,98604,98961,99318,99675,100032,100389,100746,101103,101460,101745,101817,102174,102531,102888,103245,103602,103959,104316,104673,105030,105387,105744,106101,106458,106815,107172,107529,107886,108243,108600,108957,109314,109671,110028,110385,110742,111099,111456,111813,112170,112527,112884,113241,113598,113955,114312,114669,115026,115383,115740,116097,116454,116811,117168,117525,117882,118239,118596,118953,119310,119667,120024,120381,120738,121095,121452,121809,122166,122523,122880,123237,123594,123951,124308,124665,125022,125379,125736,126093,126450,126807,127164
73,430,787,1144,1501,1858,2215,2572,2929,3286,3643,4000,4357,4714,5071,5428,5785,6142,6499,6856,7213,7570,7927,8284,8641,8998,9355,9712,10069,10426,10783,11140,11497,11854,12211,12568,12925,13282,13639,13996,14353,14710,15067,15424,15781,16138,16495,16852,17209,17566,17923,18280,18637,18994,19351,19708,20065,20422,20779,21136,21493,21850,22207,22564,22921,23278,23635,23992,24349,24706,25063,25420,25777,26134,26491,26848,27205,27562,27919,28276,28633,28990,29347,29704,30061,30418,30775,31132,31489,31846,32203,32560,32917,33274,33631,33988,34345,34702,35059,35416,35773,36130,36487,36844,37201,37558,37915,38272,38629,38986,39343,39700,40057,40414,40771,41128,41485,41842,42199,42556,42913,43270,43627,43984,44341,44698,45055,45412,45769,46126,46483,46840,47197,47554,47911,48268,48625,48982,49339,49696,50053,50410,50767,51124,51481,51838,52195,52552,52909,53266,53623,53980,54337,54694,55051,55408,55765,56122,56479,56836,57193,57550,57907,58264,58621,58978,59335,59692,60049,60406,60763,61120,61477,61834,62191,62548,62905,63262,63619,63976,64333,64690,65047,65404,65761,66118,66475,66832,67189,67546,67903,68260,68617,68974,69331,69688,70045,70402,70759,71116,71473,71830,72187,72544,72901,73258,73615,73972,74329,74686,75043,75400,75757,76114,76471,76828,77185,77542,77899,78256,78613,78970,79327,79684,80041,80398,80755,81112,81469,81826,82183,82540,82897,83254,83611,83968,84325,84682,85039,85396,85753,86110,86467,86824,87181,87538,87895,88252,88609,88966,89323,89680,90037,90394,90751,91108,91465,91822,92179,92536,92893,93250,93607,93964,94321,94678,95035,95392,95749,96106,96463,96820,97177,97534,97891,98248,98605,98962,99319,99676,100033,100390,100747,101104,101388,101461,101818,102175,102532,102889,103246,103603,103960,104317,104674,105031,105388,105745,106102,106459,106816,107173,107530,107887,108244,108601,108958,109315,109672,110029,110386,110743,111100,111457,111814,112171,112528,112885,113242,113599,113956,114313,114670,115027,115384,115741,116098,116455,116812,117169,117526,117883,118240,118597,118954,119311,119668,120025,120382,120739,121096,121453,121810,122167,122524,122881,123238,123595,123952,124309,124666,125023,125380,125737,126094,126451,126808,127165
74,431,788,1145,1502,1859,2216,2573,2930,3287,3644,4001,4358,4715,5072,5429,5786,6143,6500,6857,7214,7571,7928,8285,8642,8999,9356,9713,10070,10427,10784,11141,11498,11855,12212,12569,12926,13283,13640,13997,14354,14711,15068,15425,15782,16139,16496,16853,17210,17567,17924,18281,18638,18995,19352,19709,20066,20423,20780,21137,21494,21851,22208,22565,22922,23279,23636,23993,24350,24707,25064,25421,25778,26135,26492,26849,27206,27563,27920,28277,28634,28991,29348,29705,30062,30419,30776,31133,31490,31847,32204,32561,32918,33275,33632,33989,34346,34703,35060,35417,35774,36131,36488,36845,37202,37559,37916,38273,38630,38987,39344,39701,40058,40415,40772,41129,41486,41843,42200,42557,42914,43271,43628,43985,44342,44699,45056,45413,45770,46127,46484,46841,47198,47555,47912,48269,48626,48983,49340,49697,50054,50411,50768,51125,51482,51839,52196,52553,52910,53267,53624,53981,54338,54695,55052,55409,55766,56123,56480,56837,57194,57551,57908,58265,58622,58979,59336,59693,60050,60407,60764,61121,61478,61835,62192,62549,62906,63263,63620,63977,64334,64691,65048,65405,65762,66119,66476,66833,67190,67547,67904,68261,68618,68975,69332,69689,70046,70403,70760,71117,71474,71831,72188,72545,72902,73259,73616,73973,74330,74687,75044,75401,75758,76115,76472,76829,77186,77543,77900,78257,78614,78971,79328,79685,80042,80399,80756,81113,81470,81827,82184,82541,82898,83255,83612,83969,84326,84683,85040,85397,85754,86111,86468,86825,87182,87539,87896,88253,88610,88967,89324,89681,90038,90395,90752,91109,91466,91823,92180,92537,92894,93251,93608,93965,94322,94679,95036,95393,95750,96107,96464,96821,97178,97535,97892,98249,98606,98963,99320,99677,100034,100391,100748,101031,101105,101462,101819,102176,102533,102890,103247,103604,103961,104318,104675,105032,105389,105746,106103,106460,106817,107174,107531,107888,108245,108602,108959,109316,109673,110030,110387,110744,111101,111458,111815,112172,112529,112886,113243,113600,113957,114314,114671,115028,115385,115742,116099,116456,116813,117170,117527,117884,118241,118598,118955,119312,119669,120026,120383,120740,121097,121454,121811,122168,122525,122882,123239,123596,123953,124310,124667,125024,125381,125738,126095,126452,126809,127166
75,432,789,1146,1503,1860,2217,2574,2931,3288,3645,4002,4359,4716,5073,5430,5787,6144,6501,6858,7215,7572,7929,8286,8643,9000,9357,9714,10071,10428,10785,11142,11499,11856,12213,12570,12927,13284,13641,13998,14355,14712,15069,15426,15783,16140,16497,16854,17211,17568,17925,18282,18639,18996,19353,19710,20067,20424,20781,21138,21495,21852,22209,22566,22923,23280,23637,23994,24351,24708,25065,25422,25779,26136,26493,26850,27207,27564,27921,28278,28635,28992,29349,29706,30063,30420,30777,31134,31491,31848,32205,32562,32919,33276,33633,33990,34347,34704,35061,35418,35775,36132,36489,36846,37203,37560,37917,38274,38631,38988,39345,39702,40059,40416,40773,41130,41487,41844,42201,42558,42915,43272,43629,43986,44343,44700,45057,45414,45771,46128,46485,46842,47199,47556,47913,48270,48627,48984,49341,49698,50055,50412,50769,51126,51483,51840,52197,52554,52911,53268,53625,53982,54339,54696,55053,55410,55767,56124,56481,56838,57195,57552,57909,58266,58623,58980,59337,59694,60051,60408,60765,61122,61479,61836,62193,62550,62907,63264,63621,63978,64335,64692,65049,65406,65763,66120,66477,66834,67191,67548,67905,68262,68619,68976,69333,69690,70047,70404,70761,71118,71475,71832,72189,72546,72903,73260,73617,73974,74331,74688,75045,75402,75759,76116,76473,76830,77187,77544,77901,78258,78615,78972,79329,79686,80043,80400,80757,81114,81471,81828,82185,82542,82899,83256,83613,83970,84327,84684,85041,85398,85755,86112,86469,86826,87183,87540,87897,88254,88611,88968,89325,89682,90039,90396,90753,91110,91467,91824,92181,92538,92895,93252,93609,93966,94323,94680,95037,95394,95751,96108,96465,96822,97179,97536,97893,98250,98607,98964,99321,99678,100035,100392,100674,100749,101106,101463,101820,102177,102534,102891,103248,103605,103962,104319,104676,105033,105390,105747,106104,106461,106818,107175,107532,107889,108246,108603,108960,109317,109674,110031,110388,110745,111102,111459,111816,112173,112530,112887,113244,113601,113958,114315,114672,115029,115386,115743,116100,116457,116814,117171,117528,117885,118242,118599,118956,119313,119670,120027,120384,120741,121098,121455,121812,122169,122526,122883,123240,123597,123954,124311,124668,125025,125382,125739,126096,126453,126810,127167
76,433,790,1147,1504,1861,2218,2575,2932,3289,3646,4003,4360,4717,5074,5431,5788,6145,6502,6859,7216,7573,7930,8287,8644,9001,9358,9715,10072,10429,10786,11143,11500,11857,12214,12571,12928,13285,13642,13999,14356,14713,15070,15427,15784,16141,16498,16855,17212,17569,17926,18283,18640,18997,19354,19711,20068,20425,20782,21139,21496,21853,22210,22567,22924,23281,23638,23995,24352,24709,25066,25423,25780,26137,26494,26851,27208,27565,27922,28279,28636,28993,29350,29707,30064,30421,30778,31135,31492,31849,32206,32563,32920,33277,33634,33991,34348,34705,35062,35419,35776,36133,36490,36847,37204,37561,37918,38275,38632,38989,39346,39703,40060,40417,40774,41131,41488,41845,42202,42559,42916,43273,43630,43987,44344,44701,45058,45415,45772,46129,46486,46843,47200,47557,47914,48271,48628,48985,49342,49699,50056,50413,50770,51127,51484,51841,52198,52555,52912,53269,53626,53983,54340,54697,55054,55411,55768,56125,56482,56839,57196,57553,57910,58267,58624,58981,59338,59695,60052,60409,60766,61123,61480,61837,62194,62551,62908,63265,63622,63979,64336,64693,65050,65407,65764,66121,66478,66835,67192,67549,67906,68263,68620,68977,69334,69691,70048,70405,70762,71119,71476,71833,72190,72547,72904,73261,73618,73975,74332,74689,75046,75403,75760,76117,76474,76831,77188,77545,77902,78259,78616,78973,79330,79687,80044,80401,80758,81115,81472,81829,82186,82543,82900,83257,83614,83971,84328,84685,85042,85399,85756,86113,86470,86827,87184,87541,87898,88255,88612,88969,89326,89683,90040,90397,90754,91111,91468,91825,92182,92539,92896,93253,93610,93967,94324,94681,95038,95395,95752,96109,96466,96823,97180,97537,97894,98251,98608,98965,99322,99679,100036,100317,100393,100750,101107,101464,101821,102178,102535,102892,103249,103606,103963,104320,104677,105034,105391,105748,106105,106462,106819,107176,107533,107890,108247,108604,108961,109318,109675,110032,110389,110746,111103,111460,111817,112174,112531,112888,113245,113602,113959,114316,114673,115030,115387,115744,116101,116458,116815,117172,117529,117886,118243,118600,118957,119314,119671,120028,120385,120742,121099,121456,121813,122170,122527,122884,123241,123598,123955,124312,124669,125026,125383,125740,126097,126454,126811,127168
77,434,791,1148,1505,1862,2219,2576,2933,3290,3647,4004,4361,4718,5075,5432,5789,6146,6503,6860,7217,7574,7931,8288,8645,9002,9359,9716,10073,10430,10787,11144,11501,11858,12215,12572,12929,13286,13643,14000,14357,14714,15071,15428,15785,16142,16499,16856,17213,17570,17927,18284,18641,18998,19355,19712,20069,20426,20783,21140,21497,21854,22211,22568,22925,23282,23639,23996,24353,24710,25067,25424,25781,26138,26495,26852,27209,27566,27923,28280,28637,28994,29351,29708,30065,30422,30779,31136,31493,31850,32207,32564,32921,33278,33635,33992,34349,34706,35063,35420,35777,36134,36491,36848,37205,37562,37919,38276,38633,38990,39347,39704,40061,40418,40775,41132,41489,41846,42203,42560,42917,43274,43631,43988,44345,44702,45059,45416,45773,46130,46487,46844,47201,47558,47915,48272,48629,48986,49343,49700,50057,50414,50771,51128,51485,51842,52199,52556,52913,53270,53627,53984,54341,54698,55055,55412,55769,56126,56483,56840,57197,57554,57911,58268,58625,58982,59339,59696,60053,60410,60767,61124,61481,61838,62195,62552,62909,63266,63623,63980,64337,64694,65051,65408,65765,66122,66479,66836,67193,67550,67907,68264,68621,68978,69335,69692,70049,70406,70763,71120,71477,71834,72191,72548,72905,73262,73619,73976,74333,74690,75047,75404,75761,76118,76475,76832,77189,77546,77903,78260,78617,78974,79331,79688,80045,80402,80759,81116,81473,81830,82187,82544,82901,83258,83615,83972,84329,84686,85043,85400,85757,86114,86471,86828,87185,87542,87899,88256,88613,88970,89327,89684,90041,90398,90755,91112,91469,91826,92183,92540,92897,93254,93611,93968,94325,94682,95039,95396,95753,96110,96467,96824,97181,97538,97895,98252,98609,98966,99323,99680,99960,100037,100394,100751,101108,101465,101822,102179,102536,102893,103250,103607,103964,104321,104678,105035,105392,105749,106106,106463,106820,107177,107534,107891,108248,108605,108962,109319,109676,110033,110390,110747,111104,111461,111818,112175,112532,112889,113246,113603,113960,114317,114674,115031,115388,115745,116102,116459,116816,117173,117530,117887,118244,118601,118958,119315,119672,120029,120386,120743,121100,121457,121814,122171,122528,122885,123242,123599,123956,124313,124670,125027,125384,125741,126098,126455,126812,127169
78,435,792,1149,1506,1863,2220,2577,2934,3291,3648,4005,4362,4719,5076,5433,5790,6147,6504,6861,7218,7575,7932,8289,8646,9003,9360,9717,10074,10431,10788,11145,11502,11859,12216,12573,12930,13287,13644,14001,14358,14715,15072,15429,15786,16143,16500,16857,17214,17571,17928,18285,18642,18999,19356,19713,20070,20427,20784,21141,21498,21855,22212,22569,22926,23283,23640,23997,24354,24711,25068,25425,25782,26139,26496,26853,27210,27567,27924,28281,28638,28995,29352,29709,30066,30423,30780,31137,31494,31851,32208,32565,32922,33279,33636,33993,34350,34707,35064,35421,35778,36135,36492,36849,37206,37563,37920,38277,38634,38991,39348,39705,40062,40419,40776,41133,41490,41847,42204,42561,42918,43275,43632,43989,44346,44703,45060,45417,45774,46131,46488,46845,47202,47559,47916,48273,48630,48987,49344,49701,50058,50415,50772,51129,51486,51843,52200,52557,52914,53271,53628,53985,54342,54699,55056,55413,55770,56127,56484,56841,57198,57555,57912,58269,58626,58983,59340,59697,60054,60411,60768,61125,61482,61839,62196,62553,62910,63267,63624,63981,64338,64695,65052,65409,65766,66123,66480,66837,67194,67551,67908,68265,68622,68979,69336,69693,70050,70407,70764,71121,71478,71835,72192,72549,72906,73263,73620,73977,74334,74691,75048,75405,75762,76119,76476,76833,77190,77547,77904,78261,78618,78975,79332,79689,80046,80403,80760,81117,81474,81831,82188,82545,82902,83259,83616,83973,84330,84687,85044,85401,85758,86115,86472,86829,87186,87543,87900,88257,88614,88971,89328,89685,90042,90399,90756,91113,91470,91827,92184,92541,92898,93255,93612,93969,94326,94683,95040,95397,95754,96111,96468,96825,97182,97539,97896,98253,98610,98967,99324,99603,99681,100038,100395,100752,101109,101466,101823,102180,102537,102894,103251,103608,103965,104322,104679,105036,105393,105750,106107,106464,106821,107178,107535,107892,108249,108606,108963,109320,109677,110034,110391,110748,111105,111462,111819,112176,112533,112890,113247,113604,113961,114318,114675,115032,115389,115746,116103,116460,116817,117174,117531,117888,118245,118602,118959,119316,119673,120030,120387,120744,121101,121458,121815,122172,122529,122886,123243,123600,123957,124314,124671,125028,125385,125742,126099,126456,126813,127170
79,436,793,1150,1507,1864,2221,2578,2935,3292,3649,4006,4363,4720,5077,5434,5791,6148,6505,6862,7219,7576,7933,8290,8647,9004,9361,9718,10075,10432,10789,11146,11503,11860,12217,12574,12931,13288,13645,14002,14359,14716,15073,15430,15787,16144,16501,16858,17215,17572,17929,18286,18643,19000,19357,19714,20071,20428,20785,21142,21499,21856,22213,22570,22927,23284,23641,23998,24355,24712,25069,25426,25783,26140,26497,26854,27211,27568,27925,28282,28639,28996,29353,29710,30067,30424,30781,31138,31495,31852,32209,32566,32923,33280,33637,33994,34351,34708,35065,35422,35779,36136,36493,36850,37207,37564,37921,38278,38635,38992,39349,39706,40063,40420,40777,41134,41491,41848,42205,42562,42919,43276,43633,43990,44347,44704,45061,45418,45775,46132,46489,46846,47203,47560,47917,48274,48631,48988,49345,49702,50059,50416,50773,51130,51487,51844,52201,52558,52915,53272,53629,53986,54343,54700,55057,55414,55771,56128,56485,56842,57199,57556,57913,58270,58627,58984,59341,59698,60055,60412,60769,61126,61483,61840,62197,62554,62911,63268,63625,63982,64339,64696,65053,65410,65767,66124,66481,66838,67195,67552,67909,68266,68623,68980,69337,69694,70051,70408,70765,71122,71479,71836,72193,72550,72907,73264,73621,73978,74335,74692,75049,75406,75763,76120,76477,76834,77191,77548,77905,78262,78619,78976,79333,79690,80047,80404,80761,81118,81475,81832,82189,82546,82903,83260,83617,83974,84331,84688,85045,85402,85759,86116,86473,86830,87187,87544,87901,88258,88615,88972,89329,89686,90043,90400,90757,91114,91471,91828,92185,92542,92899,93256,93613,93970,94327,94684,95041,95398,95755,96112,96469,96826,97183,97540,97897,98254,98611,98968,99246,99325,99682,100039,100396,100753,101110,101467,101824,102181,102538,102895,103252,103609,103966,104323,104680,105037,105394,105751,106108,106465,106822,107179,107536,107893,108250,108607,108964,109321,109678,110035,110392,110749,111106,111463,111820,112177,112534,112891,113248,113605,113962,114319,114676,115033,115390,115747,116104,116461,116818,117175,117532,117889,118246,118603,118960,119317,119674,120031,120388,120745,121102,121459,121816,122173,122530,122887,123244,123601,123958,124315,124672,125029,125386,125743,126100,126457,126814,127171
80,437,794,1151,1508,1865,2222,2579,2936,3293,3650,4007,4364,4721,5078,5435,5792,6149,6506,6863,7220,7577,7934,8291,8648,9005,9362,9719,10076,10433,10790,11147,11504,11861,12218,12575,12932,13289,13646,14003,14360,14717,15074,15431,15788,16145,16502,16859,17216,17573,17930,18287,18644,19001,19358,19715,20072,20429,20786,21143,21500,21857,22214,22571,22928,23285,23642,23999,24356,24713,25070,25427,25784,26141,26498,26855,27212,27569,27926,28283,28640,28997,29354,29711,30068,30425,30782,31139,31496,31853,32210,32567,32924,33281,33638,33995,34352,34709,35066,35423,35780,36137,36494,36851,37208,37565,37922,38279,38636,38993,39350,39707,40064,40421,40778,41135,41492,41849,42206,42563,42920,43277,43634,43991,44348,44705,45062,45419,45776,46133,46490,46847,47204,47561,47918,48275,48632,48989,49346,49703,50060,50417,50774,51131,51488,51845,52202,52559,52916,53273,53630,53987,54344,54701,55058,55415,55772,56129,56486,56843,57200,57557,57914,58271,58628,58985,59342,59699,60056,60413,60770,61127,61484,61841,62198,62555,62912,63269,63626,63983,64340,64697,65054,65411,65768,66125,66482,66839,67196,67553,67910,68267,68624,68981,69338,69695,70052,70409,70766,71123,71480,71837,72194,72551,72908,73265,73622,73979,74336,74693,75050,75407,75764,76121,76478,76835,77192,77549,77906,78263,78620,78977,79334,79691,80048,80405,80762,81119,81476,81833,82190,82547,82904,83261,83618,83975,84332,84689,85046,85403,85760,86117,86474,86831,87188,87545,87902,88259,88616,88973,89330,89687,90044,90401,90758,91115,91472,91829,92186,92543,92900,93257,93614,93971,94328,94685,95042,95399,95756,96113,96470,96827,97184,97541,97898,98255,98612,98889,98969,99326,99683,100040,100397,100754,101111,101468,101825,102182,102539,102896,103253,103610,103967,104324,104681,105038,105395,105752,106109,106466,106823,107180,107537,107894,108251,108608,108965,109322,109679,110036,110393,110750,111107,111464,111821,112178,112535,112892,113249,113606,113963,114320,114677,115034,115391,115748,116105,116462,116819,117176,117533,117890,118247,118604,118961,119318,119675,120032,120389,120746,121103,121460,121817,122174,122531,122888,123245,123602,123959,124316,124673,125030,125387,125744,126101,126458,126815,127172
81,438,795,1152,1509,1866,2223,2580,2937,3294,3651,4008,4365,4722,5079,5436,5793,6150,6507,6864,7221,7578,7935,8292,8649,9006,9363,9720,10077,10434,10791,11148,11505,11862,12219,12576,12933,13290,13647,14004,14361,14718,15075,15432,15789,16146,16503,16860,17217,17574,17931,18288,18645,19002,19359,19716,20073,20430,20787,21144,21501,21858,22215,22572,22929,23286,23643,24000,24357,24714,25071,25428,25785,26142,26499,26856,27213,27570,27927,28284,28641,28998,29355,29712,30069,30426,30783,31140,31497,31854,32211,32568,32925,33282,33639,33996,34353,34710,35067,35424,35781,36138,36495,36852,37209,37566,37923,38280,38637,38994,39351,39708,40065,40422,40779,41136,41493,41850,42207,42564,42921,43278,43635,43992,44349,44706,45063,45420,45777,46134,46491,46848,47205,47562,47919,48276,48633,48990,49347,49704,50061,50418,50775,51132,51489,51846,52203,52560,52917,53274,53631,53988,54345,54702,55059,55416,55773,56130,56487,56844,57201,57558,57915,58272,58629,58986,59343,59700,60057,60414,60771,61128,61485,61842,62199,62556,62913,63270,63627,63984,64341,64698,65055,65412,65769,66126,66483,66840,67197,67554,67911,68268,68625,68982,69339,69696,70053,70410,70767,71124,71481,71838,72195,72552,72909,73266,73623,73980,74337,74694,75051,75408,75765,76122,76479,76836,77193,77550,77907,78264,78621,78978,79335,79692,80049,80406,80763,81120,81477,81834,82191,82548,82905,83262,83619,83976,84333,84690,85047,85404,85761,86118,86475,86832,87189,87546,87903,88260,88617,88974,89331,89688,90045,90402,90759,91116,91473,91830,92187,92544,92901,93258,93615,93972,94329,94686,95043,95400,95757,96114,96471,96828,97185,97542,97899,98256,98532,98613,98970,99327,99684,100041,100398,100755,101112,101469,101826,102183,102540,102897,103254,103611,103968,104325,104682,105039,105396,105753,106110,106467,106824,107181,107538,107895,108252,108609,108966,109323,109680,110037,110394,110751,111108,111465,111822,112179,112536,112893,113250,113607,113964,114321,114678,115035,115392,115749,116106,116463,116820,117177,117534,117891,118248,118605,118962,119319,119676,120033,120390,120747,121104,121461,121818,122175,122532,122889,123246,123603,123960,124317,124674,125031,125388,125745,126102,126459,126816,127173
82,439,796,1153,1510,1867,2224,2581,2938,3295,3652,4009,4366,4723,5080,5437,5794,6151,6508,6865,7222,7579,7936,8293,8650,9007,9364,9721,10078,10435,10792,11149,11506,11863,12220,12577,12934,13291,13648,14005,14362,14719,15076,15433,15790,16147,16504,16861,17218,17575,17932,18289,18646,19003,19360,19717,20074,20431,20788,21145,21502,21859,22216,22573,22930,23287,23644,24001,24358,24715,25072,25429,25786,26143,26500,26857,27214,27571,27928,28285,28642,28999,29356,29713,30070,30427,30784,31141,31498,31855,32212,32569,32926,33283,33640,33997,34354,34711,35068,35425,35782,36139,36496,36853,37210,37567,37924,38281,38638,38995,39352,39709,40066,40423,40780,41137,41494,41851,42208,42565,42922,43279,43636,43993,44350,44707,45064,45421,45778,46135,46492,46849,47206,47563,47920,48277,48634,48991,49348,49705,50062,50419,50776,51133,51490,51847,52204,52561,52918,53275,53632,53989,54346,54703,55060,55417,55774,56131,56488,56845,57202,57559,57916,58273,58630,58987,59344,59701,60058,60415,60772,61129,61486,61843,62200,62557,62914,63271,63628,63985,64342,64699,65056,65413,65770,66127,66484,66841,67198,67555,67912,68269,68626,68983,69340,69697,70054,70411,70768,71125,71482,71839,72196,72553,72910,73267,73624,73981,74338,74695,75052,75409,75766,76123,76480,76837,77194,77551,77908,78265,78622,78979,79336,79693,80050,80407,80764,81121,81478,81835,82192,82549,82906,83263,83620,83977,84334,84691,85048,85405,85762,86119,86476,86833,87190,87547,87904,88261,88618,88975,89332,89689,90046,90403,90760,91117,91474,91831,92188,92545,92902,93259,93616,93973,94330,94687,95044,95401,95758,96115,96472,96829,97186,97543,97900,98175,98257,98614,98971,99328,99685,100042,100399,100756,101113,101470,101827,102184,102541,102898,103255,103612,103969,104326,104683,105040,105397,105754,106111,106468,106825,107182,107539,107896,108253,108610,108967,109324,109681,110038,110395,110752,111109,111466,111823,112180,112537,112894,113251,113608,113965,114322,114679,115036,115393,115750,116107,116464,116821,117178,117535,117892,118249,118606,118963,119320,119677,120034,120391,120748,121105,121462,121819,122176,122533,122890,123247,123604,123961,124318,124675,125032,125389,125746,126103,126460,126817,127174
83,440,797,1154,1511,1868,2225,2582,2939,3296,3653,4010,4367,4724,5081,5438,5795,6152,6509,6866,7223,7580,7937,8294,8651,9008,9365,9722,10079,10436,10793,11150,11507,11864,12221,12578,12935,13292,13649,14006,14363,14720,15077,15434,15791,16148,16505,16862,17219,17576,17933,18290,18647,19004,19361,19718,20075,20432,20789,21146,21503,21860,22217,22574,22931,23288,23645,24002,24359,24716,25073,25430,25787,26144,26501,26858,27215,27572,27929,28286,28643,29000,29357,29714,30071,30428,30785,31142,31499,31856,32213,32570,32927,33284,33641,33998,34355,34712,35069,35426,35783,36140,36497,36854,37211,37568,37925,38282,38639,38996,39353,39710,40067,40424,40781,41138,41495,41852,42209,42566,42923,43280,43637,43994,44351,44708,45065,45422,45779,46136,46493,46850,47207,47564,47921,48278,48635,48992,49349,49706,50063,50420,50777,51134,51491,51848,52205,52562,52919,53276,53633,53990,54347,54704,55061,55418,55775,56132,56489,56846,57203,57560,57917,58274,58631,58988,59345,59702,60059,60416,60773,61130,61487,61844,62201,62558,62915,63272,63629,63986,64343,64700,65057,65414,65771,66128,66485,66842,67199,67556,67913,68270,68627,68984,69341,69698,70055,70412,70769,71126,71483,71840,72197,72554,72911,73268,73625,73982,74339,74696,75053,75410,75767,76124,76481,76838,77195,77552,77909,78266,78623,78980,79337,79694,80051,80408,80765,81122,81479,81836,82193,82550,82907,83264,83621,83978,84335,84692,85049,85406,85763,86120,86477,86834,87191,87548,87905,88262,88619,88976,89333,89690,90047,90404,90761,91118,91475,91832,92189,92546,92903,93260,93617,93974,94331,94688,95045,95402,95759,96116,96473,96830,97187,97544,97818,97901,98258,98615,98972,99329,99686,100043,100400,100757,101114,101471,101828,102185,102542,102899,103256,103613,103970,104327,104684,105041,105398,105755,106112,106469,106826,107183,107540,107897,108254,108611,108968,109325,109682,110039,110396,110753,111110,111467,111824,112181,112538,112895,113252,113609,113966,114323,114680,115037,115394,115751,116108,116465,116822,117179,117536,117893,118250,118607,118964,119321,119678,120035,120392,120749,121106,121463,121820,122177,122534,122891,123248,123605,123962,124319,124676,125033,125390,125747,126104,126461,126818,127175
84,441,798,1155,1512,1869,2226,2583,2940,3297,3654,4011,4368,4725,5082,5439,5796,6153,6510,6867,7224,7581,7938,8295,8652,9009,9366,9723,10080,10437,10794,11151,11508,11865,12222,12579,12936,13293,13650,14007,14364,14721,15078,15435,15792,16149,16506,16863,17220,17577,17934,18291,18648,19005,19362,19719,20076,20433,20790,21147,21504,21861,22218,22575,22932,23289,23646,24003,24360,24717,25074,25431,25788,26145,26502,26859,27216,27573,27930,28287,28644,29001,29358,29715,30072,30429,30786,31143,31500,31857,32214,32571,32928,33285,33642,33999,34356,34713,35070,35427,35784,36141,36498,36855,37212,37569,37926,38283,38640,38997,39354,39711,40068,40425,40782,41139,41496,41853,42210,42567,42924,43281,43638,43995,44352,44709,45066,45423,45780,46137,46494,46851,47208,47565,47922,48279,48636,48993,49350,49707,50064,50421,50778,51135,51492,51849,52206,52563,52920,53277,53634,53991,54348,54705,55062,55419,55776,56133,56490,56847,57204,57561,57918,58275,58632,58989,59346,59703,60060,60417,60774,61131,61488,61845,62202,62559,62916,63273,63630,63987,64344,64701,65058,65415,65772,66129,66486,66843,67200,67557,67914,68271,68628,68985,69342,69699,70056,70413,70770,71127,71484,71841,72198,72555,72912,73269,73626,73983,74340,74697,75054,75411,75768,76125,76482,76839,77196,77553,77910,78267,78624,78981,79338,79695,80052,80409,80766,81123,81480,81837,82194,82551,82908,83265,83622,83979,84336,84693,85050,85407,85764,86121,86478,86835,87192,87549,87906,88263,88620,88977,89334,89691,90048,90405,90762,91119,91476,91833,92190,92547,92904,93261,93618,93975,94332,94689,95046,95403,95760,96117,96474,96831,97188,97461,97545,97902,98259,98616,98973,99330,99687,100044,100401,100758,101115,101472,101829,102186,102543,102900,103257,103614,103971,104328,104685,105042,105399,105756,106113,106470,106827,107184,107541,107898,108255,108612,108969,109326,109683,110040,110397,110754,111111,111468,111825,112182,112539,112896,113253,113610,113967,114324,114681,115038,115395,115752,116109,116466,116823,117180,117537,117894,118251,118608,118965,119322,119679,120036,120393,120750,121107,121464,121821,122178,122535,122892,123249,123606,123963,124320,124677,125034,125391,125748,126105,126462,126819,127176
85,442,799,1156,1513,1870,2227,2584,2941,3298,3655,4012,4369,4726,5083,5440,5797,6154,6511,6868,7225,7582,7939,8296,8653,9010,9367,9724,10081,10438,10795,11152,11509,11866,12223,12580,12937,13294,13651,14008,14365,14722,15079,15436,15793,16150,16507,16864,17221,17578,17935,18292,18649,19006,19363,19720,20077,20434,20791,21148,21505,21862,22219,22576,22933,23290,23647,24004,24361,24718,25075,25432,25789,26146,26503,26860,27217,27574,27931,28288,28645,29002,29359,29716,30073,30430,30787,31144,31501,31858,32215,32572,32929,33286,33643,34000,34357,34714,35071,35428,35785,36142,36499,36856,37213,37570,37927,38284,38641,38998,39355,39712,40069,40426,40783,41140,41497,41854,42211,42568,42925,43282,43639,43996,44353,44710,45067,45424,45781,46138,46495,46852,47209,47566,47923,48280,48637,48994,49351,49708,50065,50422,50779,51136,51493,51850,52207,52564,52921,53278,53635,53992,54349,54706,55063,55420,55777,56134,56491,56848,57205,57562,57919,58276,58633,58990,59347,59704,60061,60418,60775,61132,61489,61846,62203,62560,62917,63274,63631,63988,64345,64702,65059,65416,65773,66130,66487,66844,67201,67558,67915,68272,68629,68986,69343,69700,70057,70414,70771,71128,71485,71842,72199,72556,72913,73270,73627,73984,74341,74698,75055,75412,75769,76126,76483,76840,77197,77554,77911,78268,78625,78982,79339,79696,80053,80410,80767,81124,81481,81838,82195,82552,82909,83266,83623,83980,84337,84694,85051,85408,85765,86122,86479,86836,87193,87550,87907,88264,88621,88978,89335,89692,90049,90406,90763,91120,91477,91834,92191,92548,92905,93262,93619,93976,94333,94690,95047,95404,95761,96118,96475,96832,97104,97189,97546,97903,98260,98617,98974,99331,99688,100045,100402,100759,101116,101473,101830,102187,102544,102901,103258,103615,103972,104329,104686,105043,105400,105757,106114,106471,106828,107185,107542,107899,108256,108613,108970,109327,109684,110041,110398,110755,111112,111469,111826,112183,112540,112897,113254,113611,113968,114325,114682,115039,115396,115753,116110,116467,116824,117181,117538,117895,118252,118609,118966,119323,119680,120037,120394,120751,121108,121465,121822,122179,122536,122893,123250,123607,123964,124321,124678,125035,125392,125749,126106,126463,126820,127177
86,443,800,1157,1514,1871,2228,2585,2942,3299,3656,4013,4370,4727,5084,5441,5798,6155,6512,6869,7226,7583,7940,8297,8654,9011,9368,9725,10082,10439,10796,11153,11510,11867,12224,12581,12938,13295,13652,14009,14366,14723,15080,15437,15794,16151,16508,16865,17222,17579,17936,18293,18650,19007,19364,19721,20078,20435,20792,21149,21506,21863,22220,22577,22934,23291,23648,24005,24362,24719,25076,25433,25790,26147,26504,26861,27218,27575,27932,28289,28646,29003,29360,29717,30074,30431,30788,31145,31502,31859,32216,32573,32930,33287,33644,34001,34358,34715,35072,35429,35786,36143,36500,36857,37214,37571,37928,38285,38642,38999,39356,39713,40070,40427,40784,41141,41498,41855,42212,42569,42926,43283,43640,43997,44354,44711,45068,45425,45782,46139,46496,46853,47210,47567,47924,48281,48638,48995,49352,49709,50066,50423,50780,51137,51494,51851,52208,52565,52922,53279,53636,53993,54350,54707,55064,55421,55778,56135,56492,56849,57206,57563,57920,58277,58634,58991,59348,59705,60062,60419,60776,61133,61490,61847,62204,62561,62918,63275,63632,63989,64346,64703,65060,65417,65774,66131,66488,66845,67202,67559,67916,68273,68630,68987,69344,69701,70058,70415,70772,71129,71486,71843,72200,72557,72914,73271,73628,73985,74342,74699,75056,75413,75770,76127,76484,76841,77198,77555,77912,78269,78626,78983,79340,79697,80054,80411,80768,81125,81482,81839,82196,82553,82910,83267,83624,83981,84338,84695,85052,85409,85766,86123,86480,86837,87194,87551,87908,88265,88622,88979,89336,89693,90050,90407,90764,91121,91478,91835,92192,92549,92906,93263,93620,93977,94334,94691,95048,95405,95762,96119,96476,96747,96833,97190,97547,97904,98261,98618,98975,99332,99689,100046,100403,100760,101117,101474,101831,102188,102545,102902,103259,103616,103973,104330,104687,105044,105401,105758,106115,106472,106829,107186,107543,107900,108257,108614,108971,109328,109685,110042,110399,110756,111113,111470,111827,112184,112541,112898,113255,113612,113969,114326,114683,115040,115397,115754,116111,116468,116825,117182,117539,117896,118253,118610,118967,119324,119681,120038,120395,120752,121109,121466,121823,122180,122537,122894,123251,123608,123965,124322,124679,125036,125393,125750,126107,126464,126821,127178
87,444,801,1158,1515,1872,2229,2586,2943,3300,3657,4014,4371,4728,5085,5442,5799,6156,6513,6870,7227,7584,7941,8298,8655,9012,9369,9726,10083,10440,10797,11154,11511,11868,12225,12582,12939,13296,13653,14010,14367,14724,15081,15438,15795,16152,16509,16866,17223,17580,17937,18294,18651,19008,19365,19722,20079,20436,20793,21150,21507,21864,22221,22578,22935,23292,23649,24006,24363,24720,25077,25434,25791,26148,26505,26862,27219,27576,27933,28290,28647,29004,29361,29718,30075,30432,30789,31146,31503,31860,32217,32574,32931,33288,33645,34002,34359,34716,35073,35430,35787,36144,36501,36858,37215,37572,37929,38286,38643,39000,39357,39714,40071,40428,40785,41142,41499,41856,42213,42570,42927,43284,43641,43998,44355,44712,45069,45426,45783,46140,46497,46854,47211,47568,47925,48282,48639,48996,49353,49710,50067,50424,50781,51138,51495,51852,52209,52566,52923,53280,53637,53994,54351,54708,55065,55422,55779,56136,56493,56850,57207,57564,57921,58278,58635,58992,59349,59706,60063,60420,60777,61134,61491,61848,62205,62562,62919,63276,63633,63990,64347,64704,65061,65418,65775,66132,66489,66846,67203,67560,67917,68274,68631,68988,69345,69702,70059,70416,70773,71130,71487,71844,72201,72558,72915,73272,73629,73986,74343,74700,75057,75414,75771,76128,76485,76842,77199,77556,77913,78270,78627,78984,79341,79698,80055,80412,80769,81126,81483,81840,82197,82554,82911,83268,83625,83982,84339,84696,85053,85410,85767,86124,86481,86838,87195,87552,87909,88266,88623,88980,89337,89694,90051,90408,90765,91122,91479,91836,92193,92550,92907,93264,93621,93978,94335,94692,95049,95406,95763,96120,96390,96477,96834,97191,97548,97905,98262,98619,98976,99333,99690,100047,100404,100761,101118,101475,101832,102189,102546,102903,103260,103617,103974,104331,104688,105045,105402,105759,106116,106473,106830,107187,107544,107901,108258,108615,108972,109329,109686,110043,110400,110757,111114,111471,111828,112185,112542,112899,113256,113613,113970,114327,114684,115041,115398,115755,116112,116469,116826,117183,117540,117897,118254,118611,118968,119325,119682,120039,120396,120753,121110,121467,121824,122181,122538,122895,123252,123609,123966,124323,124680,125037,125394,125751,126108,126465,126822,127179
88,445,802,1159,1516,1873,2230,2587,2944,3301,3658,4015,4372,4729,5086,5443,5800,6157,6514,6871,7228,7585,7942,8299,8656,9013,9370,9727,10084,10441,10798,11155,11512,11869,12226,12583,12940,13297,13654,14011,14368,14725,15082,15439,15796,16153,16510,16867,17224,17581,17938,18295,18652,19009,19366,19723,20080,20437,20794,21151,21508,21865,22222,22579,22936,23293,23650,24007,24364,24721,25078,25435,25792,26149,26506,26863,27220,27577,27934,28291,28648,29005,29362,29719,30076,30433,30790,31147,31504,31861,32218,32575,32932,33289,33646,34003,34360,34717,35074,35431,35788,36145,36502,36859,37216,37573,37930,38287,38644,39001,39358,39715,40072,40429,40786,41143,41500,41857,42214,42571,42928,43285,43642,43999,44356,44713,45070,45427,45784,46141,46498,46855,47212,47569,47926,48283,48640,48997,49354,49711,50068,50425,50782,51139,51496,51853,52210,52567,52924,53281,53638,53995,54352,54709,55066,55423,55780,56137,56494,56851,57208,57565,57922,58279,58636,58993,59350,59707,60064,60421,60778,61135,61492,61849,62206,62563,62920,63277,63634,63991,64348,64705,65062,65419,65776,66133,66490,66847,67204,67561,67918,68275,68632,68989,69346,69703,70060,70417,70774,71131,71488,71845,72202,72559,72916,73273,73630,73987,74344,74701,75058,75415,75772,76129,76486,76843,77200,77557,77914,78271,78628,78985,79342,79699,80056,80413,80770,81127,81484,81841,82198,82555,82912,83269,83626,83983,84340,84697,85054,85411,85768,86125,86482,86839,87196,87553,87910,88267,88624,88981,89338,89695,90052,90409,90766,91123,91480,91837,92194,92551,92908,93265,93622,93979,94336,94693,95050,95407,95764,96033,96121,96478,96835,97192,97549,97906,98263,98620,98977,99334,99691,100048,100405,100762,101119,101476,101833,102190,102547,102904,103261,103618,103975,104332,104689,105046,105403,105760,106117,106474,106831,107188,107545,107902,108259,108616,108973,109330,109687,110044,110401,110758,111115,111472,111829,112186,112543,112900,113257,113614,113971,114328,114685,115042,115399,115756,116113,116470,116827,117184,117541,117898,118255,118612,118969,119326,119683,120040,120397,120754,121111,121468,121825,122182,122539,122896,123253,123610,123967,124324,124681,125038,125395,125752,126109,126466,126823,127180
89,446,803,1160,1517,1874,2231,2588,2945,3302,3659,4016,4373,4730,5087,5444,5801,6158,6515,6872,7229,7586,7943,8300,8657,9014,9371,9728,10085,10442,10799,11156,11513,11870,12227,12584,12941,13298,13655,14012,14369,14726,15083,15440,15797,16154,16511,16868,17225,17582,17939,18296,18653,19010,19367,19724,20081,20438,20795,21152,21509,21866,22223,22580,22937,23294,23651,24008,24365,24722,25079,25436,25793,26150,26507,26864,27221,27578,27935,28292,28649,29006,29363,29720,30077,30434,30791,31148,31505,31862,32219,32576,32933,33290,33647,34004,34361,34718,35075,35432,35789,36146,36503,36860,37217,37574,37931,38288,38645,39002,39359,39716,40073,40430,40787,41144,41501,41858,42215,42572,42929,43286,43643,44000,44357,44714,45071,45428,45785,46142,46499,46856,47213,47570,47927,48284,48641,48998,49355,49712,50069,50426,50783,51140,51497,51854,52211,52568,52925,53282,53639,53996,54353,54710,55067,55424,55781,56138,56495,56852,57209,57566,57923,58280,58637,58994,59351,59708,60065,60422,60779,61136,61493,61850,62207,62564,62921,63278,63635,63992,64349,64706,65063,65420,65777,66134,66491,66848,67205,67562,67919,68276,68633,68990,69347,69704,70061,70418,70775,71132,71489,71846,72203,72560,72917,73274,73631,73988,74345,74702,75059,75416,75773,76130,76487,76844,77201,77558,77915,78272,78629,78986,79343,79700,80057,80414,80771,81128,81485,81842,82199,82556,82913,83270,83627,83984,84341,84698,85055,85412,85769,86126,86483,86840,87197,87554,87911,88268,88625,88982,89339,89696,90053,90410,90767,91124,91481,91838,92195,92552,92909,93266,93623,93980,94337,94694,95051,95408,95676,95765,96122,96479,96836,97193,97550,97907,98264,98621,98978,99335,99692,100049,100406,100763,101120,101477,101834,102191,102548,102905,103262,103619,103976,104333,104690,105047,105404,105761,106118,106475,106832,107189,107546,107903,108260,108617,108974,109331,109688,110045,110402,110759,111116,111473,111830,112187,112544,112901,113258,113615,113972,114329,114686,115043,115400,115757,116114,116471,116828,117185,117542,117899,118256,118613,118970,119327,119684,120041,120398,120755,121112,121469,121826,122183,122540,122897,123254,123611,123968,124325,124682,125039,125396,125753,126110,126467,126824,127181
90,447,804,1161,1518,1875,2232,2589,2946,3303,3660,4017,4374,4731,5088,5445,5802,6159,6516,6873,7230,7587,7944,8301,8658,9015,9372,9729,10086,10443,10800,11157,11514,11871,12228,12585,12942,13299,13656,14013,14370,14727,15084,15441,15798,16155,16512,16869,17226,17583,17940,18297,18654,19011,19368,19725,20082,20439,20796,21153,21510,21867,22224,22581,22938,23295,23652,24009,24366,24723,25080,25437,25794,26151,26508,26865,27222,27579,27936,28293,28650,29007,29364,29721,30078,30435,30792,31149,31506,31863,32220,32577,32934,33291,33648,34005,34362,34719,35076,35433,35790,36147,36504,36861,37218,37575,37932,38289,38646,39003,39360,39717,40074,40431,40788,41145,41502,41859,42216,42573,42930,43287,43644,44001,44358,44715,45072,45429,45786,46143,46500,46857,47214,47571,47928,48285,48642,48999,49356,49713,50070,50427,50784,51141,51498,51855,52212,52569,52926,53283,53640,53997,54354,54711,55068,55425,55782,56139,56496,56853,57210,57567,57924,58281,58638,58995,59352,59709,60066,60423,60780,61137,61494,61851,62208,62565,62922,63279,63636,63993,64350,64707,65064,65421,65778,66135,66492,66849,67206,67563,67920,68277,68634,68991,69348,69705,70062,70419,70776,71133,71490,71847,72204,72561,72918,73275,73632,73989,74346,74703,75060,75417,75774,76131,76488,76845,77202,77559,77916,78273,78630,78987,79344,79701,80058,80415,80772,81129,81486,81843,82200,82557,82914,83271,83628,83985,84342,84699,85056,85413,85770,86127,86484,86841,87198,87555,87912,88269,88626,88983,89340,89697,90054,90411,90768,91125,91482,91839,92196,92553,92910,93267,93624,93981,94338,94695,95052,95319,95409,95766,96123,96480,96837,97194,97551,97908,98265,98622,98979,99336,99693,100050,100407,100764,101121,101478,101835,102192,102549,102906,103263,103620,103977,104334,104691,105048,105405,105762,106119,106476,106833,107190,107547,107904,108261,108618,108975,109332,109689,110046,110403,110760,111117,111474,111831,112188,112545,112902,113259,113616,113973,114330,114687,115044,115401,115758,116115,116472,116829,117186,117543,117900,118257,118614,118971,119328,119685,120042,120399,120756,121113,121470,121827,122184,122541,122898,123255,123612,123969,124326,124683,125040,125397,125754,126111,126468,126825,127182
91,448,805,1162,1519,1876,2233,2590,2947,3304,3661,4018,4375,4732,5089,5446,5803,6160,6517,6874,7231,7588,7945,8302,8659,9016,9373,9730,10087,10444,10801,11158,11515,11872,12229,12586,12943,13300,13657,14014,14371,14728,15085,15442,15799,16156,16513,16870,17227,17584,17941,18298,18655,19012,19369,19726,20083,20440,20797,21154,21511,21868,22225,22582,22939,23296,23653,24010,24367,24724,25081,25438,25795,26152,26509,26866,27223,27580,27937,28294,28651,29008,29365,29722,30079,30436,30793,31150,31507,31864,32221,32578,32935,33292,33649,34006,34363,34720,35077,35434,35791,36148,36505,36862,37219,37576,37933,38290,38647,39004,39361,39718,40075,40432,40789,41146,41503,41860,42217,42574,42931,43288,43645,44002,44359,44716,45073,45430,45787,46144,46501,46858,47215,47572,47929,48286,48643,49000,49357,49714,50071,50428,50785,51142,51499,51856,52213,52570,52927,53284,53641,53998,54355,54712,55069,55426,55783,56140,56497,56854,57211,57568,57925,58282,58639,58996,59353,59710,60067,60424,60781,61138,61495,61852,62209,62566,62923,63280,63637,63994,64351,64708,65065,65422,65779,66136,66493,66850,67207,67564,67921,68278,68635,68992,69349,69706,70063,70420,70777,71134,71491,71848,72205,72562,72919,73276,73633,73990,74347,74704,75061,75418,75775,76132,76489,76846,77203,77560,77917,78274,78631,78988,79345,79702,80059,80416,80773,81130,81487,81844,82201,82558,82915,83272,83629,83986,84343,84700,85057,85414,85771,86128,86485,86842,87199,87556,87913,88270,88627,88984,89341,89698,90055,90412,90769,91126,91483,91840,92197,92554,92911,93268,93625,93982,94339,94696,94962,95053,95410,95767,96124,96481,96838,97195,97552,97909,98266,98623,98980,99337,99694,100051,100408,100765,101122,101479,101836,102193,102550,102907,103264,103621,103978,104335,104692,105049,105406,105763,106120,106477,106834,107191,107548,107905,108262,108619,108976,109333,109690,110047,110404,110761,111118,111475,111832,112189,112546,112903,113260,113617,113974,114331,114688,115045,115402,115759,116116,116473,116830,117187,117544,117901,118258,118615,118972,119329,119686,120043,120400,120757,121114,121471,121828,122185,122542,122899,123256,123613,123970,124327,124684,125041,125398,125755,126112,126469,126826,127183
92,449,806,1163,1520,1877,2234,2591,2948,3305,3662,4019,4376,4733,5090,5447,5804,6161,6518,6875,7232,7589,7946,8303,8660,9017,9374,9731,10088,10445,10802,11159,11516,11873,12230,12587,12944,13301,13658,14015,14372,14729,15086,15443,15800,16157,16514,16871,17228,17585,17942,18299,18656,19013,19370,19727,20084,20441,20798,21155,21512,21869,22226,22583,22940,23297,23654,24011,24368,24725,25082,25439,25796,26153,26510,26867,27224,27581,27938,28295,28652,29009,29366,29723,30080,30437,30794,31151,31508,31865,32222,32579,32936,33293,33650,34007,34364,34721,35078,35435,35792,36149,36506,36863,37220,37577,37934,38291,38648,39005,39362,39719,40076,40433,40790,41147,41504,41861,42218,42575,42932,43289,43646,44003,44360,44717,45074,45431,45788,46145,46502,46859,47216,47573,47930,48287,48644,49001,49358,49715,50072,50429,50786,51143,51500,51857,52214,52571,52928,53285,53642,53999,54356,54713,55070,55427,55784,56141,56498,56855,57212,57569,57926,58283,58640,58997,59354,59711,60068,60425,60782,61139,61496,61853,62210,62567,62924,63281,63638,63995,64352,64709,65066,65423,65780,66137,66494,66851,67208,67565,67922,68279,68636,68993,69350,69707,70064,70421,70778,71135,71492,71849,72206,72563,72920,73277,73634,73991,74348,74705,75062,75419,75776,76133,76490,76847,77204,77561,77918,78275,78632,78989,79346,79703,80060,80417,80774,81131,81488,81845,82202,82559,82916,83273,83630,83987,84344,84701,85058,85415,85772,86129,86486,86843,87200,87557,87914,88271,88628,88985,89342,89699,90056,90413,90770,91127,91484,91841,92198,92555,92912,93269,93626,93983,94340,94605,94697,95054,95411,95768,96125,96482,96839,97196,97553,97910,98267,98624,98981,99338,99695,100052,100409,100766,101123,101480,101837,102194,102551,102908,103265,103622,103979,104336,104693,105050,105407,105764,106121,106478,106835,107192,107549,107906,108263,108620,108977,109334,109691,110048,110405,110762,111119,111476,111833,112190,112547,112904,113261,113618,113975,114332,114689,115046,115403,115760,116117,116474,116831,117188,117545,117902,118259,118616,118973,119330,119687,120044,120401,120758,121115,121472,121829,122186,122543,122900,123257,123614,123971,124328,124685,125042,125399,125756,126113,126470,126827,127184
93,450,807,1164,1521,1878,2235,2592,2949,3306,3663,4020,4377,4734,5091,5448,5805,6162,6519,6876,7233,7590,7947,8304,8661,9018,9375,9732,10089,10446,10803,11160,11517,11874,12231,12588,12945,13302,13659,14016,14373,14730,15087,15444,15801,16158,16515,16872,17229,17586,17943,18300,18657,19014,19371,19728,20085,20442,20799,21156,21513,21870,22227,22584,22941,23298,23655,24012,24369,24726,25083,25440,25797,26154,26511,26868,27225,27582,27939,28296,28653,29010,29367,29724,30081,30438,30795,31152,31509,31866,32223,32580,32937,33294,33651,34008,34365,34722,35079,35436,35793,36150,36507,36864,37221,37578,37935,38292,38649,39006,39363,39720,40077,40434,40791,41148,41505,41862,42219,42576,42933,43290,43647,44004,44361,44718,45075,45432,45789,46146,46503,46860,47217,47574,47931,48288,48645,49002,49359,49716,50073,50430,50787,51144,51501,51858,52215,52572,52929,53286,53643,54000,54357,54714,55071,55428,55785,56142,56499,56856,57213,57570,57927,58284,58641,58998,59355,59712,60069,60426,60783,61140,61497,61854,62211,62568,62925,63282,63639,63996,64353,64710,65067,65424,65781,66138,66495,66852,67209,67566,67923,68280,68637,68994,69351,69708,70065,70422,70779,71136,71493,71850,72207,72564,72921,73278,73635,73992,74349,74706,75063,75420,75777,76134,76491,76848,77205,77562,77919,78276,78633,78990,79347,79704,80061,80418,80775,81132,81489,81846,82203,82560,82917,83274,83631,83988,84345,84702,85059,85416,85773,86130,86487,86844,87201,87558,87915,88272,88629,88986,89343,89700,90057,90414,90771,91128,91485,91842,92199,92556,92913,93270,93627,93984,94248,94341,94698,95055,95412,95769,96126,96483,96840,97197,97554,97911,98268,98625,98982,99339,99696,100053,100410,100767,101124,101481,101838,102195,102552,102909,103266,103623,103980,104337,104694,105051,105408,105765,106122,106479,106836,107193,107550,107907,108264,108621,108978,109335,109692,110049,110406,110763,111120,111477,111834,112191,112548,112905,113262,113619,113976,114333,114690,115047,115404,115761,116118,116475,116832,117189,117546,117903,118260,118617,118974,119331,119688,120045,120402,120759,121116,121473,121830,122187,122544,122901,123258,123615,123972,124329,124686,125043,125400,125757,126114,126471,126828,127185
94,451,808,1165,1522,1879,2236,2593,2950,3307,3664,4021,4378,4735,5092,5449,5806,6163,6520,6877,7234,7591,7948,8305,8662,9019,9376,9733,10090,10447,10804,11161,11518,11875,12232,12589,12946,13303,13660,14017,14374,14731,15088,15445,15802,16159,16516,16873,17230,17587,17944,18301,18658,19015,19372,19729,20086,20443,20800,21157,21514,21871,22228,22585,22942,23299,23656,24013,24370,24727,25084,25441,25798,26155,26512,26869,27226,27583,27940,28297,28654,29011,29368,29725,30082,30439,30796,31153,31510,31867,32224,32581,32938,33295,33652,34009,34366,34723,35080,35437,35794,36151,36508,36865,37222,37579,37936,38293,38650,39007,39364,39721,40078,40435,40792,41149,41506,41863,42220,42577,42934,43291,43648,44005,44362,44719,45076,45433,45790,46147,46504,46861,47218,47575,47932,48289,48646,49003,49360,49717,50074,50431,50788,51145,51502,51859,52216,52573,52930,53287,53644,54001,54358,54715,55072,55429,55786,56143,56500,56857,57214,57571,57928,58285,58642,58999,59356,59713,60070,60427,60784,61141,61498,61855,62212,62569,62926,63283,63640,63997,64354,64711,65068,65425,65782,66139,66496,66853,67210,67567,67924,68281,68638,68995,69352,69709,70066,70423,70780,71137,71494,71851,72208,72565,72922,73279,73636,73993,74350,74707,75064,75421,75778,76135,76492,76849,77206,77563,77920,78277,78634,78991,79348,79705,80062,80419,80776,81133,81490,81847,82204,82561,82918,83275,83632,83989,84346,84703,85060,85417,85774,86131,86488,86845,87202,87559,87916,88273,88630,88987,89344,89701,90058,90415,90772,91129,91486,91843,92200,92557,92914,93271,93628,93891,93985,94342,94699,95056,95413,95770,96127,96484,96841,97198,97555,97912,98269,98626,98983,99340,99697,100054,100411,100768,101125,101482,101839,102196,102553,102910,103267,103624,103981,104338,104695,105052,105409,105766,106123,106480,106837,107194,107551,107908,108265,108622,108979,109336,109693,110050,110407,110764,111121,111478,111835,112192,112549,112906,113263,113620,113977,114334,114691,115048,115405,115762,116119,116476,116833,117190,117547,117904,118261,118618,118975,119332,119689,120046,120403,120760,121117,121474,121831,122188,122545,122902,123259,123616,123973,124330,124687,125044,125401,125758,126115,126472,126829,127186
95,452,809,1166,1523,1880,2237,2594,2951,3308,3665,4022,4379,4736,5093,5450,5807,6164,6521,6878,7235,7592,7949,8306,8663,9020,9377,9734,10091,10448,10805,11162,11519,11876,12233,12590,12947,13304,13661,14018,14375,14732,15089,15446,15803,16160,16517,16874,17231,17588,17945,18302,18659,19016,19373,19730,20087,20444,20801,21158,21515,21872,22229,22586,22943,23300,23657,24014,24371,24728,25085,25442,25799,26156,26513,26870,27227,27584,27941,28298,28655,29012,29369,29726,30083,30440,30797,31154,31511,31868,32225,32582,32939,33296,33653,34010,34367,34724,35081,35438,35795,36152,36509,36866,37223,37580,37937,38294,38651,39008,39365,39722,40079,40436,40793,41150,41507,41864,42221,42578,42935,43292,43649,44006,44363,44720,45077,45434,45791,46148,46505,46862,47219,47576,47933,48290,48647,49004,49361,49718,50075,50432,50789,51146,51503,51860,52217,52574,52931,53288,53645,54002,54359,54716,55073,55430,55787,56144,56501,56858,57215,57572,57929,58286,58643,59000,59357,59714,60071,60428,60785,61142,61499,61856,62213,62570,62927,63284,63641,63998,64355,64712,65069,65426,65783,66140,66497,66854,67211,67568,67925,68282,68639,68996,69353,69710,70067,70424,70781,71138,71495,71852,72209,72566,72923,73280,73637,73994,74351,74708,75065,75422,75779,76136,76493,76850,77207,77564,77921,78278,78635,78992,79349,79706,80063,80420,80777,81134,81491,81848,82205,82562,82919,83276,83633,83990,84347,84704,85061,85418,85775,86132,86489,86846,87203,87560,87917,88274,88631,88988,89345,89702,90059,90416,90773,91130,91487,91844,92201,92558,92915,93272,93534,93629,93986,94343,94700,95057,95414,95771,96128,96485,96842,97199,97556,97913,98270,98627,98984,99341,99698,100055,100412,100769,101126,101483,101840,102197,102554,102911,103268,103625,103982,104339,104696,105053,105410,105767,106124,106481,106838,107195,107552,107909,108266,108623,108980,109337,109694,110051,110408,110765,111122,111479,111836,112193,112550,112907,113264,113621,113978,114335,114692,115049,115406,115763,116120,116477,116834,117191,117548,117905,118262,118619,118976,119333,119690,120047,120404,120761,121118,121475,121832,122189,122546,122903,123260,123617,123974,124331,124688,125045,125402,125759,126116,126473,126830,127187
96,453,810,1167,1524,1881,2238,2595,2952,3309,3666,4023,4380,4737,5094,5451,5808,6165,6522,6879,7236,7593,7950,8307,8664,9021,9378,9735,10092,10449,10806,11163,11520,11877,12234,12591,12948,13305,13662,14019,14376,14733,15090,15447,15804,16161,16518,16875,17232,17589,17946,18303,18660,19017,19374,19731,20088,20445,20802,21159,21516,21873,22230,22587,22944,23301,23658,24015,24372,24729,25086,25443,25800,26157,26514,26871,27228,27585,27942,28299,28656,29013,29370,29727,30084,30441,30798,31155,31512,31869,32226,32583,32940,33297,33654,34011,34368,34725,35082,35439,35796,36153,36510,36867,37224,37581,37938,38295,38652,39009,39366,39723,40080,40437,40794,41151,41508,41865,42222,42579,42936,43293,43650,44007,44364,44721,45078,45435,45792,46149,46506,46863,47220,47577,47934,48291,48648,49005,49362,49719,50076,50433,50790,51147,51504,51861,52218,52575,52932,53289,53646,54003,54360,54717,55074,55431,55788,56145,56502,56859,57216,57573,57930,58287,58644,59001,59358,59715,60072,60429,60786,61143,61500,61857,62214,62571,62928,63285,63642,63999,64356,64713,65070,65427,65784,66141,66498,66855,67212,67569,67926,68283,68640,68997,69354,69711,70068,70425,70782,71139,71496,71853,72210,72567,72924,73281,73638,73995,74352,74709,75066,75423,75780,76137,76494,76851,77208,77565,77922,78279,78636,78993,79350,79707,80064,80421,80778,81135,81492,81849,82206,82563,82920,83277,83634,83991,84348,84705,85062,85419,85776,86133,86490,86847,87204,87561,87918,88275,88632,88989,89346,89703,90060,90417,90774,91131,91488,91845,92202,92559,92916,93177,93273,93630,93987,94344,94701,95058,95415,95772,96129,96486,96843,97200,97557,97914,98271,98628,98985,99342,99699,100056,100413,100770,101127,101484,101841,102198,102555,102912,103269,103626,103983,104340,104697,105054,105411,105768,106125,106482,106839,107196,107553,107910,108267,108624,108981,109338,109695,110052,110409,110766,111123,111480,111837,112194,112551,112908,113265,113622,113979,114336,114693,115050,115407,115764,116121,116478,116835,117192,117549,117906,118263,118620,118977,119334,119691,120048,120405,120762,121119,121476,121833,122190,122547,122904,123261,123618,123975,124332,124689,125046,125403,125760,126117,126474,126831,127188
97,454,811,1168,1525,1882,2239,2596,2953,3310,3667,4024,4381,4738,5095,5452,5809,6166,6523,6880,7237,7594,7951,8308,8665,9022,9379,9736,10093,10450,10807,11164,11521,11878,12235,12592,12949,13306,13663,14020,14377,14734,15091,15448,15805,16162,16519,16876,17233,17590,17947,18304,18661,19018,19375,19732,20089,20446,20803,21160,21517,21874,22231,22588,22945,23302,23659,24016,24373,24730,25087,25444,25801,26158,26515,26872,27229,27586,27943,28300,28657,29014,29371,29728,30085,30442,30799,31156,31513,31870,32227,32584,32941,33298,33655,34012,34369,34726,35083,35440,35797,36154,36511,36868,37225,37582,37939,38296,38653,39010,39367,39724,40081,40438,40795,41152,41509,41866,42223,42580,42937,43294,43651,44008,44365,44722,45079,45436,45793,46150,46507,46864,47221,47578,47935,48292,48649,49006,49363,49720,50077,50434,50791,51148,51505,51862,52219,52576,52933,53290,53647,54004,54361,54718,55075,55432,55789,56146,56503,56860,57217,57574,57931,58288,58645,59002,59359,59716,60073,60430,60787,61144,61501,61858,62215,62572,62929,63286,63643,64000,64357,64714,65071,65428,65785,66142,66499,66856,67213,67570,67927,68284,68641,68998,69355,69712,70069,70426,70783,71140,71497,71854,72211,72568,72925,73282,73639,73996,74353,74710,75067,75424,75781,76138,76495,76852,77209,77566,77923,78280,78637,78994,79351,79708,80065,80422,80779,81136,81493,81850,82207,82564,82921,83278,83635,83992,84349,84706,85063,85420,85777,86134,86491,86848,87205,87562,87919,88276,88633,88990,89347,89704,90061,90418,90775,91132,91489,91846,92203,92560,92820,92917,93274,93631,93988,94345,94702,95059,95416,95773,96130,96487,96844,97201,97558,97915,98272,98629,98986,99343,99700,100057,100414,100771,101128,101485,101842,102199,102556,102913,103270,103627,103984,104341,104698,105055,105412,105769,106126,106483,106840,107197,107554,107911,108268,108625,108982,109339,109696,110053,110410,110767,111124,111481,111838,112195,112552,112909,113266,113623,113980,114337,114694,115051,115408,115765,116122,116479,116836,117193,117550,117907,118264,118621,118978,119335,119692,120049,120406,120763,121120,121477,121834,122191,122548,122905,123262,123619,123976,124333,124690,125047,125404,125761,126118,126475,126832,127189
98,455,812,1169,1526,1883,2240,2597,2954,3311,3668,4025,4382,4739,5096,5453,5810,6167,6524,6881,7238,7595,7952,8309,8666,9023,9380,9737,10094,10451,10808,11165,11522,11879,12236,12593,12950,13307,13664,14021,14378,14735,15092,15449,15806,16163,16520,16877,17234,17591,17948,18305,18662,19019,19376,19733,20090,20447,20804,21161,21518,21875,22232,22589,22946,23303,23660,24017,24374,24731,25088,25445,25802,26159,26516,26873,27230,27587,27944,28301,28658,29015,29372,29729,30086,30443,30800,31157,31514,31871,32228,32585,32942,33299,33656,34013,34370,34727,35084,35441,35798,36155,36512,36869,37226,37583,37940,38297,38654,39011,39368,39725,40082,40439,40796,41153,41510,41867,42224,42581,42938,43295,43652,44009,44366,44723,45080,45437,45794,46151,46508,46865,47222,47579,47936,48293,48650,49007,49364,49721,50078,50435,50792,51149,51506,51863,52220,52577,52934,53291,53648,54005,54362,54719,55076,55433,55790,56147,56504,56861,57218,57575,57932,58289,58646,59003,59360,59717,60074,60431,60788,61145,61502,61859,62216,62573,62930,63287,63644,64001,64358,64715,65072,65429,65786,66143,66500,66857,67214,67571,67928,68285,68642,68999,69356,69713,70070,70427,70784,71141,71498,71855,72212,72569,72926,73283,73640,73997,74354,74711,75068,75425,75782,76139,76496,76853,77210,77567,77924,78281,78638,78995,79352,79709,80066,80423,80780,81137,81494,81851,82208,82565,82922,83279,83636,83993,84350,84707,85064,85421,85778,86135,86492,86849,87206,87563,87920,88277,88634,88991,89348,89705,90062,90419,90776,91133,91490,91847,92204,92463,92561,92918,93275,93632,93989,94346,94703,95060,95417,95774,96131,96488,96845,97202,97559,97916,98273,98630,98987,99344,99701,100058,100415,100772,101129,101486,101843,102200,102557,102914,103271,103628,103985,104342,104699,105056,105413,105770,106127,106484,106841,107198,107555,107912,108269,108626,108983,109340,109697,110054,110411,110768,111125,111482,111839,112196,112553,112910,113267,113624,113981,114338,114695,115052,115409,115766,116123,116480,116837,117194,117551,117908,118265,118622,118979,119336,119693,120050,120407,120764,121121,121478,121835,122192,122549,122906,123263,123620,123977,124334,124691,125048,125405,125762,126119,126476,126833,127190
99,456,813,1170,1527,1884,2241,2598,2955,3312,3669,4026,4383,4740,5097,5454,5811,6168,6525,6882,7239,7596,7953,8310,8667,9024,9381,9738,10095,10452,10809,11166,11523,11880,12237,12594,12951,13308,13665,14022,14379,14736,15093,15450,15807,16164,16521,16878,17235,17592,17949,18306,18663,19020,19377,19734,20091,20448,20805,21162,21519,21876,22233,22590,22947,23304,23661,24018,24375,24732,25089,25446,25803,26160,26517,26874,27231,27588,27945,28302,28659,29016,29373,29730,30087,30444,30801,31158,31515,31872,32229,32586,32943,33300,33657,34014,34371,34728,35085,35442,35799,36156,36513,36870,37227,37584,37941,38298,38655,39012,39369,39726,40083,40440,40797,41154,41511,41868,42225,42582,42939,43296,43653,44010,44367,44724,45081,45438,45795,46152,46509,46866,47223,47580,47937,48294,48651,49008,49365,49722,50079,50436,50793,51150,51507,51864,52221,52578,52935,53292,53649,54006,54363,54720,55077,55434,55791,56148,56505,56862,57219,57576,57933,58290,58647,59004,59361,59718,60075,60432,60789,61146,61503,61860,62217,62574,62931,63288,63645,64002,64359,64716,65073,65430,65787,66144,66501,66858,67215,67572,67929,68286,68643,69000,69357,69714,70071,70428,70785,71142,71499,71856,72213,72570,72927,73284,73641,73998,74355,74712,75069,75426,75783,76140,76497,76854,77211,77568,77925,78282,78639,78996,79353,79710,80067,80424,80781,81138,81495,81852,82209,82566,82923,83280,83637,83994,84351,84708,85065,85422,85779,86136,86493,86850,87207,87564,87921,88278,88635,88992,89349,89706,90063,90420,90777,91134,91491,91848,92106,92205,92562,92919,93276,93633,93990,94347,94704,95061,95418,95775,96132,96489,96846,97203,97560,97917,98274,98631,98988,99345,99702,100059,100416,100773,101130,101487,101844,102201,102558,102915,103272,103629,103986,104343,104700,105057,105414,105771,106128,106485,106842,107199,107556,107913,108270,108627,108984,109341,109698,110055,110412,110769,111126,111483,111840,112197,112554,112911,113268,113625,113982,114339,114696,115053,115410,115767,116124,116481,116838,117195,117552,117909,118266,118623,118980,119337,119694,120051,120408,120765,121122,121479,121836,122193,122550,122907,123264,123621,123978,124335,124692,125049,125406,125763,126120,126477,126834,127191
100,457,814,1171,1528,1885,2242,2599,2956,3313,3670,4027,4384,4741,5098,5455,5812,6169,6526,6883,7240,7597,7954,8311,8668,9025,9382,9739,10096,10453,10810,11167,11524,11881,12238,12595,12952,13309,13666,14023,14380,14737,15094,15451,15808,16165,16522,16879,17236,17593,17950,18307,18664,19021,19378,19735,20092,20449,20806,21163,21520,21877,22234,22591,22948,23305,23662,24019,24376,24733,25090,25447,25804,26161,26518,26875,27232,27589,27946,28303,28660,29017,29374,29731,30088,30445,30802,31159,31516,31873,32230,32587,32944,33301,33658,34015,34372,34729,35086,35443,35800,36157,36514,36871,37228,37585,37942,38299,38656,39013,39370,39727,40084,40441,40798,41155,41512,41869,42226,42583,42940,43297,43654,44011,44368,44725,45082,45439,45796,46153,46510,46867,47224,47581,47938,48295,48652,49009,49366,49723,50080,50437,50794,51151,51508,51865,52222,52579,52936,53293,53650,54007,54364,54721,55078,55435,55792,56149,56506,56863,57220,57577,57934,58291,58648,59005,59362,59719,60076,60433,60790,61147,61504,61861,62218,62575,62932,63289,63646,64003,64360,64717,65074,65431,65788,66145,66502,66859,67216,67573,67930,68287,68644,69001,69358,69715,70072,70429,70786,71143,71500,71857,72214,72571,72928,73285,73642,73999,74356,74713,75070,75427,75784,76141,76498,76855,77212,77569,77926,78283,78640,78997,79354,79711,80068,80425,80782,81139,81496,81853,82210,82567,82924,83281,83638,83995,84352,84709,85066,85423,85780,86137,86494,86851,87208,87565,87922,88279,88636,88993,89350,89707,90064,90421,90778,91135,91492,91749,91849,92206,92563,92920,93277,93634,93991,94348,94705,95062,95419,95776,96133,96490,96847,97204,97561,97918,98275,98632,98989,99346,99703,100060,100417,100774,101131,101488,101845,102202,102559,102916,103273,103630,103987,104344,104701,105058,105415,105772,106129,106486,106843,107200,107557,107914,108271,108628,108985,109342,109699,110056,110413,110770,111127,111484,111841,112198,112555,112912,113269,113626,113983,114340,114697,115054,115411,115768,116125,116482,116839,117196,117553,117910,118267,118624,118981,119338,119695,120052,120409,120766,121123,121480,121837,122194,122551,122908,123265,123622,123979,124336,124693,125050,125407,125764,126121,126478,126835,127192
101,458,815,1172,1529,1886,2243,2600,2957,3314,3671,4028,4385,4742,5099,5456,5813,6170,6527,6884,7241,7598,7955,8312,8669,9026,9383,9740,10097,10454,10811,11168,11525,11882,12239,12596,12953,13310,13667,14024,14381,14738,15095,15452,15809,16166,16523,16880,17237,17594,17951,18308,18665,19022,19379,19736,20093,20450,20807,21164,21521,21878,22235,22592,22949,23306,23663,24020,24377,24734,25091,25448,25805,26162,26519,26876,27233,27590,27947,28304,28661,29018,29375,29732,30089,30446,30803,31160,31517,31874,32231,32588,32945,33302,33659,34016,34373,34730,35087,35444,35801,36158,36515,36872,37229,37586,37943,38300,38657,39014,39371,39728,40085,40442,40799,41156,41513,41870,42227,42584,42941,43298,43655,44012,44369,44726,45083,45440,45797,46154,46511,46868,47225,47582,47939,48296,48653,49010,49367,49724,50081,50438,50795,51152,51509,51866,52223,52580,52937,53294,53651,54008,54365,54722,55079,55436,55793,56150,56507,56864,57221,57578,57935,58292,58649,59006,59363,59720,60077,60434,60791,61148,61505,61862,62219,62576,62933,63290,63647,64004,64361,64718,65075,65432,65789,66146,66503,66860,67217,67574,67931,68288,68645,69002,69359,69716,70073,70430,70787,71144,71501,71858,72215,72572,72929,73286,73643,74000,74357,74714,75071,75428,75785,76142,76499,76856,77213,77570,77927,78284,78641,78998,79355,79712,80069,80426,80783,81140,81497,81854,82211,82568,82925,83282,83639,83996,84353,84710,85067,85424,85781,86138,86495,86852,87209,87566,87923,88280,88637,88994,89351,89708,90065,90422,90779,91136,91392,91493,91850,92207,92564,92921,93278,93635,93992,94349,94706,95063,95420,95777,96134,96491,96848,97205,97562,97919,98276,98633,98990,99347,99704,100061,100418,100775,101132,101489,101846,102203,102560,102917,103274,103631,103988,104345,104702,105059,105416,105773,106130,106487,106844,107201,107558,107915,108272,108629,108986,109343,109700,110057,110414,110771,111128,111485,111842,112199,112556,112913,113270,113627,113984,114341,114698,115055,115412,115769,116126,116483,116840,117197,117554,117911,118268,118625,118982,119339,119696,120053,120410,120767,121124,121481,121838,122195,122552,122909,123266,123623,123980,124337,124694,125051,125408,125765,126122,126479,126836,127193
102,459,816,1173,1530,1887,2244,2601,2958,3315,3672,4029,4386,4743,5100,5457,5814,6171,6528,6885,7242,7599,7956,8313,8670,9027,9384,9741,10098,10455,10812,11169,11526,11883,12240,12597,12954,13311,13668,14025,14382,14739,15096,15453,15810,16167,16524,16881,17238,17595,17952,18309,18666,19023,19380,19737,20094,20451,20808,21165,21522,21879,22236,22593,22950,23307,23664,24021,24378,24735,25092,25449,25806,26163,26520,26877,27234,27591,27948,28305,28662,29019,29376,29733,30090,30447,30804,31161,31518,31875,32232,32589,32946,33303,33660,34017,34374,34731,35088,35445,35802,36159,36516,36873,37230,37587,37944,38301,38658,39015,39372,39729,40086,40443,40800,41157,41514,41871,42228,42585,42942,43299,43656,44013,44370,44727,45084,45441,45798,46155,46512,46869,47226,47583,47940,48297,48654,49011,49368,49725,50082,50439,50796,51153,51510,51867,52224,52581,52938,53295,53652,54009,54366,54723,55080,55437,55794,56151,56508,56865,57222,57579,57936,58293,58650,59007,59364,59721,60078,60435,60792,61149,61506,61863,62220,62577,62934,63291,63648,64005,64362,64719,65076,65433,65790,66147,66504,66861,67218,67575,67932,68289,68646,69003,69360,69717,70074,70431,70788,71145,71502,71859,72216,72573,72930,73287,73644,74001,74358,74715,75072,75429,75786,76143,76500,76857,77214,77571,77928,78285,78642,78999,79356,79713,80070,80427,80784,81141,81498,81855,82212,82569,82926,83283,83640,83997,84354,84711,85068,85425,85782,86139,86496,86853,87210,87567,87924,88281,88638,88995,89352,89709,90066,90423,90780,91035,91137,91494,91851,92208,92565,92922,93279,93636,93993,94350,94707,95064,95421,95778,96135,96492,96849,97206,97563,97920,98277,98634,98991,99348,99705,100062,100419,100776,101133,101490,101847,102204,102561,102918,103275,103632,103989,104346,104703,105060,105417,105774,106131,106488,106845,107202,107559,107916,108273,108630,108987,109344,109701,110058,110415,110772,111129,111486,111843,112200,112557,112914,113271,113628,113985,114342,114699,115056,115413,115770,116127,116484,116841,117198,117555,117912,118269,118626,118983,119340,119697,120054,120411,120768,121125,121482,121839,122196,122553,122910,123267,123624,123981,124338,124695,125052,125409,125766,126123,126480,126837,127194
103,460,817,1174,1531,1888,2245,2602,2959,3316,3673,4030,4387,4744,5101,5458,5815,6172,6529,6886,7243,7600,7957,8314,8671,9028,9385,9742,10099,10456,10813,11170,11527,11884,12241,12598,12955,13312,13669,14026,14383,14740,15097,15454,15811,16168,16525,16882,17239,17596,17953,18310,18667,19024,19381,19738,20095,20452,20809,21166,21523,21880,22237,22594,22951,23308,23665,24022,24379,24736,25093,25450,25807,26164,26521,26878,27235,27592,27949,28306,28663,29020,29377,29734,30091,30448,30805,31162,31519,31876,32233,32590,32947,33304,33661,34018,34375,34732,35089,35446,35803,36160,36517,36874,37231,37588,37945,38302,38659,39016,39373,39730,40087,40444,40801,41158,41515,41872,42229,42586,42943,43300,43657,44014,44371,44728,45085,45442,45799,46156,46513,46870,47227,47584,47941,48298,48655,49012,49369,49726,50083,50440,50797,51154,51511,51868,52225,52582,52939,53296,53653,54010,54367,54724,55081,55438,55795,56152,56509,56866,57223,57580,57937,58294,58651,59008,59365,59722,60079,60436,60793,61150,61507,61864,62221,62578,62935,63292,63649,64006,64363,64720,65077,65434,65791,66148,66505,66862,67219,67576,67933,68290,68647,69004,69361,69718,70075,70432,70789,71146,71503,71860,72217,72574,72931,73288,73645,74002,74359,74716,75073,75430,75787,76144,76501,76858,77215,77572,77929,78286,78643,79000,79357,79714,80071,80428,80785,81142,81499,81856,82213,82570,82927,83284,83641,83998,84355,84712,85069,85426,85783,86140,86497,86854,87211,87568,87925,88282,88639,88996,89353,89710,90067,90424,90678,90781,91138,91495,91852,92209,92566,92923,93280,93637,93994,94351,94708,95065,95422,95779,96136,96493,96850,97207,97564,97921,98278,98635,98992,99349,99706,100063,100420,100777,101134,101491,101848,102205,102562,102919,103276,103633,103990,104347,104704,105061,105418,105775,106132,106489,106846,107203,107560,107917,108274,108631,108988,109345,109702,110059,110416,110773,111130,111487,111844,112201,112558,112915,113272,113629,113986,114343,114700,115057,115414,115771,116128,116485,116842,117199,117556,117913,118270,118627,118984,119341,119698,120055,120412,120769,121126,121483,121840,122197,122554,122911,123268,123625,123982,124339,124696,125053,125410,125767,126124,126481,126838,127195
104,461,818,1175,1532,1889,2246,2603,2960,3317,3674,4031,4388,4745,5102,5459,5816,6173,6530,6887,7244,7601,7958,8315,8672,9029,9386,9743,10100,10457,10814,11171,11528,11885,12242,12599,12956,13313,13670,14027,14384,14741,15098,15455,15812,16169,16526,16883,17240,17597,17954,18311,18668,19025,19382,19739,20096,20453,20810,21167,21524,21881,22238,22595,22952,23309,23666,24023,24380,24737,25094,25451,25808,26165,26522,26879,27236,27593,27950,28307,28664,29021,29378,29735,30092,30449,30806,31163,31520,31877,32234,32591,32948,33305,33662,34019,34376,34733,35090,35447,35804,36161,36518,36875,37232,37589,37946,38303,38660,39017,39374,39731,40088,40445,40802,41159,41516,41873,42230,42587,42944,43301,43658,44015,44372,44729,45086,45443,45800,46157,46514,46871,47228,47585,47942,48299,48656,49013,49370,49727,50084,50441,50798,51155,51512,51869,52226,52583,52940,53297,53654,54011,54368,54725,55082,55439,55796,56153,56510,56867,57224,57581,57938,58295,58652,59009,59366,59723,60080,60437,60794,61151,61508,61865,62222,62579,62936,63293,63650,64007,64364,64721,65078,65435,65792,66149,66506,66863,67220,67577,67934,68291,68648,69005,69362,69719,70076,70433,70790,71147,71504,71861,72218,72575,72932,73289,73646,74003,74360,74717,75074,75431,75788,76145,76502,76859,77216,77573,77930,78287,78644,79001,79358,79715,80072,80429,80786,81143,81500,81857,82214,82571,82928,83285,83642,83999,84356,84713,85070,85427,85784,86141,86498,86855,87212,87569,87926,88283,88640,88997,89354,89711,90068,90321,90425,90782,91139,91496,91853,92210,92567,92924,93281,93638,93995,94352,94709,95066,95423,95780,96137,96494,96851,97208,97565,97922,98279,98636,98993,99350,99707,100064,100421,100778,101135,101492,101849,102206,102563,102920,103277,103634,103991,104348,104705,105062,105419,105776,106133,106490,106847,107204,107561,107918,108275,108632,108989,109346,109703,110060,110417,110774,111131,111488,111845,112202,112559,112916,113273,113630,113987,114344,114701,115058,115415,115772,116129,116486,116843,117200,117557,117914,118271,118628,118985,119342,119699,120056,120413,120770,121127,121484,121841,122198,122555,122912,123269,123626,123983,124340,124697,125054,125411,125768,126125,126482,126839,127196
105,462,819,1176,1533,1890,2247,2604,2961,3318,3675,4032,4389,4746,5103,5460,5817,6174,6531,6888,7245,7602,7959,8316,8673,9030,9387,9744,10101,10458,10815,11172,11529,11886,12243,12600,12957,13314,13671,14028,14385,14742,15099,15456,15813,16170,16527,16884,17241,17598,17955,18312,18669,19026,19383,19740,20097,20454,20811,21168,21525,21882,22239,22596,22953,23310,23667,24024,24381,24738,25095,25452,25809,26166,26523,26880,27237,27594,27951,28308,28665,29022,29379,29736,30093,30450,30807,31164,31521,31878,32235,32592,32949,33306,33663,34020,34377,34734,35091,35448,35805,36162,36519,36876,37233,37590,37947,38304,38661,39018,39375,39732,40089,40446,40803,41160,41517,41874,42231,42588,42945,43302,43659,44016,44373,44730,45087,45444,45801,46158,46515,46872,47229,47586,47943,48300,48657,49014,49371,49728,50085,50442,50799,51156,51513,51870,52227,52584,52941,53298,53655,54012,54369,54726,55083,55440,55797,56154,56511,56868,57225,57582,57939,58296,58653,59010,59367,59724,60081,60438,60795,61152,61509,61866,62223,62580,62937,63294,63651,64008,64365,64722,65079,65436,65793,66150,66507,66864,67221,67578,67935,68292,68649,69006,69363,69720,70077,70434,70791,71148,71505,71862,72219,72576,72933,73290,73647,74004,74361,74718,75075,75432,75789,76146,76503,76860,77217,77574,77931,78288,78645,79002,79359,79716,80073,80430,80787,81144,81501,81858,82215,82572,82929,83286,83643,84000,84357,84714,85071,85428,85785,86142,86499,86856,87213,87570,87927,88284,88641,88998,89355,89712,89964,90069,90426,90783,91140,91497,91854,92211,92568,92925,93282,93639,93996,94353,94710,95067,95424,95781,96138,96495,96852,97209,97566,97923,98280,98637,98994,99351,99708,100065,100422,100779,101136,101493,101850,102207,102564,102921,103278,103635,103992,104349,104706,105063,105420,105777,106134,106491,106848,107205,107562,107919,108276,108633,108990,109347,109704,110061,110418,110775,111132,111489,111846,112203,112560,112917,113274,113631,113988,114345,114702,115059,115416,115773,116130,116487,116844,117201,117558,117915,118272,118629,118986,119343,119700,120057,120414,120771,121128,121485,121842,122199,122556,122913,123270,123627,123984,124341,124698,125055,125412,125769,126126,126483,126840,127197
106,463,820,1177,1534,1891,2248,2605,2962,3319,3676,4033,4390,4747,5104,5461,5818,6175,6532,6889,7246,7603,7960,8317,8674,9031,9388,9745,10102,10459,10816,11173,11530,11887,12244,12601,12958,13315,13672,14029,14386,14743,15100,15457,15814,16171,16528,16885,17242,17599,17956,18313,18670,19027,19384,19741,20098,20455,20812,21169,21526,21883,22240,22597,22954,23311,23668,24025,24382,24739,25096,25453,25810,26167,26524,26881,27238,27595,27952,28309,28666,29023,29380,29737,30094,30451,30808,31165,31522,31879,32236,32593,32950,33307,33664,34021,34378,34735,35092,35449,35806,36163,36520,36877,37234,37591,37948,38305,38662,39019,39376,39733,40090,40447,40804,41161,41518,41875,42232,42589,42946,43303,43660,44017,44374,44731,45088,45445,45802,46159,46516,46873,47230,47587,47944,48301,48658,49015,49372,49729,50086,50443,50800,51157,51514,51871,52228,52585,52942,53299,53656,54013,54370,54727,55084,55441,55798,56155,56512,56869,57226,57583,57940,58297,58654,59011,59368,59725,60082,60439,60796,61153,61510,61867,62224,62581,62938,63295,63652,64009,64366,64723,65080,65437,65794,66151,66508,66865,67222,67579,67936,68293,68650,69007,69364,69721,70078,70435,70792,71149,71506,71863,72220,72577,72934,73291,73648,74005,74362,74719,75076,75433,75790,76147,76504,76861,77218,77575,77932,78289,78646,79003,79360,79717,80074,80431,80788,81145,81502,81859,82216,82573,82930,83287,83644,84001,84358,84715,85072,85429,85786,86143,86500,86857,87214,87571,87928,88285,88642,88999,89356,89607,89713,90070,90427,90784,91141,91498,91855,92212,92569,92926,93283,93640,93997,94354,94711,95068,95425,95782,96139,96496,96853,97210,97567,97924,98281,98638,98995,99352,99709,100066,100423,100780,101137,101494,101851,102208,102565,102922,103279,103636,103993,104350,104707,105064,105421,105778,106135,106492,106849,107206,107563,107920,108277,108634,108991,109348,109705,110062,110419,110776,111133,111490,111847,112204,112561,112918,113275,113632,113989,114346,114703,115060,115417,115774,116131,116488,116845,117202,117559,117916,118273,118630,118987,119344,119701,120058,120415,120772,121129,121486,121843,122200,122557,122914,123271,123628,123985,124342,124699,125056,125413,125770,126127,126484,126841,127198
107,464,821,1178,1535,1892,2249,2606,2963,3320,3677,4034,4391,4748,5105,5462,5819,6176,6533,6890,7247,7604,7961,8318,8675,9032,9389,9746,10103,10460,10817,11174,11531,11888,12245,12602,12959,13316,13673,14030,14387,14744,15101,15458,15815,16172,16529,16886,17243,17600,17957,18314,18671,19028,19385,19742,20099,20456,20813,21170,21527,21884,22241,22598,22955,23312,23669,24026,24383,24740,25097,25454,25811,26168,26525,26882,27239,27596,27953,28310,28667,29024,29381,29738,30095,30452,30809,31166,31523,31880,32237,32594,32951,33308,33665,34022,34379,34736,35093,35450,35807,36164,36521,36878,37235,37592,37949,38306,38663,39020,39377,39734,40091,40448,40805,41162,41519,41876,42233,42590,42947,43304,43661,44018,44375,44732,45089,45446,45803,46160,46517,46874,47231,47588,47945,48302,48659,49016,49373,49730,50087,50444,50801,51158,51515,51872,52229,52586,52943,53300,53657,54014,54371,54728,55085,55442,55799,56156,56513,56870,57227,57584,57941,58298,58655,59012,59369,59726,60083,60440,60797,61154,61511,61868,62225,62582,62939,63296,63653,64010,64367,64724,65081,65438,65795,66152,66509,66866,67223,67580,67937,68294,68651,69008,69365,69722,70079,70436,70793,71150,71507,71864,72221,72578,72935,73292,73649,74006,74363,74720,75077,75434,75791,76148,76505,76862,77219,77576,77933,78290,78647,79004,79361,79718,80075,80432,80789,81146,81503,81860,82217,82574,82931,83288,83645,84002,84359,84716,85073,85430,85787,86144,86501,86858,87215,87572,87929,88286,88643,89000,89250,89357,89714,90071,90428,90785,91142,91499,91856,92213,92570,92927,93284,93641,93998,94355,94712,95069,95426,95783,96140,96497,96854,97211,97568,97925,98282,98639,98996,99353,99710,100067,100424,100781,101138,101495,101852,102209,102566,102923,103280,103637,103994,104351,104708,105065,105422,105779,106136,106493,106850,107207,107564,107921,108278,108635,108992,109349,109706,110063,110420,110777,111134,111491,111848,112205,112562,112919,113276,113633,113990,114347,114704,115061,115418,115775,116132,116489,116846,117203,117560,117917,118274,118631,118988,119345,119702,120059,120416,120773,121130,121487,121844,122201,122558,122915,123272,123629,123986,124343,124700,125057,125414,125771,126128,126485,126842,127199
108,465,822,1179,1536,1893,2250,2607,2964,3321,3678,4035,4392,4749,5106,5463,5820,6177,6534,6891,7248,7605,7962,8319,8676,9033,9390,9747,10104,10461,10818,11175,11532,11889,12246,12603,12960,13317,13674,14031,14388,14745,15102,15459,15816,16173,16530,16887,17244,17601,17958,18315,18672,19029,19386,19743,20100,20457,20814,21171,21528,21885,22242,22599,22956,23313,23670,24027,24384,24741,25098,25455,25812,26169,26526,26883,27240,27597,27954,28311,28668,29025,29382,29739,30096,30453,30810,31167,31524,31881,32238,32595,32952,33309,33666,34023,34380,34737,35094,35451,35808,36165,36522,36879,37236,37593,37950,38307,38664,39021,39378,39735,40092,40449,40806,41163,41520,41877,42234,42591,42948,43305,43662,44019,44376,44733,45090,45447,45804,46161,46518,46875,47232,47589,47946,48303,48660,49017,49374,49731,50088,50445,50802,51159,51516,51873,52230,52587,52944,53301,53658,54015,54372,54729,55086,55443,55800,56157,56514,56871,57228,57585,57942,58299,58656,59013,59370,59727,60084,60441,60798,61155,61512,61869,62226,62583,62940,63297,63654,64011,64368,64725,65082,65439,65796,66153,66510,66867,67224,67581,67938,68295,68652,69009,69366,69723,70080,70437,70794,71151,71508,71865,72222,72579,72936,73293,73650,74007,74364,74721,75078,75435,75792,76149,76506,76863,77220,77577,77934,78291,78648,79005,79362,79719,80076,80433,80790,81147,81504,81861,82218,82575,82932,83289,83646,84003,84360,84717,85074,85431,85788,86145,86502,86859,87216,87573,87930,88287,88644,88893,89001,89358,89715,90072,90429,90786,91143,91500,91857,92214,92571,92928,93285,93642,93999,94356,94713,95070,95427,95784,96141,96498,96855,97212,97569,97926,98283,98640,98997,99354,99711,100068,100425,100782,101139,101496,101853,102210,102567,102924,103281,103638,103995,104352,104709,105066,105423,105780,106137,106494,106851,107208,107565,107922,108279,108636,108993,109350,109707,110064,110421,110778,111135,111492,111849,112206,112563,112920,113277,113634,113991,114348,114705,115062,115419,115776,116133,116490,116847,117204,117561,117918,118275,118632,118989,119346,119703,120060,120417,120774,121131,121488,121845,122202,122559,122916,123273,123630,123987,124344,124701,125058,125415,125772,126129,126486,126843,127200
109,466,823,1180,1537,1894,2251,2608,2965,3322,3679,4036,4393,4750,5107,5464,5821,6178,6535,6892,7249,7606,7963,8320,8677,9034,9391,9748,10105,10462,10819,11176,11533,11890,12247,12604,12961,13318,13675,14032,14389,14746,15103,15460,15817,16174,16531,16888,17245,17602,17959,18316,18673,19030,19387,19744,20101,20458,20815,21172,21529,21886,22243,22600,22957,23314,23671,24028,24385,24742,25099,25456,25813,26170,26527,26884,27241,27598,27955,28312,28669,29026,29383,29740,30097,30454,30811,31168,31525,31882,32239,32596,32953,33310,33667,34024,34381,34738,35095,35452,35809,36166,36523,36880,37237,37594,37951,38308,38665,39022,39379,39736,40093,40450,40807,41164,41521,41878,42235,42592,42949,43306,43663,44020,44377,44734,45091,45448,45805,46162,46519,46876,47233,47590,47947,48304,48661,49018,49375,49732,50089,50446,50803,51160,51517,51874,52231,52588,52945,53302,53659,54016,54373,54730,55087,55444,55801,56158,56515,56872,57229,57586,57943,58300,58657,59014,59371,59728,60085,60442,60799,61156,61513,61870,62227,62584,62941,63298,63655,64012,64369,64726,65083,65440,65797,66154,66511,66868,67225,67582,67939,68296,68653,69010,69367,69724,70081,70438,70795,71152,71509,71866,72223,72580,72937,73294,73651,74008,74365,74722,75079,75436,75793,76150,76507,76864,77221,77578,77935,78292,78649,79006,79363,79720,80077,80434,80791,81148,81505,81862,82219,82576,82933,83290,83647,84004,84361,84718,85075,85432,85789,86146,86503,86860,87217,87574,87931,88288,88536,88645,89002,89359,89716,90073,90430,90787,91144,91501,91858,92215,92572,92929,93286,93643,94000,94357,94714,95071,95428,95785,96142,96499,96856,97213,97570,97927,98284,98641,98998,99355,99712,100069,100426,100783,101140,101497,101854,102211,102568,102925,103282,103639,103996,104353,104710,105067,105424,105781,106138,106495,106852,107209,107566,107923,108280,108637,108994,109351,109708,110065,110422,110779,111136,111493,111850,112207,112564,112921,113278,113635,113992,114349,114706,115063,115420,115777,116134,116491,116848,117205,117562,117919,118276,118633,118990,119347,119704,120061,120418,120775,121132,121489,121846,122203,122560,122917,123274,123631,123988,124345,124702,125059,125416,125773,126130,126487,126844,127201
110,467,824,1181,1538,1895,2252,2609,2966,3323,3680,4037,4394,4751,5108,5465,5822,6179,6536,6893,7250,7607,7964,8321,8678,9035,9392,9749,10106,10463,10820,11177,11534,11891,12248,12605,12962,13319,13676,14033,14390,14747,15104,15461,15818,16175,16532,16889,17246,17603,17960,18317,18674,19031,19388,19745,20102,20459,20816,21173,21530,21887,22244,22601,22958,23315,23672,24029,24386,24743,25100,25457,25814,26171,26528,26885,27242,27599,27956,28313,28670,29027,29384,29741,30098,30455,30812,31169,31526,31883,32240,32597,32954,33311,33668,34025,34382,34739,35096,35453,35810,36167,36524,36881,37238,37595,37952,38309,38666,39023,39380,39737,40094,40451,40808,41165,41522,41879,42236,42593,42950,43307,43664,44021,44378,44735,45092,45449,45806,46163,46520,46877,47234,47591,47948,48305,48662,49019,49376,49733,50090,50447,50804,51161,51518,51875,52232,52589,52946,53303,53660,54017,54374,54731,55088,55445,55802,56159,56516,56873,57230,57587,57944,58301,58658,59015,59372,59729,60086,60443,60800,61157,61514,61871,62228,62585,62942,63299,63656,64013,64370,64727,65084,65441,65798,66155,66512,66869,67226,67583,67940,68297,68654,69011,69368,69725,70082,70439,70796,71153,71510,71867,72224,72581,72938,73295,73652,74009,74366,74723,75080,75437,75794,76151,76508,76865,77222,77579,77936,78293,78650,79007,79364,79721,80078,80435,80792,81149,81506,81863,82220,82577,82934,83291,83648,84005,84362,84719,85076,85433,85790,86147,86504,86861,87218,87575,87932,88179,88289,88646,89003,89360,89717,90074,90431,90788,91145,91502,91859,92216,92573,92930,93287,93644,94001,94358,94715,95072,95429,95786,96143,96500,96857,97214,97571,97928,98285,98642,98999,99356,99713,100070,100427,100784,101141,101498,101855,102212,102569,102926,103283,103640,103997,104354,104711,105068,105425,105782,106139,106496,106853,107210,107567,107924,108281,108638,108995,109352,109709,110066,110423,110780,111137,111494,111851,112208,112565,112922,113279,113636,113993,114350,114707,115064,115421,115778,116135,116492,116849,117206,117563,117920,118277,118634,118991,119348,119705,120062,120419,120776,121133,121490,121847,122204,122561,122918,123275,123632,123989,124346,124703,125060,125417,125774,126131,126488,126845,127202
111,468,825,1182,1539,1896,2253,2610,2967,3324,3681,4038,4395,4752,5109,5466,5823,6180,6537,6894,7251,7608,7965,8322,8679,9036,9393,9750,10107,10464,10821,11178,11535,11892,12249,12606,12963,13320,13677,14034,14391,14748,15105,15462,15819,16176,16533,16890,17247,17604,17961,18318,18675,19032,19389,19746,20103,20460,20817,21174,21531,21888,22245,22602,22959,23316,23673,24030,24387,24744,25101,25458,25815,26172,26529,26886,27243,27600,27957,28314,28671,29028,29385,29742,30099,30456,30813,31170,31527,31884,32241,32598,32955,33312,33669,34026,34383,34740,35097,35454,35811,36168,36525,36882,37239,37596,37953,38310,38667,39024,39381,39738,40095,40452,40809,41166,41523,41880,42237,42594,42951,43308,43665,44022,44379,44736,45093,45450,45807,46164,46521,46878,47235,47592,47949,48306,48663,49020,49377,49734,50091,50448,50805,51162,51519,51876,52233,52590,52947,53304,53661,54018,54375,54732,55089,55446,55803,56160,56517,56874,57231,57588,57945,58302,58659,59016,59373,59730,60087,60444,60801,61158,61515,61872,62229,62586,62943,63300,63657,64014,64371,64728,65085,65442,65799,66156,66513,66870,67227,67584,67941,68298,68655,69012,69369,69726,70083,70440,70797,71154,71511,71868,72225,72582,72939,73296,73653,74010,74367,74724,75081,75438,75795,76152,76509,76866,77223,77580,77937,78294,78651,79008,79365,79722,80079,80436,80793,81150,81507,81864,82221,82578,82935,83292,83649,84006,84363,84720,85077,85434,85791,86148,86505,86862,87219,87576,87822,87933,88290,88647,89004,89361,89718,90075,90432,90789,91146,91503,91860,92217,92574,92931,93288,93645,94002,94359,94716,95073,95430,95787,96144,96501,96858,97215,97572,97929,98286,98643,99000,99357,99714,100071,100428,100785,101142,101499,101856,102213,102570,102927,103284,103641,103998,104355,104712,105069,105426,105783,106140,106497,106854,107211,107568,107925,108282,108639,108996,109353,109710,110067,110424,110781,111138,111495,111852,112209,112566,112923,113280,113637,113994,114351,114708,115065,115422,115779,116136,116493,116850,117207,117564,117921,118278,118635,118992,119349,119706,120063,120420,120777,121134,121491,121848,122205,122562,122919,123276,123633,123990,124347,124704,125061,125418,125775,126132,126489,126846,127203
112,469,826,1183,1540,1897,2254,2611,2968,3325,3682,4039,4396,4753,5110,5467,5824,6181,6538,6895,7252,7609,7966,8323,8680,9037,9394,9751,10108,10465,10822,11179,11536,11893,12250,12607,12964,13321,13678,14035,14392,14749,15106,15463,15820,16177,16534,16891,17248,17605,17962,18319,18676,19033,19390,19747,20104,20461,20818,21175,21532,21889,22246,22603,22960,23317,23674,24031,24388,24745,25102,25459,25816,26173,26530,26887,27244,27601,27958,28315,28672,29029,29386,29743,30100,30457,30814,31171,31528,31885,32242,32599,32956,33313,33670,34027,34384,34741,35098,35455,35812,36169,36526,36883,37240,37597,37954,38311,38668,39025,39382,39739,40096,40453,40810,41167,41524,41881,42238,42595,42952,43309,43666,44023,44380,44737,45094,45451,45808,46165,46522,46879,47236,47593,47950,48307,48664,49021,49378,49735,50092,50449,50806,51163,51520,51877,52234,52591,52948,53305,53662,54019,54376,54733,55090,55447,55804,56161,56518,56875,57232,57589,57946,58303,58660,59017,59374,59731,60088,60445,60802,61159,61516,61873,62230,62587,62944,63301,63658,64015,64372,64729,65086,65443,65800,66157,66514,66871,67228,67585,67942,68299,68656,69013,69370,69727,70084,70441,70798,71155,71512,71869,72226,72583,72940,73297,73654,74011,74368,74725,75082,75439,75796,76153,76510,76867,77224,77581,77938,78295,78652,79009,79366,79723,80080,80437,80794,81151,81508,81865,82222,82579,82936,83293,83650,84007,84364,84721,85078,85435,85792,86149,86506,86863,87220,87465,87577,87934,88291,88648,89005,89362,89719,90076,90433,90790,91147,91504,91861,92218,92575,92932,93289,93646,94003,94360,94717,95074,95431,95788,96145,96502,96859,97216,97573,97930,98287,98644,99001,99358,99715,100072,100429,100786,101143,101500,101857,102214,102571,102928,103285,103642,103999,104356,104713,105070,105427,105784,106141,106498,106855,107212,107569,107926,108283,108640,108997,109354,109711,110068,110425,110782,111139,111496,111853,112210,112567,112924,113281,113638,113995,114352,114709,115066,115423,115780,116137,116494,116851,117208,117565,117922,118279,118636,118993,119350,119707,120064,120421,120778,121135,121492,121849,122206,122563,122920,123277,123634,123991,124348,124705,125062,125419,125776,126133,126490,126847,127204
113,470,827,1184,1541,1898,2255,2612,2969,3326,3683,4040,4397,4754,5111,5468,5825,6182,6539,6896,7253,7610,7967,8324,8681,9038,9395,9752,10109,10466,10823,11180,11537,11894,12251,12608,12965,13322,13679,14036,14393,14750,15107,15464,15821,16178,16535,16892,17249,17606,17963,18320,18677,19034,19391,19748,20105,20462,20819,21176,21533,21890,22247,22604,22961,23318,23675,24032,24389,24746,25103,25460,25817,26174,26531,26888,27245,27602,27959,28316,28673,29030,29387,29744,30101,30458,30815,31172,31529,31886,32243,32600,32957,33314,33671,34028,34385,34742,35099,35456,35813,36170,36527,36884,37241,37598,37955,38312,38669,39026,39383,39740,40097,40454,40811,41168,41525,41882,42239,42596,42953,43310,43667,44024,44381,44738,45095,45452,45809,46166,46523,46880,47237,47594,47951,48308,48665,49022,49379,49736,50093,50450,50807,51164,51521,51878,52235,52592,52949,53306,53663,54020,54377,54734,55091,55448,55805,56162,56519,56876,57233,57590,57947,58304,58661,59018,59375,59732,60089,60446,60803,61160,61517,61874,62231,62588,62945,63302,63659,64016,64373,64730,65087,65444,65801,66158,66515,66872,67229,67586,67943,68300,68657,69014,69371,69728,70085,70442,70799,71156,71513,71870,72227,72584,72941,73298,73655,74012,74369,74726,75083,75440,75797,76154,76511,76868,77225,77582,77939,78296,78653,79010,79367,79724,80081,80438,80795,81152,81509,81866,82223,82580,82937,83294,83651,84008,84365,84722,85079,85436,85793,86150,86507,86864,87108,87221,87578,87935,88292,88649,89006,89363,89720,90077,90434,90791,91148,91505,91862,92219,92576,92933,93290,93647,94004,94361,94718,95075,95432,95789,96146,96503,96860,97217,97574,97931,98288,98645,99002,99359,99716,100073,100430,100787,101144,101501,101858,102215,102572,102929,103286,103643,104000,104357,104714,105071,105428,105785,106142,106499,106856,107213,107570,107927,108284,108641,108998,109355,109712,110069,110426,110783,111140,111497,111854,112211,112568,112925,113282,113639,113996,114353,114710,115067,115424,115781,116138,116495,116852,117209,117566,117923,118280,118637,118994,119351,119708,120065,120422,120779,121136,121493,121850,122207,122564,122921,123278,123635,123992,124349,124706,125063,125420,125777,126134,126491,126848,127205
114,471,828,1185,1542,1899,2256,2613,2970,3327,3684,4041,4398,4755,5112,5469,5826,6183,6540,6897,7254,7611,7968,8325,8682,9039,9396,9753,10110,10467,10824,11181,11538,11895,12252,12609,12966,13323,13680,14037,14394,14751,15108,15465,15822,16179,16536,16893,17250,17607,17964,18321,18678,19035,19392,19749,20106,20463,20820,21177,21534,21891,22248,22605,22962,23319,23676,24033,24390,24747,25104,25461,25818,26175,26532,26889,27246,27603,27960,28317,28674,29031,29388,29745,30102,30459,30816,31173,31530,31887,32244,32601,32958,33315,33672,34029,34386,34743,35100,35457,35814,36171,36528,36885,37242,37599,37956,38313,38670,39027,39384,39741,40098,40455,40812,41169,41526,41883,42240,42597,42954,43311,43668,44025,44382,44739,45096,45453,45810,46167,46524,46881,47238,47595,47952,48309,48666,49023,49380,49737,50094,50451,50808,51165,51522,51879,52236,52593,52950,53307,53664,54021,54378,54735,55092,55449,55806,56163,56520,56877,57234,57591,57948,58305,58662,59019,59376,59733,60090,60447,60804,61161,61518,61875,62232,62589,62946,63303,63660,64017,64374,64731,65088,65445,65802,66159,66516,66873,67230,67587,67944,68301,68658,69015,69372,69729,70086,70443,70800,71157,71514,71871,72228,72585,72942,73299,73656,74013,74370,74727,75084,75441,75798,76155,76512,76869,77226,77583,77940,78297,78654,79011,79368,79725,80082,80439,80796,81153,81510,81867,82224,82581,82938,83295,83652,84009,84366,84723,85080,85437,85794,86151,86508,86751,86865,87222,87579,87936,88293,88650,89007,89364,89721,90078,90435,90792,91149,91506,91863,92220,92577,92934,93291,93648,94005,94362,94719,95076,95433,95790,96147,96504,96861,97218,97575,97932,98289,98646,99003,99360,99717,100074,100431,100788,101145,101502,101859,102216,102573,102930,103287,103644,104001,104358,104715,105072,105429,105786,106143,106500,106857,107214,107571,107928,108285,108642,108999,109356,109713,110070,110427,110784,111141,111498,111855,112212,112569,112926,113283,113640,113997,114354,114711,115068,115425,115782,116139,116496,116853,117210,117567,117924,118281,118638,118995,119352,119709,120066,120423,120780,121137,121494,121851,122208,122565,122922,123279,123636,123993,124350,124707,125064,125421,125778,126135,126492,126849,127206
115,472,829,1186,1543,1900,2257,2614,2971,3328,3685,4042,4399,4756,5113,5470,5827,6184,6541,6898,7255,7612,7969,8326,8683,9040,9397,9754,10111,10468,10825,11182,11539,11896,12253,12610,12967,13324,13681,14038,14395,14752,15109,15466,15823,16180,16537,16894,17251,17608,17965,18322,18679,19036,19393,19750,20107,20464,20821,21178,21535,21892,22249,22606,22963,23320,23677,24034,24391,24748,25105,25462,25819,26176,26533,26890,27247,27604,27961,28318,28675,29032,29389,29746,30103,30460,30817,31174,31531,31888,32245,32602,32959,33316,33673,34030,34387,34744,35101,35458,35815,36172,36529,36886,37243,37600,37957,38314,38671,39028,39385,39742,40099,40456,40813,41170,41527,41884,42241,42598,42955,43312,43669,44026,44383,44740,45097,45454,45811,46168,46525,46882,47239,47596,47953,48310,48667,49024,49381,49738,50095,50452,50809,51166,51523,51880,52237,52594,52951,53308,53665,54022,54379,54736,55093,55450,55807,56164,56521,56878,57235,57592,57949,58306,58663,59020,59377,59734,60091,60448,60805,61162,61519,61876,62233,62590,62947,63304,63661,64018,64375,64732,65089,65446,65803,66160,66517,66874,67231,67588,67945,68302,68659,69016,69373,69730,70087,70444,70801,71158,71515,71872,72229,72586,72943,73300,73657,74014,74371,74728,75085,75442,75799,76156,76513,76870,77227,77584,77941,78298,78655,79012,79369,79726,80083,80440,80797,81154,81511,81868,82225,82582,82939,83296,83653,84010,84367,84724,85081,85438,85795,86152,86394,86509,86866,87223,87580,87937,88294,88651,89008,89365,89722,90079,90436,90793,91150,91507,91864,92221,92578,92935,93292,93649,94006,94363,94720,95077,95434,95791,96148,96505,96862,97219,97576,97933,98290,98647,99004,99361,99718,100075,100432,100789,101146,101503,101860,102217,102574,102931,103288,103645,104002,104359,104716,105073,105430,105787,106144,106501,106858,107215,107572,107929,108286,108643,109000,109357,109714,110071,110428,110785,111142,111499,111856,112213,112570,112927,113284,113641,113998,114355,114712,115069,115426,115783,116140,116497,116854,117211,117568,117925,118282,118639,118996,119353,119710,120067,120424,120781,121138,121495,121852,122209,122566,122923,123280,123637,123994,124351,124708,125065,125422,125779,126136,126493,126850,127207
116,473,830,1187,1544,1901,2258,2615,2972,3329,3686,4043,4400,4757,5114,5471,5828,6185,6542,6899,7256,7613,7970,8327,8684,9041,9398,9755,10112,10469,10826,11183,11540,11897,12254,12611,12968,13325,13682,14039,14396,14753,15110,15467,15824,16181,16538,16895,17252,17609,17966,18323,18680,19037,19394,19751,20108,20465,20822,21179,21536,21893,22250,22607,22964,23321,23678,24035,24392,24749,25106,25463,25820,26177,26534,26891,27248,27605,27962,28319,28676,29033,29390,29747,30104,30461,30818,31175,31532,31889,32246,32603,32960,33317,33674,34031,34388,34745,35102,35459,35816,36173,36530,36887,37244,37601,37958,38315,38672,39029,39386,39743,40100,40457,40814,41171,41528,41885,42242,42599,42956,43313,43670,44027,44384,44741,45098,45455,45812,46169,46526,46883,47240,47597,47954,48311,48668,49025,49382,49739,50096,50453,50810,51167,51524,51881,52238,52595,52952,53309,53666,54023,54380,54737,55094,55451,55808,56165,56522,56879,57236,57593,57950,58307,58664,59021,59378,59735,60092,60449,60806,61163,61520,61877,62234,62591,62948,63305,63662,64019,64376,64733,65090,65447,65804,66161,66518,66875,67232,67589,67946,68303,68660,69017,69374,69731,70088,70445,70802,71159,71516,71873,72230,72587,72944,73301,73658,74015,74372,74729,75086,75443,75800,76157,76514,76871,77228,77585,77942,78299,78656,79013,79370,79727,80084,80441,80798,81155,81512,81869,82226,82583,82940,83297,83654,84011,84368,84725,85082,85439,85796,86037,86153,86510,86867,87224,87581,87938,88295,88652,89009,89366,89723,90080,90437,90794,91151,91508,91865,92222,92579,92936,93293,93650,94007,94364,94721,95078,95435,95792,96149,96506,96863,97220,97577,97934,98291,98648,99005,99362,99719,100076,100433,100790,101147,101504,101861,102218,102575,102932,103289,103646,104003,104360,104717,105074,105431,105788,106145,106502,106859,107216,107573,107930,108287,108644,109001,109358,109715,110072,110429,110786,111143,111500,111857,112214,112571,112928,113285,113642,113999,114356,114713,115070,115427,115784,116141,116498,116855,117212,117569,117926,118283,118640,118997,119354,119711,120068,120425,120782,121139,121496,121853,122210,122567,122924,123281,123638,123995,124352,124709,125066,125423,125780,126137,126494,126851,127208
117,474,831,1188,1545,1902,2259,2616,2973,3330,3687,4044,4401,4758,5115,5472,5829,6186,6543,6900,7257,7614,7971,8328,8685,9042,9399,9756,10113,10470,10827,11184,11541,11898,12255,12612,12969,13326,13683,14040,14397,14754,15111,15468,15825,16182,16539,16896,17253,17610,17967,18324,18681,19038,19395,19752,20109,20466,20823,21180,21537,21894,22251,22608,22965,23322,23679,24036,24393,24750,25107,25464,25821,26178,26535,26892,27249,27606,27963,28320,28677,29034,29391,29748,30105,30462,30819,31176,31533,31890,32247,32604,32961,33318,33675,34032,34389,34746,35103,35460,35817,36174,36531,36888,37245,37602,37959,38316,38673,39030,39387,39744,40101,40458,40815,41172,41529,41886,42243,42600,42957,43314,43671,44028,44385,44742,45099,45456,45813,46170,46527,46884,47241,47598,47955,48312,48669,49026,49383,49740,50097,50454,50811,51168,51525,51882,52239,52596,52953,53310,53667,54024,54381,54738,55095,55452,55809,56166,56523,56880,57237,57594,57951,58308,58665,59022,59379,59736,60093,60450,60807,61164,61521,61878,62235,62592,62949,63306,63663,64020,64377,64734,65091,65448,65805,66162,66519,66876,67233,67590,67947,68304,68661,69018,69375,69732,70089,70446,70803,71160,71517,71874,72231,72588,72945,73302,73659,74016,74373,74730,75087,75444,75801,76158,76515,76872,77229,77586,77943,78300,78657,79014,79371,79728,80085,80442,80799,81156,81513,81870,82227,82584,82941,83298,83655,84012,84369,84726,85083,85440,85680,85797,86154,86511,86868,87225,87582,87939,88296,88653,89010,89367,89724,90081,90438,90795,91152,91509,91866,92223,92580,92937,93294,93651,94008,94365,94722,95079,95436,95793,96150,96507,96864,97221,97578,97935,98292,98649,99006,99363,99720,100077,100434,100791,101148,101505,101862,102219,102576,102933,103290,103647,104004,104361,104718,105075,105432,105789,106146,106503,106860,107217,107574,107931,108288,108645,109002,109359,109716,110073,110430,110787,111144,111501,111858,112215,112572,112929,113286,113643,114000,114357,114714,115071,115428,115785,116142,116499,116856,117213,117570,117927,118284,118641,118998,119355,119712,120069,120426,120783,121140,121497,121854,122211,122568,122925,123282,123639,123996,124353,124710,125067,125424,125781,126138,126495,126852,127209
118,475,832,1189,1546,1903,2260,2617,2974,3331,3688,4045,4402,4759,5116,5473,5830,6187,6544,6901,7258,7615,7972,8329,8686,9043,9400,9757,10114,10471,10828,11185,11542,11899,12256,12613,12970,13327,13684,14041,14398,14755,15112,15469,15826,16183,16540,16897,17254,17611,17968,18325,18682,19039,19396,19753,20110,20467,20824,21181,21538,21895,22252,22609,22966,23323,23680,24037,24394,24751,25108,25465,25822,26179,26536,26893,27250,27607,27964,28321,28678,29035,29392,29749,30106,30463,30820,31177,31534,31891,32248,32605,32962,33319,33676,34033,34390,34747,35104,35461,35818,36175,36532,36889,37246,37603,37960,38317,38674,39031,39388,39745,40102,40459,40816,41173,41530,41887,42244,42601,42958,43315,43672,44029,44386,44743,45100,45457,45814,46171,46528,46885,47242,47599,47956,48313,48670,49027,49384,49741,50098,50455,50812,51169,51526,51883,52240,52597,52954,53311,53668,54025,54382,54739,55096,55453,55810,56167,56524,56881,57238,57595,57952,58309,58666,59023,59380,59737,60094,60451,60808,61165,61522,61879,62236,62593,62950,63307,63664,64021,64378,64735,65092,65449,65806,66163,66520,66877,67234,67591,67948,68305,68662,69019,69376,69733,70090,70447,70804,71161,71518,71875,72232,72589,72946,73303,73660,74017,74374,74731,75088,75445,75802,76159,76516,76873,77230,77587,77944,78301,78658,79015,79372,79729,80086,80443,80800,81157,81514,81871,82228,82585,82942,83299,83656,84013,84370,84727,85084,85323,85441,85798,86155,86512,86869,87226,87583,87940,88297,88654,89011,89368,89725,90082,90439,90796,91153,91510,91867,92224,92581,92938,93295,93652,94009,94366,94723,95080,95437,95794,96151,96508,96865,97222,97579,97936,98293,98650,99007,99364,99721,100078,100435,100792,101149,101506,101863,102220,102577,102934,103291,103648,104005,104362,104719,105076,105433,105790,106147,106504,106861,107218,107575,107932,108289,108646,109003,109360,109717,110074,110431,110788,111145,111502,111859,112216,112573,112930,113287,113644,114001,114358,114715,115072,115429,115786,116143,116500,116857,117214,117571,117928,118285,118642,118999,119356,119713,120070,120427,120784,121141,121498,121855,122212,122569,122926,123283,123640,123997,124354,124711,125068,125425,125782,126139,126496,126853,127210
119,476,833,1190,1547,1904,2261,2618,2975,3332,3689,4046,4403,4760,5117,5474,5831,6188,6545,6902,7259,7616,7973,8330,8687,9044,9401,9758,10115,10472,10829,11186,11543,11900,12257,12614,12971,13328,13685,14042,14399,14756,15113,15470,15827,16184,16541,16898,17255,17612,17969,18326,18683,19040,19397,19754,20111,20468,20825,21182,21539,21896,22253,22610,22967,23324,23681,24038,24395,24752,25109,25466,25823,26180,26537,26894,27251,27608,27965,28322,28679,29036,29393,29750,30107,30464,30821,31178,31535,31892,32249,32606,32963,33320,33677,34034,34391,34748,35105,35462,35819,36176,36533,36890,37247,37604,37961,38318,38675,39032,39389,39746,40103,40460,40817,41174,41531,41888,42245,42602,42959,43316,43673,44030,44387,44744,45101,45458,45815,46172,46529,46886,47243,47600,47957,48314,48671,49028,49385,49742,50099,50456,50813,51170,51527,51884,52241,52598,52955,53312,53669,54026,54383,54740,55097,55454,55811,56168,56525,56882,57239,57596,57953,58310,58667,59024,59381,59738,60095,60452,60809,61166,61523,61880,62237,62594,62951,63308,63665,64022,64379,64736,65093,65450,65807,66164,66521,66878,67235,67592,67949,68306,68663,69020,69377,69734,70091,70448,70805,71162,71519,71876,72233,72590,72947,73304,73661,74018,74375,74732,75089,75446,75803,76160,76517,76874,77231,77588,77945,78302,78659,79016,79373,79730,80087,80444,80801,81158,81515,81872,82229,82586,82943,83300,83657,84014,84371,84728,84966,85085,85442,85799,86156,86513,86870,87227,87584,87941,88298,88655,89012,89369,89726,90083,90440,90797,91154,91511,91868,92225,92582,92939,93296,93653,94010,94367,94724,95081,95438,95795,96152,96509,96866,97223,97580,97937,98294,98651,99008,99365,99722,100079,100436,100793,101150,101507,101864,102221,102578,102935,103292,103649,104006,104363,104720,105077,105434,105791,106148,106505,106862,107219,107576,107933,108290,108647,109004,109361,109718,110075,110432,110789,111146,111503,111860,112217,112574,112931,113288,113645,114002,114359,114716,115073,115430,115787,116144,116501,116858,117215,117572,117929,118286,118643,119000,119357,119714,120071,120428,120785,121142,121499,121856,122213,122570,122927,123284,123641,123998,124355,124712,125069,125426,125783,126140,126497,126854,127211
120,477,834,1191,1548,1905,2262,2619,2976,3333,3690,4047,4404,4761,5118,5475,5832,6189,6546,6903,7260,7617,7974,8331,8688,9045,9402,9759,10116,10473,10830,11187,11544,11901,12258,12615,12972,13329,13686,14043,14400,14757,15114,15471,15828,16185,16542,16899,17256,17613,17970,18327,18684,19041,19398,19755,20112,20469,20826,21183,21540,21897,22254,22611,22968,23325,23682,24039,24396,24753,25110,25467,25824,26181,26538,26895,27252,27609,27966,28323,28680,29037,29394,29751,30108,30465,30822,31179,31536,31893,32250,32607,32964,33321,33678,34035,34392,34749,35106,35463,35820,36177,36534,36891,37248,37605,37962,38319,38676,39033,39390,39747,40104,40461,40818,41175,41532,41889,42246,42603,42960,43317,43674,44031,44388,44745,45102,45459,45816,46173,46530,46887,47244,47601,47958,48315,48672,49029,49386,49743,50100,50457,50814,51171,51528,51885,52242,52599,52956,53313,53670,54027,54384,54741,55098,55455,55812,56169,56526,56883,57240,57597,57954,58311,58668,59025,59382,59739,60096,60453,60810,61167,61524,61881,62238,62595,62952,63309,63666,64023,64380,64737,65094,65451,65808,66165,66522,66879,67236,67593,67950,68307,68664,69021,69378,69735,70092,70449,70806,71163,71520,71877,72234,72591,72948,73305,73662,74019,74376,74733,75090,75447,75804,76161,76518,76875,77232,77589,77946,78303,78660,79017,79374,79731,80088,80445,80802,81159,81516,81873,82230,82587,82944,83301,83658,84015,84372,84609,84729,85086,85443,85800,86157,86514,86871,87228,87585,87942,88299,88656,89013,89370,89727,90084,90441,90798,91155,91512,91869,92226,92583,92940,93297,93654,94011,94368,94725,95082,95439,95796,96153,96510,96867,97224,97581,97938,98295,98652,99009,99366,99723,100080,100437,100794,101151,101508,101865,102222,102579,102936,103293,103650,104007,104364,104721,105078,105435,105792,106149,106506,106863,107220,107577,107934,108291,108648,109005,109362,109719,110076,110433,110790,111147,111504,111861,112218,112575,112932,113289,113646,114003,114360,114717,115074,115431,115788,116145,116502,116859,117216,117573,117930,118287,118644,119001,119358,119715,120072,120429,120786,121143,121500,121857,122214,122571,122928,123285,123642,123999,124356,124713,125070,125427,125784,126141,126498,126855,127212
121,478,835,1192,1549,1906,2263,2620,2977,3334,3691,4048,4405,4762,5119,5476,5833,6190,6547,6904,7261,7618,7975,8332,8689,9046,9403,9760,10117,10474,10831,11188,11545,11902,12259,12616,12973,13330,13687,14044,14401,14758,15115,15472,15829,16186,16543,16900,17257,17614,17971,18328,18685,19042,19399,19756,20113,20470,20827,21184,21541,21898,22255,22612,22969,23326,23683,24040,24397,24754,25111,25468,25825,26182,26539,26896,27253,27610,27967,28324,28681,29038,29395,29752,30109,30466,30823,31180,31537,31894,32251,32608,32965,33322,33679,34036,34393,34750,35107,35464,35821,36178,36535,36892,37249,37606,37963,38320,38677,39034,39391,39748,40105,40462,40819,41176,41533,41890,42247,42604,42961,43318,43675,44032,44389,44746,45103,45460,45817,46174,46531,46888,47245,47602,47959,48316,48673,49030,49387,49744,50101,50458,50815,51172,51529,51886,52243,52600,52957,53314,53671,54028,54385,54742,55099,55456,55813,56170,56527,56884,57241,57598,57955,58312,58669,59026,59383,59740,60097,60454,60811,61168,61525,61882,62239,62596,62953,63310,63667,64024,64381,64738,65095,65452,65809,66166,66523,66880,67237,67594,67951,68308,68665,69022,69379,69736,70093,70450,70807,71164,71521,71878,72235,72592,72949,73306,73663,74020,74377,74734,75091,75448,75805,76162,76519,76876,77233,77590,77947,78304,78661,79018,79375,79732,80089,80446,80803,81160,81517,81874,82231,82588,82945,83302,83659,84016,84252,84373,84730,85087,85444,85801,86158,86515,86872,87229,87586,87943,88300,88657,89014,89371,89728,90085,90442,90799,91156,91513,91870,92227,92584,92941,93298,93655,94012,94369,94726,95083,95440,95797,96154,96511,96868,97225,97582,97939,98296,98653,99010,99367,99724,100081,100438,100795,101152,101509,101866,102223,102580,102937,103294,103651,104008,104365,104722,105079,105436,105793,106150,106507,106864,107221,107578,107935,108292,108649,109006,109363,109720,110077,110434,110791,111148,111505,111862,112219,112576,112933,113290,113647,114004,114361,114718,115075,115432,115789,116146,116503,116860,117217,117574,117931,118288,118645,119002,119359,119716,120073,120430,120787,121144,121501,121858,122215,122572,122929,123286,123643,124000,124357,124714,125071,125428,125785,126142,126499,126856,127213
122,479,836,1193,1550,1907,2264,2621,2978,3335,3692,4049,4406,4763,5120,5477,5834,6191,6548,6905,7262,7619,7976,8333,8690,9047,9404,9761,10118,10475,10832,11189,11546,11903,12260,12617,12974,13331,13688,14045,14402,14759,15116,15473,15830,16187,16544,16901,17258,17615,17972,18329,18686,19043,19400,19757,20114,20471,20828,21185,21542,21899,22256,22613,22970,23327,23684,24041,24398,24755,25112,25469,25826,26183,26540,26897,27254,27611,27968,28325,28682,29039,29396,29753,30110,30467,30824,31181,31538,31895,32252,32609,32966,33323,33680,34037,34394,34751,35108,35465,35822,36179,36536,36893,37250,37607,37964,38321,38678,39035,39392,39749,40106,40463,40820,41177,41534,41891,42248,42605,42962,43319,43676,44033,44390,44747,45104,45461,45818,46175,46532,46889,47246,47603,47960,48317,48674,49031,49388,49745,50102,50459,50816,51173,51530,51887,52244,52601,52958,53315,53672,54029,54386,54743,55100,55457,55814,56171,56528,56885,57242,57599,57956,58313,58670,59027,59384,59741,60098,60455,60812,61169,61526,61883,62240,62597,62954,63311,63668,64025,64382,64739,65096,65453,65810,66167,66524,66881,67238,67595,67952,68309,68666,69023,69380,69737,70094,70451,70808,71165,71522,71879,72236,72593,72950,73307,73664,74021,74378,74735,75092,75449,75806,76163,76520,76877,77234,77591,77948,78305,78662,79019,79376,79733,80090,80447,80804,81161,81518,81875,82232,82589,82946,83303,83660,83895,84017,84374,84731,85088,85445,85802,86159,86516,86873,87230,87587,87944,88301,88658,89015,89372,89729,90086,90443,90800,91157,91514,91871,92228,92585,92942,93299,93656,94013,94370,94727,95084,95441,95798,96155,96512,96869,97226,97583,97940,98297,98654,99011,99368,99725,100082,100439,100796,101153,101510,101867,102224,102581,102938,103295,103652,104009,104366,104723,105080,105437,105794,106151,106508,106865,107222,107579,107936,108293,108650,109007,109364,109721,110078,110435,110792,111149,111506,111863,112220,112577,112934,113291,113648,114005,114362,114719,115076,115433,115790,116147,116504,116861,117218,117575,117932,118289,118646,119003,119360,119717,120074,120431,120788,121145,121502,121859,122216,122573,122930,123287,123644,124001,124358,124715,125072,125429,125786,126143,126500,126857,127214
123,480,837,1194,1551,1908,2265,2622,2979,3336,3693,4050,4407,4764,5121,5478,5835,6192,6549,6906,7263,7620,7977,8334,8691,9048,9405,9762,10119,10476,10833,11190,11547,11904,12261,12618,12975,13332,13689,14046,14403,14760,15117,15474,15831,16188,16545,16902,17259,17616,17973,18330,18687,19044,19401,19758,20115,20472,20829,21186,21543,21900,22257,22614,22971,23328,23685,24042,24399,24756,25113,25470,25827,26184,26541,26898,27255,27612,27969,28326,28683,29040,29397,29754,30111,30468,30825,31182,31539,31896,32253,32610,32967,33324,33681,34038,34395,34752,35109,35466,35823,36180,36537,36894,37251,37608,37965,38322,38679,39036,39393,39750,40107,40464,40821,41178,41535,41892,42249,42606,42963,43320,43677,44034,44391,44748,45105,45462,45819,46176,46533,46890,47247,47604,47961,48318,48675,49032,49389,49746,50103,50460,50817,51174,51531,51888,52245,52602,52959,53316,53673,54030,54387,54744,55101,55458,55815,56172,56529,56886,57243,57600,57957,58314,58671,59028,59385,59742,60099,60456,60813,61170,61527,61884,62241,62598,62955,63312,63669,64026,64383,64740,65097,65454,65811,66168,66525,66882,67239,67596,67953,68310,68667,69024,69381,69738,70095,70452,70809,71166,71523,71880,72237,72594,72951,73308,73665,74022,74379,74736,75093,75450,75807,76164,76521,76878,77235,77592,77949,78306,78663,79020,79377,79734,80091,80448,80805,81162,81519,81876,82233,82590,82947,83304,83538,83661,84018,84375,84732,85089,85446,85803,86160,86517,86874,87231,87588,87945,88302,88659,89016,89373,89730,90087,90444,90801,91158,91515,91872,92229,92586,92943,93300,93657,94014,94371,94728,95085,95442,95799,96156,96513,96870,97227,97584,97941,98298,98655,99012,99369,99726,100083,100440,100797,101154,101511,101868,102225,102582,102939,103296,103653,104010,104367,104724,105081,105438,105795,106152,106509,106866,107223,107580,107937,108294,108651,109008,109365,109722,110079,110436,110793,111150,111507,111864,112221,112578,112935,113292,113649,114006,114363,114720,115077,115434,115791,116148,116505,116862,117219,117576,117933,118290,118647,119004,119361,119718,120075,120432,120789,121146,121503,121860,122217,122574,122931,123288,123645,124002,124359,124716,125073,125430,125787,126144,126501,126858,127215
124,481,838,1195,1552,1909,2266,2623,2980,3337,3694,4051,4408,4765,5122,5479,5836,6193,6550,6907,7264,7621,7978,8335,8692,9049,9406,9763,10120,10477,10834,11191,11548,11905,12262,12619,12976,13333,13690,14047,14404,14761,15118,15475,15832,16189,16546,16903,17260,17617,17974,18331,18688,19045,19402,19759,20116,20473,20830,21187,21544,21901,22258,22615,22972,23329,23686,24043,24400,24757,25114,25471,25828,26185,26542,26899,27256,27613,27970,28327,28684,29041,29398,29755,30112,30469,30826,31183,31540,31897,32254,32611,32968,33325,33682,34039,34396,34753,35110,35467,35824,36181,36538,36895,37252,37609,37966,38323,38680,39037,39394,39751,40108,40465,40822,41179,41536,41893,42250,42607,42964,43321,43678,44035,44392,44749,45106,45463,45820,46177,46534,46891,47248,47605,47962,48319,48676,49033,49390,49747,50104,50461,50818,51175,51532,51889,52246,52603,52960,53317,53674,54031,54388,54745,55102,55459,55816,56173,56530,56887,57244,57601,57958,58315,58672,59029,59386,59743,60100,60457,60814,61171,61528,61885,62242,62599,62956,63313,63670,64027,64384,64741,65098,65455,65812,66169,66526,66883,67240,67597,67954,68311,68668,69025,69382,69739,70096,70453,70810,71167,71524,71881,72238,72595,72952,73309,73666,74023,74380,74737,75094,75451,75808,76165,76522,76879,77236,77593,77950,78307,78664,79021,79378,79735,80092,80449,80806,81163,81520,81877,82234,82591,82948,83181,83305,83662,84019,84376,84733,85090,85447,85804,86161,86518,86875,87232,87589,87946,88303,88660,89017,89374,89731,90088,90445,90802,91159,91516,91873,92230,92587,92944,93301,93658,94015,94372,94729,95086,95443,95800,96157,96514,96871,97228,97585,97942,98299,98656,99013,99370,99727,100084,100441,100798,101155,101512,101869,102226,102583,102940,103297,103654,104011,104368,104725,105082,105439,105796,106153,106510,106867,107224,107581,107938,108295,108652,109009,109366,109723,110080,110437,110794,111151,111508,111865,112222,112579,112936,113293,113650,114007,114364,114721,115078,115435,115792,116149,116506,116863,117220,117577,117934,118291,118648,119005,119362,119719,120076,120433,120790,121147,121504,121861,122218,122575,122932,123289,123646,124003,124360,124717,125074,125431,125788,126145,126502,126859,127216
125,482,839,1196,1553,1910,2267,2624,2981,3338,3695,4052,4409,4766,5123,5480,5837,6194,6551,6908,7265,7622,7979,8336,8693,9050,9407,9764,10121,10478,10835,11192,11549,11906,12263,12620,12977,13334,13691,14048,14405,14762,15119,15476,15833,16190,16547,16904,17261,17618,17975,18332,18689,19046,19403,19760,20117,20474,20831,21188,21545,21902,22259,22616,22973,23330,23687,24044,24401,24758,25115,25472,25829,26186,26543,26900,27257,27614,27971,28328,28685,29042,29399,29756,30113,30470,30827,31184,31541,31898,32255,32612,32969,33326,33683,34040,34397,34754,35111,35468,35825,36182,36539,36896,37253,37610,37967,38324,38681,39038,39395,39752,40109,40466,40823,41180,41537,41894,42251,42608,42965,43322,43679,44036,44393,44750,45107,45464,45821,46178,46535,46892,47249,47606,47963,48320,48677,49034,49391,49748,50105,50462,50819,51176,51533,51890,52247,52604,52961,53318,53675,54032,54389,54746,55103,55460,55817,56174,56531,56888,57245,57602,57959,58316,58673,59030,59387,59744,60101,60458,60815,61172,61529,61886,62243,62600,62957,63314,63671,64028,64385,64742,65099,65456,65813,66170,66527,66884,67241,67598,67955,68312,68669,69026,69383,69740,70097,70454,70811,71168,71525,71882,72239,72596,72953,73310,73667,74024,74381,74738,75095,75452,75809,76166,76523,76880,77237,77594,77951,78308,78665,79022,79379,79736,80093,80450,80807,81164,81521,81878,82235,82592,82824,82949,83306,83663,84020,84377,84734,85091,85448,85805,86162,86519,86876,87233,87590,87947,88304,88661,89018,89375,89732,90089,90446,90803,91160,91517,91874,92231,92588,92945,93302,93659,94016,94373,94730,95087,95444,95801,96158,96515,96872,97229,97586,97943,98300,98657,99014,99371,99728,100085,100442,100799,101156,101513,101870,102227,102584,102941,103298,103655,104012,104369,104726,105083,105440,105797,106154,106511,106868,107225,107582,107939,108296,108653,109010,109367,109724,110081,110438,110795,111152,111509,111866,112223,112580,112937,113294,113651,114008,114365,114722,115079,115436,115793,116150,116507,116864,117221,117578,117935,118292,118649,119006,119363,119720,120077,120434,120791,121148,121505,121862,122219,122576,122933,123290,123647,124004,124361,124718,125075,125432,125789,126146,126503,126860,127217
126,483,840,1197,1554,1911,2268,2625,2982,3339,3696,4053,4410,4767,5124,5481,5838,6195,6552,6909,7266,7623,7980,8337,8694,9051,9408,9765,10122,10479,10836,11193,11550,11907,12264,12621,12978,13335,13692,14049,14406,14763,15120,15477,15834,16191,16548,16905,17262,17619,17976,18333,18690,19047,19404,19761,20118,20475,20832,21189,21546,21903,22260,22617,22974,23331,23688,24045,24402,24759,25116,25473,25830,26187,26544,26901,27258,27615,27972,28329,28686,29043,29400,29757,30114,30471,30828,31185,31542,31899,32256,32613,32970,33327,33684,34041,34398,34755,35112,35469,35826,36183,36540,36897,37254,37611,37968,38325,38682,39039,39396,39753,40110,40467,40824,41181,41538,41895,42252,42609,42966,43323,43680,44037,44394,44751,45108,45465,45822,46179,46536,46893,47250,47607,47964,48321,48678,49035,49392,49749,50106,50463,50820,51177,51534,51891,52248,52605,52962,53319,53676,54033,54390,54747,55104,55461,55818,56175,56532,56889,57246,57603,57960,58317,58674,59031,59388,59745,60102,60459,60816,61173,61530,61887,62244,62601,62958,63315,63672,64029,64386,64743,65100,65457,65814,66171,66528,66885,67242,67599,67956,68313,68670,69027,69384,69741,70098,70455,70812,71169,71526,71883,72240,72597,72954,73311,73668,74025,74382,74739,75096,75453,75810,76167,76524,76881,77238,77595,77952,78309,78666,79023,79380,79737,80094,80451,80808,81165,81522,81879,82236,82467,82593,82950,83307,83664,84021,84378,84735,85092,85449,85806,86163,86520,86877,87234,87591,87948,88305,88662,89019,89376,89733,90090,90447,90804,91161,91518,91875,92232,92589,92946,93303,93660,94017,94374,94731,95088,95445,95802,96159,96516,96873,97230,97587,97944,98301,98658,99015,99372,99729,100086,100443,100800,101157,101514,101871,102228,102585,102942,103299,103656,104013,104370,104727,105084,105441,105798,106155,106512,106869,107226,107583,107940,108297,108654,109011,109368,109725,110082,110439,110796,111153,111510,111867,112224,112581,112938,113295,113652,114009,114366,114723,115080,115437,115794,116151,116508,116865,117222,117579,117936,118293,118650,119007,119364,119721,120078,120435,120792,121149,121506,121863,122220,122577,122934,123291,123648,124005,124362,124719,125076,125433,125790,126147,126504,126861,127218
127,484,841,1198,1555,1912,2269,2626,2983,3340,3697,4054,4411,4768,5125,5482,5839,6196,6553,6910,7267,7624,7981,8338,8695,9052,9409,9766,10123,10480,10837,11194,11551,11908,12265,12622,12979,13336,13693,14050,14407,14764,15121,15478,15835,16192,16549,16906,17263,17620,17977,18334,18691,19048,19405,19762,20119,20476,20833,21190,21547,21904,22261,22618,22975,23332,23689,24046,24403,24760,25117,25474,25831,26188,26545,26902,27259,27616,27973,28330,28687,29044,29401,29758,30115,30472,30829,31186,31543,31900,32257,32614,32971,33328,33685,34042,34399,34756,35113,35470,35827,36184,36541,36898,37255,37612,37969,38326,38683,39040,39397,39754,40111,40468,40825,41182,41539,41896,42253,42610,42967,43324,43681,44038,44395,44752,45109,45466,45823,46180,46537,46894,47251,47608,47965,48322,48679,49036,49393,49750,50107,50464,50821,51178,51535,51892,52249,52606,52963,53320,53677,54034,54391,54748,55105,55462,55819,56176,56533,56890,57247,57604,57961,58318,58675,59032,59389,59746,60103,60460,60817,61174,61531,61888,62245,62602,62959,63316,63673,64030,64387,64744,65101,65458,65815,66172,66529,66886,67243,67600,67957,68314,68671,69028,69385,69742,70099,70456,70813,71170,71527,71884,72241,72598,72955,73312,73669,74026,74383,74740,75097,75454,75811,76168,76525,76882,77239,77596,77953,78310,78667,79024,79381,79738,80095,80452,80809,81166,81523,81880,82110,82237,82594,82951,83308,83665,84022,84379,84736,85093,85450,85807,86164,86521,86878,87235,87592,87949,88306,88663,89020,89377,89734,90091,90448,90805,91162,91519,91876,92233,92590,92947,93304,93661,94018,94375,94732,95089,95446,95803,96160,96517,96874,97231,97588,97945,98302,98659,99016,99373,99730,100087,100444,100801,101158,101515,101872,102229,102586,102943,103300,103657,104014,104371,104728,105085,105442,105799,106156,106513,106870,107227,107584,107941,108298,108655,109012,109369,109726,110083,110440,110797,111154,111511,111868,112225,112582,112939,113296,113653,114010,114367,114724,115081,115438,115795,116152,116509,116866,117223,117580,117937,118294,118651,119008,119365,119722,120079,120436,120793,121150,121507,121864,122221,122578,122935,123292,123649,124006,124363,124720,125077,125434,125791,126148,126505,126862,127219
128,485,842,1199,1556,1913,2270,2627,2984,3341,3698,4055,4412,4769,5126,5483,5840,6197,6554,6911,7268,7625,7982,8339,8696,9053,9410,9767,10124,10481,10838,11195,11552,11909,12266,12623,12980,13337,13694,14051,14408,14765,15122,15479,15836,16193,16550,16907,17264,17621,17978,18335,18692,19049,19406,19763,20120,20477,20834,21191,21548,21905,22262,22619,22976,23333,23690,24047,24404,24761,25118,25475,25832,26189,26546,26903,27260,27617,27974,28331,28688,29045,29402,29759,30116,30473,30830,31187,31544,31901,32258,32615,32972,33329,33686,34043,34400,34757,35114,35471,35828,36185,36542,36899,37256,37613,37970,38327,38684,39041,39398,39755,40112,40469,40826,41183,41540,41897,42254,42611,42968,43325,43682,44039,44396,44753,45110,45467,45824,46181,46538,46895,47252,47609,47966,48323,48680,49037,49394,49751,50108,50465,50822,51179,51536,51893,52250,52607,52964,53321,53678,54035,54392,54749,55106,55463,55820,56177,56534,56891,57248,57605,57962,58319,58676,59033,59390,59747,60104,60461,60818,61175,61532,61889,62246,62603,62960,63317,63674,64031,64388,64745,65102,65459,65816,66173,66530,66887,67244,67601,67958,68315,68672,69029,69386,69743,70100,70457,70814,71171,71528,71885,72242,72599,72956,73313,73670,74027,74384,74741,75098,75455,75812,76169,76526,76883,77240,77597,77954,78311,78668,79025,79382,79739,80096,80453,80810,81167,81524,81753,81881,82238,82595,82952,83309,83666,84023,84380,84737,85094,85451,85808,86165,86522,86879,87236,87593,87950,88307,88664,89021,89378,89735,90092,90449,90806,91163,91520,91877,92234,92591,92948,93305,93662,94019,94376,94733,95090,95447,95804,96161,96518,96875,97232,97589,97946,98303,98660,99017,99374,99731,100088,100445,100802,101159,101516,101873,102230,102587,102944,103301,103658,104015,104372,104729,105086,105443,105800,106157,106514,106871,107228,107585,107942,108299,108656,109013,109370,109727,110084,110441,110798,111155,111512,111869,112226,112583,112940,113297,113654,114011,114368,114725,115082,115439,115796,116153,116510,116867,117224,117581,117938,118295,118652,119009,119366,119723,120080,120437,120794,121151,121508,121865,122222,122579,122936,123293,123650,124007,124364,124721,125078,125435,125792,126149,126506,126863,127220
129,486,843,1200,1557,1914,2271,2628,2985,3342,3699,4056,4413,4770,5127,5484,5841,6198,6555,6912,7269,7626,7983,8340,8697,9054,9411,9768,10125,10482,10839,11196,11553,11910,12267,12624,12981,13338,13695,14052,14409,14766,15123,15480,15837,16194,16551,16908,17265,17622,17979,18336,18693,19050,19407,19764,20121,20478,20835,21192,21549,21906,22263,22620,22977,23334,23691,24048,24405,24762,25119,25476,25833,26190,26547,26904,27261,27618,27975,28332,28689,29046,29403,29760,30117,30474,30831,31188,31545,31902,32259,32616,32973,33330,33687,34044,34401,34758,35115,35472,35829,36186,36543,36900,37257,37614,37971,38328,38685,39042,39399,39756,40113,40470,40827,41184,41541,41898,42255,42612,42969,43326,43683,44040,44397,44754,45111,45468,45825,46182,46539,46896,47253,47610,47967,48324,48681,49038,49395,49752,50109,50466,50823,51180,51537,51894,52251,52608,52965,53322,53679,54036,54393,54750,55107,55464,55821,56178,56535,56892,57249,57606,57963,58320,58677,59034,59391,59748,60105,60462,60819,61176,61533,61890,62247,62604,62961,63318,63675,64032,64389,64746,65103,65460,65817,66174,66531,66888,67245,67602,67959,68316,68673,69030,69387,69744,70101,70458,70815,71172,71529,71886,72243,72600,72957,73314,73671,74028,74385,74742,75099,75456,75813,76170,76527,76884,77241,77598,77955,78312,78669,79026,79383,79740,80097,80454,80811,81168,81396,81525,81882,82239,82596,82953,83310,83667,84024,84381,84738,85095,85452,85809,86166,86523,86880,87237,87594,87951,88308,88665,89022,89379,89736,90093,90450,90807,91164,91521,91878,92235,92592,92949,93306,93663,94020,94377,94734,95091,95448,95805,96162,96519,96876,97233,97590,97947,98304,98661,99018,99375,99732,100089,100446,100803,101160,101517,101874,102231,102588,102945,103302,103659,104016,104373,104730,105087,105444,105801,106158,106515,106872,107229,107586,107943,108300,108657,109014,109371,109728,110085,110442,110799,111156,111513,111870,112227,112584,112941,113298,113655,114012,114369,114726,115083,115440,115797,116154,116511,116868,117225,117582,117939,118296,118653,119010,119367,119724,120081,120438,120795,121152,121509,121866,122223,122580,122937,123294,123651,124008,124365,124722,125079,125436,125793,126150,126507,126864,127221
130,487,844,1201,1558,1915,2272,2629,2986,3343,3700,4057,4414,4771,5128,5485,5842,6199,6556,6913,7270,7627,7984,8341,8698,9055,9412,9769,10126,10483,10840,11197,11554,11911,12268,12625,12982,13339,13696,14053,14410,14767,15124,15481,15838,16195,16552,16909,17266,17623,17980,18337,18694,19051,19408,19765,20122,20479,20836,21193,21550,21907,22264,22621,22978,23335,23692,24049,24406,24763,25120,25477,25834,26191,26548,26905,27262,27619,27976,28333,28690,29047,29404,29761,30118,30475,30832,31189,31546,31903,32260,32617,32974,33331,33688,34045,34402,34759,35116,35473,35830,36187,36544,36901,37258,37615,37972,38329,38686,39043,39400,39757,40114,40471,40828,41185,41542,41899,42256,42613,42970,43327,43684,44041,44398,44755,45112,45469,45826,46183,46540,46897,47254,47611,47968,48325,48682,49039,49396,49753,50110,50467,50824,51181,51538,51895,52252,52609,52966,53323,53680,54037,54394,54751,55108,55465,55822,56179,56536,56893,57250,57607,57964,58321,58678,59035,59392,59749,60106,60463,60820,61177,61534,61891,62248,62605,62962,63319,63676,64033,64390,64747,65104,65461,65818,66175,66532,66889,67246,67603,67960,68317,68674,69031,69388,69745,70102,70459,70816,71173,71530,71887,72244,72601,72958,73315,73672,74029,74386,74743,75100,75457,75814,76171,76528,76885,77242,77599,77956,78313,78670,79027,79384,79741,80098,80455,80812,81039,81169,81526,81883,82240,82597,82954,83311,83668,84025,84382,84739,85096,85453,85810,86167,86524,86881,87238,87595,87952,88309,88666,89023,89380,89737,90094,90451,90808,91165,91522,91879,92236,92593,92950,93307,93664,94021,94378,94735,95092,95449,95806,96163,96520,96877,97234,97591,97948,98305,98662,99019,99376,99733,100090,100447,100804,101161,101518,101875,102232,102589,102946,103303,103660,104017,104374,104731,105088,105445,105802,106159,106516,106873,107230,107587,107944,108301,108658,109015,109372,109729,110086,110443,110800,111157,111514,111871,112228,112585,112942,113299,113656,114013,114370,114727,115084,115441,115798,116155,116512,116869,117226,117583,117940,118297,118654,119011,119368,119725,120082,120439,120796,121153,121510,121867,122224,122581,122938,123295,123652,124009,124366,124723,125080,125437,125794,126151,126508,126865,127222
131,488,845,1202,1559,1916,2273,2630,2987,3344,3701,4058,4415,4772,5129,5486,5843,6200,6557,6914,7271,7628,7985,8342,8699,9056,9413,9770,10127,10484,10841,11198,11555,11912,12269,12626,12983,13340,13697,14054,14411,14768,15125,15482,15839,16196,16553,16910,17267,17624,17981,18338,18695,19052,19409,19766,20123,20480,20837,21194,21551,21908,22265,22622,22979,23336,23693,24050,24407,24764,25121,25478,25835,26192,26549,26906,27263,27620,27977,28334,28691,29048,29405,29762,30119,30476,30833,31190,31547,31904,32261,32618,32975,33332,33689,34046,34403,34760,35117,35474,35831,36188,36545,36902,37259,37616,37973,38330,38687,39044,39401,39758,40115,40472,40829,41186,41543,41900,42257,42614,42971,43328,43685,44042,44399,44756,45113,45470,45827,46184,46541,46898,47255,47612,47969,48326,48683,49040,49397,49754,50111,50468,50825,51182,51539,51896,52253,52610,52967,53324,53681,54038,54395,54752,55109,55466,55823,56180,56537,56894,57251,57608,57965,58322,58679,59036,59393,59750,60107,60464,60821,61178,61535,61892,62249,62606,62963,63320,63677,64034,64391,64748,65105,65462,65819,66176,66533,66890,67247,67604,67961,68318,68675,69032,69389,69746,70103,70460,70817,71174,71531,71888,72245,72602,72959,73316,73673,74030,74387,74744,75101,75458,75815,76172,76529,76886,77243,77600,77957,78314,78671,79028,79385,79742,80099,80456,80682,80813,81170,81527,81884,82241,82598,82955,83312,83669,84026,84383,84740,85097,85454,85811,86168,86525,86882,87239,87596,87953,88310,88667,89024,89381,89738,90095,90452,90809,91166,91523,91880,92237,92594,92951,93308,93665,94022,94379,94736,95093,95450,95807,96164,96521,96878,97235,97592,97949,98306,98663,99020,99377,99734,100091,100448,100805,101162,101519,101876,102233,102590,102947,103304,103661,104018,104375,104732,105089,105446,105803,106160,106517,106874,107231,107588,107945,108302,108659,109016,109373,109730,110087,110444,110801,111158,111515,111872,112229,112586,112943,113300,113657,114014,114371,114728,115085,115442,115799,116156,116513,116870,117227,117584,117941,118298,118655,119012,119369,119726,120083,120440,120797,121154,121511,121868,122225,122582,122939,123296,123653,124010,124367,124724,125081,125438,125795,126152,126509,126866,127223
132,489,846,1203,1560,1917,2274,2631,2988,3345,3702,4059,4416,4773,5130,5487,5844,6201,6558,6915,7272,7629,7986,8343,8700,9057,9414,9771,10128,10485,10842,11199,11556,11913,12270,12627,12984,13341,13698,14055,14412,14769,15126,15483,15840,16197,16554,16911,17268,17625,17982,18339,18696,19053,19410,19767,20124,20481,20838,21195,21552,21909,22266,22623,22980,23337,23694,24051,24408,24765,25122,25479,25836,26193,26550,26907,27264,27621,27978,28335,28692,29049,29406,29763,30120,30477,30834,31191,31548,31905,32262,32619,32976,33333,33690,34047,34404,34761,35118,35475,35832,36189,36546,36903,37260,37617,37974,38331,38688,39045,39402,39759,40116,40473,40830,41187,41544,41901,42258,42615,42972,43329,43686,44043,44400,44757,45114,45471,45828,46185,46542,46899,47256,47613,47970,48327,48684,49041,49398,49755,50112,50469,50826,51183,51540,51897,52254,52611,52968,53325,53682,54039,54396,54753,55110,55467,55824,56181,56538,56895,57252,57609,57966,58323,58680,59037,59394,59751,60108,60465,60822,61179,61536,61893,62250,62607,62964,63321,63678,64035,64392,64749,65106,65463,65820,66177,66534,66891,67248,67605,67962,68319,68676,69033,69390,69747,70104,70461,70818,71175,71532,71889,72246,72603,72960,73317,73674,74031,74388,74745,75102,75459,75816,76173,76530,76887,77244,77601,77958,78315,78672,79029,79386,79743,80100,80325,80457,80814,81171,81528,81885,82242,82599,82956,83313,83670,84027,84384,84741,85098,85455,85812,86169,86526,86883,87240,87597,87954,88311,88668,89025,89382,89739,90096,90453,90810,91167,91524,91881,92238,92595,92952,93309,93666,94023,94380,94737,95094,95451,95808,96165,96522,96879,97236,97593,97950,98307,98664,99021,99378,99735,100092,100449,100806,101163,101520,101877,102234,102591,102948,103305,103662,104019,104376,104733,105090,105447,105804,106161,106518,106875,107232,107589,107946,108303,108660,109017,109374,109731,110088,110445,110802,111159,111516,111873,112230,112587,112944,113301,113658,114015,114372,114729,115086,115443,115800,116157,116514,116871,117228,117585,117942,118299,118656,119013,119370,119727,120084,120441,120798,121155,121512,121869,122226,122583,122940,123297,123654,124011,124368,124725,125082,125439,125796,126153,126510,126867,127224
133,490,847,1204,1561,1918,2275,2632,2989,3346,3703,4060,4417,4774,5131,5488,5845,6202,6559,6916,7273,7630,7987,8344,8701,9058,9415,9772,10129,10486,10843,11200,11557,11914,12271,12628,12985,13342,13699,14056,14413,14770,15127,15484,15841,16198,16555,16912,17269,17626,17983,18340,18697,19054,19411,19768,20125,20482,20839,21196,21553,21910,22267,22624,22981,23338,23695,24052,24409,24766,25123,25480,25837,26194,26551,26908,27265,27622,27979,28336,28693,29050,29407,29764,30121,30478,30835,31192,31549,31906,32263,32620,32977,33334,33691,34048,34405,34762,35119,35476,35833,36190,36547,36904,37261,37618,37975,38332,38689,39046,39403,39760,40117,40474,40831,41188,41545,41902,42259,42616,42973,43330,43687,44044,44401,44758,45115,45472,45829,46186,46543,46900,47257,47614,47971,48328,48685,49042,49399,49756,50113,50470,50827,51184,51541,51898,52255,52612,52969,53326,53683,54040,54397,54754,55111,55468,55825,56182,56539,56896,57253,57610,57967,58324,58681,59038,59395,59752,60109,60466,60823,61180,61537,61894,62251,62608,62965,63322,63679,64036,64393,64750,65107,65464,65821,66178,66535,66892,67249,67606,67963,68320,68677,69034,69391,69748,70105,70462,70819,71176,71533,71890,72247,72604,72961,73318,73675,74032,74389,74746,75103,75460,75817,76174,76531,76888,77245,77602,77959,78316,78673,79030,79387,79744,79968,80101,80458,80815,81172,81529,81886,82243,82600,82957,83314,83671,84028,84385,84742,85099,85456,85813,86170,86527,86884,87241,87598,87955,88312,88669,89026,89383,89740,90097,90454,90811,91168,91525,91882,92239,92596,92953,93310,93667,94024,94381,94738,95095,95452,95809,96166,96523,96880,97237,97594,97951,98308,98665,99022,99379,99736,100093,100450,100807,101164,101521,101878,102235,102592,102949,103306,103663,104020,104377,104734,105091,105448,105805,106162,106519,106876,107233,107590,107947,108304,108661,109018,109375,109732,110089,110446,110803,111160,111517,111874,112231,112588,112945,113302,113659,114016,114373,114730,115087,115444,115801,116158,116515,116872,117229,117586,117943,118300,118657,119014,119371,119728,120085,120442,120799,121156,121513,121870,122227,122584,122941,123298,123655,124012,124369,124726,125083,125440,125797,126154,126511,126868,127225
134,491,848,1205,1562,1919,2276,2633,2990,3347,3704,4061,4418,4775,5132,5489,5846,6203,6560,6917,7274,7631,7988,8345,8702,9059,9416,9773,10130,10487,10844,11201,11558,11915,12272,12629,12986,13343,13700,14057,14414,14771,15128,15485,15842,16199,16556,16913,17270,17627,17984,18341,18698,19055,19412,19769,20126,20483,20840,21197,21554,21911,22268,22625,22982,23339,23696,24053,24410,24767,25124,25481,25838,26195,26552,26909,27266,27623,27980,28337,28694,29051,29408,29765,30122,30479,30836,31193,31550,31907,32264,32621,32978,33335,33692,34049,34406,34763,35120,35477,35834,36191,36548,36905,37262,37619,37976,38333,38690,39047,39404,39761,40118,40475,40832,41189,41546,41903,42260,42617,42974,43331,43688,44045,44402,44759,45116,45473,45830,46187,46544,46901,47258,47615,47972,48329,48686,49043,49400,49757,50114,50471,50828,51185,51542,51899,52256,52613,52970,53327,53684,54041,54398,54755,55112,55469,55826,56183,56540,56897,57254,57611,57968,58325,58682,59039,59396,59753,60110,60467,60824,61181,61538,61895,62252,62609,62966,63323,63680,64037,64394,64751,65108,65465,65822,66179,66536,66893,67250,67607,67964,68321,68678,69035,69392,69749,70106,70463,70820,71177,71534,71891,72248,72605,72962,73319,73676,74033,74390,74747,75104,75461,75818,76175,76532,76889,77246,77603,77960,78317,78674,79031,79388,79611,79745,80102,80459,80816,81173,81530,81887,82244,82601,82958,83315,83672,84029,84386,84743,85100,85457,85814,86171,86528,86885,87242,87599,87956,88313,88670,89027,89384,89741,90098,90455,90812,91169,91526,91883,92240,92597,92954,93311,93668,94025,94382,94739,95096,95453,95810,96167,96524,96881,97238,97595,97952,98309,98666,99023,99380,99737,100094,100451,100808,101165,101522,101879,102236,102593,102950,103307,103664,104021,104378,104735,105092,105449,105806,106163,106520,106877,107234,107591,107948,108305,108662,109019,109376,109733,110090,110447,110804,111161,111518,111875,112232,112589,112946,113303,113660,114017,114374,114731,115088,115445,115802,116159,116516,116873,117230,117587,117944,118301,118658,119015,119372,119729,120086,120443,120800,121157,121514,121871,122228,122585,122942,123299,123656,124013,124370,124727,125084,125441,125798,126155,126512,126869,127226
135,492,849,1206,1563,1920,2277,2634,2991,3348,3705,4062,4419,4776,5133,5490,5847,6204,6561,6918,7275,7632,7989,8346,8703,9060,9417,9774,10131,10488,10845,11202,11559,11916,12273,12630,12987,13344,13701,14058,14415,14772,15129,15486,15843,16200,16557,16914,17271,17628,17985,18342,18699,19056,19413,19770,20127,20484,20841,21198,21555,21912,22269,22626,22983,23340,23697,24054,24411,24768,25125,25482,25839,26196,26553,26910,27267,27624,27981,28338,28695,29052,29409,29766,30123,30480,30837,31194,31551,31908,32265,32622,32979,33336,33693,34050,34407,34764,35121,35478,35835,36192,36549,36906,37263,37620,37977,38334,38691,39048,39405,39762,40119,40476,40833,41190,41547,41904,42261,42618,42975,43332,43689,44046,44403,44760,45117,45474,45831,46188,46545,46902,47259,47616,47973,48330,48687,49044,49401,49758,50115,50472,50829,51186,51543,51900,52257,52614,52971,53328,53685,54042,54399,54756,55113,55470,55827,56184,56541,56898,57255,57612,57969,58326,58683,59040,59397,59754,60111,60468,60825,61182,61539,61896,62253,62610,62967,63324,63681,64038,64395,64752,65109,65466,65823,66180,66537,66894,67251,67608,67965,68322,68679,69036,69393,69750,70107,70464,70821,71178,71535,71892,72249,72606,72963,73320,73677,74034,74391,74748,75105,75462,75819,76176,76533,76890,77247,77604,77961,78318,78675,79032,79254,79389,79746,80103,80460,80817,81174,81531,81888,82245,82602,82959,83316,83673,84030,84387,84744,85101,85458,85815,86172,86529,86886,87243,87600,87957,88314,88671,89028,89385,89742,90099,90456,90813,91170,91527,91884,92241,92598,92955,93312,93669,94026,94383,94740,95097,95454,95811,96168,96525,96882,97239,97596,97953,98310,98667,99024,99381,99738,100095,100452,100809,101166,101523,101880,102237,102594,102951,103308,103665,104022,104379,104736,105093,105450,105807,106164,106521,106878,107235,107592,107949,108306,108663,109020,109377,109734,110091,110448,110805,111162,111519,111876,112233,112590,112947,113304,113661,114018,114375,114732,115089,115446,115803,116160,116517,116874,117231,117588,117945,118302,118659,119016,119373,119730,120087,120444,120801,121158,121515,121872,122229,122586,122943,123300,123657,124014,124371,124728,125085,125442,125799,126156,126513,126870,127227
136,493,850,1207,1564,1921,2278,2635,2992,3349,3706,4063,4420,4777,5134,5491,5848,6205,6562,6919,7276,7633,7990,8347,8704,9061,9418,9775,10132,10489,10846,11203,11560,11917,12274,12631,12988,13345,13702,14059,14416,14773,15130,15487,15844,16201,16558,16915,17272,17629,17986,18343,18700,19057,19414,19771,20128,20485,20842,21199,21556,21913,22270,22627,22984,23341,23698,24055,24412,24769,25126,25483,25840,26197,26554,26911,27268,27625,27982,28339,28696,29053,29410,29767,30124,30481,30838,31195,31552,31909,32266,32623,32980,33337,33694,34051,34408,34765,35122,35479,35836,36193,36550,36907,37264,37621,37978,38335,38692,39049,39406,39763,40120,40477,40834,41191,41548,41905,42262,42619,42976,43333,43690,44047,44404,44761,45118,45475,45832,46189,46546,46903,47260,47617,47974,48331,48688,49045,49402,49759,50116,50473,50830,51187,51544,51901,52258,52615,52972,53329,53686,54043,54400,54757,55114,55471,55828,56185,56542,56899,57256,57613,57970,58327,58684,59041,59398,59755,60112,60469,60826,61183,61540,61897,62254,62611,62968,63325,63682,64039,64396,64753,65110,65467,65824,66181,66538,66895,67252,67609,67966,68323,68680,69037,69394,69751,70108,70465,70822,71179,71536,71893,72250,72607,72964,73321,73678,74035,74392,74749,75106,75463,75820,76177,76534,76891,77248,77605,77962,78319,78676,78897,79033,79390,79747,80104,80461,80818,81175,81532,81889,82246,82603,82960,83317,83674,84031,84388,84745,85102,85459,85816,86173,86530,86887,87244,87601,87958,88315,88672,89029,89386,89743,90100,90457,90814,91171,91528,91885,92242,92599,92956,93313,93670,94027,94384,94741,95098,95455,95812,96169,96526,96883,97240,97597,97954,98311,98668,99025,99382,99739,100096,100453,100810,101167,101524,101881,102238,102595,102952,103309,103666,104023,104380,104737,105094,105451,105808,106165,106522,106879,107236,107593,107950,108307,108664,109021,109378,109735,110092,110449,110806,111163,111520,111877,112234,112591,112948,113305,113662,114019,114376,114733,115090,115447,115804,116161,116518,116875,117232,117589,117946,118303,118660,119017,119374,119731,120088,120445,120802,121159,121516,121873,122230,122587,122944,123301,123658,124015,124372,124729,125086,125443,125800,126157,126514,126871,127228
137,494,851,1208,1565,1922,2279,2636,2993,3350,3707,4064,4421,4778,5135,5492,5849,6206,6563,6920,7277,7634,7991,8348,8705,9062,9419,9776,10133,10490,10847,11204,11561,11918,12275,12632,12989,13346,13703,14060,14417,14774,15131,15488,15845,16202,16559,16916,17273,17630,17987,18344,18701,19058,19415,19772,20129,20486,20843,21200,21557,21914,22271,22628,22985,23342,23699,24056,24413,24770,25127,25484,25841,26198,26555,26912,27269,27626,27983,28340,28697,29054,29411,29768,30125,30482,30839,31196,31553,31910,32267,32624,32981,33338,33695,34052,34409,34766,35123,35480,35837,36194,36551,36908,37265,37622,37979,38336,38693,39050,39407,39764,40121,40478,40835,41192,41549,41906,42263,42620,42977,43334,43691,44048,44405,44762,45119,45476,45833,46190,46547,46904,47261,47618,47975,48332,48689,49046,49403,49760,50117,50474,50831,51188,51545,51902,52259,52616,52973,53330,53687,54044,54401,54758,55115,55472,55829,56186,56543,56900,57257,57614,57971,58328,58685,59042,59399,59756,60113,60470,60827,61184,61541,61898,62255,62612,62969,63326,63683,64040,64397,64754,65111,65468,65825,66182,66539,66896,67253,67610,67967,68324,68681,69038,69395,69752,70109,70466,70823,71180,71537,71894,72251,72608,72965,73322,73679,74036,74393,74750,75107,75464,75821,76178,76535,76892,77249,77606,77963,78320,78540,78677,79034,79391,79748,80105,80462,80819,81176,81533,81890,82247,82604,82961,83318,83675,84032,84389,84746,85103,85460,85817,86174,86531,86888,87245,87602,87959,88316,88673,89030,89387,89744,90101,90458,90815,91172,91529,91886,92243,92600,92957,93314,93671,94028,94385,94742,95099,95456,95813,96170,96527,96884,97241,97598,97955,98312,98669,99026,99383,99740,100097,100454,100811,101168,101525,101882,102239,102596,102953,103310,103667,104024,104381,104738,105095,105452,105809,106166,106523,106880,107237,107594,107951,108308,108665,109022,109379,109736,110093,110450,110807,111164,111521,111878,112235,112592,112949,113306,113663,114020,114377,114734,115091,115448,115805,116162,116519,116876,117233,117590,117947,118304,118661,119018,119375,119732,120089,120446,120803,121160,121517,121874,122231,122588,122945,123302,123659,124016,124373,124730,125087,125444,125801,126158,126515,126872,127229
138,495,852,1209,1566,1923,2280,2637,2994,3351,3708,4065,4422,4779,5136,5493,5850,6207,6564,6921,7278,7635,7992,8349,8706,9063,9420,9777,10134,10491,10848,11205,11562,11919,12276,12633,12990,13347,13704,14061,14418,14775,15132,15489,15846,16203,16560,16917,17274,17631,17988,18345,18702,19059,19416,19773,20130,20487,20844,21201,21558,21915,22272,22629,22986,23343,23700,24057,24414,24771,25128,25485,25842,26199,26556,26913,27270,27627,27984,28341,28698,29055,29412,29769,30126,30483,30840,31197,31554,31911,32268,32625,32982,33339,33696,34053,34410,34767,35124,35481,35838,36195,36552,36909,37266,37623,37980,38337,38694,39051,39408,39765,40122,40479,40836,41193,41550,41907,42264,42621,42978,43335,43692,44049,44406,44763,45120,45477,45834,46191,46548,46905,47262,47619,47976,48333,48690,49047,49404,49761,50118,50475,50832,51189,51546,51903,52260,52617,52974,53331,53688,54045,54402,54759,55116,55473,55830,56187,56544,56901,57258,57615,57972,58329,58686,59043,59400,59757,60114,60471,60828,61185,61542,61899,62256,62613,62970,63327,63684,64041,64398,64755,65112,65469,65826,66183,66540,66897,67254,67611,67968,68325,68682,69039,69396,69753,70110,70467,70824,71181,71538,71895,72252,72609,72966,73323,73680,74037,74394,74751,75108,75465,75822,76179,76536,76893,77250,77607,77964,78183,78321,78678,79035,79392,79749,80106,80463,80820,81177,81534,81891,82248,82605,82962,83319,83676,84033,84390,84747,85104,85461,85818,86175,86532,86889,87246,87603,87960,88317,88674,89031,89388,89745,90102,90459,90816,91173,91530,91887,92244,92601,92958,93315,93672,94029,94386,94743,95100,95457,95814,96171,96528,96885,97242,97599,97956,98313,98670,99027,99384,99741,100098,100455,100812,101169,101526,101883,102240,102597,102954,103311,103668,104025,104382,104739,105096,105453,105810,106167,106524,106881,107238,107595,107952,108309,108666,109023,109380,109737,110094,110451,110808,111165,111522,111879,112236,112593,112950,113307,113664,114021,114378,114735,115092,115449,115806,116163,116520,116877,117234,117591,117948,118305,118662,119019,119376,119733,120090,120447,120804,121161,121518,121875,122232,122589,122946,123303,123660,124017,124374,124731,125088,125445,125802,126159,126516,126873,127230
139,496,853,1210,1567,1924,2281,2638,2995,3352,3709,4066,4423,4780,5137,5494,5851,6208,6565,6922,7279,7636,7993,8350,8707,9064,9421,9778,10135,10492,10849,11206,11563,11920,12277,12634,12991,13348,13705,14062,14419,14776,15133,15490,15847,16204,16561,16918,17275,17632,17989,18346,18703,19060,19417,19774,20131,20488,20845,21202,21559,21916,22273,22630,22987,23344,23701,24058,24415,24772,25129,25486,25843,26200,26557,26914,27271,27628,27985,28342,28699,29056,29413,29770,30127,30484,30841,31198,31555,31912,32269,32626,32983,33340,33697,34054,34411,34768,35125,35482,35839,36196,36553,36910,37267,37624,37981,38338,38695,39052,39409,39766,40123,40480,40837,41194,41551,41908,42265,42622,42979,43336,43693,44050,44407,44764,45121,45478,45835,46192,46549,46906,47263,47620,47977,48334,48691,49048,49405,49762,50119,50476,50833,51190,51547,51904,52261,52618,52975,53332,53689,54046,54403,54760,55117,55474,55831,56188,56545,56902,57259,57616,57973,58330,58687,59044,59401,59758,60115,60472,60829,61186,61543,61900,62257,62614,62971,63328,63685,64042,64399,64756,65113,65470,65827,66184,66541,66898,67255,67612,67969,68326,68683,69040,69397,69754,70111,70468,70825,71182,71539,71896,72253,72610,72967,73324,73681,74038,74395,74752,75109,75466,75823,76180,76537,76894,77251,77608,77826,77965,78322,78679,79036,79393,79750,80107,80464,80821,81178,81535,81892,82249,82606,82963,83320,83677,84034,84391,84748,85105,85462,85819,86176,86533,86890,87247,87604,87961,88318,88675,89032,89389,89746,90103,90460,90817,91174,91531,91888,92245,92602,92959,93316,93673,94030,94387,94744,95101,95458,95815,96172,96529,96886,97243,97600,97957,98314,98671,99028,99385,99742,100099,100456,100813,101170,101527,101884,102241,102598,102955,103312,103669,104026,104383,104740,105097,105454,105811,106168,106525,106882,107239,107596,107953,108310,108667,109024,109381,109738,110095,110452,110809,111166,111523,111880,112237,112594,112951,113308,113665,114022,114379,114736,115093,115450,115807,116164,116521,116878,117235,117592,117949,118306,118663,119020,119377,119734,120091,120448,120805,121162,121519,121876,122233,122590,122947,123304,123661,124018,124375,124732,125089,125446,125803,126160,126517,126874,127231
140,497,854,1211,1568,1925,2282,2639,2996,3353,3710,4067,4424,4781,5138,5495,5852,6209,6566,6923,7280,7637,7994,8351,8708,9065,9422,9779,10136,10493,10850,11207,11564,11921,12278,12635,12992,13349,13706,14063,14420,14777,15134,15491,15848,16205,16562,16919,17276,17633,17990,18347,18704,19061,19418,19775,20132,20489,20846,21203,21560,21917,22274,22631,22988,23345,23702,24059,24416,24773,25130,25487,25844,26201,26558,26915,27272,27629,27986,28343,28700,29057,29414,29771,30128,30485,30842,31199,31556,31913,32270,32627,32984,33341,33698,34055,34412,34769,35126,35483,35840,36197,36554,36911,37268,37625,37982,38339,38696,39053,39410,39767,40124,40481,40838,41195,41552,41909,42266,42623,42980,43337,43694,44051,44408,44765,45122,45479,45836,46193,46550,46907,47264,47621,47978,48335,48692,49049,49406,49763,50120,50477,50834,51191,51548,51905,52262,52619,52976,53333,53690,54047,54404,54761,55118,55475,55832,56189,56546,56903,57260,57617,57974,58331,58688,59045,59402,59759,60116,60473,60830,61187,61544,61901,62258,62615,62972,63329,63686,64043,64400,64757,65114,65471,65828,66185,66542,66899,67256,67613,67970,68327,68684,69041,69398,69755,70112,70469,70826,71183,71540,71897,72254,72611,72968,73325,73682,74039,74396,74753,75110,75467,75824,76181,76538,76895,77252,77469,77609,77966,78323,78680,79037,79394,79751,80108,80465,80822,81179,81536,81893,82250,82607,82964,83321,83678,84035,84392,84749,85106,85463,85820,86177,86534,86891,87248,87605,87962,88319,88676,89033,89390,89747,90104,90461,90818,91175,91532,91889,92246,92603,92960,93317,93674,94031,94388,94745,95102,95459,95816,96173,96530,96887,97244,97601,97958,98315,98672,99029,99386,99743,100100,100457,100814,101171,101528,101885,102242,102599,102956,103313,103670,104027,104384,104741,105098,105455,105812,106169,106526,106883,107240,107597,107954,108311,108668,109025,109382,109739,110096,110453,110810,111167,111524,111881,112238,112595,112952,113309,113666,114023,114380,114737,115094,115451,115808,116165,116522,116879,117236,117593,117950,118307,118664,119021,119378,119735,120092,120449,120806,121163,121520,121877,122234,122591,122948,123305,123662,124019,124376,124733,125090,125447,125804,126161,126518,126875,127232
141,498,855,1212,1569,1926,2283,2640,2997,3354,3711,4068,4425,4782,5139,5496,5853,6210,6567,6924,7281,7638,7995,8352,8709,9066,9423,9780,10137,10494,10851,11208,11565,11922,12279,12636,12993,13350,13707,14064,14421,14778,15135,15492,15849,16206,16563,16920,17277,17634,17991,18348,18705,19062,19419,19776,20133,20490,20847,21204,21561,21918,22275,22632,22989,23346,23703,24060,24417,24774,25131,25488,25845,26202,26559,26916,27273,27630,27987,28344,28701,29058,29415,29772,30129,30486,30843,31200,31557,31914,32271,32628,32985,33342,33699,34056,34413,34770,35127,35484,35841,36198,36555,36912,37269,37626,37983,38340,38697,39054,39411,39768,40125,40482,40839,41196,41553,41910,42267,42624,42981,43338,43695,44052,44409,44766,45123,45480,45837,46194,46551,46908,47265,47622,47979,48336,48693,49050,49407,49764,50121,50478,50835,51192,51549,51906,52263,52620,52977,53334,53691,54048,54405,54762,55119,55476,55833,56190,56547,56904,57261,57618,57975,58332,58689,59046,59403,59760,60117,60474,60831,61188,61545,61902,62259,62616,62973,63330,63687,64044,64401,64758,65115,65472,65829,66186,66543,66900,67257,67614,67971,68328,68685,69042,69399,69756,70113,70470,70827,71184,71541,71898,72255,72612,72969,73326,73683,74040,74397,74754,75111,75468,75825,76182,76539,76896,77112,77253,77610,77967,78324,78681,79038,79395,79752,80109,80466,80823,81180,81537,81894,82251,82608,82965,83322,83679,84036,84393,84750,85107,85464,85821,86178,86535,86892,87249,87606,87963,88320,88677,89034,89391,89748,90105,90462,90819,91176,91533,91890,92247,92604,92961,93318,93675,94032,94389,94746,95103,95460,95817,96174,96531,96888,97245,97602,97959,98316,98673,99030,99387,99744,100101,100458,100815,101172,101529,101886,102243,102600,102957,103314,103671,104028,104385,104742,105099,105456,105813,106170,106527,106884,107241,107598,107955,108312,108669,109026,109383,109740,110097,110454,110811,111168,111525,111882,112239,112596,112953,113310,113667,114024,114381,114738,115095,115452,115809,116166,116523,116880,117237,117594,117951,118308,118665,119022,119379,119736,120093,120450,120807,121164,121521,121878,122235,122592,122949,123306,123663,124020,124377,124734,125091,125448,125805,126162,126519,126876,127233
142,499,856,1213,1570,1927,2284,2641,2998,3355,3712,4069,4426,4783,5140,5497,5854,6211,6568,6925,7282,7639,7996,8353,8710,9067,9424,9781,10138,10495,10852,11209,11566,11923,12280,12637,12994,13351,13708,14065,14422,14779,15136,15493,15850,16207,16564,16921,17278,17635,17992,18349,18706,19063,19420,19777,20134,20491,20848,21205,21562,21919,22276,22633,22990,23347,23704,24061,24418,24775,25132,25489,25846,26203,26560,26917,27274,27631,27988,28345,28702,29059,29416,29773,30130,30487,30844,31201,31558,31915,32272,32629,32986,33343,33700,34057,34414,34771,35128,35485,35842,36199,36556,36913,37270,37627,37984,38341,38698,39055,39412,39769,40126,40483,40840,41197,41554,41911,42268,42625,42982,43339,43696,44053,44410,44767,45124,45481,45838,46195,46552,46909,47266,47623,47980,48337,48694,49051,49408,49765,50122,50479,50836,51193,51550,51907,52264,52621,52978,53335,53692,54049,54406,54763,55120,55477,55834,56191,56548,56905,57262,57619,57976,58333,58690,59047,59404,59761,60118,60475,60832,61189,61546,61903,62260,62617,62974,63331,63688,64045,64402,64759,65116,65473,65830,66187,66544,66901,67258,67615,67972,68329,68686,69043,69400,69757,70114,70471,70828,71185,71542,71899,72256,72613,72970,73327,73684,74041,74398,74755,75112,75469,75826,76183,76540,76755,76897,77254,77611,77968,78325,78682,79039,79396,79753,80110,80467,80824,81181,81538,81895,82252,82609,82966,83323,83680,84037,84394,84751,85108,85465,85822,86179,86536,86893,87250,87607,87964,88321,88678,89035,89392,89749,90106,90463,90820,91177,91534,91891,92248,92605,92962,93319,93676,94033,94390,94747,95104,95461,95818,96175,96532,96889,97246,97603,97960,98317,98674,99031,99388,99745,100102,100459,100816,101173,101530,101887,102244,102601,102958,103315,103672,104029,104386,104743,105100,105457,105814,106171,106528,106885,107242,107599,107956,108313,108670,109027,109384,109741,110098,110455,110812,111169,111526,111883,112240,112597,112954,113311,113668,114025,114382,114739,115096,115453,115810,116167,116524,116881,117238,117595,117952,118309,118666,119023,119380,119737,120094,120451,120808,121165,121522,121879,122236,122593,122950,123307,123664,124021,124378,124735,125092,125449,125806,126163,126520,126877,127234
143,500,857,1214,1571,1928,2285,2642,2999,3356,3713,4070,4427,4784,5141,5498,5855,6212,6569,6926,7283,7640,7997,8354,8711,9068,9425,9782,10139,10496,10853,11210,11567,11924,12281,12638,12995,13352,13709,14066,14423,14780,15137,15494,15851,16208,16565,16922,17279,17636,17993,18350,18707,19064,19421,19778,20135,20492,20849,21206,21563,21920,22277,22634,22991,23348,23705,24062,24419,24776,25133,25490,25847,26204,26561,26918,27275,27632,27989,28346,28703,29060,29417,29774,30131,30488,30845,31202,31559,31916,32273,32630,32987,33344,33701,34058,34415,34772,35129,35486,35843,36200,36557,36914,37271,37628,37985,38342,38699,39056,39413,39770,40127,40484,40841,41198,41555,41912,42269,42626,42983,43340,43697,44054,44411,44768,45125,45482,45839,46196,46553,46910,47267,47624,47981,48338,48695,49052,49409,49766,50123,50480,50837,51194,51551,51908,52265,52622,52979,53336,53693,54050,54407,54764,55121,55478,55835,56192,56549,56906,57263,57620,57977,58334,58691,59048,59405,59762,60119,60476,60833,61190,61547,61904,62261,62618,62975,63332,63689,64046,64403,64760,65117,65474,65831,66188,66545,66902,67259,67616,67973,68330,68687,69044,69401,69758,70115,70472,70829,71186,71543,71900,72257,72614,72971,73328,73685,74042,74399,74756,75113,75470,75827,76184,76398,76541,76898,77255,77612,77969,78326,78683,79040,79397,79754,80111,80468,80825,81182,81539,81896,82253,82610,82967,83324,83681,84038,84395,84752,85109,85466,85823,86180,86537,86894,87251,87608,87965,88322,88679,89036,89393,89750,90107,90464,90821,91178,91535,91892,92249,92606,92963,93320,93677,94034,94391,94748,95105,95462,95819,96176,96533,96890,97247,97604,97961,98318,98675,99032,99389,99746,100103,100460,100817,101174,101531,101888,102245,102602,102959,103316,103673,104030,104387,104744,105101,105458,105815,106172,106529,106886,107243,107600,107957,108314,108671,109028,109385,109742,110099,110456,110813,111170,111527,111884,112241,112598,112955,113312,113669,114026,114383,114740,115097,115454,115811,116168,116525,116882,117239,117596,117953,118310,118667,119024,119381,119738,120095,120452,120809,121166,121523,121880,122237,122594,122951,123308,123665,124022,124379,124736,125093,125450,125807,126164,126521,126878,127235
144,501,858,1215,1572,1929,2286,2643,3000,3357,3714,4071,4428,4785,5142,5499,5856,6213,6570,6927,7284,7641,7998,8355,8712,9069,9426,9783,10140,10497,10854,11211,11568,11925,12282,12639,12996,13353,13710,14067,14424,14781,15138,15495,15852,16209,16566,16923,17280,17637,17994,18351,18708,19065,19422,19779,20136,20493,20850,21207,21564,21921,22278,22635,22992,23349,23706,24063,24420,24777,25134,25491,25848,26205,26562,26919,27276,27633,27990,28347,28704,29061,29418,29775,30132,30489,30846,31203,31560,31917,32274,32631,32988,33345,33702,34059,34416,34773,35130,35487,35844,36201,36558,36915,37272,37629,37986,38343,38700,39057,39414,39771,40128,40485,40842,41199,41556,41913,42270,42627,42984,43341,43698,44055,44412,44769,45126,45483,45840,46197,46554,46911,47268,47625,47982,48339,48696,49053,49410,49767,50124,50481,50838,51195,51552,51909,52266,52623,52980,53337,53694,54051,54408,54765,55122,55479,55836,56193,56550,56907,57264,57621,57978,58335,58692,59049,59406,59763,60120,60477,60834,61191,61548,61905,62262,62619,62976,63333,63690,64047,64404,64761,65118,65475,65832,66189,66546,66903,67260,67617,67974,68331,68688,69045,69402,69759,70116,70473,70830,71187,71544,71901,72258,72615,72972,73329,73686,74043,74400,74757,75114,75471,75828,76041,76185,76542,76899,77256,77613,77970,78327,78684,79041,79398,79755,80112,80469,80826,81183,81540,81897,82254,82611,82968,83325,83682,84039,84396,84753,85110,85467,85824,86181,86538,86895,87252,87609,87966,88323,88680,89037,89394,89751,90108,90465,90822,91179,91536,91893,92250,92607,92964,93321,93678,94035,94392,94749,95106,95463,95820,96177,96534,96891,97248,97605,97962,98319,98676,99033,99390,99747,100104,100461,100818,101175,101532,101889,102246,102603,102960,103317,103674,104031,104388,104745,105102,105459,105816,106173,106530,106887,107244,107601,107958,108315,108672,109029,109386,109743,110100,110457,110814,111171,111528,111885,112242,112599,112956,113313,113670,114027,114384,114741,115098,115455,115812,116169,116526,116883,117240,117597,117954,118311,118668,119025,119382,119739,120096,120453,120810,121167,121524,121881,122238,122595,122952,123309,123666,124023,124380,124737,125094,125451,125808,126165,126522,126879,127236
145,502,859,1216,1573,1930,2287,2644,3001,3358,3715,4072,4429,4786,5143,5500,5857,6214,6571,6928,7285,7642,7999,8356,8713,9070,9427,9784,10141,10498,10855,11212,11569,11926,12283,12640,12997,13354,13711,14068,14425,14782,15139,15496,15853,16210,16567,16924,17281,17638,17995,18352,18709,19066,19423,19780,20137,20494,20851,21208,21565,21922,22279,22636,22993,23350,23707,24064,24421,24778,25135,25492,25849,26206,26563,26920,27277,27634,27991,28348,28705,29062,29419,29776,30133,30490,30847,31204,31561,31918,32275,32632,32989,33346,33703,34060,34417,34774,35131,35488,35845,36202,36559,36916,37273,37630,37987,38344,38701,39058,39415,39772,40129,40486,40843,41200,41557,41914,42271,42628,42985,43342,43699,44056,44413,44770,45127,45484,45841,46198,46555,46912,47269,47626,47983,48340,48697,49054,49411,49768,50125,50482,50839,51196,51553,51910,52267,52624,52981,53338,53695,54052,54409,54766,55123,55480,55837,56194,56551,56908,57265,57622,57979,58336,58693,59050,59407,59764,60121,60478,60835,61192,61549,61906,62263,62620,62977,63334,63691,64048,64405,64762,65119,65476,65833,66190,66547,66904,67261,67618,67975,68332,68689,69046,69403,69760,70117,70474,70831,71188,71545,71902,72259,72616,72973,73330,73687,74044,74401,74758,75115,75472,75684,75829,76186,76543,76900,77257,77614,77971,78328,78685,79042,79399,79756,80113,80470,80827,81184,81541,81898,82255,82612,82969,83326,83683,84040,84397,84754,85111,85468,85825,86182,86539,86896,87253,87610,87967,88324,88681,89038,89395,89752,90109,90466,90823,91180,91537,91894,92251,92608,92965,93322,93679,94036,94393,94750,95107,95464,95821,96178,96535,96892,97249,97606,97963,98320,98677,99034,99391,99748,100105,100462,100819,101176,101533,101890,102247,102604,102961,103318,103675,104032,104389,104746,105103,105460,105817,106174,106531,106888,107245,107602,107959,108316,108673,109030,109387,109744,110101,110458,110815,111172,111529,111886,112243,112600,112957,113314,113671,114028,114385,114742,115099,115456,115813,116170,116527,116884,117241,117598,117955,118312,118669,119026,119383,119740,120097,120454,120811,121168,121525,121882,122239,122596,122953,123310,123667,124024,124381,124738,125095,125452,125809,126166,126523,126880,127237
146,503,860,1217,1574,1931,2288,2645,3002,3359,3716,4073,4430,4787,5144,5501,5858,6215,6572,6929,7286,7643,8000,8357,8714,9071,9428,9785,10142,10499,10856,11213,11570,11927,12284,12641,12998,13355,13712,14069,14426,14783,15140,15497,15854,16211,16568,16925,17282,17639,17996,18353,18710,19067,19424,19781,20138,20495,20852,21209,21566,21923,22280,22637,22994,23351,23708,24065,24422,24779,25136,25493,25850,26207,26564,26921,27278,27635,27992,28349,28706,29063,29420,29777,30134,30491,30848,31205,31562,31919,32276,32633,32990,33347,33704,34061,34418,34775,35132,35489,35846,36203,36560,36917,37274,37631,37988,38345,38702,39059,39416,39773,40130,40487,40844,41201,41558,41915,42272,42629,42986,43343,43700,44057,44414,44771,45128,45485,45842,46199,46556,46913,47270,47627,47984,48341,48698,49055,49412,49769,50126,50483,50840,51197,51554,51911,52268,52625,52982,53339,53696,54053,54410,54767,55124,55481,55838,56195,56552,56909,57266,57623,57980,58337,58694,59051,59408,59765,60122,60479,60836,61193,61550,61907,62264,62621,62978,63335,63692,64049,64406,64763,65120,65477,65834,66191,66548,66905,67262,67619,67976,68333,68690,69047,69404,69761,70118,70475,70832,71189,71546,71903,72260,72617,72974,73331,73688,74045,74402,74759,75116,75327,75473,75830,76187,76544,76901,77258,77615,77972,78329,78686,79043,79400,79757,80114,80471,80828,81185,81542,81899,82256,82613,82970,83327,83684,84041,84398,84755,85112,85469,85826,86183,86540,86897,87254,87611,87968,88325,88682,89039,89396,89753,90110,90467,90824,91181,91538,91895,92252,92609,92966,93323,93680,94037,94394,94751,95108,95465,95822,96179,96536,96893,97250,97607,97964,98321,98678,99035,99392,99749,100106,100463,100820,101177,101534,101891,102248,102605,102962,103319,103676,104033,104390,104747,105104,105461,105818,106175,106532,106889,107246,107603,107960,108317,108674,109031,109388,109745,110102,110459,110816,111173,111530,111887,112244,112601,112958,113315,113672,114029,114386,114743,115100,115457,115814,116171,116528,116885,117242,117599,117956,118313,118670,119027,119384,119741,120098,120455,120812,121169,121526,121883,122240,122597,122954,123311,123668,124025,124382,124739,125096,125453,125810,126167,126524,126881,127238
147,504,861,1218,1575,1932,2289,2646,3003,3360,3717,4074,4431,4788,5145,5502,5859,6216,6573,6930,7287,7644,8001,8358,8715,9072,9429,9786,10143,10500,10857,11214,11571,11928,12285,12642,12999,13356,13713,14070,14427,14784,15141,15498,15855,16212,16569,16926,17283,17640,17997,18354,18711,19068,19425,19782,20139,20496,20853,21210,21567,21924,22281,22638,22995,23352,23709,24066,24423,24780,25137,25494,25851,26208,26565,26922,27279,27636,27993,28350,28707,29064,29421,29778,30135,30492,30849,31206,31563,31920,32277,32634,32991,33348,33705,34062,34419,34776,35133,35490,35847,36204,36561,36918,37275,37632,37989,38346,38703,39060,39417,39774,40131,40488,40845,41202,41559,41916,42273,42630,42987,43344,43701,44058,44415,44772,45129,45486,45843,46200,46557,46914,47271,47628,47985,48342,48699,49056,49413,49770,50127,50484,50841,51198,51555,51912,52269,52626,52983,53340,53697,54054,54411,54768,55125,55482,55839,56196,56553,56910,57267,57624,57981,58338,58695,59052,59409,59766,60123,60480,60837,61194,61551,61908,62265,62622,62979,63336,63693,64050,64407,64764,65121,65478,65835,66192,66549,66906,67263,67620,67977,68334,68691,69048,69405,69762,70119,70476,70833,71190,71547,71904,72261,72618,72975,73332,73689,74046,74403,74760,74970,75117,75474,75831,76188,76545,76902,77259,77616,77973,78330,78687,79044,79401,79758,80115,80472,80829,81186,81543,81900,82257,82614,82971,83328,83685,84042,84399,84756,85113,85470,85827,86184,86541,86898,87255,87612,87969,88326,88683,89040,89397,89754,90111,90468,90825,91182,91539,91896,92253,92610,92967,93324,93681,94038,94395,94752,95109,95466,95823,96180,96537,96894,97251,97608,97965,98322,98679,99036,99393,99750,100107,100464,100821,101178,101535,101892,102249,102606,102963,103320,103677,104034,104391,104748,105105,105462,105819,106176,106533,106890,107247,107604,107961,108318,108675,109032,109389,109746,110103,110460,110817,111174,111531,111888,112245,112602,112959,113316,113673,114030,114387,114744,115101,115458,115815,116172,116529,116886,117243,117600,117957,118314,118671,119028,119385,119742,120099,120456,120813,121170,121527,121884,122241,122598,122955,123312,123669,124026,124383,124740,125097,125454,125811,126168,126525,126882,127239
148,505,862,1219,1576,1933,2290,2647,3004,3361,3718,4075,4432,4789,5146,5503,5860,6217,6574,6931,7288,7645,8002,8359,8716,9073,9430,9787,10144,10501,10858,11215,11572,11929,12286,12643,13000,13357,13714,14071,14428,14785,15142,15499,15856,16213,16570,16927,17284,17641,17998,18355,18712,19069,19426,19783,20140,20497,20854,21211,21568,21925,22282,22639,22996,23353,23710,24067,24424,24781,25138,25495,25852,26209,26566,26923,27280,27637,27994,28351,28708,29065,29422,29779,30136,30493,30850,31207,31564,31921,32278,32635,32992,33349,33706,34063,34420,34777,35134,35491,35848,36205,36562,36919,37276,37633,37990,38347,38704,39061,39418,39775,40132,40489,40846,41203,41560,41917,42274,42631,42988,43345,43702,44059,44416,44773,45130,45487,45844,46201,46558,46915,47272,47629,47986,48343,48700,49057,49414,49771,50128,50485,50842,51199,51556,51913,52270,52627,52984,53341,53698,54055,54412,54769,55126,55483,55840,56197,56554,56911,57268,57625,57982,58339,58696,59053,59410,59767,60124,60481,60838,61195,61552,61909,62266,62623,62980,63337,63694,64051,64408,64765,65122,65479,65836,66193,66550,66907,67264,67621,67978,68335,68692,69049,69406,69763,70120,70477,70834,71191,71548,71905,72262,72619,72976,73333,73690,74047,74404,74613,74761,75118,75475,75832,76189,76546,76903,77260,77617,77974,78331,78688,79045,79402,79759,80116,80473,80830,81187,81544,81901,82258,82615,82972,83329,83686,84043,84400,84757,85114,85471,85828,86185,86542,86899,87256,87613,87970,88327,88684,89041,89398,89755,90112,90469,90826,91183,91540,91897,92254,92611,92968,93325,93682,94039,94396,94753,95110,95467,95824,96181,96538,96895,97252,97609,97966,98323,98680,99037,99394,99751,100108,100465,100822,101179,101536,101893,102250,102607,102964,103321,103678,104035,104392,104749,105106,105463,105820,106177,106534,106891,107248,107605,107962,108319,108676,109033,109390,109747,110104,110461,110818,111175,111532,111889,112246,112603,112960,113317,113674,114031,114388,114745,115102,115459,115816,116173,116530,116887,117244,117601,117958,118315,118672,119029,119386,119743,120100,120457,120814,121171,121528,121885,122242,122599,122956,123313,123670,124027,124384,124741,125098,125455,125812,126169,126526,126883,127240
149,506,863,1220,1577,1934,2291,2648,3005,3362,3719,4076,4433,4790,5147,5504,5861,6218,6575,6932,7289,7646,8003,8360,8717,9074,9431,9788,10145,10502,10859,11216,11573,11930,12287,12644,13001,13358,13715,14072,14429,14786,15143,15500,15857,16214,16571,16928,17285,17642,17999,18356,18713,19070,19427,19784,20141,20498,20855,21212,21569,21926,22283,22640,22997,23354,23711,24068,24425,24782,25139,25496,25853,26210,26567,26924,27281,27638,27995,28352,28709,29066,29423,29780,30137,30494,30851,31208,31565,31922,32279,32636,32993,33350,33707,34064,34421,34778,35135,35492,35849,36206,36563,36920,37277,37634,37991,38348,38705,39062,39419,39776,40133,40490,40847,41204,41561,41918,42275,42632,42989,43346,43703,44060,44417,44774,45131,45488,45845,46202,46559,46916,47273,47630,47987,48344,48701,49058,49415,49772,50129,50486,50843,51200,51557,51914,52271,52628,52985,53342,53699,54056,54413,54770,55127,55484,55841,56198,56555,56912,57269,57626,57983,58340,58697,59054,59411,59768,60125,60482,60839,61196,61553,61910,62267,62624,62981,63338,63695,64052,64409,64766,65123,65480,65837,66194,66551,66908,67265,67622,67979,68336,68693,69050,69407,69764,70121,70478,70835,71192,71549,71906,72263,72620,72977,73334,73691,74048,74256,74405,74762,75119,75476,75833,76190,76547,76904,77261,77618,77975,78332,78689,79046,79403,79760,80117,80474,80831,81188,81545,81902,82259,82616,82973,83330,83687,84044,84401,84758,85115,85472,85829,86186,86543,86900,87257,87614,87971,88328,88685,89042,89399,89756,90113,90470,90827,91184,91541,91898,92255,92612,92969,93326,93683,94040,94397,94754,95111,95468,95825,96182,96539,96896,97253,97610,97967,98324,98681,99038,99395,99752,100109,100466,100823,101180,101537,101894,102251,102608,102965,103322,103679,104036,104393,104750,105107,105464,105821,106178,106535,106892,107249,107606,107963,108320,108677,109034,109391,109748,110105,110462,110819,111176,111533,111890,112247,112604,112961,113318,113675,114032,114389,114746,115103,115460,115817,116174,116531,116888,117245,117602,117959,118316,118673,119030,119387,119744,120101,120458,120815,121172,121529,121886,122243,122600,122957,123314,123671,124028,124385,124742,125099,125456,125813,126170,126527,126884,127241
150,507,864,1221,1578,1935,2292,2649,3006,3363,3720,4077,4434,4791,5148,5505,5862,6219,6576,6933,7290,7647,8004,8361,8718,9075,9432,9789,10146,10503,10860,11217,11574,11931,12288,12645,13002,13359,13716,14073,14430,14787,15144,15501,15858,16215,16572,16929,17286,17643,18000,18357,18714,19071,19428,19785,20142,20499,20856,21213,21570,21927,22284,22641,22998,23355,23712,24069,24426,24783,25140,25497,25854,26211,26568,26925,27282,27639,27996,28353,28710,29067,29424,29781,30138,30495,30852,31209,31566,31923,32280,32637,32994,33351,33708,34065,34422,34779,35136,35493,35850,36207,36564,36921,37278,37635,37992,38349,38706,39063,39420,39777,40134,40491,40848,41205,41562,41919,42276,42633,42990,43347,43704,44061,44418,44775,45132,45489,45846,46203,46560,46917,47274,47631,47988,48345,48702,49059,49416,49773,50130,50487,50844,51201,51558,51915,52272,52629,52986,53343,53700,54057,54414,54771,55128,55485,55842,56199,56556,56913,57270,57627,57984,58341,58698,59055,59412,59769,60126,60483,60840,61197,61554,61911,62268,62625,62982,63339,63696,64053,64410,64767,65124,65481,65838,66195,66552,66909,67266,67623,67980,68337,68694,69051,69408,69765,70122,70479,70836,71193,71550,71907,72264,72621,72978,73335,73692,73899,74049,74406,74763,75120,75477,75834,76191,76548,76905,77262,77619,77976,78333,78690,79047,79404,79761,80118,80475,80832,81189,81546,81903,82260,82617,82974,83331,83688,84045,84402,84759,85116,85473,85830,86187,86544,86901,87258,87615,87972,88329,88686,89043,89400,89757,90114,90471,90828,91185,91542,91899,92256,92613,92970,93327,93684,94041,94398,94755,95112,95469,95826,96183,96540,96897,97254,97611,97968,98325,98682,99039,99396,99753,100110,100467,100824,101181,101538,101895,102252,102609,102966,103323,103680,104037,104394,104751,105108,105465,105822,106179,106536,106893,107250,107607,107964,108321,108678,109035,109392,109749,110106,110463,110820,111177,111534,111891,112248,112605,112962,113319,113676,114033,114390,114747,115104,115461,115818,116175,116532,116889,117246,117603,117960,118317,118674,119031,119388,119745,120102,120459,120816,121173,121530,121887,122244,122601,122958,123315,123672,124029,124386,124743,125100,125457,125814,126171,126528,126885,127242
151,508,865,1222,1579,1936,2293,2650,3007,3364,3721,4078,4435,4792,5149,5506,5863,6220,6577,6934,7291,7648,8005,8362,8719,9076,9433,9790,10147,10504,10861,11218,11575,11932,12289,12646,13003,13360,13717,14074,14431,14788,15145,15502,15859,16216,16573,16930,17287,17644,18001,18358,18715,19072,19429,19786,20143,20500,20857,21214,21571,21928,22285,22642,22999,23356,23713,24070,24427,24784,25141,25498,25855,26212,26569,26926,27283,27640,27997,28354,28711,29068,29425,29782,30139,30496,30853,31210,31567,31924,32281,32638,32995,33352,33709,34066,34423,34780,35137,35494,35851,36208,36565,36922,37279,37636,37993,38350,38707,39064,39421,39778,40135,40492,40849,41206,41563,41920,42277,42634,42991,43348,43705,44062,44419,44776,45133,45490,45847,46204,46561,46918,47275,47632,47989,48346,48703,49060,49417,49774,50131,50488,50845,51202,51559,51916,52273,52630,52987,53344,53701,54058,54415,54772,55129,55486,55843,56200,56557,56914,57271,57628,57985,58342,58699,59056,59413,59770,60127,60484,60841,61198,61555,61912,62269,62626,62983,63340,63697,64054,64411,64768,65125,65482,65839,66196,66553,66910,67267,67624,67981,68338,68695,69052,69409,69766,70123,70480,70837,71194,71551,71908,72265,72622,72979,73336,73542,73693,74050,74407,74764,75121,75478,75835,76192,76549,76906,77263,77620,77977,78334,78691,79048,79405,79762,80119,80476,80833,81190,81547,81904,82261,82618,82975,83332,83689,84046,84403,84760,85117,85474,85831,86188,86545,86902,87259,87616,87973,88330,88687,89044,89401,89758,90115,90472,90829,91186,91543,91900,92257,92614,92971,93328,93685,94042,94399,94756,95113,95470,95827,96184,96541,96898,97255,97612,97969,98326,98683,99040,99397,99754,100111,100468,100825,101182,101539,101896,102253,102610,102967,103324,103681,104038,104395,104752,105109,105466,105823,106180,106537,106894,107251,107608,107965,108322,108679,109036,109393,109750,110107,110464,110821,111178,111535,111892,112249,112606,112963,113320,113677,114034,114391,114748,115105,115462,115819,116176,116533,116890,117247,117604,117961,118318,118675,119032,119389,119746,120103,120460,120817,121174,121531,121888,122245,122602,122959,123316,123673,124030,124387,124744,125101,125458,125815,126172,126529,126886,127243
152,509,866,1223,1580,1937,2294,2651,3008,3365,3722,4079,4436,4793,5150,5507,5864,6221,6578,6935,7292,7649,8006,8363,8720,9077,9434,9791,10148,10505,10862,11219,11576,11933,12290,12647,13004,13361,13718,14075,14432,14789,15146,15503,15860,16217,16574,16931,17288,17645,18002,18359,18716,19073,19430,19787,20144,20501,20858,21215,21572,21929,22286,22643,23000,23357,23714,24071,24428,24785,25142,25499,25856,26213,26570,26927,27284,27641,27998,28355,28712,29069,29426,29783,30140,30497,30854,31211,31568,31925,32282,32639,32996,33353,33710,34067,34424,34781,35138,35495,35852,36209,36566,36923,37280,37637,37994,38351,38708,39065,39422,39779,40136,40493,40850,41207,41564,41921,42278,42635,42992,43349,43706,44063,44420,44777,45134,45491,45848,46205,46562,46919,47276,47633,47990,48347,48704,49061,49418,49775,50132,50489,50846,51203,51560,51917,52274,52631,52988,53345,53702,54059,54416,54773,55130,55487,55844,56201,56558,56915,57272,57629,57986,58343,58700,59057,59414,59771,60128,60485,60842,61199,61556,61913,62270,62627,62984,63341,63698,64055,64412,64769,65126,65483,65840,66197,66554,66911,67268,67625,67982,68339,68696,69053,69410,69767,70124,70481,70838,71195,71552,71909,72266,72623,72980,73185,73337,73694,74051,74408,74765,75122,75479,75836,76193,76550,76907,77264,77621,77978,78335,78692,79049,79406,79763,80120,80477,80834,81191,81548,81905,82262,82619,82976,83333,83690,84047,84404,84761,85118,85475,85832,86189,86546,86903,87260,87617,87974,88331,88688,89045,89402,89759,90116,90473,90830,91187,91544,91901,92258,92615,92972,93329,93686,94043,94400,94757,95114,95471,95828,96185,96542,96899,97256,97613,97970,98327,98684,99041,99398,99755,100112,100469,100826,101183,101540,101897,102254,102611,102968,103325,103682,104039,104396,104753,105110,105467,105824,106181,106538,106895,107252,107609,107966,108323,108680,109037,109394,109751,110108,110465,110822,111179,111536,111893,112250,112607,112964,113321,113678,114035,114392,114749,115106,115463,115820,116177,116534,116891,117248,117605,117962,118319,118676,119033,119390,119747,120104,120461,120818,121175,121532,121889,122246,122603,122960,123317,123674,124031,124388,124745,125102,125459,125816,126173,126530,126887,127244
153,510,867,1224,1581,1938,2295,2652,3009,3366,3723,4080,4437,4794,5151,5508,5865,6222,6579,6936,7293,7650,8007,8364,8721,9078,9435,9792,10149,10506,10863,11220,11577,11934,12291,12648,13005,13362,13719,14076,14433,14790,15147,15504,15861,16218,16575,16932,17289,17646,18003,18360,18717,19074,19431,19788,20145,20502,20859,21216,21573,21930,22287,22644,23001,23358,23715,24072,24429,24786,25143,25500,25857,26214,26571,26928,27285,27642,27999,28356,28713,29070,29427,29784,30141,30498,30855,31212,31569,31926,32283,32640,32997,33354,33711,34068,34425,34782,35139,35496,35853,36210,36567,36924,37281,37638,37995,38352,38709,39066,39423,39780,40137,40494,40851,41208,41565,41922,42279,42636,42993,43350,43707,44064,44421,44778,45135,45492,45849,46206,46563,46920,47277,47634,47991,48348,48705,49062,49419,49776,50133,50490,50847,51204,51561,51918,52275,52632,52989,53346,53703,54060,54417,54774,55131,55488,55845,56202,56559,56916,57273,57630,57987,58344,58701,59058,59415,59772,60129,60486,60843,61200,61557,61914,62271,62628,62985,63342,63699,64056,64413,64770,65127,65484,65841,66198,66555,66912,67269,67626,67983,68340,68697,69054,69411,69768,70125,70482,70839,71196,71553,71910,72267,72624,72828,72981,73338,73695,74052,74409,74766,75123,75480,75837,76194,76551,76908,77265,77622,77979,78336,78693,79050,79407,79764,80121,80478,80835,81192,81549,81906,82263,82620,82977,83334,83691,84048,84405,84762,85119,85476,85833,86190,86547,86904,87261,87618,87975,88332,88689,89046,89403,89760,90117,90474,90831,91188,91545,91902,92259,92616,92973,93330,93687,94044,94401,94758,95115,95472,95829,96186,96543,96900,97257,97614,97971,98328,98685,99042,99399,99756,100113,100470,100827,101184,101541,101898,102255,102612,102969,103326,103683,104040,104397,104754,105111,105468,105825,106182,106539,106896,107253,107610,107967,108324,108681,109038,109395,109752,110109,110466,110823,111180,111537,111894,112251,112608,112965,113322,113679,114036,114393,114750,115107,115464,115821,116178,116535,116892,117249,117606,117963,118320,118677,119034,119391,119748,120105,120462,120819,121176,121533,121890,122247,122604,122961,123318,123675,124032,124389,124746,125103,125460,125817,126174,126531,126888,127245
154,511,868,1225,1582,1939,2296,2653,3010,3367,3724,4081,4438,4795,5152,5509,5866,6223,6580,6937,7294,7651,8008,8365,8722,9079,9436,9793,10150,10507,10864,11221,11578,11935,12292,12649,13006,13363,13720,14077,14434,14791,15148,15505,15862,16219,16576,16933,17290,17647,18004,18361,18718,19075,19432,19789,20146,20503,20860,21217,21574,21931,22288,22645,23002,23359,23716,24073,24430,24787,25144,25501,25858,26215,26572,26929,27286,27643,28000,28357,28714,29071,29428,29785,30142,30499,30856,31213,31570,31927,32284,32641,32998,33355,33712,34069,34426,34783,35140,35497,35854,36211,36568,36925,37282,37639,37996,38353,38710,39067,39424,39781,40138,40495,40852,41209,41566,41923,42280,42637,42994,43351,43708,44065,44422,44779,45136,45493,45850,46207,46564,46921,47278,47635,47992,48349,48706,49063,49420,49777,50134,50491,50848,51205,51562,51919,52276,52633,52990,53347,53704,54061,54418,54775,55132,55489,55846,56203,56560,56917,57274,57631,57988,58345,58702,59059,59416,59773,60130,60487,60844,61201,61558,61915,62272,62629,62986,63343,63700,64057,64414,64771,65128,65485,65842,66199,66556,66913,67270,67627,67984,68341,68698,69055,69412,69769,70126,70483,70840,71197,71554,71911,72268,72471,72625,72982,73339,73696,74053,74410,74767,75124,75481,75838,76195,76552,76909,77266,77623,77980,78337,78694,79051,79408,79765,80122,80479,80836,81193,81550,81907,82264,82621,82978,83335,83692,84049,84406,84763,85120,85477,85834,86191,86548,86905,87262,87619,87976,88333,88690,89047,89404,89761,90118,90475,90832,91189,91546,91903,92260,92617,92974,93331,93688,94045,94402,94759,95116,95473,95830,96187,96544,96901,97258,97615,97972,98329,98686,99043,99400,99757,100114,100471,100828,101185,101542,101899,102256,102613,102970,103327,103684,104041,104398,104755,105112,105469,105826,106183,106540,106897,107254,107611,107968,108325,108682,109039,109396,109753,110110,110467,110824,111181,111538,111895,112252,112609,112966,113323,113680,114037,114394,114751,115108,115465,115822,116179,116536,116893,117250,117607,117964,118321,118678,119035,119392,119749,120106,120463,120820,121177,121534,121891,122248,122605,122962,123319,123676,124033,124390,124747,125104,125461,125818,126175,126532,126889,127246
155,512,869,1226,1583,1940,2297,2654,3011,3368,3725,4082,4439,4796,5153,5510,5867,6224,6581,6938,7295,7652,8009,8366,8723,9080,9437,9794,10151,10508,10865,11222,11579,11936,12293,12650,13007,13364,13721,14078,14435,14792,15149,15506,15863,16220,16577,16934,17291,17648,18005,18362,18719,19076,19433,19790,20147,20504,20861,21218,21575,21932,22289,22646,23003,23360,23717,24074,24431,24788,25145,25502,25859,26216,26573,26930,27287,27644,28001,28358,28715,29072,29429,29786,30143,30500,30857,31214,31571,31928,32285,32642,32999,33356,33713,34070,34427,34784,35141,35498,35855,36212,36569,36926,37283,37640,37997,38354,38711,39068,39425,39782,40139,40496,40853,41210,41567,41924,42281,42638,42995,43352,43709,44066,44423,44780,45137,45494,45851,46208,46565,46922,47279,47636,47993,48350,48707,49064,49421,49778,50135,50492,50849,51206,51563,51920,52277,52634,52991,53348,53705,54062,54419,54776,55133,55490,55847,56204,56561,56918,57275,57632,57989,58346,58703,59060,59417,59774,60131,60488,60845,61202,61559,61916,62273,62630,62987,63344,63701,64058,64415,64772,65129,65486,65843,66200,66557,66914,67271,67628,67985,68342,68699,69056,69413,69770,70127,70484,70841,71198,71555,71912,72114,72269,72626,72983,73340,73697,74054,74411,74768,75125,75482,75839,76196,76553,76910,77267,77624,77981,78338,78695,79052,79409,79766,80123,80480,80837,81194,81551,81908,82265,82622,82979,83336,83693,84050,84407,84764,85121,85478,85835,86192,86549,86906,87263,87620,87977,88334,88691,89048,89405,89762,90119,90476,90833,91190,91547,91904,92261,92618,92975,93332,93689,94046,94403,94760,95117,95474,95831,96188,96545,96902,97259,97616,97973,98330,98687,99044,99401,99758,100115,100472,100829,101186,101543,101900,102257,102614,102971,103328,103685,104042,104399,104756,105113,105470,105827,106184,106541,106898,107255,107612,107969,108326,108683,109040,109397,109754,110111,110468,110825,111182,111539,111896,112253,112610,112967,113324,113681,114038,114395,114752,115109,115466,115823,116180,116537,116894,117251,117608,117965,118322,118679,119036,119393,119750,120107,120464,120821,121178,121535,121892,122249,122606,122963,123320,123677,124034,124391,124748,125105,125462,125819,126176,126533,126890,127247
156,513,870,1227,1584,1941,2298,2655,3012,3369,3726,4083,4440,4797,5154,5511,5868,6225,6582,6939,7296,7653,8010,8367,8724,9081,9438,9795,10152,10509,10866,11223,11580,11937,12294,12651,13008,13365,13722,14079,14436,14793,15150,15507,15864,16221,16578,16935,17292,17649,18006,18363,18720,19077,19434,19791,20148,20505,20862,21219,21576,21933,22290,22647,23004,23361,23718,24075,24432,24789,25146,25503,25860,26217,26574,26931,27288,27645,28002,28359,28716,29073,29430,29787,30144,30501,30858,31215,31572,31929,32286,32643,33000,33357,33714,34071,34428,34785,35142,35499,35856,36213,36570,36927,37284,37641,37998,38355,38712,39069,39426,39783,40140,40497,40854,41211,41568,41925,42282,42639,42996,43353,43710,44067,44424,44781,45138,45495,45852,46209,46566,46923,47280,47637,47994,48351,48708,49065,49422,49779,50136,50493,50850,51207,51564,51921,52278,52635,52992,53349,53706,54063,54420,54777,55134,55491,55848,56205,56562,56919,57276,57633,57990,58347,58704,59061,59418,59775,60132,60489,60846,61203,61560,61917,62274,62631,62988,63345,63702,64059,64416,64773,65130,65487,65844,66201,66558,66915,67272,67629,67986,68343,68700,69057,69414,69771,70128,70485,70842,71199,71556,71757,71913,72270,72627,72984,73341,73698,74055,74412,74769,75126,75483,75840,76197,76554,76911,77268,77625,77982,78339,78696,79053,79410,79767,80124,80481,80838,81195,81552,81909,82266,82623,82980,83337,83694,84051,84408,84765,85122,85479,85836,86193,86550,86907,87264,87621,87978,88335,88692,89049,89406,89763,90120,90477,90834,91191,91548,91905,92262,92619,92976,93333,93690,94047,94404,94761,95118,95475,95832,96189,96546,96903,97260,97617,97974,98331,98688,99045,99402,99759,100116,100473,100830,101187,101544,101901,102258,102615,102972,103329,103686,104043,104400,104757,105114,105471,105828,106185,106542,106899,107256,107613,107970,108327,108684,109041,109398,109755,110112,110469,110826,111183,111540,111897,112254,112611,112968,113325,113682,114039,114396,114753,115110,115467,115824,116181,116538,116895,117252,117609,117966,118323,118680,119037,119394,119751,120108,120465,120822,121179,121536,121893,122250,122607,122964,123321,123678,124035,124392,124749,125106,125463,125820,126177,126534,126891,127248
157,514,871,1228,1585,1942,2299,2656,3013,3370,3727,4084,4441,4798,5155,5512,5869,6226,6583,6940,7297,7654,8011,8368,8725,9082,9439,9796,10153,10510,10867,11224,11581,11938,12295,12652,13009,13366,13723,14080,14437,14794,15151,15508,15865,16222,16579,16936,17293,17650,18007,18364,18721,19078,19435,19792,20149,20506,20863,21220,21577,21934,22291,22648,23005,23362,23719,24076,24433,24790,25147,25504,25861,26218,26575,26932,27289,27646,28003,28360,28717,29074,29431,29788,30145,30502,30859,31216,31573,31930,32287,32644,33001,33358,33715,34072,34429,34786,35143,35500,35857,36214,36571,36928,37285,37642,37999,38356,38713,39070,39427,39784,40141,40498,40855,41212,41569,41926,42283,42640,42997,43354,43711,44068,44425,44782,45139,45496,45853,46210,46567,46924,47281,47638,47995,48352,48709,49066,49423,49780,50137,50494,50851,51208,51565,51922,52279,52636,52993,53350,53707,54064,54421,54778,55135,55492,55849,56206,56563,56920,57277,57634,57991,58348,58705,59062,59419,59776,60133,60490,60847,61204,61561,61918,62275,62632,62989,63346,63703,64060,64417,64774,65131,65488,65845,66202,66559,66916,67273,67630,67987,68344,68701,69058,69415,69772,70129,70486,70843,71200,71400,71557,71914,72271,72628,72985,73342,73699,74056,74413,74770,75127,75484,75841,76198,76555,76912,77269,77626,77983,78340,78697,79054,79411,79768,80125,80482,80839,81196,81553,81910,82267,82624,82981,83338,83695,84052,84409,84766,85123,85480,85837,86194,86551,86908,87265,87622,87979,88336,88693,89050,89407,89764,90121,90478,90835,91192,91549,91906,92263,92620,92977,93334,93691,94048,94405,94762,95119,95476,95833,96190,96547,96904,97261,97618,97975,98332,98689,99046,99403,99760,100117,100474,100831,101188,101545,101902,102259,102616,102973,103330,103687,104044,104401,104758,105115,105472,105829,106186,106543,106900,107257,107614,107971,108328,108685,109042,109399,109756,110113,110470,110827,111184,111541,111898,112255,112612,112969,113326,113683,114040,114397,114754,115111,115468,115825,116182,116539,116896,117253,117610,117967,118324,118681,119038,119395,119752,120109,120466,120823,121180,121537,121894,122251,122608,122965,123322,123679,124036,124393,124750,125107,125464,125821,126178,126535,126892,127249
158,515,872,1229,1586,1943,2300,2657,3014,3371,3728,4085,4442,4799,5156,5513,5870,6227,6584,6941,7298,7655,8012,8369,8726,9083,9440,9797,10154,10511,10868,11225,11582,11939,12296,12653,13010,13367,13724,14081,14438,14795,15152,15509,15866,16223,16580,16937,17294,17651,18008,18365,18722,19079,19436,19793,20150,20507,20864,21221,21578,21935,22292,22649,23006,23363,23720,24077,24434,24791,25148,25505,25862,26219,26576,26933,27290,27647,28004,28361,28718,29075,29432,29789,30146,30503,30860,31217,31574,31931,32288,32645,33002,33359,33716,34073,34430,34787,35144,35501,35858,36215,36572,36929,37286,37643,38000,38357,38714,39071,39428,39785,40142,40499,40856,41213,41570,41927,42284,42641,42998,43355,43712,44069,44426,44783,45140,45497,45854,46211,46568,46925,47282,47639,47996,48353,48710,49067,49424,49781,50138,50495,50852,51209,51566,51923,52280,52637,52994,53351,53708,54065,54422,54779,55136,55493,55850,56207,56564,56921,57278,57635,57992,58349,58706,59063,59420,59777,60134,60491,60848,61205,61562,61919,62276,62633,62990,63347,63704,64061,64418,64775,65132,65489,65846,66203,66560,66917,67274,67631,67988,68345,68702,69059,69416,69773,70130,70487,70844,71043,71201,71558,71915,72272,72629,72986,73343,73700,74057,74414,74771,75128,75485,75842,76199,76556,76913,77270,77627,77984,78341,78698,79055,79412,79769,80126,80483,80840,81197,81554,81911,82268,82625,82982,83339,83696,84053,84410,84767,85124,85481,85838,86195,86552,86909,87266,87623,87980,88337,88694,89051,89408,89765,90122,90479,90836,91193,91550,91907,92264,92621,92978,93335,93692,94049,94406,94763,95120,95477,95834,96191,96548,96905,97262,97619,97976,98333,98690,99047,99404,99761,100118,100475,100832,101189,101546,101903,102260,102617,102974,103331,103688,104045,104402,104759,105116,105473,105830,106187,106544,106901,107258,107615,107972,108329,108686,109043,109400,109757,110114,110471,110828,111185,111542,111899,112256,112613,112970,113327,113684,114041,114398,114755,115112,115469,115826,116183,116540,116897,117254,117611,117968,118325,118682,119039,119396,119753,120110,120467,120824,121181,121538,121895,122252,122609,122966,123323,123680,124037,124394,124751,125108,125465,125822,126179,126536,126893,127250
159,516,873,1230,1587,1944,2301,2658,3015,3372,3729,4086,4443,4800,5157,5514,5871,6228,6585,6942,7299,7656,8013,8370,8727,9084,9441,9798,10155,10512,10869,11226,11583,11940,12297,12654,13011,13368,13725,14082,14439,14796,15153,15510,15867,16224,16581,16938,17295,17652,18009,18366,18723,19080,19437,19794,20151,20508,20865,21222,21579,21936,22293,22650,23007,23364,23721,24078,24435,24792,25149,25506,25863,26220,26577,26934,27291,27648,28005,28362,28719,29076,29433,29790,30147,30504,30861,31218,31575,31932,32289,32646,33003,33360,33717,34074,34431,34788,35145,35502,35859,36216,36573,36930,37287,37644,38001,38358,38715,39072,39429,39786,40143,40500,40857,41214,41571,41928,42285,42642,42999,43356,43713,44070,44427,44784,45141,45498,45855,46212,46569,46926,47283,47640,47997,48354,48711,49068,49425,49782,50139,50496,50853,51210,51567,51924,52281,52638,52995,53352,53709,54066,54423,54780,55137,55494,55851,56208,56565,56922,57279,57636,57993,58350,58707,59064,59421,59778,60135,60492,60849,61206,61563,61920,62277,62634,62991,63348,63705,64062,64419,64776,65133,65490,65847,66204,66561,66918,67275,67632,67989,68346,68703,69060,69417,69774,70131,70488,70686,70845,71202,71559,71916,72273,72630,72987,73344,73701,74058,74415,74772,75129,75486,75843,76200,76557,76914,77271,77628,77985,78342,78699,79056,79413,79770,80127,80484,80841,81198,81555,81912,82269,82626,82983,83340,83697,84054,84411,84768,85125,85482,85839,86196,86553,86910,87267,87624,87981,88338,88695,89052,89409,89766,90123,90480,90837,91194,91551,91908,92265,92622,92979,93336,93693,94050,94407,94764,95121,95478,95835,96192,96549,96906,97263,97620,97977,98334,98691,99048,99405,99762,100119,100476,100833,101190,101547,101904,102261,102618,102975,103332,103689,104046,104403,104760,105117,105474,105831,106188,106545,106902,107259,107616,107973,108330,108687,109044,109401,109758,110115,110472,110829,111186,111543,111900,112257,112614,112971,113328,113685,114042,114399,114756,115113,115470,115827,116184,116541,116898,117255,117612,117969,118326,118683,119040,119397,119754,120111,120468,120825,121182,121539,121896,122253,122610,122967,123324,123681,124038,124395,124752,125109,125466,125823,126180,126537,126894,127251
160,517,874,1231,1588,1945,2302,2659,3016,3373,3730,4087,4444,4801,5158,5515,5872,6229,6586,6943,7300,7657,8014,8371,8728,9085,9442,9799,10156,10513,10870,11227,11584,11941,12298,12655,13012,13369,13726,14083,14440,14797,15154,15511,15868,16225,16582,16939,17296,17653,18010,18367,18724,19081,19438,19795,20152,20509,20866,21223,21580,21937,22294,22651,23008,23365,23722,24079,24436,24793,25150,25507,25864,26221,26578,26935,27292,27649,28006,28363,28720,29077,29434,29791,30148,30505,30862,31219,31576,31933,32290,32647,33004,33361,33718,34075,34432,34789,35146,35503,35860,36217,36574,36931,37288,37645,38002,38359,38716,39073,39430,39787,40144,40501,40858,41215,41572,41929,42286,42643,43000,43357,43714,44071,44428,44785,45142,45499,45856,46213,46570,46927,47284,47641,47998,48355,48712,49069,49426,49783,50140,50497,50854,51211,51568,51925,52282,52639,52996,53353,53710,54067,54424,54781,55138,55495,55852,56209,56566,56923,57280,57637,57994,58351,58708,59065,59422,59779,60136,60493,60850,61207,61564,61921,62278,62635,62992,63349,63706,64063,64420,64777,65134,65491,65848,66205,66562,66919,67276,67633,67990,68347,68704,69061,69418,69775,70132,70329,70489,70846,71203,71560,71917,72274,72631,72988,73345,73702,74059,74416,74773,75130,75487,75844,76201,76558,76915,77272,77629,77986,78343,78700,79057,79414,79771,80128,80485,80842,81199,81556,81913,82270,82627,82984,83341,83698,84055,84412,84769,85126,85483,85840,86197,86554,86911,87268,87625,87982,88339,88696,89053,89410,89767,90124,90481,90838,91195,91552,91909,92266,92623,92980,93337,93694,94051,94408,94765,95122,95479,95836,96193,96550,96907,97264,97621,97978,98335,98692,99049,99406,99763,100120,100477,100834,101191,101548,101905,102262,102619,102976,103333,103690,104047,104404,104761,105118,105475,105832,106189,106546,106903,107260,107617,107974,108331,108688,109045,109402,109759,110116,110473,110830,111187,111544,111901,112258,112615,112972,113329,113686,114043,114400,114757,115114,115471,115828,116185,116542,116899,117256,117613,117970,118327,118684,119041,119398,119755,120112,120469,120826,121183,121540,121897,122254,122611,122968,123325,123682,124039,124396,124753,125110,125467,125824,126181,126538,126895,127252
161,518,875,1232,1589,1946,2303,2660,3017,3374,3731,4088,4445,4802,5159,5516,5873,6230,6587,6944,7301,7658,8015,8372,8729,9086,9443,9800,10157,10514,10871,11228,11585,11942,12299,12656,13013,13370,13727,14084,14441,14798,15155,15512,15869,16226,16583,16940,17297,17654,18011,18368,18725,19082,19439,19796,20153,20510,20867,21224,21581,21938,22295,22652,23009,23366,23723,24080,24437,24794,25151,25508,25865,26222,26579,26936,27293,27650,28007,28364,28721,29078,29435,29792,30149,30506,30863,31220,31577,31934,32291,32648,33005,33362,33719,34076,34433,34790,35147,35504,35861,36218,36575,36932,37289,37646,38003,38360,38717,39074,39431,39788,40145,40502,40859,41216,41573,41930,42287,42644,43001,43358,43715,44072,44429,44786,45143,45500,45857,46214,46571,46928,47285,47642,47999,48356,48713,49070,49427,49784,50141,50498,50855,51212,51569,51926,52283,52640,52997,53354,53711,54068,54425,54782,55139,55496,55853,56210,56567,56924,57281,57638,57995,58352,58709,59066,59423,59780,60137,60494,60851,61208,61565,61922,62279,62636,62993,63350,63707,64064,64421,64778,65135,65492,65849,66206,66563,66920,67277,67634,67991,68348,68705,69062,69419,69776,69972,70133,70490,70847,71204,71561,71918,72275,72632,72989,73346,73703,74060,74417,74774,75131,75488,75845,76202,76559,76916,77273,77630,77987,78344,78701,79058,79415,79772,80129,80486,80843,81200,81557,81914,82271,82628,82985,83342,83699,84056,84413,84770,85127,85484,85841,86198,86555,86912,87269,87626,87983,88340,88697,89054,89411,89768,90125,90482,90839,91196,91553,91910,92267,92624,92981,93338,93695,94052,94409,94766,95123,95480,95837,96194,96551,96908,97265,97622,97979,98336,98693,99050,99407,99764,100121,100478,100835,101192,101549,101906,102263,102620,102977,103334,103691,104048,104405,104762,105119,105476,105833,106190,106547,106904,107261,107618,107975,108332,108689,109046,109403,109760,110117,110474,110831,111188,111545,111902,112259,112616,112973,113330,113687,114044,114401,114758,115115,115472,115829,116186,116543,116900,117257,117614,117971,118328,118685,119042,119399,119756,120113,120470,120827,121184,121541,121898,122255,122612,122969,123326,123683,124040,124397,124754,125111,125468,125825,126182,126539,126896,127253
162,519,876,1233,1590,1947,2304,2661,3018,3375,3732,4089,4446,4803,5160,5517,5874,6231,6588,6945,7302,7659,8016,8373,8730,9087,9444,9801,10158,10515,10872,11229,11586,11943,12300,12657,13014,13371,13728,14085,14442,14799,15156,15513,15870,16227,16584,16941,17298,17655,18012,18369,18726,19083,19440,19797,20154,20511,20868,21225,21582,21939,22296,22653,23010,23367,23724,24081,24438,24795,25152,25509,25866,26223,26580,26937,27294,27651,28008,28365,28722,29079,29436,29793,30150,30507,30864,31221,31578,31935,32292,32649,33006,33363,33720,34077,34434,34791,35148,35505,35862,36219,36576,36933,37290,37647,38004,38361,38718,39075,39432,39789,40146,40503,40860,41217,41574,41931,42288,42645,43002,43359,43716,44073,44430,44787,45144,45501,45858,46215,46572,46929,47286,47643,48000,48357,48714,49071,49428,49785,50142,50499,50856,51213,51570,51927,52284,52641,52998,53355,53712,54069,54426,54783,55140,55497,55854,56211,56568,56925,57282,57639,57996,58353,58710,59067,59424,59781,60138,60495,60852,61209,61566,61923,62280,62637,62994,63351,63708,64065,64422,64779,65136,65493,65850,66207,66564,66921,67278,67635,67992,68349,68706,69063,69420,69615,69777,70134,70491,70848,71205,71562,71919,72276,72633,72990,73347,73704,74061,74418,74775,75132,75489,75846,76203,76560,76917,77274,77631,77988,78345,78702,79059,79416,79773,80130,80487,80844,81201,81558,81915,82272,82629,82986,83343,83700,84057,84414,84771,85128,85485,85842,86199,86556,86913,87270,87627,87984,88341,88698,89055,89412,89769,90126,90483,90840,91197,91554,91911,92268,92625,92982,93339,93696,94053,94410,94767,95124,95481,95838,96195,96552,96909,97266,97623,97980,98337,98694,99051,99408,99765,100122,100479,100836,101193,101550,101907,102264,102621,102978,103335,103692,104049,104406,104763,105120,105477,105834,106191,106548,106905,107262,107619,107976,108333,108690,109047,109404,109761,110118,110475,110832,111189,111546,111903,112260,112617,112974,113331,113688,114045,114402,114759,115116,115473,115830,116187,116544,116901,117258,117615,117972,118329,118686,119043,119400,119757,120114,120471,120828,121185,121542,121899,122256,122613,122970,123327,123684,124041,124398,124755,125112,125469,125826,126183,126540,126897,127254
163,520,877,1234,1591,1948,2305,2662,3019,3376,3733,4090,4447,4804,5161,5518,5875,6232,6589,6946,7303,7660,8017,8374,8731,9088,9445,9802,10159,10516,10873,11230,11587,11944,12301,12658,13015,13372,13729,14086,14443,14800,15157,15514,15871,16228,16585,16942,17299,17656,18013,18370,18727,19084,19441,19798,20155,20512,20869,21226,21583,21940,22297,22654,23011,23368,23725,24082,24439,24796,25153,25510,25867,26224,26581,26938,27295,27652,28009,28366,28723,29080,29437,29794,30151,30508,30865,31222,31579,31936,32293,32650,33007,33364,33721,34078,34435,34792,35149,35506,35863,36220,36577,36934,37291,37648,38005,38362,38719,39076,39433,39790,40147,40504,40861,41218,41575,41932,42289,42646,43003,43360,43717,44074,44431,44788,45145,45502,45859,46216,46573,46930,47287,47644,48001,48358,48715,49072,49429,49786,50143,50500,50857,51214,51571,51928,52285,52642,52999,53356,53713,54070,54427,54784,55141,55498,55855,56212,56569,56926,57283,57640,57997,58354,58711,59068,59425,59782,60139,60496,60853,61210,61567,61924,62281,62638,62995,63352,63709,64066,64423,64780,65137,65494,65851,66208,66565,66922,67279,67636,67993,68350,68707,69064,69258,69421,69778,70135,70492,70849,71206,71563,71920,72277,72634,72991,73348,73705,74062,74419,74776,75133,75490,75847,76204,76561,76918,77275,77632,77989,78346,78703,79060,79417,79774,80131,80488,80845,81202,81559,81916,82273,82630,82987,83344,83701,84058,84415,84772,85129,85486,85843,86200,86557,86914,87271,87628,87985,88342,88699,89056,89413,89770,90127,90484,90841,91198,91555,91912,92269,92626,92983,93340,93697,94054,94411,94768,95125,95482,95839,96196,96553,96910,97267,97624,97981,98338,98695,99052,99409,99766,100123,100480,100837,101194,101551,101908,102265,102622,102979,103336,103693,104050,104407,104764,105121,105478,105835,106192,106549,106906,107263,107620,107977,108334,108691,109048,109405,109762,110119,110476,110833,111190,111547,111904,112261,112618,112975,113332,113689,114046,114403,114760,115117,115474,115831,116188,116545,116902,117259,117616,117973,118330,118687,119044,119401,119758,120115,120472,120829,121186,121543,121900,122257,122614,122971,123328,123685,124042,124399,124756,125113,125470,125827,126184,126541,126898,127255
164,521,878,1235,1592,1949,2306,2663,3020,3377,3734,4091,4448,4805,5162,5519,5876,6233,6590,6947,7304,7661,8018,8375,8732,9089,9446,9803,10160,10517,10874,11231,11588,11945,12302,12659,13016,13373,13730,14087,14444,14801,15158,15515,15872,16229,16586,16943,17300,17657,18014,18371,18728,19085,19442,19799,20156,20513,20870,21227,21584,21941,22298,22655,23012,23369,23726,24083,24440,24797,25154,25511,25868,26225,26582,26939,27296,27653,28010,28367,28724,29081,29438,29795,30152,30509,30866,31223,31580,31937,32294,32651,33008,33365,33722,34079,34436,34793,35150,35507,35864,36221,36578,36935,37292,37649,38006,38363,38720,39077,39434,39791,40148,40505,40862,41219,41576,41933,42290,42647,43004,43361,43718,44075,44432,44789,45146,45503,45860,46217,46574,46931,47288,47645,48002,48359,48716,49073,49430,49787,50144,50501,50858,51215,51572,51929,52286,52643,53000,53357,53714,54071,54428,54785,55142,55499,55856,56213,56570,56927,57284,57641,57998,58355,58712,59069,59426,59783,60140,60497,60854,61211,61568,61925,62282,62639,62996,63353,63710,64067,64424,64781,65138,65495,65852,66209,66566,66923,67280,67637,67994,68351,68708,68901,69065,69422,69779,70136,70493,70850,71207,71564,71921,72278,72635,72992,73349,73706,74063,74420,74777,75134,75491,75848,76205,76562,76919,77276,77633,77990,78347,78704,79061,79418,79775,80132,80489,80846,81203,81560,81917,82274,82631,82988,83345,83702,84059,84416,84773,85130,85487,85844,86201,86558,86915,87272,87629,87986,88343,88700,89057,89414,89771,90128,90485,90842,91199,91556,91913,92270,92627,92984,93341,93698,94055,94412,94769,95126,95483,95840,96197,96554,96911,97268,97625,97982,98339,98696,99053,99410,99767,100124,100481,100838,101195,101552,101909,102266,102623,102980,103337,103694,104051,104408,104765,105122,105479,105836,106193,106550,106907,107264,107621,107978,108335,108692,109049,109406,109763,110120,110477,110834,111191,111548,111905,112262,112619,112976,113333,113690,114047,114404,114761,115118,115475,115832,116189,116546,116903,117260,117617,117974,118331,118688,119045,119402,119759,120116,120473,120830,121187,121544,121901,122258,122615,122972,123329,123686,124043,124400,124757,125114,125471,125828,126185,126542,126899,127256
165,522,879,1236,1593,1950,2307,2664,3021,3378,3735,4092,4449,4806,5163,5520,5877,6234,6591,6948,7305,7662,8019,8376,8733,9090,9447,9804,10161,10518,10875,11232,11589,11946,12303,12660,13017,13374,13731,14088,14445,14802,15159,15516,15873,16230,16587,16944,17301,17658,18015,18372,18729,19086,19443,19800,20157,20514,20871,21228,21585,21942,22299,22656,23013,23370,23727,24084,24441,24798,25155,25512,25869,26226,26583,26940,27297,27654,28011,28368,28725,29082,29439,29796,30153,30510,30867,31224,31581,31938,32295,32652,33009,33366,33723,34080,34437,34794,35151,35508,35865,36222,36579,36936,37293,37650,38007,38364,38721,39078,39435,39792,40149,40506,40863,41220,41577,41934,42291,42648,43005,43362,43719,44076,44433,44790,45147,45504,45861,46218,46575,46932,47289,47646,48003,48360,48717,49074,49431,49788,50145,50502,50859,51216,51573,51930,52287,52644,53001,53358,53715,54072,54429,54786,55143,55500,55857,56214,56571,56928,57285,57642,57999,58356,58713,59070,59427,59784,60141,60498,60855,61212,61569,61926,62283,62640,62997,63354,63711,64068,64425,64782,65139,65496,65853,66210,66567,66924,67281,67638,67995,68352,68544,68709,69066,69423,69780,70137,70494,70851,71208,71565,71922,72279,72636,72993,73350,73707,74064,74421,74778,75135,75492,75849,76206,76563,76920,77277,77634,77991,78348,78705,79062,79419,79776,80133,80490,80847,81204,81561,81918,82275,82632,82989,83346,83703,84060,84417,84774,85131,85488,85845,86202,86559,86916,87273,87630,87987,88344,88701,89058,89415,89772,90129,90486,90843,91200,91557,91914,92271,92628,92985,93342,93699,94056,94413,94770,95127,95484,95841,96198,96555,96912,97269,97626,97983,98340,98697,99054,99411,99768,100125,100482,100839,101196,101553,101910,102267,102624,102981,103338,103695,104052,104409,104766,105123,105480,105837,106194,106551,106908,107265,107622,107979,108336,108693,109050,109407,109764,110121,110478,110835,111192,111549,111906,112263,112620,112977,113334,113691,114048,114405,114762,115119,115476,115833,116190,116547,116904,117261,117618,117975,118332,118689,119046,119403,119760,120117,120474,120831,121188,121545,121902,122259,122616,122973,123330,123687,124044,124401,124758,125115,125472,125829,126186,126543,126900,127257
166,523,880,1237,1594,1951,2308,2665,3022,3379,3736,4093,4450,4807,5164,5521,5878,6235,6592,6949,7306,7663,8020,8377,8734,9091,9448,9805,10162,10519,10876,11233,11590,11947,12304,12661,13018,13375,13732,14089,14446,14803,15160,15517,15874,16231,16588,16945,17302,17659,18016,18373,18730,19087,19444,19801,20158,20515,20872,21229,21586,21943,22300,22657,23014,23371,23728,24085,24442,24799,25156,25513,25870,26227,26584,26941,27298,27655,28012,28369,28726,29083,29440,29797,30154,30511,30868,31225,31582,31939,32296,32653,33010,33367,33724,34081,34438,34795,35152,35509,35866,36223,36580,36937,37294,37651,38008,38365,38722,39079,39436,39793,40150,40507,40864,41221,41578,41935,42292,42649,43006,43363,43720,44077,44434,44791,45148,45505,45862,46219,46576,46933,47290,47647,48004,48361,48718,49075,49432,49789,50146,50503,50860,51217,51574,51931,52288,52645,53002,53359,53716,54073,54430,54787,55144,55501,55858,56215,56572,56929,57286,57643,58000,58357,58714,59071,59428,59785,60142,60499,60856,61213,61570,61927,62284,62641,62998,63355,63712,64069,64426,64783,65140,65497,65854,66211,66568,66925,67282,67639,67996,68187,68353,68710,69067,69424,69781,70138,70495,70852,71209,71566,71923,72280,72637,72994,73351,73708,74065,74422,74779,75136,75493,75850,76207,76564,76921,77278,77635,77992,78349,78706,79063,79420,79777,80134,80491,80848,81205,81562,81919,82276,82633,82990,83347,83704,84061,84418,84775,85132,85489,85846,86203,86560,86917,87274,87631,87988,88345,88702,89059,89416,89773,90130,90487,90844,91201,91558,91915,92272,92629,92986,93343,93700,94057,94414,94771,95128,95485,95842,96199,96556,96913,97270,97627,97984,98341,98698,99055,99412,99769,100126,100483,100840,101197,101554,101911,102268,102625,102982,103339,103696,104053,104410,104767,105124,105481,105838,106195,106552,106909,107266,107623,107980,108337,108694,109051,109408,109765,110122,110479,110836,111193,111550,111907,112264,112621,112978,113335,113692,114049,114406,114763,115120,115477,115834,116191,116548,116905,117262,117619,117976,118333,118690,119047,119404,119761,120118,120475,120832,121189,121546,121903,122260,122617,122974,123331,123688,124045,124402,124759,125116,125473,125830,126187,126544,126901,127258
167,524,881,1238,1595,1952,2309,2666,3023,3380,3737,4094,4451,4808,5165,5522,5879,6236,6593,6950,7307,7664,8021,8378,8735,9092,9449,9806,10163,10520,10877,11234,11591,11948,12305,12662,13019,13376,13733,14090,14447,14804,15161,15518,15875,16232,16589,16946,17303,17660,18017,18374,18731,19088,19445,19802,20159,20516,20873,21230,21587,21944,22301,22658,23015,23372,23729,24086,24443,24800,25157,25514,25871,26228,26585,26942,27299,27656,28013,28370,28727,29084,29441,29798,30155,30512,30869,31226,31583,31940,32297,32654,33011,33368,33725,34082,34439,34796,35153,35510,35867,36224,36581,36938,37295,37652,38009,38366,38723,39080,39437,39794,40151,40508,40865,41222,41579,41936,42293,42650,43007,43364,43721,44078,44435,44792,45149,45506,45863,46220,46577,46934,47291,47648,48005,48362,48719,49076,49433,49790,50147,50504,50861,51218,51575,51932,52289,52646,53003,53360,53717,54074,54431,54788,55145,55502,55859,56216,56573,56930,57287,57644,58001,58358,58715,59072,59429,59786,60143,60500,60857,61214,61571,61928,62285,62642,62999,63356,63713,64070,64427,64784,65141,65498,65855,66212,66569,66926,67283,67640,67830,67997,68354,68711,69068,69425,69782,70139,70496,70853,71210,71567,71924,72281,72638,72995,73352,73709,74066,74423,74780,75137,75494,75851,76208,76565,76922,77279,77636,77993,78350,78707,79064,79421,79778,80135,80492,80849,81206,81563,81920,82277,82634,82991,83348,83705,84062,84419,84776,85133,85490,85847,86204,86561,86918,87275,87632,87989,88346,88703,89060,89417,89774,90131,90488,90845,91202,91559,91916,92273,92630,92987,93344,93701,94058,94415,94772,95129,95486,95843,96200,96557,96914,97271,97628,97985,98342,98699,99056,99413,99770,100127,100484,100841,101198,101555,101912,102269,102626,102983,103340,103697,104054,104411,104768,105125,105482,105839,106196,106553,106910,107267,107624,107981,108338,108695,109052,109409,109766,110123,110480,110837,111194,111551,111908,112265,112622,112979,113336,113693,114050,114407,114764,115121,115478,115835,116192,116549,116906,117263,117620,117977,118334,118691,119048,119405,119762,120119,120476,120833,121190,121547,121904,122261,122618,122975,123332,123689,124046,124403,124760,125117,125474,125831,126188,126545,126902,127259
168,525,882,1239,1596,1953,2310,2667,3024,3381,3738,4095,4452,4809,5166,5523,5880,6237,6594,6951,7308,7665,8022,8379,8736,9093,9450,9807,10164,10521,10878,11235,11592,11949,12306,12663,13020,13377,13734,14091,14448,14805,15162,15519,15876,16233,16590,16947,17304,17661,18018,18375,18732,19089,19446,19803,20160,20517,20874,21231,21588,21945,22302,22659,23016,23373,23730,24087,24444,24801,25158,25515,25872,26229,26586,26943,27300,27657,28014,28371,28728,29085,29442,29799,30156,30513,30870,31227,31584,31941,32298,32655,33012,33369,33726,34083,34440,34797,35154,35511,35868,36225,36582,36939,37296,37653,38010,38367,38724,39081,39438,39795,40152,40509,40866,41223,41580,41937,42294,42651,43008,43365,43722,44079,44436,44793,45150,45507,45864,46221,46578,46935,47292,47649,48006,48363,48720,49077,49434,49791,50148,50505,50862,51219,51576,51933,52290,52647,53004,53361,53718,54075,54432,54789,55146,55503,55860,56217,56574,56931,57288,57645,58002,58359,58716,59073,59430,59787,60144,60501,60858,61215,61572,61929,62286,62643,63000,63357,63714,64071,64428,64785,65142,65499,65856,66213,66570,66927,67284,67473,67641,67998,68355,68712,69069,69426,69783,70140,70497,70854,71211,71568,71925,72282,72639,72996,73353,73710,74067,74424,74781,75138,75495,75852,76209,76566,76923,77280,77637,77994,78351,78708,79065,79422,79779,80136,80493,80850,81207,81564,81921,82278,82635,82992,83349,83706,84063,84420,84777,85134,85491,85848,86205,86562,86919,87276,87633,87990,88347,88704,89061,89418,89775,90132,90489,90846,91203,91560,91917,92274,92631,92988,93345,93702,94059,94416,94773,95130,95487,95844,96201,96558,96915,97272,97629,97986,98343,98700,99057,99414,99771,100128,100485,100842,101199,101556,101913,102270,102627,102984,103341,103698,104055,104412,104769,105126,105483,105840,106197,106554,106911,107268,107625,107982,108339,108696,109053,109410,109767,110124,110481,110838,111195,111552,111909,112266,112623,112980,113337,113694,114051,114408,114765,115122,115479,115836,116193,116550,116907,117264,117621,117978,118335,118692,119049,119406,119763,120120,120477,120834,121191,121548,121905,122262,122619,122976,123333,123690,124047,124404,124761,125118,125475,125832,126189,126546,126903,127260
169,526,883,1240,1597,1954,2311,2668,3025,3382,3739,4096,4453,4810,5167,5524,5881,6238,6595,6952,7309,7666,8023,8380,8737,9094,9451,9808,10165,10522,10879,11236,11593,11950,12307,12664,13021,13378,13735,14092,14449,14806,15163,15520,15877,16234,16591,16948,17305,17662,18019,18376,18733,19090,19447,19804,20161,20518,20875,21232,21589,21946,22303,22660,23017,23374,23731,24088,24445,24802,25159,25516,25873,26230,26587,26944,27301,27658,28015,28372,28729,29086,29443,29800,30157,30514,30871,31228,31585,31942,32299,32656,33013,33370,33727,34084,34441,34798,35155,35512,35869,36226,36583,36940,37297,37654,38011,38368,38725,39082,39439,39796,40153,40510,40867,41224,41581,41938,42295,42652,43009,43366,43723,44080,44437,44794,45151,45508,45865,46222,46579,46936,47293,47650,48007,48364,48721,49078,49435,49792,50149,50506,50863,51220,51577,51934,52291,52648,53005,53362,53719,54076,54433,54790,55147,55504,55861,56218,56575,56932,57289,57646,58003,58360,58717,59074,59431,59788,60145,60502,60859,61216,61573,61930,62287,62644,63001,63358,63715,64072,64429,64786,65143,65500,65857,66214,66571,66928,67116,67285,67642,67999,68356,68713,69070,69427,69784,70141,70498,70855,71212,71569,71926,72283,72640,72997,73354,73711,74068,74425,74782,75139,75496,75853,76210,76567,76924,77281,77638,77995,78352,78709,79066,79423,79780,80137,80494,80851,81208,81565,81922,82279,82636,82993,83350,83707,84064,84421,84778,85135,85492,85849,86206,86563,86920,87277,87634,87991,88348,88705,89062,89419,89776,90133,90490,90847,91204,91561,91918,92275,92632,92989,93346,93703,94060,94417,94774,95131,95488,95845,96202,96559,96916,97273,97630,97987,98344,98701,99058,99415,99772,100129,100486,100843,101200,101557,101914,102271,102628,102985,103342,103699,104056,104413,104770,105127,105484,105841,106198,106555,106912,107269,107626,107983,108340,108697,109054,109411,109768,110125,110482,110839,111196,111553,111910,112267,112624,112981,113338,113695,114052,114409,114766,115123,115480,115837,116194,116551,116908,117265,117622,117979,118336,118693,119050,119407,119764,120121,120478,120835,121192,121549,121906,122263,122620,122977,123334,123691,124048,124405,124762,125119,125476,125833,126190,126547,126904,127261
170,527,884,1241,1598,1955,2312,2669,3026,3383,3740,4097,4454,4811,5168,5525,5882,6239,6596,6953,7310,7667,8024,8381,8738,9095,9452,9809,10166,10523,10880,11237,11594,11951,12308,12665,13022,13379,13736,14093,14450,14807,15164,15521,15878,16235,16592,16949,17306,17663,18020,18377,18734,19091,19448,19805,20162,20519,20876,21233,21590,21947,22304,22661,23018,23375,23732,24089,24446,24803,25160,25517,25874,26231,26588,26945,27302,27659,28016,28373,28730,29087,29444,29801,30158,30515,30872,31229,31586,31943,32300,32657,33014,33371,33728,34085,34442,34799,35156,35513,35870,36227,36584,36941,37298,37655,38012,38369,38726,39083,39440,39797,40154,40511,40868,41225,41582,41939,42296,42653,43010,43367,43724,44081,44438,44795,45152,45509,45866,46223,46580,46937,47294,47651,48008,48365,48722,49079,49436,49793,50150,50507,50864,51221,51578,51935,52292,52649,53006,53363,53720,54077,54434,54791,55148,55505,55862,56219,56576,56933,57290,57647,58004,58361,58718,59075,59432,59789,60146,60503,60860,61217,61574,61931,62288,62645,63002,63359,63716,64073,64430,64787,65144,65501,65858,66215,66572,66759,66929,67286,67643,68000,68357,68714,69071,69428,69785,70142,70499,70856,71213,71570,71927,72284,72641,72998,73355,73712,74069,74426,74783,75140,75497,75854,76211,76568,76925,77282,77639,77996,78353,78710,79067,79424,79781,80138,80495,80852,81209,81566,81923,82280,82637,82994,83351,83708,84065,84422,84779,85136,85493,85850,86207,86564,86921,87278,87635,87992,88349,88706,89063,89420,89777,90134,90491,90848,91205,91562,91919,92276,92633,92990,93347,93704,94061,94418,94775,95132,95489,95846,96203,96560,96917,97274,97631,97988,98345,98702,99059,99416,99773,100130,100487,100844,101201,101558,101915,102272,102629,102986,103343,103700,104057,104414,104771,105128,105485,105842,106199,106556,106913,107270,107627,107984,108341,108698,109055,109412,109769,110126,110483,110840,111197,111554,111911,112268,112625,112982,113339,113696,114053,114410,114767,115124,115481,115838,116195,116552,116909,117266,117623,117980,118337,118694,119051,119408,119765,120122,120479,120836,121193,121550,121907,122264,122621,122978,123335,123692,124049,124406,124763,125120,125477,125834,126191,126548,126905,127262
171,528,885,1242,1599,1956,2313,2670,3027,3384,3741,4098,4455,4812,5169,5526,5883,6240,6597,6954,7311,7668,8025,8382,8739,9096,9453,9810,10167,10524,10881,11238,11595,11952,12309,12666,13023,13380,13737,14094,14451,14808,15165,15522,15879,16236,16593,16950,17307,17664,18021,18378,18735,19092,19449,19806,20163,20520,20877,21234,21591,21948,22305,22662,23019,23376,23733,24090,24447,24804,25161,25518,25875,26232,26589,26946,27303,27660,28017,28374,28731,29088,29445,29802,30159,30516,30873,31230,31587,31944,32301,32658,33015,33372,33729,34086,34443,34800,35157,35514,35871,36228,36585,36942,37299,37656,38013,38370,38727,39084,39441,39798,40155,40512,40869,41226,41583,41940,42297,42654,43011,43368,43725,44082,44439,44796,45153,45510,45867,46224,46581,46938,47295,47652,48009,48366,48723,49080,49437,49794,50151,50508,50865,51222,51579,51936,52293,52650,53007,53364,53721,54078,54435,54792,55149,55506,55863,56220,56577,56934,57291,57648,58005,58362,58719,59076,59433,59790,60147,60504,60861,61218,61575,61932,62289,62646,63003,63360,63717,64074,64431,64788,65145,65502,65859,66216,66402,66573,66930,67287,67644,68001,68358,68715,69072,69429,69786,70143,70500,70857,71214,71571,71928,72285,72642,72999,73356,73713,74070,74427,74784,75141,75498,75855,76212,76569,76926,77283,77640,77997,78354,78711,79068,79425,79782,80139,80496,80853,81210,81567,81924,82281,82638,82995,83352,83709,84066,84423,84780,85137,85494,85851,86208,86565,86922,87279,87636,87993,88350,88707,89064,89421,89778,90135,90492,90849,91206,91563,91920,92277,92634,92991,93348,93705,94062,94419,94776,95133,95490,95847,96204,96561,96918,97275,97632,97989,98346,98703,99060,99417,99774,100131,100488,100845,101202,101559,101916,102273,102630,102987,103344,103701,104058,104415,104772,105129,105486,105843,106200,106557,106914,107271,107628,107985,108342,108699,109056,109413,109770,110127,110484,110841,111198,111555,111912,112269,112626,112983,113340,113697,114054,114411,114768,115125,115482,115839,116196,116553,116910,117267,117624,117981,118338,118695,119052,119409,119766,120123,120480,120837,121194,121551,121908,122265,122622,122979,123336,123693,124050,124407,124764,125121,125478,125835,126192,126549,126906,127263
172,529,886,1243,1600,1957,2314,2671,3028,3385,3742,4099,4456,4813,5170,5527,5884,6241,6598,6955,7312,7669,8026,8383,8740,9097,9454,9811,10168,10525,10882,11239,11596,11953,12310,12667,13024,13381,13738,14095,14452,14809,15166,15523,15880,16237,16594,16951,17308,17665,18022,18379,18736,19093,19450,19807,20164,20521,20878,21235,21592,21949,22306,22663,23020,23377,23734,24091,24448,24805,25162,25519,25876,26233,26590,26947,27304,27661,28018,28375,28732,29089,29446,29803,30160,30517,30874,31231,31588,31945,32302,32659,33016,33373,33730,34087,34444,34801,35158,35515,35872,36229,36586,36943,37300,37657,38014,38371,38728,39085,39442,39799,40156,40513,40870,41227,41584,41941,42298,42655,43012,43369,43726,44083,44440,44797,45154,45511,45868,46225,46582,46939,47296,47653,48010,48367,48724,49081,49438,49795,50152,50509,50866,51223,51580,51937,52294,52651,53008,53365,53722,54079,54436,54793,55150,55507,55864,56221,56578,56935,57292,57649,58006,58363,58720,59077,59434,59791,60148,60505,60862,61219,61576,61933,62290,62647,63004,63361,63718,64075,64432,64789,65146,65503,65860,66045,66217,66574,66931,67288,67645,68002,68359,68716,69073,69430,69787,70144,70501,70858,71215,71572,71929,72286,72643,73000,73357,73714,74071,74428,74785,75142,75499,75856,76213,76570,76927,77284,77641,77998,78355,78712,79069,79426,79783,80140,80497,80854,81211,81568,81925,82282,82639,82996,83353,83710,84067,84424,84781,85138,85495,85852,86209,86566,86923,87280,87637,87994,88351,88708,89065,89422,89779,90136,90493,90850,91207,91564,91921,92278,92635,92992,93349,93706,94063,94420,94777,95134,95491,95848,96205,96562,96919,97276,97633,97990,98347,98704,99061,99418,99775,100132,100489,100846,101203,101560,101917,102274,102631,102988,103345,103702,104059,104416,104773,105130,105487,105844,106201,106558,106915,107272,107629,107986,108343,108700,109057,109414,109771,110128,110485,110842,111199,111556,111913,112270,112627,112984,113341,113698,114055,114412,114769,115126,115483,115840,116197,116554,116911,117268,117625,117982,118339,118696,119053,119410,119767,120124,120481,120838,121195,121552,121909,122266,122623,122980,123337,123694,124051,124408,124765,125122,125479,125836,126193,126550,126907,127264
173,530,887,1244,1601,1958,2315,2672,3029,3386,3743,4100,4457,4814,5171,5528,5885,6242,6599,6956,7313,7670,8027,8384,8741,9098,9455,9812,10169,10526,10883,11240,11597,11954,12311,12668,13025,13382,13739,14096,14453,14810,15167,15524,15881,16238,16595,16952,17309,17666,18023,18380,18737,19094,19451,19808,20165,20522,20879,21236,21593,21950,22307,22664,23021,23378,23735,24092,24449,24806,25163,25520,25877,26234,26591,26948,27305,27662,28019,28376,28733,29090,29447,29804,30161,30518,30875,31232,31589,31946,32303,32660,33017,33374,33731,34088,34445,34802,35159,35516,35873,36230,36587,36944,37301,37658,38015,38372,38729,39086,39443,39800,40157,40514,40871,41228,41585,41942,42299,42656,43013,43370,43727,44084,44441,44798,45155,45512,45869,46226,46583,46940,47297,47654,48011,48368,48725,49082,49439,49796,50153,50510,50867,51224,51581,51938,52295,52652,53009,53366,53723,54080,54437,54794,55151,55508,55865,56222,56579,56936,57293,57650,58007,58364,58721,59078,59435,59792,60149,60506,60863,61220,61577,61934,62291,62648,63005,63362,63719,64076,64433,64790,65147,65504,65688,65861,66218,66575,66932,67289,67646,68003,68360,68717,69074,69431,69788,70145,70502,70859,71216,71573,71930,72287,72644,73001,73358,73715,74072,74429,74786,75143,75500,75857,76214,76571,76928,77285,77642,77999,78356,78713,79070,79427,79784,80141,80498,80855,81212,81569,81926,82283,82640,82997,83354,83711,84068,84425,84782,85139,85496,85853,86210,86567,86924,87281,87638,87995,88352,88709,89066,89423,89780,90137,90494,90851,91208,91565,91922,92279,92636,92993,93350,93707,94064,94421,94778,95135,95492,95849,96206,96563,96920,97277,97634,97991,98348,98705,99062,99419,99776,100133,100490,100847,101204,101561,101918,102275,102632,102989,103346,103703,104060,104417,104774,105131,105488,105845,106202,106559,106916,107273,107630,107987,108344,108701,109058,109415,109772,110129,110486,110843,111200,111557,111914,112271,112628,112985,113342,113699,114056,114413,114770,115127,115484,115841,116198,116555,116912,117269,117626,117983,118340,118697,119054,119411,119768,120125,120482,120839,121196,121553,121910,122267,122624,122981,123338,123695,124052,124409,124766,125123,125480,125837,126194,126551,126908,127265
174,531,888,1245,1602,1959,2316,2673,3030,3387,3744,4101,4458,4815,5172,5529,5886,6243,6600,6957,7314,7671,8028,8385,8742,9099,9456,9813,10170,10527,10884,11241,11598,11955,12312,12669,13026,13383,13740,14097,14454,14811,15168,15525,15882,16239,16596,16953,17310,17667,18024,18381,18738,19095,19452,19809,20166,20523,20880,21237,21594,21951,22308,22665,23022,23379,23736,24093,24450,24807,25164,25521,25878,26235,26592,26949,27306,27663,28020,28377,28734,29091,29448,29805,30162,30519,30876,31233,31590,31947,32304,32661,33018,33375,33732,34089,34446,34803,35160,35517,35874,36231,36588,36945,37302,37659,38016,38373,38730,39087,39444,39801,40158,40515,40872,41229,41586,41943,42300,42657,43014,43371,43728,44085,44442,44799,45156,45513,45870,46227,46584,46941,47298,47655,48012,48369,48726,49083,49440,49797,50154,50511,50868,51225,51582,51939,52296,52653,53010,53367,53724,54081,54438,54795,55152,55509,55866,56223,56580,56937,57294,57651,58008,58365,58722,59079,59436,59793,60150,60507,60864,61221,61578,61935,62292,62649,63006,63363,63720,64077,64434,64791,65148,65331,65505,65862,66219,66576,66933,67290,67647,68004,68361,68718,69075,69432,69789,70146,70503,70860,71217,71574,71931,72288,72645,73002,73359,73716,74073,74430,74787,75144,75501,75858,76215,76572,76929,77286,77643,78000,78357,78714,79071,79428,79785,80142,80499,80856,81213,81570,81927,82284,82641,82998,83355,83712,84069,84426,84783,85140,85497,85854,86211,86568,86925,87282,87639,87996,88353,88710,89067,89424,89781,90138,90495,90852,91209,91566,91923,92280,92637,92994,93351,93708,94065,94422,94779,95136,95493,95850,96207,96564,96921,97278,97635,97992,98349,98706,99063,99420,99777,100134,100491,100848,101205,101562,101919,102276,102633,102990,103347,103704,104061,104418,104775,105132,105489,105846,106203,106560,106917,107274,107631,107988,108345,108702,109059,109416,109773,110130,110487,110844,111201,111558,111915,112272,112629,112986,113343,113700,114057,114414,114771,115128,115485,115842,116199,116556,116913,117270,117627,117984,118341,118698,119055,119412,119769,120126,120483,120840,121197,121554,121911,122268,122625,122982,123339,123696,124053,124410,124767,125124,125481,125838,126195,126552,126909,127266
175,532,889,1246,1603,1960,2317,2674,3031,3388,3745,4102,4459,4816,5173,5530,5887,6244,6601,6958,7315,7672,8029,8386,8743,9100,9457,9814,10171,10528,10885,11242,11599,11956,12313,12670,13027,13384,13741,14098,14455,14812,15169,15526,15883,16240,16597,16954,17311,17668,18025,18382,18739,19096,19453,19810,20167,20524,20881,21238,21595,21952,22309,22666,23023,23380,23737,24094,24451,24808,25165,25522,25879,26236,26593,26950,27307,27664,28021,28378,28735,29092,29449,29806,30163,30520,30877,31234,31591,31948,32305,32662,33019,33376,33733,34090,34447,34804,35161,35518,35875,36232,36589,36946,37303,37660,38017,38374,38731,39088,39445,39802,40159,40516,40873,41230,41587,41944,42301,42658,43015,43372,43729,44086,44443,44800,45157,45514,45871,46228,46585,46942,47299,47656,48013,48370,48727,49084,49441,49798,50155,50512,50869,51226,51583,51940,52297,52654,53011,53368,53725,54082,54439,54796,55153,55510,55867,56224,56581,56938,57295,57652,58009,58366,58723,59080,59437,59794,60151,60508,60865,61222,61579,61936,62293,62650,63007,63364,63721,64078,64435,64792,64974,65149,65506,65863,66220,66577,66934,67291,67648,68005,68362,68719,69076,69433,69790,70147,70504,70861,71218,71575,71932,72289,72646,73003,73360,73717,74074,74431,74788,75145,75502,75859,76216,76573,76930,77287,77644,78001,78358,78715,79072,79429,79786,80143,80500,80857,81214,81571,81928,82285,82642,82999,83356,83713,84070,84427,84784,85141,85498,85855,86212,86569,86926,87283,87640,87997,88354,88711,89068,89425,89782,90139,90496,90853,91210,91567,91924,92281,92638,92995,93352,93709,94066,94423,94780,95137,95494,95851,96208,96565,96922,97279,97636,97993,98350,98707,99064,99421,99778,100135,100492,100849,101206,101563,101920,102277,102634,102991,103348,103705,104062,104419,104776,105133,105490,105847,106204,106561,106918,107275,107632,107989,108346,108703,109060,109417,109774,110131,110488,110845,111202,111559,111916,112273,112630,112987,113344,113701,114058,114415,114772,115129,115486,115843,116200,116557,116914,117271,117628,117985,118342,118699,119056,119413,119770,120127,120484,120841,121198,121555,121912,122269,122626,122983,123340,123697,124054,124411,124768,125125,125482,125839,126196,126553,126910,127267
176,533,890,1247,1604,1961,2318,2675,3032,3389,3746,4103,4460,4817,5174,5531,5888,6245,6602,6959,7316,7673,8030,8387,8744,9101,9458,9815,10172,10529,10886,11243,11600,11957,12314,12671,13028,13385,13742,14099,14456,14813,15170,15527,15884,16241,16598,16955,17312,17669,18026,18383,18740,19097,19454,19811,20168,20525,20882,21239,21596,21953,22310,22667,23024,23381,23738,24095,24452,24809,25166,25523,25880,26237,26594,26951,27308,27665,28022,28379,28736,29093,29450,29807,30164,30521,30878,31235,31592,31949,32306,32663,33020,33377,33734,34091,34448,34805,35162,35519,35876,36233,36590,36947,37304,37661,38018,38375,38732,39089,39446,39803,40160,40517,40874,41231,41588,41945,42302,42659,43016,43373,43730,44087,44444,44801,45158,45515,45872,46229,46586,46943,47300,47657,48014,48371,48728,49085,49442,49799,50156,50513,50870,51227,51584,51941,52298,52655,53012,53369,53726,54083,54440,54797,55154,55511,55868,56225,56582,56939,57296,57653,58010,58367,58724,59081,59438,59795,60152,60509,60866,61223,61580,61937,62294,62651,63008,63365,63722,64079,64436,64617,64793,65150,65507,65864,66221,66578,66935,67292,67649,68006,68363,68720,69077,69434,69791,70148,70505,70862,71219,71576,71933,72290,72647,73004,73361,73718,74075,74432,74789,75146,75503,75860,76217,76574,76931,77288,77645,78002,78359,78716,79073,79430,79787,80144,80501,80858,81215,81572,81929,82286,82643,83000,83357,83714,84071,84428,84785,85142,85499,85856,86213,86570,86927,87284,87641,87998,88355,88712,89069,89426,89783,90140,90497,90854,91211,91568,91925,92282,92639,92996,93353,93710,94067,94424,94781,95138,95495,95852,96209,96566,96923,97280,97637,97994,98351,98708,99065,99422,99779,100136,100493,100850,101207,101564,101921,102278,102635,102992,103349,103706,104063,104420,104777,105134,105491,105848,106205,106562,106919,107276,107633,107990,108347,108704,109061,109418,109775,110132,110489,110846,111203,111560,111917,112274,112631,112988,113345,113702,114059,114416,114773,115130,115487,115844,116201,116558,116915,117272,117629,117986,118343,118700,119057,119414,119771,120128,120485,120842,121199,121556,121913,122270,122627,122984,123341,123698,124055,124412,124769,125126,125483,125840,126197,126554,126911,127268
177,534,891,1248,1605,1962,2319,2676,3033,3390,3747,4104,4461,4818,5175,5532,5889,6246,6603,6960,7317,7674,8031,8388,8745,9102,9459,9816,10173,10530,10887,11244,11601,11958,12315,12672,13029,13386,13743,14100,14457,14814,15171,15528,15885,16242,16599,16956,17313,17670,18027,18384,18741,19098,19455,19812,20169,20526,20883,21240,21597,21954,22311,22668,23025,23382,23739,24096,24453,24810,25167,25524,25881,26238,26595,26952,27309,27666,28023,28380,28737,29094,29451,29808,30165,30522,30879,31236,31593,31950,32307,32664,33021,33378,33735,34092,34449,34806,35163,35520,35877,36234,36591,36948,37305,37662,38019,38376,38733,39090,39447,39804,40161,40518,40875,41232,41589,41946,42303,42660,43017,43374,43731,44088,44445,44802,45159,45516,45873,46230,46587,46944,47301,47658,48015,48372,48729,49086,49443,49800,50157,50514,50871,51228,51585,51942,52299,52656,53013,53370,53727,54084,54441,54798,55155,55512,55869,56226,56583,56940,57297,57654,58011,58368,58725,59082,59439,59796,60153,60510,60867,61224,61581,61938,62295,62652,63009,63366,63723,64080,64260,64437,64794,65151,65508,65865,66222,66579,66936,67293,67650,68007,68364,68721,69078,69435,69792,70149,70506,70863,71220,71577,71934,72291,72648,73005,73362,73719,74076,74433,74790,75147,75504,75861,76218,76575,76932,77289,77646,78003,78360,78717,79074,79431,79788,80145,80502,80859,81216,81573,81930,82287,82644,83001,83358,83715,84072,84429,84786,85143,85500,85857,86214,86571,86928,87285,87642,87999,88356,88713,89070,89427,89784,90141,90498,90855,91212,91569,91926,92283,92640,92997,93354,93711,94068,94425,94782,95139,95496,95853,96210,96567,96924,97281,97638,97995,98352,98709,99066,99423,99780,100137,100494,100851,101208,101565,101922,102279,102636,102993,103350,103707,104064,104421,104778,105135,105492,105849,106206,106563,106920,107277,107634,107991,108348,108705,109062,109419,109776,110133,110490,110847,111204,111561,111918,112275,112632,112989,113346,113703,114060,114417,114774,115131,115488,115845,116202,116559,116916,117273,117630,117987,118344,118701,119058,119415,119772,120129,120486,120843,121200,121557,121914,122271,122628,122985,123342,123699,124056,124413,124770,125127,125484,125841,126198,126555,126912,127269
178,535,892,1249,1606,1963,2320,2677,3034,3391,3748,4105,4462,4819,5176,5533,5890,6247,6604,6961,7318,7675,8032,8389,8746,9103,9460,9817,10174,10531,10888,11245,11602,11959,12316,12673,13030,13387,13744,14101,14458,14815,15172,15529,15886,16243,16600,16957,17314,17671,18028,18385,18742,19099,19456,19813,20170,20527,20884,21241,21598,21955,22312,22669,23026,23383,23740,24097,24454,24811,25168,25525,25882,26239,26596,26953,27310,27667,28024,28381,28738,29095,29452,29809,30166,30523,30880,31237,31594,31951,32308,32665,33022,33379,33736,34093,34450,34807,35164,35521,35878,36235,36592,36949,37306,37663,38020,38377,38734,39091,39448,39805,40162,40519,40876,41233,41590,41947,42304,42661,43018,43375,43732,44089,44446,44803,45160,45517,45874,46231,46588,46945,47302,47659,48016,48373,48730,49087,49444,49801,50158,50515,50872,51229,51586,51943,52300,52657,53014,53371,53728,54085,54442,54799,55156,55513,55870,56227,56584,56941,57298,57655,58012,58369,58726,59083,59440,59797,60154,60511,60868,61225,61582,61939,62296,62653,63010,63367,63724,63903,64081,64438,64795,65152,65509,65866,66223,66580,66937,67294,67651,68008,68365,68722,69079,69436,69793,70150,70507,70864,71221,71578,71935,72292,72649,73006,73363,73720,74077,74434,74791,75148,75505,75862,76219,76576,76933,77290,77647,78004,78361,78718,79075,79432,79789,80146,80503,80860,81217,81574,81931,82288,82645,83002,83359,83716,84073,84430,84787,85144,85501,85858,86215,86572,86929,87286,87643,88000,88357,88714,89071,89428,89785,90142,90499,90856,91213,91570,91927,92284,92641,92998,93355,93712,94069,94426,94783,95140,95497,95854,96211,96568,96925,97282,97639,97996,98353,98710,99067,99424,99781,100138,100495,100852,101209,101566,101923,102280,102637,102994,103351,103708,104065,104422,104779,105136,105493,105850,106207,106564,106921,107278,107635,107992,108349,108706,109063,109420,109777,110134,110491,110848,111205,111562,111919,112276,112633,112990,113347,113704,114061,114418,114775,115132,115489,115846,116203,116560,116917,117274,117631,117988,118345,118702,119059,119416,119773,120130,120487,120844,121201,121558,121915,122272,122629,122986,123343,123700,124057,124414,124771,125128,125485,125842,126199,126556,126913,127270
179,536,893,1250,1607,1964,2321,2678,3035,3392,3749,4106,4463,4820,5177,5534,5891,6248,6605,6962,7319,7676,8033,8390,8747,9104,9461,9818,10175,10532,10889,11246,11603,11960,12317,12674,13031,13388,13745,14102,14459,14816,15173,15530,15887,16244,16601,16958,17315,17672,18029,18386,18743,19100,19457,19814,20171,20528,20885,21242,21599,21956,22313,22670,23027,23384,23741,24098,24455,24812,25169,25526,25883,26240,26597,26954,27311,27668,28025,28382,28739,29096,29453,29810,30167,30524,30881,31238,31595,31952,32309,32666,33023,33380,33737,34094,34451,34808,35165,35522,35879,36236,36593,36950,37307,37664,38021,38378,38735,39092,39449,39806,40163,40520,40877,41234,41591,41948,42305,42662,43019,43376,43733,44090,44447,44804,45161,45518,45875,46232,46589,46946,47303,47660,48017,48374,48731,49088,49445,49802,50159,50516,50873,51230,51587,51944,52301,52658,53015,53372,53729,54086,54443,54800,55157,55514,55871,56228,56585,56942,57299,57656,58013,58370,58727,59084,59441,59798,60155,60512,60869,61226,61583,61940,62297,62654,63011,63368,63546,63725,64082,64439,64796,65153,65510,65867,66224,66581,66938,67295,67652,68009,68366,68723,69080,69437,69794,70151,70508,70865,71222,71579,71936,72293,72650,73007,73364,73721,74078,74435,74792,75149,75506,75863,76220,76577,76934,77291,77648,78005,78362,78719,79076,79433,79790,80147,80504,80861,81218,81575,81932,82289,82646,83003,83360,83717,84074,84431,84788,85145,85502,85859,86216,86573,86930,87287,87644,88001,88358,88715,89072,89429,89786,90143,90500,90857,91214,91571,91928,92285,92642,92999,93356,93713,94070,94427,94784,95141,95498,95855,96212,96569,96926,97283,97640,97997,98354,98711,99068,99425,99782,100139,100496,100853,101210,101567,101924,102281,102638,102995,103352,103709,104066,104423,104780,105137,105494,105851,106208,106565,106922,107279,107636,107993,108350,108707,109064,109421,109778,110135,110492,110849,111206,111563,111920,112277,112634,112991,113348,113705,114062,114419,114776,115133,115490,115847,116204,116561,116918,117275,117632,117989,118346,118703,119060,119417,119774,120131,120488,120845,121202,121559,121916,122273,122630,122987,123344,123701,124058,124415,124772,125129,125486,125843,126200,126557,126914,127271
180,537,894,1251,1608,1965,2322,2679,3036,3393,3750,4107,4464,4821,5178,5535,5892,6249,6606,6963,7320,7677,8034,8391,8748,9105,9462,9819,10176,10533,10890,11247,11604,11961,12318,12675,13032,13389,13746,14103,14460,14817,15174,15531,15888,16245,16602,16959,17316,17673,18030,18387,18744,19101,19458,19815,20172,20529,20886,21243,21600,21957,22314,22671,23028,23385,23742,24099,24456,24813,25170,25527,25884,26241,26598,26955,27312,27669,28026,28383,28740,29097,29454,29811,30168,30525,30882,31239,31596,31953,32310,32667,33024,33381,33738,34095,34452,34809,35166,35523,35880,36237,36594,36951,37308,37665,38022,38379,38736,39093,39450,39807,40164,40521,40878,41235,41592,41949,42306,42663,43020,43377,43734,44091,44448,44805,45162,45519,45876,46233,46590,46947,47304,47661,48018,48375,48732,49089,49446,49803,50160,50517,50874,51231,51588,51945,52302,52659,53016,53373,53730,54087,54444,54801,55158,55515,55872,56229,56586,56943,57300,57657,58014,58371,58728,59085,59442,59799,60156,60513,60870,61227,61584,61941,62298,62655,63012,63189,63369,63726,64083,64440,64797,65154,65511,65868,66225,66582,66939,67296,67653,68010,68367,68724,69081,69438,69795,70152,70509,70866,71223,71580,71937,72294,72651,73008,73365,73722,74079,74436,74793,75150,75507,75864,76221,76578,76935,77292,77649,78006,78363,78720,79077,79434,79791,80148,80505,80862,81219,81576,81933,82290,82647,83004,83361,83718,84075,84432,84789,85146,85503,85860,86217,86574,86931,87288,87645,88002,88359,88716,89073,89430,89787,90144,90501,90858,91215,91572,91929,92286,92643,93000,93357,93714,94071,94428,94785,95142,95499,95856,96213,96570,96927,97284,97641,97998,98355,98712,99069,99426,99783,100140,100497,100854,101211,101568,101925,102282,102639,102996,103353,103710,104067,104424,104781,105138,105495,105852,106209,106566,106923,107280,107637,107994,108351,108708,109065,109422,109779,110136,110493,110850,111207,111564,111921,112278,112635,112992,113349,113706,114063,114420,114777,115134,115491,115848,116205,116562,116919,117276,117633,117990,118347,118704,119061,119418,119775,120132,120489,120846,121203,121560,121917,122274,122631,122988,123345,123702,124059,124416,124773,125130,125487,125844,126201,126558,126915,127272
181,538,895,1252,1609,1966,2323,2680,3037,3394,3751,4108,4465,4822,5179,5536,5893,6250,6607,6964,7321,7678,8035,8392,8749,9106,9463,9820,10177,10534,10891,11248,11605,11962,12319,12676,13033,13390,13747,14104,14461,14818,15175,15532,15889,16246,16603,16960,17317,17674,18031,18388,18745,19102,19459,19816,20173,20530,20887,21244,21601,21958,22315,22672,23029,23386,23743,24100,24457,24814,25171,25528,25885,26242,26599,26956,27313,27670,28027,28384,28741,29098,29455,29812,30169,30526,30883,31240,31597,31954,32311,32668,33025,33382,33739,34096,34453,34810,35167,35524,35881,36238,36595,36952,37309,37666,38023,38380,38737,39094,39451,39808,40165,40522,40879,41236,41593,41950,42307,42664,43021,43378,43735,44092,44449,44806,45163,45520,45877,46234,46591,46948,47305,47662,48019,48376,48733,49090,49447,49804,50161,50518,50875,51232,51589,51946,52303,52660,53017,53374,53731,54088,54445,54802,55159,55516,55873,56230,56587,56944,57301,57658,58015,58372,58729,59086,59443,59800,60157,60514,60871,61228,61585,61942,62299,62656,62832,63013,63370,63727,64084,64441,64798,65155,65512,65869,66226,66583,66940,67297,67654,68011,68368,68725,69082,69439,69796,70153,70510,70867,71224,71581,71938,72295,72652,73009,73366,73723,74080,74437,74794,75151,75508,75865,76222,76579,76936,77293,77650,78007,78364,78721,79078,79435,79792,80149,80506,80863,81220,81577,81934,82291,82648,83005,83362,83719,84076,84433,84790,85147,85504,85861,86218,86575,86932,87289,87646,88003,88360,88717,89074,89431,89788,90145,90502,90859,91216,91573,91930,92287,92644,93001,93358,93715,94072,94429,94786,95143,95500,95857,96214,96571,96928,97285,97642,97999,98356,98713,99070,99427,99784,100141,100498,100855,101212,101569,101926,102283,102640,102997,103354,103711,104068,104425,104782,105139,105496,105853,106210,106567,106924,107281,107638,107995,108352,108709,109066,109423,109780,110137,110494,110851,111208,111565,111922,112279,112636,112993,113350,113707,114064,114421,114778,115135,115492,115849,116206,116563,116920,117277,117634,117991,118348,118705,119062,119419,119776,120133,120490,120847,121204,121561,121918,122275,122632,122989,123346,123703,124060,124417,124774,125131,125488,125845,126202,126559,126916,127273
182,539,896,1253,1610,1967,2324,2681,3038,3395,3752,4109,4466,4823,5180,5537,5894,6251,6608,6965,7322,7679,8036,8393,8750,9107,9464,9821,10178,10535,10892,11249,11606,11963,12320,12677,13034,13391,13748,14105,14462,14819,15176,15533,15890,16247,16604,16961,17318,17675,18032,18389,18746,19103,19460,19817,20174,20531,20888,21245,21602,21959,22316,22673,23030,23387,23744,24101,24458,24815,25172,25529,25886,26243,26600,26957,27314,27671,28028,28385,28742,29099,29456,29813,30170,30527,30884,31241,31598,31955,32312,32669,33026,33383,33740,34097,34454,34811,35168,35525,35882,36239,36596,36953,37310,37667,38024,38381,38738,39095,39452,39809,40166,40523,40880,41237,41594,41951,42308,42665,43022,43379,43736,44093,44450,44807,45164,45521,45878,46235,46592,46949,47306,47663,48020,48377,48734,49091,49448,49805,50162,50519,50876,51233,51590,51947,52304,52661,53018,53375,53732,54089,54446,54803,55160,55517,55874,56231,56588,56945,57302,57659,58016,58373,58730,59087,59444,59801,60158,60515,60872,61229,61586,61943,62300,62475,62657,63014,63371,63728,64085,64442,64799,65156,65513,65870,66227,66584,66941,67298,67655,68012,68369,68726,69083,69440,69797,70154,70511,70868,71225,71582,71939,72296,72653,73010,73367,73724,74081,74438,74795,75152,75509,75866,76223,76580,76937,77294,77651,78008,78365,78722,79079,79436,79793,80150,80507,80864,81221,81578,81935,82292,82649,83006,83363,83720,84077,84434,84791,85148,85505,85862,86219,86576,86933,87290,87647,88004,88361,88718,89075,89432,89789,90146,90503,90860,91217,91574,91931,92288,92645,93002,93359,93716,94073,94430,94787,95144,95501,95858,96215,96572,96929,97286,97643,98000,98357,98714,99071,99428,99785,100142,100499,100856,101213,101570,101927,102284,102641,102998,103355,103712,104069,104426,104783,105140,105497,105854,106211,106568,106925,107282,107639,107996,108353,108710,109067,109424,109781,110138,110495,110852,111209,111566,111923,112280,112637,112994,113351,113708,114065,114422,114779,115136,115493,115850,116207,116564,116921,117278,117635,117992,118349,118706,119063,119420,119777,120134,120491,120848,121205,121562,121919,122276,122633,122990,123347,123704,124061,124418,124775,125132,125489,125846,126203,126560,126917,127274
183,540,897,1254,1611,1968,2325,2682,3039,3396,3753,4110,4467,4824,5181,5538,5895,6252,6609,6966,7323,7680,8037,8394,8751,9108,9465,9822,10179,10536,10893,11250,11607,11964,12321,12678,13035,13392,13749,14106,14463,14820,15177,15534,15891,16248,16605,16962,17319,17676,18033,18390,18747,19104,19461,19818,20175,20532,20889,21246,21603,21960,22317,22674,23031,23388,23745,24102,24459,24816,25173,25530,25887,26244,26601,26958,27315,27672,28029,28386,28743,29100,29457,29814,30171,30528,30885,31242,31599,31956,32313,32670,33027,33384,33741,34098,34455,34812,35169,35526,35883,36240,36597,36954,37311,37668,38025,38382,38739,39096,39453,39810,40167,40524,40881,41238,41595,41952,42309,42666,43023,43380,43737,44094,44451,44808,45165,45522,45879,46236,46593,46950,47307,47664,48021,48378,48735,49092,49449,49806,50163,50520,50877,51234,51591,51948,52305,52662,53019,53376,53733,54090,54447,54804,55161,55518,55875,56232,56589,56946,57303,57660,58017,58374,58731,59088,59445,59802,60159,60516,60873,61230,61587,61944,62118,62301,62658,63015,63372,63729,64086,64443,64800,65157,65514,65871,66228,66585,66942,67299,67656,68013,68370,68727,69084,69441,69798,70155,70512,70869,71226,71583,71940,72297,72654,73011,73368,73725,74082,74439,74796,75153,75510,75867,76224,76581,76938,77295,77652,78009,78366,78723,79080,79437,79794,80151,80508,80865,81222,81579,81936,82293,82650,83007,83364,83721,84078,84435,84792,85149,85506,85863,86220,86577,86934,87291,87648,88005,88362,88719,89076,89433,89790,90147,90504,90861,91218,91575,91932,92289,92646,93003,93360,93717,94074,94431,94788,95145,95502,95859,96216,96573,96930,97287,97644,98001,98358,98715,99072,99429,99786,100143,100500,100857,101214,101571,101928,102285,102642,102999,103356,103713,104070,104427,104784,105141,105498,105855,106212,106569,106926,107283,107640,107997,108354,108711,109068,109425,109782,110139,110496,110853,111210,111567,111924,112281,112638,112995,113352,113709,114066,114423,114780,115137,115494,115851,116208,116565,116922,117279,117636,117993,118350,118707,119064,119421,119778,120135,120492,120849,121206,121563,121920,122277,122634,122991,123348,123705,124062,124419,124776,125133,125490,125847,126204,126561,126918,127275
184,541,898,1255,1612,1969,2326,2683,3040,3397,3754,4111,4468,4825,5182,5539,5896,6253,6610,6967,7324,7681,8038,8395,8752,9109,9466,9823,10180,10537,10894,11251,11608,11965,12322,12679,13036,13393,13750,14107,14464,14821,15178,15535,15892,16249,16606,16963,17320,17677,18034,18391,18748,19105,19462,19819,20176,20533,20890,21247,21604,21961,22318,22675,23032,23389,23746,24103,24460,24817,25174,25531,25888,26245,26602,26959,27316,27673,28030,28387,28744,29101,29458,29815,30172,30529,30886,31243,31600,31957,32314,32671,33028,33385,33742,34099,34456,34813,35170,35527,35884,36241,36598,36955,37312,37669,38026,38383,38740,39097,39454,39811,40168,40525,40882,41239,41596,41953,42310,42667,43024,43381,43738,44095,44452,44809,45166,45523,45880,46237,46594,46951,47308,47665,48022,48379,48736,49093,49450,49807,50164,50521,50878,51235,51592,51949,52306,52663,53020,53377,53734,54091,54448,54805,55162,55519,55876,56233,56590,56947,57304,57661,58018,58375,58732,59089,59446,59803,60160,60517,60874,61231,61588,61761,61945,62302,62659,63016,63373,63730,64087,64444,64801,65158,65515,65872,66229,66586,66943,67300,67657,68014,68371,68728,69085,69442,69799,70156,70513,70870,71227,71584,71941,72298,72655,73012,73369,73726,74083,74440,74797,75154,75511,75868,76225,76582,76939,77296,77653,78010,78367,78724,79081,79438,79795,80152,80509,80866,81223,81580,81937,82294,82651,83008,83365,83722,84079,84436,84793,85150,85507,85864,86221,86578,86935,87292,87649,88006,88363,88720,89077,89434,89791,90148,90505,90862,91219,91576,91933,92290,92647,93004,93361,93718,94075,94432,94789,95146,95503,95860,96217,96574,96931,97288,97645,98002,98359,98716,99073,99430,99787,100144,100501,100858,101215,101572,101929,102286,102643,103000,103357,103714,104071,104428,104785,105142,105499,105856,106213,106570,106927,107284,107641,107998,108355,108712,109069,109426,109783,110140,110497,110854,111211,111568,111925,112282,112639,112996,113353,113710,114067,114424,114781,115138,115495,115852,116209,116566,116923,117280,117637,117994,118351,118708,119065,119422,119779,120136,120493,120850,121207,121564,121921,122278,122635,122992,123349,123706,124063,124420,124777,125134,125491,125848,126205,126562,126919,127276
185,542,899,1256,1613,1970,2327,2684,3041,3398,3755,4112,4469,4826,5183,5540,5897,6254,6611,6968,7325,7682,8039,8396,8753,9110,9467,9824,10181,10538,10895,11252,11609,11966,12323,12680,13037,13394,13751,14108,14465,14822,15179,15536,15893,16250,16607,16964,17321,17678,18035,18392,18749,19106,19463,19820,20177,20534,20891,21248,21605,21962,22319,22676,23033,23390,23747,24104,24461,24818,25175,25532,25889,26246,26603,26960,27317,27674,28031,28388,28745,29102,29459,29816,30173,30530,30887,31244,31601,31958,32315,32672,33029,33386,33743,34100,34457,34814,35171,35528,35885,36242,36599,36956,37313,37670,38027,38384,38741,39098,39455,39812,40169,40526,40883,41240,41597,41954,42311,42668,43025,43382,43739,44096,44453,44810,45167,45524,45881,46238,46595,46952,47309,47666,48023,48380,48737,49094,49451,49808,50165,50522,50879,51236,51593,51950,52307,52664,53021,53378,53735,54092,54449,54806,55163,55520,55877,56234,56591,56948,57305,57662,58019,58376,58733,59090,59447,59804,60161,60518,60875,61232,61404,61589,61946,62303,62660,63017,63374,63731,64088,64445,64802,65159,65516,65873,66230,66587,66944,67301,67658,68015,68372,68729,69086,69443,69800,70157,70514,70871,71228,71585,71942,72299,72656,73013,73370,73727,74084,74441,74798,75155,75512,75869,76226,76583,76940,77297,77654,78011,78368,78725,79082,79439,79796,80153,80510,80867,81224,81581,81938,82295,82652,83009,83366,83723,84080,84437,84794,85151,85508,85865,86222,86579,86936,87293,87650,88007,88364,88721,89078,89435,89792,90149,90506,90863,91220,91577,91934,92291,92648,93005,93362,93719,94076,94433,94790,95147,95504,95861,96218,96575,96932,97289,97646,98003,98360,98717,99074,99431,99788,100145,100502,100859,101216,101573,101930,102287,102644,103001,103358,103715,104072,104429,104786,105143,105500,105857,106214,106571,106928,107285,107642,107999,108356,108713,109070,109427,109784,110141,110498,110855,111212,111569,111926,112283,112640,112997,113354,113711,114068,114425,114782,115139,115496,115853,116210,116567,116924,117281,117638,117995,118352,118709,119066,119423,119780,120137,120494,120851,121208,121565,121922,122279,122636,122993,123350,123707,124064,124421,124778,125135,125492,125849,126206,126563,126920,127277
186,543,900,1257,1614,1971,2328,2685,3042,3399,3756,4113,4470,4827,5184,5541,5898,6255,6612,6969,7326,7683,8040,8397,8754,9111,9468,9825,10182,10539,10896,11253,11610,11967,12324,12681,13038,13395,13752,14109,14466,14823,15180,15537,15894,16251,16608,16965,17322,17679,18036,18393,18750,19107,19464,19821,20178,20535,20892,21249,21606,21963,22320,22677,23034,23391,23748,24105,24462,24819,25176,25533,25890,26247,26604,26961,27318,27675,28032,28389,28746,29103,29460,29817,30174,30531,30888,31245,31602,31959,32316,32673,33030,33387,33744,34101,34458,34815,35172,35529,35886,36243,36600,36957,37314,37671,38028,38385,38742,39099,39456,39813,40170,40527,40884,41241,41598,41955,42312,42669,43026,43383,43740,44097,44454,44811,45168,45525,45882,46239,46596,46953,47310,47667,48024,48381,48738,49095,49452,49809,50166,50523,50880,51237,51594,51951,52308,52665,53022,53379,53736,54093,54450,54807,55164,55521,55878,56235,56592,56949,57306,57663,58020,58377,58734,59091,59448,59805,60162,60519,60876,61047,61233,61590,61947,62304,62661,63018,63375,63732,64089,64446,64803,65160,65517,65874,66231,66588,66945,67302,67659,68016,68373,68730,69087,69444,69801,70158,70515,70872,71229,71586,71943,72300,72657,73014,73371,73728,74085,74442,74799,75156,75513,75870,76227,76584,76941,77298,77655,78012,78369,78726,79083,79440,79797,80154,80511,80868,81225,81582,81939,82296,82653,83010,83367,83724,84081,84438,84795,85152,85509,85866,86223,86580,86937,87294,87651,88008,88365,88722,89079,89436,89793,90150,90507,90864,91221,91578,91935,92292,92649,93006,93363,93720,94077,94434,94791,95148,95505,95862,96219,96576,96933,97290,97647,98004,98361,98718,99075,99432,99789,100146,100503,100860,101217,101574,101931,102288,102645,103002,103359,103716,104073,104430,104787,105144,105501,105858,106215,106572,106929,107286,107643,108000,108357,108714,109071,109428,109785,110142,110499,110856,111213,111570,111927,112284,112641,112998,113355,113712,114069,114426,114783,115140,115497,115854,116211,116568,116925,117282,117639,117996,118353,118710,119067,119424,119781,120138,120495,120852,121209,121566,121923,122280,122637,122994,123351,123708,124065,124422,124779,125136,125493,125850,126207,126564,126921,127278
187,544,901,1258,1615,1972,2329,2686,3043,3400,3757,4114,4471,4828,5185,5542,5899,6256,6613,6970,7327,7684,8041,8398,8755,9112,9469,9826,10183,10540,10897,11254,11611,11968,12325,12682,13039,13396,13753,14110,14467,14824,15181,15538,15895,16252,16609,16966,17323,17680,18037,18394,18751,19108,19465,19822,20179,20536,20893,21250,21607,21964,22321,22678,23035,23392,23749,24106,24463,24820,25177,25534,25891,26248,26605,26962,27319,27676,28033,28390,28747,29104,29461,29818,30175,30532,30889,31246,31603,31960,32317,32674,33031,33388,33745,34102,34459,34816,35173,35530,35887,36244,36601,36958,37315,37672,38029,38386,38743,39100,39457,39814,40171,40528,40885,41242,41599,41956,42313,42670,43027,43384,43741,44098,44455,44812,45169,45526,45883,46240,46597,46954,47311,47668,48025,48382,48739,49096,49453,49810,50167,50524,50881,51238,51595,51952,52309,52666,53023,53380,53737,54094,54451,54808,55165,55522,55879,56236,56593,56950,57307,57664,58021,58378,58735,59092,59449,59806,60163,60520,60690,60877,61234,61591,61948,62305,62662,63019,63376,63733,64090,64447,64804,65161,65518,65875,66232,66589,66946,67303,67660,68017,68374,68731,69088,69445,69802,70159,70516,70873,71230,71587,71944,72301,72658,73015,73372,73729,74086,74443,74800,75157,75514,75871,76228,76585,76942,77299,77656,78013,78370,78727,79084,79441,79798,80155,80512,80869,81226,81583,81940,82297,82654,83011,83368,83725,84082,84439,84796,85153,85510,85867,86224,86581,86938,87295,87652,88009,88366,88723,89080,89437,89794,90151,90508,90865,91222,91579,91936,92293,92650,93007,93364,93721,94078,94435,94792,95149,95506,95863,96220,96577,96934,97291,97648,98005,98362,98719,99076,99433,99790,100147,100504,100861,101218,101575,101932,102289,102646,103003,103360,103717,104074,104431,104788,105145,105502,105859,106216,106573,106930,107287,107644,108001,108358,108715,109072,109429,109786,110143,110500,110857,111214,111571,111928,112285,112642,112999,113356,113713,114070,114427,114784,115141,115498,115855,116212,116569,116926,117283,117640,117997,118354,118711,119068,119425,119782,120139,120496,120853,121210,121567,121924,122281,122638,122995,123352,123709,124066,124423,124780,125137,125494,125851,126208,126565,126922,127279
188,545,902,1259,1616,1973,2330,2687,3044,3401,3758,4115,4472,4829,5186,5543,5900,6257,6614,6971,7328,7685,8042,8399,8756,9113,9470,9827,10184,10541,10898,11255,11612,11969,12326,12683,13040,13397,13754,14111,14468,14825,15182,15539,15896,16253,16610,16967,17324,17681,18038,18395,18752,19109,19466,19823,20180,20537,20894,21251,21608,21965,22322,22679,23036,23393,23750,24107,24464,24821,25178,25535,25892,26249,26606,26963,27320,27677,28034,28391,28748,29105,29462,29819,30176,30533,30890,31247,31604,31961,32318,32675,33032,33389,33746,34103,34460,34817,35174,35531,35888,36245,36602,36959,37316,37673,38030,38387,38744,39101,39458,39815,40172,40529,40886,41243,41600,41957,42314,42671,43028,43385,43742,44099,44456,44813,45170,45527,45884,46241,46598,46955,47312,47669,48026,48383,48740,49097,49454,49811,50168,50525,50882,51239,51596,51953,52310,52667,53024,53381,53738,54095,54452,54809,55166,55523,55880,56237,56594,56951,57308,57665,58022,58379,58736,59093,59450,59807,60164,60333,60521,60878,61235,61592,61949,62306,62663,63020,63377,63734,64091,64448,64805,65162,65519,65876,66233,66590,66947,67304,67661,68018,68375,68732,69089,69446,69803,70160,70517,70874,71231,71588,71945,72302,72659,73016,73373,73730,74087,74444,74801,75158,75515,75872,76229,76586,76943,77300,77657,78014,78371,78728,79085,79442,79799,80156,80513,80870,81227,81584,81941,82298,82655,83012,83369,83726,84083,84440,84797,85154,85511,85868,86225,86582,86939,87296,87653,88010,88367,88724,89081,89438,89795,90152,90509,90866,91223,91580,91937,92294,92651,93008,93365,93722,94079,94436,94793,95150,95507,95864,96221,96578,96935,97292,97649,98006,98363,98720,99077,99434,99791,100148,100505,100862,101219,101576,101933,102290,102647,103004,103361,103718,104075,104432,104789,105146,105503,105860,106217,106574,106931,107288,107645,108002,108359,108716,109073,109430,109787,110144,110501,110858,111215,111572,111929,112286,112643,113000,113357,113714,114071,114428,114785,115142,115499,115856,116213,116570,116927,117284,117641,117998,118355,118712,119069,119426,119783,120140,120497,120854,121211,121568,121925,122282,122639,122996,123353,123710,124067,124424,124781,125138,125495,125852,126209,126566,126923,127280
189,546,903,1260,1617,1974,2331,2688,3045,3402,3759,4116,4473,4830,5187,5544,5901,6258,6615,6972,7329,7686,8043,8400,8757,9114,9471,9828,10185,10542,10899,11256,11613,11970,12327,12684,13041,13398,13755,14112,14469,14826,15183,15540,15897,16254,16611,16968,17325,17682,18039,18396,18753,19110,19467,19824,20181,20538,20895,21252,21609,21966,22323,22680,23037,23394,23751,24108,24465,24822,25179,25536,25893,26250,26607,26964,27321,27678,28035,28392,28749,29106,29463,29820,30177,30534,30891,31248,31605,31962,32319,32676,33033,33390,33747,34104,34461,34818,35175,35532,35889,36246,36603,36960,37317,37674,38031,38388,38745,39102,39459,39816,40173,40530,40887,41244,41601,41958,42315,42672,43029,43386,43743,44100,44457,44814,45171,45528,45885,46242,46599,46956,47313,47670,48027,48384,48741,49098,49455,49812,50169,50526,50883,51240,51597,51954,52311,52668,53025,53382,53739,54096,54453,54810,55167,55524,55881,56238,56595,56952,57309,57666,58023,58380,58737,59094,59451,59808,59976,60165,60522,60879,61236,61593,61950,62307,62664,63021,63378,63735,64092,64449,64806,65163,65520,65877,66234,66591,66948,67305,67662,68019,68376,68733,69090,69447,69804,70161,70518,70875,71232,71589,71946,72303,72660,73017,73374,73731,74088,74445,74802,75159,75516,75873,76230,76587,76944,77301,77658,78015,78372,78729,79086,79443,79800,80157,80514,80871,81228,81585,81942,82299,82656,83013,83370,83727,84084,84441,84798,85155,85512,85869,86226,86583,86940,87297,87654,88011,88368,88725,89082,89439,89796,90153,90510,90867,91224,91581,91938,92295,92652,93009,93366,93723,94080,94437,94794,95151,95508,95865,96222,96579,96936,97293,97650,98007,98364,98721,99078,99435,99792,100149,100506,100863,101220,101577,101934,102291,102648,103005,103362,103719,104076,104433,104790,105147,105504,105861,106218,106575,106932,107289,107646,108003,108360,108717,109074,109431,109788,110145,110502,110859,111216,111573,111930,112287,112644,113001,113358,113715,114072,114429,114786,115143,115500,115857,116214,116571,116928,117285,117642,117999,118356,118713,119070,119427,119784,120141,120498,120855,121212,121569,121926,122283,122640,122997,123354,123711,124068,124425,124782,125139,125496,125853,126210,126567,126924,127281
190,547,904,1261,1618,1975,2332,2689,3046,3403,3760,4117,4474,4831,5188,5545,5902,6259,6616,6973,7330,7687,8044,8401,8758,9115,9472,9829,10186,10543,10900,11257,11614,11971,12328,12685,13042,13399,13756,14113,14470,14827,15184,15541,15898,16255,16612,16969,17326,17683,18040,18397,18754,19111,19468,19825,20182,20539,20896,21253,21610,21967,22324,22681,23038,23395,23752,24109,24466,24823,25180,25537,25894,26251,26608,26965,27322,27679,28036,28393,28750,29107,29464,29821,30178,30535,30892,31249,31606,31963,32320,32677,33034,33391,33748,34105,34462,34819,35176,35533,35890,36247,36604,36961,37318,37675,38032,38389,38746,39103,39460,39817,40174,40531,40888,41245,41602,41959,42316,42673,43030,43387,43744,44101,44458,44815,45172,45529,45886,46243,46600,46957,47314,47671,48028,48385,48742,49099,49456,49813,50170,50527,50884,51241,51598,51955,52312,52669,53026,53383,53740,54097,54454,54811,55168,55525,55882,56239,56596,56953,57310,57667,58024,58381,58738,59095,59452,59619,59809,60166,60523,60880,61237,61594,61951,62308,62665,63022,63379,63736,64093,64450,64807,65164,65521,65878,66235,66592,66949,67306,67663,68020,68377,68734,69091,69448,69805,70162,70519,70876,71233,71590,71947,72304,72661,73018,73375,73732,74089,74446,74803,75160,75517,75874,76231,76588,76945,77302,77659,78016,78373,78730,79087,79444,79801,80158,80515,80872,81229,81586,81943,82300,82657,83014,83371,83728,84085,84442,84799,85156,85513,85870,86227,86584,86941,87298,87655,88012,88369,88726,89083,89440,89797,90154,90511,90868,91225,91582,91939,92296,92653,93010,93367,93724,94081,94438,94795,95152,95509,95866,96223,96580,96937,97294,97651,98008,98365,98722,99079,99436,99793,100150,100507,100864,101221,101578,101935,102292,102649,103006,103363,103720,104077,104434,104791,105148,105505,105862,106219,106576,106933,107290,107647,108004,108361,108718,109075,109432,109789,110146,110503,110860,111217,111574,111931,112288,112645,113002,113359,113716,114073,114430,114787,115144,115501,115858,116215,116572,116929,117286,117643,118000,118357,118714,119071,119428,119785,120142,120499,120856,121213,121570,121927,122284,122641,122998,123355,123712,124069,124426,124783,125140,125497,125854,126211,126568,126925,127282
191,548,905,1262,1619,1976,2333,2690,3047,3404,3761,4118,4475,4832,5189,5546,5903,6260,6617,6974,7331,7688,8045,8402,8759,9116,9473,9830,10187,10544,10901,11258,11615,11972,12329,12686,13043,13400,13757,14114,14471,14828,15185,15542,15899,16256,16613,16970,17327,17684,18041,18398,18755,19112,19469,19826,20183,20540,20897,21254,21611,21968,22325,22682,23039,23396,23753,24110,24467,24824,25181,25538,25895,26252,26609,26966,27323,27680,28037,28394,28751,29108,29465,29822,30179,30536,30893,31250,31607,31964,32321,32678,33035,33392,33749,34106,34463,34820,35177,35534,35891,36248,36605,36962,37319,37676,38033,38390,38747,39104,39461,39818,40175,40532,40889,41246,41603,41960,42317,42674,43031,43388,43745,44102,44459,44816,45173,45530,45887,46244,46601,46958,47315,47672,48029,48386,48743,49100,49457,49814,50171,50528,50885,51242,51599,51956,52313,52670,53027,53384,53741,54098,54455,54812,55169,55526,55883,56240,56597,56954,57311,57668,58025,58382,58739,59096,59262,59453,59810,60167,60524,60881,61238,61595,61952,62309,62666,63023,63380,63737,64094,64451,64808,65165,65522,65879,66236,66593,66950,67307,67664,68021,68378,68735,69092,69449,69806,70163,70520,70877,71234,71591,71948,72305,72662,73019,73376,73733,74090,74447,74804,75161,75518,75875,76232,76589,76946,77303,77660,78017,78374,78731,79088,79445,79802,80159,80516,80873,81230,81587,81944,82301,82658,83015,83372,83729,84086,84443,84800,85157,85514,85871,86228,86585,86942,87299,87656,88013,88370,88727,89084,89441,89798,90155,90512,90869,91226,91583,91940,92297,92654,93011,93368,93725,94082,94439,94796,95153,95510,95867,96224,96581,96938,97295,97652,98009,98366,98723,99080,99437,99794,100151,100508,100865,101222,101579,101936,102293,102650,103007,103364,103721,104078,104435,104792,105149,105506,105863,106220,106577,106934,107291,107648,108005,108362,108719,109076,109433,109790,110147,110504,110861,111218,111575,111932,112289,112646,113003,113360,113717,114074,114431,114788,115145,115502,115859,116216,116573,116930,117287,117644,118001,118358,118715,119072,119429,119786,120143,120500,120857,121214,121571,121928,122285,122642,122999,123356,123713,124070,124427,124784,125141,125498,125855,126212,126569,126926,127283
192,549,906,1263,1620,1977,2334,2691,3048,3405,3762,4119,4476,4833,5190,5547,5904,6261,6618,6975,7332,7689,8046,8403,8760,9117,9474,9831,10188,10545,10902,11259,11616,11973,12330,12687,13044,13401,13758,14115,14472,14829,15186,15543,15900,16257,16614,16971,17328,17685,18042,18399,18756,19113,19470,19827,20184,20541,20898,21255,21612,21969,22326,22683,23040,23397,23754,24111,24468,24825,25182,25539,25896,26253,26610,26967,27324,27681,28038,28395,28752,29109,29466,29823,30180,30537,30894,31251,31608,31965,32322,32679,33036,33393,33750,34107,34464,34821,35178,35535,35892,36249,36606,36963,37320,37677,38034,38391,38748,39105,39462,39819,40176,40533,40890,41247,41604,41961,42318,42675,43032,43389,43746,44103,44460,44817,45174,45531,45888,46245,46602,46959,47316,47673,48030,48387,48744,49101,49458,49815,50172,50529,50886,51243,51600,51957,52314,52671,53028,53385,53742,54099,54456,54813,55170,55527,55884,56241,56598,56955,57312,57669,58026,58383,58740,58905,59097,59454,59811,60168,60525,60882,61239,61596,61953,62310,62667,63024,63381,63738,64095,64452,64809,65166,65523,65880,66237,66594,66951,67308,67665,68022,68379,68736,69093,69450,69807,70164,70521,70878,71235,71592,71949,72306,72663,73020,73377,73734,74091,74448,74805,75162,75519,75876,76233,76590,76947,77304,77661,78018,78375,78732,79089,79446,79803,80160,80517,80874,81231,81588,81945,82302,82659,83016,83373,83730,84087,84444,84801,85158,85515,85872,86229,86586,86943,87300,87657,88014,88371,88728,89085,89442,89799,90156,90513,90870,91227,91584,91941,92298,92655,93012,93369,93726,94083,94440,94797,95154,95511,95868,96225,96582,96939,97296,97653,98010,98367,98724,99081,99438,99795,100152,100509,100866,101223,101580,101937,102294,102651,103008,103365,103722,104079,104436,104793,105150,105507,105864,106221,106578,106935,107292,107649,108006,108363,108720,109077,109434,109791,110148,110505,110862,111219,111576,111933,112290,112647,113004,113361,113718,114075,114432,114789,115146,115503,115860,116217,116574,116931,117288,117645,118002,118359,118716,119073,119430,119787,120144,120501,120858,121215,121572,121929,122286,122643,123000,123357,123714,124071,124428,124785,125142,125499,125856,126213,126570,126927,127284
193,550,907,1264,1621,1978,2335,2692,3049,3406,3763,4120,4477,4834,5191,5548,5905,6262,6619,6976,7333,7690,8047,8404,8761,9118,9475,9832,10189,10546,10903,11260,11617,11974,12331,12688,13045,13402,13759,14116,14473,14830,15187,15544,15901,16258,16615,16972,17329,17686,18043,18400,18757,19114,19471,19828,20185,20542,20899,21256,21613,21970,22327,22684,23041,23398,23755,24112,24469,24826,25183,25540,25897,26254,26611,26968,27325,27682,28039,28396,28753,29110,29467,29824,30181,30538,30895,31252,31609,31966,32323,32680,33037,33394,33751,34108,34465,34822,35179,35536,35893,36250,36607,36964,37321,37678,38035,38392,38749,39106,39463,39820,40177,40534,40891,41248,41605,41962,42319,42676,43033,43390,43747,44104,44461,44818,45175,45532,45889,46246,46603,46960,47317,47674,48031,48388,48745,49102,49459,49816,50173,50530,50887,51244,51601,51958,52315,52672,53029,53386,53743,54100,54457,54814,55171,55528,55885,56242,56599,56956,57313,57670,58027,58384,58548,58741,59098,59455,59812,60169,60526,60883,61240,61597,61954,62311,62668,63025,63382,63739,64096,64453,64810,65167,65524,65881,66238,66595,66952,67309,67666,68023,68380,68737,69094,69451,69808,70165,70522,70879,71236,71593,71950,72307,72664,73021,73378,73735,74092,74449,74806,75163,75520,75877,76234,76591,76948,77305,77662,78019,78376,78733,79090,79447,79804,80161,80518,80875,81232,81589,81946,82303,82660,83017,83374,83731,84088,84445,84802,85159,85516,85873,86230,86587,86944,87301,87658,88015,88372,88729,89086,89443,89800,90157,90514,90871,91228,91585,91942,92299,92656,93013,93370,93727,94084,94441,94798,95155,95512,95869,96226,96583,96940,97297,97654,98011,98368,98725,99082,99439,99796,100153,100510,100867,101224,101581,101938,102295,102652,103009,103366,103723,104080,104437,104794,105151,105508,105865,106222,106579,106936,107293,107650,108007,108364,108721,109078,109435,109792,110149,110506,110863,111220,111577,111934,112291,112648,113005,113362,113719,114076,114433,114790,115147,115504,115861,116218,116575,116932,117289,117646,118003,118360,118717,119074,119431,119788,120145,120502,120859,121216,121573,121930,122287,122644,123001,123358,123715,124072,124429,124786,125143,125500,125857,126214,126571,126928,127285
194,551,908,1265,1622,1979,2336,2693,3050,3407,3764,4121,4478,4835,5192,5549,5906,6263,6620,6977,7334,7691,8048,8405,8762,9119,9476,9833,10190,10547,10904,11261,11618,11975,12332,12689,13046,13403,13760,14117,14474,14831,15188,15545,15902,16259,16616,16973,17330,17687,18044,18401,18758,19115,19472,19829,20186,20543,20900,21257,21614,21971,22328,22685,23042,23399,23756,24113,24470,24827,25184,25541,25898,26255,26612,26969,27326,27683,28040,28397,28754,29111,29468,29825,30182,30539,30896,31253,31610,31967,32324,32681,33038,33395,33752,34109,34466,34823,35180,35537,35894,36251,36608,36965,37322,37679,38036,38393,38750,39107,39464,39821,40178,40535,40892,41249,41606,41963,42320,42677,43034,43391,43748,44105,44462,44819,45176,45533,45890,46247,46604,46961,47318,47675,48032,48389,48746,49103,49460,49817,50174,50531,50888,51245,51602,51959,52316,52673,53030,53387,53744,54101,54458,54815,55172,55529,55886,56243,56600,56957,57314,57671,58028,58191,58385,58742,59099,59456,59813,60170,60527,60884,61241,61598,61955,62312,62669,63026,63383,63740,64097,64454,64811,65168,65525,65882,66239,66596,66953,67310,67667,68024,68381,68738,69095,69452,69809,70166,70523,70880,71237,71594,71951,72308,72665,73022,73379,73736,74093,74450,74807,75164,75521,75878,76235,76592,76949,77306,77663,78020,78377,78734,79091,79448,79805,80162,80519,80876,81233,81590,81947,82304,82661,83018,83375,83732,84089,84446,84803,85160,85517,85874,86231,86588,86945,87302,87659,88016,88373,88730,89087,89444,89801,90158,90515,90872,91229,91586,91943,92300,92657,93014,93371,93728,94085,94442,94799,95156,95513,95870,96227,96584,96941,97298,97655,98012,98369,98726,99083,99440,99797,100154,100511,100868,101225,101582,101939,102296,102653,103010,103367,103724,104081,104438,104795,105152,105509,105866,106223,106580,106937,107294,107651,108008,108365,108722,109079,109436,109793,110150,110507,110864,111221,111578,111935,112292,112649,113006,113363,113720,114077,114434,114791,115148,115505,115862,116219,116576,116933,117290,117647,118004,118361,118718,119075,119432,119789,120146,120503,120860,121217,121574,121931,122288,122645,123002,123359,123716,124073,124430,124787,125144,125501,125858,126215,126572,126929,127286
195,552,909,1266,1623,1980,2337,2694,3051,3408,3765,4122,4479,4836,5193,5550,5907,6264,6621,6978,7335,7692,8049,8406,8763,9120,9477,9834,10191,10548,10905,11262,11619,11976,12333,12690,13047,13404,13761,14118,14475,14832,15189,15546,15903,16260,16617,16974,17331,17688,18045,18402,18759,19116,19473,19830,20187,20544,20901,21258,21615,21972,22329,22686,23043,23400,23757,24114,24471,24828,25185,25542,25899,26256,26613,26970,27327,27684,28041,28398,28755,29112,29469,29826,30183,30540,30897,31254,31611,31968,32325,32682,33039,33396,33753,34110,34467,34824,35181,35538,35895,36252,36609,36966,37323,37680,38037,38394,38751,39108,39465,39822,40179,40536,40893,41250,41607,41964,42321,42678,43035,43392,43749,44106,44463,44820,45177,45534,45891,46248,46605,46962,47319,47676,48033,48390,48747,49104,49461,49818,50175,50532,50889,51246,51603,51960,52317,52674,53031,53388,53745,54102,54459,54816,55173,55530,55887,56244,56601,56958,57315,57672,57834,58029,58386,58743,59100,59457,59814,60171,60528,60885,61242,61599,61956,62313,62670,63027,63384,63741,64098,64455,64812,65169,65526,65883,66240,66597,66954,67311,67668,68025,68382,68739,69096,69453,69810,70167,70524,70881,71238,71595,71952,72309,72666,73023,73380,73737,74094,74451,74808,75165,75522,75879,76236,76593,76950,77307,77664,78021,78378,78735,79092,79449,79806,80163,80520,80877,81234,81591,81948,82305,82662,83019,83376,83733,84090,84447,84804,85161,85518,85875,86232,86589,86946,87303,87660,88017,88374,88731,89088,89445,89802,90159,90516,90873,91230,91587,91944,92301,92658,93015,93372,93729,94086,94443,94800,95157,95514,95871,96228,96585,96942,97299,97656,98013,98370,98727,99084,99441,99798,100155,100512,100869,101226,101583,101940,102297,102654,103011,103368,103725,104082,104439,104796,105153,105510,105867,106224,106581,106938,107295,107652,108009,108366,108723,109080,109437,109794,110151,110508,110865,111222,111579,111936,112293,112650,113007,113364,113721,114078,114435,114792,115149,115506,115863,116220,116577,116934,117291,117648,118005,118362,118719,119076,119433,119790,120147,120504,120861,121218,121575,121932,122289,122646,123003,123360,123717,124074,124431,124788,125145,125502,125859,126216,126573,126930,127287
196,553,910,1267,1624,1981,2338,2695,3052,3409,3766,4123,4480,4837,5194,5551,5908,6265,6622,6979,7336,7693,8050,8407,8764,9121,9478,9835,10192,10549,10906,11263,11620,11977,12334,12691,13048,13405,13762,14119,14476,14833,15190,15547,15904,16261,16618,16975,17332,17689,18046,18403,18760,19117,19474,19831,20188,20545,20902,21259,21616,21973,22330,22687,23044,23401,23758,24115,24472,24829,25186,25543,25900,26257,26614,26971,27328,27685,28042,28399,28756,29113,29470,29827,30184,30541,30898,31255,31612,31969,32326,32683,33040,33397,33754,34111,34468,34825,35182,35539,35896,36253,36610,36967,37324,37681,38038,38395,38752,39109,39466,39823,40180,40537,40894,41251,41608,41965,42322,42679,43036,43393,43750,44107,44464,44821,45178,45535,45892,46249,46606,46963,47320,47677,48034,48391,48748,49105,49462,49819,50176,50533,50890,51247,51604,51961,52318,52675,53032,53389,53746,54103,54460,54817,55174,55531,55888,56245,56602,56959,57316,57477,57673,58030,58387,58744,59101,59458,59815,60172,60529,60886,61243,61600,61957,62314,62671,63028,63385,63742,64099,64456,64813,65170,65527,65884,66241,66598,66955,67312,67669,68026,68383,68740,69097,69454,69811,70168,70525,70882,71239,71596,71953,72310,72667,73024,73381,73738,74095,74452,74809,75166,75523,75880,76237,76594,76951,77308,77665,78022,78379,78736,79093,79450,79807,80164,80521,80878,81235,81592,81949,82306,82663,83020,83377,83734,84091,84448,84805,85162,85519,85876,86233,86590,86947,87304,87661,88018,88375,88732,89089,89446,89803,90160,90517,90874,91231,91588,91945,92302,92659,93016,93373,93730,94087,94444,94801,95158,95515,95872,96229,96586,96943,97300,97657,98014,98371,98728,99085,99442,99799,100156,100513,100870,101227,101584,101941,102298,102655,103012,103369,103726,104083,104440,104797,105154,105511,105868,106225,106582,106939,107296,107653,108010,108367,108724,109081,109438,109795,110152,110509,110866,111223,111580,111937,112294,112651,113008,113365,113722,114079,114436,114793,115150,115507,115864,116221,116578,116935,117292,117649,118006,118363,118720,119077,119434,119791,120148,120505,120862,121219,121576,121933,122290,122647,123004,123361,123718,124075,124432,124789,125146,125503,125860,126217,126574,126931,127288
197,554,911,1268,1625,1982,2339,2696,3053,3410,3767,4124,4481,4838,5195,5552,5909,6266,6623,6980,7337,7694,8051,8408,8765,9122,9479,9836,10193,10550,10907,11264,11621,11978,12335,12692,13049,13406,13763,14120,14477,14834,15191,15548,15905,16262,16619,16976,17333,17690,18047,18404,18761,19118,19475,19832,20189,20546,20903,21260,21617,21974,22331,22688,23045,23402,23759,24116,24473,24830,25187,25544,25901,26258,26615,26972,27329,27686,28043,28400,28757,29114,29471,29828,30185,30542,30899,31256,31613,31970,32327,32684,33041,33398,33755,34112,34469,34826,35183,35540,35897,36254,36611,36968,37325,37682,38039,38396,38753,39110,39467,39824,40181,40538,40895,41252,41609,41966,42323,42680,43037,43394,43751,44108,44465,44822,45179,45536,45893,46250,46607,46964,47321,47678,48035,48392,48749,49106,49463,49820,50177,50534,50891,51248,51605,51962,52319,52676,53033,53390,53747,54104,54461,54818,55175,55532,55889,56246,56603,56960,57120,57317,57674,58031,58388,58745,59102,59459,59816,60173,60530,60887,61244,61601,61958,62315,62672,63029,63386,63743,64100,64457,64814,65171,65528,65885,66242,66599,66956,67313,67670,68027,68384,68741,69098,69455,69812,70169,70526,70883,71240,71597,71954,72311,72668,73025,73382,73739,74096,74453,74810,75167,75524,75881,76238,76595,76952,77309,77666,78023,78380,78737,79094,79451,79808,80165,80522,80879,81236,81593,81950,82307,82664,83021,83378,83735,84092,84449,84806,85163,85520,85877,86234,86591,86948,87305,87662,88019,88376,88733,89090,89447,89804,90161,90518,90875,91232,91589,91946,92303,92660,93017,93374,93731,94088,94445,94802,95159,95516,95873,96230,96587,96944,97301,97658,98015,98372,98729,99086,99443,99800,100157,100514,100871,101228,101585,101942,102299,102656,103013,103370,103727,104084,104441,104798,105155,105512,105869,106226,106583,106940,107297,107654,108011,108368,108725,109082,109439,109796,110153,110510,110867,111224,111581,111938,112295,112652,113009,113366,113723,114080,114437,114794,115151,115508,115865,116222,116579,116936,117293,117650,118007,118364,118721,119078,119435,119792,120149,120506,120863,121220,121577,121934,122291,122648,123005,123362,123719,124076,124433,124790,125147,125504,125861,126218,126575,126932,127289
198,555,912,1269,1626,1983,2340,2697,3054,3411,3768,4125,4482,4839,5196,5553,5910,6267,6624,6981,7338,7695,8052,8409,8766,9123,9480,9837,10194,10551,10908,11265,11622,11979,12336,12693,13050,13407,13764,14121,14478,14835,15192,15549,15906,16263,16620,16977,17334,17691,18048,18405,18762,19119,19476,19833,20190,20547,20904,21261,21618,21975,22332,22689,23046,23403,23760,24117,24474,24831,25188,25545,25902,26259,26616,26973,27330,27687,28044,28401,28758,29115,29472,29829,30186,30543,30900,31257,31614,31971,32328,32685,33042,33399,33756,34113,34470,34827,35184,35541,35898,36255,36612,36969,37326,37683,38040,38397,38754,39111,39468,39825,40182,40539,40896,41253,41610,41967,42324,42681,43038,43395,43752,44109,44466,44823,45180,45537,45894,46251,46608,46965,47322,47679,48036,48393,48750,49107,49464,49821,50178,50535,50892,51249,51606,51963,52320,52677,53034,53391,53748,54105,54462,54819,55176,55533,55890,56247,56604,56763,56961,57318,57675,58032,58389,58746,59103,59460,59817,60174,60531,60888,61245,61602,61959,62316,62673,63030,63387,63744,64101,64458,64815,65172,65529,65886,66243,66600,66957,67314,67671,68028,68385,68742,69099,69456,69813,70170,70527,70884,71241,71598,71955,72312,72669,73026,73383,73740,74097,74454,74811,75168,75525,75882,76239,76596,76953,77310,77667,78024,78381,78738,79095,79452,79809,80166,80523,80880,81237,81594,81951,82308,82665,83022,83379,83736,84093,84450,84807,85164,85521,85878,86235,86592,86949,87306,87663,88020,88377,88734,89091,89448,89805,90162,90519,90876,91233,91590,91947,92304,92661,93018,93375,93732,94089,94446,94803,95160,95517,95874,96231,96588,96945,97302,97659,98016,98373,98730,99087,99444,99801,100158,100515,100872,101229,101586,101943,102300,102657,103014,103371,103728,104085,104442,104799,105156,105513,105870,106227,106584,106941,107298,107655,108012,108369,108726,109083,109440,109797,110154,110511,110868,111225,111582,111939,112296,112653,113010,113367,113724,114081,114438,114795,115152,115509,115866,116223,116580,116937,117294,117651,118008,118365,118722,119079,119436,119793,120150,120507,120864,121221,121578,121935,122292,122649,123006,123363,123720,124077,124434,124791,125148,125505,125862,126219,126576,126933,127290
199,556,913,1270,1627,1984,2341,2698,3055,3412,3769,4126,4483,4840,5197,5554,5911,6268,6625,6982,7339,7696,8053,8410,8767,9124,9481,9838,10195,10552,10909,11266,11623,11980,12337,12694,13051,13408,13765,14122,14479,14836,15193,15550,15907,16264,16621,16978,17335,17692,18049,18406,18763,19120,19477,19834,20191,20548,20905,21262,21619,21976,22333,22690,23047,23404,23761,24118,24475,24832,25189,25546,25903,26260,26617,26974,27331,27688,28045,28402,28759,29116,29473,29830,30187,30544,30901,31258,31615,31972,32329,32686,33043,33400,33757,34114,34471,34828,35185,35542,35899,36256,36613,36970,37327,37684,38041,38398,38755,39112,39469,39826,40183,40540,40897,41254,41611,41968,42325,42682,43039,43396,43753,44110,44467,44824,45181,45538,45895,46252,46609,46966,47323,47680,48037,48394,48751,49108,49465,49822,50179,50536,50893,51250,51607,51964,52321,52678,53035,53392,53749,54106,54463,54820,55177,55534,55891,56248,56406,56605,56962,57319,57676,58033,58390,58747,59104,59461,59818,60175,60532,60889,61246,61603,61960,62317,62674,63031,63388,63745,64102,64459,64816,65173,65530,65887,66244,66601,66958,67315,67672,68029,68386,68743,69100,69457,69814,70171,70528,70885,71242,71599,71956,72313,72670,73027,73384,73741,74098,74455,74812,75169,75526,75883,76240,76597,76954,77311,77668,78025,78382,78739,79096,79453,79810,80167,80524,80881,81238,81595,81952,82309,82666,83023,83380,83737,84094,84451,84808,85165,85522,85879,86236,86593,86950,87307,87664,88021,88378,88735,89092,89449,89806,90163,90520,90877,91234,91591,91948,92305,92662,93019,93376,93733,94090,94447,94804,95161,95518,95875,96232,96589,96946,97303,97660,98017,98374,98731,99088,99445,99802,100159,100516,100873,101230,101587,101944,102301,102658,103015,103372,103729,104086,104443,104800,105157,105514,105871,106228,106585,106942,107299,107656,108013,108370,108727,109084,109441,109798,110155,110512,110869,111226,111583,111940,112297,112654,113011,113368,113725,114082,114439,114796,115153,115510,115867,116224,116581,116938,117295,117652,118009,118366,118723,119080,119437,119794,120151,120508,120865,121222,121579,121936,122293,122650,123007,123364,123721,124078,124435,124792,125149,125506,125863,126220,126577,126934,127291
200,557,914,1271,1628,1985,2342,2699,3056,3413,3770,4127,4484,4841,5198,5555,5912,6269,6626,6983,7340,7697,8054,8411,8768,9125,9482,9839,10196,10553,10910,11267,11624,11981,12338,12695,13052,13409,13766,14123,14480,14837,15194,15551,15908,16265,16622,16979,17336,17693,18050,18407,18764,19121,19478,19835,20192,20549,20906,21263,21620,21977,22334,22691,23048,23405,23762,24119,24476,24833,25190,25547,25904,26261,26618,26975,27332,27689,28046,28403,28760,29117,29474,29831,30188,30545,30902,31259,31616,31973,32330,32687,33044,33401,33758,34115,34472,34829,35186,35543,35900,36257,36614,36971,37328,37685,38042,38399,38756,39113,39470,39827,40184,40541,40898,41255,41612,41969,42326,42683,43040,43397,43754,44111,44468,44825,45182,45539,45896,46253,46610,46967,47324,47681,48038,48395,48752,49109,49466,49823,50180,50537,50894,51251,51608,51965,52322,52679,53036,53393,53750,54107,54464,54821,55178,55535,55892,56049,56249,56606,56963,57320,57677,58034,58391,58748,59105,59462,59819,60176,60533,60890,61247,61604,61961,62318,62675,63032,63389,63746,64103,64460,64817,65174,65531,65888,66245,66602,66959,67316,67673,68030,68387,68744,69101,69458,69815,70172,70529,70886,71243,71600,71957,72314,72671,73028,73385,73742,74099,74456,74813,75170,75527,75884,76241,76598,76955,77312,77669,78026,78383,78740,79097,79454,79811,80168,80525,80882,81239,81596,81953,82310,82667,83024,83381,83738,84095,84452,84809,85166,85523,85880,86237,86594,86951,87308,87665,88022,88379,88736,89093,89450,89807,90164,90521,90878,91235,91592,91949,92306,92663,93020,93377,93734,94091,94448,94805,95162,95519,95876,96233,96590,96947,97304,97661,98018,98375,98732,99089,99446,99803,100160,100517,100874,101231,101588,101945,102302,102659,103016,103373,103730,104087,104444,104801,105158,105515,105872,106229,106586,106943,107300,107657,108014,108371,108728,109085,109442,109799,110156,110513,110870,111227,111584,111941,112298,112655,113012,113369,113726,114083,114440,114797,115154,115511,115868,116225,116582,116939,117296,117653,118010,118367,118724,119081,119438,119795,120152,120509,120866,121223,121580,121937,122294,122651,123008,123365,123722,124079,124436,124793,125150,125507,125864,126221,126578,126935,127292
201,558,915,1272,1629,1986,2343,2700,3057,3414,3771,4128,4485,4842,5199,5556,5913,6270,6627,6984,7341,7698,8055,8412,8769,9126,9483,9840,10197,10554,10911,11268,11625,11982,12339,12696,13053,13410,13767,14124,14481,14838,15195,15552,15909,16266,16623,16980,17337,17694,18051,18408,18765,19122,19479,19836,20193,20550,20907,21264,21621,21978,22335,22692,23049,23406,23763,24120,24477,24834,25191,25548,25905,26262,26619,26976,27333,27690,28047,28404,28761,29118,29475,29832,30189,30546,30903,31260,31617,31974,32331,32688,33045,33402,33759,34116,34473,34830,35187,35544,35901,36258,36615,36972,37329,37686,38043,38400,38757,39114,39471,39828,40185,40542,40899,41256,41613,41970,42327,42684,43041,43398,43755,44112,44469,44826,45183,45540,45897,46254,46611,46968,47325,47682,48039,48396,48753,49110,49467,49824,50181,50538,50895,51252,51609,51966,52323,52680,53037,53394,53751,54108,54465,54822,55179,55536,55692,55893,56250,56607,56964,57321,57678,58035,58392,58749,59106,59463,59820,60177,60534,60891,61248,61605,61962,62319,62676,63033,63390,63747,64104,64461,64818,65175,65532,65889,66246,66603,66960,67317,67674,68031,68388,68745,69102,69459,69816,70173,70530,70887,71244,71601,71958,72315,72672,73029,73386,73743,74100,74457,74814,75171,75528,75885,76242,76599,76956,77313,77670,78027,78384,78741,79098,79455,79812,80169,80526,80883,81240,81597,81954,82311,82668,83025,83382,83739,84096,84453,84810,85167,85524,85881,86238,86595,86952,87309,87666,88023,88380,88737,89094,89451,89808,90165,90522,90879,91236,91593,91950,92307,92664,93021,93378,93735,94092,94449,94806,95163,95520,95877,96234,96591,96948,97305,97662,98019,98376,98733,99090,99447,99804,100161,100518,100875,101232,101589,101946,102303,102660,103017,103374,103731,104088,104445,104802,105159,105516,105873,106230,106587,106944,107301,107658,108015,108372,108729,109086,109443,109800,110157,110514,110871,111228,111585,111942,112299,112656,113013,113370,113727,114084,114441,114798,115155,115512,115869,116226,116583,116940,117297,117654,118011,118368,118725,119082,119439,119796,120153,120510,120867,121224,121581,121938,122295,122652,123009,123366,123723,124080,124437,124794,125151,125508,125865,126222,126579,126936,127293
202,559,916,1273,1630,1987,2344,2701,3058,3415,3772,4129,4486,4843,5200,5557,5914,6271,6628,6985,7342,7699,8056,8413,8770,9127,9484,9841,10198,10555,10912,11269,11626,11983,12340,12697,13054,13411,13768,14125,14482,14839,15196,15553,15910,16267,16624,16981,17338,17695,18052,18409,18766,19123,19480,19837,20194,20551,20908,21265,21622,21979,22336,22693,23050,23407,23764,24121,24478,24835,25192,25549,25906,26263,26620,26977,27334,27691,28048,28405,28762,29119,29476,29833,30190,30547,30904,31261,31618,31975,32332,32689,33046,33403,33760,34117,34474,34831,35188,35545,35902,36259,36616,36973,37330,37687,38044,38401,38758,39115,39472,39829,40186,40543,40900,41257,41614,41971,42328,42685,43042,43399,43756,44113,44470,44827,45184,45541,45898,46255,46612,46969,47326,47683,48040,48397,48754,49111,49468,49825,50182,50539,50896,51253,51610,51967,52324,52681,53038,53395,53752,54109,54466,54823,55180,55335,55537,55894,56251,56608,56965,57322,57679,58036,58393,58750,59107,59464,59821,60178,60535,60892,61249,61606,61963,62320,62677,63034,63391,63748,64105,64462,64819,65176,65533,65890,66247,66604,66961,67318,67675,68032,68389,68746,69103,69460,69817,70174,70531,70888,71245,71602,71959,72316,72673,73030,73387,73744,74101,74458,74815,75172,75529,75886,76243,76600,76957,77314,77671,78028,78385,78742,79099,79456,79813,80170,80527,80884,81241,81598,81955,82312,82669,83026,83383,83740,84097,84454,84811,85168,85525,85882,86239,86596,86953,87310,87667,88024,88381,88738,89095,89452,89809,90166,90523,90880,91237,91594,91951,92308,92665,93022,93379,93736,94093,94450,94807,95164,95521,95878,96235,96592,96949,97306,97663,98020,98377,98734,99091,99448,99805,100162,100519,100876,101233,101590,101947,102304,102661,103018,103375,103732,104089,104446,104803,105160,105517,105874,106231,106588,106945,107302,107659,108016,108373,108730,109087,109444,109801,110158,110515,110872,111229,111586,111943,112300,112657,113014,113371,113728,114085,114442,114799,115156,115513,115870,116227,116584,116941,117298,117655,118012,118369,118726,119083,119440,119797,120154,120511,120868,121225,121582,121939,122296,122653,123010,123367,123724,124081,124438,124795,125152,125509,125866,126223,126580,126937,127294
203,560,917,1274,1631,1988,2345,2702,3059,3416,3773,4130,4487,4844,5201,5558,5915,6272,6629,6986,7343,7700,8057,8414,8771,9128,9485,9842,10199,10556,10913,11270,11627,11984,12341,12698,13055,13412,13769,14126,14483,14840,15197,15554,15911,16268,16625,16982,17339,17696,18053,18410,18767,19124,19481,19838,20195,20552,20909,21266,21623,21980,22337,22694,23051,23408,23765,24122,24479,24836,25193,25550,25907,26264,26621,26978,27335,27692,28049,28406,28763,29120,29477,29834,30191,30548,30905,31262,31619,31976,32333,32690,33047,33404,33761,34118,34475,34832,35189,35546,35903,36260,36617,36974,37331,37688,38045,38402,38759,39116,39473,39830,40187,40544,40901,41258,41615,41972,42329,42686,43043,43400,43757,44114,44471,44828,45185,45542,45899,46256,46613,46970,47327,47684,48041,48398,48755,49112,49469,49826,50183,50540,50897,51254,51611,51968,52325,52682,53039,53396,53753,54110,54467,54824,54978,55181,55538,55895,56252,56609,56966,57323,57680,58037,58394,58751,59108,59465,59822,60179,60536,60893,61250,61607,61964,62321,62678,63035,63392,63749,64106,64463,64820,65177,65534,65891,66248,66605,66962,67319,67676,68033,68390,68747,69104,69461,69818,70175,70532,70889,71246,71603,71960,72317,72674,73031,73388,73745,74102,74459,74816,75173,75530,75887,76244,76601,76958,77315,77672,78029,78386,78743,79100,79457,79814,80171,80528,80885,81242,81599,81956,82313,82670,83027,83384,83741,84098,84455,84812,85169,85526,85883,86240,86597,86954,87311,87668,88025,88382,88739,89096,89453,89810,90167,90524,90881,91238,91595,91952,92309,92666,93023,93380,93737,94094,94451,94808,95165,95522,95879,96236,96593,96950,97307,97664,98021,98378,98735,99092,99449,99806,100163,100520,100877,101234,101591,101948,102305,102662,103019,103376,103733,104090,104447,104804,105161,105518,105875,106232,106589,106946,107303,107660,108017,108374,108731,109088,109445,109802,110159,110516,110873,111230,111587,111944,112301,112658,113015,113372,113729,114086,114443,114800,115157,115514,115871,116228,116585,116942,117299,117656,118013,118370,118727,119084,119441,119798,120155,120512,120869,121226,121583,121940,122297,122654,123011,123368,123725,124082,124439,124796,125153,125510,125867,126224,126581,126938,127295
204,561,918,1275,1632,1989,2346,2703,3060,3417,3774,4131,4488,4845,5202,5559,5916,6273,6630,6987,7344,7701,8058,8415,8772,9129,9486,9843,10200,10557,10914,11271,11628,11985,12342,12699,13056,13413,13770,14127,14484,14841,15198,15555,15912,16269,16626,16983,17340,17697,18054,18411,18768,19125,19482,19839,20196,20553,20910,21267,21624,21981,22338,22695,23052,23409,23766,24123,24480,24837,25194,25551,25908,26265,26622,26979,27336,27693,28050,28407,28764,29121,29478,29835,30192,30549,30906,31263,31620,31977,32334,32691,33048,33405,33762,34119,34476,34833,35190,35547,35904,36261,36618,36975,37332,37689,38046,38403,38760,39117,39474,39831,40188,40545,40902,41259,41616,41973,42330,42687,43044,43401,43758,44115,44472,44829,45186,45543,45900,46257,46614,46971,47328,47685,48042,48399,48756,49113,49470,49827,50184,50541,50898,51255,51612,51969,52326,52683,53040,53397,53754,54111,54468,54621,54825,55182,55539,55896,56253,56610,56967,57324,57681,58038,58395,58752,59109,59466,59823,60180,60537,60894,61251,61608,61965,62322,62679,63036,63393,63750,64107,64464,64821,65178,65535,65892,66249,66606,66963,67320,67677,68034,68391,68748,69105,69462,69819,70176,70533,70890,71247,71604,71961,72318,72675,73032,73389,73746,74103,74460,74817,75174,75531,75888,76245,76602,76959,77316,77673,78030,78387,78744,79101,79458,79815,80172,80529,80886,81243,81600,81957,82314,82671,83028,83385,83742,84099,84456,84813,85170,85527,85884,86241,86598,86955,87312,87669,88026,88383,88740,89097,89454,89811,90168,90525,90882,91239,91596,91953,92310,92667,93024,93381,93738,94095,94452,94809,95166,95523,95880,96237,96594,96951,97308,97665,98022,98379,98736,99093,99450,99807,100164,100521,100878,101235,101592,101949,102306,102663,103020,103377,103734,104091,104448,104805,105162,105519,105876,106233,106590,106947,107304,107661,108018,108375,108732,109089,109446,109803,110160,110517,110874,111231,111588,111945,112302,112659,113016,113373,113730,114087,114444,114801,115158,115515,115872,116229,116586,116943,117300,117657,118014,118371,118728,119085,119442,119799,120156,120513,120870,121227,121584,121941,122298,122655,123012,123369,123726,124083,124440,124797,125154,125511,125868,126225,126582,126939,127296
205,562,919,1276,1633,1990,2347,2704,3061,3418,3775,4132,4489,4846,5203,5560,5917,6274,6631,6988,7345,7702,8059,8416,8773,9130,9487,9844,10201,10558,10915,11272,11629,11986,12343,12700,13057,13414,13771,14128,14485,14842,15199,15556,15913,16270,16627,16984,17341,17698,18055,18412,18769,19126,19483,19840,20197,20554,20911,21268,21625,21982,22339,22696,23053,23410,23767,24124,24481,24838,25195,25552,25909,26266,26623,26980,27337,27694,28051,28408,28765,29122,29479,29836,30193,30550,30907,31264,31621,31978,32335,32692,33049,33406,33763,34120,34477,34834,35191,35548,35905,36262,36619,36976,37333,37690,38047,38404,38761,39118,39475,39832,40189,40546,40903,41260,41617,41974,42331,42688,43045,43402,43759,44116,44473,44830,45187,45544,45901,46258,46615,46972,47329,47686,48043,48400,48757,49114,49471,49828,50185,50542,50899,51256,51613,51970,52327,52684,53041,53398,53755,54112,54264,54469,54826,55183,55540,55897,56254,56611,56968,57325,57682,58039,58396,58753,59110,59467,59824,60181,60538,60895,61252,61609,61966,62323,62680,63037,63394,63751,64108,64465,64822,65179,65536,65893,66250,66607,66964,67321,67678,68035,68392,68749,69106,69463,69820,70177,70534,70891,71248,71605,71962,72319,72676,73033,73390,73747,74104,74461,74818,75175,75532,75889,76246,76603,76960,77317,77674,78031,78388,78745,79102,79459,79816,80173,80530,80887,81244,81601,81958,82315,82672,83029,83386,83743,84100,84457,84814,85171,85528,85885,86242,86599,86956,87313,87670,88027,88384,88741,89098,89455,89812,90169,90526,90883,91240,91597,91954,92311,92668,93025,93382,93739,94096,94453,94810,95167,95524,95881,96238,96595,96952,97309,97666,98023,98380,98737,99094,99451,99808,100165,100522,100879,101236,101593,101950,102307,102664,103021,103378,103735,104092,104449,104806,105163,105520,105877,106234,106591,106948,107305,107662,108019,108376,108733,109090,109447,109804,110161,110518,110875,111232,111589,111946,112303,112660,113017,113374,113731,114088,114445,114802,115159,115516,115873,116230,116587,116944,117301,117658,118015,118372,118729,119086,119443,119800,120157,120514,120871,121228,121585,121942,122299,122656,123013,123370,123727,124084,124441,124798,125155,125512,125869,126226,126583,126940,127297
206,563,920,1277,1634,1991,2348,2705,3062,3419,3776,4133,4490,4847,5204,5561,5918,6275,6632,6989,7346,7703,8060,8417,8774,9131,9488,9845,10202,10559,10916,11273,11630,11987,12344,12701,13058,13415,13772,14129,14486,14843,15200,15557,15914,16271,16628,16985,17342,17699,18056,18413,18770,19127,19484,19841,20198,20555,20912,21269,21626,21983,22340,22697,23054,23411,23768,24125,24482,24839,25196,25553,25910,26267,26624,26981,27338,27695,28052,28409,28766,29123,29480,29837,30194,30551,30908,31265,31622,31979,32336,32693,33050,33407,33764,34121,34478,34835,35192,35549,35906,36263,36620,36977,37334,37691,38048,38405,38762,39119,39476,39833,40190,40547,40904,41261,41618,41975,42332,42689,43046,43403,43760,44117,44474,44831,45188,45545,45902,46259,46616,46973,47330,47687,48044,48401,48758,49115,49472,49829,50186,50543,50900,51257,51614,51971,52328,52685,53042,53399,53756,53907,54113,54470,54827,55184,55541,55898,56255,56612,56969,57326,57683,58040,58397,58754,59111,59468,59825,60182,60539,60896,61253,61610,61967,62324,62681,63038,63395,63752,64109,64466,64823,65180,65537,65894,66251,66608,66965,67322,67679,68036,68393,68750,69107,69464,69821,70178,70535,70892,71249,71606,71963,72320,72677,73034,73391,73748,74105,74462,74819,75176,75533,75890,76247,76604,76961,77318,77675,78032,78389,78746,79103,79460,79817,80174,80531,80888,81245,81602,81959,82316,82673,83030,83387,83744,84101,84458,84815,85172,85529,85886,86243,86600,86957,87314,87671,88028,88385,88742,89099,89456,89813,90170,90527,90884,91241,91598,91955,92312,92669,93026,93383,93740,94097,94454,94811,95168,95525,95882,96239,96596,96953,97310,97667,98024,98381,98738,99095,99452,99809,100166,100523,100880,101237,101594,101951,102308,102665,103022,103379,103736,104093,104450,104807,105164,105521,105878,106235,106592,106949,107306,107663,108020,108377,108734,109091,109448,109805,110162,110519,110876,111233,111590,111947,112304,112661,113018,113375,113732,114089,114446,114803,115160,115517,115874,116231,116588,116945,117302,117659,118016,118373,118730,119087,119444,119801,120158,120515,120872,121229,121586,121943,122300,122657,123014,123371,123728,124085,124442,124799,125156,125513,125870,126227,126584,126941,127298
207,564,921,1278,1635,1992,2349,2706,3063,3420,3777,4134,4491,4848,5205,5562,5919,6276,6633,6990,7347,7704,8061,8418,8775,9132,9489,9846,10203,10560,10917,11274,11631,11988,12345,12702,13059,13416,13773,14130,14487,14844,15201,15558,15915,16272,16629,16986,17343,17700,18057,18414,18771,19128,19485,19842,20199,20556,20913,21270,21627,21984,22341,22698,23055,23412,23769,24126,24483,24840,25197,25554,25911,26268,26625,26982,27339,27696,28053,28410,28767,29124,29481,29838,30195,30552,30909,31266,31623,31980,32337,32694,33051,33408,33765,34122,34479,34836,35193,35550,35907,36264,36621,36978,37335,37692,38049,38406,38763,39120,39477,39834,40191,40548,40905,41262,41619,41976,42333,42690,43047,43404,43761,44118,44475,44832,45189,45546,45903,46260,46617,46974,47331,47688,48045,48402,48759,49116,49473,49830,50187,50544,50901,51258,51615,51972,52329,52686,53043,53400,53550,53757,54114,54471,54828,55185,55542,55899,56256,56613,56970,57327,57684,58041,58398,58755,59112,59469,59826,60183,60540,60897,61254,61611,61968,62325,62682,63039,63396,63753,64110,64467,64824,65181,65538,65895,66252,66609,66966,67323,67680,68037,68394,68751,69108,69465,69822,70179,70536,70893,71250,71607,71964,72321,72678,73035,73392,73749,74106,74463,74820,75177,75534,75891,76248,76605,76962,77319,77676,78033,78390,78747,79104,79461,79818,80175,80532,80889,81246,81603,81960,82317,82674,83031,83388,83745,84102,84459,84816,85173,85530,85887,86244,86601,86958,87315,87672,88029,88386,88743,89100,89457,89814,90171,90528,90885,91242,91599,91956,92313,92670,93027,93384,93741,94098,94455,94812,95169,95526,95883,96240,96597,96954,97311,97668,98025,98382,98739,99096,99453,99810,100167,100524,100881,101238,101595,101952,102309,102666,103023,103380,103737,104094,104451,104808,105165,105522,105879,106236,106593,106950,107307,107664,108021,108378,108735,109092,109449,109806,110163,110520,110877,111234,111591,111948,112305,112662,113019,113376,113733,114090,114447,114804,115161,115518,115875,116232,116589,116946,117303,117660,118017,118374,118731,119088,119445,119802,120159,120516,120873,121230,121587,121944,122301,122658,123015,123372,123729,124086,124443,124800,125157,125514,125871,126228,126585,126942,127299
208,565,922,1279,1636,1993,2350,2707,3064,3421,3778,4135,4492,4849,5206,5563,5920,6277,6634,6991,7348,7705,8062,8419,8776,9133,9490,9847,10204,10561,10918,11275,11632,11989,12346,12703,13060,13417,13774,14131,14488,14845,15202,15559,15916,16273,16630,16987,17344,17701,18058,18415,18772,19129,19486,19843,20200,20557,20914,21271,21628,21985,22342,22699,23056,23413,23770,24127,24484,24841,25198,25555,25912,26269,26626,26983,27340,27697,28054,28411,28768,29125,29482,29839,30196,30553,30910,31267,31624,31981,32338,32695,33052,33409,33766,34123,34480,34837,35194,35551,35908,36265,36622,36979,37336,37693,38050,38407,38764,39121,39478,39835,40192,40549,40906,41263,41620,41977,42334,42691,43048,43405,43762,44119,44476,44833,45190,45547,45904,46261,46618,46975,47332,47689,48046,48403,48760,49117,49474,49831,50188,50545,50902,51259,51616,51973,52330,52687,53044,53193,53401,53758,54115,54472,54829,55186,55543,55900,56257,56614,56971,57328,57685,58042,58399,58756,59113,59470,59827,60184,60541,60898,61255,61612,61969,62326,62683,63040,63397,63754,64111,64468,64825,65182,65539,65896,66253,66610,66967,67324,67681,68038,68395,68752,69109,69466,69823,70180,70537,70894,71251,71608,71965,72322,72679,73036,73393,73750,74107,74464,74821,75178,75535,75892,76249,76606,76963,77320,77677,78034,78391,78748,79105,79462,79819,80176,80533,80890,81247,81604,81961,82318,82675,83032,83389,83746,84103,84460,84817,85174,85531,85888,86245,86602,86959,87316,87673,88030,88387,88744,89101,89458,89815,90172,90529,90886,91243,91600,91957,92314,92671,93028,93385,93742,94099,94456,94813,95170,95527,95884,96241,96598,96955,97312,97669,98026,98383,98740,99097,99454,99811,100168,100525,100882,101239,101596,101953,102310,102667,103024,103381,103738,104095,104452,104809,105166,105523,105880,106237,106594,106951,107308,107665,108022,108379,108736,109093,109450,109807,110164,110521,110878,111235,111592,111949,112306,112663,113020,113377,113734,114091,114448,114805,115162,115519,115876,116233,116590,116947,117304,117661,118018,118375,118732,119089,119446,119803,120160,120517,120874,121231,121588,121945,122302,122659,123016,123373,123730,124087,124444,124801,125158,125515,125872,126229,126586,126943,127300
209,566,923,1280,1637,1994,2351,2708,3065,3422,3779,4136,4493,4850,5207,5564,5921,6278,6635,6992,7349,7706,8063,8420,8777,9134,9491,9848,10205,10562,10919,11276,11633,11990,12347,12704,13061,13418,13775,14132,14489,14846,15203,15560,15917,16274,16631,16988,17345,17702,18059,18416,18773,19130,19487,19844,20201,20558,20915,21272,21629,21986,22343,22700,23057,23414,23771,24128,24485,24842,25199,25556,25913,26270,26627,26984,27341,27698,28055,28412,28769,29126,29483,29840,30197,30554,30911,31268,31625,31982,32339,32696,33053,33410,33767,34124,34481,34838,35195,35552,35909,36266,36623,36980,37337,37694,38051,38408,38765,39122,39479,39836,40193,40550,40907,41264,41621,41978,42335,42692,43049,43406,43763,44120,44477,44834,45191,45548,45905,46262,46619,46976,47333,47690,48047,48404,48761,49118,49475,49832,50189,50546,50903,51260,51617,51974,52331,52688,52836,53045,53402,53759,54116,54473,54830,55187,55544,55901,56258,56615,56972,57329,57686,58043,58400,58757,59114,59471,59828,60185,60542,60899,61256,61613,61970,62327,62684,63041,63398,63755,64112,64469,64826,65183,65540,65897,66254,66611,66968,67325,67682,68039,68396,68753,69110,69467,69824,70181,70538,70895,71252,71609,71966,72323,72680,73037,73394,73751,74108,74465,74822,75179,75536,75893,76250,76607,76964,77321,77678,78035,78392,78749,79106,79463,79820,80177,80534,80891,81248,81605,81962,82319,82676,83033,83390,83747,84104,84461,84818,85175,85532,85889,86246,86603,86960,87317,87674,88031,88388,88745,89102,89459,89816,90173,90530,90887,91244,91601,91958,92315,92672,93029,93386,93743,94100,94457,94814,95171,95528,95885,96242,96599,96956,97313,97670,98027,98384,98741,99098,99455,99812,100169,100526,100883,101240,101597,101954,102311,102668,103025,103382,103739,104096,104453,104810,105167,105524,105881,106238,106595,106952,107309,107666,108023,108380,108737,109094,109451,109808,110165,110522,110879,111236,111593,111950,112307,112664,113021,113378,113735,114092,114449,114806,115163,115520,115877,116234,116591,116948,117305,117662,118019,118376,118733,119090,119447,119804,120161,120518,120875,121232,121589,121946,122303,122660,123017,123374,123731,124088,124445,124802,125159,125516,125873,126230,126587,126944,127301
210,567,924,1281,1638,1995,2352,2709,3066,3423,3780,4137,4494,4851,5208,5565,5922,6279,6636,6993,7350,7707,8064,8421,8778,9135,9492,9849,10206,10563,10920,11277,11634,11991,12348,12705,13062,13419,13776,14133,14490,14847,15204,15561,15918,16275,16632,16989,17346,17703,18060,18417,18774,19131,19488,19845,20202,20559,20916,21273,21630,21987,22344,22701,23058,23415,23772,24129,24486,24843,25200,25557,25914,26271,26628,26985,27342,27699,28056,28413,28770,29127,29484,29841,30198,30555,30912,31269,31626,31983,32340,32697,33054,33411,33768,34125,34482,34839,35196,35553,35910,36267,36624,36981,37338,37695,38052,38409,38766,39123,39480,39837,40194,40551,40908,41265,41622,41979,42336,42693,43050,43407,43764,44121,44478,44835,45192,45549,45906,46263,46620,46977,47334,47691,48048,48405,48762,49119,49476,49833,50190,50547,50904,51261,51618,51975,52332,52479,52689,53046,53403,53760,54117,54474,54831,55188,55545,55902,56259,56616,56973,57330,57687,58044,58401,58758,59115,59472,59829,60186,60543,60900,61257,61614,61971,62328,62685,63042,63399,63756,64113,64470,64827,65184,65541,65898,66255,66612,66969,67326,67683,68040,68397,68754,69111,69468,69825,70182,70539,70896,71253,71610,71967,72324,72681,73038,73395,73752,74109,74466,74823,75180,75537,75894,76251,76608,76965,77322,77679,78036,78393,78750,79107,79464,79821,80178,80535,80892,81249,81606,81963,82320,82677,83034,83391,83748,84105,84462,84819,85176,85533,85890,86247,86604,86961,87318,87675,88032,88389,88746,89103,89460,89817,90174,90531,90888,91245,91602,91959,92316,92673,93030,93387,93744,94101,94458,94815,95172,95529,95886,96243,96600,96957,97314,97671,98028,98385,98742,99099,99456,99813,100170,100527,100884,101241,101598,101955,102312,102669,103026,103383,103740,104097,104454,104811,105168,105525,105882,106239,106596,106953,107310,107667,108024,108381,108738,109095,109452,109809,110166,110523,110880,111237,111594,111951,112308,112665,113022,113379,113736,114093,114450,114807,115164,115521,115878,116235,116592,116949,117306,117663,118020,118377,118734,119091,119448,119805,120162,120519,120876,121233,121590,121947,122304,122661,123018,123375,123732,124089,124446,124803,125160,125517,125874,126231,126588,126945,127302
211,568,925,1282,1639,1996,2353,2710,3067,3424,3781,4138,4495,4852,5209,5566,5923,6280,6637,6994,7351,7708,8065,8422,8779,9136,9493,9850,10207,10564,10921,11278,11635,11992,12349,12706,13063,13420,13777,14134,14491,14848,15205,15562,15919,16276,16633,16990,17347,17704,18061,18418,18775,19132,19489,19846,20203,20560,20917,21274,21631,21988,22345,22702,23059,23416,23773,24130,24487,24844,25201,25558,25915,26272,26629,26986,27343,27700,28057,28414,28771,29128,29485,29842,30199,30556,30913,31270,31627,31984,32341,32698,33055,33412,33769,34126,34483,34840,35197,35554,35911,36268,36625,36982,37339,37696,38053,38410,38767,39124,39481,39838,40195,40552,40909,41266,41623,41980,42337,42694,43051,43408,43765,44122,44479,44836,45193,45550,45907,46264,46621,46978,47335,47692,48049,48406,48763,49120,49477,49834,50191,50548,50905,51262,51619,51976,52122,52333,52690,53047,53404,53761,54118,54475,54832,55189,55546,55903,56260,56617,56974,57331,57688,58045,58402,58759,59116,59473,59830,60187,60544,60901,61258,61615,61972,62329,62686,63043,63400,63757,64114,64471,64828,65185,65542,65899,66256,66613,66970,67327,67684,68041,68398,68755,69112,69469,69826,70183,70540,70897,71254,71611,71968,72325,72682,73039,73396,73753,74110,74467,74824,75181,75538,75895,76252,76609,76966,77323,77680,78037,78394,78751,79108,79465,79822,80179,80536,80893,81250,81607,81964,82321,82678,83035,83392,83749,84106,84463,84820,85177,85534,85891,86248,86605,86962,87319,87676,88033,88390,88747,89104,89461,89818,90175,90532,90889,91246,91603,91960,92317,92674,93031,93388,93745,94102,94459,94816,95173,95530,95887,96244,96601,96958,97315,97672,98029,98386,98743,99100,99457,99814,100171,100528,100885,101242,101599,101956,102313,102670,103027,103384,103741,104098,104455,104812,105169,105526,105883,106240,106597,106954,107311,107668,108025,108382,108739,109096,109453,109810,110167,110524,110881,111238,111595,111952,112309,112666,113023,113380,113737,114094,114451,114808,115165,115522,115879,116236,116593,116950,117307,117664,118021,118378,118735,119092,119449,119806,120163,120520,120877,121234,121591,121948,122305,122662,123019,123376,123733,124090,124447,124804,125161,125518,125875,126232,126589,126946,127303
212,569,926,1283,1640,1997,2354,2711,3068,3425,3782,4139,4496,4853,5210,5567,5924,6281,6638,6995,7352,7709,8066,8423,8780,9137,9494,9851,10208,10565,10922,11279,11636,11993,12350,12707,13064,13421,13778,14135,14492,14849,15206,15563,15920,16277,16634,16991,17348,17705,18062,18419,18776,19133,19490,19847,20204,20561,20918,21275,21632,21989,22346,22703,23060,23417,23774,24131,24488,24845,25202,25559,25916,26273,26630,26987,27344,27701,28058,28415,28772,29129,29486,29843,30200,30557,30914,31271,31628,31985,32342,32699,33056,33413,33770,34127,34484,34841,35198,35555,35912,36269,36626,36983,37340,37697,38054,38411,38768,39125,39482,39839,40196,40553,40910,41267,41624,41981,42338,42695,43052,43409,43766,44123,44480,44837,45194,45551,45908,46265,46622,46979,47336,47693,48050,48407,48764,49121,49478,49835,50192,50549,50906,51263,51620,51765,51977,52334,52691,53048,53405,53762,54119,54476,54833,55190,55547,55904,56261,56618,56975,57332,57689,58046,58403,58760,59117,59474,59831,60188,60545,60902,61259,61616,61973,62330,62687,63044,63401,63758,64115,64472,64829,65186,65543,65900,66257,66614,66971,67328,67685,68042,68399,68756,69113,69470,69827,70184,70541,70898,71255,71612,71969,72326,72683,73040,73397,73754,74111,74468,74825,75182,75539,75896,76253,76610,76967,77324,77681,78038,78395,78752,79109,79466,79823,80180,80537,80894,81251,81608,81965,82322,82679,83036,83393,83750,84107,84464,84821,85178,85535,85892,86249,86606,86963,87320,87677,88034,88391,88748,89105,89462,89819,90176,90533,90890,91247,91604,91961,92318,92675,93032,93389,93746,94103,94460,94817,95174,95531,95888,96245,96602,96959,97316,97673,98030,98387,98744,99101,99458,99815,100172,100529,100886,101243,101600,101957,102314,102671,103028,103385,103742,104099,104456,104813,105170,105527,105884,106241,106598,106955,107312,107669,108026,108383,108740,109097,109454,109811,110168,110525,110882,111239,111596,111953,112310,112667,113024,113381,113738,114095,114452,114809,115166,115523,115880,116237,116594,116951,117308,117665,118022,118379,118736,119093,119450,119807,120164,120521,120878,121235,121592,121949,122306,122663,123020,123377,123734,124091,124448,124805,125162,125519,125876,126233,126590,126947,127304
213,570,927,1284,1641,1998,2355,2712,3069,3426,3783,4140,4497,4854,5211,5568,5925,6282,6639,6996,7353,7710,8067,8424,8781,9138,9495,9852,10209,10566,10923,11280,11637,11994,12351,12708,13065,13422,13779,14136,14493,14850,15207,15564,15921,16278,16635,16992,17349,17706,18063,18420,18777,19134,19491,19848,20205,20562,20919,21276,21633,21990,22347,22704,23061,23418,23775,24132,24489,24846,25203,25560,25917,26274,26631,26988,27345,27702,28059,28416,28773,29130,29487,29844,30201,30558,30915,31272,31629,31986,32343,32700,33057,33414,33771,34128,34485,34842,35199,35556,35913,36270,36627,36984,37341,37698,38055,38412,38769,39126,39483,39840,40197,40554,40911,41268,41625,41982,42339,42696,43053,43410,43767,44124,44481,44838,45195,45552,45909,46266,46623,46980,47337,47694,48051,48408,48765,49122,49479,49836,50193,50550,50907,51264,51408,51621,51978,52335,52692,53049,53406,53763,54120,54477,54834,55191,55548,55905,56262,56619,56976,57333,57690,58047,58404,58761,59118,59475,59832,60189,60546,60903,61260,61617,61974,62331,62688,63045,63402,63759,64116,64473,64830,65187,65544,65901,66258,66615,66972,67329,67686,68043,68400,68757,69114,69471,69828,70185,70542,70899,71256,71613,71970,72327,72684,73041,73398,73755,74112,74469,74826,75183,75540,75897,76254,76611,76968,77325,77682,78039,78396,78753,79110,79467,79824,80181,80538,80895,81252,81609,81966,82323,82680,83037,83394,83751,84108,84465,84822,85179,85536,85893,86250,86607,86964,87321,87678,88035,88392,88749,89106,89463,89820,90177,90534,90891,91248,91605,91962,92319,92676,93033,93390,93747,94104,94461,94818,95175,95532,95889,96246,96603,96960,97317,97674,98031,98388,98745,99102,99459,99816,100173,100530,100887,101244,101601,101958,102315,102672,103029,103386,103743,104100,104457,104814,105171,105528,105885,106242,106599,106956,107313,107670,108027,108384,108741,109098,109455,109812,110169,110526,110883,111240,111597,111954,112311,112668,113025,113382,113739,114096,114453,114810,115167,115524,115881,116238,116595,116952,117309,117666,118023,118380,118737,119094,119451,119808,120165,120522,120879,121236,121593,121950,122307,122664,123021,123378,123735,124092,124449,124806,125163,125520,125877,126234,126591,126948,127305
214,571,928,1285,1642,1999,2356,2713,3070,3427,3784,4141,4498,4855,5212,5569,5926,6283,6640,6997,7354,7711,8068,8425,8782,9139,9496,9853,10210,10567,10924,11281,11638,11995,12352,12709,13066,13423,13780,14137,14494,14851,15208,15565,15922,16279,16636,16993,17350,17707,18064,18421,18778,19135,19492,19849,20206,20563,20920,21277,21634,21991,22348,22705,23062,23419,23776,24133,24490,24847,25204,25561,25918,26275,26632,26989,27346,27703,28060,28417,28774,29131,29488,29845,30202,30559,30916,31273,31630,31987,32344,32701,33058,33415,33772,34129,34486,34843,35200,35557,35914,36271,36628,36985,37342,37699,38056,38413,38770,39127,39484,39841,40198,40555,40912,41269,41626,41983,42340,42697,43054,43411,43768,44125,44482,44839,45196,45553,45910,46267,46624,46981,47338,47695,48052,48409,48766,49123,49480,49837,50194,50551,50908,51051,51265,51622,51979,52336,52693,53050,53407,53764,54121,54478,54835,55192,55549,55906,56263,56620,56977,57334,57691,58048,58405,58762,59119,59476,59833,60190,60547,60904,61261,61618,61975,62332,62689,63046,63403,63760,64117,64474,64831,65188,65545,65902,66259,66616,66973,67330,67687,68044,68401,68758,69115,69472,69829,70186,70543,70900,71257,71614,71971,72328,72685,73042,73399,73756,74113,74470,74827,75184,75541,75898,76255,76612,76969,77326,77683,78040,78397,78754,79111,79468,79825,80182,80539,80896,81253,81610,81967,82324,82681,83038,83395,83752,84109,84466,84823,85180,85537,85894,86251,86608,86965,87322,87679,88036,88393,88750,89107,89464,89821,90178,90535,90892,91249,91606,91963,92320,92677,93034,93391,93748,94105,94462,94819,95176,95533,95890,96247,96604,96961,97318,97675,98032,98389,98746,99103,99460,99817,100174,100531,100888,101245,101602,101959,102316,102673,103030,103387,103744,104101,104458,104815,105172,105529,105886,106243,106600,106957,107314,107671,108028,108385,108742,109099,109456,109813,110170,110527,110884,111241,111598,111955,112312,112669,113026,113383,113740,114097,114454,114811,115168,115525,115882,116239,116596,116953,117310,117667,118024,118381,118738,119095,119452,119809,120166,120523,120880,121237,121594,121951,122308,122665,123022,123379,123736,124093,124450,124807,125164,125521,125878,126235,126592,126949,127306
215,572,929,1286,1643,2000,2357,2714,3071,3428,3785,4142,4499,4856,5213,5570,5927,6284,6641,6998,7355,7712,8069,8426,8783,9140,9497,9854,10211,10568,10925,11282,11639,11996,12353,12710,13067,13424,13781,14138,14495,14852,15209,15566,15923,16280,16637,16994,17351,17708,18065,18422,18779,19136,19493,19850,20207,20564,20921,21278,21635,21992,22349,22706,23063,23420,23777,24134,24491,24848,25205,25562,25919,26276,26633,26990,27347,27704,28061,28418,28775,29132,29489,29846,30203,30560,30917,31274,31631,31988,32345,32702,33059,33416,33773,34130,34487,34844,35201,35558,35915,36272,36629,36986,37343,37700,38057,38414,38771,39128,39485,39842,40199,40556,40913,41270,41627,41984,42341,42698,43055,43412,43769,44126,44483,44840,45197,45554,45911,46268,46625,46982,47339,47696,48053,48410,48767,49124,49481,49838,50195,50552,50694,50909,51266,51623,51980,52337,52694,53051,53408,53765,54122,54479,54836,55193,55550,55907,56264,56621,56978,57335,57692,58049,58406,58763,59120,59477,59834,60191,60548,60905,61262,61619,61976,62333,62690,63047,63404,63761,64118,64475,64832,65189,65546,65903,66260,66617,66974,67331,67688,68045,68402,68759,69116,69473,69830,70187,70544,70901,71258,71615,71972,72329,72686,73043,73400,73757,74114,74471,74828,75185,75542,75899,76256,76613,76970,77327,77684,78041,78398,78755,79112,79469,79826,80183,80540,80897,81254,81611,81968,82325,82682,83039,83396,83753,84110,84467,84824,85181,85538,85895,86252,86609,86966,87323,87680,88037,88394,88751,89108,89465,89822,90179,90536,90893,91250,91607,91964,92321,92678,93035,93392,93749,94106,94463,94820,95177,95534,95891,96248,96605,96962,97319,97676,98033,98390,98747,99104,99461,99818,100175,100532,100889,101246,101603,101960,102317,102674,103031,103388,103745,104102,104459,104816,105173,105530,105887,106244,106601,106958,107315,107672,108029,108386,108743,109100,109457,109814,110171,110528,110885,111242,111599,111956,112313,112670,113027,113384,113741,114098,114455,114812,115169,115526,115883,116240,116597,116954,117311,117668,118025,118382,118739,119096,119453,119810,120167,120524,120881,121238,121595,121952,122309,122666,123023,123380,123737,124094,124451,124808,125165,125522,125879,126236,126593,126950,127307
216,573,930,1287,1644,2001,2358,2715,3072,3429,3786,4143,4500,4857,5214,5571,5928,6285,6642,6999,7356,7713,8070,8427,8784,9141,9498,9855,10212,10569,10926,11283,11640,11997,12354,12711,13068,13425,13782,14139,14496,14853,15210,15567,15924,16281,16638,16995,17352,17709,18066,18423,18780,19137,19494,19851,20208,20565,20922,21279,21636,21993,22350,22707,23064,23421,23778,24135,24492,24849,25206,25563,25920,26277,26634,26991,27348,27705,28062,28419,28776,29133,29490,29847,30204,30561,30918,31275,31632,31989,32346,32703,33060,33417,33774,34131,34488,34845,35202,35559,35916,36273,36630,36987,37344,37701,38058,38415,38772,39129,39486,39843,40200,40557,40914,41271,41628,41985,42342,42699,43056,43413,43770,44127,44484,44841,45198,45555,45912,46269,46626,46983,47340,47697,48054,48411,48768,49125,49482,49839,50196,50337,50553,50910,51267,51624,51981,52338,52695,53052,53409,53766,54123,54480,54837,55194,55551,55908,56265,56622,56979,57336,57693,58050,58407,58764,59121,59478,59835,60192,60549,60906,61263,61620,61977,62334,62691,63048,63405,63762,64119,64476,64833,65190,65547,65904,66261,66618,66975,67332,67689,68046,68403,68760,69117,69474,69831,70188,70545,70902,71259,71616,71973,72330,72687,73044,73401,73758,74115,74472,74829,75186,75543,75900,76257,76614,76971,77328,77685,78042,78399,78756,79113,79470,79827,80184,80541,80898,81255,81612,81969,82326,82683,83040,83397,83754,84111,84468,84825,85182,85539,85896,86253,86610,86967,87324,87681,88038,88395,88752,89109,89466,89823,90180,90537,90894,91251,91608,91965,92322,92679,93036,93393,93750,94107,94464,94821,95178,95535,95892,96249,96606,96963,97320,97677,98034,98391,98748,99105,99462,99819,100176,100533,100890,101247,101604,101961,102318,102675,103032,103389,103746,104103,104460,104817,105174,105531,105888,106245,106602,106959,107316,107673,108030,108387,108744,109101,109458,109815,110172,110529,110886,111243,111600,111957,112314,112671,113028,113385,113742,114099,114456,114813,115170,115527,115884,116241,116598,116955,117312,117669,118026,118383,118740,119097,119454,119811,120168,120525,120882,121239,121596,121953,122310,122667,123024,123381,123738,124095,124452,124809,125166,125523,125880,126237,126594,126951,127308
217,574,931,1288,1645,2002,2359,2716,3073,3430,3787,4144,4501,4858,5215,5572,5929,6286,6643,7000,7357,7714,8071,8428,8785,9142,9499,9856,10213,10570,10927,11284,11641,11998,12355,12712,13069,13426,13783,14140,14497,14854,15211,15568,15925,16282,16639,16996,17353,17710,18067,18424,18781,19138,19495,19852,20209,20566,20923,21280,21637,21994,22351,22708,23065,23422,23779,24136,24493,24850,25207,25564,25921,26278,26635,26992,27349,27706,28063,28420,28777,29134,29491,29848,30205,30562,30919,31276,31633,31990,32347,32704,33061,33418,33775,34132,34489,34846,35203,35560,35917,36274,36631,36988,37345,37702,38059,38416,38773,39130,39487,39844,40201,40558,40915,41272,41629,41986,42343,42700,43057,43414,43771,44128,44485,44842,45199,45556,45913,46270,46627,46984,47341,47698,48055,48412,48769,49126,49483,49840,49980,50197,50554,50911,51268,51625,51982,52339,52696,53053,53410,53767,54124,54481,54838,55195,55552,55909,56266,56623,56980,57337,57694,58051,58408,58765,59122,59479,59836,60193,60550,60907,61264,61621,61978,62335,62692,63049,63406,63763,64120,64477,64834,65191,65548,65905,66262,66619,66976,67333,67690,68047,68404,68761,69118,69475,69832,70189,70546,70903,71260,71617,71974,72331,72688,73045,73402,73759,74116,74473,74830,75187,75544,75901,76258,76615,76972,77329,77686,78043,78400,78757,79114,79471,79828,80185,80542,80899,81256,81613,81970,82327,82684,83041,83398,83755,84112,84469,84826,85183,85540,85897,86254,86611,86968,87325,87682,88039,88396,88753,89110,89467,89824,90181,90538,90895,91252,91609,91966,92323,92680,93037,93394,93751,94108,94465,94822,95179,95536,95893,96250,96607,96964,97321,97678,98035,98392,98749,99106,99463,99820,100177,100534,100891,101248,101605,101962,102319,102676,103033,103390,103747,104104,104461,104818,105175,105532,105889,106246,106603,106960,107317,107674,108031,108388,108745,109102,109459,109816,110173,110530,110887,111244,111601,111958,112315,112672,113029,113386,113743,114100,114457,114814,115171,115528,115885,116242,116599,116956,117313,117670,118027,118384,118741,119098,119455,119812,120169,120526,120883,121240,121597,121954,122311,122668,123025,123382,123739,124096,124453,124810,125167,125524,125881,126238,126595,126952,127309
218,575,932,1289,1646,2003,2360,2717,3074,3431,3788,4145,4502,4859,5216,5573,5930,6287,6644,7001,7358,7715,8072,8429,8786,9143,9500,9857,10214,10571,10928,11285,11642,11999,12356,12713,13070,13427,13784,14141,14498,14855,15212,15569,15926,16283,16640,16997,17354,17711,18068,18425,18782,19139,19496,19853,20210,20567,20924,21281,21638,21995,22352,22709,23066,23423,23780,24137,24494,24851,25208,25565,25922,26279,26636,26993,27350,27707,28064,28421,28778,29135,29492,29849,30206,30563,30920,31277,31634,31991,32348,32705,33062,33419,33776,34133,34490,34847,35204,35561,35918,36275,36632,36989,37346,37703,38060,38417,38774,39131,39488,39845,40202,40559,40916,41273,41630,41987,42344,42701,43058,43415,43772,44129,44486,44843,45200,45557,45914,46271,46628,46985,47342,47699,48056,48413,48770,49127,49484,49623,49841,50198,50555,50912,51269,51626,51983,52340,52697,53054,53411,53768,54125,54482,54839,55196,55553,55910,56267,56624,56981,57338,57695,58052,58409,58766,59123,59480,59837,60194,60551,60908,61265,61622,61979,62336,62693,63050,63407,63764,64121,64478,64835,65192,65549,65906,66263,66620,66977,67334,67691,68048,68405,68762,69119,69476,69833,70190,70547,70904,71261,71618,71975,72332,72689,73046,73403,73760,74117,74474,74831,75188,75545,75902,76259,76616,76973,77330,77687,78044,78401,78758,79115,79472,79829,80186,80543,80900,81257,81614,81971,82328,82685,83042,83399,83756,84113,84470,84827,85184,85541,85898,86255,86612,86969,87326,87683,88040,88397,88754,89111,89468,89825,90182,90539,90896,91253,91610,91967,92324,92681,93038,93395,93752,94109,94466,94823,95180,95537,95894,96251,96608,96965,97322,97679,98036,98393,98750,99107,99464,99821,100178,100535,100892,101249,101606,101963,102320,102677,103034,103391,103748,104105,104462,104819,105176,105533,105890,106247,106604,106961,107318,107675,108032,108389,108746,109103,109460,109817,110174,110531,110888,111245,111602,111959,112316,112673,113030,113387,113744,114101,114458,114815,115172,115529,115886,116243,116600,116957,117314,117671,118028,118385,118742,119099,119456,119813,120170,120527,120884,121241,121598,121955,122312,122669,123026,123383,123740,124097,124454,124811,125168,125525,125882,126239,126596,126953,127310
219,576,933,1290,1647,2004,2361,2718,3075,3432,3789,4146,4503,4860,5217,5574,5931,6288,6645,7002,7359,7716,8073,8430,8787,9144,9501,9858,10215,10572,10929,11286,11643,12000,12357,12714,13071,13428,13785,14142,14499,14856,15213,15570,15927,16284,16641,16998,17355,17712,18069,18426,18783,19140,19497,19854,20211,20568,20925,21282,21639,21996,22353,22710,23067,23424,23781,24138,24495,24852,25209,25566,25923,26280,26637,26994,27351,27708,28065,28422,28779,29136,29493,29850,30207,30564,30921,31278,31635,31992,32349,32706,33063,33420,33777,34134,34491,34848,35205,35562,35919,36276,36633,36990,37347,37704,38061,38418,38775,39132,39489,39846,40203,40560,40917,41274,41631,41988,42345,42702,43059,43416,43773,44130,44487,44844,45201,45558,45915,46272,46629,46986,47343,47700,48057,48414,48771,49128,49266,49485,49842,50199,50556,50913,51270,51627,51984,52341,52698,53055,53412,53769,54126,54483,54840,55197,55554,55911,56268,56625,56982,57339,57696,58053,58410,58767,59124,59481,59838,60195,60552,60909,61266,61623,61980,62337,62694,63051,63408,63765,64122,64479,64836,65193,65550,65907,66264,66621,66978,67335,67692,68049,68406,68763,69120,69477,69834,70191,70548,70905,71262,71619,71976,72333,72690,73047,73404,73761,74118,74475,74832,75189,75546,75903,76260,76617,76974,77331,77688,78045,78402,78759,79116,79473,79830,80187,80544,80901,81258,81615,81972,82329,82686,83043,83400,83757,84114,84471,84828,85185,85542,85899,86256,86613,86970,87327,87684,88041,88398,88755,89112,89469,89826,90183,90540,90897,91254,91611,91968,92325,92682,93039,93396,93753,94110,94467,94824,95181,95538,95895,96252,96609,96966,97323,97680,98037,98394,98751,99108,99465,99822,100179,100536,100893,101250,101607,101964,102321,102678,103035,103392,103749,104106,104463,104820,105177,105534,105891,106248,106605,106962,107319,107676,108033,108390,108747,109104,109461,109818,110175,110532,110889,111246,111603,111960,112317,112674,113031,113388,113745,114102,114459,114816,115173,115530,115887,116244,116601,116958,117315,117672,118029,118386,118743,119100,119457,119814,120171,120528,120885,121242,121599,121956,122313,122670,123027,123384,123741,124098,124455,124812,125169,125526,125883,126240,126597,126954,127311
220,577,934,1291,1648,2005,2362,2719,3076,3433,3790,4147,4504,4861,5218,5575,5932,6289,6646,7003,7360,7717,8074,8431,8788,9145,9502,9859,10216,10573,10930,11287,11644,12001,12358,12715,13072,13429,13786,14143,14500,14857,15214,15571,15928,16285,16642,16999,17356,17713,18070,18427,18784,19141,19498,19855,20212,20569,20926,21283,21640,21997,22354,22711,23068,23425,23782,24139,24496,24853,25210,25567,25924,26281,26638,26995,27352,27709,28066,28423,28780,29137,29494,29851,30208,30565,30922,31279,31636,31993,32350,32707,33064,33421,33778,34135,34492,34849,35206,35563,35920,36277,36634,36991,37348,37705,38062,38419,38776,39133,39490,39847,40204,40561,40918,41275,41632,41989,42346,42703,43060,43417,43774,44131,44488,44845,45202,45559,45916,46273,46630,46987,47344,47701,48058,48415,48772,48909,49129,49486,49843,50200,50557,50914,51271,51628,51985,52342,52699,53056,53413,53770,54127,54484,54841,55198,55555,55912,56269,56626,56983,57340,57697,58054,58411,58768,59125,59482,59839,60196,60553,60910,61267,61624,61981,62338,62695,63052,63409,63766,64123,64480,64837,65194,65551,65908,66265,66622,66979,67336,67693,68050,68407,68764,69121,69478,69835,70192,70549,70906,71263,71620,71977,72334,72691,73048,73405,73762,74119,74476,74833,75190,75547,75904,76261,76618,76975,77332,77689,78046,78403,78760,79117,79474,79831,80188,80545,80902,81259,81616,81973,82330,82687,83044,83401,83758,84115,84472,84829,85186,85543,85900,86257,86614,86971,87328,87685,88042,88399,88756,89113,89470,89827,90184,90541,90898,91255,91612,91969,92326,92683,93040,93397,93754,94111,94468,94825,95182,95539,95896,96253,96610,96967,97324,97681,98038,98395,98752,99109,99466,99823,100180,100537,100894,101251,101608,101965,102322,102679,103036,103393,103750,104107,104464,104821,105178,105535,105892,106249,106606,106963,107320,107677,108034,108391,108748,109105,109462,109819,110176,110533,110890,111247,111604,111961,112318,112675,113032,113389,113746,114103,114460,114817,115174,115531,115888,116245,116602,116959,117316,117673,118030,118387,118744,119101,119458,119815,120172,120529,120886,121243,121600,121957,122314,122671,123028,123385,123742,124099,124456,124813,125170,125527,125884,126241,126598,126955,127312
221,578,935,1292,1649,2006,2363,2720,3077,3434,3791,4148,4505,4862,5219,5576,5933,6290,6647,7004,7361,7718,8075,8432,8789,9146,9503,9860,10217,10574,10931,11288,11645,12002,12359,12716,13073,13430,13787,14144,14501,14858,15215,15572,15929,16286,16643,17000,17357,17714,18071,18428,18785,19142,19499,19856,20213,20570,20927,21284,21641,21998,22355,22712,23069,23426,23783,24140,24497,24854,25211,25568,25925,26282,26639,26996,27353,27710,28067,28424,28781,29138,29495,29852,30209,30566,30923,31280,31637,31994,32351,32708,33065,33422,33779,34136,34493,34850,35207,35564,35921,36278,36635,36992,37349,37706,38063,38420,38777,39134,39491,39848,40205,40562,40919,41276,41633,41990,42347,42704,43061,43418,43775,44132,44489,44846,45203,45560,45917,46274,46631,46988,47345,47702,48059,48416,48552,48773,49130,49487,49844,50201,50558,50915,51272,51629,51986,52343,52700,53057,53414,53771,54128,54485,54842,55199,55556,55913,56270,56627,56984,57341,57698,58055,58412,58769,59126,59483,59840,60197,60554,60911,61268,61625,61982,62339,62696,63053,63410,63767,64124,64481,64838,65195,65552,65909,66266,66623,66980,67337,67694,68051,68408,68765,69122,69479,69836,70193,70550,70907,71264,71621,71978,72335,72692,73049,73406,73763,74120,74477,74834,75191,75548,75905,76262,76619,76976,77333,77690,78047,78404,78761,79118,79475,79832,80189,80546,80903,81260,81617,81974,82331,82688,83045,83402,83759,84116,84473,84830,85187,85544,85901,86258,86615,86972,87329,87686,88043,88400,88757,89114,89471,89828,90185,90542,90899,91256,91613,91970,92327,92684,93041,93398,93755,94112,94469,94826,95183,95540,95897,96254,96611,96968,97325,97682,98039,98396,98753,99110,99467,99824,100181,100538,100895,101252,101609,101966,102323,102680,103037,103394,103751,104108,104465,104822,105179,105536,105893,106250,106607,106964,107321,107678,108035,108392,108749,109106,109463,109820,110177,110534,110891,111248,111605,111962,112319,112676,113033,113390,113747,114104,114461,114818,115175,115532,115889,116246,116603,116960,117317,117674,118031,118388,118745,119102,119459,119816,120173,120530,120887,121244,121601,121958,122315,122672,123029,123386,123743,124100,124457,124814,125171,125528,125885,126242,126599,126956,127313
222,579,936,1293,1650,2007,2364,2721,3078,3435,3792,4149,4506,4863,5220,5577,5934,6291,6648,7005,7362,7719,8076,8433,8790,9147,9504,9861,10218,10575,10932,11289,11646,12003,12360,12717,13074,13431,13788,14145,14502,14859,15216,15573,15930,16287,16644,17001,17358,17715,18072,18429,18786,19143,19500,19857,20214,20571,20928,21285,21642,21999,22356,22713,23070,23427,23784,24141,24498,24855,25212,25569,25926,26283,26640,26997,27354,27711,28068,28425,28782,29139,29496,29853,30210,30567,30924,31281,31638,31995,32352,32709,33066,33423,33780,34137,34494,34851,35208,35565,35922,36279,36636,36993,37350,37707,38064,38421,38778,39135,39492,39849,40206,40563,40920,41277,41634,41991,42348,42705,43062,43419,43776,44133,44490,44847,45204,45561,45918,46275,46632,46989,47346,47703,48060,48195,48417,48774,49131,49488,49845,50202,50559,50916,51273,51630,51987,52344,52701,53058,53415,53772,54129,54486,54843,55200,55557,55914,56271,56628,56985,57342,57699,58056,58413,58770,59127,59484,59841,60198,60555,60912,61269,61626,61983,62340,62697,63054,63411,63768,64125,64482,64839,65196,65553,65910,66267,66624,66981,67338,67695,68052,68409,68766,69123,69480,69837,70194,70551,70908,71265,71622,71979,72336,72693,73050,73407,73764,74121,74478,74835,75192,75549,75906,76263,76620,76977,77334,77691,78048,78405,78762,79119,79476,79833,80190,80547,80904,81261,81618,81975,82332,82689,83046,83403,83760,84117,84474,84831,85188,85545,85902,86259,86616,86973,87330,87687,88044,88401,88758,89115,89472,89829,90186,90543,90900,91257,91614,91971,92328,92685,93042,93399,93756,94113,94470,94827,95184,95541,95898,96255,96612,96969,97326,97683,98040,98397,98754,99111,99468,99825,100182,100539,100896,101253,101610,101967,102324,102681,103038,103395,103752,104109,104466,104823,105180,105537,105894,106251,106608,106965,107322,107679,108036,108393,108750,109107,109464,109821,110178,110535,110892,111249,111606,111963,112320,112677,113034,113391,113748,114105,114462,114819,115176,115533,115890,116247,116604,116961,117318,117675,118032,118389,118746,119103,119460,119817,120174,120531,120888,121245,121602,121959,122316,122673,123030,123387,123744,124101,124458,124815,125172,125529,125886,126243,126600,126957,127314
223,580,937,1294,1651,2008,2365,2722,3079,3436,3793,4150,4507,4864,5221,5578,5935,6292,6649,7006,7363,7720,8077,8434,8791,9148,9505,9862,10219,10576,10933,11290,11647,12004,12361,12718,13075,13432,13789,14146,14503,14860,15217,15574,15931,16288,16645,17002,17359,17716,18073,18430,18787,19144,19501,19858,20215,20572,20929,21286,21643,22000,22357,22714,23071,23428,23785,24142,24499,24856,25213,25570,25927,26284,26641,26998,27355,27712,28069,28426,28783,29140,29497,29854,30211,30568,30925,31282,31639,31996,32353,32710,33067,33424,33781,34138,34495,34852,35209,35566,35923,36280,36637,36994,37351,37708,38065,38422,38779,39136,39493,39850,40207,40564,40921,41278,41635,41992,42349,42706,43063,43420,43777,44134,44491,44848,45205,45562,45919,46276,46633,46990,47347,47704,47838,48061,48418,48775,49132,49489,49846,50203,50560,50917,51274,51631,51988,52345,52702,53059,53416,53773,54130,54487,54844,55201,55558,55915,56272,56629,56986,57343,57700,58057,58414,58771,59128,59485,59842,60199,60556,60913,61270,61627,61984,62341,62698,63055,63412,63769,64126,64483,64840,65197,65554,65911,66268,66625,66982,67339,67696,68053,68410,68767,69124,69481,69838,70195,70552,70909,71266,71623,71980,72337,72694,73051,73408,73765,74122,74479,74836,75193,75550,75907,76264,76621,76978,77335,77692,78049,78406,78763,79120,79477,79834,80191,80548,80905,81262,81619,81976,82333,82690,83047,83404,83761,84118,84475,84832,85189,85546,85903,86260,86617,86974,87331,87688,88045,88402,88759,89116,89473,89830,90187,90544,90901,91258,91615,91972,92329,92686,93043,93400,93757,94114,94471,94828,95185,95542,95899,96256,96613,96970,97327,97684,98041,98398,98755,99112,99469,99826,100183,100540,100897,101254,101611,101968,102325,102682,103039,103396,103753,104110,104467,104824,105181,105538,105895,106252,106609,106966,107323,107680,108037,108394,108751,109108,109465,109822,110179,110536,110893,111250,111607,111964,112321,112678,113035,113392,113749,114106,114463,114820,115177,115534,115891,116248,116605,116962,117319,117676,118033,118390,118747,119104,119461,119818,120175,120532,120889,121246,121603,121960,122317,122674,123031,123388,123745,124102,124459,124816,125173,125530,125887,126244,126601,126958,127315
224,581,938,1295,1652,2009,2366,2723,3080,3437,3794,4151,4508,4865,5222,5579,5936,6293,6650,7007,7364,7721,8078,8435,8792,9149,9506,9863,10220,10577,10934,11291,11648,12005,12362,12719,13076,13433,13790,14147,14504,14861,15218,15575,15932,16289,16646,17003,17360,17717,18074,18431,18788,19145,19502,19859,20216,20573,20930,21287,21644,22001,22358,22715,23072,23429,23786,24143,24500,24857,25214,25571,25928,26285,26642,26999,27356,27713,28070,28427,28784,29141,29498,29855,30212,30569,30926,31283,31640,31997,32354,32711,33068,33425,33782,34139,34496,34853,35210,35567,35924,36281,36638,36995,37352,37709,38066,38423,38780,39137,39494,39851,40208,40565,40922,41279,41636,41993,42350,42707,43064,43421,43778,44135,44492,44849,45206,45563,45920,46277,46634,46991,47348,47481,47705,48062,48419,48776,49133,49490,49847,50204,50561,50918,51275,51632,51989,52346,52703,53060,53417,53774,54131,54488,54845,55202,55559,55916,56273,56630,56987,57344,57701,58058,58415,58772,59129,59486,59843,60200,60557,60914,61271,61628,61985,62342,62699,63056,63413,63770,64127,64484,64841,65198,65555,65912,66269,66626,66983,67340,67697,68054,68411,68768,69125,69482,69839,70196,70553,70910,71267,71624,71981,72338,72695,73052,73409,73766,74123,74480,74837,75194,75551,75908,76265,76622,76979,77336,77693,78050,78407,78764,79121,79478,79835,80192,80549,80906,81263,81620,81977,82334,82691,83048,83405,83762,84119,84476,84833,85190,85547,85904,86261,86618,86975,87332,87689,88046,88403,88760,89117,89474,89831,90188,90545,90902,91259,91616,91973,92330,92687,93044,93401,93758,94115,94472,94829,95186,95543,95900,96257,96614,96971,97328,97685,98042,98399,98756,99113,99470,99827,100184,100541,100898,101255,101612,101969,102326,102683,103040,103397,103754,104111,104468,104825,105182,105539,105896,106253,106610,106967,107324,107681,108038,108395,108752,109109,109466,109823,110180,110537,110894,111251,111608,111965,112322,112679,113036,113393,113750,114107,114464,114821,115178,115535,115892,116249,116606,116963,117320,117677,118034,118391,118748,119105,119462,119819,120176,120533,120890,121247,121604,121961,122318,122675,123032,123389,123746,124103,124460,124817,125174,125531,125888,126245,126602,126959,127316
225,582,939,1296,1653,2010,2367,2724,3081,3438,3795,4152,4509,4866,5223,5580,5937,6294,6651,7008,7365,7722,8079,8436,8793,9150,9507,9864,10221,10578,10935,11292,11649,12006,12363,12720,13077,13434,13791,14148,14505,14862,15219,15576,15933,16290,16647,17004,17361,17718,18075,18432,18789,19146,19503,19860,20217,20574,20931,21288,21645,22002,22359,22716,23073,23430,23787,24144,24501,24858,25215,25572,25929,26286,26643,27000,27357,27714,28071,28428,28785,29142,29499,29856,30213,30570,30927,31284,31641,31998,32355,32712,33069,33426,33783,34140,34497,34854,35211,35568,35925,36282,36639,36996,37353,37710,38067,38424,38781,39138,39495,39852,40209,40566,40923,41280,41637,41994,42351,42708,43065,43422,43779,44136,44493,44850,45207,45564,45921,46278,46635,46992,47124,47349,47706,48063,48420,48777,49134,49491,49848,50205,50562,50919,51276,51633,51990,52347,52704,53061,53418,53775,54132,54489,54846,55203,55560,55917,56274,56631,56988,57345,57702,58059,58416,58773,59130,59487,59844,60201,60558,60915,61272,61629,61986,62343,62700,63057,63414,63771,64128,64485,64842,65199,65556,65913,66270,66627,66984,67341,67698,68055,68412,68769,69126,69483,69840,70197,70554,70911,71268,71625,71982,72339,72696,73053,73410,73767,74124,74481,74838,75195,75552,75909,76266,76623,76980,77337,77694,78051,78408,78765,79122,79479,79836,80193,80550,80907,81264,81621,81978,82335,82692,83049,83406,83763,84120,84477,84834,85191,85548,85905,86262,86619,86976,87333,87690,88047,88404,88761,89118,89475,89832,90189,90546,90903,91260,91617,91974,92331,92688,93045,93402,93759,94116,94473,94830,95187,95544,95901,96258,96615,96972,97329,97686,98043,98400,98757,99114,99471,99828,100185,100542,100899,101256,101613,101970,102327,102684,103041,103398,103755,104112,104469,104826,105183,105540,105897,106254,106611,106968,107325,107682,108039,108396,108753,109110,109467,109824,110181,110538,110895,111252,111609,111966,112323,112680,113037,113394,113751,114108,114465,114822,115179,115536,115893,116250,116607,116964,117321,117678,118035,118392,118749,119106,119463,119820,120177,120534,120891,121248,121605,121962,122319,122676,123033,123390,123747,124104,124461,124818,125175,125532,125889,126246,126603,126960,127317
226,583,940,1297,1654,2011,2368,2725,3082,3439,3796,4153,4510,4867,5224,5581,5938,6295,6652,7009,7366,7723,8080,8437,8794,9151,9508,9865,10222,10579,10936,11293,11650,12007,12364,12721,13078,13435,13792,14149,14506,14863,15220,15577,15934,16291,16648,17005,17362,17719,18076,18433,18790,19147,19504,19861,20218,20575,20932,21289,21646,22003,22360,22717,23074,23431,23788,24145,24502,24859,25216,25573,25930,26287,26644,27001,27358,27715,28072,28429,28786,29143,29500,29857,30214,30571,30928,31285,31642,31999,32356,32713,33070,33427,33784,34141,34498,34855,35212,35569,35926,36283,36640,36997,37354,37711,38068,38425,38782,39139,39496,39853,40210,40567,40924,41281,41638,41995,42352,42709,43066,43423,43780,44137,44494,44851,45208,45565,45922,46279,46636,46767,46993,47350,47707,48064,48421,48778,49135,49492,49849,50206,50563,50920,51277,51634,51991,52348,52705,53062,53419,53776,54133,54490,54847,55204,55561,55918,56275,56632,56989,57346,57703,58060,58417,58774,59131,59488,59845,60202,60559,60916,61273,61630,61987,62344,62701,63058,63415,63772,64129,64486,64843,65200,65557,65914,66271,66628,66985,67342,67699,68056,68413,68770,69127,69484,69841,70198,70555,70912,71269,71626,71983,72340,72697,73054,73411,73768,74125,74482,74839,75196,75553,75910,76267,76624,76981,77338,77695,78052,78409,78766,79123,79480,79837,80194,80551,80908,81265,81622,81979,82336,82693,83050,83407,83764,84121,84478,84835,85192,85549,85906,86263,86620,86977,87334,87691,88048,88405,88762,89119,89476,89833,90190,90547,90904,91261,91618,91975,92332,92689,93046,93403,93760,94117,94474,94831,95188,95545,95902,96259,96616,96973,97330,97687,98044,98401,98758,99115,99472,99829,100186,100543,100900,101257,101614,101971,102328,102685,103042,103399,103756,104113,104470,104827,105184,105541,105898,106255,106612,106969,107326,107683,108040,108397,108754,109111,109468,109825,110182,110539,110896,111253,111610,111967,112324,112681,113038,113395,113752,114109,114466,114823,115180,115537,115894,116251,116608,116965,117322,117679,118036,118393,118750,119107,119464,119821,120178,120535,120892,121249,121606,121963,122320,122677,123034,123391,123748,124105,124462,124819,125176,125533,125890,126247,126604,126961,127318
227,584,941,1298,1655,2012,2369,2726,3083,3440,3797,4154,4511,4868,5225,5582,5939,6296,6653,7010,7367,7724,8081,8438,8795,9152,9509,9866,10223,10580,10937,11294,11651,12008,12365,12722,13079,13436,13793,14150,14507,14864,15221,15578,15935,16292,16649,17006,17363,17720,18077,18434,18791,19148,19505,19862,20219,20576,20933,21290,21647,22004,22361,22718,23075,23432,23789,24146,24503,24860,25217,25574,25931,26288,26645,27002,27359,27716,28073,28430,28787,29144,29501,29858,30215,30572,30929,31286,31643,32000,32357,32714,33071,33428,33785,34142,34499,34856,35213,35570,35927,36284,36641,36998,37355,37712,38069,38426,38783,39140,39497,39854,40211,40568,40925,41282,41639,41996,42353,42710,43067,43424,43781,44138,44495,44852,45209,45566,45923,46280,46410,46637,46994,47351,47708,48065,48422,48779,49136,49493,49850,50207,50564,50921,51278,51635,51992,52349,52706,53063,53420,53777,54134,54491,54848,55205,55562,55919,56276,56633,56990,57347,57704,58061,58418,58775,59132,59489,59846,60203,60560,60917,61274,61631,61988,62345,62702,63059,63416,63773,64130,64487,64844,65201,65558,65915,66272,66629,66986,67343,67700,68057,68414,68771,69128,69485,69842,70199,70556,70913,71270,71627,71984,72341,72698,73055,73412,73769,74126,74483,74840,75197,75554,75911,76268,76625,76982,77339,77696,78053,78410,78767,79124,79481,79838,80195,80552,80909,81266,81623,81980,82337,82694,83051,83408,83765,84122,84479,84836,85193,85550,85907,86264,86621,86978,87335,87692,88049,88406,88763,89120,89477,89834,90191,90548,90905,91262,91619,91976,92333,92690,93047,93404,93761,94118,94475,94832,95189,95546,95903,96260,96617,96974,97331,97688,98045,98402,98759,99116,99473,99830,100187,100544,100901,101258,101615,101972,102329,102686,103043,103400,103757,104114,104471,104828,105185,105542,105899,106256,106613,106970,107327,107684,108041,108398,108755,109112,109469,109826,110183,110540,110897,111254,111611,111968,112325,112682,113039,113396,113753,114110,114467,114824,115181,115538,115895,116252,116609,116966,117323,117680,118037,118394,118751,119108,119465,119822,120179,120536,120893,121250,121607,121964,122321,122678,123035,123392,123749,124106,124463,124820,125177,125534,125891,126248,126605,126962,127319
228,585,942,1299,1656,2013,2370,2727,3084,3441,3798,4155,4512,4869,5226,5583,5940,6297,6654,7011,7368,7725,8082,8439,8796,9153,9510,9867,10224,10581,10938,11295,11652,12009,12366,12723,13080,13437,13794,14151,14508,14865,15222,15579,15936,16293,16650,17007,17364,17721,18078,18435,18792,19149,19506,19863,20220,20577,20934,21291,21648,22005,22362,22719,23076,23433,23790,24147,24504,24861,25218,25575,25932,26289,26646,27003,27360,27717,28074,28431,28788,29145,29502,29859,30216,30573,30930,31287,31644,32001,32358,32715,33072,33429,33786,34143,34500,34857,35214,35571,35928,36285,36642,36999,37356,37713,38070,38427,38784,39141,39498,39855,40212,40569,40926,41283,41640,41997,42354,42711,43068,43425,43782,44139,44496,44853,45210,45567,45924,46053,46281,46638,46995,47352,47709,48066,48423,48780,49137,49494,49851,50208,50565,50922,51279,51636,51993,52350,52707,53064,53421,53778,54135,54492,54849,55206,55563,55920,56277,56634,56991,57348,57705,58062,58419,58776,59133,59490,59847,60204,60561,60918,61275,61632,61989,62346,62703,63060,63417,63774,64131,64488,64845,65202,65559,65916,66273,66630,66987,67344,67701,68058,68415,68772,69129,69486,69843,70200,70557,70914,71271,71628,71985,72342,72699,73056,73413,73770,74127,74484,74841,75198,75555,75912,76269,76626,76983,77340,77697,78054,78411,78768,79125,79482,79839,80196,80553,80910,81267,81624,81981,82338,82695,83052,83409,83766,84123,84480,84837,85194,85551,85908,86265,86622,86979,87336,87693,88050,88407,88764,89121,89478,89835,90192,90549,90906,91263,91620,91977,92334,92691,93048,93405,93762,94119,94476,94833,95190,95547,95904,96261,96618,96975,97332,97689,98046,98403,98760,99117,99474,99831,100188,100545,100902,101259,101616,101973,102330,102687,103044,103401,103758,104115,104472,104829,105186,105543,105900,106257,106614,106971,107328,107685,108042,108399,108756,109113,109470,109827,110184,110541,110898,111255,111612,111969,112326,112683,113040,113397,113754,114111,114468,114825,115182,115539,115896,116253,116610,116967,117324,117681,118038,118395,118752,119109,119466,119823,120180,120537,120894,121251,121608,121965,122322,122679,123036,123393,123750,124107,124464,124821,125178,125535,125892,126249,126606,126963,127320
229,586,943,1300,1657,2014,2371,2728,3085,3442,3799,4156,4513,4870,5227,5584,5941,6298,6655,7012,7369,7726,8083,8440,8797,9154,9511,9868,10225,10582,10939,11296,11653,12010,12367,12724,13081,13438,13795,14152,14509,14866,15223,15580,15937,16294,16651,17008,17365,17722,18079,18436,18793,19150,19507,19864,20221,20578,20935,21292,21649,22006,22363,22720,23077,23434,23791,24148,24505,24862,25219,25576,25933,26290,26647,27004,27361,27718,28075,28432,28789,29146,29503,29860,30217,30574,30931,31288,31645,32002,32359,32716,33073,33430,33787,34144,34501,34858,35215,35572,35929,36286,36643,37000,37357,37714,38071,38428,38785,39142,39499,39856,40213,40570,40927,41284,41641,41998,42355,42712,43069,43426,43783,44140,44497,44854,45211,45568,45696,45925,46282,46639,46996,47353,47710,48067,48424,48781,49138,49495,49852,50209,50566,50923,51280,51637,51994,52351,52708,53065,53422,53779,54136,54493,54850,55207,55564,55921,56278,56635,56992,57349,57706,58063,58420,58777,59134,59491,59848,60205,60562,60919,61276,61633,61990,62347,62704,63061,63418,63775,64132,64489,64846,65203,65560,65917,66274,66631,66988,67345,67702,68059,68416,68773,69130,69487,69844,70201,70558,70915,71272,71629,71986,72343,72700,73057,73414,73771,74128,74485,74842,75199,75556,75913,76270,76627,76984,77341,77698,78055,78412,78769,79126,79483,79840,80197,80554,80911,81268,81625,81982,82339,82696,83053,83410,83767,84124,84481,84838,85195,85552,85909,86266,86623,86980,87337,87694,88051,88408,88765,89122,89479,89836,90193,90550,90907,91264,91621,91978,92335,92692,93049,93406,93763,94120,94477,94834,95191,95548,95905,96262,96619,96976,97333,97690,98047,98404,98761,99118,99475,99832,100189,100546,100903,101260,101617,101974,102331,102688,103045,103402,103759,104116,104473,104830,105187,105544,105901,106258,106615,106972,107329,107686,108043,108400,108757,109114,109471,109828,110185,110542,110899,111256,111613,111970,112327,112684,113041,113398,113755,114112,114469,114826,115183,115540,115897,116254,116611,116968,117325,117682,118039,118396,118753,119110,119467,119824,120181,120538,120895,121252,121609,121966,122323,122680,123037,123394,123751,124108,124465,124822,125179,125536,125893,126250,126607,126964,127321
230,587,944,1301,1658,2015,2372,2729,3086,3443,3800,4157,4514,4871,5228,5585,5942,6299,6656,7013,7370,7727,8084,8441,8798,9155,9512,9869,10226,10583,10940,11297,11654,12011,12368,12725,13082,13439,13796,14153,14510,14867,15224,15581,15938,16295,16652,17009,17366,17723,18080,18437,18794,19151,19508,19865,20222,20579,20936,21293,21650,22007,22364,22721,23078,23435,23792,24149,24506,24863,25220,25577,25934,26291,26648,27005,27362,27719,28076,28433,28790,29147,29504,29861,30218,30575,30932,31289,31646,32003,32360,32717,33074,33431,33788,34145,34502,34859,35216,35573,35930,36287,36644,37001,37358,37715,38072,38429,38786,39143,39500,39857,40214,40571,40928,41285,41642,41999,42356,42713,43070,43427,43784,44141,44498,44855,45212,45339,45569,45926,46283,46640,46997,47354,47711,48068,48425,48782,49139,49496,49853,50210,50567,50924,51281,51638,51995,52352,52709,53066,53423,53780,54137,54494,54851,55208,55565,55922,56279,56636,56993,57350,57707,58064,58421,58778,59135,59492,59849,60206,60563,60920,61277,61634,61991,62348,62705,63062,63419,63776,64133,64490,64847,65204,65561,65918,66275,66632,66989,67346,67703,68060,68417,68774,69131,69488,69845,70202,70559,70916,71273,71630,71987,72344,72701,73058,73415,73772,74129,74486,74843,75200,75557,75914,76271,76628,76985,77342,77699,78056,78413,78770,79127,79484,79841,80198,80555,80912,81269,81626,81983,82340,82697,83054,83411,83768,84125,84482,84839,85196,85553,85910,86267,86624,86981,87338,87695,88052,88409,88766,89123,89480,89837,90194,90551,90908,91265,91622,91979,92336,92693,93050,93407,93764,94121,94478,94835,95192,95549,95906,96263,96620,96977,97334,97691,98048,98405,98762,99119,99476,99833,100190,100547,100904,101261,101618,101975,102332,102689,103046,103403,103760,104117,104474,104831,105188,105545,105902,106259,106616,106973,107330,107687,108044,108401,108758,109115,109472,109829,110186,110543,110900,111257,111614,111971,112328,112685,113042,113399,113756,114113,114470,114827,115184,115541,115898,116255,116612,116969,117326,117683,118040,118397,118754,119111,119468,119825,120182,120539,120896,121253,121610,121967,122324,122681,123038,123395,123752,124109,124466,124823,125180,125537,125894,126251,126608,126965,127322
231,588,945,1302,1659,2016,2373,2730,3087,3444,3801,4158,4515,4872,5229,5586,5943,6300,6657,7014,7371,7728,8085,8442,8799,9156,9513,9870,10227,10584,10941,11298,11655,12012,12369,12726,13083,13440,13797,14154,14511,14868,15225,15582,15939,16296,16653,17010,17367,17724,18081,18438,18795,19152,19509,19866,20223,20580,20937,21294,21651,22008,22365,22722,23079,23436,23793,24150,24507,24864,25221,25578,25935,26292,26649,27006,27363,27720,28077,28434,28791,29148,29505,29862,30219,30576,30933,31290,31647,32004,32361,32718,33075,33432,33789,34146,34503,34860,35217,35574,35931,36288,36645,37002,37359,37716,38073,38430,38787,39144,39501,39858,40215,40572,40929,41286,41643,42000,42357,42714,43071,43428,43785,44142,44499,44856,44982,45213,45570,45927,46284,46641,46998,47355,47712,48069,48426,48783,49140,49497,49854,50211,50568,50925,51282,51639,51996,52353,52710,53067,53424,53781,54138,54495,54852,55209,55566,55923,56280,56637,56994,57351,57708,58065,58422,58779,59136,59493,59850,60207,60564,60921,61278,61635,61992,62349,62706,63063,63420,63777,64134,64491,64848,65205,65562,65919,66276,66633,66990,67347,67704,68061,68418,68775,69132,69489,69846,70203,70560,70917,71274,71631,71988,72345,72702,73059,73416,73773,74130,74487,74844,75201,75558,75915,76272,76629,76986,77343,77700,78057,78414,78771,79128,79485,79842,80199,80556,80913,81270,81627,81984,82341,82698,83055,83412,83769,84126,84483,84840,85197,85554,85911,86268,86625,86982,87339,87696,88053,88410,88767,89124,89481,89838,90195,90552,90909,91266,91623,91980,92337,92694,93051,93408,93765,94122,94479,94836,95193,95550,95907,96264,96621,96978,97335,97692,98049,98406,98763,99120,99477,99834,100191,100548,100905,101262,101619,101976,102333,102690,103047,103404,103761,104118,104475,104832,105189,105546,105903,106260,106617,106974,107331,107688,108045,108402,108759,109116,109473,109830,110187,110544,110901,111258,111615,111972,112329,112686,113043,113400,113757,114114,114471,114828,115185,115542,115899,116256,116613,116970,117327,117684,118041,118398,118755,119112,119469,119826,120183,120540,120897,121254,121611,121968,122325,122682,123039,123396,123753,124110,124467,124824,125181,125538,125895,126252,126609,126966,127323
232,589,946,1303,1660,2017,2374,2731,3088,3445,3802,4159,4516,4873,5230,5587,5944,6301,6658,7015,7372,7729,8086,8443,8800,9157,9514,9871,10228,10585,10942,11299,11656,12013,12370,12727,13084,13441,13798,14155,14512,14869,15226,15583,15940,16297,16654,17011,17368,17725,18082,18439,18796,19153,19510,19867,20224,20581,20938,21295,21652,22009,22366,22723,23080,23437,23794,24151,24508,24865,25222,25579,25936,26293,26650,27007,27364,27721,28078,28435,28792,29149,29506,29863,30220,30577,30934,31291,31648,32005,32362,32719,33076,33433,33790,34147,34504,34861,35218,35575,35932,36289,36646,37003,37360,37717,38074,38431,38788,39145,39502,39859,40216,40573,40930,41287,41644,42001,42358,42715,43072,43429,43786,44143,44500,44625,44857,45214,45571,45928,46285,46642,46999,47356,47713,48070,48427,48784,49141,49498,49855,50212,50569,50926,51283,51640,51997,52354,52711,53068,53425,53782,54139,54496,54853,55210,55567,55924,56281,56638,56995,57352,57709,58066,58423,58780,59137,59494,59851,60208,60565,60922,61279,61636,61993,62350,62707,63064,63421,63778,64135,64492,64849,65206,65563,65920,66277,66634,66991,67348,67705,68062,68419,68776,69133,69490,69847,70204,70561,70918,71275,71632,71989,72346,72703,73060,73417,73774,74131,74488,74845,75202,75559,75916,76273,76630,76987,77344,77701,78058,78415,78772,79129,79486,79843,80200,80557,80914,81271,81628,81985,82342,82699,83056,83413,83770,84127,84484,84841,85198,85555,85912,86269,86626,86983,87340,87697,88054,88411,88768,89125,89482,89839,90196,90553,90910,91267,91624,91981,92338,92695,93052,93409,93766,94123,94480,94837,95194,95551,95908,96265,96622,96979,97336,97693,98050,98407,98764,99121,99478,99835,100192,100549,100906,101263,101620,101977,102334,102691,103048,103405,103762,104119,104476,104833,105190,105547,105904,106261,106618,106975,107332,107689,108046,108403,108760,109117,109474,109831,110188,110545,110902,111259,111616,111973,112330,112687,113044,113401,113758,114115,114472,114829,115186,115543,115900,116257,116614,116971,117328,117685,118042,118399,118756,119113,119470,119827,120184,120541,120898,121255,121612,121969,122326,122683,123040,123397,123754,124111,124468,124825,125182,125539,125896,126253,126610,126967,127324
233,590,947,1304,1661,2018,2375,2732,3089,3446,3803,4160,4517,4874,5231,5588,5945,6302,6659,7016,7373,7730,8087,8444,8801,9158,9515,9872,10229,10586,10943,11300,11657,12014,12371,12728,13085,13442,13799,14156,14513,14870,15227,15584,15941,16298,16655,17012,17369,17726,18083,18440,18797,19154,19511,19868,20225,20582,20939,21296,21653,22010,22367,22724,23081,23438,23795,24152,24509,24866,25223,25580,25937,26294,26651,27008,27365,27722,28079,28436,28793,29150,29507,29864,30221,30578,30935,31292,31649,32006,32363,32720,33077,33434,33791,34148,34505,34862,35219,35576,35933,36290,36647,37004,37361,37718,38075,38432,38789,39146,39503,39860,40217,40574,40931,41288,41645,42002,42359,42716,43073,43430,43787,44144,44268,44501,44858,45215,45572,45929,46286,46643,47000,47357,47714,48071,48428,48785,49142,49499,49856,50213,50570,50927,51284,51641,51998,52355,52712,53069,53426,53783,54140,54497,54854,55211,55568,55925,56282,56639,56996,57353,57710,58067,58424,58781,59138,59495,59852,60209,60566,60923,61280,61637,61994,62351,62708,63065,63422,63779,64136,64493,64850,65207,65564,65921,66278,66635,66992,67349,67706,68063,68420,68777,69134,69491,69848,70205,70562,70919,71276,71633,71990,72347,72704,73061,73418,73775,74132,74489,74846,75203,75560,75917,76274,76631,76988,77345,77702,78059,78416,78773,79130,79487,79844,80201,80558,80915,81272,81629,81986,82343,82700,83057,83414,83771,84128,84485,84842,85199,85556,85913,86270,86627,86984,87341,87698,88055,88412,88769,89126,89483,89840,90197,90554,90911,91268,91625,91982,92339,92696,93053,93410,93767,94124,94481,94838,95195,95552,95909,96266,96623,96980,97337,97694,98051,98408,98765,99122,99479,99836,100193,100550,100907,101264,101621,101978,102335,102692,103049,103406,103763,104120,104477,104834,105191,105548,105905,106262,106619,106976,107333,107690,108047,108404,108761,109118,109475,109832,110189,110546,110903,111260,111617,111974,112331,112688,113045,113402,113759,114116,114473,114830,115187,115544,115901,116258,116615,116972,117329,117686,118043,118400,118757,119114,119471,119828,120185,120542,120899,121256,121613,121970,122327,122684,123041,123398,123755,124112,124469,124826,125183,125540,125897,126254,126611,126968,127325
234,591,948,1305,1662,2019,2376,2733,3090,3447,3804,4161,4518,4875,5232,5589,5946,6303,6660,7017,7374,7731,8088,8445,8802,9159,9516,9873,10230,10587,10944,11301,11658,12015,12372,12729,13086,13443,13800,14157,14514,14871,15228,15585,15942,16299,16656,17013,17370,17727,18084,18441,18798,19155,19512,19869,20226,20583,20940,21297,21654,22011,22368,22725,23082,23439,23796,24153,24510,24867,25224,25581,25938,26295,26652,27009,27366,27723,28080,28437,28794,29151,29508,29865,30222,30579,30936,31293,31650,32007,32364,32721,33078,33435,33792,34149,34506,34863,35220,35577,35934,36291,36648,37005,37362,37719,38076,38433,38790,39147,39504,39861,40218,40575,40932,41289,41646,42003,42360,42717,43074,43431,43788,43911,44145,44502,44859,45216,45573,45930,46287,46644,47001,47358,47715,48072,48429,48786,49143,49500,49857,50214,50571,50928,51285,51642,51999,52356,52713,53070,53427,53784,54141,54498,54855,55212,55569,55926,56283,56640,56997,57354,57711,58068,58425,58782,59139,59496,59853,60210,60567,60924,61281,61638,61995,62352,62709,63066,63423,63780,64137,64494,64851,65208,65565,65922,66279,66636,66993,67350,67707,68064,68421,68778,69135,69492,69849,70206,70563,70920,71277,71634,71991,72348,72705,73062,73419,73776,74133,74490,74847,75204,75561,75918,76275,76632,76989,77346,77703,78060,78417,78774,79131,79488,79845,80202,80559,80916,81273,81630,81987,82344,82701,83058,83415,83772,84129,84486,84843,85200,85557,85914,86271,86628,86985,87342,87699,88056,88413,88770,89127,89484,89841,90198,90555,90912,91269,91626,91983,92340,92697,93054,93411,93768,94125,94482,94839,95196,95553,95910,96267,96624,96981,97338,97695,98052,98409,98766,99123,99480,99837,100194,100551,100908,101265,101622,101979,102336,102693,103050,103407,103764,104121,104478,104835,105192,105549,105906,106263,106620,106977,107334,107691,108048,108405,108762,109119,109476,109833,110190,110547,110904,111261,111618,111975,112332,112689,113046,113403,113760,114117,114474,114831,115188,115545,115902,116259,116616,116973,117330,117687,118044,118401,118758,119115,119472,119829,120186,120543,120900,121257,121614,121971,122328,122685,123042,123399,123756,124113,124470,124827,125184,125541,125898,126255,126612,126969,127326
235,592,949,1306,1663,2020,2377,2734,3091,3448,3805,4162,4519,4876,5233,5590,5947,6304,6661,7018,7375,7732,8089,8446,8803,9160,9517,9874,10231,10588,10945,11302,11659,12016,12373,12730,13087,13444,13801,14158,14515,14872,15229,15586,15943,16300,16657,17014,17371,17728,18085,18442,18799,19156,19513,19870,20227,20584,20941,21298,21655,22012,22369,22726,23083,23440,23797,24154,24511,24868,25225,25582,25939,26296,26653,27010,27367,27724,28081,28438,28795,29152,29509,29866,30223,30580,30937,31294,31651,32008,32365,32722,33079,33436,33793,34150,34507,34864,35221,35578,35935,36292,36649,37006,37363,37720,38077,38434,38791,39148,39505,39862,40219,40576,40933,41290,41647,42004,42361,42718,43075,43432,43554,43789,44146,44503,44860,45217,45574,45931,46288,46645,47002,47359,47716,48073,48430,48787,49144,49501,49858,50215,50572,50929,51286,51643,52000,52357,52714,53071,53428,53785,54142,54499,54856,55213,55570,55927,56284,56641,56998,57355,57712,58069,58426,58783,59140,59497,59854,60211,60568,60925,61282,61639,61996,62353,62710,63067,63424,63781,64138,64495,64852,65209,65566,65923,66280,66637,66994,67351,67708,68065,68422,68779,69136,69493,69850,70207,70564,70921,71278,71635,71992,72349,72706,73063,73420,73777,74134,74491,74848,75205,75562,75919,76276,76633,76990,77347,77704,78061,78418,78775,79132,79489,79846,80203,80560,80917,81274,81631,81988,82345,82702,83059,83416,83773,84130,84487,84844,85201,85558,85915,86272,86629,86986,87343,87700,88057,88414,88771,89128,89485,89842,90199,90556,90913,91270,91627,91984,92341,92698,93055,93412,93769,94126,94483,94840,95197,95554,95911,96268,96625,96982,97339,97696,98053,98410,98767,99124,99481,99838,100195,100552,100909,101266,101623,101980,102337,102694,103051,103408,103765,104122,104479,104836,105193,105550,105907,106264,106621,106978,107335,107692,108049,108406,108763,109120,109477,109834,110191,110548,110905,111262,111619,111976,112333,112690,113047,113404,113761,114118,114475,114832,115189,115546,115903,116260,116617,116974,117331,117688,118045,118402,118759,119116,119473,119830,120187,120544,120901,121258,121615,121972,122329,122686,123043,123400,123757,124114,124471,124828,125185,125542,125899,126256,126613,126970,127327
236,593,950,1307,1664,2021,2378,2735,3092,3449,3806,4163,4520,4877,5234,5591,5948,6305,6662,7019,7376,7733,8090,8447,8804,9161,9518,9875,10232,10589,10946,11303,11660,12017,12374,12731,13088,13445,13802,14159,14516,14873,15230,15587,15944,16301,16658,17015,17372,17729,18086,18443,18800,19157,19514,19871,20228,20585,20942,21299,21656,22013,22370,22727,23084,23441,23798,24155,24512,24869,25226,25583,25940,26297,26654,27011,27368,27725,28082,28439,28796,29153,29510,29867,30224,30581,30938,31295,31652,32009,32366,32723,33080,33437,33794,34151,34508,34865,35222,35579,35936,36293,36650,37007,37364,37721,38078,38435,38792,39149,39506,39863,40220,40577,40934,41291,41648,42005,42362,42719,43076,43197,43433,43790,44147,44504,44861,45218,45575,45932,46289,46646,47003,47360,47717,48074,48431,48788,49145,49502,49859,50216,50573,50930,51287,51644,52001,52358,52715,53072,53429,53786,54143,54500,54857,55214,55571,55928,56285,56642,56999,57356,57713,58070,58427,58784,59141,59498,59855,60212,60569,60926,61283,61640,61997,62354,62711,63068,63425,63782,64139,64496,64853,65210,65567,65924,66281,66638,66995,67352,67709,68066,68423,68780,69137,69494,69851,70208,70565,70922,71279,71636,71993,72350,72707,73064,73421,73778,74135,74492,74849,75206,75563,75920,76277,76634,76991,77348,77705,78062,78419,78776,79133,79490,79847,80204,80561,80918,81275,81632,81989,82346,82703,83060,83417,83774,84131,84488,84845,85202,85559,85916,86273,86630,86987,87344,87701,88058,88415,88772,89129,89486,89843,90200,90557,90914,91271,91628,91985,92342,92699,93056,93413,93770,94127,94484,94841,95198,95555,95912,96269,96626,96983,97340,97697,98054,98411,98768,99125,99482,99839,100196,100553,100910,101267,101624,101981,102338,102695,103052,103409,103766,104123,104480,104837,105194,105551,105908,106265,106622,106979,107336,107693,108050,108407,108764,109121,109478,109835,110192,110549,110906,111263,111620,111977,112334,112691,113048,113405,113762,114119,114476,114833,115190,115547,115904,116261,116618,116975,117332,117689,118046,118403,118760,119117,119474,119831,120188,120545,120902,121259,121616,121973,122330,122687,123044,123401,123758,124115,124472,124829,125186,125543,125900,126257,126614,126971,127328
237,594,951,1308,1665,2022,2379,2736,3093,3450,3807,4164,4521,4878,5235,5592,5949,6306,6663,7020,7377,7734,8091,8448,8805,9162,9519,9876,10233,10590,10947,11304,11661,12018,12375,12732,13089,13446,13803,14160,14517,14874,15231,15588,15945,16302,16659,17016,17373,17730,18087,18444,18801,19158,19515,19872,20229,20586,20943,21300,21657,22014,22371,22728,23085,23442,23799,24156,24513,24870,25227,25584,25941,26298,26655,27012,27369,27726,28083,28440,28797,29154,29511,29868,30225,30582,30939,31296,31653,32010,32367,32724,33081,33438,33795,34152,34509,34866,35223,35580,35937,36294,36651,37008,37365,37722,38079,38436,38793,39150,39507,39864,40221,40578,40935,41292,41649,42006,42363,42720,42840,43077,43434,43791,44148,44505,44862,45219,45576,45933,46290,46647,47004,47361,47718,48075,48432,48789,49146,49503,49860,50217,50574,50931,51288,51645,52002,52359,52716,53073,53430,53787,54144,54501,54858,55215,55572,55929,56286,56643,57000,57357,57714,58071,58428,58785,59142,59499,59856,60213,60570,60927,61284,61641,61998,62355,62712,63069,63426,63783,64140,64497,64854,65211,65568,65925,66282,66639,66996,67353,67710,68067,68424,68781,69138,69495,69852,70209,70566,70923,71280,71637,71994,72351,72708,73065,73422,73779,74136,74493,74850,75207,75564,75921,76278,76635,76992,77349,77706,78063,78420,78777,79134,79491,79848,80205,80562,80919,81276,81633,81990,82347,82704,83061,83418,83775,84132,84489,84846,85203,85560,85917,86274,86631,86988,87345,87702,88059,88416,88773,89130,89487,89844,90201,90558,90915,91272,91629,91986,92343,92700,93057,93414,93771,94128,94485,94842,95199,95556,95913,96270,96627,96984,97341,97698,98055,98412,98769,99126,99483,99840,100197,100554,100911,101268,101625,101982,102339,102696,103053,103410,103767,104124,104481,104838,105195,105552,105909,106266,106623,106980,107337,107694,108051,108408,108765,109122,109479,109836,110193,110550,110907,111264,111621,111978,112335,112692,113049,113406,113763,114120,114477,114834,115191,115548,115905,116262,116619,116976,117333,117690,118047,118404,118761,119118,119475,119832,120189,120546,120903,121260,121617,121974,122331,122688,123045,123402,123759,124116,124473,124830,125187,125544,125901,126258,126615,126972,127329
238,595,952,1309,1666,2023,2380,2737,3094,3451,3808,4165,4522,4879,5236,5593,5950,6307,6664,7021,7378,7735,8092,8449,8806,9163,9520,9877,10234,10591,10948,11305,11662,12019,12376,12733,13090,13447,13804,14161,14518,14875,15232,15589,15946,16303,16660,17017,17374,17731,18088,18445,18802,19159,19516,19873,20230,20587,20944,21301,21658,22015,22372,22729,23086,23443,23800,24157,24514,24871,25228,25585,25942,26299,26656,27013,27370,27727,28084,28441,28798,29155,29512,29869,30226,30583,30940,31297,31654,32011,32368,32725,33082,33439,33796,34153,34510,34867,35224,35581,35938,36295,36652,37009,37366,37723,38080,38437,38794,39151,39508,39865,40222,40579,40936,41293,41650,42007,42364,42483,42721,43078,43435,43792,44149,44506,44863,45220,45577,45934,46291,46648,47005,47362,47719,48076,48433,48790,49147,49504,49861,50218,50575,50932,51289,51646,52003,52360,52717,53074,53431,53788,54145,54502,54859,55216,55573,55930,56287,56644,57001,57358,57715,58072,58429,58786,59143,59500,59857,60214,60571,60928,61285,61642,61999,62356,62713,63070,63427,63784,64141,64498,64855,65212,65569,65926,66283,66640,66997,67354,67711,68068,68425,68782,69139,69496,69853,70210,70567,70924,71281,71638,71995,72352,72709,73066,73423,73780,74137,74494,74851,75208,75565,75922,76279,76636,76993,77350,77707,78064,78421,78778,79135,79492,79849,80206,80563,80920,81277,81634,81991,82348,82705,83062,83419,83776,84133,84490,84847,85204,85561,85918,86275,86632,86989,87346,87703,88060,88417,88774,89131,89488,89845,90202,90559,90916,91273,91630,91987,92344,92701,93058,93415,93772,94129,94486,94843,95200,95557,95914,96271,96628,96985,97342,97699,98056,98413,98770,99127,99484,99841,100198,100555,100912,101269,101626,101983,102340,102697,103054,103411,103768,104125,104482,104839,105196,105553,105910,106267,106624,106981,107338,107695,108052,108409,108766,109123,109480,109837,110194,110551,110908,111265,111622,111979,112336,112693,113050,113407,113764,114121,114478,114835,115192,115549,115906,116263,116620,116977,117334,117691,118048,118405,118762,119119,119476,119833,120190,120547,120904,121261,121618,121975,122332,122689,123046,123403,123760,124117,124474,124831,125188,125545,125902,126259,126616,126973,127330
239,596,953,1310,1667,2024,2381,2738,3095,3452,3809,4166,4523,4880,5237,5594,5951,6308,6665,7022,7379,7736,8093,8450,8807,9164,9521,9878,10235,10592,10949,11306,11663,12020,12377,12734,13091,13448,13805,14162,14519,14876,15233,15590,15947,16304,16661,17018,17375,17732,18089,18446,18803,19160,19517,19874,20231,20588,20945,21302,21659,22016,22373,22730,23087,23444,23801,24158,24515,24872,25229,25586,25943,26300,26657,27014,27371,27728,28085,28442,28799,29156,29513,29870,30227,30584,30941,31298,31655,32012,32369,32726,33083,33440,33797,34154,34511,34868,35225,35582,35939,36296,36653,37010,37367,37724,38081,38438,38795,39152,39509,39866,40223,40580,40937,41294,41651,42008,42126,42365,42722,43079,43436,43793,44150,44507,44864,45221,45578,45935,46292,46649,47006,47363,47720,48077,48434,48791,49148,49505,49862,50219,50576,50933,51290,51647,52004,52361,52718,53075,53432,53789,54146,54503,54860,55217,55574,55931,56288,56645,57002,57359,57716,58073,58430,58787,59144,59501,59858,60215,60572,60929,61286,61643,62000,62357,62714,63071,63428,63785,64142,64499,64856,65213,65570,65927,66284,66641,66998,67355,67712,68069,68426,68783,69140,69497,69854,70211,70568,70925,71282,71639,71996,72353,72710,73067,73424,73781,74138,74495,74852,75209,75566,75923,76280,76637,76994,77351,77708,78065,78422,78779,79136,79493,79850,80207,80564,80921,81278,81635,81992,82349,82706,83063,83420,83777,84134,84491,84848,85205,85562,85919,86276,86633,86990,87347,87704,88061,88418,88775,89132,89489,89846,90203,90560,90917,91274,91631,91988,92345,92702,93059,93416,93773,94130,94487,94844,95201,95558,95915,96272,96629,96986,97343,97700,98057,98414,98771,99128,99485,99842,100199,100556,100913,101270,101627,101984,102341,102698,103055,103412,103769,104126,104483,104840,105197,105554,105911,106268,106625,106982,107339,107696,108053,108410,108767,109124,109481,109838,110195,110552,110909,111266,111623,111980,112337,112694,113051,113408,113765,114122,114479,114836,115193,115550,115907,116264,116621,116978,117335,117692,118049,118406,118763,119120,119477,119834,120191,120548,120905,121262,121619,121976,122333,122690,123047,123404,123761,124118,124475,124832,125189,125546,125903,126260,126617,126974,127331
240,597,954,1311,1668,2025,2382,2739,3096,3453,3810,4167,4524,4881,5238,5595,5952,6309,6666,7023,7380,7737,8094,8451,8808,9165,9522,9879,10236,10593,10950,11307,11664,12021,12378,12735,13092,13449,13806,14163,14520,14877,15234,15591,15948,16305,16662,17019,17376,17733,18090,18447,18804,19161,19518,19875,20232,20589,20946,21303,21660,22017,22374,22731,23088,23445,23802,24159,24516,24873,25230,25587,25944,26301,26658,27015,27372,27729,28086,28443,28800,29157,29514,29871,30228,30585,30942,31299,31656,32013,32370,32727,33084,33441,33798,34155,34512,34869,35226,35583,35940,36297,36654,37011,37368,37725,38082,38439,38796,39153,39510,39867,40224,40581,40938,41295,41652,41769,42009,42366,42723,43080,43437,43794,44151,44508,44865,45222,45579,45936,46293,46650,47007,47364,47721,48078,48435,48792,49149,49506,49863,50220,50577,50934,51291,51648,52005,52362,52719,53076,53433,53790,54147,54504,54861,55218,55575,55932,56289,56646,57003,57360,57717,58074,58431,58788,59145,59502,59859,60216,60573,60930,61287,61644,62001,62358,62715,63072,63429,63786,64143,64500,64857,65214,65571,65928,66285,66642,66999,67356,67713,68070,68427,68784,69141,69498,69855,70212,70569,70926,71283,71640,71997,72354,72711,73068,73425,73782,74139,74496,74853,75210,75567,75924,76281,76638,76995,77352,77709,78066,78423,78780,79137,79494,79851,80208,80565,80922,81279,81636,81993,82350,82707,83064,83421,83778,84135,84492,84849,85206,85563,85920,86277,86634,86991,87348,87705,88062,88419,88776,89133,89490,89847,90204,90561,90918,91275,91632,91989,92346,92703,93060,93417,93774,94131,94488,94845,95202,95559,95916,96273,96630,96987,97344,97701,98058,98415,98772,99129,99486,99843,100200,100557,100914,101271,101628,101985,102342,102699,103056,103413,103770,104127,104484,104841,105198,105555,105912,106269,106626,106983,107340,107697,108054,108411,108768,109125,109482,109839,110196,110553,110910,111267,111624,111981,112338,112695,113052,113409,113766,114123,114480,114837,115194,115551,115908,116265,116622,116979,117336,117693,118050,118407,118764,119121,119478,119835,120192,120549,120906,121263,121620,121977,122334,122691,123048,123405,123762,124119,124476,124833,125190,125547,125904,126261,126618,126975,127332
241,598,955,1312,1669,2026,2383,2740,3097,3454,3811,4168,4525,4882,5239,5596,5953,6310,6667,7024,7381,7738,8095,8452,8809,9166,9523,9880,10237,10594,10951,11308,11665,12022,12379,12736,13093,13450,13807,14164,14521,14878,15235,15592,15949,16306,16663,17020,17377,17734,18091,18448,18805,19162,19519,19876,20233,20590,20947,21304,21661,22018,22375,22732,23089,23446,23803,24160,24517,24874,25231,25588,25945,26302,26659,27016,27373,27730,28087,28444,28801,29158,29515,29872,30229,30586,30943,31300,31657,32014,32371,32728,33085,33442,33799,34156,34513,34870,35227,35584,35941,36298,36655,37012,37369,37726,38083,38440,38797,39154,39511,39868,40225,40582,40939,41296,41412,41653,42010,42367,42724,43081,43438,43795,44152,44509,44866,45223,45580,45937,46294,46651,47008,47365,47722,48079,48436,48793,49150,49507,49864,50221,50578,50935,51292,51649,52006,52363,52720,53077,53434,53791,54148,54505,54862,55219,55576,55933,56290,56647,57004,57361,57718,58075,58432,58789,59146,59503,59860,60217,60574,60931,61288,61645,62002,62359,62716,63073,63430,63787,64144,64501,64858,65215,65572,65929,66286,66643,67000,67357,67714,68071,68428,68785,69142,69499,69856,70213,70570,70927,71284,71641,71998,72355,72712,73069,73426,73783,74140,74497,74854,75211,75568,75925,76282,76639,76996,77353,77710,78067,78424,78781,79138,79495,79852,80209,80566,80923,81280,81637,81994,82351,82708,83065,83422,83779,84136,84493,84850,85207,85564,85921,86278,86635,86992,87349,87706,88063,88420,88777,89134,89491,89848,90205,90562,90919,91276,91633,91990,92347,92704,93061,93418,93775,94132,94489,94846,95203,95560,95917,96274,96631,96988,97345,97702,98059,98416,98773,99130,99487,99844,100201,100558,100915,101272,101629,101986,102343,102700,103057,103414,103771,104128,104485,104842,105199,105556,105913,106270,106627,106984,107341,107698,108055,108412,108769,109126,109483,109840,110197,110554,110911,111268,111625,111982,112339,112696,113053,113410,113767,114124,114481,114838,115195,115552,115909,116266,116623,116980,117337,117694,118051,118408,118765,119122,119479,119836,120193,120550,120907,121264,121621,121978,122335,122692,123049,123406,123763,124120,124477,124834,125191,125548,125905,126262,126619,126976,127333
242,599,956,1313,1670,2027,2384,2741,3098,3455,3812,4169,4526,4883,5240,5597,5954,6311,6668,7025,7382,7739,8096,8453,8810,9167,9524,9881,10238,10595,10952,11309,11666,12023,12380,12737,13094,13451,13808,14165,14522,14879,15236,15593,15950,16307,16664,17021,17378,17735,18092,18449,18806,19163,19520,19877,20234,20591,20948,21305,21662,22019,22376,22733,23090,23447,23804,24161,24518,24875,25232,25589,25946,26303,26660,27017,27374,27731,28088,28445,28802,29159,29516,29873,30230,30587,30944,31301,31658,32015,32372,32729,33086,33443,33800,34157,34514,34871,35228,35585,35942,36299,36656,37013,37370,37727,38084,38441,38798,39155,39512,39869,40226,40583,40940,41055,41297,41654,42011,42368,42725,43082,43439,43796,44153,44510,44867,45224,45581,45938,46295,46652,47009,47366,47723,48080,48437,48794,49151,49508,49865,50222,50579,50936,51293,51650,52007,52364,52721,53078,53435,53792,54149,54506,54863,55220,55577,55934,56291,56648,57005,57362,57719,58076,58433,58790,59147,59504,59861,60218,60575,60932,61289,61646,62003,62360,62717,63074,63431,63788,64145,64502,64859,65216,65573,65930,66287,66644,67001,67358,67715,68072,68429,68786,69143,69500,69857,70214,70571,70928,71285,71642,71999,72356,72713,73070,73427,73784,74141,74498,74855,75212,75569,75926,76283,76640,76997,77354,77711,78068,78425,78782,79139,79496,79853,80210,80567,80924,81281,81638,81995,82352,82709,83066,83423,83780,84137,84494,84851,85208,85565,85922,86279,86636,86993,87350,87707,88064,88421,88778,89135,89492,89849,90206,90563,90920,91277,91634,91991,92348,92705,93062,93419,93776,94133,94490,94847,95204,95561,95918,96275,96632,96989,97346,97703,98060,98417,98774,99131,99488,99845,100202,100559,100916,101273,101630,101987,102344,102701,103058,103415,103772,104129,104486,104843,105200,105557,105914,106271,106628,106985,107342,107699,108056,108413,108770,109127,109484,109841,110198,110555,110912,111269,111626,111983,112340,112697,113054,113411,113768,114125,114482,114839,115196,115553,115910,116267,116624,116981,117338,117695,118052,118409,118766,119123,119480,119837,120194,120551,120908,121265,121622,121979,122336,122693,123050,123407,123764,124121,124478,124835,125192,125549,125906,126263,126620,126977,127334
243,600,957,1314,1671,2028,2385,2742,3099,3456,3813,4170,4527,4884,5241,5598,5955,6312,6669,7026,7383,7740,8097,8454,8811,9168,9525,9882,10239,10596,10953,11310,11667,12024,12381,12738,13095,13452,13809,14166,14523,14880,15237,15594,15951,16308,16665,17022,17379,17736,18093,18450,18807,19164,19521,19878,20235,20592,20949,21306,21663,22020,22377,22734,23091,23448,23805,24162,24519,24876,25233,25590,25947,26304,26661,27018,27375,27732,28089,28446,28803,29160,29517,29874,30231,30588,30945,31302,31659,32016,32373,32730,33087,33444,33801,34158,34515,34872,35229,35586,35943,36300,36657,37014,37371,37728,38085,38442,38799,39156,39513,39870,40227,40584,40698,40941,41298,41655,42012,42369,42726,43083,43440,43797,44154,44511,44868,45225,45582,45939,46296,46653,47010,47367,47724,48081,48438,48795,49152,49509,49866,50223,50580,50937,51294,51651,52008,52365,52722,53079,53436,53793,54150,54507,54864,55221,55578,55935,56292,56649,57006,57363,57720,58077,58434,58791,59148,59505,59862,60219,60576,60933,61290,61647,62004,62361,62718,63075,63432,63789,64146,64503,64860,65217,65574,65931,66288,66645,67002,67359,67716,68073,68430,68787,69144,69501,69858,70215,70572,70929,71286,71643,72000,72357,72714,73071,73428,73785,74142,74499,74856,75213,75570,75927,76284,76641,76998,77355,77712,78069,78426,78783,79140,79497,79854,80211,80568,80925,81282,81639,81996,82353,82710,83067,83424,83781,84138,84495,84852,85209,85566,85923,86280,86637,86994,87351,87708,88065,88422,88779,89136,89493,89850,90207,90564,90921,91278,91635,91992,92349,92706,93063,93420,93777,94134,94491,94848,95205,95562,95919,96276,96633,96990,97347,97704,98061,98418,98775,99132,99489,99846,100203,100560,100917,101274,101631,101988,102345,102702,103059,103416,103773,104130,104487,104844,105201,105558,105915,106272,106629,106986,107343,107700,108057,108414,108771,109128,109485,109842,110199,110556,110913,111270,111627,111984,112341,112698,113055,113412,113769,114126,114483,114840,115197,115554,115911,116268,116625,116982,117339,117696,118053,118410,118767,119124,119481,119838,120195,120552,120909,121266,121623,121980,122337,122694,123051,123408,123765,124122,124479,124836,125193,125550,125907,126264,126621,126978,127335
244,601,958,1315,1672,2029,2386,2743,3100,3457,3814,4171,4528,4885,5242,5599,5956,6313,6670,7027,7384,7741,8098,8455,8812,9169,9526,9883,10240,10597,10954,11311,11668,12025,12382,12739,13096,13453,13810,14167,14524,14881,15238,15595,15952,16309,16666,17023,17380,17737,18094,18451,18808,19165,19522,19879,20236,20593,20950,21307,21664,22021,22378,22735,23092,23449,23806,24163,24520,24877,25234,25591,25948,26305,26662,27019,27376,27733,28090,28447,28804,29161,29518,29875,30232,30589,30946,31303,31660,32017,32374,32731,33088,33445,33802,34159,34516,34873,35230,35587,35944,36301,36658,37015,37372,37729,38086,38443,38800,39157,39514,39871,40228,40341,40585,40942,41299,41656,42013,42370,42727,43084,43441,43798,44155,44512,44869,45226,45583,45940,46297,46654,47011,47368,47725,48082,48439,48796,49153,49510,49867,50224,50581,50938,51295,51652,52009,52366,52723,53080,53437,53794,54151,54508,54865,55222,55579,55936,56293,56650,57007,57364,57721,58078,58435,58792,59149,59506,59863,60220,60577,60934,61291,61648,62005,62362,62719,63076,63433,63790,64147,64504,64861,65218,65575,65932,66289,66646,67003,67360,67717,68074,68431,68788,69145,69502,69859,70216,70573,70930,71287,71644,72001,72358,72715,73072,73429,73786,74143,74500,74857,75214,75571,75928,76285,76642,76999,77356,77713,78070,78427,78784,79141,79498,79855,80212,80569,80926,81283,81640,81997,82354,82711,83068,83425,83782,84139,84496,84853,85210,85567,85924,86281,86638,86995,87352,87709,88066,88423,88780,89137,89494,89851,90208,90565,90922,91279,91636,91993,92350,92707,93064,93421,93778,94135,94492,94849,95206,95563,95920,96277,96634,96991,97348,97705,98062,98419,98776,99133,99490,99847,100204,100561,100918,101275,101632,101989,102346,102703,103060,103417,103774,104131,104488,104845,105202,105559,105916,106273,106630,106987,107344,107701,108058,108415,108772,109129,109486,109843,110200,110557,110914,111271,111628,111985,112342,112699,113056,113413,113770,114127,114484,114841,115198,115555,115912,116269,116626,116983,117340,117697,118054,118411,118768,119125,119482,119839,120196,120553,120910,121267,121624,121981,122338,122695,123052,123409,123766,124123,124480,124837,125194,125551,125908,126265,126622,126979,127336
245,602,959,1316,1673,2030,2387,2744,3101,3458,3815,4172,4529,4886,5243,5600,5957,6314,6671,7028,7385,7742,8099,8456,8813,9170,9527,9884,10241,10598,10955,11312,11669,12026,12383,12740,13097,13454,13811,14168,14525,14882,15239,15596,15953,16310,16667,17024,17381,17738,18095,18452,18809,19166,19523,19880,20237,20594,20951,21308,21665,22022,22379,22736,23093,23450,23807,24164,24521,24878,25235,25592,25949,26306,26663,27020,27377,27734,28091,28448,28805,29162,29519,29876,30233,30590,30947,31304,31661,32018,32375,32732,33089,33446,33803,34160,34517,34874,35231,35588,35945,36302,36659,37016,37373,37730,38087,38444,38801,39158,39515,39872,39984,40229,40586,40943,41300,41657,42014,42371,42728,43085,43442,43799,44156,44513,44870,45227,45584,45941,46298,46655,47012,47369,47726,48083,48440,48797,49154,49511,49868,50225,50582,50939,51296,51653,52010,52367,52724,53081,53438,53795,54152,54509,54866,55223,55580,55937,56294,56651,57008,57365,57722,58079,58436,58793,59150,59507,59864,60221,60578,60935,61292,61649,62006,62363,62720,63077,63434,63791,64148,64505,64862,65219,65576,65933,66290,66647,67004,67361,67718,68075,68432,68789,69146,69503,69860,70217,70574,70931,71288,71645,72002,72359,72716,73073,73430,73787,74144,74501,74858,75215,75572,75929,76286,76643,77000,77357,77714,78071,78428,78785,79142,79499,79856,80213,80570,80927,81284,81641,81998,82355,82712,83069,83426,83783,84140,84497,84854,85211,85568,85925,86282,86639,86996,87353,87710,88067,88424,88781,89138,89495,89852,90209,90566,90923,91280,91637,91994,92351,92708,93065,93422,93779,94136,94493,94850,95207,95564,95921,96278,96635,96992,97349,97706,98063,98420,98777,99134,99491,99848,100205,100562,100919,101276,101633,101990,102347,102704,103061,103418,103775,104132,104489,104846,105203,105560,105917,106274,106631,106988,107345,107702,108059,108416,108773,109130,109487,109844,110201,110558,110915,111272,111629,111986,112343,112700,113057,113414,113771,114128,114485,114842,115199,115556,115913,116270,116627,116984,117341,117698,118055,118412,118769,119126,119483,119840,120197,120554,120911,121268,121625,121982,122339,122696,123053,123410,123767,124124,124481,124838,125195,125552,125909,126266,126623,126980,127337
246,603,960,1317,1674,2031,2388,2745,3102,3459,3816,4173,4530,4887,5244,5601,5958,6315,6672,7029,7386,7743,8100,8457,8814,9171,9528,9885,10242,10599,10956,11313,11670,12027,12384,12741,13098,13455,13812,14169,14526,14883,15240,15597,15954,16311,16668,17025,17382,17739,18096,18453,18810,19167,19524,19881,20238,20595,20952,21309,21666,22023,22380,22737,23094,23451,23808,24165,24522,24879,25236,25593,25950,26307,26664,27021,27378,27735,28092,28449,28806,29163,29520,29877,30234,30591,30948,31305,31662,32019,32376,32733,33090,33447,33804,34161,34518,34875,35232,35589,35946,36303,36660,37017,37374,37731,38088,38445,38802,39159,39516,39627,39873,40230,40587,40944,41301,41658,42015,42372,42729,43086,43443,43800,44157,44514,44871,45228,45585,45942,46299,46656,47013,47370,47727,48084,48441,48798,49155,49512,49869,50226,50583,50940,51297,51654,52011,52368,52725,53082,53439,53796,54153,54510,54867,55224,55581,55938,56295,56652,57009,57366,57723,58080,58437,58794,59151,59508,59865,60222,60579,60936,61293,61650,62007,62364,62721,63078,63435,63792,64149,64506,64863,65220,65577,65934,66291,66648,67005,67362,67719,68076,68433,68790,69147,69504,69861,70218,70575,70932,71289,71646,72003,72360,72717,73074,73431,73788,74145,74502,74859,75216,75573,75930,76287,76644,77001,77358,77715,78072,78429,78786,79143,79500,79857,80214,80571,80928,81285,81642,81999,82356,82713,83070,83427,83784,84141,84498,84855,85212,85569,85926,86283,86640,86997,87354,87711,88068,88425,88782,89139,89496,89853,90210,90567,90924,91281,91638,91995,92352,92709,93066,93423,93780,94137,94494,94851,95208,95565,95922,96279,96636,96993,97350,97707,98064,98421,98778,99135,99492,99849,100206,100563,100920,101277,101634,101991,102348,102705,103062,103419,103776,104133,104490,104847,105204,105561,105918,106275,106632,106989,107346,107703,108060,108417,108774,109131,109488,109845,110202,110559,110916,111273,111630,111987,112344,112701,113058,113415,113772,114129,114486,114843,115200,115557,115914,116271,116628,116985,117342,117699,118056,118413,118770,119127,119484,119841,120198,120555,120912,121269,121626,121983,122340,122697,123054,123411,123768,124125,124482,124839,125196,125553,125910,126267,126624,126981,127338
247,604,961,1318,1675,2032,2389,2746,3103,3460,3817,4174,4531,4888,5245,5602,5959,6316,6673,7030,7387,7744,8101,8458,8815,9172,9529,9886,10243,10600,10957,11314,11671,12028,12385,12742,13099,13456,13813,14170,14527,14884,15241,15598,15955,16312,16669,17026,17383,17740,18097,18454,18811,19168,19525,19882,20239,20596,20953,21310,21667,22024,22381,22738,23095,23452,23809,24166,24523,24880,25237,25594,25951,26308,26665,27022,27379,27736,28093,28450,28807,29164,29521,29878,30235,30592,30949,31306,31663,32020,32377,32734,33091,33448,33805,34162,34519,34876,35233,35590,35947,36304,36661,37018,37375,37732,38089,38446,38803,39160,39270,39517,39874,40231,40588,40945,41302,41659,42016,42373,42730,43087,43444,43801,44158,44515,44872,45229,45586,45943,46300,46657,47014,47371,47728,48085,48442,48799,49156,49513,49870,50227,50584,50941,51298,51655,52012,52369,52726,53083,53440,53797,54154,54511,54868,55225,55582,55939,56296,56653,57010,57367,57724,58081,58438,58795,59152,59509,59866,60223,60580,60937,61294,61651,62008,62365,62722,63079,63436,63793,64150,64507,64864,65221,65578,65935,66292,66649,67006,67363,67720,68077,68434,68791,69148,69505,69862,70219,70576,70933,71290,71647,72004,72361,72718,73075,73432,73789,74146,74503,74860,75217,75574,75931,76288,76645,77002,77359,77716,78073,78430,78787,79144,79501,79858,80215,80572,80929,81286,81643,82000,82357,82714,83071,83428,83785,84142,84499,84856,85213,85570,85927,86284,86641,86998,87355,87712,88069,88426,88783,89140,89497,89854,90211,90568,90925,91282,91639,91996,92353,92710,93067,93424,93781,94138,94495,94852,95209,95566,95923,96280,96637,96994,97351,97708,98065,98422,98779,99136,99493,99850,100207,100564,100921,101278,101635,101992,102349,102706,103063,103420,103777,104134,104491,104848,105205,105562,105919,106276,106633,106990,107347,107704,108061,108418,108775,109132,109489,109846,110203,110560,110917,111274,111631,111988,112345,112702,113059,113416,113773,114130,114487,114844,115201,115558,115915,116272,116629,116986,117343,117700,118057,118414,118771,119128,119485,119842,120199,120556,120913,121270,121627,121984,122341,122698,123055,123412,123769,124126,124483,124840,125197,125554,125911,126268,126625,126982,127339
248,605,962,1319,1676,2033,2390,2747,3104,3461,3818,4175,4532,4889,5246,5603,5960,6317,6674,7031,7388,7745,8102,8459,8816,9173,9530,9887,10244,10601,10958,11315,11672,12029,12386,12743,13100,13457,13814,14171,14528,14885,15242,15599,15956,16313,16670,17027,17384,17741,18098,18455,18812,19169,19526,19883,20240,20597,20954,21311,21668,22025,22382,22739,23096,23453,23810,24167,24524,24881,25238,25595,25952,26309,26666,27023,27380,27737,28094,28451,28808,29165,29522,29879,30236,30593,30950,31307,31664,32021,32378,32735,33092,33449,33806,34163,34520,34877,35234,35591,35948,36305,36662,37019,37376,37733,38090,38447,38804,38913,39161,39518,39875,40232,40589,40946,41303,41660,42017,42374,42731,43088,43445,43802,44159,44516,44873,45230,45587,45944,46301,46658,47015,47372,47729,48086,48443,48800,49157,49514,49871,50228,50585,50942,51299,51656,52013,52370,52727,53084,53441,53798,54155,54512,54869,55226,55583,55940,56297,56654,57011,57368,57725,58082,58439,58796,59153,59510,59867,60224,60581,60938,61295,61652,62009,62366,62723,63080,63437,63794,64151,64508,64865,65222,65579,65936,66293,66650,67007,67364,67721,68078,68435,68792,69149,69506,69863,70220,70577,70934,71291,71648,72005,72362,72719,73076,73433,73790,74147,74504,74861,75218,75575,75932,76289,76646,77003,77360,77717,78074,78431,78788,79145,79502,79859,80216,80573,80930,81287,81644,82001,82358,82715,83072,83429,83786,84143,84500,84857,85214,85571,85928,86285,86642,86999,87356,87713,88070,88427,88784,89141,89498,89855,90212,90569,90926,91283,91640,91997,92354,92711,93068,93425,93782,94139,94496,94853,95210,95567,95924,96281,96638,96995,97352,97709,98066,98423,98780,99137,99494,99851,100208,100565,100922,101279,101636,101993,102350,102707,103064,103421,103778,104135,104492,104849,105206,105563,105920,106277,106634,106991,107348,107705,108062,108419,108776,109133,109490,109847,110204,110561,110918,111275,111632,111989,112346,112703,113060,113417,113774,114131,114488,114845,115202,115559,115916,116273,116630,116987,117344,117701,118058,118415,118772,119129,119486,119843,120200,120557,120914,121271,121628,121985,122342,122699,123056,123413,123770,124127,124484,124841,125198,125555,125912,126269,126626,126983,127340
249,606,963,1320,1677,2034,2391,2748,3105,3462,3819,4176,4533,4890,5247,5604,5961,6318,6675,7032,7389,7746,8103,8460,8817,9174,9531,9888,10245,10602,10959,11316,11673,12030,12387,12744,13101,13458,13815,14172,14529,14886,15243,15600,15957,16314,16671,17028,17385,17742,18099,18456,18813,19170,19527,19884,20241,20598,20955,21312,21669,22026,22383,22740,23097,23454,23811,24168,24525,24882,25239,25596,25953,26310,26667,27024,27381,27738,28095,28452,28809,29166,29523,29880,30237,30594,30951,31308,31665,32022,32379,32736,33093,33450,33807,34164,34521,34878,35235,35592,35949,36306,36663,37020,37377,37734,38091,38448,38556,38805,39162,39519,39876,40233,40590,40947,41304,41661,42018,42375,42732,43089,43446,43803,44160,44517,44874,45231,45588,45945,46302,46659,47016,47373,47730,48087,48444,48801,49158,49515,49872,50229,50586,50943,51300,51657,52014,52371,52728,53085,53442,53799,54156,54513,54870,55227,55584,55941,56298,56655,57012,57369,57726,58083,58440,58797,59154,59511,59868,60225,60582,60939,61296,61653,62010,62367,62724,63081,63438,63795,64152,64509,64866,65223,65580,65937,66294,66651,67008,67365,67722,68079,68436,68793,69150,69507,69864,70221,70578,70935,71292,71649,72006,72363,72720,73077,73434,73791,74148,74505,74862,75219,75576,75933,76290,76647,77004,77361,77718,78075,78432,78789,79146,79503,79860,80217,80574,80931,81288,81645,82002,82359,82716,83073,83430,83787,84144,84501,84858,85215,85572,85929,86286,86643,87000,87357,87714,88071,88428,88785,89142,89499,89856,90213,90570,90927,91284,91641,91998,92355,92712,93069,93426,93783,94140,94497,94854,95211,95568,95925,96282,96639,96996,97353,97710,98067,98424,98781,99138,99495,99852,100209,100566,100923,101280,101637,101994,102351,102708,103065,103422,103779,104136,104493,104850,105207,105564,105921,106278,106635,106992,107349,107706,108063,108420,108777,109134,109491,109848,110205,110562,110919,111276,111633,111990,112347,112704,113061,113418,113775,114132,114489,114846,115203,115560,115917,116274,116631,116988,117345,117702,118059,118416,118773,119130,119487,119844,120201,120558,120915,121272,121629,121986,122343,122700,123057,123414,123771,124128,124485,124842,125199,125556,125913,126270,126627,126984,127341
250,607,964,1321,1678,2035,2392,2749,3106,3463,3820,4177,4534,4891,5248,5605,5962,6319,6676,7033,7390,7747,8104,8461,8818,9175,9532,9889,10246,10603,10960,11317,11674,12031,12388,12745,13102,13459,13816,14173,14530,14887,15244,15601,15958,16315,16672,17029,17386,17743,18100,18457,18814,19171,19528,19885,20242,20599,20956,21313,21670,22027,22384,22741,23098,23455,23812,24169,24526,24883,25240,25597,25954,26311,26668,27025,27382,27739,28096,28453,28810,29167,29524,29881,30238,30595,30952,31309,31666,32023,32380,32737,33094,33451,33808,34165,34522,34879,35236,35593,35950,36307,36664,37021,37378,37735,38092,38199,38449,38806,39163,39520,39877,40234,40591,40948,41305,41662,42019,42376,42733,43090,43447,43804,44161,44518,44875,45232,45589,45946,46303,46660,47017,47374,47731,48088,48445,48802,49159,49516,49873,50230,50587,50944,51301,51658,52015,52372,52729,53086,53443,53800,54157,54514,54871,55228,55585,55942,56299,56656,57013,57370,57727,58084,58441,58798,59155,59512,59869,60226,60583,60940,61297,61654,62011,62368,62725,63082,63439,63796,64153,64510,64867,65224,65581,65938,66295,66652,67009,67366,67723,68080,68437,68794,69151,69508,69865,70222,70579,70936,71293,71650,72007,72364,72721,73078,73435,73792,74149,74506,74863,75220,75577,75934,76291,76648,77005,77362,77719,78076,78433,78790,79147,79504,79861,80218,80575,80932,81289,81646,82003,82360,82717,83074,83431,83788,84145,84502,84859,85216,85573,85930,86287,86644,87001,87358,87715,88072,88429,88786,89143,89500,89857,90214,90571,90928,91285,91642,91999,92356,92713,93070,93427,93784,94141,94498,94855,95212,95569,95926,96283,96640,96997,97354,97711,98068,98425,98782,99139,99496,99853,100210,100567,100924,101281,101638,101995,102352,102709,103066,103423,103780,104137,104494,104851,105208,105565,105922,106279,106636,106993,107350,107707,108064,108421,108778,109135,109492,109849,110206,110563,110920,111277,111634,111991,112348,112705,113062,113419,113776,114133,114490,114847,115204,115561,115918,116275,116632,116989,117346,117703,118060,118417,118774,119131,119488,119845,120202,120559,120916,121273,121630,121987,122344,122701,123058,123415,123772,124129,124486,124843,125200,125557,125914,126271,126628,126985,127342
251,608,965,1322,1679,2036,2393,2750,3107,3464,3821,4178,4535,4892,5249,5606,5963,6320,6677,7034,7391,7748,8105,8462,8819,9176,9533,9890,10247,10604,10961,11318,11675,12032,12389,12746,13103,13460,13817,14174,14531,14888,15245,15602,15959,16316,16673,17030,17387,17744,18101,18458,18815,19172,19529,19886,20243,20600,20957,21314,21671,22028,22385,22742,23099,23456,23813,24170,24527,24884,25241,25598,25955,26312,26669,27026,27383,27740,28097,28454,28811,29168,29525,29882,30239,30596,30953,31310,31667,32024,32381,32738,33095,33452,33809,34166,34523,34880,35237,35594,35951,36308,36665,37022,37379,37736,37842,38093,38450,38807,39164,39521,39878,40235,40592,40949,41306,41663,42020,42377,42734,43091,43448,43805,44162,44519,44876,45233,45590,45947,46304,46661,47018,47375,47732,48089,48446,48803,49160,49517,49874,50231,50588,50945,51302,51659,52016,52373,52730,53087,53444,53801,54158,54515,54872,55229,55586,55943,56300,56657,57014,57371,57728,58085,58442,58799,59156,59513,59870,60227,60584,60941,61298,61655,62012,62369,62726,63083,63440,63797,64154,64511,64868,65225,65582,65939,66296,66653,67010,67367,67724,68081,68438,68795,69152,69509,69866,70223,70580,70937,71294,71651,72008,72365,72722,73079,73436,73793,74150,74507,74864,75221,75578,75935,76292,76649,77006,77363,77720,78077,78434,78791,79148,79505,79862,80219,80576,80933,81290,81647,82004,82361,82718,83075,83432,83789,84146,84503,84860,85217,85574,85931,86288,86645,87002,87359,87716,88073,88430,88787,89144,89501,89858,90215,90572,90929,91286,91643,92000,92357,92714,93071,93428,93785,94142,94499,94856,95213,95570,95927,96284,96641,96998,97355,97712,98069,98426,98783,99140,99497,99854,100211,100568,100925,101282,101639,101996,102353,102710,103067,103424,103781,104138,104495,104852,105209,105566,105923,106280,106637,106994,107351,107708,108065,108422,108779,109136,109493,109850,110207,110564,110921,111278,111635,111992,112349,112706,113063,113420,113777,114134,114491,114848,115205,115562,115919,116276,116633,116990,117347,117704,118061,118418,118775,119132,119489,119846,120203,120560,120917,121274,121631,121988,122345,122702,123059,123416,123773,124130,124487,124844,125201,125558,125915,126272,126629,126986,127343
252,609,966,1323,1680,2037,2394,2751,3108,3465,3822,4179,4536,4893,5250,5607,5964,6321,6678,7035,7392,7749,8106,8463,8820,9177,9534,9891,10248,10605,10962,11319,11676,12033,12390,12747,13104,13461,13818,14175,14532,14889,15246,15603,15960,16317,16674,17031,17388,17745,18102,18459,18816,19173,19530,19887,20244,20601,20958,21315,21672,22029,22386,22743,23100,23457,23814,24171,24528,24885,25242,25599,25956,26313,26670,27027,27384,27741,28098,28455,28812,29169,29526,29883,30240,30597,30954,31311,31668,32025,32382,32739,33096,33453,33810,34167,34524,34881,35238,35595,35952,36309,36666,37023,37380,37485,37737,38094,38451,38808,39165,39522,39879,40236,40593,40950,41307,41664,42021,42378,42735,43092,43449,43806,44163,44520,44877,45234,45591,45948,46305,46662,47019,47376,47733,48090,48447,48804,49161,49518,49875,50232,50589,50946,51303,51660,52017,52374,52731,53088,53445,53802,54159,54516,54873,55230,55587,55944,56301,56658,57015,57372,57729,58086,58443,58800,59157,59514,59871,60228,60585,60942,61299,61656,62013,62370,62727,63084,63441,63798,64155,64512,64869,65226,65583,65940,66297,66654,67011,67368,67725,68082,68439,68796,69153,69510,69867,70224,70581,70938,71295,71652,72009,72366,72723,73080,73437,73794,74151,74508,74865,75222,75579,75936,76293,76650,77007,77364,77721,78078,78435,78792,79149,79506,79863,80220,80577,80934,81291,81648,82005,82362,82719,83076,83433,83790,84147,84504,84861,85218,85575,85932,86289,86646,87003,87360,87717,88074,88431,88788,89145,89502,89859,90216,90573,90930,91287,91644,92001,92358,92715,93072,93429,93786,94143,94500,94857,95214,95571,95928,96285,96642,96999,97356,97713,98070,98427,98784,99141,99498,99855,100212,100569,100926,101283,101640,101997,102354,102711,103068,103425,103782,104139,104496,104853,105210,105567,105924,106281,106638,106995,107352,107709,108066,108423,108780,109137,109494,109851,110208,110565,110922,111279,111636,111993,112350,112707,113064,113421,113778,114135,114492,114849,115206,115563,115920,116277,116634,116991,117348,117705,118062,118419,118776,119133,119490,119847,120204,120561,120918,121275,121632,121989,122346,122703,123060,123417,123774,124131,124488,124845,125202,125559,125916,126273,126630,126987,127344
253,610,967,1324,1681,2038,2395,2752,3109,3466,3823,4180,4537,4894,5251,5608,5965,6322,6679,7036,7393,7750,8107,8464,8821,9178,9535,9892,10249,10606,10963,11320,11677,12034,12391,12748,13105,13462,13819,14176,14533,14890,15247,15604,15961,16318,16675,17032,17389,17746,18103,18460,18817,19174,19531,19888,20245,20602,20959,21316,21673,22030,22387,22744,23101,23458,23815,24172,24529,24886,25243,25600,25957,26314,26671,27028,27385,27742,28099,28456,28813,29170,29527,29884,30241,30598,30955,31312,31669,32026,32383,32740,33097,33454,33811,34168,34525,34882,35239,35596,35953,36310,36667,37024,37128,37381,37738,38095,38452,38809,39166,39523,39880,40237,40594,40951,41308,41665,42022,42379,42736,43093,43450,43807,44164,44521,44878,45235,45592,45949,46306,46663,47020,47377,47734,48091,48448,48805,49162,49519,49876,50233,50590,50947,51304,51661,52018,52375,52732,53089,53446,53803,54160,54517,54874,55231,55588,55945,56302,56659,57016,57373,57730,58087,58444,58801,59158,59515,59872,60229,60586,60943,61300,61657,62014,62371,62728,63085,63442,63799,64156,64513,64870,65227,65584,65941,66298,66655,67012,67369,67726,68083,68440,68797,69154,69511,69868,70225,70582,70939,71296,71653,72010,72367,72724,73081,73438,73795,74152,74509,74866,75223,75580,75937,76294,76651,77008,77365,77722,78079,78436,78793,79150,79507,79864,80221,80578,80935,81292,81649,82006,82363,82720,83077,83434,83791,84148,84505,84862,85219,85576,85933,86290,86647,87004,87361,87718,88075,88432,88789,89146,89503,89860,90217,90574,90931,91288,91645,92002,92359,92716,93073,93430,93787,94144,94501,94858,95215,95572,95929,96286,96643,97000,97357,97714,98071,98428,98785,99142,99499,99856,100213,100570,100927,101284,101641,101998,102355,102712,103069,103426,103783,104140,104497,104854,105211,105568,105925,106282,106639,106996,107353,107710,108067,108424,108781,109138,109495,109852,110209,110566,110923,111280,111637,111994,112351,112708,113065,113422,113779,114136,114493,114850,115207,115564,115921,116278,116635,116992,117349,117706,118063,118420,118777,119134,119491,119848,120205,120562,120919,121276,121633,121990,122347,122704,123061,123418,123775,124132,124489,124846,125203,125560,125917,126274,126631,126988,127345
254,611,968,1325,1682,2039,2396,2753,3110,3467,3824,4181,4538,4895,5252,5609,5966,6323,6680,7037,7394,7751,8108,8465,8822,9179,9536,9893,10250,10607,10964,11321,11678,12035,12392,12749,13106,13463,13820,14177,14534,14891,15248,15605,15962,16319,16676,17033,17390,17747,18104,18461,18818,19175,19532,19889,20246,20603,20960,21317,21674,22031,22388,22745,23102,23459,23816,24173,24530,24887,25244,25601,25958,26315,26672,27029,27386,27743,28100,28457,28814,29171,29528,29885,30242,30599,30956,31313,31670,32027,32384,32741,33098,33455,33812,34169,34526,34883,35240,35597,35954,36311,36668,36771,37025,37382,37739,38096,38453,38810,39167,39524,39881,40238,40595,40952,41309,41666,42023,42380,42737,43094,43451,43808,44165,44522,44879,45236,45593,45950,46307,46664,47021,47378,47735,48092,48449,48806,49163,49520,49877,50234,50591,50948,51305,51662,52019,52376,52733,53090,53447,53804,54161,54518,54875,55232,55589,55946,56303,56660,57017,57374,57731,58088,58445,58802,59159,59516,59873,60230,60587,60944,61301,61658,62015,62372,62729,63086,63443,63800,64157,64514,64871,65228,65585,65942,66299,66656,67013,67370,67727,68084,68441,68798,69155,69512,69869,70226,70583,70940,71297,71654,72011,72368,72725,73082,73439,73796,74153,74510,74867,75224,75581,75938,76295,76652,77009,77366,77723,78080,78437,78794,79151,79508,79865,80222,80579,80936,81293,81650,82007,82364,82721,83078,83435,83792,84149,84506,84863,85220,85577,85934,86291,86648,87005,87362,87719,88076,88433,88790,89147,89504,89861,90218,90575,90932,91289,91646,92003,92360,92717,93074,93431,93788,94145,94502,94859,95216,95573,95930,96287,96644,97001,97358,97715,98072,98429,98786,99143,99500,99857,100214,100571,100928,101285,101642,101999,102356,102713,103070,103427,103784,104141,104498,104855,105212,105569,105926,106283,106640,106997,107354,107711,108068,108425,108782,109139,109496,109853,110210,110567,110924,111281,111638,111995,112352,112709,113066,113423,113780,114137,114494,114851,115208,115565,115922,116279,116636,116993,117350,117707,118064,118421,118778,119135,119492,119849,120206,120563,120920,121277,121634,121991,122348,122705,123062,123419,123776,124133,124490,124847,125204,125561,125918,126275,126632,126989,127346
255,612,969,1326,1683,2040,2397,2754,3111,3468,3825,4182,4539,4896,5253,5610,5967,6324,6681,7038,7395,7752,8109,8466,8823,9180,9537,9894,10251,10608,10965,11322,11679,12036,12393,12750,13107,13464,13821,14178,14535,14892,15249,15606,15963,16320,16677,17034,17391,17748,18105,18462,18819,19176,19533,19890,20247,20604,20961,21318,21675,22032,22389,22746,23103,23460,23817,24174,24531,24888,25245,25602,25959,26316,26673,27030,27387,27744,28101,28458,28815,29172,29529,29886,30243,30600,30957,31314,31671,32028,32385,32742,33099,33456,33813,34170,34527,34884,35241,35598,35955,36312,36414,36669,37026,37383,37740,38097,38454,38811,39168,39525,39882,40239,40596,40953,41310,41667,42024,42381,42738,43095,43452,43809,44166,44523,44880,45237,45594,45951,46308,46665,47022,47379,47736,48093,48450,48807,49164,49521,49878,50235,50592,50949,51306,51663,52020,52377,52734,53091,53448,53805,54162,54519,54876,55233,55590,55947,56304,56661,57018,57375,57732,58089,58446,58803,59160,59517,59874,60231,60588,60945,61302,61659,62016,62373,62730,63087,63444,63801,64158,64515,64872,65229,65586,65943,66300,66657,67014,67371,67728,68085,68442,68799,69156,69513,69870,70227,70584,70941,71298,71655,72012,72369,72726,73083,73440,73797,74154,74511,74868,75225,75582,75939,76296,76653,77010,77367,77724,78081,78438,78795,79152,79509,79866,80223,80580,80937,81294,81651,82008,82365,82722,83079,83436,83793,84150,84507,84864,85221,85578,85935,86292,86649,87006,87363,87720,88077,88434,88791,89148,89505,89862,90219,90576,90933,91290,91647,92004,92361,92718,93075,93432,93789,94146,94503,94860,95217,95574,95931,96288,96645,97002,97359,97716,98073,98430,98787,99144,99501,99858,100215,100572,100929,101286,101643,102000,102357,102714,103071,103428,103785,104142,104499,104856,105213,105570,105927,106284,106641,106998,107355,107712,108069,108426,108783,109140,109497,109854,110211,110568,110925,111282,111639,111996,112353,112710,113067,113424,113781,114138,114495,114852,115209,115566,115923,116280,116637,116994,117351,117708,118065,118422,118779,119136,119493,119850,120207,120564,120921,121278,121635,121992,122349,122706,123063,123420,123777,124134,124491,124848,125205,125562,125919,126276,126633,126990,127347
256,613,970,1327,1684,2041,2398,2755,3112,3469,3826,4183,4540,4897,5254,5611,5968,6325,6682,7039,7396,7753,8110,8467,8824,9181,9538,9895,10252,10609,10966,11323,11680,12037,12394,12751,13108,13465,13822,14179,14536,14893,15250,15607,15964,16321,16678,17035,17392,17749,18106,18463,18820,19177,19534,19891,20248,20605,20962,21319,21676,22033,22390,22747,23104,23461,23818,24175,24532,24889,25246,25603,25960,26317,26674,27031,27388,27745,28102,28459,28816,29173,29530,29887,30244,30601,30958,31315,31672,32029,32386,32743,33100,33457,33814,34171,34528,34885,35242,35599,35956,36057,36313,36670,37027,37384,37741,38098,38455,38812,39169,39526,39883,40240,40597,40954,41311,41668,42025,42382,42739,43096,43453,43810,44167,44524,44881,45238,45595,45952,46309,46666,47023,47380,47737,48094,48451,48808,49165,49522,49879,50236,50593,50950,51307,51664,52021,52378,52735,53092,53449,53806,54163,54520,54877,55234,55591,55948,56305,56662,57019,57376,57733,58090,58447,58804,59161,59518,59875,60232,60589,60946,61303,61660,62017,62374,62731,63088,63445,63802,64159,64516,64873,65230,65587,65944,66301,66658,67015,67372,67729,68086,68443,68800,69157,69514,69871,70228,70585,70942,71299,71656,72013,72370,72727,73084,73441,73798,74155,74512,74869,75226,75583,75940,76297,76654,77011,77368,77725,78082,78439,78796,79153,79510,79867,80224,80581,80938,81295,81652,82009,82366,82723,83080,83437,83794,84151,84508,84865,85222,85579,85936,86293,86650,87007,87364,87721,88078,88435,88792,89149,89506,89863,90220,90577,90934,91291,91648,92005,92362,92719,93076,93433,93790,94147,94504,94861,95218,95575,95932,96289,96646,97003,97360,97717,98074,98431,98788,99145,99502,99859,100216,100573,100930,101287,101644,102001,102358,102715,103072,103429,103786,104143,104500,104857,105214,105571,105928,106285,106642,106999,107356,107713,108070,108427,108784,109141,109498,109855,110212,110569,110926,111283,111640,111997,112354,112711,113068,113425,113782,114139,114496,114853,115210,115567,115924,116281,116638,116995,117352,117709,118066,118423,118780,119137,119494,119851,120208,120565,120922,121279,121636,121993,122350,122707,123064,123421,123778,124135,124492,124849,125206,125563,125920,126277,126634,126991,127348
257,614,971,1328,1685,2042,2399,2756,3113,3470,3827,4184,4541,4898,5255,5612,5969,6326,6683,7040,7397,7754,8111,8468,8825,9182,9539,9896,10253,10610,10967,11324,11681,12038,12395,12752,13109,13466,13823,14180,14537,14894,15251,15608,15965,16322,16679,17036,17393,17750,18107,18464,18821,19178,19535,19892,20249,20606,20963,21320,21677,22034,22391,22748,23105,23462,23819,24176,24533,24890,25247,25604,25961,26318,26675,27032,27389,27746,28103,28460,28817,29174,29531,29888,30245,30602,30959,31316,31673,32030,32387,32744,33101,33458,33815,34172,34529,34886,35243,35600,35700,35957,36314,36671,37028,37385,37742,38099,38456,38813,39170,39527,39884,40241,40598,40955,41312,41669,42026,42383,42740,43097,43454,43811,44168,44525,44882,45239,45596,45953,46310,46667,47024,47381,47738,48095,48452,48809,49166,49523,49880,50237,50594,50951,51308,51665,52022,52379,52736,53093,53450,53807,54164,54521,54878,55235,55592,55949,56306,56663,57020,57377,57734,58091,58448,58805,59162,59519,59876,60233,60590,60947,61304,61661,62018,62375,62732,63089,63446,63803,64160,64517,64874,65231,65588,65945,66302,66659,67016,67373,67730,68087,68444,68801,69158,69515,69872,70229,70586,70943,71300,71657,72014,72371,72728,73085,73442,73799,74156,74513,74870,75227,75584,75941,76298,76655,77012,77369,77726,78083,78440,78797,79154,79511,79868,80225,80582,80939,81296,81653,82010,82367,82724,83081,83438,83795,84152,84509,84866,85223,85580,85937,86294,86651,87008,87365,87722,88079,88436,88793,89150,89507,89864,90221,90578,90935,91292,91649,92006,92363,92720,93077,93434,93791,94148,94505,94862,95219,95576,95933,96290,96647,97004,97361,97718,98075,98432,98789,99146,99503,99860,100217,100574,100931,101288,101645,102002,102359,102716,103073,103430,103787,104144,104501,104858,105215,105572,105929,106286,106643,107000,107357,107714,108071,108428,108785,109142,109499,109856,110213,110570,110927,111284,111641,111998,112355,112712,113069,113426,113783,114140,114497,114854,115211,115568,115925,116282,116639,116996,117353,117710,118067,118424,118781,119138,119495,119852,120209,120566,120923,121280,121637,121994,122351,122708,123065,123422,123779,124136,124493,124850,125207,125564,125921,126278,126635,126992,127349
258,615,972,1329,1686,2043,2400,2757,3114,3471,3828,4185,4542,4899,5256,5613,5970,6327,6684,7041,7398,7755,8112,8469,8826,9183,9540,9897,10254,10611,10968,11325,11682,12039,12396,12753,13110,13467,13824,14181,14538,14895,15252,15609,15966,16323,16680,17037,17394,17751,18108,18465,18822,19179,19536,19893,20250,20607,20964,21321,21678,22035,22392,22749,23106,23463,23820,24177,24534,24891,25248,25605,25962,26319,26676,27033,27390,27747,28104,28461,28818,29175,29532,29889,30246,30603,30960,31317,31674,32031,32388,32745,33102,33459,33816,34173,34530,34887,35244,35343,35601,35958,36315,36672,37029,37386,37743,38100,38457,38814,39171,39528,39885,40242,40599,40956,41313,41670,42027,42384,42741,43098,43455,43812,44169,44526,44883,45240,45597,45954,46311,46668,47025,47382,47739,48096,48453,48810,49167,49524,49881,50238,50595,50952,51309,51666,52023,52380,52737,53094,53451,53808,54165,54522,54879,55236,55593,55950,56307,56664,57021,57378,57735,58092,58449,58806,59163,59520,59877,60234,60591,60948,61305,61662,62019,62376,62733,63090,63447,63804,64161,64518,64875,65232,65589,65946,66303,66660,67017,67374,67731,68088,68445,68802,69159,69516,69873,70230,70587,70944,71301,71658,72015,72372,72729,73086,73443,73800,74157,74514,74871,75228,75585,75942,76299,76656,77013,77370,77727,78084,78441,78798,79155,79512,79869,80226,80583,80940,81297,81654,82011,82368,82725,83082,83439,83796,84153,84510,84867,85224,85581,85938,86295,86652,87009,87366,87723,88080,88437,88794,89151,89508,89865,90222,90579,90936,91293,91650,92007,92364,92721,93078,93435,93792,94149,94506,94863,95220,95577,95934,96291,96648,97005,97362,97719,98076,98433,98790,99147,99504,99861,100218,100575,100932,101289,101646,102003,102360,102717,103074,103431,103788,104145,104502,104859,105216,105573,105930,106287,106644,107001,107358,107715,108072,108429,108786,109143,109500,109857,110214,110571,110928,111285,111642,111999,112356,112713,113070,113427,113784,114141,114498,114855,115212,115569,115926,116283,116640,116997,117354,117711,118068,118425,118782,119139,119496,119853,120210,120567,120924,121281,121638,121995,122352,122709,123066,123423,123780,124137,124494,124851,125208,125565,125922,126279,126636,126993,127350
259,616,973,1330,1687,2044,2401,2758,3115,3472,3829,4186,4543,4900,5257,5614,5971,6328,6685,7042,7399,7756,8113,8470,8827,9184,9541,9898,10255,10612,10969,11326,11683,12040,12397,12754,13111,13468,13825,14182,14539,14896,15253,15610,15967,16324,16681,17038,17395,17752,18109,18466,18823,19180,19537,19894,20251,20608,20965,21322,21679,22036,22393,22750,23107,23464,23821,24178,24535,24892,25249,25606,25963,26320,26677,27034,27391,27748,28105,28462,28819,29176,29533,29890,30247,30604,30961,31318,31675,32032,32389,32746,33103,33460,33817,34174,34531,34888,34986,35245,35602,35959,36316,36673,37030,37387,37744,38101,38458,38815,39172,39529,39886,40243,40600,40957,41314,41671,42028,42385,42742,43099,43456,43813,44170,44527,44884,45241,45598,45955,46312,46669,47026,47383,47740,48097,48454,48811,49168,49525,49882,50239,50596,50953,51310,51667,52024,52381,52738,53095,53452,53809,54166,54523,54880,55237,55594,55951,56308,56665,57022,57379,57736,58093,58450,58807,59164,59521,59878,60235,60592,60949,61306,61663,62020,62377,62734,63091,63448,63805,64162,64519,64876,65233,65590,65947,66304,66661,67018,67375,67732,68089,68446,68803,69160,69517,69874,70231,70588,70945,71302,71659,72016,72373,72730,73087,73444,73801,74158,74515,74872,75229,75586,75943,76300,76657,77014,77371,77728,78085,78442,78799,79156,79513,79870,80227,80584,80941,81298,81655,82012,82369,82726,83083,83440,83797,84154,84511,84868,85225,85582,85939,86296,86653,87010,87367,87724,88081,88438,88795,89152,89509,89866,90223,90580,90937,91294,91651,92008,92365,92722,93079,93436,93793,94150,94507,94864,95221,95578,95935,96292,96649,97006,97363,97720,98077,98434,98791,99148,99505,99862,100219,100576,100933,101290,101647,102004,102361,102718,103075,103432,103789,104146,104503,104860,105217,105574,105931,106288,106645,107002,107359,107716,108073,108430,108787,109144,109501,109858,110215,110572,110929,111286,111643,112000,112357,112714,113071,113428,113785,114142,114499,114856,115213,115570,115927,116284,116641,116998,117355,117712,118069,118426,118783,119140,119497,119854,120211,120568,120925,121282,121639,121996,122353,122710,123067,123424,123781,124138,124495,124852,125209,125566,125923,126280,126637,126994,127351
260,617,974,1331,1688,2045,2402,2759,3116,3473,3830,4187,4544,4901,5258,5615,5972,6329,6686,7043,7400,7757,8114,8471,8828,9185,9542,9899,10256,10613,10970,11327,11684,12041,12398,12755,13112,13469,13826,14183,14540,14897,15254,15611,15968,16325,16682,17039,17396,17753,18110,18467,18824,19181,19538,19895,20252,20609,20966,21323,21680,22037,22394,22751,23108,23465,23822,24179,24536,24893,25250,25607,25964,26321,26678,27035,27392,27749,28106,28463,28820,29177,29534,29891,30248,30605,30962,31319,31676,32033,32390,32747,33104,33461,33818,34175,34532,34629,34889,35246,35603,35960,36317,36674,37031,37388,37745,38102,38459,38816,39173,39530,39887,40244,40601,40958,41315,41672,42029,42386,42743,43100,43457,43814,44171,44528,44885,45242,45599,45956,46313,46670,47027,47384,47741,48098,48455,48812,49169,49526,49883,50240,50597,50954,51311,51668,52025,52382,52739,53096,53453,53810,54167,54524,54881,55238,55595,55952,56309,56666,57023,57380,57737,58094,58451,58808,59165,59522,59879,60236,60593,60950,61307,61664,62021,62378,62735,63092,63449,63806,64163,64520,64877,65234,65591,65948,66305,66662,67019,67376,67733,68090,68447,68804,69161,69518,69875,70232,70589,70946,71303,71660,72017,72374,72731,73088,73445,73802,74159,74516,74873,75230,75587,75944,76301,76658,77015,77372,77729,78086,78443,78800,79157,79514,79871,80228,80585,80942,81299,81656,82013,82370,82727,83084,83441,83798,84155,84512,84869,85226,85583,85940,86297,86654,87011,87368,87725,88082,88439,88796,89153,89510,89867,90224,90581,90938,91295,91652,92009,92366,92723,93080,93437,93794,94151,94508,94865,95222,95579,95936,96293,96650,97007,97364,97721,98078,98435,98792,99149,99506,99863,100220,100577,100934,101291,101648,102005,102362,102719,103076,103433,103790,104147,104504,104861,105218,105575,105932,106289,106646,107003,107360,107717,108074,108431,108788,109145,109502,109859,110216,110573,110930,111287,111644,112001,112358,112715,113072,113429,113786,114143,114500,114857,115214,115571,115928,116285,116642,116999,117356,117713,118070,118427,118784,119141,119498,119855,120212,120569,120926,121283,121640,121997,122354,122711,123068,123425,123782,124139,124496,124853,125210,125567,125924,126281,126638,126995,127352
261,618,975,1332,1689,2046,2403,2760,3117,3474,3831,4188,4545,4902,5259,5616,5973,6330,6687,7044,7401,7758,8115,8472,8829,9186,9543,9900,10257,10614,10971,11328,11685,12042,12399,12756,13113,13470,13827,14184,14541,14898,15255,15612,15969,16326,16683,17040,17397,17754,18111,18468,18825,19182,19539,19896,20253,20610,20967,21324,21681,22038,22395,22752,23109,23466,23823,24180,24537,24894,25251,25608,25965,26322,26679,27036,27393,27750,28107,28464,28821,29178,29535,29892,30249,30606,30963,31320,31677,32034,32391,32748,33105,33462,33819,34176,34272,34533,34890,35247,35604,35961,36318,36675,37032,37389,37746,38103,38460,38817,39174,39531,39888,40245,40602,40959,41316,41673,42030,42387,42744,43101,43458,43815,44172,44529,44886,45243,45600,45957,46314,46671,47028,47385,47742,48099,48456,48813,49170,49527,49884,50241,50598,50955,51312,51669,52026,52383,52740,53097,53454,53811,54168,54525,54882,55239,55596,55953,56310,56667,57024,57381,57738,58095,58452,58809,59166,59523,59880,60237,60594,60951,61308,61665,62022,62379,62736,63093,63450,63807,64164,64521,64878,65235,65592,65949,66306,66663,67020,67377,67734,68091,68448,68805,69162,69519,69876,70233,70590,70947,71304,71661,72018,72375,72732,73089,73446,73803,74160,74517,74874,75231,75588,75945,76302,76659,77016,77373,77730,78087,78444,78801,79158,79515,79872,80229,80586,80943,81300,81657,82014,82371,82728,83085,83442,83799,84156,84513,84870,85227,85584,85941,86298,86655,87012,87369,87726,88083,88440,88797,89154,89511,89868,90225,90582,90939,91296,91653,92010,92367,92724,93081,93438,93795,94152,94509,94866,95223,95580,95937,96294,96651,97008,97365,97722,98079,98436,98793,99150,99507,99864,100221,100578,100935,101292,101649,102006,102363,102720,103077,103434,103791,104148,104505,104862,105219,105576,105933,106290,106647,107004,107361,107718,108075,108432,108789,109146,109503,109860,110217,110574,110931,111288,111645,112002,112359,112716,113073,113430,113787,114144,114501,114858,115215,115572,115929,116286,116643,117000,117357,117714,118071,118428,118785,119142,119499,119856,120213,120570,120927,121284,121641,121998,122355,122712,123069,123426,123783,124140,124497,124854,125211,125568,125925,126282,126639,126996,127353
262,619,976,1333,1690,2047,2404,2761,3118,3475,3832,4189,4546,4903,5260,5617,5974,6331,6688,7045,7402,7759,8116,8473,8830,9187,9544,9901,10258,10615,10972,11329,11686,12043,12400,12757,13114,13471,13828,14185,14542,14899,15256,15613,15970,16327,16684,17041,17398,17755,18112,18469,18826,19183,19540,19897,20254,20611,20968,21325,21682,22039,22396,22753,23110,23467,23824,24181,24538,24895,25252,25609,25966,26323,26680,27037,27394,27751,28108,28465,28822,29179,29536,29893,30250,30607,30964,31321,31678,32035,32392,32749,33106,33463,33820,33915,34177,34534,34891,35248,35605,35962,36319,36676,37033,37390,37747,38104,38461,38818,39175,39532,39889,40246,40603,40960,41317,41674,42031,42388,42745,43102,43459,43816,44173,44530,44887,45244,45601,45958,46315,46672,47029,47386,47743,48100,48457,48814,49171,49528,49885,50242,50599,50956,51313,51670,52027,52384,52741,53098,53455,53812,54169,54526,54883,55240,55597,55954,56311,56668,57025,57382,57739,58096,58453,58810,59167,59524,59881,60238,60595,60952,61309,61666,62023,62380,62737,63094,63451,63808,64165,64522,64879,65236,65593,65950,66307,66664,67021,67378,67735,68092,68449,68806,69163,69520,69877,70234,70591,70948,71305,71662,72019,72376,72733,73090,73447,73804,74161,74518,74875,75232,75589,75946,76303,76660,77017,77374,77731,78088,78445,78802,79159,79516,79873,80230,80587,80944,81301,81658,82015,82372,82729,83086,83443,83800,84157,84514,84871,85228,85585,85942,86299,86656,87013,87370,87727,88084,88441,88798,89155,89512,89869,90226,90583,90940,91297,91654,92011,92368,92725,93082,93439,93796,94153,94510,94867,95224,95581,95938,96295,96652,97009,97366,97723,98080,98437,98794,99151,99508,99865,100222,100579,100936,101293,101650,102007,102364,102721,103078,103435,103792,104149,104506,104863,105220,105577,105934,106291,106648,107005,107362,107719,108076,108433,108790,109147,109504,109861,110218,110575,110932,111289,111646,112003,112360,112717,113074,113431,113788,114145,114502,114859,115216,115573,115930,116287,116644,117001,117358,117715,118072,118429,118786,119143,119500,119857,120214,120571,120928,121285,121642,121999,122356,122713,123070,123427,123784,124141,124498,124855,125212,125569,125926,126283,126640,126997,127354
263,620,977,1334,1691,2048,2405,2762,3119,3476,3833,4190,4547,4904,5261,5618,5975,6332,6689,7046,7403,7760,8117,8474,8831,9188,9545,9902,10259,10616,10973,11330,11687,12044,12401,12758,13115,13472,13829,14186,14543,14900,15257,15614,15971,16328,16685,17042,17399,17756,18113,18470,18827,19184,19541,19898,20255,20612,20969,21326,21683,22040,22397,22754,23111,23468,23825,24182,24539,24896,25253,25610,25967,26324,26681,27038,27395,27752,28109,28466,28823,29180,29537,29894,30251,30608,30965,31322,31679,32036,32393,32750,33107,33464,33558,33821,34178,34535,34892,35249,35606,35963,36320,36677,37034,37391,37748,38105,38462,38819,39176,39533,39890,40247,40604,40961,41318,41675,42032,42389,42746,43103,43460,43817,44174,44531,44888,45245,45602,45959,46316,46673,47030,47387,47744,48101,48458,48815,49172,49529,49886,50243,50600,50957,51314,51671,52028,52385,52742,53099,53456,53813,54170,54527,54884,55241,55598,55955,56312,56669,57026,57383,57740,58097,58454,58811,59168,59525,59882,60239,60596,60953,61310,61667,62024,62381,62738,63095,63452,63809,64166,64523,64880,65237,65594,65951,66308,66665,67022,67379,67736,68093,68450,68807,69164,69521,69878,70235,70592,70949,71306,71663,72020,72377,72734,73091,73448,73805,74162,74519,74876,75233,75590,75947,76304,76661,77018,77375,77732,78089,78446,78803,79160,79517,79874,80231,80588,80945,81302,81659,82016,82373,82730,83087,83444,83801,84158,84515,84872,85229,85586,85943,86300,86657,87014,87371,87728,88085,88442,88799,89156,89513,89870,90227,90584,90941,91298,91655,92012,92369,92726,93083,93440,93797,94154,94511,94868,95225,95582,95939,96296,96653,97010,97367,97724,98081,98438,98795,99152,99509,99866,100223,100580,100937,101294,101651,102008,102365,102722,103079,103436,103793,104150,104507,104864,105221,105578,105935,106292,106649,107006,107363,107720,108077,108434,108791,109148,109505,109862,110219,110576,110933,111290,111647,112004,112361,112718,113075,113432,113789,114146,114503,114860,115217,115574,115931,116288,116645,117002,117359,117716,118073,118430,118787,119144,119501,119858,120215,120572,120929,121286,121643,122000,122357,122714,123071,123428,123785,124142,124499,124856,125213,125570,125927,126284,126641,126998,127355
264,621,978,1335,1692,2049,2406,2763,3120,3477,3834,4191,4548,4905,5262,5619,5976,6333,6690,7047,7404,7761,8118,8475,8832,9189,9546,9903,10260,10617,10974,11331,11688,12045,12402,12759,13116,13473,13830,14187,14544,14901,15258,15615,15972,16329,16686,17043,17400,17757,18114,18471,18828,19185,19542,19899,20256,20613,20970,21327,21684,22041,22398,22755,23112,23469,23826,24183,24540,24897,25254,25611,25968,26325,26682,27039,27396,27753,28110,28467,28824,29181,29538,29895,30252,30609,30966,31323,31680,32037,32394,32751,33108,33201,33465,33822,34179,34536,34893,35250,35607,35964,36321,36678,37035,37392,37749,38106,38463,38820,39177,39534,39891,40248,40605,40962,41319,41676,42033,42390,42747,43104,43461,43818,44175,44532,44889,45246,45603,45960,46317,46674,47031,47388,47745,48102,48459,48816,49173,49530,49887,50244,50601,50958,51315,51672,52029,52386,52743,53100,53457,53814,54171,54528,54885,55242,55599,55956,56313,56670,57027,57384,57741,58098,58455,58812,59169,59526,59883,60240,60597,60954,61311,61668,62025,62382,62739,63096,63453,63810,64167,64524,64881,65238,65595,65952,66309,66666,67023,67380,67737,68094,68451,68808,69165,69522,69879,70236,70593,70950,71307,71664,72021,72378,72735,73092,73449,73806,74163,74520,74877,75234,75591,75948,76305,76662,77019,77376,77733,78090,78447,78804,79161,79518,79875,80232,80589,80946,81303,81660,82017,82374,82731,83088,83445,83802,84159,84516,84873,85230,85587,85944,86301,86658,87015,87372,87729,88086,88443,88800,89157,89514,89871,90228,90585,90942,91299,91656,92013,92370,92727,93084,93441,93798,94155,94512,94869,95226,95583,95940,96297,96654,97011,97368,97725,98082,98439,98796,99153,99510,99867,100224,100581,100938,101295,101652,102009,102366,102723,103080,103437,103794,104151,104508,104865,105222,105579,105936,106293,106650,107007,107364,107721,108078,108435,108792,109149,109506,109863,110220,110577,110934,111291,111648,112005,112362,112719,113076,113433,113790,114147,114504,114861,115218,115575,115932,116289,116646,117003,117360,117717,118074,118431,118788,119145,119502,119859,120216,120573,120930,121287,121644,122001,122358,122715,123072,123429,123786,124143,124500,124857,125214,125571,125928,126285,126642,126999,127356
265,622,979,1336,1693,2050,2407,2764,3121,3478,3835,4192,4549,4906,5263,5620,5977,6334,6691,7048,7405,7762,8119,8476,8833,9190,9547,9904,10261,10618,10975,11332,11689,12046,12403,12760,13117,13474,13831,14188,14545,14902,15259,15616,15973,16330,16687,17044,17401,17758,18115,18472,18829,19186,19543,19900,20257,20614,20971,21328,21685,22042,22399,22756,23113,23470,23827,24184,24541,24898,25255,25612,25969,26326,26683,27040,27397,27754,28111,28468,28825,29182,29539,29896,30253,30610,30967,31324,31681,32038,32395,32752,32844,33109,33466,33823,34180,34537,34894,35251,35608,35965,36322,36679,37036,37393,37750,38107,38464,38821,39178,39535,39892,40249,40606,40963,41320,41677,42034,42391,42748,43105,43462,43819,44176,44533,44890,45247,45604,45961,46318,46675,47032,47389,47746,48103,48460,48817,49174,49531,49888,50245,50602,50959,51316,51673,52030,52387,52744,53101,53458,53815,54172,54529,54886,55243,55600,55957,56314,56671,57028,57385,57742,58099,58456,58813,59170,59527,59884,60241,60598,60955,61312,61669,62026,62383,62740,63097,63454,63811,64168,64525,64882,65239,65596,65953,66310,66667,67024,67381,67738,68095,68452,68809,69166,69523,69880,70237,70594,70951,71308,71665,72022,72379,72736,73093,73450,73807,74164,74521,74878,75235,75592,75949,76306,76663,77020,77377,77734,78091,78448,78805,79162,79519,79876,80233,80590,80947,81304,81661,82018,82375,82732,83089,83446,83803,84160,84517,84874,85231,85588,85945,86302,86659,87016,87373,87730,88087,88444,88801,89158,89515,89872,90229,90586,90943,91300,91657,92014,92371,92728,93085,93442,93799,94156,94513,94870,95227,95584,95941,96298,96655,97012,97369,97726,98083,98440,98797,99154,99511,99868,100225,100582,100939,101296,101653,102010,102367,102724,103081,103438,103795,104152,104509,104866,105223,105580,105937,106294,106651,107008,107365,107722,108079,108436,108793,109150,109507,109864,110221,110578,110935,111292,111649,112006,112363,112720,113077,113434,113791,114148,114505,114862,115219,115576,115933,116290,116647,117004,117361,117718,118075,118432,118789,119146,119503,119860,120217,120574,120931,121288,121645,122002,122359,122716,123073,123430,123787,124144,124501,124858,125215,125572,125929,126286,126643,127000,127357
266,623,980,1337,1694,2051,2408,2765,3122,3479,3836,4193,4550,4907,5264,5621,5978,6335,6692,7049,7406,7763,8120,8477,8834,9191,9548,9905,10262,10619,10976,11333,11690,12047,12404,12761,13118,13475,13832,14189,14546,14903,15260,15617,15974,16331,16688,17045,17402,17759,18116,18473,18830,19187,19544,19901,20258,20615,20972,21329,21686,22043,22400,22757,23114,23471,23828,24185,24542,24899,25256,25613,25970,26327,26684,27041,27398,27755,28112,28469,28826,29183,29540,29897,30254,30611,30968,31325,31682,32039,32396,32487,32753,33110,33467,33824,34181,34538,34895,35252,35609,35966,36323,36680,37037,37394,37751,38108,38465,38822,39179,39536,39893,40250,40607,40964,41321,41678,42035,42392,42749,43106,43463,43820,44177,44534,44891,45248,45605,45962,46319,46676,47033,47390,47747,48104,48461,48818,49175,49532,49889,50246,50603,50960,51317,51674,52031,52388,52745,53102,53459,53816,54173,54530,54887,55244,55601,55958,56315,56672,57029,57386,57743,58100,58457,58814,59171,59528,59885,60242,60599,60956,61313,61670,62027,62384,62741,63098,63455,63812,64169,64526,64883,65240,65597,65954,66311,66668,67025,67382,67739,68096,68453,68810,69167,69524,69881,70238,70595,70952,71309,71666,72023,72380,72737,73094,73451,73808,74165,74522,74879,75236,75593,75950,76307,76664,77021,77378,77735,78092,78449,78806,79163,79520,79877,80234,80591,80948,81305,81662,82019,82376,82733,83090,83447,83804,84161,84518,84875,85232,85589,85946,86303,86660,87017,87374,87731,88088,88445,88802,89159,89516,89873,90230,90587,90944,91301,91658,92015,92372,92729,93086,93443,93800,94157,94514,94871,95228,95585,95942,96299,96656,97013,97370,97727,98084,98441,98798,99155,99512,99869,100226,100583,100940,101297,101654,102011,102368,102725,103082,103439,103796,104153,104510,104867,105224,105581,105938,106295,106652,107009,107366,107723,108080,108437,108794,109151,109508,109865,110222,110579,110936,111293,111650,112007,112364,112721,113078,113435,113792,114149,114506,114863,115220,115577,115934,116291,116648,117005,117362,117719,118076,118433,118790,119147,119504,119861,120218,120575,120932,121289,121646,122003,122360,122717,123074,123431,123788,124145,124502,124859,125216,125573,125930,126287,126644,127001,127358
267,624,981,1338,1695,2052,2409,2766,3123,3480,3837,4194,4551,4908,5265,5622,5979,6336,6693,7050,7407,7764,8121,8478,8835,9192,9549,9906,10263,10620,10977,11334,11691,12048,12405,12762,13119,13476,13833,14190,14547,14904,15261,15618,15975,16332,16689,17046,17403,17760,18117,18474,18831,19188,19545,19902,20259,20616,20973,21330,21687,22044,22401,22758,23115,23472,23829,24186,24543,24900,25257,25614,25971,26328,26685,27042,27399,27756,28113,28470,28827,29184,29541,29898,30255,30612,30969,31326,31683,32040,32130,32397,32754,33111,33468,33825,34182,34539,34896,35253,35610,35967,36324,36681,37038,37395,37752,38109,38466,38823,39180,39537,39894,40251,40608,40965,41322,41679,42036,42393,42750,43107,43464,43821,44178,44535,44892,45249,45606,45963,46320,46677,47034,47391,47748,48105,48462,48819,49176,49533,49890,50247,50604,50961,51318,51675,52032,52389,52746,53103,53460,53817,54174,54531,54888,55245,55602,55959,56316,56673,57030,57387,57744,58101,58458,58815,59172,59529,59886,60243,60600,60957,61314,61671,62028,62385,62742,63099,63456,63813,64170,64527,64884,65241,65598,65955,66312,66669,67026,67383,67740,68097,68454,68811,69168,69525,69882,70239,70596,70953,71310,71667,72024,72381,72738,73095,73452,73809,74166,74523,74880,75237,75594,75951,76308,76665,77022,77379,77736,78093,78450,78807,79164,79521,79878,80235,80592,80949,81306,81663,82020,82377,82734,83091,83448,83805,84162,84519,84876,85233,85590,85947,86304,86661,87018,87375,87732,88089,88446,88803,89160,89517,89874,90231,90588,90945,91302,91659,92016,92373,92730,93087,93444,93801,94158,94515,94872,95229,95586,95943,96300,96657,97014,97371,97728,98085,98442,98799,99156,99513,99870,100227,100584,100941,101298,101655,102012,102369,102726,103083,103440,103797,104154,104511,104868,105225,105582,105939,106296,106653,107010,107367,107724,108081,108438,108795,109152,109509,109866,110223,110580,110937,111294,111651,112008,112365,112722,113079,113436,113793,114150,114507,114864,115221,115578,115935,116292,116649,117006,117363,117720,118077,118434,118791,119148,119505,119862,120219,120576,120933,121290,121647,122004,122361,122718,123075,123432,123789,124146,124503,124860,125217,125574,125931,126288,126645,127002,127359
268,625,982,1339,1696,2053,2410,2767,3124,3481,3838,4195,4552,4909,5266,5623,5980,6337,6694,7051,7408,7765,8122,8479,8836,9193,9550,9907,10264,10621,10978,11335,11692,12049,12406,12763,13120,13477,13834,14191,14548,14905,15262,15619,15976,16333,16690,17047,17404,17761,18118,18475,18832,19189,19546,19903,20260,20617,20974,21331,21688,22045,22402,22759,23116,23473,23830,24187,24544,24901,25258,25615,25972,26329,26686,27043,27400,27757,28114,28471,28828,29185,29542,29899,30256,30613,30970,31327,31684,31773,32041,32398,32755,33112,33469,33826,34183,34540,34897,35254,35611,35968,36325,36682,37039,37396,37753,38110,38467,38824,39181,39538,39895,40252,40609,40966,41323,41680,42037,42394,42751,43108,43465,43822,44179,44536,44893,45250,45607,45964,46321,46678,47035,47392,47749,48106,48463,48820,49177,49534,49891,50248,50605,50962,51319,51676,52033,52390,52747,53104,53461,53818,54175,54532,54889,55246,55603,55960,56317,56674,57031,57388,57745,58102,58459,58816,59173,59530,59887,60244,60601,60958,61315,61672,62029,62386,62743,63100,63457,63814,64171,64528,64885,65242,65599,65956,66313,66670,67027,67384,67741,68098,68455,68812,69169,69526,69883,70240,70597,70954,71311,71668,72025,72382,72739,73096,73453,73810,74167,74524,74881,75238,75595,75952,76309,76666,77023,77380,77737,78094,78451,78808,79165,79522,79879,80236,80593,80950,81307,81664,82021,82378,82735,83092,83449,83806,84163,84520,84877,85234,85591,85948,86305,86662,87019,87376,87733,88090,88447,88804,89161,89518,89875,90232,90589,90946,91303,91660,92017,92374,92731,93088,93445,93802,94159,94516,94873,95230,95587,95944,96301,96658,97015,97372,97729,98086,98443,98800,99157,99514,99871,100228,100585,100942,101299,101656,102013,102370,102727,103084,103441,103798,104155,104512,104869,105226,105583,105940,106297,106654,107011,107368,107725,108082,108439,108796,109153,109510,109867,110224,110581,110938,111295,111652,112009,112366,112723,113080,113437,113794,114151,114508,114865,115222,115579,115936,116293,116650,117007,117364,117721,118078,118435,118792,119149,119506,119863,120220,120577,120934,121291,121648,122005,122362,122719,123076,123433,123790,124147,124504,124861,125218,125575,125932,126289,126646,127003,127360
269,626,983,1340,1697,2054,2411,2768,3125,3482,3839,4196,4553,4910,5267,5624,5981,6338,6695,7052,7409,7766,8123,8480,8837,9194,9551,9908,10265,10622,10979,11336,11693,12050,12407,12764,13121,13478,13835,14192,14549,14906,15263,15620,15977,16334,16691,17048,17405,17762,18119,18476,18833,19190,19547,19904,20261,20618,20975,21332,21689,22046,22403,22760,23117,23474,23831,24188,24545,24902,25259,25616,25973,26330,26687,27044,27401,27758,28115,28472,28829,29186,29543,29900,30257,30614,30971,31328,31416,31685,32042,32399,32756,33113,33470,33827,34184,34541,34898,35255,35612,35969,36326,36683,37040,37397,37754,38111,38468,38825,39182,39539,39896,40253,40610,40967,41324,41681,42038,42395,42752,43109,43466,43823,44180,44537,44894,45251,45608,45965,46322,46679,47036,47393,47750,48107,48464,48821,49178,49535,49892,50249,50606,50963,51320,51677,52034,52391,52748,53105,53462,53819,54176,54533,54890,55247,55604,55961,56318,56675,57032,57389,57746,58103,58460,58817,59174,59531,59888,60245,60602,60959,61316,61673,62030,62387,62744,63101,63458,63815,64172,64529,64886,65243,65600,65957,66314,66671,67028,67385,67742,68099,68456,68813,69170,69527,69884,70241,70598,70955,71312,71669,72026,72383,72740,73097,73454,73811,74168,74525,74882,75239,75596,75953,76310,76667,77024,77381,77738,78095,78452,78809,79166,79523,79880,80237,80594,80951,81308,81665,82022,82379,82736,83093,83450,83807,84164,84521,84878,85235,85592,85949,86306,86663,87020,87377,87734,88091,88448,88805,89162,89519,89876,90233,90590,90947,91304,91661,92018,92375,92732,93089,93446,93803,94160,94517,94874,95231,95588,95945,96302,96659,97016,97373,97730,98087,98444,98801,99158,99515,99872,100229,100586,100943,101300,101657,102014,102371,102728,103085,103442,103799,104156,104513,104870,105227,105584,105941,106298,106655,107012,107369,107726,108083,108440,108797,109154,109511,109868,110225,110582,110939,111296,111653,112010,112367,112724,113081,113438,113795,114152,114509,114866,115223,115580,115937,116294,116651,117008,117365,117722,118079,118436,118793,119150,119507,119864,120221,120578,120935,121292,121649,122006,122363,122720,123077,123434,123791,124148,124505,124862,125219,125576,125933,126290,126647,127004,127361
270,627,984,1341,1698,2055,2412,2769,3126,3483,3840,4197,4554,4911,5268,5625,5982,6339,6696,7053,7410,7767,8124,8481,8838,9195,9552,9909,10266,10623,10980,11337,11694,12051,12408,12765,13122,13479,13836,14193,14550,14907,15264,15621,15978,16335,16692,17049,17406,17763,18120,18477,18834,19191,19548,19905,20262,20619,20976,21333,21690,22047,22404,22761,23118,23475,23832,24189,24546,24903,25260,25617,25974,26331,26688,27045,27402,27759,28116,28473,28830,29187,29544,29901,30258,30615,30972,31059,31329,31686,32043,32400,32757,33114,33471,33828,34185,34542,34899,35256,35613,35970,36327,36684,37041,37398,37755,38112,38469,38826,39183,39540,39897,40254,40611,40968,41325,41682,42039,42396,42753,43110,43467,43824,44181,44538,44895,45252,45609,45966,46323,46680,47037,47394,47751,48108,48465,48822,49179,49536,49893,50250,50607,50964,51321,51678,52035,52392,52749,53106,53463,53820,54177,54534,54891,55248,55605,55962,56319,56676,57033,57390,57747,58104,58461,58818,59175,59532,59889,60246,60603,60960,61317,61674,62031,62388,62745,63102,63459,63816,64173,64530,64887,65244,65601,65958,66315,66672,67029,67386,67743,68100,68457,68814,69171,69528,69885,70242,70599,70956,71313,71670,72027,72384,72741,73098,73455,73812,74169,74526,74883,75240,75597,75954,76311,76668,77025,77382,77739,78096,78453,78810,79167,79524,79881,80238,80595,80952,81309,81666,82023,82380,82737,83094,83451,83808,84165,84522,84879,85236,85593,85950,86307,86664,87021,87378,87735,88092,88449,88806,89163,89520,89877,90234,90591,90948,91305,91662,92019,92376,92733,93090,93447,93804,94161,94518,94875,95232,95589,95946,96303,96660,97017,97374,97731,98088,98445,98802,99159,99516,99873,100230,100587,100944,101301,101658,102015,102372,102729,103086,103443,103800,104157,104514,104871,105228,105585,105942,106299,106656,107013,107370,107727,108084,108441,108798,109155,109512,109869,110226,110583,110940,111297,111654,112011,112368,112725,113082,113439,113796,114153,114510,114867,115224,115581,115938,116295,116652,117009,117366,117723,118080,118437,118794,119151,119508,119865,120222,120579,120936,121293,121650,122007,122364,122721,123078,123435,123792,124149,124506,124863,125220,125577,125934,126291,126648,127005,127362
271,628,985,1342,1699,2056,2413,2770,3127,3484,3841,4198,4555,4912,5269,5626,5983,6340,6697,7054,7411,7768,8125,8482,8839,9196,9553,9910,10267,10624,10981,11338,11695,12052,12409,12766,13123,13480,13837,14194,14551,14908,15265,15622,15979,16336,16693,17050,17407,17764,18121,18478,18835,19192,19549,19906,20263,20620,20977,21334,21691,22048,22405,22762,23119,23476,23833,24190,24547,24904,25261,25618,25975,26332,26689,27046,27403,27760,28117,28474,28831,29188,29545,29902,30259,30616,30702,30973,31330,31687,32044,32401,32758,33115,33472,33829,34186,34543,34900,35257,35614,35971,36328,36685,37042,37399,37756,38113,38470,38827,39184,39541,39898,40255,40612,40969,41326,41683,42040,42397,42754,43111,43468,43825,44182,44539,44896,45253,45610,45967,46324,46681,47038,47395,47752,48109,48466,48823,49180,49537,49894,50251,50608,50965,51322,51679,52036,52393,52750,53107,53464,53821,54178,54535,54892,55249,55606,55963,56320,56677,57034,57391,57748,58105,58462,58819,59176,59533,59890,60247,60604,60961,61318,61675,62032,62389,62746,63103,63460,63817,64174,64531,64888,65245,65602,65959,66316,66673,67030,67387,67744,68101,68458,68815,69172,69529,69886,70243,70600,70957,71314,71671,72028,72385,72742,73099,73456,73813,74170,74527,74884,75241,75598,75955,76312,76669,77026,77383,77740,78097,78454,78811,79168,79525,79882,80239,80596,80953,81310,81667,82024,82381,82738,83095,83452,83809,84166,84523,84880,85237,85594,85951,86308,86665,87022,87379,87736,88093,88450,88807,89164,89521,89878,90235,90592,90949,91306,91663,92020,92377,92734,93091,93448,93805,94162,94519,94876,95233,95590,95947,96304,96661,97018,97375,97732,98089,98446,98803,99160,99517,99874,100231,100588,100945,101302,101659,102016,102373,102730,103087,103444,103801,104158,104515,104872,105229,105586,105943,106300,106657,107014,107371,107728,108085,108442,108799,109156,109513,109870,110227,110584,110941,111298,111655,112012,112369,112726,113083,113440,113797,114154,114511,114868,115225,115582,115939,116296,116653,117010,117367,117724,118081,118438,118795,119152,119509,119866,120223,120580,120937,121294,121651,122008,122365,122722,123079,123436,123793,124150,124507,124864,125221,125578,125935,126292,126649,127006,127363
272,629,986,1343,1700,2057,2414,2771,3128,3485,3842,4199,4556,4913,5270,5627,5984,6341,6698,7055,7412,7769,8126,8483,8840,9197,9554,9911,10268,10625,10982,11339,11696,12053,12410,12767,13124,13481,13838,14195,14552,14909,15266,15623,15980,16337,16694,17051,17408,17765,18122,18479,18836,19193,19550,19907,20264,20621,20978,21335,21692,22049,22406,22763,23120,23477,23834,24191,24548,24905,25262,25619,25976,26333,26690,27047,27404,27761,28118,28475,28832,29189,29546,29903,30260,30345,30617,30974,31331,31688,32045,32402,32759,33116,33473,33830,34187,34544,34901,35258,35615,35972,36329,36686,37043,37400,37757,38114,38471,38828,39185,39542,39899,40256,40613,40970,41327,41684,42041,42398,42755,43112,43469,43826,44183,44540,44897,45254,45611,45968,46325,46682,47039,47396,47753,48110,48467,48824,49181,49538,49895,50252,50609,50966,51323,51680,52037,52394,52751,53108,53465,53822,54179,54536,54893,55250,55607,55964,56321,56678,57035,57392,57749,58106,58463,58820,59177,59534,59891,60248,60605,60962,61319,61676,62033,62390,62747,63104,63461,63818,64175,64532,64889,65246,65603,65960,66317,66674,67031,67388,67745,68102,68459,68816,69173,69530,69887,70244,70601,70958,71315,71672,72029,72386,72743,73100,73457,73814,74171,74528,74885,75242,75599,75956,76313,76670,77027,77384,77741,78098,78455,78812,79169,79526,79883,80240,80597,80954,81311,81668,82025,82382,82739,83096,83453,83810,84167,84524,84881,85238,85595,85952,86309,86666,87023,87380,87737,88094,88451,88808,89165,89522,89879,90236,90593,90950,91307,91664,92021,92378,92735,93092,93449,93806,94163,94520,94877,95234,95591,95948,96305,96662,97019,97376,97733,98090,98447,98804,99161,99518,99875,100232,100589,100946,101303,101660,102017,102374,102731,103088,103445,103802,104159,104516,104873,105230,105587,105944,106301,106658,107015,107372,107729,108086,108443,108800,109157,109514,109871,110228,110585,110942,111299,111656,112013,112370,112727,113084,113441,113798,114155,114512,114869,115226,115583,115940,116297,116654,117011,117368,117725,118082,118439,118796,119153,119510,119867,120224,120581,120938,121295,121652,122009,122366,122723,123080,123437,123794,124151,124508,124865,125222,125579,125936,126293,126650,127007,127364
273,630,987,1344,1701,2058,2415,2772,3129,3486,3843,4200,4557,4914,5271,5628,5985,6342,6699,7056,7413,7770,8127,8484,8841,9198,9555,9912,10269,10626,10983,11340,11697,12054,12411,12768,13125,13482,13839,14196,14553,14910,15267,15624,15981,16338,16695,17052,17409,17766,18123,18480,18837,19194,19551,19908,20265,20622,20979,21336,21693,22050,22407,22764,23121,23478,23835,24192,24549,24906,25263,25620,25977,26334,26691,27048,27405,27762,28119,28476,28833,29190,29547,29904,29988,30261,30618,30975,31332,31689,32046,32403,32760,33117,33474,33831,34188,34545,34902,35259,35616,35973,36330,36687,37044,37401,37758,38115,38472,38829,39186,39543,39900,40257,40614,40971,41328,41685,42042,42399,42756,43113,43470,43827,44184,44541,44898,45255,45612,45969,46326,46683,47040,47397,47754,48111,48468,48825,49182,49539,49896,50253,50610,50967,51324,51681,52038,52395,52752,53109,53466,53823,54180,54537,54894,55251,55608,55965,56322,56679,57036,57393,57750,58107,58464,58821,59178,59535,59892,60249,60606,60963,61320,61677,62034,62391,62748,63105,63462,63819,64176,64533,64890,65247,65604,65961,66318,66675,67032,67389,67746,68103,68460,68817,69174,69531,69888,70245,70602,70959,71316,71673,72030,72387,72744,73101,73458,73815,74172,74529,74886,75243,75600,75957,76314,76671,77028,77385,77742,78099,78456,78813,79170,79527,79884,80241,80598,80955,81312,81669,82026,82383,82740,83097,83454,83811,84168,84525,84882,85239,85596,85953,86310,86667,87024,87381,87738,88095,88452,88809,89166,89523,89880,90237,90594,90951,91308,91665,92022,92379,92736,93093,93450,93807,94164,94521,94878,95235,95592,95949,96306,96663,97020,97377,97734,98091,98448,98805,99162,99519,99876,100233,100590,100947,101304,101661,102018,102375,102732,103089,103446,103803,104160,104517,104874,105231,105588,105945,106302,106659,107016,107373,107730,108087,108444,108801,109158,109515,109872,110229,110586,110943,111300,111657,112014,112371,112728,113085,113442,113799,114156,114513,114870,115227,115584,115941,116298,116655,117012,117369,117726,118083,118440,118797,119154,119511,119868,120225,120582,120939,121296,121653,122010,122367,122724,123081,123438,123795,124152,124509,124866,125223,125580,125937,126294,126651,127008,127365
274,631,988,1345,1702,2059,2416,2773,3130,3487,3844,4201,4558,4915,5272,5629,5986,6343,6700,7057,7414,7771,8128,8485,8842,9199,9556,9913,10270,10627,10984,11341,11698,12055,12412,12769,13126,13483,13840,14197,14554,14911,15268,15625,15982,16339,16696,17053,17410,17767,18124,18481,18838,19195,19552,19909,20266,20623,20980,21337,21694,22051,22408,22765,23122,23479,23836,24193,24550,24907,25264,25621,25978,26335,26692,27049,27406,27763,28120,28477,28834,29191,29548,29631,29905,30262,30619,30976,31333,31690,32047,32404,32761,33118,33475,33832,34189,34546,34903,35260,35617,35974,36331,36688,37045,37402,37759,38116,38473,38830,39187,39544,39901,40258,40615,40972,41329,41686,42043,42400,42757,43114,43471,43828,44185,44542,44899,45256,45613,45970,46327,46684,47041,47398,47755,48112,48469,48826,49183,49540,49897,50254,50611,50968,51325,51682,52039,52396,52753,53110,53467,53824,54181,54538,54895,55252,55609,55966,56323,56680,57037,57394,57751,58108,58465,58822,59179,59536,59893,60250,60607,60964,61321,61678,62035,62392,62749,63106,63463,63820,64177,64534,64891,65248,65605,65962,66319,66676,67033,67390,67747,68104,68461,68818,69175,69532,69889,70246,70603,70960,71317,71674,72031,72388,72745,73102,73459,73816,74173,74530,74887,75244,75601,75958,76315,76672,77029,77386,77743,78100,78457,78814,79171,79528,79885,80242,80599,80956,81313,81670,82027,82384,82741,83098,83455,83812,84169,84526,84883,85240,85597,85954,86311,86668,87025,87382,87739,88096,88453,88810,89167,89524,89881,90238,90595,90952,91309,91666,92023,92380,92737,93094,93451,93808,94165,94522,94879,95236,95593,95950,96307,96664,97021,97378,97735,98092,98449,98806,99163,99520,99877,100234,100591,100948,101305,101662,102019,102376,102733,103090,103447,103804,104161,104518,104875,105232,105589,105946,106303,106660,107017,107374,107731,108088,108445,108802,109159,109516,109873,110230,110587,110944,111301,111658,112015,112372,112729,113086,113443,113800,114157,114514,114871,115228,115585,115942,116299,116656,117013,117370,117727,118084,118441,118798,119155,119512,119869,120226,120583,120940,121297,121654,122011,122368,122725,123082,123439,123796,124153,124510,124867,125224,125581,125938,126295,126652,127009,127366
275,632,989,1346,1703,2060,2417,2774,3131,3488,3845,4202,4559,4916,5273,5630,5987,6344,6701,7058,7415,7772,8129,8486,8843,9200,9557,9914,10271,10628,10985,11342,11699,12056,12413,12770,13127,13484,13841,14198,14555,14912,15269,15626,15983,16340,16697,17054,17411,17768,18125,18482,18839,19196,19553,19910,20267,20624,20981,21338,21695,22052,22409,22766,23123,23480,23837,24194,24551,24908,25265,25622,25979,26336,26693,27050,27407,27764,28121,28478,28835,29192,29274,29549,29906,30263,30620,30977,31334,31691,32048,32405,32762,33119,33476,33833,34190,34547,34904,35261,35618,35975,36332,36689,37046,37403,37760,38117,38474,38831,39188,39545,39902,40259,40616,40973,41330,41687,42044,42401,42758,43115,43472,43829,44186,44543,44900,45257,45614,45971,46328,46685,47042,47399,47756,48113,48470,48827,49184,49541,49898,50255,50612,50969,51326,51683,52040,52397,52754,53111,53468,53825,54182,54539,54896,55253,55610,55967,56324,56681,57038,57395,57752,58109,58466,58823,59180,59537,59894,60251,60608,60965,61322,61679,62036,62393,62750,63107,63464,63821,64178,64535,64892,65249,65606,65963,66320,66677,67034,67391,67748,68105,68462,68819,69176,69533,69890,70247,70604,70961,71318,71675,72032,72389,72746,73103,73460,73817,74174,74531,74888,75245,75602,75959,76316,76673,77030,77387,77744,78101,78458,78815,79172,79529,79886,80243,80600,80957,81314,81671,82028,82385,82742,83099,83456,83813,84170,84527,84884,85241,85598,85955,86312,86669,87026,87383,87740,88097,88454,88811,89168,89525,89882,90239,90596,90953,91310,91667,92024,92381,92738,93095,93452,93809,94166,94523,94880,95237,95594,95951,96308,96665,97022,97379,97736,98093,98450,98807,99164,99521,99878,100235,100592,100949,101306,101663,102020,102377,102734,103091,103448,103805,104162,104519,104876,105233,105590,105947,106304,106661,107018,107375,107732,108089,108446,108803,109160,109517,109874,110231,110588,110945,111302,111659,112016,112373,112730,113087,113444,113801,114158,114515,114872,115229,115586,115943,116300,116657,117014,117371,117728,118085,118442,118799,119156,119513,119870,120227,120584,120941,121298,121655,122012,122369,122726,123083,123440,123797,124154,124511,124868,125225,125582,125939,126296,126653,127010,127367
276,633,990,1347,1704,2061,2418,2775,3132,3489,3846,4203,4560,4917,5274,5631,5988,6345,6702,7059,7416,7773,8130,8487,8844,9201,9558,9915,10272,10629,10986,11343,11700,12057,12414,12771,13128,13485,13842,14199,14556,14913,15270,15627,15984,16341,16698,17055,17412,17769,18126,18483,18840,19197,19554,19911,20268,20625,20982,21339,21696,22053,22410,22767,23124,23481,23838,24195,24552,24909,25266,25623,25980,26337,26694,27051,27408,27765,28122,28479,28836,28917,29193,29550,29907,30264,30621,30978,31335,31692,32049,32406,32763,33120,33477,33834,34191,34548,34905,35262,35619,35976,36333,36690,37047,37404,37761,38118,38475,38832,39189,39546,39903,40260,40617,40974,41331,41688,42045,42402,42759,43116,43473,43830,44187,44544,44901,45258,45615,45972,46329,46686,47043,47400,47757,48114,48471,48828,49185,49542,49899,50256,50613,50970,51327,51684,52041,52398,52755,53112,53469,53826,54183,54540,54897,55254,55611,55968,56325,56682,57039,57396,57753,58110,58467,58824,59181,59538,59895,60252,60609,60966,61323,61680,62037,62394,62751,63108,63465,63822,64179,64536,64893,65250,65607,65964,66321,66678,67035,67392,67749,68106,68463,68820,69177,69534,69891,70248,70605,70962,71319,71676,72033,72390,72747,73104,73461,73818,74175,74532,74889,75246,75603,75960,76317,76674,77031,77388,77745,78102,78459,78816,79173,79530,79887,80244,80601,80958,81315,81672,82029,82386,82743,83100,83457,83814,84171,84528,84885,85242,85599,85956,86313,86670,87027,87384,87741,88098,88455,88812,89169,89526,89883,90240,90597,90954,91311,91668,92025,92382,92739,93096,93453,93810,94167,94524,94881,95238,95595,95952,96309,96666,97023,97380,97737,98094,98451,98808,99165,99522,99879,100236,100593,100950,101307,101664,102021,102378,102735,103092,103449,103806,104163,104520,104877,105234,105591,105948,106305,106662,107019,107376,107733,108090,108447,108804,109161,109518,109875,110232,110589,110946,111303,111660,112017,112374,112731,113088,113445,113802,114159,114516,114873,115230,115587,115944,116301,116658,117015,117372,117729,118086,118443,118800,119157,119514,119871,120228,120585,120942,121299,121656,122013,122370,122727,123084,123441,123798,124155,124512,124869,125226,125583,125940,126297,126654,127011,127368
277,634,991,1348,1705,2062,2419,2776,3133,3490,3847,4204,4561,4918,5275,5632,5989,6346,6703,7060,7417,7774,8131,8488,8845,9202,9559,9916,10273,10630,10987,11344,11701,12058,12415,12772,13129,13486,13843,14200,14557,14914,15271,15628,15985,16342,16699,17056,17413,17770,18127,18484,18841,19198,19555,19912,20269,20626,20983,21340,21697,22054,22411,22768,23125,23482,23839,24196,24553,24910,25267,25624,25981,26338,26695,27052,27409,27766,28123,28480,28560,28837,29194,29551,29908,30265,30622,30979,31336,31693,32050,32407,32764,33121,33478,33835,34192,34549,34906,35263,35620,35977,36334,36691,37048,37405,37762,38119,38476,38833,39190,39547,39904,40261,40618,40975,41332,41689,42046,42403,42760,43117,43474,43831,44188,44545,44902,45259,45616,45973,46330,46687,47044,47401,47758,48115,48472,48829,49186,49543,49900,50257,50614,50971,51328,51685,52042,52399,52756,53113,53470,53827,54184,54541,54898,55255,55612,55969,56326,56683,57040,57397,57754,58111,58468,58825,59182,59539,59896,60253,60610,60967,61324,61681,62038,62395,62752,63109,63466,63823,64180,64537,64894,65251,65608,65965,66322,66679,67036,67393,67750,68107,68464,68821,69178,69535,69892,70249,70606,70963,71320,71677,72034,72391,72748,73105,73462,73819,74176,74533,74890,75247,75604,75961,76318,76675,77032,77389,77746,78103,78460,78817,79174,79531,79888,80245,80602,80959,81316,81673,82030,82387,82744,83101,83458,83815,84172,84529,84886,85243,85600,85957,86314,86671,87028,87385,87742,88099,88456,88813,89170,89527,89884,90241,90598,90955,91312,91669,92026,92383,92740,93097,93454,93811,94168,94525,94882,95239,95596,95953,96310,96667,97024,97381,97738,98095,98452,98809,99166,99523,99880,100237,100594,100951,101308,101665,102022,102379,102736,103093,103450,103807,104164,104521,104878,105235,105592,105949,106306,106663,107020,107377,107734,108091,108448,108805,109162,109519,109876,110233,110590,110947,111304,111661,112018,112375,112732,113089,113446,113803,114160,114517,114874,115231,115588,115945,116302,116659,117016,117373,117730,118087,118444,118801,119158,119515,119872,120229,120586,120943,121300,121657,122014,122371,122728,123085,123442,123799,124156,124513,124870,125227,125584,125941,126298,126655,127012,127369
278,635,992,1349,1706,2063,2420,2777,3134,3491,3848,4205,4562,4919,5276,5633,5990,6347,6704,7061,7418,7775,8132,8489,8846,9203,9560,9917,10274,10631,10988,11345,11702,12059,12416,12773,13130,13487,13844,14201,14558,14915,15272,15629,15986,16343,16700,17057,17414,17771,18128,18485,18842,19199,19556,19913,20270,20627,20984,21341,21698,22055,22412,22769,23126,23483,23840,24197,24554,24911,25268,25625,25982,26339,26696,27053,27410,27767,28124,28203,28481,28838,29195,29552,29909,30266,30623,30980,31337,31694,32051,32408,32765,33122,33479,33836,34193,34550,34907,35264,35621,35978,36335,36692,37049,37406,37763,38120,38477,38834,39191,39548,39905,40262,40619,40976,41333,41690,42047,42404,42761,43118,43475,43832,44189,44546,44903,45260,45617,45974,46331,46688,47045,47402,47759,48116,48473,48830,49187,49544,49901,50258,50615,50972,51329,51686,52043,52400,52757,53114,53471,53828,54185,54542,54899,55256,55613,55970,56327,56684,57041,57398,57755,58112,58469,58826,59183,59540,59897,60254,60611,60968,61325,61682,62039,62396,62753,63110,63467,63824,64181,64538,64895,65252,65609,65966,66323,66680,67037,67394,67751,68108,68465,68822,69179,69536,69893,70250,70607,70964,71321,71678,72035,72392,72749,73106,73463,73820,74177,74534,74891,75248,75605,75962,76319,76676,77033,77390,77747,78104,78461,78818,79175,79532,79889,80246,80603,80960,81317,81674,82031,82388,82745,83102,83459,83816,84173,84530,84887,85244,85601,85958,86315,86672,87029,87386,87743,88100,88457,88814,89171,89528,89885,90242,90599,90956,91313,91670,92027,92384,92741,93098,93455,93812,94169,94526,94883,95240,95597,95954,96311,96668,97025,97382,97739,98096,98453,98810,99167,99524,99881,100238,100595,100952,101309,101666,102023,102380,102737,103094,103451,103808,104165,104522,104879,105236,105593,105950,106307,106664,107021,107378,107735,108092,108449,108806,109163,109520,109877,110234,110591,110948,111305,111662,112019,112376,112733,113090,113447,113804,114161,114518,114875,115232,115589,115946,116303,116660,117017,117374,117731,118088,118445,118802,119159,119516,119873,120230,120587,120944,121301,121658,122015,122372,122729,123086,123443,123800,124157,124514,124871,125228,125585,125942,126299,126656,127013,127370
279,636,993,1350,1707,2064,2421,2778,3135,3492,3849,4206,4563,4920,5277,5634,5991,6348,6705,7062,7419,7776,8133,8490,8847,9204,9561,9918,10275,10632,10989,11346,11703,12060,12417,12774,13131,13488,13845,14202,14559,14916,15273,15630,15987,16344,16701,17058,17415,17772,18129,18486,18843,19200,19557,19914,20271,20628,20985,21342,21699,22056,22413,22770,23127,23484,23841,24198,24555,24912,25269,25626,25983,26340,26697,27054,27411,27768,27846,28125,28482,28839,29196,29553,29910,30267,30624,30981,31338,31695,32052,32409,32766,33123,33480,33837,34194,34551,34908,35265,35622,35979,36336,36693,37050,37407,37764,38121,38478,38835,39192,39549,39906,40263,40620,40977,41334,41691,42048,42405,42762,43119,43476,43833,44190,44547,44904,45261,45618,45975,46332,46689,47046,47403,47760,48117,48474,48831,49188,49545,49902,50259,50616,50973,51330,51687,52044,52401,52758,53115,53472,53829,54186,54543,54900,55257,55614,55971,56328,56685,57042,57399,57756,58113,58470,58827,59184,59541,59898,60255,60612,60969,61326,61683,62040,62397,62754,63111,63468,63825,64182,64539,64896,65253,65610,65967,66324,66681,67038,67395,67752,68109,68466,68823,69180,69537,69894,70251,70608,70965,71322,71679,72036,72393,72750,73107,73464,73821,74178,74535,74892,75249,75606,75963,76320,76677,77034,77391,77748,78105,78462,78819,79176,79533,79890,80247,80604,80961,81318,81675,82032,82389,82746,83103,83460,83817,84174,84531,84888,85245,85602,85959,86316,86673,87030,87387,87744,88101,88458,88815,89172,89529,89886,90243,90600,90957,91314,91671,92028,92385,92742,93099,93456,93813,94170,94527,94884,95241,95598,95955,96312,96669,97026,97383,97740,98097,98454,98811,99168,99525,99882,100239,100596,100953,101310,101667,102024,102381,102738,103095,103452,103809,104166,104523,104880,105237,105594,105951,106308,106665,107022,107379,107736,108093,108450,108807,109164,109521,109878,110235,110592,110949,111306,111663,112020,112377,112734,113091,113448,113805,114162,114519,114876,115233,115590,115947,116304,116661,117018,117375,117732,118089,118446,118803,119160,119517,119874,120231,120588,120945,121302,121659,122016,122373,122730,123087,123444,123801,124158,124515,124872,125229,125586,125943,126300,126657,127014,127371
280,637,994,1351,1708,2065,2422,2779,3136,3493,3850,4207,4564,4921,5278,5635,5992,6349,6706,7063,7420,7777,8134,8491,8848,9205,9562,9919,10276,10633,10990,11347,11704,12061,12418,12775,13132,13489,13846,14203,14560,14917,15274,15631,15988,16345,16702,17059,17416,17773,18130,18487,18844,19201,19558,19915,20272,20629,20986,21343,21700,22057,22414,22771,23128,23485,23842,24199,24556,24913,25270,25627,25984,26341,26698,27055,27412,27489,27769,28126,28483,28840,29197,29554,29911,30268,30625,30982,31339,31696,32053,32410,32767,33124,33481,33838,34195,34552,34909,35266,35623,35980,36337,36694,37051,37408,37765,38122,38479,38836,39193,39550,39907,40264,40621,40978,41335,41692,42049,42406,42763,43120,43477,43834,44191,44548,44905,45262,45619,45976,46333,46690,47047,47404,47761,48118,48475,48832,49189,49546,49903,50260,50617,50974,51331,51688,52045,52402,52759,53116,53473,53830,54187,54544,54901,55258,55615,55972,56329,56686,57043,57400,57757,58114,58471,58828,59185,59542,59899,60256,60613,60970,61327,61684,62041,62398,62755,63112,63469,63826,64183,64540,64897,65254,65611,65968,66325,66682,67039,67396,67753,68110,68467,68824,69181,69538,69895,70252,70609,70966,71323,71680,72037,72394,72751,73108,73465,73822,74179,74536,74893,75250,75607,75964,76321,76678,77035,77392,77749,78106,78463,78820,79177,79534,79891,80248,80605,80962,81319,81676,82033,82390,82747,83104,83461,83818,84175,84532,84889,85246,85603,85960,86317,86674,87031,87388,87745,88102,88459,88816,89173,89530,89887,90244,90601,90958,91315,91672,92029,92386,92743,93100,93457,93814,94171,94528,94885,95242,95599,95956,96313,96670,97027,97384,97741,98098,98455,98812,99169,99526,99883,100240,100597,100954,101311,101668,102025,102382,102739,103096,103453,103810,104167,104524,104881,105238,105595,105952,106309,106666,107023,107380,107737,108094,108451,108808,109165,109522,109879,110236,110593,110950,111307,111664,112021,112378,112735,113092,113449,113806,114163,114520,114877,115234,115591,115948,116305,116662,117019,117376,117733,118090,118447,118804,119161,119518,119875,120232,120589,120946,121303,121660,122017,122374,122731,123088,123445,123802,124159,124516,124873,125230,125587,125944,126301,126658,127015,127372
281,638,995,1352,1709,2066,2423,2780,3137,3494,3851,4208,4565,4922,5279,5636,5993,6350,6707,7064,7421,7778,8135,8492,8849,9206,9563,9920,10277,10634,10991,11348,11705,12062,12419,12776,13133,13490,13847,14204,14561,14918,15275,15632,15989,16346,16703,17060,17417,17774,18131,18488,18845,19202,19559,19916,20273,20630,20987,21344,21701,22058,22415,22772,23129,23486,23843,24200,24557,24914,25271,25628,25985,26342,26699,27056,27132,27413,27770,28127,28484,28841,29198,29555,29912,30269,30626,30983,31340,31697,32054,32411,32768,33125,33482,33839,34196,34553,34910,35267,35624,35981,36338,36695,37052,37409,37766,38123,38480,38837,39194,39551,39908,40265,40622,40979,41336,41693,42050,42407,42764,43121,43478,43835,44192,44549,44906,45263,45620,45977,46334,46691,47048,47405,47762,48119,48476,48833,49190,49547,49904,50261,50618,50975,51332,51689,52046,52403,52760,53117,53474,53831,54188,54545,54902,55259,55616,55973,56330,56687,57044,57401,57758,58115,58472,58829,59186,59543,59900,60257,60614,60971,61328,61685,62042,62399,62756,63113,63470,63827,64184,64541,64898,65255,65612,65969,66326,66683,67040,67397,67754,68111,68468,68825,69182,69539,69896,70253,70610,70967,71324,71681,72038,72395,72752,73109,73466,73823,74180,74537,74894,75251,75608,75965,76322,76679,77036,77393,77750,78107,78464,78821,79178,79535,79892,80249,80606,80963,81320,81677,82034,82391,82748,83105,83462,83819,84176,84533,84890,85247,85604,85961,86318,86675,87032,87389,87746,88103,88460,88817,89174,89531,89888,90245,90602,90959,91316,91673,92030,92387,92744,93101,93458,93815,94172,94529,94886,95243,95600,95957,96314,96671,97028,97385,97742,98099,98456,98813,99170,99527,99884,100241,100598,100955,101312,101669,102026,102383,102740,103097,103454,103811,104168,104525,104882,105239,105596,105953,106310,106667,107024,107381,107738,108095,108452,108809,109166,109523,109880,110237,110594,110951,111308,111665,112022,112379,112736,113093,113450,113807,114164,114521,114878,115235,115592,115949,116306,116663,117020,117377,117734,118091,118448,118805,119162,119519,119876,120233,120590,120947,121304,121661,122018,122375,122732,123089,123446,123803,124160,124517,124874,125231,125588,125945,126302,126659,127016,127373
282,639,996,1353,1710,2067,2424,2781,3138,3495,3852,4209,4566,4923,5280,5637,5994,6351,6708,7065,7422,7779,8136,8493,8850,9207,9564,9921,10278,10635,10992,11349,11706,12063,12420,12777,13134,13491,13848,14205,14562,14919,15276,15633,15990,16347,16704,17061,17418,17775,18132,18489,18846,19203,19560,19917,20274,20631,20988,21345,21702,22059,22416,22773,23130,23487,23844,24201,24558,24915,25272,25629,25986,26343,26700,26775,27057,27414,27771,28128,28485,28842,29199,29556,29913,30270,30627,30984,31341,31698,32055,32412,32769,33126,33483,33840,34197,34554,34911,35268,35625,35982,36339,36696,37053,37410,37767,38124,38481,38838,39195,39552,39909,40266,40623,40980,41337,41694,42051,42408,42765,43122,43479,43836,44193,44550,44907,45264,45621,45978,46335,46692,47049,47406,47763,48120,48477,48834,49191,49548,49905,50262,50619,50976,51333,51690,52047,52404,52761,53118,53475,53832,54189,54546,54903,55260,55617,55974,56331,56688,57045,57402,57759,58116,58473,58830,59187,59544,59901,60258,60615,60972,61329,61686,62043,62400,62757,63114,63471,63828,64185,64542,64899,65256,65613,65970,66327,66684,67041,67398,67755,68112,68469,68826,69183,69540,69897,70254,70611,70968,71325,71682,72039,72396,72753,73110,73467,73824,74181,74538,74895,75252,75609,75966,76323,76680,77037,77394,77751,78108,78465,78822,79179,79536,79893,80250,80607,80964,81321,81678,82035,82392,82749,83106,83463,83820,84177,84534,84891,85248,85605,85962,86319,86676,87033,87390,87747,88104,88461,88818,89175,89532,89889,90246,90603,90960,91317,91674,92031,92388,92745,93102,93459,93816,94173,94530,94887,95244,95601,95958,96315,96672,97029,97386,97743,98100,98457,98814,99171,99528,99885,100242,100599,100956,101313,101670,102027,102384,102741,103098,103455,103812,104169,104526,104883,105240,105597,105954,106311,106668,107025,107382,107739,108096,108453,108810,109167,109524,109881,110238,110595,110952,111309,111666,112023,112380,112737,113094,113451,113808,114165,114522,114879,115236,115593,115950,116307,116664,117021,117378,117735,118092,118449,118806,119163,119520,119877,120234,120591,120948,121305,121662,122019,122376,122733,123090,123447,123804,124161,124518,124875,125232,125589,125946,126303,126660,127017,127374
283,640,997,1354,1711,2068,2425,2782,3139,3496,3853,4210,4567,4924,5281,5638,5995,6352,6709,7066,7423,7780,8137,8494,8851,9208,9565,9922,10279,10636,10993,11350,11707,12064,12421,12778,13135,13492,13849,14206,14563,14920,15277,15634,15991,16348,16705,17062,17419,17776,18133,18490,18847,19204,19561,19918,20275,20632,20989,21346,21703,22060,22417,22774,23131,23488,23845,24202,24559,24916,25273,25630,25987,26344,26418,26701,27058,27415,27772,28129,28486,28843,29200,29557,29914,30271,30628,30985,31342,31699,32056,32413,32770,33127,33484,33841,34198,34555,34912,35269,35626,35983,36340,36697,37054,37411,37768,38125,38482,38839,39196,39553,39910,40267,40624,40981,41338,41695,42052,42409,42766,43123,43480,43837,44194,44551,44908,45265,45622,45979,46336,46693,47050,47407,47764,48121,48478,48835,49192,49549,49906,50263,50620,50977,51334,51691,52048,52405,52762,53119,53476,53833,54190,54547,54904,55261,55618,55975,56332,56689,57046,57403,57760,58117,58474,58831,59188,59545,59902,60259,60616,60973,61330,61687,62044,62401,62758,63115,63472,63829,64186,64543,64900,65257,65614,65971,66328,66685,67042,67399,67756,68113,68470,68827,69184,69541,69898,70255,70612,70969,71326,71683,72040,72397,72754,73111,73468,73825,74182,74539,74896,75253,75610,75967,76324,76681,77038,77395,77752,78109,78466,78823,79180,79537,79894,80251,80608,80965,81322,81679,82036,82393,82750,83107,83464,83821,84178,84535,84892,85249,85606,85963,86320,86677,87034,87391,87748,88105,88462,88819,89176,89533,89890,90247,90604,90961,91318,91675,92032,92389,92746,93103,93460,93817,94174,94531,94888,95245,95602,95959,96316,96673,97030,97387,97744,98101,98458,98815,99172,99529,99886,100243,100600,100957,101314,101671,102028,102385,102742,103099,103456,103813,104170,104527,104884,105241,105598,105955,106312,106669,107026,107383,107740,108097,108454,108811,109168,109525,109882,110239,110596,110953,111310,111667,112024,112381,112738,113095,113452,113809,114166,114523,114880,115237,115594,115951,116308,116665,117022,117379,117736,118093,118450,118807,119164,119521,119878,120235,120592,120949,121306,121663,122020,122377,122734,123091,123448,123805,124162,124519,124876,125233,125590,125947,126304,126661,127018,127375
284,641,998,1355,1712,2069,2426,2783,3140,3497,3854,4211,4568,4925,5282,5639,5996,6353,6710,7067,7424,7781,8138,8495,8852,9209,9566,9923,10280,10637,10994,11351,11708,12065,12422,12779,13136,13493,13850,14207,14564,14921,15278,15635,15992,16349,16706,17063,17420,17777,18134,18491,18848,19205,19562,19919,20276,20633,20990,21347,21704,22061,22418,22775,23132,23489,23846,24203,24560,24917,25274,25631,25988,26061,26345,26702,27059,27416,27773,28130,28487,28844,29201,29558,29915,30272,30629,30986,31343,31700,32057,32414,32771,33128,33485,33842,34199,34556,34913,35270,35627,35984,36341,36698,37055,37412,37769,38126,38483,38840,39197,39554,39911,40268,40625,40982,41339,41696,42053,42410,42767,43124,43481,43838,44195,44552,44909,45266,45623,45980,46337,46694,47051,47408,47765,48122,48479,48836,49193,49550,49907,50264,50621,50978,51335,51692,52049,52406,52763,53120,53477,53834,54191,54548,54905,55262,55619,55976,56333,56690,57047,57404,57761,58118,58475,58832,59189,59546,59903,60260,60617,60974,61331,61688,62045,62402,62759,63116,63473,63830,64187,64544,64901,65258,65615,65972,66329,66686,67043,67400,67757,68114,68471,68828,69185,69542,69899,70256,70613,70970,71327,71684,72041,72398,72755,73112,73469,73826,74183,74540,74897,75254,75611,75968,76325,76682,77039,77396,77753,78110,78467,78824,79181,79538,79895,80252,80609,80966,81323,81680,82037,82394,82751,83108,83465,83822,84179,84536,84893,85250,85607,85964,86321,86678,87035,87392,87749,88106,88463,88820,89177,89534,89891,90248,90605,90962,91319,91676,92033,92390,92747,93104,93461,93818,94175,94532,94889,95246,95603,95960,96317,96674,97031,97388,97745,98102,98459,98816,99173,99530,99887,100244,100601,100958,101315,101672,102029,102386,102743,103100,103457,103814,104171,104528,104885,105242,105599,105956,106313,106670,107027,107384,107741,108098,108455,108812,109169,109526,109883,110240,110597,110954,111311,111668,112025,112382,112739,113096,113453,113810,114167,114524,114881,115238,115595,115952,116309,116666,117023,117380,117737,118094,118451,118808,119165,119522,119879,120236,120593,120950,121307,121664,122021,122378,122735,123092,123449,123806,124163,124520,124877,125234,125591,125948,126305,126662,127019,127376
285,642,999,1356,1713,2070,2427,2784,3141,3498,3855,4212,4569,4926,5283,5640,5997,6354,6711,7068,7425,7782,8139,8496,8853,9210,9567,9924,10281,10638,10995,11352,11709,12066,12423,12780,13137,13494,13851,14208,14565,14922,15279,15636,15993,16350,16707,17064,17421,17778,18135,18492,18849,19206,19563,19920,20277,20634,20991,21348,21705,22062,22419,22776,23133,23490,23847,24204,24561,24918,25275,25632,25704,25989,26346,26703,27060,27417,27774,28131,28488,28845,29202,29559,29916,30273,30630,30987,31344,31701,32058,32415,32772,33129,33486,33843,34200,34557,34914,35271,35628,35985,36342,36699,37056,37413,37770,38127,38484,38841,39198,39555,39912,40269,40626,40983,41340,41697,42054,42411,42768,43125,43482,43839,44196,44553,44910,45267,45624,45981,46338,46695,47052,47409,47766,48123,48480,48837,49194,49551,49908,50265,50622,50979,51336,51693,52050,52407,52764,53121,53478,53835,54192,54549,54906,55263,55620,55977,56334,56691,57048,57405,57762,58119,58476,58833,59190,59547,59904,60261,60618,60975,61332,61689,62046,62403,62760,63117,63474,63831,64188,64545,64902,65259,65616,65973,66330,66687,67044,67401,67758,68115,68472,68829,69186,69543,69900,70257,70614,70971,71328,71685,72042,72399,72756,73113,73470,73827,74184,74541,74898,75255,75612,75969,76326,76683,77040,77397,77754,78111,78468,78825,79182,79539,79896,80253,80610,80967,81324,81681,82038,82395,82752,83109,83466,83823,84180,84537,84894,85251,85608,85965,86322,86679,87036,87393,87750,88107,88464,88821,89178,89535,89892,90249,90606,90963,91320,91677,92034,92391,92748,93105,93462,93819,94176,94533,94890,95247,95604,95961,96318,96675,97032,97389,97746,98103,98460,98817,99174,99531,99888,100245,100602,100959,101316,101673,102030,102387,102744,103101,103458,103815,104172,104529,104886,105243,105600,105957,106314,106671,107028,107385,107742,108099,108456,108813,109170,109527,109884,110241,110598,110955,111312,111669,112026,112383,112740,113097,113454,113811,114168,114525,114882,115239,115596,115953,116310,116667,117024,117381,117738,118095,118452,118809,119166,119523,119880,120237,120594,120951,121308,121665,122022,122379,122736,123093,123450,123807,124164,124521,124878,125235,125592,125949,126306,126663,127020,127377
286,643,1000,1357,1714,2071,2428,2785,3142,3499,3856,4213,4570,4927,5284,5641,5998,6355,6712,7069,7426,7783,8140,8497,8854,9211,9568,9925,10282,10639,10996,11353,11710,12067,12424,12781,13138,13495,13852,14209,14566,14923,15280,15637,15994,16351,16708,17065,17422,17779,18136,18493,18850,19207,19564,19921,20278,20635,20992,21349,21706,22063,22420,22777,23134,23491,23848,24205,24562,24919,25276,25347,25633,25990,26347,26704,27061,27418,27775,28132,28489,28846,29203,29560,29917,30274,30631,30988,31345,31702,32059,32416,32773,33130,33487,33844,34201,34558,34915,35272,35629,35986,36343,36700,37057,37414,37771,38128,38485,38842,39199,39556,39913,40270,40627,40984,41341,41698,42055,42412,42769,43126,43483,43840,44197,44554,44911,45268,45625,45982,46339,46696,47053,47410,47767,48124,48481,48838,49195,49552,49909,50266,50623,50980,51337,51694,52051,52408,52765,53122,53479,53836,54193,54550,54907,55264,55621,55978,56335,56692,57049,57406,57763,58120,58477,58834,59191,59548,59905,60262,60619,60976,61333,61690,62047,62404,62761,63118,63475,63832,64189,64546,64903,65260,65617,65974,66331,66688,67045,67402,67759,68116,68473,68830,69187,69544,69901,70258,70615,70972,71329,71686,72043,72400,72757,73114,73471,73828,74185,74542,74899,75256,75613,75970,76327,76684,77041,77398,77755,78112,78469,78826,79183,79540,79897,80254,80611,80968,81325,81682,82039,82396,82753,83110,83467,83824,84181,84538,84895,85252,85609,85966,86323,86680,87037,87394,87751,88108,88465,88822,89179,89536,89893,90250,90607,90964,91321,91678,92035,92392,92749,93106,93463,93820,94177,94534,94891,95248,95605,95962,96319,96676,97033,97390,97747,98104,98461,98818,99175,99532,99889,100246,100603,100960,101317,101674,102031,102388,102745,103102,103459,103816,104173,104530,104887,105244,105601,105958,106315,106672,107029,107386,107743,108100,108457,108814,109171,109528,109885,110242,110599,110956,111313,111670,112027,112384,112741,113098,113455,113812,114169,114526,114883,115240,115597,115954,116311,116668,117025,117382,117739,118096,118453,118810,119167,119524,119881,120238,120595,120952,121309,121666,122023,122380,122737,123094,123451,123808,124165,124522,124879,125236,125593,125950,126307,126664,127021,127378
287,644,1001,1358,1715,2072,2429,2786,3143,3500,3857,4214,4571,4928,5285,5642,5999,6356,6713,7070,7427,7784,8141,8498,8855,9212,9569,9926,10283,10640,10997,11354,11711,12068,12425,12782,13139,13496,13853,14210,14567,14924,15281,15638,15995,16352,16709,17066,17423,17780,18137,18494,18851,19208,19565,19922,20279,20636,20993,21350,21707,22064,22421,22778,23135,23492,23849,24206,24563,24920,24990,25277,25634,25991,26348,26705,27062,27419,27776,28133,28490,28847,29204,29561,29918,30275,30632,30989,31346,31703,32060,32417,32774,33131,33488,33845,34202,34559,34916,35273,35630,35987,36344,36701,37058,37415,37772,38129,38486,38843,39200,39557,39914,40271,40628,40985,41342,41699,42056,42413,42770,43127,43484,43841,44198,44555,44912,45269,45626,45983,46340,46697,47054,47411,47768,48125,48482,48839,49196,49553,49910,50267,50624,50981,51338,51695,52052,52409,52766,53123,53480,53837,54194,54551,54908,55265,55622,55979,56336,56693,57050,57407,57764,58121,58478,58835,59192,59549,59906,60263,60620,60977,61334,61691,62048,62405,62762,63119,63476,63833,64190,64547,64904,65261,65618,65975,66332,66689,67046,67403,67760,68117,68474,68831,69188,69545,69902,70259,70616,70973,71330,71687,72044,72401,72758,73115,73472,73829,74186,74543,74900,75257,75614,75971,76328,76685,77042,77399,77756,78113,78470,78827,79184,79541,79898,80255,80612,80969,81326,81683,82040,82397,82754,83111,83468,83825,84182,84539,84896,85253,85610,85967,86324,86681,87038,87395,87752,88109,88466,88823,89180,89537,89894,90251,90608,90965,91322,91679,92036,92393,92750,93107,93464,93821,94178,94535,94892,95249,95606,95963,96320,96677,97034,97391,97748,98105,98462,98819,99176,99533,99890,100247,100604,100961,101318,101675,102032,102389,102746,103103,103460,103817,104174,104531,104888,105245,105602,105959,106316,106673,107030,107387,107744,108101,108458,108815,109172,109529,109886,110243,110600,110957,111314,111671,112028,112385,112742,113099,113456,113813,114170,114527,114884,115241,115598,115955,116312,116669,117026,117383,117740,118097,118454,118811,119168,119525,119882,120239,120596,120953,121310,121667,122024,122381,122738,123095,123452,123809,124166,124523,124880,125237,125594,125951,126308,126665,127022,127379
288,645,1002,1359,1716,2073,2430,2787,3144,3501,3858,4215,4572,4929,5286,5643,6000,6357,6714,7071,7428,7785,8142,8499,8856,9213,9570,9927,10284,10641,10998,11355,11712,12069,12426,12783,13140,13497,13854,14211,14568,14925,15282,15639,15996,16353,16710,17067,17424,17781,18138,18495,18852,19209,19566,19923,20280,20637,20994,21351,21708,22065,22422,22779,23136,23493,23850,24207,24564,24633,24921,25278,25635,25992,26349,26706,27063,27420,27777,28134,28491,28848,29205,29562,29919,30276,30633,30990,31347,31704,32061,32418,32775,33132,33489,33846,34203,34560,34917,35274,35631,35988,36345,36702,37059,37416,37773,38130,38487,38844,39201,39558,39915,40272,40629,40986,41343,41700,42057,42414,42771,43128,43485,43842,44199,44556,44913,45270,45627,45984,46341,46698,47055,47412,47769,48126,48483,48840,49197,49554,49911,50268,50625,50982,51339,51696,52053,52410,52767,53124,53481,53838,54195,54552,54909,55266,55623,55980,56337,56694,57051,57408,57765,58122,58479,58836,59193,59550,59907,60264,60621,60978,61335,61692,62049,62406,62763,63120,63477,63834,64191,64548,64905,65262,65619,65976,66333,66690,67047,67404,67761,68118,68475,68832,69189,69546,69903,70260,70617,70974,71331,71688,72045,72402,72759,73116,73473,73830,74187,74544,74901,75258,75615,75972,76329,76686,77043,77400,77757,78114,78471,78828,79185,79542,79899,80256,80613,80970,81327,81684,82041,82398,82755,83112,83469,83826,84183,84540,84897,85254,85611,85968,86325,86682,87039,87396,87753,88110,88467,88824,89181,89538,89895,90252,90609,90966,91323,91680,92037,92394,92751,93108,93465,93822,94179,94536,94893,95250,95607,95964,96321,96678,97035,97392,97749,98106,98463,98820,99177,99534,99891,100248,100605,100962,101319,101676,102033,102390,102747,103104,103461,103818,104175,104532,104889,105246,105603,105960,106317,106674,107031,107388,107745,108102,108459,108816,109173,109530,109887,110244,110601,110958,111315,111672,112029,112386,112743,113100,113457,113814,114171,114528,114885,115242,115599,115956,116313,116670,117027,117384,117741,118098,118455,118812,119169,119526,119883,120240,120597,120954,121311,121668,122025,122382,122739,123096,123453,123810,124167,124524,124881,125238,125595,125952,126309,126666,127023,127380
289,646,1003,1360,1717,2074,2431,2788,3145,3502,3859,4216,4573,4930,5287,5644,6001,6358,6715,7072,7429,7786,8143,8500,8857,9214,9571,9928,10285,10642,10999,11356,11713,12070,12427,12784,13141,13498,13855,14212,14569,14926,15283,15640,15997,16354,16711,17068,17425,17782,18139,18496,18853,19210,19567,19924,20281,20638,20995,21352,21709,22066,22423,22780,23137,23494,23851,24208,24276,24565,24922,25279,25636,25993,26350,26707,27064,27421,27778,28135,28492,28849,29206,29563,29920,30277,30634,30991,31348,31705,32062,32419,32776,33133,33490,33847,34204,34561,34918,35275,35632,35989,36346,36703,37060,37417,37774,38131,38488,38845,39202,39559,39916,40273,40630,40987,41344,41701,42058,42415,42772,43129,43486,43843,44200,44557,44914,45271,45628,45985,46342,46699,47056,47413,47770,48127,48484,48841,49198,49555,49912,50269,50626,50983,51340,51697,52054,52411,52768,53125,53482,53839,54196,54553,54910,55267,55624,55981,56338,56695,57052,57409,57766,58123,58480,58837,59194,59551,59908,60265,60622,60979,61336,61693,62050,62407,62764,63121,63478,63835,64192,64549,64906,65263,65620,65977,66334,66691,67048,67405,67762,68119,68476,68833,69190,69547,69904,70261,70618,70975,71332,71689,72046,72403,72760,73117,73474,73831,74188,74545,74902,75259,75616,75973,76330,76687,77044,77401,77758,78115,78472,78829,79186,79543,79900,80257,80614,80971,81328,81685,82042,82399,82756,83113,83470,83827,84184,84541,84898,85255,85612,85969,86326,86683,87040,87397,87754,88111,88468,88825,89182,89539,89896,90253,90610,90967,91324,91681,92038,92395,92752,93109,93466,93823,94180,94537,94894,95251,95608,95965,96322,96679,97036,97393,97750,98107,98464,98821,99178,99535,99892,100249,100606,100963,101320,101677,102034,102391,102748,103105,103462,103819,104176,104533,104890,105247,105604,105961,106318,106675,107032,107389,107746,108103,108460,108817,109174,109531,109888,110245,110602,110959,111316,111673,112030,112387,112744,113101,113458,113815,114172,114529,114886,115243,115600,115957,116314,116671,117028,117385,117742,118099,118456,118813,119170,119527,119884,120241,120598,120955,121312,121669,122026,122383,122740,123097,123454,123811,124168,124525,124882,125239,125596,125953,126310,126667,127024,127381
290,647,1004,1361,1718,2075,2432,2789,3146,3503,3860,4217,4574,4931,5288,5645,6002,6359,6716,7073,7430,7787,8144,8501,8858,9215,9572,9929,10286,10643,11000,11357,11714,12071,12428,12785,13142,13499,13856,14213,14570,14927,15284,15641,15998,16355,16712,17069,17426,17783,18140,18497,18854,19211,19568,19925,20282,20639,20996,21353,21710,22067,22424,22781,23138,23495,23852,23919,24209,24566,24923,25280,25637,25994,26351,26708,27065,27422,27779,28136,28493,28850,29207,29564,29921,30278,30635,30992,31349,31706,32063,32420,32777,33134,33491,33848,34205,34562,34919,35276,35633,35990,36347,36704,37061,37418,37775,38132,38489,38846,39203,39560,39917,40274,40631,40988,41345,41702,42059,42416,42773,43130,43487,43844,44201,44558,44915,45272,45629,45986,46343,46700,47057,47414,47771,48128,48485,48842,49199,49556,49913,50270,50627,50984,51341,51698,52055,52412,52769,53126,53483,53840,54197,54554,54911,55268,55625,55982,56339,56696,57053,57410,57767,58124,58481,58838,59195,59552,59909,60266,60623,60980,61337,61694,62051,62408,62765,63122,63479,63836,64193,64550,64907,65264,65621,65978,66335,66692,67049,67406,67763,68120,68477,68834,69191,69548,69905,70262,70619,70976,71333,71690,72047,72404,72761,73118,73475,73832,74189,74546,74903,75260,75617,75974,76331,76688,77045,77402,77759,78116,78473,78830,79187,79544,79901,80258,80615,80972,81329,81686,82043,82400,82757,83114,83471,83828,84185,84542,84899,85256,85613,85970,86327,86684,87041,87398,87755,88112,88469,88826,89183,89540,89897,90254,90611,90968,91325,91682,92039,92396,92753,93110,93467,93824,94181,94538,94895,95252,95609,95966,96323,96680,97037,97394,97751,98108,98465,98822,99179,99536,99893,100250,100607,100964,101321,101678,102035,102392,102749,103106,103463,103820,104177,104534,104891,105248,105605,105962,106319,106676,107033,107390,107747,108104,108461,108818,109175,109532,109889,110246,110603,110960,111317,111674,112031,112388,112745,113102,113459,113816,114173,114530,114887,115244,115601,115958,116315,116672,117029,117386,117743,118100,118457,118814,119171,119528,119885,120242,120599,120956,121313,121670,122027,122384,122741,123098,123455,123812,124169,124526,124883,125240,125597,125954,126311,126668,127025,127382
291,648,1005,1362,1719,2076,2433,2790,3147,3504,3861,4218,4575,4932,5289,5646,6003,6360,6717,7074,7431,7788,8145,8502,8859,9216,9573,9930,10287,10644,11001,11358,11715,12072,12429,12786,13143,13500,13857,14214,14571,14928,15285,15642,15999,16356,16713,17070,17427,17784,18141,18498,18855,19212,19569,19926,20283,20640,20997,21354,21711,22068,22425,22782,23139,23496,23562,23853,24210,24567,24924,25281,25638,25995,26352,26709,27066,27423,27780,28137,28494,28851,29208,29565,29922,30279,30636,30993,31350,31707,32064,32421,32778,33135,33492,33849,34206,34563,34920,35277,35634,35991,36348,36705,37062,37419,37776,38133,38490,38847,39204,39561,39918,40275,40632,40989,41346,41703,42060,42417,42774,43131,43488,43845,44202,44559,44916,45273,45630,45987,46344,46701,47058,47415,47772,48129,48486,48843,49200,49557,49914,50271,50628,50985,51342,51699,52056,52413,52770,53127,53484,53841,54198,54555,54912,55269,55626,55983,56340,56697,57054,57411,57768,58125,58482,58839,59196,59553,59910,60267,60624,60981,61338,61695,62052,62409,62766,63123,63480,63837,64194,64551,64908,65265,65622,65979,66336,66693,67050,67407,67764,68121,68478,68835,69192,69549,69906,70263,70620,70977,71334,71691,72048,72405,72762,73119,73476,73833,74190,74547,74904,75261,75618,75975,76332,76689,77046,77403,77760,78117,78474,78831,79188,79545,79902,80259,80616,80973,81330,81687,82044,82401,82758,83115,83472,83829,84186,84543,84900,85257,85614,85971,86328,86685,87042,87399,87756,88113,88470,88827,89184,89541,89898,90255,90612,90969,91326,91683,92040,92397,92754,93111,93468,93825,94182,94539,94896,95253,95610,95967,96324,96681,97038,97395,97752,98109,98466,98823,99180,99537,99894,100251,100608,100965,101322,101679,102036,102393,102750,103107,103464,103821,104178,104535,104892,105249,105606,105963,106320,106677,107034,107391,107748,108105,108462,108819,109176,109533,109890,110247,110604,110961,111318,111675,112032,112389,112746,113103,113460,113817,114174,114531,114888,115245,115602,115959,116316,116673,117030,117387,117744,118101,118458,118815,119172,119529,119886,120243,120600,120957,121314,121671,122028,122385,122742,123099,123456,123813,124170,124527,124884,125241,125598,125955,126312,126669,127026,127383
292,649,1006,1363,1720,2077,2434,2791,3148,3505,3862,4219,4576,4933,5290,5647,6004,6361,6718,7075,7432,7789,8146,8503,8860,9217,9574,9931,10288,10645,11002,11359,11716,12073,12430,12787,13144,13501,13858,14215,14572,14929,15286,15643,16000,16357,16714,17071,17428,17785,18142,18499,18856,19213,19570,19927,20284,20641,20998,21355,21712,22069,22426,22783,23140,23205,23497,23854,24211,24568,24925,25282,25639,25996,26353,26710,27067,27424,27781,28138,28495,28852,29209,29566,29923,30280,30637,30994,31351,31708,32065,32422,32779,33136,33493,33850,34207,34564,34921,35278,35635,35992,36349,36706,37063,37420,37777,38134,38491,38848,39205,39562,39919,40276,40633,40990,41347,41704,42061,42418,42775,43132,43489,43846,44203,44560,44917,45274,45631,45988,46345,46702,47059,47416,47773,48130,48487,48844,49201,49558,49915,50272,50629,50986,51343,51700,52057,52414,52771,53128,53485,53842,54199,54556,54913,55270,55627,55984,56341,56698,57055,57412,57769,58126,58483,58840,59197,59554,59911,60268,60625,60982,61339,61696,62053,62410,62767,63124,63481,63838,64195,64552,64909,65266,65623,65980,66337,66694,67051,67408,67765,68122,68479,68836,69193,69550,69907,70264,70621,70978,71335,71692,72049,72406,72763,73120,73477,73834,74191,74548,74905,75262,75619,75976,76333,76690,77047,77404,77761,78118,78475,78832,79189,79546,79903,80260,80617,80974,81331,81688,82045,82402,82759,83116,83473,83830,84187,84544,84901,85258,85615,85972,86329,86686,87043,87400,87757,88114,88471,88828,89185,89542,89899,90256,90613,90970,91327,91684,92041,92398,92755,93112,93469,93826,94183,94540,94897,95254,95611,95968,96325,96682,97039,97396,97753,98110,98467,98824,99181,99538,99895,100252,100609,100966,101323,101680,102037,102394,102751,103108,103465,103822,104179,104536,104893,105250,105607,105964,106321,106678,107035,107392,107749,108106,108463,108820,109177,109534,109891,110248,110605,110962,111319,111676,112033,112390,112747,113104,113461,113818,114175,114532,114889,115246,115603,115960,116317,116674,117031,117388,117745,118102,118459,118816,119173,119530,119887,120244,120601,120958,121315,121672,122029,122386,122743,123100,123457,123814,124171,124528,124885,125242,125599,125956,126313,126670,127027,127384
293,650,1007,1364,1721,2078,2435,2792,3149,3506,3863,4220,4577,4934,5291,5648,6005,6362,6719,7076,7433,7790,8147,8504,8861,9218,9575,9932,10289,10646,11003,11360,11717,12074,12431,12788,13145,13502,13859,14216,14573,14930,15287,15644,16001,16358,16715,17072,17429,17786,18143,18500,18857,19214,19571,19928,20285,20642,20999,21356,21713,22070,22427,22784,22848,23141,23498,23855,24212,24569,24926,25283,25640,25997,26354,26711,27068,27425,27782,28139,28496,28853,29210,29567,29924,30281,30638,30995,31352,31709,32066,32423,32780,33137,33494,33851,34208,34565,34922,35279,35636,35993,36350,36707,37064,37421,37778,38135,38492,38849,39206,39563,39920,40277,40634,40991,41348,41705,42062,42419,42776,43133,43490,43847,44204,44561,44918,45275,45632,45989,46346,46703,47060,47417,47774,48131,48488,48845,49202,49559,49916,50273,50630,50987,51344,51701,52058,52415,52772,53129,53486,53843,54200,54557,54914,55271,55628,55985,56342,56699,57056,57413,57770,58127,58484,58841,59198,59555,59912,60269,60626,60983,61340,61697,62054,62411,62768,63125,63482,63839,64196,64553,64910,65267,65624,65981,66338,66695,67052,67409,67766,68123,68480,68837,69194,69551,69908,70265,70622,70979,71336,71693,72050,72407,72764,73121,73478,73835,74192,74549,74906,75263,75620,75977,76334,76691,77048,77405,77762,78119,78476,78833,79190,79547,79904,80261,80618,80975,81332,81689,82046,82403,82760,83117,83474,83831,84188,84545,84902,85259,85616,85973,86330,86687,87044,87401,87758,88115,88472,88829,89186,89543,89900,90257,90614,90971,91328,91685,92042,92399,92756,93113,93470,93827,94184,94541,94898,95255,95612,95969,96326,96683,97040,97397,97754,98111,98468,98825,99182,99539,99896,100253,100610,100967,101324,101681,102038,102395,102752,103109,103466,103823,104180,104537,104894,105251,105608,105965,106322,106679,107036,107393,107750,108107,108464,108821,109178,109535,109892,110249,110606,110963,111320,111677,112034,112391,112748,113105,113462,113819,114176,114533,114890,115247,115604,115961,116318,116675,117032,117389,117746,118103,118460,118817,119174,119531,119888,120245,120602,120959,121316,121673,122030,122387,122744,123101,123458,123815,124172,124529,124886,125243,125600,125957,126314,126671,127028,127385
294,651,1008,1365,1722,2079,2436,2793,3150,3507,3864,4221,4578,4935,5292,5649,6006,6363,6720,7077,7434,7791,8148,8505,8862,9219,9576,9933,10290,10647,11004,11361,11718,12075,12432,12789,13146,13503,13860,14217,14574,14931,15288,15645,16002,16359,16716,17073,17430,17787,18144,18501,18858,19215,19572,19929,20286,20643,21000,21357,21714,22071,22428,22491,22785,23142,23499,23856,24213,24570,24927,25284,25641,25998,26355,26712,27069,27426,27783,28140,28497,28854,29211,29568,29925,30282,30639,30996,31353,31710,32067,32424,32781,33138,33495,33852,34209,34566,34923,35280,35637,35994,36351,36708,37065,37422,37779,38136,38493,38850,39207,39564,39921,40278,40635,40992,41349,41706,42063,42420,42777,43134,43491,43848,44205,44562,44919,45276,45633,45990,46347,46704,47061,47418,47775,48132,48489,48846,49203,49560,49917,50274,50631,50988,51345,51702,52059,52416,52773,53130,53487,53844,54201,54558,54915,55272,55629,55986,56343,56700,57057,57414,57771,58128,58485,58842,59199,59556,59913,60270,60627,60984,61341,61698,62055,62412,62769,63126,63483,63840,64197,64554,64911,65268,65625,65982,66339,66696,67053,67410,67767,68124,68481,68838,69195,69552,69909,70266,70623,70980,71337,71694,72051,72408,72765,73122,73479,73836,74193,74550,74907,75264,75621,75978,76335,76692,77049,77406,77763,78120,78477,78834,79191,79548,79905,80262,80619,80976,81333,81690,82047,82404,82761,83118,83475,83832,84189,84546,84903,85260,85617,85974,86331,86688,87045,87402,87759,88116,88473,88830,89187,89544,89901,90258,90615,90972,91329,91686,92043,92400,92757,93114,93471,93828,94185,94542,94899,95256,95613,95970,96327,96684,97041,97398,97755,98112,98469,98826,99183,99540,99897,100254,100611,100968,101325,101682,102039,102396,102753,103110,103467,103824,104181,104538,104895,105252,105609,105966,106323,106680,107037,107394,107751,108108,108465,108822,109179,109536,109893,110250,110607,110964,111321,111678,112035,112392,112749,113106,113463,113820,114177,114534,114891,115248,115605,115962,116319,116676,117033,117390,117747,118104,118461,118818,119175,119532,119889,120246,120603,120960,121317,121674,122031,122388,122745,123102,123459,123816,124173,124530,124887,125244,125601,125958,126315,126672,127029,127386
295,652,1009,1366,1723,2080,2437,2794,3151,3508,3865,4222,4579,4936,5293,5650,6007,6364,6721,7078,7435,7792,8149,8506,8863,9220,9577,9934,10291,10648,11005,11362,11719,12076,12433,12790,13147,13504,13861,14218,14575,14932,15289,15646,16003,16360,16717,17074,17431,17788,18145,18502,18859,19216,19573,19930,20287,20644,21001,21358,21715,22072,22134,22429,22786,23143,23500,23857,24214,24571,24928,25285,25642,25999,26356,26713,27070,27427,27784,28141,28498,28855,29212,29569,29926,30283,30640,30997,31354,31711,32068,32425,32782,33139,33496,33853,34210,34567,34924,35281,35638,35995,36352,36709,37066,37423,37780,38137,38494,38851,39208,39565,39922,40279,40636,40993,41350,41707,42064,42421,42778,43135,43492,43849,44206,44563,44920,45277,45634,45991,46348,46705,47062,47419,47776,48133,48490,48847,49204,49561,49918,50275,50632,50989,51346,51703,52060,52417,52774,53131,53488,53845,54202,54559,54916,55273,55630,55987,56344,56701,57058,57415,57772,58129,58486,58843,59200,59557,59914,60271,60628,60985,61342,61699,62056,62413,62770,63127,63484,63841,64198,64555,64912,65269,65626,65983,66340,66697,67054,67411,67768,68125,68482,68839,69196,69553,69910,70267,70624,70981,71338,71695,72052,72409,72766,73123,73480,73837,74194,74551,74908,75265,75622,75979,76336,76693,77050,77407,77764,78121,78478,78835,79192,79549,79906,80263,80620,80977,81334,81691,82048,82405,82762,83119,83476,83833,84190,84547,84904,85261,85618,85975,86332,86689,87046,87403,87760,88117,88474,88831,89188,89545,89902,90259,90616,90973,91330,91687,92044,92401,92758,93115,93472,93829,94186,94543,94900,95257,95614,95971,96328,96685,97042,97399,97756,98113,98470,98827,99184,99541,99898,100255,100612,100969,101326,101683,102040,102397,102754,103111,103468,103825,104182,104539,104896,105253,105610,105967,106324,106681,107038,107395,107752,108109,108466,108823,109180,109537,109894,110251,110608,110965,111322,111679,112036,112393,112750,113107,113464,113821,114178,114535,114892,115249,115606,115963,116320,116677,117034,117391,117748,118105,118462,118819,119176,119533,119890,120247,120604,120961,121318,121675,122032,122389,122746,123103,123460,123817,124174,124531,124888,125245,125602,125959,126316,126673,127030,127387
296,653,1010,1367,1724,2081,2438,2795,3152,3509,3866,4223,4580,4937,5294,5651,6008,6365,6722,7079,7436,7793,8150,8507,8864,9221,9578,9935,10292,10649,11006,11363,11720,12077,12434,12791,13148,13505,13862,14219,14576,14933,15290,15647,16004,16361,16718,17075,17432,17789,18146,18503,18860,19217,19574,19931,20288,20645,21002,21359,21716,21777,22073,22430,22787,23144,23501,23858,24215,24572,24929,25286,25643,26000,26357,26714,27071,27428,27785,28142,28499,28856,29213,29570,29927,30284,30641,30998,31355,31712,32069,32426,32783,33140,33497,33854,34211,34568,34925,35282,35639,35996,36353,36710,37067,37424,37781,38138,38495,38852,39209,39566,39923,40280,40637,40994,41351,41708,42065,42422,42779,43136,43493,43850,44207,44564,44921,45278,45635,45992,46349,46706,47063,47420,47777,48134,48491,48848,49205,49562,49919,50276,50633,50990,51347,51704,52061,52418,52775,53132,53489,53846,54203,54560,54917,55274,55631,55988,56345,56702,57059,57416,57773,58130,58487,58844,59201,59558,59915,60272,60629,60986,61343,61700,62057,62414,62771,63128,63485,63842,64199,64556,64913,65270,65627,65984,66341,66698,67055,67412,67769,68126,68483,68840,69197,69554,69911,70268,70625,70982,71339,71696,72053,72410,72767,73124,73481,73838,74195,74552,74909,75266,75623,75980,76337,76694,77051,77408,77765,78122,78479,78836,79193,79550,79907,80264,80621,80978,81335,81692,82049,82406,82763,83120,83477,83834,84191,84548,84905,85262,85619,85976,86333,86690,87047,87404,87761,88118,88475,88832,89189,89546,89903,90260,90617,90974,91331,91688,92045,92402,92759,93116,93473,93830,94187,94544,94901,95258,95615,95972,96329,96686,97043,97400,97757,98114,98471,98828,99185,99542,99899,100256,100613,100970,101327,101684,102041,102398,102755,103112,103469,103826,104183,104540,104897,105254,105611,105968,106325,106682,107039,107396,107753,108110,108467,108824,109181,109538,109895,110252,110609,110966,111323,111680,112037,112394,112751,113108,113465,113822,114179,114536,114893,115250,115607,115964,116321,116678,117035,117392,117749,118106,118463,118820,119177,119534,119891,120248,120605,120962,121319,121676,122033,122390,122747,123104,123461,123818,124175,124532,124889,125246,125603,125960,126317,126674,127031,127388
297,654,1011,1368,1725,2082,2439,2796,3153,3510,3867,4224,4581,4938,5295,5652,6009,6366,6723,7080,7437,7794,8151,8508,8865,9222,9579,9936,10293,10650,11007,11364,11721,12078,12435,12792,13149,13506,13863,14220,14577,14934,15291,15648,16005,16362,16719,17076,17433,17790,18147,18504,18861,19218,19575,19932,20289,20646,21003,21360,21420,21717,22074,22431,22788,23145,23502,23859,24216,24573,24930,25287,25644,26001,26358,26715,27072,27429,27786,28143,28500,28857,29214,29571,29928,30285,30642,30999,31356,31713,32070,32427,32784,33141,33498,33855,34212,34569,34926,35283,35640,35997,36354,36711,37068,37425,37782,38139,38496,38853,39210,39567,39924,40281,40638,40995,41352,41709,42066,42423,42780,43137,43494,43851,44208,44565,44922,45279,45636,45993,46350,46707,47064,47421,47778,48135,48492,48849,49206,49563,49920,50277,50634,50991,51348,51705,52062,52419,52776,53133,53490,53847,54204,54561,54918,55275,55632,55989,56346,56703,57060,57417,57774,58131,58488,58845,59202,59559,59916,60273,60630,60987,61344,61701,62058,62415,62772,63129,63486,63843,64200,64557,64914,65271,65628,65985,66342,66699,67056,67413,67770,68127,68484,68841,69198,69555,69912,70269,70626,70983,71340,71697,72054,72411,72768,73125,73482,73839,74196,74553,74910,75267,75624,75981,76338,76695,77052,77409,77766,78123,78480,78837,79194,79551,79908,80265,80622,80979,81336,81693,82050,82407,82764,83121,83478,83835,84192,84549,84906,85263,85620,85977,86334,86691,87048,87405,87762,88119,88476,88833,89190,89547,89904,90261,90618,90975,91332,91689,92046,92403,92760,93117,93474,93831,94188,94545,94902,95259,95616,95973,96330,96687,97044,97401,97758,98115,98472,98829,99186,99543,99900,100257,100614,100971,101328,101685,102042,102399,102756,103113,103470,103827,104184,104541,104898,105255,105612,105969,106326,106683,107040,107397,107754,108111,108468,108825,109182,109539,109896,110253,110610,110967,111324,111681,112038,112395,112752,113109,113466,113823,114180,114537,114894,115251,115608,115965,116322,116679,117036,117393,117750,118107,118464,118821,119178,119535,119892,120249,120606,120963,121320,121677,122034,122391,122748,123105,123462,123819,124176,124533,124890,125247,125604,125961,126318,126675,127032,127389
298,655,1012,1369,1726,2083,2440,2797,3154,3511,3868,4225,4582,4939,5296,5653,6010,6367,6724,7081,7438,7795,8152,8509,8866,9223,9580,9937,10294,10651,11008,11365,11722,12079,12436,12793,13150,13507,13864,14221,14578,14935,15292,15649,16006,16363,16720,17077,17434,17791,18148,18505,18862,19219,19576,19933,20290,20647,21004,21063,21361,21718,22075,22432,22789,23146,23503,23860,24217,24574,24931,25288,25645,26002,26359,26716,27073,27430,27787,28144,28501,28858,29215,29572,29929,30286,30643,31000,31357,31714,32071,32428,32785,33142,33499,33856,34213,34570,34927,35284,35641,35998,36355,36712,37069,37426,37783,38140,38497,38854,39211,39568,39925,40282,40639,40996,41353,41710,42067,42424,42781,43138,43495,43852,44209,44566,44923,45280,45637,45994,46351,46708,47065,47422,47779,48136,48493,48850,49207,49564,49921,50278,50635,50992,51349,51706,52063,52420,52777,53134,53491,53848,54205,54562,54919,55276,55633,55990,56347,56704,57061,57418,57775,58132,58489,58846,59203,59560,59917,60274,60631,60988,61345,61702,62059,62416,62773,63130,63487,63844,64201,64558,64915,65272,65629,65986,66343,66700,67057,67414,67771,68128,68485,68842,69199,69556,69913,70270,70627,70984,71341,71698,72055,72412,72769,73126,73483,73840,74197,74554,74911,75268,75625,75982,76339,76696,77053,77410,77767,78124,78481,78838,79195,79552,79909,80266,80623,80980,81337,81694,82051,82408,82765,83122,83479,83836,84193,84550,84907,85264,85621,85978,86335,86692,87049,87406,87763,88120,88477,88834,89191,89548,89905,90262,90619,90976,91333,91690,92047,92404,92761,93118,93475,93832,94189,94546,94903,95260,95617,95974,96331,96688,97045,97402,97759,98116,98473,98830,99187,99544,99901,100258,100615,100972,101329,101686,102043,102400,102757,103114,103471,103828,104185,104542,104899,105256,105613,105970,106327,106684,107041,107398,107755,108112,108469,108826,109183,109540,109897,110254,110611,110968,111325,111682,112039,112396,112753,113110,113467,113824,114181,114538,114895,115252,115609,115966,116323,116680,117037,117394,117751,118108,118465,118822,119179,119536,119893,120250,120607,120964,121321,121678,122035,122392,122749,123106,123463,123820,124177,124534,124891,125248,125605,125962,126319,126676,127033,127390
299,656,1013,1370,1727,2084,2441,2798,3155,3512,3869,4226,4583,4940,5297,5654,6011,6368,6725,7082,7439,7796,8153,8510,8867,9224,9581,9938,10295,10652,11009,11366,11723,12080,12437,12794,13151,13508,13865,14222,14579,14936,15293,15650,16007,16364,16721,17078,17435,17792,18149,18506,18863,19220,19577,19934,20291,20648,20706,21005,21362,21719,22076,22433,22790,23147,23504,23861,24218,24575,24932,25289,25646,26003,26360,26717,27074,27431,27788,28145,28502,28859,29216,29573,29930,30287,30644,31001,31358,31715,32072,32429,32786,33143,33500,33857,34214,34571,34928,35285,35642,35999,36356,36713,37070,37427,37784,38141,38498,38855,39212,39569,39926,40283,40640,40997,41354,41711,42068,42425,42782,43139,43496,43853,44210,44567,44924,45281,45638,45995,46352,46709,47066,47423,47780,48137,48494,48851,49208,49565,49922,50279,50636,50993,51350,51707,52064,52421,52778,53135,53492,53849,54206,54563,54920,55277,55634,55991,56348,56705,57062,57419,57776,58133,58490,58847,59204,59561,59918,60275,60632,60989,61346,61703,62060,62417,62774,63131,63488,63845,64202,64559,64916,65273,65630,65987,66344,66701,67058,67415,67772,68129,68486,68843,69200,69557,69914,70271,70628,70985,71342,71699,72056,72413,72770,73127,73484,73841,74198,74555,74912,75269,75626,75983,76340,76697,77054,77411,77768,78125,78482,78839,79196,79553,79910,80267,80624,80981,81338,81695,82052,82409,82766,83123,83480,83837,84194,84551,84908,85265,85622,85979,86336,86693,87050,87407,87764,88121,88478,88835,89192,89549,89906,90263,90620,90977,91334,91691,92048,92405,92762,93119,93476,93833,94190,94547,94904,95261,95618,95975,96332,96689,97046,97403,97760,98117,98474,98831,99188,99545,99902,100259,100616,100973,101330,101687,102044,102401,102758,103115,103472,103829,104186,104543,104900,105257,105614,105971,106328,106685,107042,107399,107756,108113,108470,108827,109184,109541,109898,110255,110612,110969,111326,111683,112040,112397,112754,113111,113468,113825,114182,114539,114896,115253,115610,115967,116324,116681,117038,117395,117752,118109,118466,118823,119180,119537,119894,120251,120608,120965,121322,121679,122036,122393,122750,123107,123464,123821,124178,124535,124892,125249,125606,125963,126320,126677,127034,127391
300,657,1014,1371,1728,2085,2442,2799,3156,3513,3870,4227,4584,4941,5298,5655,6012,6369,6726,7083,7440,7797,8154,8511,8868,9225,9582,9939,10296,10653,11010,11367,11724,12081,12438,12795,13152,13509,13866,14223,14580,14937,15294,15651,16008,16365,16722,17079,17436,17793,18150,18507,18864,19221,19578,19935,20292,20349,20649,21006,21363,21720,22077,22434,22791,23148,23505,23862,24219,24576,24933,25290,25647,26004,26361,26718,27075,27432,27789,28146,28503,28860,29217,29574,29931,30288,30645,31002,31359,31716,32073,32430,32787,33144,33501,33858,34215,34572,34929,35286,35643,36000,36357,36714,37071,37428,37785,38142,38499,38856,39213,39570,39927,40284,40641,40998,41355,41712,42069,42426,42783,43140,43497,43854,44211,44568,44925,45282,45639,45996,46353,46710,47067,47424,47781,48138,48495,48852,49209,49566,49923,50280,50637,50994,51351,51708,52065,52422,52779,53136,53493,53850,54207,54564,54921,55278,55635,55992,56349,56706,57063,57420,57777,58134,58491,58848,59205,59562,59919,60276,60633,60990,61347,61704,62061,62418,62775,63132,63489,63846,64203,64560,64917,65274,65631,65988,66345,66702,67059,67416,67773,68130,68487,68844,69201,69558,69915,70272,70629,70986,71343,71700,72057,72414,72771,73128,73485,73842,74199,74556,74913,75270,75627,75984,76341,76698,77055,77412,77769,78126,78483,78840,79197,79554,79911,80268,80625,80982,81339,81696,82053,82410,82767,83124,83481,83838,84195,84552,84909,85266,85623,85980,86337,86694,87051,87408,87765,88122,88479,88836,89193,89550,89907,90264,90621,90978,91335,91692,92049,92406,92763,93120,93477,93834,94191,94548,94905,95262,95619,95976,96333,96690,97047,97404,97761,98118,98475,98832,99189,99546,99903,100260,100617,100974,101331,101688,102045,102402,102759,103116,103473,103830,104187,104544,104901,105258,105615,105972,106329,106686,107043,107400,107757,108114,108471,108828,109185,109542,109899,110256,110613,110970,111327,111684,112041,112398,112755,113112,113469,113826,114183,114540,114897,115254,115611,115968,116325,116682,117039,117396,117753,118110,118467,118824,119181,119538,119895,120252,120609,120966,121323,121680,122037,122394,122751,123108,123465,123822,124179,124536,124893,125250,125607,125964,126321,126678,127035,127392
301,658,1015,1372,1729,2086,2443,2800,3157,3514,3871,4228,4585,4942,5299,5656,6013,6370,6727,7084,7441,7798,8155,8512,8869,9226,9583,9940,10297,10654,11011,11368,11725,12082,12439,12796,13153,13510,13867,14224,14581,14938,15295,15652,16009,16366,16723,17080,17437,17794,18151,18508,18865,19222,19579,19936,19992,20293,20650,21007,21364,21721,22078,22435,22792,23149,23506,23863,24220,24577,24934,25291,25648,26005,26362,26719,27076,27433,27790,28147,28504,28861,29218,29575,29932,30289,30646,31003,31360,31717,32074,32431,32788,33145,33502,33859,34216,34573,34930,35287,35644,36001,36358,36715,37072,37429,37786,38143,38500,38857,39214,39571,39928,40285,40642,40999,41356,41713,42070,42427,42784,43141,43498,43855,44212,44569,44926,45283,45640,45997,46354,46711,47068,47425,47782,48139,48496,48853,49210,49567,49924,50281,50638,50995,51352,51709,52066,52423,52780,53137,53494,53851,54208,54565,54922,55279,55636,55993,56350,56707,57064,57421,57778,58135,58492,58849,59206,59563,59920,60277,60634,60991,61348,61705,62062,62419,62776,63133,63490,63847,64204,64561,64918,65275,65632,65989,66346,66703,67060,67417,67774,68131,68488,68845,69202,69559,69916,70273,70630,70987,71344,71701,72058,72415,72772,73129,73486,73843,74200,74557,74914,75271,75628,75985,76342,76699,77056,77413,77770,78127,78484,78841,79198,79555,79912,80269,80626,80983,81340,81697,82054,82411,82768,83125,83482,83839,84196,84553,84910,85267,85624,85981,86338,86695,87052,87409,87766,88123,88480,88837,89194,89551,89908,90265,90622,90979,91336,91693,92050,92407,92764,93121,93478,93835,94192,94549,94906,95263,95620,95977,96334,96691,97048,97405,97762,98119,98476,98833,99190,99547,99904,100261,100618,100975,101332,101689,102046,102403,102760,103117,103474,103831,104188,104545,104902,105259,105616,105973,106330,106687,107044,107401,107758,108115,108472,108829,109186,109543,109900,110257,110614,110971,111328,111685,112042,112399,112756,113113,113470,113827,114184,114541,114898,115255,115612,115969,116326,116683,117040,117397,117754,118111,118468,118825,119182,119539,119896,120253,120610,120967,121324,121681,122038,122395,122752,123109,123466,123823,124180,124537,124894,125251,125608,125965,126322,126679,127036,127393
302,659,1016,1373,1730,2087,2444,2801,3158,3515,3872,4229,4586,4943,5300,5657,6014,6371,6728,7085,7442,7799,8156,8513,8870,9227,9584,9941,10298,10655,11012,11369,11726,12083,12440,12797,13154,13511,13868,14225,14582,14939,15296,15653,16010,16367,16724,17081,17438,17795,18152,18509,18866,19223,19580,19635,19937,20294,20651,21008,21365,21722,22079,22436,22793,23150,23507,23864,24221,24578,24935,25292,25649,26006,26363,26720,27077,27434,27791,28148,28505,28862,29219,29576,29933,30290,30647,31004,31361,31718,32075,32432,32789,33146,33503,33860,34217,34574,34931,35288,35645,36002,36359,36716,37073,37430,37787,38144,38501,38858,39215,39572,39929,40286,40643,41000,41357,41714,42071,42428,42785,43142,43499,43856,44213,44570,44927,45284,45641,45998,46355,46712,47069,47426,47783,48140,48497,48854,49211,49568,49925,50282,50639,50996,51353,51710,52067,52424,52781,53138,53495,53852,54209,54566,54923,55280,55637,55994,56351,56708,57065,57422,57779,58136,58493,58850,59207,59564,59921,60278,60635,60992,61349,61706,62063,62420,62777,63134,63491,63848,64205,64562,64919,65276,65633,65990,66347,66704,67061,67418,67775,68132,68489,68846,69203,69560,69917,70274,70631,70988,71345,71702,72059,72416,72773,73130,73487,73844,74201,74558,74915,75272,75629,75986,76343,76700,77057,77414,77771,78128,78485,78842,79199,79556,79913,80270,80627,80984,81341,81698,82055,82412,82769,83126,83483,83840,84197,84554,84911,85268,85625,85982,86339,86696,87053,87410,87767,88124,88481,88838,89195,89552,89909,90266,90623,90980,91337,91694,92051,92408,92765,93122,93479,93836,94193,94550,94907,95264,95621,95978,96335,96692,97049,97406,97763,98120,98477,98834,99191,99548,99905,100262,100619,100976,101333,101690,102047,102404,102761,103118,103475,103832,104189,104546,104903,105260,105617,105974,106331,106688,107045,107402,107759,108116,108473,108830,109187,109544,109901,110258,110615,110972,111329,111686,112043,112400,112757,113114,113471,113828,114185,114542,114899,115256,115613,115970,116327,116684,117041,117398,117755,118112,118469,118826,119183,119540,119897,120254,120611,120968,121325,121682,122039,122396,122753,123110,123467,123824,124181,124538,124895,125252,125609,125966,126323,126680,127037,127394
303,660,1017,1374,1731,2088,2445,2802,3159,3516,3873,4230,4587,4944,5301,5658,6015,6372,6729,7086,7443,7800,8157,8514,8871,9228,9585,9942,10299,10656,11013,11370,11727,12084,12441,12798,13155,13512,13869,14226,14583,14940,15297,15654,16011,16368,16725,17082,17439,17796,18153,18510,18867,19224,19278,19581,19938,20295,20652,21009,21366,21723,22080,22437,22794,23151,23508,23865,24222,24579,24936,25293,25650,26007,26364,26721,27078,27435,27792,28149,28506,28863,29220,29577,29934,30291,30648,31005,31362,31719,32076,32433,32790,33147,33504,33861,34218,34575,34932,35289,35646,36003,36360,36717,37074,37431,37788,38145,38502,38859,39216,39573,39930,40287,40644,41001,41358,41715,42072,42429,42786,43143,43500,43857,44214,44571,44928,45285,45642,45999,46356,46713,47070,47427,47784,48141,48498,48855,49212,49569,49926,50283,50640,50997,51354,51711,52068,52425,52782,53139,53496,53853,54210,54567,54924,55281,55638,55995,56352,56709,57066,57423,57780,58137,58494,58851,59208,59565,59922,60279,60636,60993,61350,61707,62064,62421,62778,63135,63492,63849,64206,64563,64920,65277,65634,65991,66348,66705,67062,67419,67776,68133,68490,68847,69204,69561,69918,70275,70632,70989,71346,71703,72060,72417,72774,73131,73488,73845,74202,74559,74916,75273,75630,75987,76344,76701,77058,77415,77772,78129,78486,78843,79200,79557,79914,80271,80628,80985,81342,81699,82056,82413,82770,83127,83484,83841,84198,84555,84912,85269,85626,85983,86340,86697,87054,87411,87768,88125,88482,88839,89196,89553,89910,90267,90624,90981,91338,91695,92052,92409,92766,93123,93480,93837,94194,94551,94908,95265,95622,95979,96336,96693,97050,97407,97764,98121,98478,98835,99192,99549,99906,100263,100620,100977,101334,101691,102048,102405,102762,103119,103476,103833,104190,104547,104904,105261,105618,105975,106332,106689,107046,107403,107760,108117,108474,108831,109188,109545,109902,110259,110616,110973,111330,111687,112044,112401,112758,113115,113472,113829,114186,114543,114900,115257,115614,115971,116328,116685,117042,117399,117756,118113,118470,118827,119184,119541,119898,120255,120612,120969,121326,121683,122040,122397,122754,123111,123468,123825,124182,124539,124896,125253,125610,125967,126324,126681,127038,127395
304,661,1018,1375,1732,2089,2446,2803,3160,3517,3874,4231,4588,4945,5302,5659,6016,6373,6730,7087,7444,7801,8158,8515,8872,9229,9586,9943,10300,10657,11014,11371,11728,12085,12442,12799,13156,13513,13870,14227,14584,14941,15298,15655,16012,16369,16726,17083,17440,17797,18154,18511,18868,18921,19225,19582,19939,20296,20653,21010,21367,21724,22081,22438,22795,23152,23509,23866,24223,24580,24937,25294,25651,26008,26365,26722,27079,27436,27793,28150,28507,28864,29221,29578,29935,30292,30649,31006,31363,31720,32077,32434,32791,33148,33505,33862,34219,34576,34933,35290,35647,36004,36361,36718,37075,37432,37789,38146,38503,38860,39217,39574,39931,40288,40645,41002,41359,41716,42073,42430,42787,43144,43501,43858,44215,44572,44929,45286,45643,46000,46357,46714,47071,47428,47785,48142,48499,48856,49213,49570,49927,50284,50641,50998,51355,51712,52069,52426,52783,53140,53497,53854,54211,54568,54925,55282,55639,55996,56353,56710,57067,57424,57781,58138,58495,58852,59209,59566,59923,60280,60637,60994,61351,61708,62065,62422,62779,63136,63493,63850,64207,64564,64921,65278,65635,65992,66349,66706,67063,67420,67777,68134,68491,68848,69205,69562,69919,70276,70633,70990,71347,71704,72061,72418,72775,73132,73489,73846,74203,74560,74917,75274,75631,75988,76345,76702,77059,77416,77773,78130,78487,78844,79201,79558,79915,80272,80629,80986,81343,81700,82057,82414,82771,83128,83485,83842,84199,84556,84913,85270,85627,85984,86341,86698,87055,87412,87769,88126,88483,88840,89197,89554,89911,90268,90625,90982,91339,91696,92053,92410,92767,93124,93481,93838,94195,94552,94909,95266,95623,95980,96337,96694,97051,97408,97765,98122,98479,98836,99193,99550,99907,100264,100621,100978,101335,101692,102049,102406,102763,103120,103477,103834,104191,104548,104905,105262,105619,105976,106333,106690,107047,107404,107761,108118,108475,108832,109189,109546,109903,110260,110617,110974,111331,111688,112045,112402,112759,113116,113473,113830,114187,114544,114901,115258,115615,115972,116329,116686,117043,117400,117757,118114,118471,118828,119185,119542,119899,120256,120613,120970,121327,121684,122041,122398,122755,123112,123469,123826,124183,124540,124897,125254,125611,125968,126325,126682,127039,127396
305,662,1019,1376,1733,2090,2447,2804,3161,3518,3875,4232,4589,4946,5303,5660,6017,6374,6731,7088,7445,7802,8159,8516,8873,9230,9587,9944,10301,10658,11015,11372,11729,12086,12443,12800,13157,13514,13871,14228,14585,14942,15299,15656,16013,16370,16727,17084,17441,17798,18155,18512,18564,18869,19226,19583,19940,20297,20654,21011,21368,21725,22082,22439,22796,23153,23510,23867,24224,24581,24938,25295,25652,26009,26366,26723,27080,27437,27794,28151,28508,28865,29222,29579,29936,30293,30650,31007,31364,31721,32078,32435,32792,33149,33506,33863,34220,34577,34934,35291,35648,36005,36362,36719,37076,37433,37790,38147,38504,38861,39218,39575,39932,40289,40646,41003,41360,41717,42074,42431,42788,43145,43502,43859,44216,44573,44930,45287,45644,46001,46358,46715,47072,47429,47786,48143,48500,48857,49214,49571,49928,50285,50642,50999,51356,51713,52070,52427,52784,53141,53498,53855,54212,54569,54926,55283,55640,55997,56354,56711,57068,57425,57782,58139,58496,58853,59210,59567,59924,60281,60638,60995,61352,61709,62066,62423,62780,63137,63494,63851,64208,64565,64922,65279,65636,65993,66350,66707,67064,67421,67778,68135,68492,68849,69206,69563,69920,70277,70634,70991,71348,71705,72062,72419,72776,73133,73490,73847,74204,74561,74918,75275,75632,75989,76346,76703,77060,77417,77774,78131,78488,78845,79202,79559,79916,80273,80630,80987,81344,81701,82058,82415,82772,83129,83486,83843,84200,84557,84914,85271,85628,85985,86342,86699,87056,87413,87770,88127,88484,88841,89198,89555,89912,90269,90626,90983,91340,91697,92054,92411,92768,93125,93482,93839,94196,94553,94910,95267,95624,95981,96338,96695,97052,97409,97766,98123,98480,98837,99194,99551,99908,100265,100622,100979,101336,101693,102050,102407,102764,103121,103478,103835,104192,104549,104906,105263,105620,105977,106334,106691,107048,107405,107762,108119,108476,108833,109190,109547,109904,110261,110618,110975,111332,111689,112046,112403,112760,113117,113474,113831,114188,114545,114902,115259,115616,115973,116330,116687,117044,117401,117758,118115,118472,118829,119186,119543,119900,120257,120614,120971,121328,121685,122042,122399,122756,123113,123470,123827,124184,124541,124898,125255,125612,125969,126326,126683,127040,127397
306,663,1020,1377,1734,2091,2448,2805,3162,3519,3876,4233,4590,4947,5304,5661,6018,6375,6732,7089,7446,7803,8160,8517,8874,9231,9588,9945,10302,10659,11016,11373,11730,12087,12444,12801,13158,13515,13872,14229,14586,14943,15300,15657,16014,16371,16728,17085,17442,17799,18156,18207,18513,18870,19227,19584,19941,20298,20655,21012,21369,21726,22083,22440,22797,23154,23511,23868,24225,24582,24939,25296,25653,26010,26367,26724,27081,27438,27795,28152,28509,28866,29223,29580,29937,30294,30651,31008,31365,31722,32079,32436,32793,33150,33507,33864,34221,34578,34935,35292,35649,36006,36363,36720,37077,37434,37791,38148,38505,38862,39219,39576,39933,40290,40647,41004,41361,41718,42075,42432,42789,43146,43503,43860,44217,44574,44931,45288,45645,46002,46359,46716,47073,47430,47787,48144,48501,48858,49215,49572,49929,50286,50643,51000,51357,51714,52071,52428,52785,53142,53499,53856,54213,54570,54927,55284,55641,55998,56355,56712,57069,57426,57783,58140,58497,58854,59211,59568,59925,60282,60639,60996,61353,61710,62067,62424,62781,63138,63495,63852,64209,64566,64923,65280,65637,65994,66351,66708,67065,67422,67779,68136,68493,68850,69207,69564,69921,70278,70635,70992,71349,71706,72063,72420,72777,73134,73491,73848,74205,74562,74919,75276,75633,75990,76347,76704,77061,77418,77775,78132,78489,78846,79203,79560,79917,80274,80631,80988,81345,81702,82059,82416,82773,83130,83487,83844,84201,84558,84915,85272,85629,85986,86343,86700,87057,87414,87771,88128,88485,88842,89199,89556,89913,90270,90627,90984,91341,91698,92055,92412,92769,93126,93483,93840,94197,94554,94911,95268,95625,95982,96339,96696,97053,97410,97767,98124,98481,98838,99195,99552,99909,100266,100623,100980,101337,101694,102051,102408,102765,103122,103479,103836,104193,104550,104907,105264,105621,105978,106335,106692,107049,107406,107763,108120,108477,108834,109191,109548,109905,110262,110619,110976,111333,111690,112047,112404,112761,113118,113475,113832,114189,114546,114903,115260,115617,115974,116331,116688,117045,117402,117759,118116,118473,118830,119187,119544,119901,120258,120615,120972,121329,121686,122043,122400,122757,123114,123471,123828,124185,124542,124899,125256,125613,125970,126327,126684,127041,127398
307,664,1021,1378,1735,2092,2449,2806,3163,3520,3877,4234,4591,4948,5305,5662,6019,6376,6733,7090,7447,7804,8161,8518,8875,9232,9589,9946,10303,10660,11017,11374,11731,12088,12445,12802,13159,13516,13873,14230,14587,14944,15301,15658,16015,16372,16729,17086,17443,17800,17850,18157,18514,18871,19228,19585,19942,20299,20656,21013,21370,21727,22084,22441,22798,23155,23512,23869,24226,24583,24940,25297,25654,26011,26368,26725,27082,27439,27796,28153,28510,28867,29224,29581,29938,30295,30652,31009,31366,31723,32080,32437,32794,33151,33508,33865,34222,34579,34936,35293,35650,36007,36364,36721,37078,37435,37792,38149,38506,38863,39220,39577,39934,40291,40648,41005,41362,41719,42076,42433,42790,43147,43504,43861,44218,44575,44932,45289,45646,46003,46360,46717,47074,47431,47788,48145,48502,48859,49216,49573,49930,50287,50644,51001,51358,51715,52072,52429,52786,53143,53500,53857,54214,54571,54928,55285,55642,55999,56356,56713,57070,57427,57784,58141,58498,58855,59212,59569,59926,60283,60640,60997,61354,61711,62068,62425,62782,63139,63496,63853,64210,64567,64924,65281,65638,65995,66352,66709,67066,67423,67780,68137,68494,68851,69208,69565,69922,70279,70636,70993,71350,71707,72064,72421,72778,73135,73492,73849,74206,74563,74920,75277,75634,75991,76348,76705,77062,77419,77776,78133,78490,78847,79204,79561,79918,80275,80632,80989,81346,81703,82060,82417,82774,83131,83488,83845,84202,84559,84916,85273,85630,85987,86344,86701,87058,87415,87772,88129,88486,88843,89200,89557,89914,90271,90628,90985,91342,91699,92056,92413,92770,93127,93484,93841,94198,94555,94912,95269,95626,95983,96340,96697,97054,97411,97768,98125,98482,98839,99196,99553,99910,100267,100624,100981,101338,101695,102052,102409,102766,103123,103480,103837,104194,104551,104908,105265,105622,105979,106336,106693,107050,107407,107764,108121,108478,108835,109192,109549,109906,110263,110620,110977,111334,111691,112048,112405,112762,113119,113476,113833,114190,114547,114904,115261,115618,115975,116332,116689,117046,117403,117760,118117,118474,118831,119188,119545,119902,120259,120616,120973,121330,121687,122044,122401,122758,123115,123472,123829,124186,124543,124900,125257,125614,125971,126328,126685,127042,127399
308,665,1022,1379,1736,2093,2450,2807,3164,3521,3878,4235,4592,4949,5306,5663,6020,6377,6734,7091,7448,7805,8162,8519,8876,9233,9590,9947,10304,10661,11018,11375,11732,12089,12446,12803,13160,13517,13874,14231,14588,14945,15302,15659,16016,16373,16730,17087,17444,17493,17801,18158,18515,18872,19229,19586,19943,20300,20657,21014,21371,21728,22085,22442,22799,23156,23513,23870,24227,24584,24941,25298,25655,26012,26369,26726,27083,27440,27797,28154,28511,28868,29225,29582,29939,30296,30653,31010,31367,31724,32081,32438,32795,33152,33509,33866,34223,34580,34937,35294,35651,36008,36365,36722,37079,37436,37793,38150,38507,38864,39221,39578,39935,40292,40649,41006,41363,41720,42077,42434,42791,43148,43505,43862,44219,44576,44933,45290,45647,46004,46361,46718,47075,47432,47789,48146,48503,48860,49217,49574,49931,50288,50645,51002,51359,51716,52073,52430,52787,53144,53501,53858,54215,54572,54929,55286,55643,56000,56357,56714,57071,57428,57785,58142,58499,58856,59213,59570,59927,60284,60641,60998,61355,61712,62069,62426,62783,63140,63497,63854,64211,64568,64925,65282,65639,65996,66353,66710,67067,67424,67781,68138,68495,68852,69209,69566,69923,70280,70637,70994,71351,71708,72065,72422,72779,73136,73493,73850,74207,74564,74921,75278,75635,75992,76349,76706,77063,77420,77777,78134,78491,78848,79205,79562,79919,80276,80633,80990,81347,81704,82061,82418,82775,83132,83489,83846,84203,84560,84917,85274,85631,85988,86345,86702,87059,87416,87773,88130,88487,88844,89201,89558,89915,90272,90629,90986,91343,91700,92057,92414,92771,93128,93485,93842,94199,94556,94913,95270,95627,95984,96341,96698,97055,97412,97769,98126,98483,98840,99197,99554,99911,100268,100625,100982,101339,101696,102053,102410,102767,103124,103481,103838,104195,104552,104909,105266,105623,105980,106337,106694,107051,107408,107765,108122,108479,108836,109193,109550,109907,110264,110621,110978,111335,111692,112049,112406,112763,113120,113477,113834,114191,114548,114905,115262,115619,115976,116333,116690,117047,117404,117761,118118,118475,118832,119189,119546,119903,120260,120617,120974,121331,121688,122045,122402,122759,123116,123473,123830,124187,124544,124901,125258,125615,125972,126329,126686,127043,127400
309,666,1023,1380,1737,2094,2451,2808,3165,3522,3879,4236,4593,4950,5307,5664,6021,6378,6735,7092,7449,7806,8163,8520,8877,9234,9591,9948,10305,10662,11019,11376,11733,12090,12447,12804,13161,13518,13875,14232,14589,14946,15303,15660,16017,16374,16731,17088,17136,17445,17802,18159,18516,18873,19230,19587,19944,20301,20658,21015,21372,21729,22086,22443,22800,23157,23514,23871,24228,24585,24942,25299,25656,26013,26370,26727,27084,27441,27798,28155,28512,28869,29226,29583,29940,30297,30654,31011,31368,31725,32082,32439,32796,33153,33510,33867,34224,34581,34938,35295,35652,36009,36366,36723,37080,37437,37794,38151,38508,38865,39222,39579,39936,40293,40650,41007,41364,41721,42078,42435,42792,43149,43506,43863,44220,44577,44934,45291,45648,46005,46362,46719,47076,47433,47790,48147,48504,48861,49218,49575,49932,50289,50646,51003,51360,51717,52074,52431,52788,53145,53502,53859,54216,54573,54930,55287,55644,56001,56358,56715,57072,57429,57786,58143,58500,58857,59214,59571,59928,60285,60642,60999,61356,61713,62070,62427,62784,63141,63498,63855,64212,64569,64926,65283,65640,65997,66354,66711,67068,67425,67782,68139,68496,68853,69210,69567,69924,70281,70638,70995,71352,71709,72066,72423,72780,73137,73494,73851,74208,74565,74922,75279,75636,75993,76350,76707,77064,77421,77778,78135,78492,78849,79206,79563,79920,80277,80634,80991,81348,81705,82062,82419,82776,83133,83490,83847,84204,84561,84918,85275,85632,85989,86346,86703,87060,87417,87774,88131,88488,88845,89202,89559,89916,90273,90630,90987,91344,91701,92058,92415,92772,93129,93486,93843,94200,94557,94914,95271,95628,95985,96342,96699,97056,97413,97770,98127,98484,98841,99198,99555,99912,100269,100626,100983,101340,101697,102054,102411,102768,103125,103482,103839,104196,104553,104910,105267,105624,105981,106338,106695,107052,107409,107766,108123,108480,108837,109194,109551,109908,110265,110622,110979,111336,111693,112050,112407,112764,113121,113478,113835,114192,114549,114906,115263,115620,115977,116334,116691,117048,117405,117762,118119,118476,118833,119190,119547,119904,120261,120618,120975,121332,121689,122046,122403,122760,123117,123474,123831,124188,124545,124902,125259,125616,125973,126330,126687,127044,127401
310,667,1024,1381,1738,2095,2452,2809,3166,3523,3880,4237,4594,4951,5308,5665,6022,6379,6736,7093,7450,7807,8164,8521,8878,9235,9592,9949,10306,10663,11020,11377,11734,12091,12448,12805,13162,13519,13876,14233,14590,14947,15304,15661,16018,16375,16732,16779,17089,17446,17803,18160,18517,18874,19231,19588,19945,20302,20659,21016,21373,21730,22087,22444,22801,23158,23515,23872,24229,24586,24943,25300,25657,26014,26371,26728,27085,27442,27799,28156,28513,28870,29227,29584,29941,30298,30655,31012,31369,31726,32083,32440,32797,33154,33511,33868,34225,34582,34939,35296,35653,36010,36367,36724,37081,37438,37795,38152,38509,38866,39223,39580,39937,40294,40651,41008,41365,41722,42079,42436,42793,43150,43507,43864,44221,44578,44935,45292,45649,46006,46363,46720,47077,47434,47791,48148,48505,48862,49219,49576,49933,50290,50647,51004,51361,51718,52075,52432,52789,53146,53503,53860,54217,54574,54931,55288,55645,56002,56359,56716,57073,57430,57787,58144,58501,58858,59215,59572,59929,60286,60643,61000,61357,61714,62071,62428,62785,63142,63499,63856,64213,64570,64927,65284,65641,65998,66355,66712,67069,67426,67783,68140,68497,68854,69211,69568,69925,70282,70639,70996,71353,71710,72067,72424,72781,73138,73495,73852,74209,74566,74923,75280,75637,75994,76351,76708,77065,77422,77779,78136,78493,78850,79207,79564,79921,80278,80635,80992,81349,81706,82063,82420,82777,83134,83491,83848,84205,84562,84919,85276,85633,85990,86347,86704,87061,87418,87775,88132,88489,88846,89203,89560,89917,90274,90631,90988,91345,91702,92059,92416,92773,93130,93487,93844,94201,94558,94915,95272,95629,95986,96343,96700,97057,97414,97771,98128,98485,98842,99199,99556,99913,100270,100627,100984,101341,101698,102055,102412,102769,103126,103483,103840,104197,104554,104911,105268,105625,105982,106339,106696,107053,107410,107767,108124,108481,108838,109195,109552,109909,110266,110623,110980,111337,111694,112051,112408,112765,113122,113479,113836,114193,114550,114907,115264,115621,115978,116335,116692,117049,117406,117763,118120,118477,118834,119191,119548,119905,120262,120619,120976,121333,121690,122047,122404,122761,123118,123475,123832,124189,124546,124903,125260,125617,125974,126331,126688,127045,127402
311,668,1025,1382,1739,2096,2453,2810,3167,3524,3881,4238,4595,4952,5309,5666,6023,6380,6737,7094,7451,7808,8165,8522,8879,9236,9593,9950,10307,10664,11021,11378,11735,12092,12449,12806,13163,13520,13877,14234,14591,14948,15305,15662,16019,16376,16422,16733,17090,17447,17804,18161,18518,18875,19232,19589,19946,20303,20660,21017,21374,21731,22088,22445,22802,23159,23516,23873,24230,24587,24944,25301,25658,26015,26372,26729,27086,27443,27800,28157,28514,28871,29228,29585,29942,30299,30656,31013,31370,31727,32084,32441,32798,33155,33512,33869,34226,34583,34940,35297,35654,36011,36368,36725,37082,37439,37796,38153,38510,38867,39224,39581,39938,40295,40652,41009,41366,41723,42080,42437,42794,43151,43508,43865,44222,44579,44936,45293,45650,46007,46364,46721,47078,47435,47792,48149,48506,48863,49220,49577,49934,50291,50648,51005,51362,51719,52076,52433,52790,53147,53504,53861,54218,54575,54932,55289,55646,56003,56360,56717,57074,57431,57788,58145,58502,58859,59216,59573,59930,60287,60644,61001,61358,61715,62072,62429,62786,63143,63500,63857,64214,64571,64928,65285,65642,65999,66356,66713,67070,67427,67784,68141,68498,68855,69212,69569,69926,70283,70640,70997,71354,71711,72068,72425,72782,73139,73496,73853,74210,74567,74924,75281,75638,75995,76352,76709,77066,77423,77780,78137,78494,78851,79208,79565,79922,80279,80636,80993,81350,81707,82064,82421,82778,83135,83492,83849,84206,84563,84920,85277,85634,85991,86348,86705,87062,87419,87776,88133,88490,88847,89204,89561,89918,90275,90632,90989,91346,91703,92060,92417,92774,93131,93488,93845,94202,94559,94916,95273,95630,95987,96344,96701,97058,97415,97772,98129,98486,98843,99200,99557,99914,100271,100628,100985,101342,101699,102056,102413,102770,103127,103484,103841,104198,104555,104912,105269,105626,105983,106340,106697,107054,107411,107768,108125,108482,108839,109196,109553,109910,110267,110624,110981,111338,111695,112052,112409,112766,113123,113480,113837,114194,114551,114908,115265,115622,115979,116336,116693,117050,117407,117764,118121,118478,118835,119192,119549,119906,120263,120620,120977,121334,121691,122048,122405,122762,123119,123476,123833,124190,124547,124904,125261,125618,125975,126332,126689,127046,127403
312,669,1026,1383,1740,2097,2454,2811,3168,3525,3882,4239,4596,4953,5310,5667,6024,6381,6738,7095,7452,7809,8166,8523,8880,9237,9594,9951,10308,10665,11022,11379,11736,12093,12450,12807,13164,13521,13878,14235,14592,14949,15306,15663,16020,16065,16377,16734,17091,17448,17805,18162,18519,18876,19233,19590,19947,20304,20661,21018,21375,21732,22089,22446,22803,23160,23517,23874,24231,24588,24945,25302,25659,26016,26373,26730,27087,27444,27801,28158,28515,28872,29229,29586,29943,30300,30657,31014,31371,31728,32085,32442,32799,33156,33513,33870,34227,34584,34941,35298,35655,36012,36369,36726,37083,37440,37797,38154,38511,38868,39225,39582,39939,40296,40653,41010,41367,41724,42081,42438,42795,43152,43509,43866,44223,44580,44937,45294,45651,46008,46365,46722,47079,47436,47793,48150,48507,48864,49221,49578,49935,50292,50649,51006,51363,51720,52077,52434,52791,53148,53505,53862,54219,54576,54933,55290,55647,56004,56361,56718,57075,57432,57789,58146,58503,58860,59217,59574,59931,60288,60645,61002,61359,61716,62073,62430,62787,63144,63501,63858,64215,64572,64929,65286,65643,66000,66357,66714,67071,67428,67785,68142,68499,68856,69213,69570,69927,70284,70641,70998,71355,71712,72069,72426,72783,73140,73497,73854,74211,74568,74925,75282,75639,75996,76353,76710,77067,77424,77781,78138,78495,78852,79209,79566,79923,80280,80637,80994,81351,81708,82065,82422,82779,83136,83493,83850,84207,84564,84921,85278,85635,85992,86349,86706,87063,87420,87777,88134,88491,88848,89205,89562,89919,90276,90633,90990,91347,91704,92061,92418,92775,93132,93489,93846,94203,94560,94917,95274,95631,95988,96345,96702,97059,97416,97773,98130,98487,98844,99201,99558,99915,100272,100629,100986,101343,101700,102057,102414,102771,103128,103485,103842,104199,104556,104913,105270,105627,105984,106341,106698,107055,107412,107769,108126,108483,108840,109197,109554,109911,110268,110625,110982,111339,111696,112053,112410,112767,113124,113481,113838,114195,114552,114909,115266,115623,115980,116337,116694,117051,117408,117765,118122,118479,118836,119193,119550,119907,120264,120621,120978,121335,121692,122049,122406,122763,123120,123477,123834,124191,124548,124905,125262,125619,125976,126333,126690,127047,127404
313,670,1027,1384,1741,2098,2455,2812,3169,3526,3883,4240,4597,4954,5311,5668,6025,6382,6739,7096,7453,7810,8167,8524,8881,9238,9595,9952,10309,10666,11023,11380,11737,12094,12451,12808,13165,13522,13879,14236,14593,14950,15307,15664,15708,16021,16378,16735,17092,17449,17806,18163,18520,18877,19234,19591,19948,20305,20662,21019,21376,21733,22090,22447,22804,23161,23518,23875,24232,24589,24946,25303,25660,26017,26374,26731,27088,27445,27802,28159,28516,28873,29230,29587,29944,30301,30658,31015,31372,31729,32086,32443,32800,33157,33514,33871,34228,34585,34942,35299,35656,36013,36370,36727,37084,37441,37798,38155,38512,38869,39226,39583,39940,40297,40654,41011,41368,41725,42082,42439,42796,43153,43510,43867,44224,44581,44938,45295,45652,46009,46366,46723,47080,47437,47794,48151,48508,48865,49222,49579,49936,50293,50650,51007,51364,51721,52078,52435,52792,53149,53506,53863,54220,54577,54934,55291,55648,56005,56362,56719,57076,57433,57790,58147,58504,58861,59218,59575,59932,60289,60646,61003,61360,61717,62074,62431,62788,63145,63502,63859,64216,64573,64930,65287,65644,66001,66358,66715,67072,67429,67786,68143,68500,68857,69214,69571,69928,70285,70642,70999,71356,71713,72070,72427,72784,73141,73498,73855,74212,74569,74926,75283,75640,75997,76354,76711,77068,77425,77782,78139,78496,78853,79210,79567,79924,80281,80638,80995,81352,81709,82066,82423,82780,83137,83494,83851,84208,84565,84922,85279,85636,85993,86350,86707,87064,87421,87778,88135,88492,88849,89206,89563,89920,90277,90634,90991,91348,91705,92062,92419,92776,93133,93490,93847,94204,94561,94918,95275,95632,95989,96346,96703,97060,97417,97774,98131,98488,98845,99202,99559,99916,100273,100630,100987,101344,101701,102058,102415,102772,103129,103486,103843,104200,104557,104914,105271,105628,105985,106342,106699,107056,107413,107770,108127,108484,108841,109198,109555,109912,110269,110626,110983,111340,111697,112054,112411,112768,113125,113482,113839,114196,114553,114910,115267,115624,115981,116338,116695,117052,117409,117766,118123,118480,118837,119194,119551,119908,120265,120622,120979,121336,121693,122050,122407,122764,123121,123478,123835,124192,124549,124906,125263,125620,125977,126334,126691,127048,127405
314,671,1028,1385,1742,2099,2456,2813,3170,3527,3884,4241,4598,4955,5312,5669,6026,6383,6740,7097,7454,7811,8168,8525,8882,9239,9596,9953,10310,10667,11024,11381,11738,12095,12452,12809,13166,13523,13880,14237,14594,14951,15308,15351,15665,16022,16379,16736,17093,17450,17807,18164,18521,18878,19235,19592,19949,20306,20663,21020,21377,21734,22091,22448,22805,23162,23519,23876,24233,24590,24947,25304,25661,26018,26375,26732,27089,27446,27803,28160,28517,28874,29231,29588,29945,30302,30659,31016,31373,31730,32087,32444,32801,33158,33515,33872,34229,34586,34943,35300,35657,36014,36371,36728,37085,37442,37799,38156,38513,38870,39227,39584,39941,40298,40655,41012,41369,41726,42083,42440,42797,43154,43511,43868,44225,44582,44939,45296,45653,46010,46367,46724,47081,47438,47795,48152,48509,48866,49223,49580,49937,50294,50651,51008,51365,51722,52079,52436,52793,53150,53507,53864,54221,54578,54935,55292,55649,56006,56363,56720,57077,57434,57791,58148,58505,58862,59219,59576,59933,60290,60647,61004,61361,61718,62075,62432,62789,63146,63503,63860,64217,64574,64931,65288,65645,66002,66359,66716,67073,67430,67787,68144,68501,68858,69215,69572,69929,70286,70643,71000,71357,71714,72071,72428,72785,73142,73499,73856,74213,74570,74927,75284,75641,75998,76355,76712,77069,77426,77783,78140,78497,78854,79211,79568,79925,80282,80639,80996,81353,81710,82067,82424,82781,83138,83495,83852,84209,84566,84923,85280,85637,85994,86351,86708,87065,87422,87779,88136,88493,88850,89207,89564,89921,90278,90635,90992,91349,91706,92063,92420,92777,93134,93491,93848,94205,94562,94919,95276,95633,95990,96347,96704,97061,97418,97775,98132,98489,98846,99203,99560,99917,100274,100631,100988,101345,101702,102059,102416,102773,103130,103487,103844,104201,104558,104915,105272,105629,105986,106343,106700,107057,107414,107771,108128,108485,108842,109199,109556,109913,110270,110627,110984,111341,111698,112055,112412,112769,113126,113483,113840,114197,114554,114911,115268,115625,115982,116339,116696,117053,117410,117767,118124,118481,118838,119195,119552,119909,120266,120623,120980,121337,121694,122051,122408,122765,123122,123479,123836,124193,124550,124907,125264,125621,125978,126335,126692,127049,127406
315,672,1029,1386,1743,2100,2457,2814,3171,3528,3885,4242,4599,4956,5313,5670,6027,6384,6741,7098,7455,7812,8169,8526,8883,9240,9597,9954,10311,10668,11025,11382,11739,12096,12453,12810,13167,13524,13881,14238,14595,14952,14994,15309,15666,16023,16380,16737,17094,17451,17808,18165,18522,18879,19236,19593,19950,20307,20664,21021,21378,21735,22092,22449,22806,23163,23520,23877,24234,24591,24948,25305,25662,26019,26376,26733,27090,27447,27804,28161,28518,28875,29232,29589,29946,30303,30660,31017,31374,31731,32088,32445,32802,33159,33516,33873,34230,34587,34944,35301,35658,36015,36372,36729,37086,37443,37800,38157,38514,38871,39228,39585,39942,40299,40656,41013,41370,41727,42084,42441,42798,43155,43512,43869,44226,44583,44940,45297,45654,46011,46368,46725,47082,47439,47796,48153,48510,48867,49224,49581,49938,50295,50652,51009,51366,51723,52080,52437,52794,53151,53508,53865,54222,54579,54936,55293,55650,56007,56364,56721,57078,57435,57792,58149,58506,58863,59220,59577,59934,60291,60648,61005,61362,61719,62076,62433,62790,63147,63504,63861,64218,64575,64932,65289,65646,66003,66360,66717,67074,67431,67788,68145,68502,68859,69216,69573,69930,70287,70644,71001,71358,71715,72072,72429,72786,73143,73500,73857,74214,74571,74928,75285,75642,75999,76356,76713,77070,77427,77784,78141,78498,78855,79212,79569,79926,80283,80640,80997,81354,81711,82068,82425,82782,83139,83496,83853,84210,84567,84924,85281,85638,85995,86352,86709,87066,87423,87780,88137,88494,88851,89208,89565,89922,90279,90636,90993,91350,91707,92064,92421,92778,93135,93492,93849,94206,94563,94920,95277,95634,95991,96348,96705,97062,97419,97776,98133,98490,98847,99204,99561,99918,100275,100632,100989,101346,101703,102060,102417,102774,103131,103488,103845,104202,104559,104916,105273,105630,105987,106344,106701,107058,107415,107772,108129,108486,108843,109200,109557,109914,110271,110628,110985,111342,111699,112056,112413,112770,113127,113484,113841,114198,114555,114912,115269,115626,115983,116340,116697,117054,117411,117768,118125,118482,118839,119196,119553,119910,120267,120624,120981,121338,121695,122052,122409,122766,123123,123480,123837,124194,124551,124908,125265,125622,125979,126336,126693,127050,127407
316,673,1030,1387,1744,2101,2458,2815,3172,3529,3886,4243,4600,4957,5314,5671,6028,6385,6742,7099,7456,7813,8170,8527,8884,9241,9598,9955,10312,10669,11026,11383,11740,12097,12454,12811,13168,13525,13882,14239,14596,14637,14953,15310,15667,16024,16381,16738,17095,17452,17809,18166,18523,18880,19237,19594,19951,20308,20665,21022,21379,21736,22093,22450,22807,23164,23521,23878,24235,24592,24949,25306,25663,26020,26377,26734,27091,27448,27805,28162,28519,28876,29233,29590,29947,30304,30661,31018,31375,31732,32089,32446,32803,33160,33517,33874,34231,34588,34945,35302,35659,36016,36373,36730,37087,37444,37801,38158,38515,38872,39229,39586,39943,40300,40657,41014,41371,41728,42085,42442,42799,43156,43513,43870,44227,44584,44941,45298,45655,46012,46369,46726,47083,47440,47797,48154,48511,48868,49225,49582,49939,50296,50653,51010,51367,51724,52081,52438,52795,53152,53509,53866,54223,54580,54937,55294,55651,56008,56365,56722,57079,57436,57793,58150,58507,58864,59221,59578,59935,60292,60649,61006,61363,61720,62077,62434,62791,63148,63505,63862,64219,64576,64933,65290,65647,66004,66361,66718,67075,67432,67789,68146,68503,68860,69217,69574,69931,70288,70645,71002,71359,71716,72073,72430,72787,73144,73501,73858,74215,74572,74929,75286,75643,76000,76357,76714,77071,77428,77785,78142,78499,78856,79213,79570,79927,80284,80641,80998,81355,81712,82069,82426,82783,83140,83497,83854,84211,84568,84925,85282,85639,85996,86353,86710,87067,87424,87781,88138,88495,88852,89209,89566,89923,90280,90637,90994,91351,91708,92065,92422,92779,93136,93493,93850,94207,94564,94921,95278,95635,95992,96349,96706,97063,97420,97777,98134,98491,98848,99205,99562,99919,100276,100633,100990,101347,101704,102061,102418,102775,103132,103489,103846,104203,104560,104917,105274,105631,105988,106345,106702,107059,107416,107773,108130,108487,108844,109201,109558,109915,110272,110629,110986,111343,111700,112057,112414,112771,113128,113485,113842,114199,114556,114913,115270,115627,115984,116341,116698,117055,117412,117769,118126,118483,118840,119197,119554,119911,120268,120625,120982,121339,121696,122053,122410,122767,123124,123481,123838,124195,124552,124909,125266,125623,125980,126337,126694,127051,127408
317,674,1031,1388,1745,2102,2459,2816,3173,3530,3887,4244,4601,4958,5315,5672,6029,6386,6743,7100,7457,7814,8171,8528,8885,9242,9599,9956,10313,10670,11027,11384,11741,12098,12455,12812,13169,13526,13883,14240,14280,14597,14954,15311,15668,16025,16382,16739,17096,17453,17810,18167,18524,18881,19238,19595,19952,20309,20666,21023,21380,21737,22094,22451,22808,23165,23522,23879,24236,24593,24950,25307,25664,26021,26378,26735,27092,27449,27806,28163,28520,28877,29234,29591,29948,30305,30662,31019,31376,31733,32090,32447,32804,33161,33518,33875,34232,34589,34946,35303,35660,36017,36374,36731,37088,37445,37802,38159,38516,38873,39230,39587,39944,40301,40658,41015,41372,41729,42086,42443,42800,43157,43514,43871,44228,44585,44942,45299,45656,46013,46370,46727,47084,47441,47798,48155,48512,48869,49226,49583,49940,50297,50654,51011,51368,51725,52082,52439,52796,53153,53510,53867,54224,54581,54938,55295,55652,56009,56366,56723,57080,57437,57794,58151,58508,58865,59222,59579,59936,60293,60650,61007,61364,61721,62078,62435,62792,63149,63506,63863,64220,64577,64934,65291,65648,66005,66362,66719,67076,67433,67790,68147,68504,68861,69218,69575,69932,70289,70646,71003,71360,71717,72074,72431,72788,73145,73502,73859,74216,74573,74930,75287,75644,76001,76358,76715,77072,77429,77786,78143,78500,78857,79214,79571,79928,80285,80642,80999,81356,81713,82070,82427,82784,83141,83498,83855,84212,84569,84926,85283,85640,85997,86354,86711,87068,87425,87782,88139,88496,88853,89210,89567,89924,90281,90638,90995,91352,91709,92066,92423,92780,93137,93494,93851,94208,94565,94922,95279,95636,95993,96350,96707,97064,97421,97778,98135,98492,98849,99206,99563,99920,100277,100634,100991,101348,101705,102062,102419,102776,103133,103490,103847,104204,104561,104918,105275,105632,105989,106346,106703,107060,107417,107774,108131,108488,108845,109202,109559,109916,110273,110630,110987,111344,111701,112058,112415,112772,113129,113486,113843,114200,114557,114914,115271,115628,115985,116342,116699,117056,117413,117770,118127,118484,118841,119198,119555,119912,120269,120626,120983,121340,121697,122054,122411,122768,123125,123482,123839,124196,124553,124910,125267,125624,125981,126338,126695,127052,127409
318,675,1032,1389,1746,2103,2460,2817,3174,3531,3888,4245,4602,4959,5316,5673,6030,6387,6744,7101,7458,7815,8172,8529,8886,9243,9600,9957,10314,10671,11028,11385,11742,12099,12456,12813,13170,13527,13884,13923,14241,14598,14955,15312,15669,16026,16383,16740,17097,17454,17811,18168,18525,18882,19239,19596,19953,20310,20667,21024,21381,21738,22095,22452,22809,23166,23523,23880,24237,24594,24951,25308,25665,26022,26379,26736,27093,27450,27807,28164,28521,28878,29235,29592,29949,30306,30663,31020,31377,31734,32091,32448,32805,33162,33519,33876,34233,34590,34947,35304,35661,36018,36375,36732,37089,37446,37803,38160,38517,38874,39231,39588,39945,40302,40659,41016,41373,41730,42087,42444,42801,43158,43515,43872,44229,44586,44943,45300,45657,46014,46371,46728,47085,47442,47799,48156,48513,48870,49227,49584,49941,50298,50655,51012,51369,51726,52083,52440,52797,53154,53511,53868,54225,54582,54939,55296,55653,56010,56367,56724,57081,57438,57795,58152,58509,58866,59223,59580,59937,60294,60651,61008,61365,61722,62079,62436,62793,63150,63507,63864,64221,64578,64935,65292,65649,66006,66363,66720,67077,67434,67791,68148,68505,68862,69219,69576,69933,70290,70647,71004,71361,71718,72075,72432,72789,73146,73503,73860,74217,74574,74931,75288,75645,76002,76359,76716,77073,77430,77787,78144,78501,78858,79215,79572,79929,80286,80643,81000,81357,81714,82071,82428,82785,83142,83499,83856,84213,84570,84927,85284,85641,85998,86355,86712,87069,87426,87783,88140,88497,88854,89211,89568,89925,90282,90639,90996,91353,91710,92067,92424,92781,93138,93495,93852,94209,94566,94923,95280,95637,95994,96351,96708,97065,97422,97779,98136,98493,98850,99207,99564,99921,100278,100635,100992,101349,101706,102063,102420,102777,103134,103491,103848,104205,104562,104919,105276,105633,105990,106347,106704,107061,107418,107775,108132,108489,108846,109203,109560,109917,110274,110631,110988,111345,111702,112059,112416,112773,113130,113487,113844,114201,114558,114915,115272,115629,115986,116343,116700,117057,117414,117771,118128,118485,118842,119199,119556,119913,120270,120627,120984,121341,121698,122055,122412,122769,123126,123483,123840,124197,124554,124911,125268,125625,125982,126339,126696,127053,127410
319,676,1033,1390,1747,2104,2461,2818,3175,3532,3889,4246,4603,4960,5317,5674,6031,6388,6745,7102,7459,7816,8173,8530,8887,9244,9601,9958,10315,10672,11029,11386,11743,12100,12457,12814,13171,13528,13566,13885,14242,14599,14956,15313,15670,16027,16384,16741,17098,17455,17812,18169,18526,18883,19240,19597,19954,20311,20668,21025,21382,21739,22096,22453,22810,23167,23524,23881,24238,24595,24952,25309,25666,26023,26380,26737,27094,27451,27808,28165,28522,28879,29236,29593,29950,30307,30664,31021,31378,31735,32092,32449,32806,33163,33520,33877,34234,34591,34948,35305,35662,36019,36376,36733,37090,37447,37804,38161,38518,38875,39232,39589,39946,40303,40660,41017,41374,41731,42088,42445,42802,43159,43516,43873,44230,44587,44944,45301,45658,46015,46372,46729,47086,47443,47800,48157,48514,48871,49228,49585,49942,50299,50656,51013,51370,51727,52084,52441,52798,53155,53512,53869,54226,54583,54940,55297,55654,56011,56368,56725,57082,57439,57796,58153,58510,58867,59224,59581,59938,60295,60652,61009,61366,61723,62080,62437,62794,63151,63508,63865,64222,64579,64936,65293,65650,66007,66364,66721,67078,67435,67792,68149,68506,68863,69220,69577,69934,70291,70648,71005,71362,71719,72076,72433,72790,73147,73504,73861,74218,74575,74932,75289,75646,76003,76360,76717,77074,77431,77788,78145,78502,78859,79216,79573,79930,80287,80644,81001,81358,81715,82072,82429,82786,83143,83500,83857,84214,84571,84928,85285,85642,85999,86356,86713,87070,87427,87784,88141,88498,88855,89212,89569,89926,90283,90640,90997,91354,91711,92068,92425,92782,93139,93496,93853,94210,94567,94924,95281,95638,95995,96352,96709,97066,97423,97780,98137,98494,98851,99208,99565,99922,100279,100636,100993,101350,101707,102064,102421,102778,103135,103492,103849,104206,104563,104920,105277,105634,105991,106348,106705,107062,107419,107776,108133,108490,108847,109204,109561,109918,110275,110632,110989,111346,111703,112060,112417,112774,113131,113488,113845,114202,114559,114916,115273,115630,115987,116344,116701,117058,117415,117772,118129,118486,118843,119200,119557,119914,120271,120628,120985,121342,121699,122056,122413,122770,123127,123484,123841,124198,124555,124912,125269,125626,125983,126340,126697,127054,127411
320,677,1034,1391,1748,2105,2462,2819,3176,3533,3890,4247,4604,4961,5318,5675,6032,6389,6746,7103,7460,7817,8174,8531,8888,9245,9602,9959,10316,10673,11030,11387,11744,12101,12458,12815,13172,13209,13529,13886,14243,14600,14957,15314,15671,16028,16385,16742,17099,17456,17813,18170,18527,18884,19241,19598,19955,20312,20669,21026,21383,21740,22097,22454,22811,23168,23525,23882,24239,24596,24953,25310,25667,26024,26381,26738,27095,27452,27809,28166,28523,28880,29237,29594,29951,30308,30665,31022,31379,31736,32093,32450,32807,33164,33521,33878,34235,34592,34949,35306,35663,36020,36377,36734,37091,37448,37805,38162,38519,38876,39233,39590,39947,40304,40661,41018,41375,41732,42089,42446,42803,43160,43517,43874,44231,44588,44945,45302,45659,46016,46373,46730,47087,47444,47801,48158,48515,48872,49229,49586,49943,50300,50657,51014,51371,51728,52085,52442,52799,53156,53513,53870,54227,54584,54941,55298,55655,56012,56369,56726,57083,57440,57797,58154,58511,58868,59225,59582,59939,60296,60653,61010,61367,61724,62081,62438,62795,63152,63509,63866,64223,64580,64937,65294,65651,66008,66365,66722,67079,67436,67793,68150,68507,68864,69221,69578,69935,70292,70649,71006,71363,71720,72077,72434,72791,73148,73505,73862,74219,74576,74933,75290,75647,76004,76361,76718,77075,77432,77789,78146,78503,78860,79217,79574,79931,80288,80645,81002,81359,81716,82073,82430,82787,83144,83501,83858,84215,84572,84929,85286,85643,86000,86357,86714,87071,87428,87785,88142,88499,88856,89213,89570,89927,90284,90641,90998,91355,91712,92069,92426,92783,93140,93497,93854,94211,94568,94925,95282,95639,95996,96353,96710,97067,97424,97781,98138,98495,98852,99209,99566,99923,100280,100637,100994,101351,101708,102065,102422,102779,103136,103493,103850,104207,104564,104921,105278,105635,105992,106349,106706,107063,107420,107777,108134,108491,108848,109205,109562,109919,110276,110633,110990,111347,111704,112061,112418,112775,113132,113489,113846,114203,114560,114917,115274,115631,115988,116345,116702,117059,117416,117773,118130,118487,118844,119201,119558,119915,120272,120629,120986,121343,121700,122057,122414,122771,123128,123485,123842,124199,124556,124913,125270,125627,125984,126341,126698,127055,127412
321,678,1035,1392,1749,2106,2463,2820,3177,3534,3891,4248,4605,4962,5319,5676,6033,6390,6747,7104,7461,7818,8175,8532,8889,9246,9603,9960,10317,10674,11031,11388,11745,12102,12459,12816,12852,13173,13530,13887,14244,14601,14958,15315,15672,16029,16386,16743,17100,17457,17814,18171,18528,18885,19242,19599,19956,20313,20670,21027,21384,21741,22098,22455,22812,23169,23526,23883,24240,24597,24954,25311,25668,26025,26382,26739,27096,27453,27810,28167,28524,28881,29238,29595,29952,30309,30666,31023,31380,31737,32094,32451,32808,33165,33522,33879,34236,34593,34950,35307,35664,36021,36378,36735,37092,37449,37806,38163,38520,38877,39234,39591,39948,40305,40662,41019,41376,41733,42090,42447,42804,43161,43518,43875,44232,44589,44946,45303,45660,46017,46374,46731,47088,47445,47802,48159,48516,48873,49230,49587,49944,50301,50658,51015,51372,51729,52086,52443,52800,53157,53514,53871,54228,54585,54942,55299,55656,56013,56370,56727,57084,57441,57798,58155,58512,58869,59226,59583,59940,60297,60654,61011,61368,61725,62082,62439,62796,63153,63510,63867,64224,64581,64938,65295,65652,66009,66366,66723,67080,67437,67794,68151,68508,68865,69222,69579,69936,70293,70650,71007,71364,71721,72078,72435,72792,73149,73506,73863,74220,74577,74934,75291,75648,76005,76362,76719,77076,77433,77790,78147,78504,78861,79218,79575,79932,80289,80646,81003,81360,81717,82074,82431,82788,83145,83502,83859,84216,84573,84930,85287,85644,86001,86358,86715,87072,87429,87786,88143,88500,88857,89214,89571,89928,90285,90642,90999,91356,91713,92070,92427,92784,93141,93498,93855,94212,94569,94926,95283,95640,95997,96354,96711,97068,97425,97782,98139,98496,98853,99210,99567,99924,100281,100638,100995,101352,101709,102066,102423,102780,103137,103494,103851,104208,104565,104922,105279,105636,105993,106350,106707,107064,107421,107778,108135,108492,108849,109206,109563,109920,110277,110634,110991,111348,111705,112062,112419,112776,113133,113490,113847,114204,114561,114918,115275,115632,115989,116346,116703,117060,117417,117774,118131,118488,118845,119202,119559,119916,120273,120630,120987,121344,121701,122058,122415,122772,123129,123486,123843,124200,124557,124914,125271,125628,125985,126342,126699,127056,127413
322,679,1036,1393,1750,2107,2464,2821,3178,3535,3892,4249,4606,4963,5320,5677,6034,6391,6748,7105,7462,7819,8176,8533,8890,9247,9604,9961,10318,10675,11032,11389,11746,12103,12460,12495,12817,13174,13531,13888,14245,14602,14959,15316,15673,16030,16387,16744,17101,17458,17815,18172,18529,18886,19243,19600,19957,20314,20671,21028,21385,21742,22099,22456,22813,23170,23527,23884,24241,24598,24955,25312,25669,26026,26383,26740,27097,27454,27811,28168,28525,28882,29239,29596,29953,30310,30667,31024,31381,31738,32095,32452,32809,33166,33523,33880,34237,34594,34951,35308,35665,36022,36379,36736,37093,37450,37807,38164,38521,38878,39235,39592,39949,40306,40663,41020,41377,41734,42091,42448,42805,43162,43519,43876,44233,44590,44947,45304,45661,46018,46375,46732,47089,47446,47803,48160,48517,48874,49231,49588,49945,50302,50659,51016,51373,51730,52087,52444,52801,53158,53515,53872,54229,54586,54943,55300,55657,56014,56371,56728,57085,57442,57799,58156,58513,58870,59227,59584,59941,60298,60655,61012,61369,61726,62083,62440,62797,63154,63511,63868,64225,64582,64939,65296,65653,66010,66367,66724,67081,67438,67795,68152,68509,68866,69223,69580,69937,70294,70651,71008,71365,71722,72079,72436,72793,73150,73507,73864,74221,74578,74935,75292,75649,76006,76363,76720,77077,77434,77791,78148,78505,78862,79219,79576,79933,80290,80647,81004,81361,81718,82075,82432,82789,83146,83503,83860,84217,84574,84931,85288,85645,86002,86359,86716,87073,87430,87787,88144,88501,88858,89215,89572,89929,90286,90643,91000,91357,91714,92071,92428,92785,93142,93499,93856,94213,94570,94927,95284,95641,95998,96355,96712,97069,97426,97783,98140,98497,98854,99211,99568,99925,100282,100639,100996,101353,101710,102067,102424,102781,103138,103495,103852,104209,104566,104923,105280,105637,105994,106351,106708,107065,107422,107779,108136,108493,108850,109207,109564,109921,110278,110635,110992,111349,111706,112063,112420,112777,113134,113491,113848,114205,114562,114919,115276,115633,115990,116347,116704,117061,117418,117775,118132,118489,118846,119203,119560,119917,120274,120631,120988,121345,121702,122059,122416,122773,123130,123487,123844,124201,124558,124915,125272,125629,125986,126343,126700,127057,127414
323,680,1037,1394,1751,2108,2465,2822,3179,3536,3893,4250,4607,4964,5321,5678,6035,6392,6749,7106,7463,7820,8177,8534,8891,9248,9605,9962,10319,10676,11033,11390,11747,12104,12138,12461,12818,13175,13532,13889,14246,14603,14960,15317,15674,16031,16388,16745,17102,17459,17816,18173,18530,18887,19244,19601,19958,20315,20672,21029,21386,21743,22100,22457,22814,23171,23528,23885,24242,24599,24956,25313,25670,26027,26384,26741,27098,27455,27812,28169,28526,28883,29240,29597,29954,30311,30668,31025,31382,31739,32096,32453,32810,33167,33524,33881,34238,34595,34952,35309,35666,36023,36380,36737,37094,37451,37808,38165,38522,38879,39236,39593,39950,40307,40664,41021,41378,41735,42092,42449,42806,43163,43520,43877,44234,44591,44948,45305,45662,46019,46376,46733,47090,47447,47804,48161,48518,48875,49232,49589,49946,50303,50660,51017,51374,51731,52088,52445,52802,53159,53516,53873,54230,54587,54944,55301,55658,56015,56372,56729,57086,57443,57800,58157,58514,58871,59228,59585,59942,60299,60656,61013,61370,61727,62084,62441,62798,63155,63512,63869,64226,64583,64940,65297,65654,66011,66368,66725,67082,67439,67796,68153,68510,68867,69224,69581,69938,70295,70652,71009,71366,71723,72080,72437,72794,73151,73508,73865,74222,74579,74936,75293,75650,76007,76364,76721,77078,77435,77792,78149,78506,78863,79220,79577,79934,80291,80648,81005,81362,81719,82076,82433,82790,83147,83504,83861,84218,84575,84932,85289,85646,86003,86360,86717,87074,87431,87788,88145,88502,88859,89216,89573,89930,90287,90644,91001,91358,91715,92072,92429,92786,93143,93500,93857,94214,94571,94928,95285,95642,95999,96356,96713,97070,97427,97784,98141,98498,98855,99212,99569,99926,100283,100640,100997,101354,101711,102068,102425,102782,103139,103496,103853,104210,104567,104924,105281,105638,105995,106352,106709,107066,107423,107780,108137,108494,108851,109208,109565,109922,110279,110636,110993,111350,111707,112064,112421,112778,113135,113492,113849,114206,114563,114920,115277,115634,115991,116348,116705,117062,117419,117776,118133,118490,118847,119204,119561,119918,120275,120632,120989,121346,121703,122060,122417,122774,123131,123488,123845,124202,124559,124916,125273,125630,125987,126344,126701,127058,127415
324,681,1038,1395,1752,2109,2466,2823,3180,3537,3894,4251,4608,4965,5322,5679,6036,6393,6750,7107,7464,7821,8178,8535,8892,9249,9606,9963,10320,10677,11034,11391,11748,11781,12105,12462,12819,13176,13533,13890,14247,14604,14961,15318,15675,16032,16389,16746,17103,17460,17817,18174,18531,18888,19245,19602,19959,20316,20673,21030,21387,21744,22101,22458,22815,23172,23529,23886,24243,24600,24957,25314,25671,26028,26385,26742,27099,27456,27813,28170,28527,28884,29241,29598,29955,30312,30669,31026,31383,31740,32097,32454,32811,33168,33525,33882,34239,34596,34953,35310,35667,36024,36381,36738,37095,37452,37809,38166,38523,38880,39237,39594,39951,40308,40665,41022,41379,41736,42093,42450,42807,43164,43521,43878,44235,44592,44949,45306,45663,46020,46377,46734,47091,47448,47805,48162,48519,48876,49233,49590,49947,50304,50661,51018,51375,51732,52089,52446,52803,53160,53517,53874,54231,54588,54945,55302,55659,56016,56373,56730,57087,57444,57801,58158,58515,58872,59229,59586,59943,60300,60657,61014,61371,61728,62085,62442,62799,63156,63513,63870,64227,64584,64941,65298,65655,66012,66369,66726,67083,67440,67797,68154,68511,68868,69225,69582,69939,70296,70653,71010,71367,71724,72081,72438,72795,73152,73509,73866,74223,74580,74937,75294,75651,76008,76365,76722,77079,77436,77793,78150,78507,78864,79221,79578,79935,80292,80649,81006,81363,81720,82077,82434,82791,83148,83505,83862,84219,84576,84933,85290,85647,86004,86361,86718,87075,87432,87789,88146,88503,88860,89217,89574,89931,90288,90645,91002,91359,91716,92073,92430,92787,93144,93501,93858,94215,94572,94929,95286,95643,96000,96357,96714,97071,97428,97785,98142,98499,98856,99213,99570,99927,100284,100641,100998,101355,101712,102069,102426,102783,103140,103497,103854,104211,104568,104925,105282,105639,105996,106353,106710,107067,107424,107781,108138,108495,108852,109209,109566,109923,110280,110637,110994,111351,111708,112065,112422,112779,113136,113493,113850,114207,114564,114921,115278,115635,115992,116349,116706,117063,117420,117777,118134,118491,118848,119205,119562,119919,120276,120633,120990,121347,121704,122061,122418,122775,123132,123489,123846,124203,124560,124917,125274,125631,125988,126345,126702,127059,127416
325,682,1039,1396,1753,2110,2467,2824,3181,3538,3895,4252,4609,4966,5323,5680,6037,6394,6751,7108,7465,7822,8179,8536,8893,9250,9607,9964,10321,10678,11035,11392,11424,11749,12106,12463,12820,13177,13534,13891,14248,14605,14962,15319,15676,16033,16390,16747,17104,17461,17818,18175,18532,18889,19246,19603,19960,20317,20674,21031,21388,21745,22102,22459,22816,23173,23530,23887,24244,24601,24958,25315,25672,26029,26386,26743,27100,27457,27814,28171,28528,28885,29242,29599,29956,30313,30670,31027,31384,31741,32098,32455,32812,33169,33526,33883,34240,34597,34954,35311,35668,36025,36382,36739,37096,37453,37810,38167,38524,38881,39238,39595,39952,40309,40666,41023,41380,41737,42094,42451,42808,43165,43522,43879,44236,44593,44950,45307,45664,46021,46378,46735,47092,47449,47806,48163,48520,48877,49234,49591,49948,50305,50662,51019,51376,51733,52090,52447,52804,53161,53518,53875,54232,54589,54946,55303,55660,56017,56374,56731,57088,57445,57802,58159,58516,58873,59230,59587,59944,60301,60658,61015,61372,61729,62086,62443,62800,63157,63514,63871,64228,64585,64942,65299,65656,66013,66370,66727,67084,67441,67798,68155,68512,68869,69226,69583,69940,70297,70654,71011,71368,71725,72082,72439,72796,73153,73510,73867,74224,74581,74938,75295,75652,76009,76366,76723,77080,77437,77794,78151,78508,78865,79222,79579,79936,80293,80650,81007,81364,81721,82078,82435,82792,83149,83506,83863,84220,84577,84934,85291,85648,86005,86362,86719,87076,87433,87790,88147,88504,88861,89218,89575,89932,90289,90646,91003,91360,91717,92074,92431,92788,93145,93502,93859,94216,94573,94930,95287,95644,96001,96358,96715,97072,97429,97786,98143,98500,98857,99214,99571,99928,100285,100642,100999,101356,101713,102070,102427,102784,103141,103498,103855,104212,104569,104926,105283,105640,105997,106354,106711,107068,107425,107782,108139,108496,108853,109210,109567,109924,110281,110638,110995,111352,111709,112066,112423,112780,113137,113494,113851,114208,114565,114922,115279,115636,115993,116350,116707,117064,117421,117778,118135,118492,118849,119206,119563,119920,120277,120634,120991,121348,121705,122062,122419,122776,123133,123490,123847,124204,124561,124918,125275,125632,125989,126346,126703,127060,127417
326,683,1040,1397,1754,2111,2468,2825,3182,3539,3896,4253,4610,4967,5324,5681,6038,6395,6752,7109,7466,7823,8180,8537,8894,9251,9608,9965,10322,10679,11036,11067,11393,11750,12107,12464,12821,13178,13535,13892,14249,14606,14963,15320,15677,16034,16391,16748,17105,17462,17819,18176,18533,18890,19247,19604,19961,20318,20675,21032,21389,21746,22103,22460,22817,23174,23531,23888,24245,24602,24959,25316,25673,26030,26387,26744,27101,27458,27815,28172,28529,28886,29243,29600,29957,30314,30671,31028,31385,31742,32099,32456,32813,33170,33527,33884,34241,34598,34955,35312,35669,36026,36383,36740,37097,37454,37811,38168,38525,38882,39239,39596,39953,40310,40667,41024,41381,41738,42095,42452,42809,43166,43523,43880,44237,44594,44951,45308,45665,46022,46379,46736,47093,47450,47807,48164,48521,48878,49235,49592,49949,50306,50663,51020,51377,51734,52091,52448,52805,53162,53519,53876,54233,54590,54947,55304,55661,56018,56375,56732,57089,57446,57803,58160,58517,58874,59231,59588,59945,60302,60659,61016,61373,61730,62087,62444,62801,63158,63515,63872,64229,64586,64943,65300,65657,66014,66371,66728,67085,67442,67799,68156,68513,68870,69227,69584,69941,70298,70655,71012,71369,71726,72083,72440,72797,73154,73511,73868,74225,74582,74939,75296,75653,76010,76367,76724,77081,77438,77795,78152,78509,78866,79223,79580,79937,80294,80651,81008,81365,81722,82079,82436,82793,83150,83507,83864,84221,84578,84935,85292,85649,86006,86363,86720,87077,87434,87791,88148,88505,88862,89219,89576,89933,90290,90647,91004,91361,91718,92075,92432,92789,93146,93503,93860,94217,94574,94931,95288,95645,96002,96359,96716,97073,97430,97787,98144,98501,98858,99215,99572,99929,100286,100643,101000,101357,101714,102071,102428,102785,103142,103499,103856,104213,104570,104927,105284,105641,105998,106355,106712,107069,107426,107783,108140,108497,108854,109211,109568,109925,110282,110639,110996,111353,111710,112067,112424,112781,113138,113495,113852,114209,114566,114923,115280,115637,115994,116351,116708,117065,117422,117779,118136,118493,118850,119207,119564,119921,120278,120635,120992,121349,121706,122063,122420,122777,123134,123491,123848,124205,124562,124919,125276,125633,125990,126347,126704,127061,127418
327,684,1041,1398,1755,2112,2469,2826,3183,3540,3897,4254,4611,4968,5325,5682,6039,6396,6753,7110,7467,7824,8181,8538,8895,9252,9609,9966,10323,10680,10710,11037,11394,11751,12108,12465,12822,13179,13536,13893,14250,14607,14964,15321,15678,16035,16392,16749,17106,17463,17820,18177,18534,18891,19248,19605,19962,20319,20676,21033,21390,21747,22104,22461,22818,23175,23532,23889,24246,24603,24960,25317,25674,26031,26388,26745,27102,27459,27816,28173,28530,28887,29244,29601,29958,30315,30672,31029,31386,31743,32100,32457,32814,33171,33528,33885,34242,34599,34956,35313,35670,36027,36384,36741,37098,37455,37812,38169,38526,38883,39240,39597,39954,40311,40668,41025,41382,41739,42096,42453,42810,43167,43524,43881,44238,44595,44952,45309,45666,46023,46380,46737,47094,47451,47808,48165,48522,48879,49236,49593,49950,50307,50664,51021,51378,51735,52092,52449,52806,53163,53520,53877,54234,54591,54948,55305,55662,56019,56376,56733,57090,57447,57804,58161,58518,58875,59232,59589,59946,60303,60660,61017,61374,61731,62088,62445,62802,63159,63516,63873,64230,64587,64944,65301,65658,66015,66372,66729,67086,67443,67800,68157,68514,68871,69228,69585,69942,70299,70656,71013,71370,71727,72084,72441,72798,73155,73512,73869,74226,74583,74940,75297,75654,76011,76368,76725,77082,77439,77796,78153,78510,78867,79224,79581,79938,80295,80652,81009,81366,81723,82080,82437,82794,83151,83508,83865,84222,84579,84936,85293,85650,86007,86364,86721,87078,87435,87792,88149,88506,88863,89220,89577,89934,90291,90648,91005,91362,91719,92076,92433,92790,93147,93504,93861,94218,94575,94932,95289,95646,96003,96360,96717,97074,97431,97788,98145,98502,98859,99216,99573,99930,100287,100644,101001,101358,101715,102072,102429,102786,103143,103500,103857,104214,104571,104928,105285,105642,105999,106356,106713,107070,107427,107784,108141,108498,108855,109212,109569,109926,110283,110640,110997,111354,111711,112068,112425,112782,113139,113496,113853,114210,114567,114924,115281,115638,115995,116352,116709,117066,117423,117780,118137,118494,118851,119208,119565,119922,120279,120636,120993,121350,121707,122064,122421,122778,123135,123492,123849,124206,124563,124920,125277,125634,125991,126348,126705,127062,127419
328,685,1042,1399,1756,2113,2470,2827,3184,3541,3898,4255,4612,4969,5326,5683,6040,6397,6754,7111,7468,7825,8182,8539,8896,9253,9610,9967,10324,10353,10681,11038,11395,11752,12109,12466,12823,13180,13537,13894,14251,14608,14965,15322,15679,16036,16393,16750,17107,17464,17821,18178,18535,18892,19249,19606,19963,20320,20677,21034,21391,21748,22105,22462,22819,23176,23533,23890,24247,24604,24961,25318,25675,26032,26389,26746,27103,27460,27817,28174,28531,28888,29245,29602,29959,30316,30673,31030,31387,31744,32101,32458,32815,33172,33529,33886,34243,34600,34957,35314,35671,36028,36385,36742,37099,37456,37813,38170,38527,38884,39241,39598,39955,40312,40669,41026,41383,41740,42097,42454,42811,43168,43525,43882,44239,44596,44953,45310,45667,46024,46381,46738,47095,47452,47809,48166,48523,48880,49237,49594,49951,50308,50665,51022,51379,51736,52093,52450,52807,53164,53521,53878,54235,54592,54949,55306,55663,56020,56377,56734,57091,57448,57805,58162,58519,58876,59233,59590,59947,60304,60661,61018,61375,61732,62089,62446,62803,63160,63517,63874,64231,64588,64945,65302,65659,66016,66373,66730,67087,67444,67801,68158,68515,68872,69229,69586,69943,70300,70657,71014,71371,71728,72085,72442,72799,73156,73513,73870,74227,74584,74941,75298,75655,76012,76369,76726,77083,77440,77797,78154,78511,78868,79225,79582,79939,80296,80653,81010,81367,81724,82081,82438,82795,83152,83509,83866,84223,84580,84937,85294,85651,86008,86365,86722,87079,87436,87793,88150,88507,88864,89221,89578,89935,90292,90649,91006,91363,91720,92077,92434,92791,93148,93505,93862,94219,94576,94933,95290,95647,96004,96361,96718,97075,97432,97789,98146,98503,98860,99217,99574,99931,100288,100645,101002,101359,101716,102073,102430,102787,103144,103501,103858,104215,104572,104929,105286,105643,106000,106357,106714,107071,107428,107785,108142,108499,108856,109213,109570,109927,110284,110641,110998,111355,111712,112069,112426,112783,113140,113497,113854,114211,114568,114925,115282,115639,115996,116353,116710,117067,117424,117781,118138,118495,118852,119209,119566,119923,120280,120637,120994,121351,121708,122065,122422,122779,123136,123493,123850,124207,124564,124921,125278,125635,125992,126349,126706,127063,127420
329,686,1043,1400,1757,2114,2471,2828,3185,3542,3899,4256,4613,4970,5327,5684,6041,6398,6755,7112,7469,7826,8183,8540,8897,9254,9611,9968,9996,10325,10682,11039,11396,11753,12110,12467,12824,13181,13538,13895,14252,14609,14966,15323,15680,16037,16394,16751,17108,17465,17822,18179,18536,18893,19250,19607,19964,20321,20678,21035,21392,21749,22106,22463,22820,23177,23534,23891,24248,24605,24962,25319,25676,26033,26390,26747,27104,27461,27818,28175,28532,28889,29246,29603,29960,30317,30674,31031,31388,31745,32102,32459,32816,33173,33530,33887,34244,34601,34958,35315,35672,36029,36386,36743,37100,37457,37814,38171,38528,38885,39242,39599,39956,40313,40670,41027,41384,41741,42098,42455,42812,43169,43526,43883,44240,44597,44954,45311,45668,46025,46382,46739,47096,47453,47810,48167,48524,48881,49238,49595,49952,50309,50666,51023,51380,51737,52094,52451,52808,53165,53522,53879,54236,54593,54950,55307,55664,56021,56378,56735,57092,57449,57806,58163,58520,58877,59234,59591,59948,60305,60662,61019,61376,61733,62090,62447,62804,63161,63518,63875,64232,64589,64946,65303,65660,66017,66374,66731,67088,67445,67802,68159,68516,68873,69230,69587,69944,70301,70658,71015,71372,71729,72086,72443,72800,73157,73514,73871,74228,74585,74942,75299,75656,76013,76370,76727,77084,77441,77798,78155,78512,78869,79226,79583,79940,80297,80654,81011,81368,81725,82082,82439,82796,83153,83510,83867,84224,84581,84938,85295,85652,86009,86366,86723,87080,87437,87794,88151,88508,88865,89222,89579,89936,90293,90650,91007,91364,91721,92078,92435,92792,93149,93506,93863,94220,94577,94934,95291,95648,96005,96362,96719,97076,97433,97790,98147,98504,98861,99218,99575,99932,100289,100646,101003,101360,101717,102074,102431,102788,103145,103502,103859,104216,104573,104930,105287,105644,106001,106358,106715,107072,107429,107786,108143,108500,108857,109214,109571,109928,110285,110642,110999,111356,111713,112070,112427,112784,113141,113498,113855,114212,114569,114926,115283,115640,115997,116354,116711,117068,117425,117782,118139,118496,118853,119210,119567,119924,120281,120638,120995,121352,121709,122066,122423,122780,123137,123494,123851,124208,124565,124922,125279,125636,125993,126350,126707,127064,127421
330,687,1044,1401,1758,2115,2472,2829,3186,3543,3900,4257,4614,4971,5328,5685,6042,6399,6756,7113,7470,7827,8184,8541,8898,9255,9612,9639,9969,10326,10683,11040,11397,11754,12111,12468,12825,13182,13539,13896,14253,14610,14967,15324,15681,16038,16395,16752,17109,17466,17823,18180,18537,18894,19251,19608,19965,20322,20679,21036,21393,21750,22107,22464,22821,23178,23535,23892,24249,24606,24963,25320,25677,26034,26391,26748,27105,27462,27819,28176,28533,28890,29247,29604,29961,30318,30675,31032,31389,31746,32103,32460,32817,33174,33531,33888,34245,34602,34959,35316,35673,36030,36387,36744,37101,37458,37815,38172,38529,38886,39243,39600,39957,40314,40671,41028,41385,41742,42099,42456,42813,43170,43527,43884,44241,44598,44955,45312,45669,46026,46383,46740,47097,47454,47811,48168,48525,48882,49239,49596,49953,50310,50667,51024,51381,51738,52095,52452,52809,53166,53523,53880,54237,54594,54951,55308,55665,56022,56379,56736,57093,57450,57807,58164,58521,58878,59235,59592,59949,60306,60663,61020,61377,61734,62091,62448,62805,63162,63519,63876,64233,64590,64947,65304,65661,66018,66375,66732,67089,67446,67803,68160,68517,68874,69231,69588,69945,70302,70659,71016,71373,71730,72087,72444,72801,73158,73515,73872,74229,74586,74943,75300,75657,76014,76371,76728,77085,77442,77799,78156,78513,78870,79227,79584,79941,80298,80655,81012,81369,81726,82083,82440,82797,83154,83511,83868,84225,84582,84939,85296,85653,86010,86367,86724,87081,87438,87795,88152,88509,88866,89223,89580,89937,90294,90651,91008,91365,91722,92079,92436,92793,93150,93507,93864,94221,94578,94935,95292,95649,96006,96363,96720,97077,97434,97791,98148,98505,98862,99219,99576,99933,100290,100647,101004,101361,101718,102075,102432,102789,103146,103503,103860,104217,104574,104931,105288,105645,106002,106359,106716,107073,107430,107787,108144,108501,108858,109215,109572,109929,110286,110643,111000,111357,111714,112071,112428,112785,113142,113499,113856,114213,114570,114927,115284,115641,115998,116355,116712,117069,117426,117783,118140,118497,118854,119211,119568,119925,120282,120639,120996,121353,121710,122067,122424,122781,123138,123495,123852,124209,124566,124923,125280,125637,125994,126351,126708,127065,127422
331,688,1045,1402,1759,2116,2473,2830,3187,3544,3901,4258,4615,4972,5329,5686,6043,6400,6757,7114,7471,7828,8185,8542,8899,9256,9282,9613,9970,10327,10684,11041,11398,11755,12112,12469,12826,13183,13540,13897,14254,14611,14968,15325,15682,16039,16396,16753,17110,17467,17824,18181,18538,18895,19252,19609,19966,20323,20680,21037,21394,21751,22108,22465,22822,23179,23536,23893,24250,24607,24964,25321,25678,26035,26392,26749,27106,27463,27820,28177,28534,28891,29248,29605,29962,30319,30676,31033,31390,31747,32104,32461,32818,33175,33532,33889,34246,34603,34960,35317,35674,36031,36388,36745,37102,37459,37816,38173,38530,38887,39244,39601,39958,40315,40672,41029,41386,41743,42100,42457,42814,43171,43528,43885,44242,44599,44956,45313,45670,46027,46384,46741,47098,47455,47812,48169,48526,48883,49240,49597,49954,50311,50668,51025,51382,51739,52096,52453,52810,53167,53524,53881,54238,54595,54952,55309,55666,56023,56380,56737,57094,57451,57808,58165,58522,58879,59236,59593,59950,60307,60664,61021,61378,61735,62092,62449,62806,63163,63520,63877,64234,64591,64948,65305,65662,66019,66376,66733,67090,67447,67804,68161,68518,68875,69232,69589,69946,70303,70660,71017,71374,71731,72088,72445,72802,73159,73516,73873,74230,74587,74944,75301,75658,76015,76372,76729,77086,77443,77800,78157,78514,78871,79228,79585,79942,80299,80656,81013,81370,81727,82084,82441,82798,83155,83512,83869,84226,84583,84940,85297,85654,86011,86368,86725,87082,87439,87796,88153,88510,88867,89224,89581,89938,90295,90652,91009,91366,91723,92080,92437,92794,93151,93508,93865,94222,94579,94936,95293,95650,96007,96364,96721,97078,97435,97792,98149,98506,98863,99220,99577,99934,100291,100648,101005,101362,101719,102076,102433,102790,103147,103504,103861,104218,104575,104932,105289,105646,106003,106360,106717,107074,107431,107788,108145,108502,108859,109216,109573,109930,110287,110644,111001,111358,111715,112072,112429,112786,113143,113500,113857,114214,114571,114928,115285,115642,115999,116356,116713,117070,117427,117784,118141,118498,118855,119212,119569,119926,120283,120640,120997,121354,121711,122068,122425,122782,123139,123496,123853,124210,124567,124924,125281,125638,125995,126352,126709,127066,127423
332,689,1046,1403,1760,2117,2474,2831,3188,3545,3902,4259,4616,4973,5330,5687,6044,6401,6758,7115,7472,7829,8186,8543,8900,8925,9257,9614,9971,10328,10685,11042,11399,11756,12113,12470,12827,13184,13541,13898,14255,14612,14969,15326,15683,16040,16397,16754,17111,17468,17825,18182,18539,18896,19253,19610,19967,20324,20681,21038,21395,21752,22109,22466,22823,23180,23537,23894,24251,24608,24965,25322,25679,26036,26393,26750,27107,27464,27821,28178,28535,28892,29249,29606,29963,30320,30677,31034,31391,31748,32105,32462,32819,33176,33533,33890,34247,34604,34961,35318,35675,36032,36389,36746,37103,37460,37817,38174,38531,38888,39245,39602,39959,40316,40673,41030,41387,41744,42101,42458,42815,43172,43529,43886,44243,44600,44957,45314,45671,46028,46385,46742,47099,47456,47813,48170,48527,48884,49241,49598,49955,50312,50669,51026,51383,51740,52097,52454,52811,53168,53525,53882,54239,54596,54953,55310,55667,56024,56381,56738,57095,57452,57809,58166,58523,58880,59237,59594,59951,60308,60665,61022,61379,61736,62093,62450,62807,63164,63521,63878,64235,64592,64949,65306,65663,66020,66377,66734,67091,67448,67805,68162,68519,68876,69233,69590,69947,70304,70661,71018,71375,71732,72089,72446,72803,73160,73517,73874,74231,74588,74945,75302,75659,76016,76373,76730,77087,77444,77801,78158,78515,78872,79229,79586,79943,80300,80657,81014,81371,81728,82085,82442,82799,83156,83513,83870,84227,84584,84941,85298,85655,86012,86369,86726,87083,87440,87797,88154,88511,88868,89225,89582,89939,90296,90653,91010,91367,91724,92081,92438,92795,93152,93509,93866,94223,94580,94937,95294,95651,96008,96365,96722,97079,97436,97793,98150,98507,98864,99221,99578,99935,100292,100649,101006,101363,101720,102077,102434,102791,103148,103505,103862,104219,104576,104933,105290,105647,106004,106361,106718,107075,107432,107789,108146,108503,108860,109217,109574,109931,110288,110645,111002,111359,111716,112073,112430,112787,113144,113501,113858,114215,114572,114929,115286,115643,116000,116357,116714,117071,117428,117785,118142,118499,118856,119213,119570,119927,120284,120641,120998,121355,121712,122069,122426,122783,123140,123497,123854,124211,124568,124925,125282,125639,125996,126353,126710,127067,127424
333,690,1047,1404,1761,2118,2475,2832,3189,3546,3903,4260,4617,4974,5331,5688,6045,6402,6759,7116,7473,7830,8187,8544,8568,8901,9258,9615,9972,10329,10686,11043,11400,11757,12114,12471,12828,13185,13542,13899,14256,14613,14970,15327,15684,16041,16398,16755,17112,17469,17826,18183,18540,18897,19254,19611,19968,20325,20682,21039,21396,21753,22110,22467,22824,23181,23538,23895,24252,24609,24966,25323,25680,26037,26394,26751,27108,27465,27822,28179,28536,28893,29250,29607,29964,30321,30678,31035,31392,31749,32106,32463,32820,33177,33534,33891,34248,34605,34962,35319,35676,36033,36390,36747,37104,37461,37818,38175,38532,38889,39246,39603,39960,40317,40674,41031,41388,41745,42102,42459,42816,43173,43530,43887,44244,44601,44958,45315,45672,46029,46386,46743,47100,47457,47814,48171,48528,48885,49242,49599,49956,50313,50670,51027,51384,51741,52098,52455,52812,53169,53526,53883,54240,54597,54954,55311,55668,56025,56382,56739,57096,57453,57810,58167,58524,58881,59238,59595,59952,60309,60666,61023,61380,61737,62094,62451,62808,63165,63522,63879,64236,64593,64950,65307,65664,66021,66378,66735,67092,67449,67806,68163,68520,68877,69234,69591,69948,70305,70662,71019,71376,71733,72090,72447,72804,73161,73518,73875,74232,74589,74946,75303,75660,76017,76374,76731,77088,77445,77802,78159,78516,78873,79230,79587,79944,80301,80658,81015,81372,81729,82086,82443,82800,83157,83514,83871,84228,84585,84942,85299,85656,86013,86370,86727,87084,87441,87798,88155,88512,88869,89226,89583,89940,90297,90654,91011,91368,91725,92082,92439,92796,93153,93510,93867,94224,94581,94938,95295,95652,96009,96366,96723,97080,97437,97794,98151,98508,98865,99222,99579,99936,100293,100650,101007,101364,101721,102078,102435,102792,103149,103506,103863,104220,104577,104934,105291,105648,106005,106362,106719,107076,107433,107790,108147,108504,108861,109218,109575,109932,110289,110646,111003,111360,111717,112074,112431,112788,113145,113502,113859,114216,114573,114930,115287,115644,116001,116358,116715,117072,117429,117786,118143,118500,118857,119214,119571,119928,120285,120642,120999,121356,121713,122070,122427,122784,123141,123498,123855,124212,124569,124926,125283,125640,125997,126354,126711,127068,127425
334,691,1048,1405,1762,2119,2476,2833,3190,3547,3904,4261,4618,4975,5332,5689,6046,6403,6760,7117,7474,7831,8188,8211,8545,8902,9259,9616,9973,10330,10687,11044,11401,11758,12115,12472,12829,13186,13543,13900,14257,14614,14971,15328,15685,16042,16399,16756,17113,17470,17827,18184,18541,18898,19255,19612,19969,20326,20683,21040,21397,21754,22111,22468,22825,23182,23539,23896,24253,24610,24967,25324,25681,26038,26395,26752,27109,27466,27823,28180,28537,28894,29251,29608,29965,30322,30679,31036,31393,31750,32107,32464,32821,33178,33535,33892,34249,34606,34963,35320,35677,36034,36391,36748,37105,37462,37819,38176,38533,38890,39247,39604,39961,40318,40675,41032,41389,41746,42103,42460,42817,43174,43531,43888,44245,44602,44959,45316,45673,46030,46387,46744,47101,47458,47815,48172,48529,48886,49243,49600,49957,50314,50671,51028,51385,51742,52099,52456,52813,53170,53527,53884,54241,54598,54955,55312,55669,56026,56383,56740,57097,57454,57811,58168,58525,58882,59239,59596,59953,60310,60667,61024,61381,61738,62095,62452,62809,63166,63523,63880,64237,64594,64951,65308,65665,66022,66379,66736,67093,67450,67807,68164,68521,68878,69235,69592,69949,70306,70663,71020,71377,71734,72091,72448,72805,73162,73519,73876,74233,74590,74947,75304,75661,76018,76375,76732,77089,77446,77803,78160,78517,78874,79231,79588,79945,80302,80659,81016,81373,81730,82087,82444,82801,83158,83515,83872,84229,84586,84943,85300,85657,86014,86371,86728,87085,87442,87799,88156,88513,88870,89227,89584,89941,90298,90655,91012,91369,91726,92083,92440,92797,93154,93511,93868,94225,94582,94939,95296,95653,96010,96367,96724,97081,97438,97795,98152,98509,98866,99223,99580,99937,100294,100651,101008,101365,101722,102079,102436,102793,103150,103507,103864,104221,104578,104935,105292,105649,106006,106363,106720,107077,107434,107791,108148,108505,108862,109219,109576,109933,110290,110647,111004,111361,111718,112075,112432,112789,113146,113503,113860,114217,114574,114931,115288,115645,116002,116359,116716,117073,117430,117787,118144,118501,118858,119215,119572,119929,120286,120643,121000,121357,121714,122071,122428,122785,123142,123499,123856,124213,124570,124927,125284,125641,125998,126355,126712,127069,127426
335,692,1049,1406,1763,2120,2477,2834,3191,3548,3905,4262,4619,4976,5333,5690,6047,6404,6761,7118,7475,7832,7854,8189,8546,8903,9260,9617,9974,10331,10688,11045,11402,11759,12116,12473,12830,13187,13544,13901,14258,14615,14972,15329,15686,16043,16400,16757,17114,17471,17828,18185,18542,18899,19256,19613,19970,20327,20684,21041,21398,21755,22112,22469,22826,23183,23540,23897,24254,24611,24968,25325,25682,26039,26396,26753,27110,27467,27824,28181,28538,28895,29252,29609,29966,30323,30680,31037,31394,31751,32108,32465,32822,33179,33536,33893,34250,34607,34964,35321,35678,36035,36392,36749,37106,37463,37820,38177,38534,38891,39248,39605,39962,40319,40676,41033,41390,41747,42104,42461,42818,43175,43532,43889,44246,44603,44960,45317,45674,46031,46388,46745,47102,47459,47816,48173,48530,48887,49244,49601,49958,50315,50672,51029,51386,51743,52100,52457,52814,53171,53528,53885,54242,54599,54956,55313,55670,56027,56384,56741,57098,57455,57812,58169,58526,58883,59240,59597,59954,60311,60668,61025,61382,61739,62096,62453,62810,63167,63524,63881,64238,64595,64952,65309,65666,66023,66380,66737,67094,67451,67808,68165,68522,68879,69236,69593,69950,70307,70664,71021,71378,71735,72092,72449,72806,73163,73520,73877,74234,74591,74948,75305,75662,76019,76376,76733,77090,77447,77804,78161,78518,78875,79232,79589,79946,80303,80660,81017,81374,81731,82088,82445,82802,83159,83516,83873,84230,84587,84944,85301,85658,86015,86372,86729,87086,87443,87800,88157,88514,88871,89228,89585,89942,90299,90656,91013,91370,91727,92084,92441,92798,93155,93512,93869,94226,94583,94940,95297,95654,96011,96368,96725,97082,97439,97796,98153,98510,98867,99224,99581,99938,100295,100652,101009,101366,101723,102080,102437,102794,103151,103508,103865,104222,104579,104936,105293,105650,106007,106364,106721,107078,107435,107792,108149,108506,108863,109220,109577,109934,110291,110648,111005,111362,111719,112076,112433,112790,113147,113504,113861,114218,114575,114932,115289,115646,116003,116360,116717,117074,117431,117788,118145,118502,118859,119216,119573,119930,120287,120644,121001,121358,121715,122072,122429,122786,123143,123500,123857,124214,124571,124928,125285,125642,125999,126356,126713,127070,127427
336,693,1050,1407,1764,2121,2478,2835,3192,3549,3906,4263,4620,4977,5334,5691,6048,6405,6762,7119,7476,7497,7833,8190,8547,8904,9261,9618,9975,10332,10689,11046,11403,11760,12117,12474,12831,13188,13545,13902,14259,14616,14973,15330,15687,16044,16401,16758,17115,17472,17829,18186,18543,18900,19257,19614,19971,20328,20685,21042,21399,21756,22113,22470,22827,23184,23541,23898,24255,24612,24969,25326,25683,26040,26397,26754,27111,27468,27825,28182,28539,28896,29253,29610,29967,30324,30681,31038,31395,31752,32109,32466,32823,33180,33537,33894,34251,34608,34965,35322,35679,36036,36393,36750,37107,37464,37821,38178,38535,38892,39249,39606,39963,40320,40677,41034,41391,41748,42105,42462,42819,43176,43533,43890,44247,44604,44961,45318,45675,46032,46389,46746,47103,47460,47817,48174,48531,48888,49245,49602,49959,50316,50673,51030,51387,51744,52101,52458,52815,53172,53529,53886,54243,54600,54957,55314,55671,56028,56385,56742,57099,57456,57813,58170,58527,58884,59241,59598,59955,60312,60669,61026,61383,61740,62097,62454,62811,63168,63525,63882,64239,64596,64953,65310,65667,66024,66381,66738,67095,67452,67809,68166,68523,68880,69237,69594,69951,70308,70665,71022,71379,71736,72093,72450,72807,73164,73521,73878,74235,74592,74949,75306,75663,76020,76377,76734,77091,77448,77805,78162,78519,78876,79233,79590,79947,80304,80661,81018,81375,81732,82089,82446,82803,83160,83517,83874,84231,84588,84945,85302,85659,86016,86373,86730,87087,87444,87801,88158,88515,88872,89229,89586,89943,90300,90657,91014,91371,91728,92085,92442,92799,93156,93513,93870,94227,94584,94941,95298,95655,96012,96369,96726,97083,97440,97797,98154,98511,98868,99225,99582,99939,100296,100653,101010,101367,101724,102081,102438,102795,103152,103509,103866,104223,104580,104937,105294,105651,106008,106365,106722,107079,107436,107793,108150,108507,108864,109221,109578,109935,110292,110649,111006,111363,111720,112077,112434,112791,113148,113505,113862,114219,114576,114933,115290,115647,116004,116361,116718,117075,117432,117789,118146,118503,118860,119217,119574,119931,120288,120645,121002,121359,121716,122073,122430,122787,123144,123501,123858,124215,124572,124929,125286,125643,126000,126357,126714,127071,127428
337,694,1051,1408,1765,2122,2479,2836,3193,3550,3907,4264,4621,4978,5335,5692,6049,6406,6763,7120,7140,7477,7834,8191,8548,8905,9262,9619,9976,10333,10690,11047,11404,11761,12118,12475,12832,13189,13546,13903,14260,14617,14974,15331,15688,16045,16402,16759,17116,17473,17830,18187,18544,18901,19258,19615,19972,20329,20686,21043,21400,21757,22114,22471,22828,23185,23542,23899,24256,24613,24970,25327,25684,26041,26398,26755,27112,27469,27826,28183,28540,28897,29254,29611,29968,30325,30682,31039,31396,31753,32110,32467,32824,33181,33538,33895,34252,34609,34966,35323,35680,36037,36394,36751,37108,37465,37822,38179,38536,38893,39250,39607,39964,40321,40678,41035,41392,41749,42106,42463,42820,43177,43534,43891,44248,44605,44962,45319,45676,46033,46390,46747,47104,47461,47818,48175,48532,48889,49246,49603,49960,50317,50674,51031,51388,51745,52102,52459,52816,53173,53530,53887,54244,54601,54958,55315,55672,56029,56386,56743,57100,57457,57814,58171,58528,58885,59242,59599,59956,60313,60670,61027,61384,61741,62098,62455,62812,63169,63526,63883,64240,64597,64954,65311,65668,66025,66382,66739,67096,67453,67810,68167,68524,68881,69238,69595,69952,70309,70666,71023,71380,71737,72094,72451,72808,73165,73522,73879,74236,74593,74950,75307,75664,76021,76378,76735,77092,77449,77806,78163,78520,78877,79234,79591,79948,80305,80662,81019,81376,81733,82090,82447,82804,83161,83518,83875,84232,84589,84946,85303,85660,86017,86374,86731,87088,87445,87802,88159,88516,88873,89230,89587,89944,90301,90658,91015,91372,91729,92086,92443,92800,93157,93514,93871,94228,94585,94942,95299,95656,96013,96370,96727,97084,97441,97798,98155,98512,98869,99226,99583,99940,100297,100654,101011,101368,101725,102082,102439,102796,103153,103510,103867,104224,104581,104938,105295,105652,106009,106366,106723,107080,107437,107794,108151,108508,108865,109222,109579,109936,110293,110650,111007,111364,111721,112078,112435,112792,113149,113506,113863,114220,114577,114934,115291,115648,116005,116362,116719,117076,117433,117790,118147,118504,118861,119218,119575,119932,120289,120646,121003,121360,121717,122074,122431,122788,123145,123502,123859,124216,124573,124930,125287,125644,126001,126358,126715,127072,127429
338,695,1052,1409,1766,2123,2480,2837,3194,3551,3908,4265,4622,4979,5336,5693,6050,6407,6764,6783,7121,7478,7835,8192,8549,8906,9263,9620,9977,10334,10691,11048,11405,11762,12119,12476,12833,13190,13547,13904,14261,14618,14975,15332,15689,16046,16403,16760,17117,17474,17831,18188,18545,18902,19259,19616,19973,20330,20687,21044,21401,21758,22115,22472,22829,23186,23543,23900,24257,24614,24971,25328,25685,26042,26399,26756,27113,27470,27827,28184,28541,28898,29255,29612,29969,30326,30683,31040,31397,31754,32111,32468,32825,33182,33539,33896,34253,34610,34967,35324,35681,36038,36395,36752,37109,37466,37823,38180,38537,38894,39251,39608,39965,40322,40679,41036,41393,41750,42107,42464,42821,43178,43535,43892,44249,44606,44963,45320,45677,46034,46391,46748,47105,47462,47819,48176,48533,48890,49247,49604,49961,50318,50675,51032,51389,51746,52103,52460,52817,53174,53531,53888,54245,54602,54959,55316,55673,56030,56387,56744,57101,57458,57815,58172,58529,58886,59243,59600,59957,60314,60671,61028,61385,61742,62099,62456,62813,63170,63527,63884,64241,64598,64955,65312,65669,66026,66383,66740,67097,67454,67811,68168,68525,68882,69239,69596,69953,70310,70667,71024,71381,71738,72095,72452,72809,73166,73523,73880,74237,74594,74951,75308,75665,76022,76379,76736,77093,77450,77807,78164,78521,78878,79235,79592,79949,80306,80663,81020,81377,81734,82091,82448,82805,83162,83519,83876,84233,84590,84947,85304,85661,86018,86375,86732,87089,87446,87803,88160,88517,88874,89231,89588,89945,90302,90659,91016,91373,91730,92087,92444,92801,93158,93515,93872,94229,94586,94943,95300,95657,96014,96371,96728,97085,97442,97799,98156,98513,98870,99227,99584,99941,100298,100655,101012,101369,101726,102083,102440,102797,103154,103511,103868,104225,104582,104939,105296,105653,106010,106367,106724,107081,107438,107795,108152,108509,108866,109223,109580,109937,110294,110651,111008,111365,111722,112079,112436,112793,113150,113507,113864,114221,114578,114935,115292,115649,116006,116363,116720,117077,117434,117791,118148,118505,118862,119219,119576,119933,120290,120647,121004,121361,121718,122075,122432,122789,123146,123503,123860,124217,124574,124931,125288,125645,126002,126359,126716,127073,127430
339,696,1053,1410,1767,2124,2481,2838,3195,3552,3909,4266,4623,4980,5337,5694,6051,6408,6426,6765,7122,7479,7836,8193,8550,8907,9264,9621,9978,10335,10692,11049,11406,11763,12120,12477,12834,13191,13548,13905,14262,14619,14976,15333,15690,16047,16404,16761,17118,17475,17832,18189,18546,18903,19260,19617,19974,20331,20688,21045,21402,21759,22116,22473,22830,23187,23544,23901,24258,24615,24972,25329,25686,26043,26400,26757,27114,27471,27828,28185,28542,28899,29256,29613,29970,30327,30684,31041,31398,31755,32112,32469,32826,33183,33540,33897,34254,34611,34968,35325,35682,36039,36396,36753,37110,37467,37824,38181,38538,38895,39252,39609,39966,40323,40680,41037,41394,41751,42108,42465,42822,43179,43536,43893,44250,44607,44964,45321,45678,46035,46392,46749,47106,47463,47820,48177,48534,48891,49248,49605,49962,50319,50676,51033,51390,51747,52104,52461,52818,53175,53532,53889,54246,54603,54960,55317,55674,56031,56388,56745,57102,57459,57816,58173,58530,58887,59244,59601,59958,60315,60672,61029,61386,61743,62100,62457,62814,63171,63528,63885,64242,64599,64956,65313,65670,66027,66384,66741,67098,67455,67812,68169,68526,68883,69240,69597,69954,70311,70668,71025,71382,71739,72096,72453,72810,73167,73524,73881,74238,74595,74952,75309,75666,76023,76380,76737,77094,77451,77808,78165,78522,78879,79236,79593,79950,80307,80664,81021,81378,81735,82092,82449,82806,83163,83520,83877,84234,84591,84948,85305,85662,86019,86376,86733,87090,87447,87804,88161,88518,88875,89232,89589,89946,90303,90660,91017,91374,91731,92088,92445,92802,93159,93516,93873,94230,94587,94944,95301,95658,96015,96372,96729,97086,97443,97800,98157,98514,98871,99228,99585,99942,100299,100656,101013,101370,101727,102084,102441,102798,103155,103512,103869,104226,104583,104940,105297,105654,106011,106368,106725,107082,107439,107796,108153,108510,108867,109224,109581,109938,110295,110652,111009,111366,111723,112080,112437,112794,113151,113508,113865,114222,114579,114936,115293,115650,116007,116364,116721,117078,117435,117792,118149,118506,118863,119220,119577,119934,120291,120648,121005,121362,121719,122076,122433,122790,123147,123504,123861,124218,124575,124932,125289,125646,126003,126360,126717,127074,127431
340,697,1054,1411,1768,2125,2482,2839,3196,3553,3910,4267,4624,4981,5338,5695,6052,6069,6409,6766,7123,7480,7837,8194,8551,8908,9265,9622,9979,10336,10693,11050,11407,11764,12121,12478,12835,13192,13549,13906,14263,14620,14977,15334,15691,16048,16405,16762,17119,17476,17833,18190,18547,18904,19261,19618,19975,20332,20689,21046,21403,21760,22117,22474,22831,23188,23545,23902,24259,24616,24973,25330,25687,26044,26401,26758,27115,27472,27829,28186,28543,28900,29257,29614,29971,30328,30685,31042,31399,31756,32113,32470,32827,33184,33541,33898,34255,34612,34969,35326,35683,36040,36397,36754,37111,37468,37825,38182,38539,38896,39253,39610,39967,40324,40681,41038,41395,41752,42109,42466,42823,43180,43537,43894,44251,44608,44965,45322,45679,46036,46393,46750,47107,47464,47821,48178,48535,48892,49249,49606,49963,50320,50677,51034,51391,51748,52105,52462,52819,53176,53533,53890,54247,54604,54961,55318,55675,56032,56389,56746,57103,57460,57817,58174,58531,58888,59245,59602,59959,60316,60673,61030,61387,61744,62101,62458,62815,63172,63529,63886,64243,64600,64957,65314,65671,66028,66385,66742,67099,67456,67813,68170,68527,68884,69241,69598,69955,70312,70669,71026,71383,71740,72097,72454,72811,73168,73525,73882,74239,74596,74953,75310,75667,76024,76381,76738,77095,77452,77809,78166,78523,78880,79237,79594,79951,80308,80665,81022,81379,81736,82093,82450,82807,83164,83521,83878,84235,84592,84949,85306,85663,86020,86377,86734,87091,87448,87805,88162,88519,88876,89233,89590,89947,90304,90661,91018,91375,91732,92089,92446,92803,93160,93517,93874,94231,94588,94945,95302,95659,96016,96373,96730,97087,97444,97801,98158,98515,98872,99229,99586,99943,100300,100657,101014,101371,101728,102085,102442,102799,103156,103513,103870,104227,104584,104941,105298,105655,106012,106369,106726,107083,107440,107797,108154,108511,108868,109225,109582,109939,110296,110653,111010,111367,111724,112081,112438,112795,113152,113509,113866,114223,114580,114937,115294,115651,116008,116365,116722,117079,117436,117793,118150,118507,118864,119221,119578,119935,120292,120649,121006,121363,121720,122077,122434,122791,123148,123505,123862,124219,124576,124933,125290,125647,126004,126361,126718,127075,127432
341,698,1055,1412,1769,2126,2483,2840,3197,3554,3911,4268,4625,4982,5339,5696,5712,6053,6410,6767,7124,7481,7838,8195,8552,8909,9266,9623,9980,10337,10694,11051,11408,11765,12122,12479,12836,13193,13550,13907,14264,14621,14978,15335,15692,16049,16406,16763,17120,17477,17834,18191,18548,18905,19262,19619,19976,20333,20690,21047,21404,21761,22118,22475,22832,23189,23546,23903,24260,24617,24974,25331,25688,26045,26402,26759,27116,27473,27830,28187,28544,28901,29258,29615,29972,30329,30686,31043,31400,31757,32114,32471,32828,33185,33542,33899,34256,34613,34970,35327,35684,36041,36398,36755,37112,37469,37826,38183,38540,38897,39254,39611,39968,40325,40682,41039,41396,41753,42110,42467,42824,43181,43538,43895,44252,44609,44966,45323,45680,46037,46394,46751,47108,47465,47822,48179,48536,48893,49250,49607,49964,50321,50678,51035,51392,51749,52106,52463,52820,53177,53534,53891,54248,54605,54962,55319,55676,56033,56390,56747,57104,57461,57818,58175,58532,58889,59246,59603,59960,60317,60674,61031,61388,61745,62102,62459,62816,63173,63530,63887,64244,64601,64958,65315,65672,66029,66386,66743,67100,67457,67814,68171,68528,68885,69242,69599,69956,70313,70670,71027,71384,71741,72098,72455,72812,73169,73526,73883,74240,74597,74954,75311,75668,76025,76382,76739,77096,77453,77810,78167,78524,78881,79238,79595,79952,80309,80666,81023,81380,81737,82094,82451,82808,83165,83522,83879,84236,84593,84950,85307,85664,86021,86378,86735,87092,87449,87806,88163,88520,88877,89234,89591,89948,90305,90662,91019,91376,91733,92090,92447,92804,93161,93518,93875,94232,94589,94946,95303,95660,96017,96374,96731,97088,97445,97802,98159,98516,98873,99230,99587,99944,100301,100658,101015,101372,101729,102086,102443,102800,103157,103514,103871,104228,104585,104942,105299,105656,106013,106370,106727,107084,107441,107798,108155,108512,108869,109226,109583,109940,110297,110654,111011,111368,111725,112082,112439,112796,113153,113510,113867,114224,114581,114938,115295,115652,116009,116366,116723,117080,117437,117794,118151,118508,118865,119222,119579,119936,120293,120650,121007,121364,121721,122078,122435,122792,123149,123506,123863,124220,124577,124934,125291,125648,126005,126362,126719,127076,127433
342,699,1056,1413,1770,2127,2484,2841,3198,3555,3912,4269,4626,4983,5340,5355,5697,6054,6411,6768,7125,7482,7839,8196,8553,8910,9267,9624,9981,10338,10695,11052,11409,11766,12123,12480,12837,13194,13551,13908,14265,14622,14979,15336,15693,16050,16407,16764,17121,17478,17835,18192,18549,18906,19263,19620,19977,20334,20691,21048,21405,21762,22119,22476,22833,23190,23547,23904,24261,24618,24975,25332,25689,26046,26403,26760,27117,27474,27831,28188,28545,28902,29259,29616,29973,30330,30687,31044,31401,31758,32115,32472,32829,33186,33543,33900,34257,34614,34971,35328,35685,36042,36399,36756,37113,37470,37827,38184,38541,38898,39255,39612,39969,40326,40683,41040,41397,41754,42111,42468,42825,43182,43539,43896,44253,44610,44967,45324,45681,46038,46395,46752,47109,47466,47823,48180,48537,48894,49251,49608,49965,50322,50679,51036,51393,51750,52107,52464,52821,53178,53535,53892,54249,54606,54963,55320,55677,56034,56391,56748,57105,57462,57819,58176,58533,58890,59247,59604,59961,60318,60675,61032,61389,61746,62103,62460,62817,63174,63531,63888,64245,64602,64959,65316,65673,66030,66387,66744,67101,67458,67815,68172,68529,68886,69243,69600,69957,70314,70671,71028,71385,71742,72099,72456,72813,73170,73527,73884,74241,74598,74955,75312,75669,76026,76383,76740,77097,77454,77811,78168,78525,78882,79239,79596,79953,80310,80667,81024,81381,81738,82095,82452,82809,83166,83523,83880,84237,84594,84951,85308,85665,86022,86379,86736,87093,87450,87807,88164,88521,88878,89235,89592,89949,90306,90663,91020,91377,91734,92091,92448,92805,93162,93519,93876,94233,94590,94947,95304,95661,96018,96375,96732,97089,97446,97803,98160,98517,98874,99231,99588,99945,100302,100659,101016,101373,101730,102087,102444,102801,103158,103515,103872,104229,104586,104943,105300,105657,106014,106371,106728,107085,107442,107799,108156,108513,108870,109227,109584,109941,110298,110655,111012,111369,111726,112083,112440,112797,113154,113511,113868,114225,114582,114939,115296,115653,116010,116367,116724,117081,117438,117795,118152,118509,118866,119223,119580,119937,120294,120651,121008,121365,121722,122079,122436,122793,123150,123507,123864,124221,124578,124935,125292,125649,126006,126363,126720,127077,127434
343,700,1057,1414,1771,2128,2485,2842,3199,3556,3913,4270,4627,4984,4998,5341,5698,6055,6412,6769,7126,7483,7840,8197,8554,8911,9268,9625,9982,10339,10696,11053,11410,11767,12124,12481,12838,13195,13552,13909,14266,14623,14980,15337,15694,16051,16408,16765,17122,17479,17836,18193,18550,18907,19264,19621,19978,20335,20692,21049,21406,21763,22120,22477,22834,23191,23548,23905,24262,24619,24976,25333,25690,26047,26404,26761,27118,27475,27832,28189,28546,28903,29260,29617,29974,30331,30688,31045,31402,31759,32116,32473,32830,33187,33544,33901,34258,34615,34972,35329,35686,36043,36400,36757,37114,37471,37828,38185,38542,38899,39256,39613,39970,40327,40684,41041,41398,41755,42112,42469,42826,43183,43540,43897,44254,44611,44968,45325,45682,46039,46396,46753,47110,47467,47824,48181,48538,48895,49252,49609,49966,50323,50680,51037,51394,51751,52108,52465,52822,53179,53536,53893,54250,54607,54964,55321,55678,56035,56392,56749,57106,57463,57820,58177,58534,58891,59248,59605,59962,60319,60676,61033,61390,61747,62104,62461,62818,63175,63532,63889,64246,64603,64960,65317,65674,66031,66388,66745,67102,67459,67816,68173,68530,68887,69244,69601,69958,70315,70672,71029,71386,71743,72100,72457,72814,73171,73528,73885,74242,74599,74956,75313,75670,76027,76384,76741,77098,77455,77812,78169,78526,78883,79240,79597,79954,80311,80668,81025,81382,81739,82096,82453,82810,83167,83524,83881,84238,84595,84952,85309,85666,86023,86380,86737,87094,87451,87808,88165,88522,88879,89236,89593,89950,90307,90664,91021,91378,91735,92092,92449,92806,93163,93520,93877,94234,94591,94948,95305,95662,96019,96376,96733,97090,97447,97804,98161,98518,98875,99232,99589,99946,100303,100660,101017,101374,101731,102088,102445,102802,103159,103516,103873,104230,104587,104944,105301,105658,106015,106372,106729,107086,107443,107800,108157,108514,108871,109228,109585,109942,110299,110656,111013,111370,111727,112084,112441,112798,113155,113512,113869,114226,114583,114940,115297,115654,116011,116368,116725,117082,117439,117796,118153,118510,118867,119224,119581,119938,120295,120652,121009,121366,121723,122080,122437,122794,123151,123508,123865,124222,124579,124936,125293,125650,126007,126364,126721,127078,127435
344,701,1058,1415,1772,2129,2486,2843,3200,3557,3914,4271,4628,4641,4985,5342,5699,6056,6413,6770,7127,7484,7841,8198,8555,8912,9269,9626,9983,10340,10697,11054,11411,11768,12125,12482,12839,13196,13553,13910,14267,14624,14981,15338,15695,16052,16409,16766,17123,17480,17837,18194,18551,18908,19265,19622,19979,20336,20693,21050,21407,21764,22121,22478,22835,23192,23549,23906,24263,24620,24977,25334,25691,26048,26405,26762,27119,27476,27833,28190,28547,28904,29261,29618,29975,30332,30689,31046,31403,31760,32117,32474,32831,33188,33545,33902,34259,34616,34973,35330,35687,36044,36401,36758,37115,37472,37829,38186,38543,38900,39257,39614,39971,40328,40685,41042,41399,41756,42113,42470,42827,43184,43541,43898,44255,44612,44969,45326,45683,46040,46397,46754,47111,47468,47825,48182,48539,48896,49253,49610,49967,50324,50681,51038,51395,51752,52109,52466,52823,53180,53537,53894,54251,54608,54965,55322,55679,56036,56393,56750,57107,57464,57821,58178,58535,58892,59249,59606,59963,60320,60677,61034,61391,61748,62105,62462,62819,63176,63533,63890,64247,64604,64961,65318,65675,66032,66389,66746,67103,67460,67817,68174,68531,68888,69245,69602,69959,70316,70673,71030,71387,71744,72101,72458,72815,73172,73529,73886,74243,74600,74957,75314,75671,76028,76385,76742,77099,77456,77813,78170,78527,78884,79241,79598,79955,80312,80669,81026,81383,81740,82097,82454,82811,83168,83525,83882,84239,84596,84953,85310,85667,86024,86381,86738,87095,87452,87809,88166,88523,88880,89237,89594,89951,90308,90665,91022,91379,91736,92093,92450,92807,93164,93521,93878,94235,94592,94949,95306,95663,96020,96377,96734,97091,97448,97805,98162,98519,98876,99233,99590,99947,100304,100661,101018,101375,101732,102089,102446,102803,103160,103517,103874,104231,104588,104945,105302,105659,106016,106373,106730,107087,107444,107801,108158,108515,108872,109229,109586,109943,110300,110657,111014,111371,111728,112085,112442,112799,113156,113513,113870,114227,114584,114941,115298,115655,116012,116369,116726,117083,117440,117797,118154,118511,118868,119225,119582,119939,120296,120653,121010,121367,121724,122081,122438,122795,123152,123509,123866,124223,124580,124937,125294,125651,126008,126365,126722,127079,127436
345,702,1059,1416,1773,2130,2487,2844,3201,3558,3915,4272,4284,4629,4986,5343,5700,6057,6414,6771,7128,7485,7842,8199,8556,8913,9270,9627,9984,10341,10698,11055,11412,11769,12126,12483,12840,13197,13554,13911,14268,14625,14982,15339,15696,16053,16410,16767,17124,17481,17838,18195,18552,18909,19266,19623,19980,20337,20694,21051,21408,21765,22122,22479,22836,23193,23550,23907,24264,24621,24978,25335,25692,26049,26406,26763,27120,27477,27834,28191,28548,28905,29262,29619,29976,30333,30690,31047,31404,31761,32118,32475,32832,33189,33546,33903,34260,34617,34974,35331,35688,36045,36402,36759,37116,37473,37830,38187,38544,38901,39258,39615,39972,40329,40686,41043,41400,41757,42114,42471,42828,43185,43542,43899,44256,44613,44970,45327,45684,46041,46398,46755,47112,47469,47826,48183,48540,48897,49254,49611,49968,50325,50682,51039,51396,51753,52110,52467,52824,53181,53538,53895,54252,54609,54966,55323,55680,56037,56394,56751,57108,57465,57822,58179,58536,58893,59250,59607,59964,60321,60678,61035,61392,61749,62106,62463,62820,63177,63534,63891,64248,64605,64962,65319,65676,66033,66390,66747,67104,67461,67818,68175,68532,68889,69246,69603,69960,70317,70674,71031,71388,71745,72102,72459,72816,73173,73530,73887,74244,74601,74958,75315,75672,76029,76386,76743,77100,77457,77814,78171,78528,78885,79242,79599,79956,80313,80670,81027,81384,81741,82098,82455,82812,83169,83526,83883,84240,84597,84954,85311,85668,86025,86382,86739,87096,87453,87810,88167,88524,88881,89238,89595,89952,90309,90666,91023,91380,91737,92094,92451,92808,93165,93522,93879,94236,94593,94950,95307,95664,96021,96378,96735,97092,97449,97806,98163,98520,98877,99234,99591,99948,100305,100662,101019,101376,101733,102090,102447,102804,103161,103518,103875,104232,104589,104946,105303,105660,106017,106374,106731,107088,107445,107802,108159,108516,108873,109230,109587,109944,110301,110658,111015,111372,111729,112086,112443,112800,113157,113514,113871,114228,114585,114942,115299,115656,116013,116370,116727,117084,117441,117798,118155,118512,118869,119226,119583,119940,120297,120654,121011,121368,121725,122082,122439,122796,123153,123510,123867,124224,124581,124938,125295,125652,126009,126366,126723,127080,127437
346,703,1060,1417,1774,2131,2488,2845,3202,3559,3916,3927,4273,4630,4987,5344,5701,6058,6415,6772,7129,7486,7843,8200,8557,8914,9271,9628,9985,10342,10699,11056,11413,11770,12127,12484,12841,13198,13555,13912,14269,14626,14983,15340,15697,16054,16411,16768,17125,17482,17839,18196,18553,18910,19267,19624,19981,20338,20695,21052,21409,21766,22123,22480,22837,23194,23551,23908,24265,24622,24979,25336,25693,26050,26407,26764,27121,27478,27835,28192,28549,28906,29263,29620,29977,30334,30691,31048,31405,31762,32119,32476,32833,33190,33547,33904,34261,34618,34975,35332,35689,36046,36403,36760,37117,37474,37831,38188,38545,38902,39259,39616,39973,40330,40687,41044,41401,41758,42115,42472,42829,43186,43543,43900,44257,44614,44971,45328,45685,46042,46399,46756,47113,47470,47827,48184,48541,48898,49255,49612,49969,50326,50683,51040,51397,51754,52111,52468,52825,53182,53539,53896,54253,54610,54967,55324,55681,56038,56395,56752,57109,57466,57823,58180,58537,58894,59251,59608,59965,60322,60679,61036,61393,61750,62107,62464,62821,63178,63535,63892,64249,64606,64963,65320,65677,66034,66391,66748,67105,67462,67819,68176,68533,68890,69247,69604,69961,70318,70675,71032,71389,71746,72103,72460,72817,73174,73531,73888,74245,74602,74959,75316,75673,76030,76387,76744,77101,77458,77815,78172,78529,78886,79243,79600,79957,80314,80671,81028,81385,81742,82099,82456,82813,83170,83527,83884,84241,84598,84955,85312,85669,86026,86383,86740,87097,87454,87811,88168,88525,88882,89239,89596,89953,90310,90667,91024,91381,91738,92095,92452,92809,93166,93523,93880,94237,94594,94951,95308,95665,96022,96379,96736,97093,97450,97807,98164,98521,98878,99235,99592,99949,100306,100663,101020,101377,101734,102091,102448,102805,103162,103519,103876,104233,104590,104947,105304,105661,106018,106375,106732,107089,107446,107803,108160,108517,108874,109231,109588,109945,110302,110659,111016,111373,111730,112087,112444,112801,113158,113515,113872,114229,114586,114943,115300,115657,116014,116371,116728,117085,117442,117799,118156,118513,118870,119227,119584,119941,120298,120655,121012,121369,121726,122083,122440,122797,123154,123511,123868,124225,124582,124939,125296,125653,126010,126367,126724,127081,127438
347,704,1061,1418,1775,2132,2489,2846,3203,3560,3570,3917,4274,4631,4988,5345,5702,6059,6416,6773,7130,7487,7844,8201,8558,8915,9272,9629,9986,10343,10700,11057,11414,11771,12128,12485,12842,13199,13556,13913,14270,14627,14984,15341,15698,16055,16412,16769,17126,17483,17840,18197,18554,18911,19268,19625,19982,20339,20696,21053,21410,21767,22124,22481,22838,23195,23552,23909,24266,24623,24980,25337,25694,26051,26408,26765,27122,27479,27836,28193,28550,28907,29264,29621,29978,30335,30692,31049,31406,31763,32120,32477,32834,33191,33548,33905,34262,34619,34976,35333,35690,36047,36404,36761,37118,37475,37832,38189,38546,38903,39260,39617,39974,40331,40688,41045,41402,41759,42116,42473,42830,43187,43544,43901,44258,44615,44972,45329,45686,46043,46400,46757,47114,47471,47828,48185,48542,48899,49256,49613,49970,50327,50684,51041,51398,51755,52112,52469,52826,53183,53540,53897,54254,54611,54968,55325,55682,56039,56396,56753,57110,57467,57824,58181,58538,58895,59252,59609,59966,60323,60680,61037,61394,61751,62108,62465,62822,63179,63536,63893,64250,64607,64964,65321,65678,66035,66392,66749,67106,67463,67820,68177,68534,68891,69248,69605,69962,70319,70676,71033,71390,71747,72104,72461,72818,73175,73532,73889,74246,74603,74960,75317,75674,76031,76388,76745,77102,77459,77816,78173,78530,78887,79244,79601,79958,80315,80672,81029,81386,81743,82100,82457,82814,83171,83528,83885,84242,84599,84956,85313,85670,86027,86384,86741,87098,87455,87812,88169,88526,88883,89240,89597,89954,90311,90668,91025,91382,91739,92096,92453,92810,93167,93524,93881,94238,94595,94952,95309,95666,96023,96380,96737,97094,97451,97808,98165,98522,98879,99236,99593,99950,100307,100664,101021,101378,101735,102092,102449,102806,103163,103520,103877,104234,104591,104948,105305,105662,106019,106376,106733,107090,107447,107804,108161,108518,108875,109232,109589,109946,110303,110660,111017,111374,111731,112088,112445,112802,113159,113516,113873,114230,114587,114944,115301,115658,116015,116372,116729,117086,117443,117800,118157,118514,118871,119228,119585,119942,120299,120656,121013,121370,121727,122084,122441,122798,123155,123512,123869,124226,124583,124940,125297,125654,126011,126368,126725,127082,127439
348,705,1062,1419,1776,2133,2490,2847,3204,3213,3561,3918,4275,4632,4989,5346,5703,6060,6417,6774,7131,7488,7845,8202,8559,8916,9273,9630,9987,10344,10701,11058,11415,11772,12129,12486,12843,13200,13557,13914,14271,14628,14985,15342,15699,16056,16413,16770,17127,17484,17841,18198,18555,18912,19269,19626,19983,20340,20697,21054,21411,21768,22125,22482,22839,23196,23553,23910,24267,24624,24981,25338,25695,26052,26409,26766,27123,27480,27837,28194,28551,28908,29265,29622,29979,30336,30693,31050,31407,31764,32121,32478,32835,33192,33549,33906,34263,34620,34977,35334,35691,36048,36405,36762,37119,37476,37833,38190,38547,38904,39261,39618,39975,40332,40689,41046,41403,41760,42117,42474,42831,43188,43545,43902,44259,44616,44973,45330,45687,46044,46401,46758,47115,47472,47829,48186,48543,48900,49257,49614,49971,50328,50685,51042,51399,51756,52113,52470,52827,53184,53541,53898,54255,54612,54969,55326,55683,56040,56397,56754,57111,57468,57825,58182,58539,58896,59253,59610,59967,60324,60681,61038,61395,61752,62109,62466,62823,63180,63537,63894,64251,64608,64965,65322,65679,66036,66393,66750,67107,67464,67821,68178,68535,68892,69249,69606,69963,70320,70677,71034,71391,71748,72105,72462,72819,73176,73533,73890,74247,74604,74961,75318,75675,76032,76389,76746,77103,77460,77817,78174,78531,78888,79245,79602,79959,80316,80673,81030,81387,81744,82101,82458,82815,83172,83529,83886,84243,84600,84957,85314,85671,86028,86385,86742,87099,87456,87813,88170,88527,88884,89241,89598,89955,90312,90669,91026,91383,91740,92097,92454,92811,93168,93525,93882,94239,94596,94953,95310,95667,96024,96381,96738,97095,97452,97809,98166,98523,98880,99237,99594,99951,100308,100665,101022,101379,101736,102093,102450,102807,103164,103521,103878,104235,104592,104949,105306,105663,106020,106377,106734,107091,107448,107805,108162,108519,108876,109233,109590,109947,110304,110661,111018,111375,111732,112089,112446,112803,113160,113517,113874,114231,114588,114945,115302,115659,116016,116373,116730,117087,117444,117801,118158,118515,118872,119229,119586,119943,120300,120657,121014,121371,121728,122085,122442,122799,123156,123513,123870,124227,124584,124941,125298,125655,126012,126369,126726,127083,127440
349,706,1063,1420,1777,2134,2491,2848,2856,3205,3562,3919,4276,4633,4990,5347,5704,6061,6418,6775,7132,7489,7846,8203,8560,8917,9274,9631,9988,10345,10702,11059,11416,11773,12130,12487,12844,13201,13558,13915,14272,14629,14986,15343,15700,16057,16414,16771,17128,17485,17842,18199,18556,18913,19270,19627,19984,20341,20698,21055,21412,21769,22126,22483,22840,23197,23554,23911,24268,24625,24982,25339,25696,26053,26410,26767,27124,27481,27838,28195,28552,28909,29266,29623,29980,30337,30694,31051,31408,31765,32122,32479,32836,33193,33550,33907,34264,34621,34978,35335,35692,36049,36406,36763,37120,37477,37834,38191,38548,38905,39262,39619,39976,40333,40690,41047,41404,41761,42118,42475,42832,43189,43546,43903,44260,44617,44974,45331,45688,46045,46402,46759,47116,47473,47830,48187,48544,48901,49258,49615,49972,50329,50686,51043,51400,51757,52114,52471,52828,53185,53542,53899,54256,54613,54970,55327,55684,56041,56398,56755,57112,57469,57826,58183,58540,58897,59254,59611,59968,60325,60682,61039,61396,61753,62110,62467,62824,63181,63538,63895,64252,64609,64966,65323,65680,66037,66394,66751,67108,67465,67822,68179,68536,68893,69250,69607,69964,70321,70678,71035,71392,71749,72106,72463,72820,73177,73534,73891,74248,74605,74962,75319,75676,76033,76390,76747,77104,77461,77818,78175,78532,78889,79246,79603,79960,80317,80674,81031,81388,81745,82102,82459,82816,83173,83530,83887,84244,84601,84958,85315,85672,86029,86386,86743,87100,87457,87814,88171,88528,88885,89242,89599,89956,90313,90670,91027,91384,91741,92098,92455,92812,93169,93526,93883,94240,94597,94954,95311,95668,96025,96382,96739,97096,97453,97810,98167,98524,98881,99238,99595,99952,100309,100666,101023,101380,101737,102094,102451,102808,103165,103522,103879,104236,104593,104950,105307,105664,106021,106378,106735,107092,107449,107806,108163,108520,108877,109234,109591,109948,110305,110662,111019,111376,111733,112090,112447,112804,113161,113518,113875,114232,114589,114946,115303,115660,116017,116374,116731,117088,117445,117802,118159,118516,118873,119230,119587,119944,120301,120658,121015,121372,121729,122086,122443,122800,123157,123514,123871,124228,124585,124942,125299,125656,126013,126370,126727,127084,127441
350,707,1064,1421,1778,2135,2492,2499,2849,3206,3563,3920,4277,4634,4991,5348,5705,6062,6419,6776,7133,7490,7847,8204,8561,8918,9275,9632,9989,10346,10703,11060,11417,11774,12131,12488,12845,13202,13559,13916,14273,14630,14987,15344,15701,16058,16415,16772,17129,17486,17843,18200,18557,18914,19271,19628,19985,20342,20699,21056,21413,21770,22127,22484,22841,23198,23555,23912,24269,24626,24983,25340,25697,26054,26411,26768,27125,27482,27839,28196,28553,28910,29267,29624,29981,30338,30695,31052,31409,31766,32123,32480,32837,33194,33551,33908,34265,34622,34979,35336,35693,36050,36407,36764,37121,37478,37835,38192,38549,38906,39263,39620,39977,40334,40691,41048,41405,41762,42119,42476,42833,43190,43547,43904,44261,44618,44975,45332,45689,46046,46403,46760,47117,47474,47831,48188,48545,48902,49259,49616,49973,50330,50687,51044,51401,51758,52115,52472,52829,53186,53543,53900,54257,54614,54971,55328,55685,56042,56399,56756,57113,57470,57827,58184,58541,58898,59255,59612,59969,60326,60683,61040,61397,61754,62111,62468,62825,63182,63539,63896,64253,64610,64967,65324,65681,66038,66395,66752,67109,67466,67823,68180,68537,68894,69251,69608,69965,70322,70679,71036,71393,71750,72107,72464,72821,73178,73535,73892,74249,74606,74963,75320,75677,76034,76391,76748,77105,77462,77819,78176,78533,78890,79247,79604,79961,80318,80675,81032,81389,81746,82103,82460,82817,83174,83531,83888,84245,84602,84959,85316,85673,86030,86387,86744,87101,87458,87815,88172,88529,88886,89243,89600,89957,90314,90671,91028,91385,91742,92099,92456,92813,93170,93527,93884,94241,94598,94955,95312,95669,96026,96383,96740,97097,97454,97811,98168,98525,98882,99239,99596,99953,100310,100667,101024,101381,101738,102095,102452,102809,103166,103523,103880,104237,104594,104951,105308,105665,106022,106379,106736,107093,107450,107807,108164,108521,108878,109235,109592,109949,110306,110663,111020,111377,111734,112091,112448,112805,113162,113519,113876,114233,114590,114947,115304,115661,116018,116375,116732,117089,117446,117803,118160,118517,118874,119231,119588,119945,120302,120659,121016,121373,121730,122087,122444,122801,123158,123515,123872,124229,124586,124943,125300,125657,126014,126371,126728,127085,127442
351,708,1065,1422,1779,2136,2142,2493,2850,3207,3564,3921,4278,4635,4992,5349,5706,6063,6420,6777,7134,7491,7848,8205,8562,8919,9276,9633,9990,10347,10704,11061,11418,11775,12132,12489,12846,13203,13560,13917,14274,14631,14988,15345,15702,16059,16416,16773,17130,17487,17844,18201,18558,18915,19272,19629,19986,20343,20700,21057,21414,21771,22128,22485,22842,23199,23556,23913,24270,24627,24984,25341,25698,26055,26412,26769,27126,27483,27840,28197,28554,28911,29268,29625,29982,30339,30696,31053,31410,31767,32124,32481,32838,33195,33552,33909,34266,34623,34980,35337,35694,36051,36408,36765,37122,37479,37836,38193,38550,38907,39264,39621,39978,40335,40692,41049,41406,41763,42120,42477,42834,43191,43548,43905,44262,44619,44976,45333,45690,46047,46404,46761,47118,47475,47832,48189,48546,48903,49260,49617,49974,50331,50688,51045,51402,51759,52116,52473,52830,53187,53544,53901,54258,54615,54972,55329,55686,56043,56400,56757,57114,57471,57828,58185,58542,58899,59256,59613,59970,60327,60684,61041,61398,61755,62112,62469,62826,63183,63540,63897,64254,64611,64968,65325,65682,66039,66396,66753,67110,67467,67824,68181,68538,68895,69252,69609,69966,70323,70680,71037,71394,71751,72108,72465,72822,73179,73536,73893,74250,74607,74964,75321,75678,76035,76392,76749,77106,77463,77820,78177,78534,78891,79248,79605,79962,80319,80676,81033,81390,81747,82104,82461,82818,83175,83532,83889,84246,84603,84960,85317,85674,86031,86388,86745,87102,87459,87816,88173,88530,88887,89244,89601,89958,90315,90672,91029,91386,91743,92100,92457,92814,93171,93528,93885,94242,94599,94956,95313,95670,96027,96384,96741,97098,97455,97812,98169,98526,98883,99240,99597,99954,100311,100668,101025,101382,101739,102096,102453,102810,103167,103524,103881,104238,104595,104952,105309,105666,106023,106380,106737,107094,107451,107808,108165,108522,108879,109236,109593,109950,110307,110664,111021,111378,111735,112092,112449,112806,113163,113520,113877,114234,114591,114948,115305,115662,116019,116376,116733,117090,117447,117804,118161,118518,118875,119232,119589,119946,120303,120660,121017,121374,121731,122088,122445,122802,123159,123516,123873,124230,124587,124944,125301,125658,126015,126372,126729,127086,127443
352,709,1066,1423,1780,1785,2137,2494,2851,3208,3565,3922,4279,4636,4993,5350,5707,6064,6421,6778,7135,7492,7849,8206,8563,8920,9277,9634,9991,10348,10705,11062,11419,11776,12133,12490,12847,13204,13561,13918,14275,14632,14989,15346,15703,16060,16417,16774,17131,17488,17845,18202,18559,18916,19273,19630,19987,20344,20701,21058,21415,21772,22129,22486,22843,23200,23557,23914,24271,24628,24985,25342,25699,26056,26413,26770,27127,27484,27841,28198,28555,28912,29269,29626,29983,30340,30697,31054,31411,31768,32125,32482,32839,33196,33553,33910,34267,34624,34981,35338,35695,36052,36409,36766,37123,37480,37837,38194,38551,38908,39265,39622,39979,40336,40693,41050,41407,41764,42121,42478,42835,43192,43549,43906,44263,44620,44977,45334,45691,46048,46405,46762,47119,47476,47833,48190,48547,48904,49261,49618,49975,50332,50689,51046,51403,51760,52117,52474,52831,53188,53545,53902,54259,54616,54973,55330,55687,56044,56401,56758,57115,57472,57829,58186,58543,58900,59257,59614,59971,60328,60685,61042,61399,61756,62113,62470,62827,63184,63541,63898,64255,64612,64969,65326,65683,66040,66397,66754,67111,67468,67825,68182,68539,68896,69253,69610,69967,70324,70681,71038,71395,71752,72109,72466,72823,73180,73537,73894,74251,74608,74965,75322,75679,76036,76393,76750,77107,77464,77821,78178,78535,78892,79249,79606,79963,80320,80677,81034,81391,81748,82105,82462,82819,83176,83533,83890,84247,84604,84961,85318,85675,86032,86389,86746,87103,87460,87817,88174,88531,88888,89245,89602,89959,90316,90673,91030,91387,91744,92101,92458,92815,93172,93529,93886,94243,94600,94957,95314,95671,96028,96385,96742,97099,97456,97813,98170,98527,98884,99241,99598,99955,100312,100669,101026,101383,101740,102097,102454,102811,103168,103525,103882,104239,104596,104953,105310,105667,106024,106381,106738,107095,107452,107809,108166,108523,108880,109237,109594,109951,110308,110665,111022,111379,111736,112093,112450,112807,113164,113521,113878,114235,114592,114949,115306,115663,116020,116377,116734,117091,117448,117805,118162,118519,118876,119233,119590,119947,120304,120661,121018,121375,121732,122089,122446,122803,123160,123517,123874,124231,124588,124945,125302,125659,126016,126373,126730,127087,127444
353,710,1067,1424,1428,1781,2138,2495,2852,3209,3566,3923,4280,4637,4994,5351,5708,6065,6422,6779,7136,7493,7850,8207,8564,8921,9278,9635,9992,10349,10706,11063,11420,11777,12134,12491,12848,13205,13562,13919,14276,14633,14990,15347,15704,16061,16418,16775,17132,17489,17846,18203,18560,18917,19274,19631,19988,20345,20702,21059,21416,21773,22130,22487,22844,23201,23558,23915,24272,24629,24986,25343,25700,26057,26414,26771,27128,27485,27842,28199,28556,28913,29270,29627,29984,30341,30698,31055,31412,31769,32126,32483,32840,33197,33554,33911,34268,34625,34982,35339,35696,36053,36410,36767,37124,37481,37838,38195,38552,38909,39266,39623,39980,40337,40694,41051,41408,41765,42122,42479,42836,43193,43550,43907,44264,44621,44978,45335,45692,46049,46406,46763,47120,47477,47834,48191,48548,48905,49262,49619,49976,50333,50690,51047,51404,51761,52118,52475,52832,53189,53546,53903,54260,54617,54974,55331,55688,56045,56402,56759,57116,57473,57830,58187,58544,58901,59258,59615,59972,60329,60686,61043,61400,61757,62114,62471,62828,63185,63542,63899,64256,64613,64970,65327,65684,66041,66398,66755,67112,67469,67826,68183,68540,68897,69254,69611,69968,70325,70682,71039,71396,71753,72110,72467,72824,73181,73538,73895,74252,74609,74966,75323,75680,76037,76394,76751,77108,77465,77822,78179,78536,78893,79250,79607,79964,80321,80678,81035,81392,81749,82106,82463,82820,83177,83534,83891,84248,84605,84962,85319,85676,86033,86390,86747,87104,87461,87818,88175,88532,88889,89246,89603,89960,90317,90674,91031,91388,91745,92102,92459,92816,93173,93530,93887,94244,94601,94958,95315,95672,96029,96386,96743,97100,97457,97814,98171,98528,98885,99242,99599,99956,100313,100670,101027,101384,101741,102098,102455,102812,103169,103526,103883,104240,104597,104954,105311,105668,106025,106382,106739,107096,107453,107810,108167,108524,108881,109238,109595,109952,110309,110666,111023,111380,111737,112094,112451,112808,113165,113522,113879,114236,114593,114950,115307,115664,116021,116378,116735,117092,117449,117806,118163,118520,118877,119234,119591,119948,120305,120662,121019,121376,121733,122090,122447,122804,123161,123518,123875,124232,124589,124946,125303,125660,126017,126374,126731,127088,127445
354,711,1068,1071,1425,1782,2139,2496,2853,3210,3567,3924,4281,4638,4995,5352,5709,6066,6423,6780,7137,7494,7851,8208,8565,8922,9279,9636,9993,10350,10707,11064,11421,11778,12135,12492,12849,13206,13563,13920,14277,14634,14991,15348,15705,16062,16419,16776,17133,17490,17847,18204,18561,18918,19275,19632,19989,20346,20703,21060,21417,21774,22131,22488,22845,23202,23559,23916,24273,24630,24987,25344,25701,26058,26415,26772,27129,27486,27843,28200,28557,28914,29271,29628,29985,30342,30699,31056,31413,31770,32127,32484,32841,33198,33555,33912,34269,34626,34983,35340,35697,36054,36411,36768,37125,37482,37839,38196,38553,38910,39267,39624,39981,40338,40695,41052,41409,41766,42123,42480,42837,43194,43551,43908,44265,44622,44979,45336,45693,46050,46407,46764,47121,47478,47835,48192,48549,48906,49263,49620,49977,50334,50691,51048,51405,51762,52119,52476,52833,53190,53547,53904,54261,54618,54975,55332,55689,56046,56403,56760,57117,57474,57831,58188,58545,58902,59259,59616,59973,60330,60687,61044,61401,61758,62115,62472,62829,63186,63543,63900,64257,64614,64971,65328,65685,66042,66399,66756,67113,67470,67827,68184,68541,68898,69255,69612,69969,70326,70683,71040,71397,71754,72111,72468,72825,73182,73539,73896,74253,74610,74967,75324,75681,76038,76395,76752,77109,77466,77823,78180,78537,78894,79251,79608,79965,80322,80679,81036,81393,81750,82107,82464,82821,83178,83535,83892,84249,84606,84963,85320,85677,86034,86391,86748,87105,87462,87819,88176,88533,88890,89247,89604,89961,90318,90675,91032,91389,91746,92103,92460,92817,93174,93531,93888,94245,94602,94959,95316,95673,96030,96387,96744,97101,97458,97815,98172,98529,98886,99243,99600,99957,100314,100671,101028,101385,101742,102099,102456,102813,103170,103527,103884,104241,104598,104955,105312,105669,106026,106383,106740,107097,107454,107811,108168,108525,108882,109239,109596,109953,110310,110667,111024,111381,111738,112095,112452,112809,113166,113523,113880,114237,114594,114951,115308,115665,116022,116379,116736,117093,117450,117807,118164,118521,118878,119235,119592,119949,120306,120663,121020,121377,121734,122091,122448,122805,123162,123519,123876,124233,124590,124947,125304,125661,126018,126375,126732,127089,127446
355,712,714,1069,1426,1783,2140,2497,2854,3211,3568,3925,4282,4639,4996,5353,5710,6067,6424,6781,7138,7495,7852,8209,8566,8923,9280,9637,9994,10351,10708,11065,11422,11779,12136,12493,12850,13207,13564,13921,14278,14635,14992,15349,15706,16063,16420,16777,17134,17491,17848,18205,18562,18919,19276,19633,19990,20347,20704,21061,21418,21775,22132,22489,22846,23203,23560,23917,24274,24631,24988,25345,25702,26059,26416,26773,27130,27487,27844,28201,28558,28915,29272,29629,29986,30343,30700,31057,31414,31771,32128,32485,32842,33199,33556,33913,34270,34627,34984,35341,35698,36055,36412,36769,37126,37483,37840,38197,38554,38911,39268,39625,39982,40339,40696,41053,41410,41767,42124,42481,42838,43195,43552,43909,44266,44623,44980,45337,45694,46051,46408,46765,47122,47479,47836,48193,48550,48907,49264,49621,49978,50335,50692,51049,51406,51763,52120,52477,52834,53191,53548,53905,54262,54619,54976,55333,55690,56047,56404,56761,57118,57475,57832,58189,58546,58903,59260,59617,59974,60331,60688,61045,61402,61759,62116,62473,62830,63187,63544,63901,64258,64615,64972,65329,65686,66043,66400,66757,67114,67471,67828,68185,68542,68899,69256,69613,69970,70327,70684,71041,71398,71755,72112,72469,72826,73183,73540,73897,74254,74611,74968,75325,75682,76039,76396,76753,77110,77467,77824,78181,78538,78895,79252,79609,79966,80323,80680,81037,81394,81751,82108,82465,82822,83179,83536,83893,84250,84607,84964,85321,85678,86035,86392,86749,87106,87463,87820,88177,88534,88891,89248,89605,89962,90319,90676,91033,91390,91747,92104,92461,92818,93175,93532,93889,94246,94603,94960,95317,95674,96031,96388,96745,97102,97459,97816,98173,98530,98887,99244,99601,99958,100315,100672,101029,101386,101743,102100,102457,102814,103171,103528,103885,104242,104599,104956,105313,105670,106027,106384,106741,107098,107455,107812,108169,108526,108883,109240,109597,109954,110311,110668,111025,111382,111739,112096,112453,112810,113167,113524,113881,114238,114595,114952,115309,115666,116023,116380,116737,117094,117451,117808,118165,118522,118879,119236,119593,119950,120307,120664,121021,121378,121735,122092,122449,122806,123163,123520,123877,124234,124591,124948,125305,125662,126019,126376,126733,127090,127447
356,357,713,1070,1427,1784,2141,2498,2855,3212,3569,3926,4283,4640,4997,5354,5711,6068,6425,6782,7139,7496,7853,8210,8567,8924,9281,9638,9995,10352,10709,11066,11423,11780,12137,12494,12851,13208,13565,13922,14279,14636,14993,15350,15707,16064,16421,16778,17135,17492,17849,18206,18563,18920,19277,19634,19991,20348,20705,21062,21419,21776,22133,22490,22847,23204,23561,23918,24275,24632,24989,25346,25703,26060,26417,26774,27131,27488,27845,28202,28559,28916,29273,29630,29987,30344,30701,31058,31415,31772,32129,32486,32843,33200,33557,33914,34271,34628,34985,35342,35699,36056,36413,36770,37127,37484,37841,38198,38555,38912,39269,39626,39983,40340,40697,41054,41411,41768,42125,42482,42839,43196,43553,43910,44267,44624,44981,45338,45695,46052,46409,46766,47123,47480,47837,48194,48551,48908,49265,49622,49979,50336,50693,51050,51407,51764,52121,52478,52835,53192,53549,53906,54263,54620,54977,55334,55691,56048,56405,56762,57119,57476,57833,58190,58547,58904,59261,59618,59975,60332,60689,61046,61403,61760,62117,62474,62831,63188,63545,63902,64259,64616,64973,65330,65687,66044,66401,66758,67115,67472,67829,68186,68543,68900,69257,69614,69971,70328,70685,71042,71399,71756,72113,72470,72827,73184,73541,73898,74255,74612,74969,75326,75683,76040,76397,76754,77111,77468,77825,78182,78539,78896,79253,79610,79967,80324,80681,81038,81395,81752,82109,82466,82823,83180,83537,83894,84251,84608,84965,85322,85679,86036,86393,86750,87107,87464,87821,88178,88535,88892,89249,89606,89963,90320,90677,91034,91391,91748,92105,92462,92819,93176,93533,93890,94247,94604,94961,95318,95675,96032,96389,96746,97103,97460,97817,98174,98531,98888,99245,99602,99959,100316,100673,101030,101387,101744,102101,102458,102815,103172,103529,103886,104243,104600,104957,105314,105671,106028,106385,106742,107099,107456,107813,108170,108527,108884,109241,109598,109955,110312,110669,111026,111383,111740,112097,112454,112811,113168,113525,113882,114239,114596,114953,115310,115667,116024,116381,116738,117095,117452,117809,118166,118523,118880,119237,119594,119951,120308,120665,121022,121379,121736,122093,122450,122807,123164,123521,123878,124235,124592,124949,125306,125663,126020,126377,126734,127091,127448
