1,542,1083,1624,2165,2706,3247,3788,4329,4870,5411,5952,6493,7034,7575,8116,8657,9198,9739,10280,10821,11362,11903,12444,12985,13526,14067,14608,15149,15690,16231,16772,17313,17854,18395,18936,19477,20018,20559,21100,21641,22182,22723,23264,23805,24346,24887,25428,25969,26510,27051,27592,28133,28674,29215,29756,30297,30838,31379,31920,32461,33002,33543,34084,34625,35166,35707,36248,36789,37330,37871,38412,38953,39494,40035,40576,41117,41658,42199,42740,43281,43822,44363,44904,45445,45986,46527,47068,47609,48150,48691,49232,49773,50314,50855,51396,51937,52478,53019,53560,54101,54642,55183,55724,56265,56806,57347,57888,58429,58970,59511,60052,60593,61134,61675,62216,62757,63298,63839,64380,64921,65462,66003,66544,67085,67626,68167,68708,69249,69790,70331,70872,71413,71954,72495,73036,73577,74118,74659,75200,75741,76282,76823,77364,77905,78446,78987,79528,80069,80610,81151,81692,82233,82774,83315,83856,84397,84938,85479,86020,86561,87102,87643,88184,88725,89266,89807,90348,90889,91430,91971,92512,93053,93594,94135,94676,95217,95758,96299,96840,97381,97922,98463,99004,99545,100086,100627,101168,101709,102250,102791,103332,103873,104414,104955,105496,106037,106578,107119,107660,108201,108742,109283,109824,110365,110906,111447,111988,112529,113070,113611,114152,114693,115234,115775,116316,116857,117398,117939,118480,119021,119562,120103,120644,121185,121726,122267,122808,123349,123890,124431,124972,125513,126054,126595,127136,127677,128218,128759,129300,129841,130382,130923,131464,132005,132546,133087,133628,134169,134710,135251,135792,136333,136874,137415,137956,138497,139038,139579,140120,140661,141202,141743,142284,142825,143366,143907,144448,144989,145530,146071,-146069,-145528,-144987,-144446,-143905,-143364,-142823,-142282,-141741,-141200,-140659,-140118,-139577,-139036,-138495,-137954,-137413,-136872,-136331,-135790,-135249,-134708,-134167,-133626,-133085,-132544,-132003,-131462,-130921,-130380,-129839,-129298,-128757,-128216,-127675,-127134,-126593,-126052,-125511,-124970,-124429,-123888,-123347,-122806,-122265,-121724,-121183,-120642,-120101,-119560,-119019,-118478,-117937,-117396,-116855,-116314,-115773,-115232,-114691,-114150,-113609,-113068,-112527,-111986,-111445,-110904,-110363,-109822,-109281,-108740,-108199,-107658,-107117,-106576,-106035,-105494,-104953,-104412,-103871,-103330,-102789,-102248,-101707,-101166,-100625,-100084,-99543,-99002,-98461,-97920,-97379,-96838,-96297,-95756,-95215,-94674,-94133,-93592,-93051,-92510,-91969,-91428,-90887,-90346,-89805,-89264,-88723,-88182,-87641,-87100,-86559,-86018,-85477,-84936,-84395,-83854,-83313,-82772,-82231,-81690,-81149,-80608,-80067,-79526,-78985,-78444,-77903,-77362,-76821,-76280,-75739,-75198,-74657,-74116,-73575,-73034,-72493,-71952,-71411,-70870,-70329,-69788,-69247,-68706,-68165,-67624,-67083,-66542,-66001,-65460,-64919,-64378,-63837,-63296,-62755,-62214,-61673,-61132,-60591,-60050,-59509,-58968,-58427,-57886,-57345,-56804,-56263,-55722,-55181,-54640,-54099,-53558,-53017,-52476,-51935,-51394,-50853,-50312,-49771,-49230,-48689,-48148,-47607,-47066,-46525,-45984,-45443,-44902,-44361,-43820,-43279,-42738,-42197,-41656,-41115,-40574,-40033,-39492,-38951,-38410,-37869,-37328,-36787,-36246,-35705,-35164,-34623,-34082,-33541,-33000,-32459,-31918,-31377,-30836,-30295,-29754,-29213,-28672,-28131,-27590,-27049,-26508,-25967,-25426,-24885,-24344,-23803,-23262,-22721,-22180,-21639,-21098,-20557,-20016,-19475,-18934,-18393,-17852,-17311,-16770,-16229,-15688,-15147,-14606,-14065,-13524,-12983,-12442,-11901,-11360,-10819,-10278,-9737,-9196,-8655,-8114,-7573,-7032,-6491,-5950,-5409,-4868,-4327,-3786,-3245,-2704,-2163,-1622,-1081,-541,-540
2,543,1084,1625,2166,2707,3248,3789,4330,4871,5412,5953,6494,7035,7576,8117,8658,9199,9740,10281,10822,11363,11904,12445,12986,13527,14068,14609,15150,15691,16232,16773,17314,17855,18396,18937,19478,20019,20560,21101,21642,22183,22724,23265,23806,24347,24888,25429,25970,26511,27052,27593,28134,28675,29216,29757,30298,30839,31380,31921,32462,33003,33544,34085,34626,35167,35708,36249,36790,37331,37872,38413,38954,39495,40036,40577,41118,41659,42200,42741,43282,43823,44364,44905,45446,45987,46528,47069,47610,48151,48692,49233,49774,50315,50856,51397,51938,52479,53020,53561,54102,54643,55184,55725,56266,56807,57348,57889,58430,58971,59512,60053,60594,61135,61676,62217,62758,63299,63840,64381,64922,65463,66004,66545,67086,67627,68168,68709,69250,69791,70332,70873,71414,71955,72496,73037,73578,74119,74660,75201,75742,76283,76824,77365,77906,78447,78988,79529,80070,80611,81152,81693,82234,82775,83316,83857,84398,84939,85480,86021,86562,87103,87644,88185,88726,89267,89808,90349,90890,91431,91972,92513,93054,93595,94136,94677,95218,95759,96300,96841,97382,97923,98464,99005,99546,100087,100628,101169,101710,102251,102792,103333,103874,104415,104956,105497,106038,106579,107120,107661,108202,108743,109284,109825,110366,110907,111448,111989,112530,113071,113612,114153,114694,115235,115776,116317,116858,117399,117940,118481,119022,119563,120104,120645,121186,121727,122268,122809,123350,123891,124432,124973,125514,126055,126596,127137,127678,128219,128760,129301,129842,130383,130924,131465,132006,132547,133088,133629,134170,134711,135252,135793,136334,136875,137416,137957,138498,139039,139580,140121,140662,141203,141744,142285,142826,143367,143908,144449,144990,145531,146072,-146068,-145527,-144986,-144445,-143904,-143363,-142822,-142281,-141740,-141199,-140658,-140117,-139576,-139035,-138494,-137953,-137412,-136871,-136330,-135789,-135248,-134707,-134166,-133625,-133084,-132543,-132002,-131461,-130920,-130379,-129838,-129297,-128756,-128215,-127674,-127133,-126592,-126051,-125510,-124969,-124428,-123887,-123346,-122805,-122264,-121723,-121182,-120641,-120100,-119559,-119018,-118477,-117936,-117395,-116854,-116313,-115772,-115231,-114690,-114149,-113608,-113067,-112526,-111985,-111444,-110903,-110362,-109821,-109280,-108739,-108198,-107657,-107116,-106575,-106034,-105493,-104952,-104411,-103870,-103329,-102788,-102247,-101706,-101165,-100624,-100083,-99542,-99001,-98460,-97919,-97378,-96837,-96296,-95755,-95214,-94673,-94132,-93591,-93050,-92509,-91968,-91427,-90886,-90345,-89804,-89263,-88722,-88181,-87640,-87099,-86558,-86017,-85476,-84935,-84394,-83853,-83312,-82771,-82230,-81689,-81148,-80607,-80066,-79525,-78984,-78443,-77902,-77361,-76820,-76279,-75738,-75197,-74656,-74115,-73574,-73033,-72492,-71951,-71410,-70869,-70328,-69787,-69246,-68705,-68164,-67623,-67082,-66541,-66000,-65459,-64918,-64377,-63836,-63295,-62754,-62213,-61672,-61131,-60590,-60049,-59508,-58967,-58426,-57885,-57344,-56803,-56262,-55721,-55180,-54639,-54098,-53557,-53016,-52475,-51934,-51393,-50852,-50311,-49770,-49229,-48688,-48147,-47606,-47065,-46524,-45983,-45442,-44901,-44360,-43819,-43278,-42737,-42196,-41655,-41114,-40573,-40032,-39491,-38950,-38409,-37868,-37327,-36786,-36245,-35704,-35163,-34622,-34081,-33540,-32999,-32458,-31917,-31376,-30835,-30294,-29753,-29212,-28671,-28130,-27589,-27048,-26507,-25966,-25425,-24884,-24343,-23802,-23261,-22720,-22179,-21638,-21097,-20556,-20015,-19474,-18933,-18392,-17851,-17310,-16769,-16228,-15687,-15146,-14605,-14064,-13523,-12982,-12441,-11900,-11359,-10818,-10277,-9736,-9195,-8654,-8113,-7572,-7031,-6490,-5949,-5408,-4867,-4326,-3785,-3244,-2703,-2162,-1621,-1082,-1080,-539
3,544,1085,1626,2167,2708,3249,3790,4331,4872,5413,5954,6495,7036,7577,8118,8659,9200,9741,10282,10823,11364,11905,12446,12987,13528,14069,14610,15151,15692,16233,16774,17315,17856,18397,18938,19479,20020,20561,21102,21643,22184,22725,23266,23807,24348,24889,25430,25971,26512,27053,27594,28135,28676,29217,29758,30299,30840,31381,31922,32463,33004,33545,34086,34627,35168,35709,36250,36791,37332,37873,38414,38955,39496,40037,40578,41119,41660,42201,42742,43283,43824,44365,44906,45447,45988,46529,47070,47611,48152,48693,49234,49775,50316,50857,51398,51939,52480,53021,53562,54103,54644,55185,55726,56267,56808,57349,57890,58431,58972,59513,60054,60595,61136,61677,62218,62759,63300,63841,64382,64923,65464,66005,66546,67087,67628,68169,68710,69251,69792,70333,70874,71415,71956,72497,73038,73579,74120,74661,75202,75743,76284,76825,77366,77907,78448,78989,79530,80071,80612,81153,81694,82235,82776,83317,83858,84399,84940,85481,86022,86563,87104,87645,88186,88727,89268,89809,90350,90891,91432,91973,92514,93055,93596,94137,94678,95219,95760,96301,96842,97383,97924,98465,99006,99547,100088,100629,101170,101711,102252,102793,103334,103875,104416,104957,105498,106039,106580,107121,107662,108203,108744,109285,109826,110367,110908,111449,111990,112531,113072,113613,114154,114695,115236,115777,116318,116859,117400,117941,118482,119023,119564,120105,120646,121187,121728,122269,122810,123351,123892,124433,124974,125515,126056,126597,127138,127679,128220,128761,129302,129843,130384,130925,131466,132007,132548,133089,133630,134171,134712,135253,135794,136335,136876,137417,137958,138499,139040,139581,140122,140663,141204,141745,142286,142827,143368,143909,144450,144991,145532,146073,-146067,-145526,-144985,-144444,-143903,-143362,-142821,-142280,-141739,-141198,-140657,-140116,-139575,-139034,-138493,-137952,-137411,-136870,-136329,-135788,-135247,-134706,-134165,-133624,-133083,-132542,-132001,-131460,-130919,-130378,-129837,-129296,-128755,-128214,-127673,-127132,-126591,-126050,-125509,-124968,-124427,-123886,-123345,-122804,-122263,-121722,-121181,-120640,-120099,-119558,-119017,-118476,-117935,-117394,-116853,-116312,-115771,-115230,-114689,-114148,-113607,-113066,-112525,-111984,-111443,-110902,-110361,-109820,-109279,-108738,-108197,-107656,-107115,-106574,-106033,-105492,-104951,-104410,-103869,-103328,-102787,-102246,-101705,-101164,-100623,-100082,-99541,-99000,-98459,-97918,-97377,-96836,-96295,-95754,-95213,-94672,-94131,-93590,-93049,-92508,-91967,-91426,-90885,-90344,-89803,-89262,-88721,-88180,-87639,-87098,-86557,-86016,-85475,-84934,-84393,-83852,-83311,-82770,-82229,-81688,-81147,-80606,-80065,-79524,-78983,-78442,-77901,-77360,-76819,-76278,-75737,-75196,-74655,-74114,-73573,-73032,-72491,-71950,-71409,-70868,-70327,-69786,-69245,-68704,-68163,-67622,-67081,-66540,-65999,-65458,-64917,-64376,-63835,-63294,-62753,-62212,-61671,-61130,-60589,-60048,-59507,-58966,-58425,-57884,-57343,-56802,-56261,-55720,-55179,-54638,-54097,-53556,-53015,-52474,-51933,-51392,-50851,-50310,-49769,-49228,-48687,-48146,-47605,-47064,-46523,-45982,-45441,-44900,-44359,-43818,-43277,-42736,-42195,-41654,-41113,-40572,-40031,-39490,-38949,-38408,-37867,-37326,-36785,-36244,-35703,-35162,-34621,-34080,-33539,-32998,-32457,-31916,-31375,-30834,-30293,-29752,-29211,-28670,-28129,-27588,-27047,-26506,-25965,-25424,-24883,-24342,-23801,-23260,-22719,-22178,-21637,-21096,-20555,-20014,-19473,-18932,-18391,-17850,-17309,-16768,-16227,-15686,-15145,-14604,-14063,-13522,-12981,-12440,-11899,-11358,-10817,-10276,-9735,-9194,-8653,-8112,-7571,-7030,-6489,-5948,-5407,-4866,-4325,-3784,-3243,-2702,-2161,-1623,-1620,-1079,-538
4,545,1086,1627,2168,2709,3250,3791,4332,4873,5414,5955,6496,7037,7578,8119,8660,9201,9742,10283,10824,11365,11906,12447,12988,13529,14070,14611,15152,15693,16234,16775,17316,17857,18398,18939,19480,20021,20562,21103,21644,22185,22726,23267,23808,24349,24890,25431,25972,26513,27054,27595,28136,28677,29218,29759,30300,30841,31382,31923,32464,33005,33546,34087,34628,35169,35710,36251,36792,37333,37874,38415,38956,39497,40038,40579,41120,41661,42202,42743,43284,43825,44366,44907,45448,45989,46530,47071,47612,48153,48694,49235,49776,50317,50858,51399,51940,52481,53022,53563,54104,54645,55186,55727,56268,56809,57350,57891,58432,58973,59514,60055,60596,61137,61678,62219,62760,63301,63842,64383,64924,65465,66006,66547,67088,67629,68170,68711,69252,69793,70334,70875,71416,71957,72498,73039,73580,74121,74662,75203,75744,76285,76826,77367,77908,78449,78990,79531,80072,80613,81154,81695,82236,82777,83318,83859,84400,84941,85482,86023,86564,87105,87646,88187,88728,89269,89810,90351,90892,91433,91974,92515,93056,93597,94138,94679,95220,95761,96302,96843,97384,97925,98466,99007,99548,100089,100630,101171,101712,102253,102794,103335,103876,104417,104958,105499,106040,106581,107122,107663,108204,108745,109286,109827,110368,110909,111450,111991,112532,113073,113614,114155,114696,115237,115778,116319,116860,117401,117942,118483,119024,119565,120106,120647,121188,121729,122270,122811,123352,123893,124434,124975,125516,126057,126598,127139,127680,128221,128762,129303,129844,130385,130926,131467,132008,132549,133090,133631,134172,134713,135254,135795,136336,136877,137418,137959,138500,139041,139582,140123,140664,141205,141746,142287,142828,143369,143910,144451,144992,145533,146074,-146066,-145525,-144984,-144443,-143902,-143361,-142820,-142279,-141738,-141197,-140656,-140115,-139574,-139033,-138492,-137951,-137410,-136869,-136328,-135787,-135246,-134705,-134164,-133623,-133082,-132541,-132000,-131459,-130918,-130377,-129836,-129295,-128754,-128213,-127672,-127131,-126590,-126049,-125508,-124967,-124426,-123885,-123344,-122803,-122262,-121721,-121180,-120639,-120098,-119557,-119016,-118475,-117934,-117393,-116852,-116311,-115770,-115229,-114688,-114147,-113606,-113065,-112524,-111983,-111442,-110901,-110360,-109819,-109278,-108737,-108196,-107655,-107114,-106573,-106032,-105491,-104950,-104409,-103868,-103327,-102786,-102245,-101704,-101163,-100622,-100081,-99540,-98999,-98458,-97917,-97376,-96835,-96294,-95753,-95212,-94671,-94130,-93589,-93048,-92507,-91966,-91425,-90884,-90343,-89802,-89261,-88720,-88179,-87638,-87097,-86556,-86015,-85474,-84933,-84392,-83851,-83310,-82769,-82228,-81687,-81146,-80605,-80064,-79523,-78982,-78441,-77900,-77359,-76818,-76277,-75736,-75195,-74654,-74113,-73572,-73031,-72490,-71949,-71408,-70867,-70326,-69785,-69244,-68703,-68162,-67621,-67080,-66539,-65998,-65457,-64916,-64375,-63834,-63293,-62752,-62211,-61670,-61129,-60588,-60047,-59506,-58965,-58424,-57883,-57342,-56801,-56260,-55719,-55178,-54637,-54096,-53555,-53014,-52473,-51932,-51391,-50850,-50309,-49768,-49227,-48686,-48145,-47604,-47063,-46522,-45981,-45440,-44899,-44358,-43817,-43276,-42735,-42194,-41653,-41112,-40571,-40030,-39489,-38948,-38407,-37866,-37325,-36784,-36243,-35702,-35161,-34620,-34079,-33538,-32997,-32456,-31915,-31374,-30833,-30292,-29751,-29210,-28669,-28128,-27587,-27046,-26505,-25964,-25423,-24882,-24341,-23800,-23259,-22718,-22177,-21636,-21095,-20554,-20013,-19472,-18931,-18390,-17849,-17308,-16767,-16226,-15685,-15144,-14603,-14062,-13521,-12980,-12439,-11898,-11357,-10816,-10275,-9734,-9193,-8652,-8111,-7570,-7029,-6488,-5947,-5406,-4865,-4324,-3783,-3242,-2701,-2164,-2160,-1619,-1078,-537
5,546,1087,1628,2169,2710,3251,3792,4333,4874,5415,5956,6497,7038,7579,8120,8661,9202,9743,10284,10825,11366,11907,12448,12989,13530,14071,14612,15153,15694,16235,16776,17317,17858,18399,18940,19481,20022,20563,21104,21645,22186,22727,23268,23809,24350,24891,25432,25973,26514,27055,27596,28137,28678,29219,29760,30301,30842,31383,31924,32465,33006,33547,34088,34629,35170,35711,36252,36793,37334,37875,38416,38957,39498,40039,40580,41121,41662,42203,42744,43285,43826,44367,44908,45449,45990,46531,47072,47613,48154,48695,49236,49777,50318,50859,51400,51941,52482,53023,53564,54105,54646,55187,55728,56269,56810,57351,57892,58433,58974,59515,60056,60597,61138,61679,62220,62761,63302,63843,64384,64925,65466,66007,66548,67089,67630,68171,68712,69253,69794,70335,70876,71417,71958,72499,73040,73581,74122,74663,75204,75745,76286,76827,77368,77909,78450,78991,79532,80073,80614,81155,81696,82237,82778,83319,83860,84401,84942,85483,86024,86565,87106,87647,88188,88729,89270,89811,90352,90893,91434,91975,92516,93057,93598,94139,94680,95221,95762,96303,96844,97385,97926,98467,99008,99549,100090,100631,101172,101713,102254,102795,103336,103877,104418,104959,105500,106041,106582,107123,107664,108205,108746,109287,109828,110369,110910,111451,111992,112533,113074,113615,114156,114697,115238,115779,116320,116861,117402,117943,118484,119025,119566,120107,120648,121189,121730,122271,122812,123353,123894,124435,124976,125517,126058,126599,127140,127681,128222,128763,129304,129845,130386,130927,131468,132009,132550,133091,133632,134173,134714,135255,135796,136337,136878,137419,137960,138501,139042,139583,140124,140665,141206,141747,142288,142829,143370,143911,144452,144993,145534,146075,-146065,-145524,-144983,-144442,-143901,-143360,-142819,-142278,-141737,-141196,-140655,-140114,-139573,-139032,-138491,-137950,-137409,-136868,-136327,-135786,-135245,-134704,-134163,-133622,-133081,-132540,-131999,-131458,-130917,-130376,-129835,-129294,-128753,-128212,-127671,-127130,-126589,-126048,-125507,-124966,-124425,-123884,-123343,-122802,-122261,-121720,-121179,-120638,-120097,-119556,-119015,-118474,-117933,-117392,-116851,-116310,-115769,-115228,-114687,-114146,-113605,-113064,-112523,-111982,-111441,-110900,-110359,-109818,-109277,-108736,-108195,-107654,-107113,-106572,-106031,-105490,-104949,-104408,-103867,-103326,-102785,-102244,-101703,-101162,-100621,-100080,-99539,-98998,-98457,-97916,-97375,-96834,-96293,-95752,-95211,-94670,-94129,-93588,-93047,-92506,-91965,-91424,-90883,-90342,-89801,-89260,-88719,-88178,-87637,-87096,-86555,-86014,-85473,-84932,-84391,-83850,-83309,-82768,-82227,-81686,-81145,-80604,-80063,-79522,-78981,-78440,-77899,-77358,-76817,-76276,-75735,-75194,-74653,-74112,-73571,-73030,-72489,-71948,-71407,-70866,-70325,-69784,-69243,-68702,-68161,-67620,-67079,-66538,-65997,-65456,-64915,-64374,-63833,-63292,-62751,-62210,-61669,-61128,-60587,-60046,-59505,-58964,-58423,-57882,-57341,-56800,-56259,-55718,-55177,-54636,-54095,-53554,-53013,-52472,-51931,-51390,-50849,-50308,-49767,-49226,-48685,-48144,-47603,-47062,-46521,-45980,-45439,-44898,-44357,-43816,-43275,-42734,-42193,-41652,-41111,-40570,-40029,-39488,-38947,-38406,-37865,-37324,-36783,-36242,-35701,-35160,-34619,-34078,-33537,-32996,-32455,-31914,-31373,-30832,-30291,-29750,-29209,-28668,-28127,-27586,-27045,-26504,-25963,-25422,-24881,-24340,-23799,-23258,-22717,-22176,-21635,-21094,-20553,-20012,-19471,-18930,-18389,-17848,-17307,-16766,-16225,-15684,-15143,-14602,-14061,-13520,-12979,-12438,-11897,-11356,-10815,-10274,-9733,-9192,-8651,-8110,-7569,-7028,-6487,-5946,-5405,-4864,-4323,-3782,-3241,-2705,-2700,-2159,-1618,-1077,-536
6,547,1088,1629,2170,2711,3252,3793,4334,4875,5416,5957,6498,7039,7580,8121,8662,9203,9744,10285,10826,11367,11908,12449,12990,13531,14072,14613,15154,15695,16236,16777,17318,17859,18400,18941,19482,20023,20564,21105,21646,22187,22728,23269,23810,24351,24892,25433,25974,26515,27056,27597,28138,28679,29220,29761,30302,30843,31384,31925,32466,33007,33548,34089,34630,35171,35712,36253,36794,37335,37876,38417,38958,39499,40040,40581,41122,41663,42204,42745,43286,43827,44368,44909,45450,45991,46532,47073,47614,48155,48696,49237,49778,50319,50860,51401,51942,52483,53024,53565,54106,54647,55188,55729,56270,56811,57352,57893,58434,58975,59516,60057,60598,61139,61680,62221,62762,63303,63844,64385,64926,65467,66008,66549,67090,67631,68172,68713,69254,69795,70336,70877,71418,71959,72500,73041,73582,74123,74664,75205,75746,76287,76828,77369,77910,78451,78992,79533,80074,80615,81156,81697,82238,82779,83320,83861,84402,84943,85484,86025,86566,87107,87648,88189,88730,89271,89812,90353,90894,91435,91976,92517,93058,93599,94140,94681,95222,95763,96304,96845,97386,97927,98468,99009,99550,100091,100632,101173,101714,102255,102796,103337,103878,104419,104960,105501,106042,106583,107124,107665,108206,108747,109288,109829,110370,110911,111452,111993,112534,113075,113616,114157,114698,115239,115780,116321,116862,117403,117944,118485,119026,119567,120108,120649,121190,121731,122272,122813,123354,123895,124436,124977,125518,126059,126600,127141,127682,128223,128764,129305,129846,130387,130928,131469,132010,132551,133092,133633,134174,134715,135256,135797,136338,136879,137420,137961,138502,139043,139584,140125,140666,141207,141748,142289,142830,143371,143912,144453,144994,145535,146076,-146064,-145523,-144982,-144441,-143900,-143359,-142818,-142277,-141736,-141195,-140654,-140113,-139572,-139031,-138490,-137949,-137408,-136867,-136326,-135785,-135244,-134703,-134162,-133621,-133080,-132539,-131998,-131457,-130916,-130375,-129834,-129293,-128752,-128211,-127670,-127129,-126588,-126047,-125506,-124965,-124424,-123883,-123342,-122801,-122260,-121719,-121178,-120637,-120096,-119555,-119014,-118473,-117932,-117391,-116850,-116309,-115768,-115227,-114686,-114145,-113604,-113063,-112522,-111981,-111440,-110899,-110358,-109817,-109276,-108735,-108194,-107653,-107112,-106571,-106030,-105489,-104948,-104407,-103866,-103325,-102784,-102243,-101702,-101161,-100620,-100079,-99538,-98997,-98456,-97915,-97374,-96833,-96292,-95751,-95210,-94669,-94128,-93587,-93046,-92505,-91964,-91423,-90882,-90341,-89800,-89259,-88718,-88177,-87636,-87095,-86554,-86013,-85472,-84931,-84390,-83849,-83308,-82767,-82226,-81685,-81144,-80603,-80062,-79521,-78980,-78439,-77898,-77357,-76816,-76275,-75734,-75193,-74652,-74111,-73570,-73029,-72488,-71947,-71406,-70865,-70324,-69783,-69242,-68701,-68160,-67619,-67078,-66537,-65996,-65455,-64914,-64373,-63832,-63291,-62750,-62209,-61668,-61127,-60586,-60045,-59504,-58963,-58422,-57881,-57340,-56799,-56258,-55717,-55176,-54635,-54094,-53553,-53012,-52471,-51930,-51389,-50848,-50307,-49766,-49225,-48684,-48143,-47602,-47061,-46520,-45979,-45438,-44897,-44356,-43815,-43274,-42733,-42192,-41651,-41110,-40569,-40028,-39487,-38946,-38405,-37864,-37323,-36782,-36241,-35700,-35159,-34618,-34077,-33536,-32995,-32454,-31913,-31372,-30831,-30290,-29749,-29208,-28667,-28126,-27585,-27044,-26503,-25962,-25421,-24880,-24339,-23798,-23257,-22716,-22175,-21634,-21093,-20552,-20011,-19470,-18929,-18388,-17847,-17306,-16765,-16224,-15683,-15142,-14601,-14060,-13519,-12978,-12437,-11896,-11355,-10814,-10273,-9732,-9191,-8650,-8109,-7568,-7027,-6486,-5945,-5404,-4863,-4322,-3781,-3246,-3240,-2699,-2158,-1617,-1076,-535
7,548,1089,1630,2171,2712,3253,3794,4335,4876,5417,5958,6499,7040,7581,8122,8663,9204,9745,10286,10827,11368,11909,12450,12991,13532,14073,14614,15155,15696,16237,16778,17319,17860,18401,18942,19483,20024,20565,21106,21647,22188,22729,23270,23811,24352,24893,25434,25975,26516,27057,27598,28139,28680,29221,29762,30303,30844,31385,31926,32467,33008,33549,34090,34631,35172,35713,36254,36795,37336,37877,38418,38959,39500,40041,40582,41123,41664,42205,42746,43287,43828,44369,44910,45451,45992,46533,47074,47615,48156,48697,49238,49779,50320,50861,51402,51943,52484,53025,53566,54107,54648,55189,55730,56271,56812,57353,57894,58435,58976,59517,60058,60599,61140,61681,62222,62763,63304,63845,64386,64927,65468,66009,66550,67091,67632,68173,68714,69255,69796,70337,70878,71419,71960,72501,73042,73583,74124,74665,75206,75747,76288,76829,77370,77911,78452,78993,79534,80075,80616,81157,81698,82239,82780,83321,83862,84403,84944,85485,86026,86567,87108,87649,88190,88731,89272,89813,90354,90895,91436,91977,92518,93059,93600,94141,94682,95223,95764,96305,96846,97387,97928,98469,99010,99551,100092,100633,101174,101715,102256,102797,103338,103879,104420,104961,105502,106043,106584,107125,107666,108207,108748,109289,109830,110371,110912,111453,111994,112535,113076,113617,114158,114699,115240,115781,116322,116863,117404,117945,118486,119027,119568,120109,120650,121191,121732,122273,122814,123355,123896,124437,124978,125519,126060,126601,127142,127683,128224,128765,129306,129847,130388,130929,131470,132011,132552,133093,133634,134175,134716,135257,135798,136339,136880,137421,137962,138503,139044,139585,140126,140667,141208,141749,142290,142831,143372,143913,144454,144995,145536,146077,-146063,-145522,-144981,-144440,-143899,-143358,-142817,-142276,-141735,-141194,-140653,-140112,-139571,-139030,-138489,-137948,-137407,-136866,-136325,-135784,-135243,-134702,-134161,-133620,-133079,-132538,-131997,-131456,-130915,-130374,-129833,-129292,-128751,-128210,-127669,-127128,-126587,-126046,-125505,-124964,-124423,-123882,-123341,-122800,-122259,-121718,-121177,-120636,-120095,-119554,-119013,-118472,-117931,-117390,-116849,-116308,-115767,-115226,-114685,-114144,-113603,-113062,-112521,-111980,-111439,-110898,-110357,-109816,-109275,-108734,-108193,-107652,-107111,-106570,-106029,-105488,-104947,-104406,-103865,-103324,-102783,-102242,-101701,-101160,-100619,-100078,-99537,-98996,-98455,-97914,-97373,-96832,-96291,-95750,-95209,-94668,-94127,-93586,-93045,-92504,-91963,-91422,-90881,-90340,-89799,-89258,-88717,-88176,-87635,-87094,-86553,-86012,-85471,-84930,-84389,-83848,-83307,-82766,-82225,-81684,-81143,-80602,-80061,-79520,-78979,-78438,-77897,-77356,-76815,-76274,-75733,-75192,-74651,-74110,-73569,-73028,-72487,-71946,-71405,-70864,-70323,-69782,-69241,-68700,-68159,-67618,-67077,-66536,-65995,-65454,-64913,-64372,-63831,-63290,-62749,-62208,-61667,-61126,-60585,-60044,-59503,-58962,-58421,-57880,-57339,-56798,-56257,-55716,-55175,-54634,-54093,-53552,-53011,-52470,-51929,-51388,-50847,-50306,-49765,-49224,-48683,-48142,-47601,-47060,-46519,-45978,-45437,-44896,-44355,-43814,-43273,-42732,-42191,-41650,-41109,-40568,-40027,-39486,-38945,-38404,-37863,-37322,-36781,-36240,-35699,-35158,-34617,-34076,-33535,-32994,-32453,-31912,-31371,-30830,-30289,-29748,-29207,-28666,-28125,-27584,-27043,-26502,-25961,-25420,-24879,-24338,-23797,-23256,-22715,-22174,-21633,-21092,-20551,-20010,-19469,-18928,-18387,-17846,-17305,-16764,-16223,-15682,-15141,-14600,-14059,-13518,-12977,-12436,-11895,-11354,-10813,-10272,-9731,-9190,-8649,-8108,-7567,-7026,-6485,-5944,-5403,-4862,-4321,-3787,-3780,-3239,-2698,-2157,-1616,-1075,-534
8,549,1090,1631,2172,2713,3254,3795,4336,4877,5418,5959,6500,7041,7582,8123,8664,9205,9746,10287,10828,11369,11910,12451,12992,13533,14074,14615,15156,15697,16238,16779,17320,17861,18402,18943,19484,20025,20566,21107,21648,22189,22730,23271,23812,24353,24894,25435,25976,26517,27058,27599,28140,28681,29222,29763,30304,30845,31386,31927,32468,33009,33550,34091,34632,35173,35714,36255,36796,37337,37878,38419,38960,39501,40042,40583,41124,41665,42206,42747,43288,43829,44370,44911,45452,45993,46534,47075,47616,48157,48698,49239,49780,50321,50862,51403,51944,52485,53026,53567,54108,54649,55190,55731,56272,56813,57354,57895,58436,58977,59518,60059,60600,61141,61682,62223,62764,63305,63846,64387,64928,65469,66010,66551,67092,67633,68174,68715,69256,69797,70338,70879,71420,71961,72502,73043,73584,74125,74666,75207,75748,76289,76830,77371,77912,78453,78994,79535,80076,80617,81158,81699,82240,82781,83322,83863,84404,84945,85486,86027,86568,87109,87650,88191,88732,89273,89814,90355,90896,91437,91978,92519,93060,93601,94142,94683,95224,95765,96306,96847,97388,97929,98470,99011,99552,100093,100634,101175,101716,102257,102798,103339,103880,104421,104962,105503,106044,106585,107126,107667,108208,108749,109290,109831,110372,110913,111454,111995,112536,113077,113618,114159,114700,115241,115782,116323,116864,117405,117946,118487,119028,119569,120110,120651,121192,121733,122274,122815,123356,123897,124438,124979,125520,126061,126602,127143,127684,128225,128766,129307,129848,130389,130930,131471,132012,132553,133094,133635,134176,134717,135258,135799,136340,136881,137422,137963,138504,139045,139586,140127,140668,141209,141750,142291,142832,143373,143914,144455,144996,145537,146078,-146062,-145521,-144980,-144439,-143898,-143357,-142816,-142275,-141734,-141193,-140652,-140111,-139570,-139029,-138488,-137947,-137406,-136865,-136324,-135783,-135242,-134701,-134160,-133619,-133078,-132537,-131996,-131455,-130914,-130373,-129832,-129291,-128750,-128209,-127668,-127127,-126586,-126045,-125504,-124963,-124422,-123881,-123340,-122799,-122258,-121717,-121176,-120635,-120094,-119553,-119012,-118471,-117930,-117389,-116848,-116307,-115766,-115225,-114684,-114143,-113602,-113061,-112520,-111979,-111438,-110897,-110356,-109815,-109274,-108733,-108192,-107651,-107110,-106569,-106028,-105487,-104946,-104405,-103864,-103323,-102782,-102241,-101700,-101159,-100618,-100077,-99536,-98995,-98454,-97913,-97372,-96831,-96290,-95749,-95208,-94667,-94126,-93585,-93044,-92503,-91962,-91421,-90880,-90339,-89798,-89257,-88716,-88175,-87634,-87093,-86552,-86011,-85470,-84929,-84388,-83847,-83306,-82765,-82224,-81683,-81142,-80601,-80060,-79519,-78978,-78437,-77896,-77355,-76814,-76273,-75732,-75191,-74650,-74109,-73568,-73027,-72486,-71945,-71404,-70863,-70322,-69781,-69240,-68699,-68158,-67617,-67076,-66535,-65994,-65453,-64912,-64371,-63830,-63289,-62748,-62207,-61666,-61125,-60584,-60043,-59502,-58961,-58420,-57879,-57338,-56797,-56256,-55715,-55174,-54633,-54092,-53551,-53010,-52469,-51928,-51387,-50846,-50305,-49764,-49223,-48682,-48141,-47600,-47059,-46518,-45977,-45436,-44895,-44354,-43813,-43272,-42731,-42190,-41649,-41108,-40567,-40026,-39485,-38944,-38403,-37862,-37321,-36780,-36239,-35698,-35157,-34616,-34075,-33534,-32993,-32452,-31911,-31370,-30829,-30288,-29747,-29206,-28665,-28124,-27583,-27042,-26501,-25960,-25419,-24878,-24337,-23796,-23255,-22714,-22173,-21632,-21091,-20550,-20009,-19468,-18927,-18386,-17845,-17304,-16763,-16222,-15681,-15140,-14599,-14058,-13517,-12976,-12435,-11894,-11353,-10812,-10271,-9730,-9189,-8648,-8107,-7566,-7025,-6484,-5943,-5402,-4861,-4328,-4320,-3779,-3238,-2697,-2156,-1615,-1074,-533
9,550,1091,1632,2173,2714,3255,3796,4337,4878,5419,5960,6501,7042,7583,8124,8665,9206,9747,10288,10829,11370,11911,12452,12993,13534,14075,14616,15157,15698,16239,16780,17321,17862,18403,18944,19485,20026,20567,21108,21649,22190,22731,23272,23813,24354,24895,25436,25977,26518,27059,27600,28141,28682,29223,29764,30305,30846,31387,31928,32469,33010,33551,34092,34633,35174,35715,36256,36797,37338,37879,38420,38961,39502,40043,40584,41125,41666,42207,42748,43289,43830,44371,44912,45453,45994,46535,47076,47617,48158,48699,49240,49781,50322,50863,51404,51945,52486,53027,53568,54109,54650,55191,55732,56273,56814,57355,57896,58437,58978,59519,60060,60601,61142,61683,62224,62765,63306,63847,64388,64929,65470,66011,66552,67093,67634,68175,68716,69257,69798,70339,70880,71421,71962,72503,73044,73585,74126,74667,75208,75749,76290,76831,77372,77913,78454,78995,79536,80077,80618,81159,81700,82241,82782,83323,83864,84405,84946,85487,86028,86569,87110,87651,88192,88733,89274,89815,90356,90897,91438,91979,92520,93061,93602,94143,94684,95225,95766,96307,96848,97389,97930,98471,99012,99553,100094,100635,101176,101717,102258,102799,103340,103881,104422,104963,105504,106045,106586,107127,107668,108209,108750,109291,109832,110373,110914,111455,111996,112537,113078,113619,114160,114701,115242,115783,116324,116865,117406,117947,118488,119029,119570,120111,120652,121193,121734,122275,122816,123357,123898,124439,124980,125521,126062,126603,127144,127685,128226,128767,129308,129849,130390,130931,131472,132013,132554,133095,133636,134177,134718,135259,135800,136341,136882,137423,137964,138505,139046,139587,140128,140669,141210,141751,142292,142833,143374,143915,144456,144997,145538,146079,-146061,-145520,-144979,-144438,-143897,-143356,-142815,-142274,-141733,-141192,-140651,-140110,-139569,-139028,-138487,-137946,-137405,-136864,-136323,-135782,-135241,-134700,-134159,-133618,-133077,-132536,-131995,-131454,-130913,-130372,-129831,-129290,-128749,-128208,-127667,-127126,-126585,-126044,-125503,-124962,-124421,-123880,-123339,-122798,-122257,-121716,-121175,-120634,-120093,-119552,-119011,-118470,-117929,-117388,-116847,-116306,-115765,-115224,-114683,-114142,-113601,-113060,-112519,-111978,-111437,-110896,-110355,-109814,-109273,-108732,-108191,-107650,-107109,-106568,-106027,-105486,-104945,-104404,-103863,-103322,-102781,-102240,-101699,-101158,-100617,-100076,-99535,-98994,-98453,-97912,-97371,-96830,-96289,-95748,-95207,-94666,-94125,-93584,-93043,-92502,-91961,-91420,-90879,-90338,-89797,-89256,-88715,-88174,-87633,-87092,-86551,-86010,-85469,-84928,-84387,-83846,-83305,-82764,-82223,-81682,-81141,-80600,-80059,-79518,-78977,-78436,-77895,-77354,-76813,-76272,-75731,-75190,-74649,-74108,-73567,-73026,-72485,-71944,-71403,-70862,-70321,-69780,-69239,-68698,-68157,-67616,-67075,-66534,-65993,-65452,-64911,-64370,-63829,-63288,-62747,-62206,-61665,-61124,-60583,-60042,-59501,-58960,-58419,-57878,-57337,-56796,-56255,-55714,-55173,-54632,-54091,-53550,-53009,-52468,-51927,-51386,-50845,-50304,-49763,-49222,-48681,-48140,-47599,-47058,-46517,-45976,-45435,-44894,-44353,-43812,-43271,-42730,-42189,-41648,-41107,-40566,-40025,-39484,-38943,-38402,-37861,-37320,-36779,-36238,-35697,-35156,-34615,-34074,-33533,-32992,-32451,-31910,-31369,-30828,-30287,-29746,-29205,-28664,-28123,-27582,-27041,-26500,-25959,-25418,-24877,-24336,-23795,-23254,-22713,-22172,-21631,-21090,-20549,-20008,-19467,-18926,-18385,-17844,-17303,-16762,-16221,-15680,-15139,-14598,-14057,-13516,-12975,-12434,-11893,-11352,-10811,-10270,-9729,-9188,-8647,-8106,-7565,-7024,-6483,-5942,-5401,-4869,-4860,-4319,-3778,-3237,-2696,-2155,-1614,-1073,-532
10,551,1092,1633,2174,2715,3256,3797,4338,4879,5420,5961,6502,7043,7584,8125,8666,9207,9748,10289,10830,11371,11912,12453,12994,13535,14076,14617,15158,15699,16240,16781,17322,17863,18404,18945,19486,20027,20568,21109,21650,22191,22732,23273,23814,24355,24896,25437,25978,26519,27060,27601,28142,28683,29224,29765,30306,30847,31388,31929,32470,33011,33552,34093,34634,35175,35716,36257,36798,37339,37880,38421,38962,39503,40044,40585,41126,41667,42208,42749,43290,43831,44372,44913,45454,45995,46536,47077,47618,48159,48700,49241,49782,50323,50864,51405,51946,52487,53028,53569,54110,54651,55192,55733,56274,56815,57356,57897,58438,58979,59520,60061,60602,61143,61684,62225,62766,63307,63848,64389,64930,65471,66012,66553,67094,67635,68176,68717,69258,69799,70340,70881,71422,71963,72504,73045,73586,74127,74668,75209,75750,76291,76832,77373,77914,78455,78996,79537,80078,80619,81160,81701,82242,82783,83324,83865,84406,84947,85488,86029,86570,87111,87652,88193,88734,89275,89816,90357,90898,91439,91980,92521,93062,93603,94144,94685,95226,95767,96308,96849,97390,97931,98472,99013,99554,100095,100636,101177,101718,102259,102800,103341,103882,104423,104964,105505,106046,106587,107128,107669,108210,108751,109292,109833,110374,110915,111456,111997,112538,113079,113620,114161,114702,115243,115784,116325,116866,117407,117948,118489,119030,119571,120112,120653,121194,121735,122276,122817,123358,123899,124440,124981,125522,126063,126604,127145,127686,128227,128768,129309,129850,130391,130932,131473,132014,132555,133096,133637,134178,134719,135260,135801,136342,136883,137424,137965,138506,139047,139588,140129,140670,141211,141752,142293,142834,143375,143916,144457,144998,145539,146080,-146060,-145519,-144978,-144437,-143896,-143355,-142814,-142273,-141732,-141191,-140650,-140109,-139568,-139027,-138486,-137945,-137404,-136863,-136322,-135781,-135240,-134699,-134158,-133617,-133076,-132535,-131994,-131453,-130912,-130371,-129830,-129289,-128748,-128207,-127666,-127125,-126584,-126043,-125502,-124961,-124420,-123879,-123338,-122797,-122256,-121715,-121174,-120633,-120092,-119551,-119010,-118469,-117928,-117387,-116846,-116305,-115764,-115223,-114682,-114141,-113600,-113059,-112518,-111977,-111436,-110895,-110354,-109813,-109272,-108731,-108190,-107649,-107108,-106567,-106026,-105485,-104944,-104403,-103862,-103321,-102780,-102239,-101698,-101157,-100616,-100075,-99534,-98993,-98452,-97911,-97370,-96829,-96288,-95747,-95206,-94665,-94124,-93583,-93042,-92501,-91960,-91419,-90878,-90337,-89796,-89255,-88714,-88173,-87632,-87091,-86550,-86009,-85468,-84927,-84386,-83845,-83304,-82763,-82222,-81681,-81140,-80599,-80058,-79517,-78976,-78435,-77894,-77353,-76812,-76271,-75730,-75189,-74648,-74107,-73566,-73025,-72484,-71943,-71402,-70861,-70320,-69779,-69238,-68697,-68156,-67615,-67074,-66533,-65992,-65451,-64910,-64369,-63828,-63287,-62746,-62205,-61664,-61123,-60582,-60041,-59500,-58959,-58418,-57877,-57336,-56795,-56254,-55713,-55172,-54631,-54090,-53549,-53008,-52467,-51926,-51385,-50844,-50303,-49762,-49221,-48680,-48139,-47598,-47057,-46516,-45975,-45434,-44893,-44352,-43811,-43270,-42729,-42188,-41647,-41106,-40565,-40024,-39483,-38942,-38401,-37860,-37319,-36778,-36237,-35696,-35155,-34614,-34073,-33532,-32991,-32450,-31909,-31368,-30827,-30286,-29745,-29204,-28663,-28122,-27581,-27040,-26499,-25958,-25417,-24876,-24335,-23794,-23253,-22712,-22171,-21630,-21089,-20548,-20007,-19466,-18925,-18384,-17843,-17302,-16761,-16220,-15679,-15138,-14597,-14056,-13515,-12974,-12433,-11892,-11351,-10810,-10269,-9728,-9187,-8646,-8105,-7564,-7023,-6482,-5941,-5410,-5400,-4859,-4318,-3777,-3236,-2695,-2154,-1613,-1072,-531
11,552,1093,1634,2175,2716,3257,3798,4339,4880,5421,5962,6503,7044,7585,8126,8667,9208,9749,10290,10831,11372,11913,12454,12995,13536,14077,14618,15159,15700,16241,16782,17323,17864,18405,18946,19487,20028,20569,21110,21651,22192,22733,23274,23815,24356,24897,25438,25979,26520,27061,27602,28143,28684,29225,29766,30307,30848,31389,31930,32471,33012,33553,34094,34635,35176,35717,36258,36799,37340,37881,38422,38963,39504,40045,40586,41127,41668,42209,42750,43291,43832,44373,44914,45455,45996,46537,47078,47619,48160,48701,49242,49783,50324,50865,51406,51947,52488,53029,53570,54111,54652,55193,55734,56275,56816,57357,57898,58439,58980,59521,60062,60603,61144,61685,62226,62767,63308,63849,64390,64931,65472,66013,66554,67095,67636,68177,68718,69259,69800,70341,70882,71423,71964,72505,73046,73587,74128,74669,75210,75751,76292,76833,77374,77915,78456,78997,79538,80079,80620,81161,81702,82243,82784,83325,83866,84407,84948,85489,86030,86571,87112,87653,88194,88735,89276,89817,90358,90899,91440,91981,92522,93063,93604,94145,94686,95227,95768,96309,96850,97391,97932,98473,99014,99555,100096,100637,101178,101719,102260,102801,103342,103883,104424,104965,105506,106047,106588,107129,107670,108211,108752,109293,109834,110375,110916,111457,111998,112539,113080,113621,114162,114703,115244,115785,116326,116867,117408,117949,118490,119031,119572,120113,120654,121195,121736,122277,122818,123359,123900,124441,124982,125523,126064,126605,127146,127687,128228,128769,129310,129851,130392,130933,131474,132015,132556,133097,133638,134179,134720,135261,135802,136343,136884,137425,137966,138507,139048,139589,140130,140671,141212,141753,142294,142835,143376,143917,144458,144999,145540,146081,-146059,-145518,-144977,-144436,-143895,-143354,-142813,-142272,-141731,-141190,-140649,-140108,-139567,-139026,-138485,-137944,-137403,-136862,-136321,-135780,-135239,-134698,-134157,-133616,-133075,-132534,-131993,-131452,-130911,-130370,-129829,-129288,-128747,-128206,-127665,-127124,-126583,-126042,-125501,-124960,-124419,-123878,-123337,-122796,-122255,-121714,-121173,-120632,-120091,-119550,-119009,-118468,-117927,-117386,-116845,-116304,-115763,-115222,-114681,-114140,-113599,-113058,-112517,-111976,-111435,-110894,-110353,-109812,-109271,-108730,-108189,-107648,-107107,-106566,-106025,-105484,-104943,-104402,-103861,-103320,-102779,-102238,-101697,-101156,-100615,-100074,-99533,-98992,-98451,-97910,-97369,-96828,-96287,-95746,-95205,-94664,-94123,-93582,-93041,-92500,-91959,-91418,-90877,-90336,-89795,-89254,-88713,-88172,-87631,-87090,-86549,-86008,-85467,-84926,-84385,-83844,-83303,-82762,-82221,-81680,-81139,-80598,-80057,-79516,-78975,-78434,-77893,-77352,-76811,-76270,-75729,-75188,-74647,-74106,-73565,-73024,-72483,-71942,-71401,-70860,-70319,-69778,-69237,-68696,-68155,-67614,-67073,-66532,-65991,-65450,-64909,-64368,-63827,-63286,-62745,-62204,-61663,-61122,-60581,-60040,-59499,-58958,-58417,-57876,-57335,-56794,-56253,-55712,-55171,-54630,-54089,-53548,-53007,-52466,-51925,-51384,-50843,-50302,-49761,-49220,-48679,-48138,-47597,-47056,-46515,-45974,-45433,-44892,-44351,-43810,-43269,-42728,-42187,-41646,-41105,-40564,-40023,-39482,-38941,-38400,-37859,-37318,-36777,-36236,-35695,-35154,-34613,-34072,-33531,-32990,-32449,-31908,-31367,-30826,-30285,-29744,-29203,-28662,-28121,-27580,-27039,-26498,-25957,-25416,-24875,-24334,-23793,-23252,-22711,-22170,-21629,-21088,-20547,-20006,-19465,-18924,-18383,-17842,-17301,-16760,-16219,-15678,-15137,-14596,-14055,-13514,-12973,-12432,-11891,-11350,-10809,-10268,-9727,-9186,-8645,-8104,-7563,-7022,-6481,-5951,-5940,-5399,-4858,-4317,-3776,-3235,-2694,-2153,-1612,-1071,-530
12,553,1094,1635,2176,2717,3258,3799,4340,4881,5422,5963,6504,7045,7586,8127,8668,9209,9750,10291,10832,11373,11914,12455,12996,13537,14078,14619,15160,15701,16242,16783,17324,17865,18406,18947,19488,20029,20570,21111,21652,22193,22734,23275,23816,24357,24898,25439,25980,26521,27062,27603,28144,28685,29226,29767,30308,30849,31390,31931,32472,33013,33554,34095,34636,35177,35718,36259,36800,37341,37882,38423,38964,39505,40046,40587,41128,41669,42210,42751,43292,43833,44374,44915,45456,45997,46538,47079,47620,48161,48702,49243,49784,50325,50866,51407,51948,52489,53030,53571,54112,54653,55194,55735,56276,56817,57358,57899,58440,58981,59522,60063,60604,61145,61686,62227,62768,63309,63850,64391,64932,65473,66014,66555,67096,67637,68178,68719,69260,69801,70342,70883,71424,71965,72506,73047,73588,74129,74670,75211,75752,76293,76834,77375,77916,78457,78998,79539,80080,80621,81162,81703,82244,82785,83326,83867,84408,84949,85490,86031,86572,87113,87654,88195,88736,89277,89818,90359,90900,91441,91982,92523,93064,93605,94146,94687,95228,95769,96310,96851,97392,97933,98474,99015,99556,100097,100638,101179,101720,102261,102802,103343,103884,104425,104966,105507,106048,106589,107130,107671,108212,108753,109294,109835,110376,110917,111458,111999,112540,113081,113622,114163,114704,115245,115786,116327,116868,117409,117950,118491,119032,119573,120114,120655,121196,121737,122278,122819,123360,123901,124442,124983,125524,126065,126606,127147,127688,128229,128770,129311,129852,130393,130934,131475,132016,132557,133098,133639,134180,134721,135262,135803,136344,136885,137426,137967,138508,139049,139590,140131,140672,141213,141754,142295,142836,143377,143918,144459,145000,145541,146082,-146058,-145517,-144976,-144435,-143894,-143353,-142812,-142271,-141730,-141189,-140648,-140107,-139566,-139025,-138484,-137943,-137402,-136861,-136320,-135779,-135238,-134697,-134156,-133615,-133074,-132533,-131992,-131451,-130910,-130369,-129828,-129287,-128746,-128205,-127664,-127123,-126582,-126041,-125500,-124959,-124418,-123877,-123336,-122795,-122254,-121713,-121172,-120631,-120090,-119549,-119008,-118467,-117926,-117385,-116844,-116303,-115762,-115221,-114680,-114139,-113598,-113057,-112516,-111975,-111434,-110893,-110352,-109811,-109270,-108729,-108188,-107647,-107106,-106565,-106024,-105483,-104942,-104401,-103860,-103319,-102778,-102237,-101696,-101155,-100614,-100073,-99532,-98991,-98450,-97909,-97368,-96827,-96286,-95745,-95204,-94663,-94122,-93581,-93040,-92499,-91958,-91417,-90876,-90335,-89794,-89253,-88712,-88171,-87630,-87089,-86548,-86007,-85466,-84925,-84384,-83843,-83302,-82761,-82220,-81679,-81138,-80597,-80056,-79515,-78974,-78433,-77892,-77351,-76810,-76269,-75728,-75187,-74646,-74105,-73564,-73023,-72482,-71941,-71400,-70859,-70318,-69777,-69236,-68695,-68154,-67613,-67072,-66531,-65990,-65449,-64908,-64367,-63826,-63285,-62744,-62203,-61662,-61121,-60580,-60039,-59498,-58957,-58416,-57875,-57334,-56793,-56252,-55711,-55170,-54629,-54088,-53547,-53006,-52465,-51924,-51383,-50842,-50301,-49760,-49219,-48678,-48137,-47596,-47055,-46514,-45973,-45432,-44891,-44350,-43809,-43268,-42727,-42186,-41645,-41104,-40563,-40022,-39481,-38940,-38399,-37858,-37317,-36776,-36235,-35694,-35153,-34612,-34071,-33530,-32989,-32448,-31907,-31366,-30825,-30284,-29743,-29202,-28661,-28120,-27579,-27038,-26497,-25956,-25415,-24874,-24333,-23792,-23251,-22710,-22169,-21628,-21087,-20546,-20005,-19464,-18923,-18382,-17841,-17300,-16759,-16218,-15677,-15136,-14595,-14054,-13513,-12972,-12431,-11890,-11349,-10808,-10267,-9726,-9185,-8644,-8103,-7562,-7021,-6492,-6480,-5939,-5398,-4857,-4316,-3775,-3234,-2693,-2152,-1611,-1070,-529
13,554,1095,1636,2177,2718,3259,3800,4341,4882,5423,5964,6505,7046,7587,8128,8669,9210,9751,10292,10833,11374,11915,12456,12997,13538,14079,14620,15161,15702,16243,16784,17325,17866,18407,18948,19489,20030,20571,21112,21653,22194,22735,23276,23817,24358,24899,25440,25981,26522,27063,27604,28145,28686,29227,29768,30309,30850,31391,31932,32473,33014,33555,34096,34637,35178,35719,36260,36801,37342,37883,38424,38965,39506,40047,40588,41129,41670,42211,42752,43293,43834,44375,44916,45457,45998,46539,47080,47621,48162,48703,49244,49785,50326,50867,51408,51949,52490,53031,53572,54113,54654,55195,55736,56277,56818,57359,57900,58441,58982,59523,60064,60605,61146,61687,62228,62769,63310,63851,64392,64933,65474,66015,66556,67097,67638,68179,68720,69261,69802,70343,70884,71425,71966,72507,73048,73589,74130,74671,75212,75753,76294,76835,77376,77917,78458,78999,79540,80081,80622,81163,81704,82245,82786,83327,83868,84409,84950,85491,86032,86573,87114,87655,88196,88737,89278,89819,90360,90901,91442,91983,92524,93065,93606,94147,94688,95229,95770,96311,96852,97393,97934,98475,99016,99557,100098,100639,101180,101721,102262,102803,103344,103885,104426,104967,105508,106049,106590,107131,107672,108213,108754,109295,109836,110377,110918,111459,112000,112541,113082,113623,114164,114705,115246,115787,116328,116869,117410,117951,118492,119033,119574,120115,120656,121197,121738,122279,122820,123361,123902,124443,124984,125525,126066,126607,127148,127689,128230,128771,129312,129853,130394,130935,131476,132017,132558,133099,133640,134181,134722,135263,135804,136345,136886,137427,137968,138509,139050,139591,140132,140673,141214,141755,142296,142837,143378,143919,144460,145001,145542,146083,-146057,-145516,-144975,-144434,-143893,-143352,-142811,-142270,-141729,-141188,-140647,-140106,-139565,-139024,-138483,-137942,-137401,-136860,-136319,-135778,-135237,-134696,-134155,-133614,-133073,-132532,-131991,-131450,-130909,-130368,-129827,-129286,-128745,-128204,-127663,-127122,-126581,-126040,-125499,-124958,-124417,-123876,-123335,-122794,-122253,-121712,-121171,-120630,-120089,-119548,-119007,-118466,-117925,-117384,-116843,-116302,-115761,-115220,-114679,-114138,-113597,-113056,-112515,-111974,-111433,-110892,-110351,-109810,-109269,-108728,-108187,-107646,-107105,-106564,-106023,-105482,-104941,-104400,-103859,-103318,-102777,-102236,-101695,-101154,-100613,-100072,-99531,-98990,-98449,-97908,-97367,-96826,-96285,-95744,-95203,-94662,-94121,-93580,-93039,-92498,-91957,-91416,-90875,-90334,-89793,-89252,-88711,-88170,-87629,-87088,-86547,-86006,-85465,-84924,-84383,-83842,-83301,-82760,-82219,-81678,-81137,-80596,-80055,-79514,-78973,-78432,-77891,-77350,-76809,-76268,-75727,-75186,-74645,-74104,-73563,-73022,-72481,-71940,-71399,-70858,-70317,-69776,-69235,-68694,-68153,-67612,-67071,-66530,-65989,-65448,-64907,-64366,-63825,-63284,-62743,-62202,-61661,-61120,-60579,-60038,-59497,-58956,-58415,-57874,-57333,-56792,-56251,-55710,-55169,-54628,-54087,-53546,-53005,-52464,-51923,-51382,-50841,-50300,-49759,-49218,-48677,-48136,-47595,-47054,-46513,-45972,-45431,-44890,-44349,-43808,-43267,-42726,-42185,-41644,-41103,-40562,-40021,-39480,-38939,-38398,-37857,-37316,-36775,-36234,-35693,-35152,-34611,-34070,-33529,-32988,-32447,-31906,-31365,-30824,-30283,-29742,-29201,-28660,-28119,-27578,-27037,-26496,-25955,-25414,-24873,-24332,-23791,-23250,-22709,-22168,-21627,-21086,-20545,-20004,-19463,-18922,-18381,-17840,-17299,-16758,-16217,-15676,-15135,-14594,-14053,-13512,-12971,-12430,-11889,-11348,-10807,-10266,-9725,-9184,-8643,-8102,-7561,-7033,-7020,-6479,-5938,-5397,-4856,-4315,-3774,-3233,-2692,-2151,-1610,-1069,-528
14,555,1096,1637,2178,2719,3260,3801,4342,4883,5424,5965,6506,7047,7588,8129,8670,9211,9752,10293,10834,11375,11916,12457,12998,13539,14080,14621,15162,15703,16244,16785,17326,17867,18408,18949,19490,20031,20572,21113,21654,22195,22736,23277,23818,24359,24900,25441,25982,26523,27064,27605,28146,28687,29228,29769,30310,30851,31392,31933,32474,33015,33556,34097,34638,35179,35720,36261,36802,37343,37884,38425,38966,39507,40048,40589,41130,41671,42212,42753,43294,43835,44376,44917,45458,45999,46540,47081,47622,48163,48704,49245,49786,50327,50868,51409,51950,52491,53032,53573,54114,54655,55196,55737,56278,56819,57360,57901,58442,58983,59524,60065,60606,61147,61688,62229,62770,63311,63852,64393,64934,65475,66016,66557,67098,67639,68180,68721,69262,69803,70344,70885,71426,71967,72508,73049,73590,74131,74672,75213,75754,76295,76836,77377,77918,78459,79000,79541,80082,80623,81164,81705,82246,82787,83328,83869,84410,84951,85492,86033,86574,87115,87656,88197,88738,89279,89820,90361,90902,91443,91984,92525,93066,93607,94148,94689,95230,95771,96312,96853,97394,97935,98476,99017,99558,100099,100640,101181,101722,102263,102804,103345,103886,104427,104968,105509,106050,106591,107132,107673,108214,108755,109296,109837,110378,110919,111460,112001,112542,113083,113624,114165,114706,115247,115788,116329,116870,117411,117952,118493,119034,119575,120116,120657,121198,121739,122280,122821,123362,123903,124444,124985,125526,126067,126608,127149,127690,128231,128772,129313,129854,130395,130936,131477,132018,132559,133100,133641,134182,134723,135264,135805,136346,136887,137428,137969,138510,139051,139592,140133,140674,141215,141756,142297,142838,143379,143920,144461,145002,145543,146084,-146056,-145515,-144974,-144433,-143892,-143351,-142810,-142269,-141728,-141187,-140646,-140105,-139564,-139023,-138482,-137941,-137400,-136859,-136318,-135777,-135236,-134695,-134154,-133613,-133072,-132531,-131990,-131449,-130908,-130367,-129826,-129285,-128744,-128203,-127662,-127121,-126580,-126039,-125498,-124957,-124416,-123875,-123334,-122793,-122252,-121711,-121170,-120629,-120088,-119547,-119006,-118465,-117924,-117383,-116842,-116301,-115760,-115219,-114678,-114137,-113596,-113055,-112514,-111973,-111432,-110891,-110350,-109809,-109268,-108727,-108186,-107645,-107104,-106563,-106022,-105481,-104940,-104399,-103858,-103317,-102776,-102235,-101694,-101153,-100612,-100071,-99530,-98989,-98448,-97907,-97366,-96825,-96284,-95743,-95202,-94661,-94120,-93579,-93038,-92497,-91956,-91415,-90874,-90333,-89792,-89251,-88710,-88169,-87628,-87087,-86546,-86005,-85464,-84923,-84382,-83841,-83300,-82759,-82218,-81677,-81136,-80595,-80054,-79513,-78972,-78431,-77890,-77349,-76808,-76267,-75726,-75185,-74644,-74103,-73562,-73021,-72480,-71939,-71398,-70857,-70316,-69775,-69234,-68693,-68152,-67611,-67070,-66529,-65988,-65447,-64906,-64365,-63824,-63283,-62742,-62201,-61660,-61119,-60578,-60037,-59496,-58955,-58414,-57873,-57332,-56791,-56250,-55709,-55168,-54627,-54086,-53545,-53004,-52463,-51922,-51381,-50840,-50299,-49758,-49217,-48676,-48135,-47594,-47053,-46512,-45971,-45430,-44889,-44348,-43807,-43266,-42725,-42184,-41643,-41102,-40561,-40020,-39479,-38938,-38397,-37856,-37315,-36774,-36233,-35692,-35151,-34610,-34069,-33528,-32987,-32446,-31905,-31364,-30823,-30282,-29741,-29200,-28659,-28118,-27577,-27036,-26495,-25954,-25413,-24872,-24331,-23790,-23249,-22708,-22167,-21626,-21085,-20544,-20003,-19462,-18921,-18380,-17839,-17298,-16757,-16216,-15675,-15134,-14593,-14052,-13511,-12970,-12429,-11888,-11347,-10806,-10265,-9724,-9183,-8642,-8101,-7574,-7560,-7019,-6478,-5937,-5396,-4855,-4314,-3773,-3232,-2691,-2150,-1609,-1068,-527
15,556,1097,1638,2179,2720,3261,3802,4343,4884,5425,5966,6507,7048,7589,8130,8671,9212,9753,10294,10835,11376,11917,12458,12999,13540,14081,14622,15163,15704,16245,16786,17327,17868,18409,18950,19491,20032,20573,21114,21655,22196,22737,23278,23819,24360,24901,25442,25983,26524,27065,27606,28147,28688,29229,29770,30311,30852,31393,31934,32475,33016,33557,34098,34639,35180,35721,36262,36803,37344,37885,38426,38967,39508,40049,40590,41131,41672,42213,42754,43295,43836,44377,44918,45459,46000,46541,47082,47623,48164,48705,49246,49787,50328,50869,51410,51951,52492,53033,53574,54115,54656,55197,55738,56279,56820,57361,57902,58443,58984,59525,60066,60607,61148,61689,62230,62771,63312,63853,64394,64935,65476,66017,66558,67099,67640,68181,68722,69263,69804,70345,70886,71427,71968,72509,73050,73591,74132,74673,75214,75755,76296,76837,77378,77919,78460,79001,79542,80083,80624,81165,81706,82247,82788,83329,83870,84411,84952,85493,86034,86575,87116,87657,88198,88739,89280,89821,90362,90903,91444,91985,92526,93067,93608,94149,94690,95231,95772,96313,96854,97395,97936,98477,99018,99559,100100,100641,101182,101723,102264,102805,103346,103887,104428,104969,105510,106051,106592,107133,107674,108215,108756,109297,109838,110379,110920,111461,112002,112543,113084,113625,114166,114707,115248,115789,116330,116871,117412,117953,118494,119035,119576,120117,120658,121199,121740,122281,122822,123363,123904,124445,124986,125527,126068,126609,127150,127691,128232,128773,129314,129855,130396,130937,131478,132019,132560,133101,133642,134183,134724,135265,135806,136347,136888,137429,137970,138511,139052,139593,140134,140675,141216,141757,142298,142839,143380,143921,144462,145003,145544,146085,-146055,-145514,-144973,-144432,-143891,-143350,-142809,-142268,-141727,-141186,-140645,-140104,-139563,-139022,-138481,-137940,-137399,-136858,-136317,-135776,-135235,-134694,-134153,-133612,-133071,-132530,-131989,-131448,-130907,-130366,-129825,-129284,-128743,-128202,-127661,-127120,-126579,-126038,-125497,-124956,-124415,-123874,-123333,-122792,-122251,-121710,-121169,-120628,-120087,-119546,-119005,-118464,-117923,-117382,-116841,-116300,-115759,-115218,-114677,-114136,-113595,-113054,-112513,-111972,-111431,-110890,-110349,-109808,-109267,-108726,-108185,-107644,-107103,-106562,-106021,-105480,-104939,-104398,-103857,-103316,-102775,-102234,-101693,-101152,-100611,-100070,-99529,-98988,-98447,-97906,-97365,-96824,-96283,-95742,-95201,-94660,-94119,-93578,-93037,-92496,-91955,-91414,-90873,-90332,-89791,-89250,-88709,-88168,-87627,-87086,-86545,-86004,-85463,-84922,-84381,-83840,-83299,-82758,-82217,-81676,-81135,-80594,-80053,-79512,-78971,-78430,-77889,-77348,-76807,-76266,-75725,-75184,-74643,-74102,-73561,-73020,-72479,-71938,-71397,-70856,-70315,-69774,-69233,-68692,-68151,-67610,-67069,-66528,-65987,-65446,-64905,-64364,-63823,-63282,-62741,-62200,-61659,-61118,-60577,-60036,-59495,-58954,-58413,-57872,-57331,-56790,-56249,-55708,-55167,-54626,-54085,-53544,-53003,-52462,-51921,-51380,-50839,-50298,-49757,-49216,-48675,-48134,-47593,-47052,-46511,-45970,-45429,-44888,-44347,-43806,-43265,-42724,-42183,-41642,-41101,-40560,-40019,-39478,-38937,-38396,-37855,-37314,-36773,-36232,-35691,-35150,-34609,-34068,-33527,-32986,-32445,-31904,-31363,-30822,-30281,-29740,-29199,-28658,-28117,-27576,-27035,-26494,-25953,-25412,-24871,-24330,-23789,-23248,-22707,-22166,-21625,-21084,-20543,-20002,-19461,-18920,-18379,-17838,-17297,-16756,-16215,-15674,-15133,-14592,-14051,-13510,-12969,-12428,-11887,-11346,-10805,-10264,-9723,-9182,-8641,-8115,-8100,-7559,-7018,-6477,-5936,-5395,-4854,-4313,-3772,-3231,-2690,-2149,-1608,-1067,-526
16,557,1098,1639,2180,2721,3262,3803,4344,4885,5426,5967,6508,7049,7590,8131,8672,9213,9754,10295,10836,11377,11918,12459,13000,13541,14082,14623,15164,15705,16246,16787,17328,17869,18410,18951,19492,20033,20574,21115,21656,22197,22738,23279,23820,24361,24902,25443,25984,26525,27066,27607,28148,28689,29230,29771,30312,30853,31394,31935,32476,33017,33558,34099,34640,35181,35722,36263,36804,37345,37886,38427,38968,39509,40050,40591,41132,41673,42214,42755,43296,43837,44378,44919,45460,46001,46542,47083,47624,48165,48706,49247,49788,50329,50870,51411,51952,52493,53034,53575,54116,54657,55198,55739,56280,56821,57362,57903,58444,58985,59526,60067,60608,61149,61690,62231,62772,63313,63854,64395,64936,65477,66018,66559,67100,67641,68182,68723,69264,69805,70346,70887,71428,71969,72510,73051,73592,74133,74674,75215,75756,76297,76838,77379,77920,78461,79002,79543,80084,80625,81166,81707,82248,82789,83330,83871,84412,84953,85494,86035,86576,87117,87658,88199,88740,89281,89822,90363,90904,91445,91986,92527,93068,93609,94150,94691,95232,95773,96314,96855,97396,97937,98478,99019,99560,100101,100642,101183,101724,102265,102806,103347,103888,104429,104970,105511,106052,106593,107134,107675,108216,108757,109298,109839,110380,110921,111462,112003,112544,113085,113626,114167,114708,115249,115790,116331,116872,117413,117954,118495,119036,119577,120118,120659,121200,121741,122282,122823,123364,123905,124446,124987,125528,126069,126610,127151,127692,128233,128774,129315,129856,130397,130938,131479,132020,132561,133102,133643,134184,134725,135266,135807,136348,136889,137430,137971,138512,139053,139594,140135,140676,141217,141758,142299,142840,143381,143922,144463,145004,145545,146086,-146054,-145513,-144972,-144431,-143890,-143349,-142808,-142267,-141726,-141185,-140644,-140103,-139562,-139021,-138480,-137939,-137398,-136857,-136316,-135775,-135234,-134693,-134152,-133611,-133070,-132529,-131988,-131447,-130906,-130365,-129824,-129283,-128742,-128201,-127660,-127119,-126578,-126037,-125496,-124955,-124414,-123873,-123332,-122791,-122250,-121709,-121168,-120627,-120086,-119545,-119004,-118463,-117922,-117381,-116840,-116299,-115758,-115217,-114676,-114135,-113594,-113053,-112512,-111971,-111430,-110889,-110348,-109807,-109266,-108725,-108184,-107643,-107102,-106561,-106020,-105479,-104938,-104397,-103856,-103315,-102774,-102233,-101692,-101151,-100610,-100069,-99528,-98987,-98446,-97905,-97364,-96823,-96282,-95741,-95200,-94659,-94118,-93577,-93036,-92495,-91954,-91413,-90872,-90331,-89790,-89249,-88708,-88167,-87626,-87085,-86544,-86003,-85462,-84921,-84380,-83839,-83298,-82757,-82216,-81675,-81134,-80593,-80052,-79511,-78970,-78429,-77888,-77347,-76806,-76265,-75724,-75183,-74642,-74101,-73560,-73019,-72478,-71937,-71396,-70855,-70314,-69773,-69232,-68691,-68150,-67609,-67068,-66527,-65986,-65445,-64904,-64363,-63822,-63281,-62740,-62199,-61658,-61117,-60576,-60035,-59494,-58953,-58412,-57871,-57330,-56789,-56248,-55707,-55166,-54625,-54084,-53543,-53002,-52461,-51920,-51379,-50838,-50297,-49756,-49215,-48674,-48133,-47592,-47051,-46510,-45969,-45428,-44887,-44346,-43805,-43264,-42723,-42182,-41641,-41100,-40559,-40018,-39477,-38936,-38395,-37854,-37313,-36772,-36231,-35690,-35149,-34608,-34067,-33526,-32985,-32444,-31903,-31362,-30821,-30280,-29739,-29198,-28657,-28116,-27575,-27034,-26493,-25952,-25411,-24870,-24329,-23788,-23247,-22706,-22165,-21624,-21083,-20542,-20001,-19460,-18919,-18378,-17837,-17296,-16755,-16214,-15673,-15132,-14591,-14050,-13509,-12968,-12427,-11886,-11345,-10804,-10263,-9722,-9181,-8656,-8640,-8099,-7558,-7017,-6476,-5935,-5394,-4853,-4312,-3771,-3230,-2689,-2148,-1607,-1066,-525
17,558,1099,1640,2181,2722,3263,3804,4345,4886,5427,5968,6509,7050,7591,8132,8673,9214,9755,10296,10837,11378,11919,12460,13001,13542,14083,14624,15165,15706,16247,16788,17329,17870,18411,18952,19493,20034,20575,21116,21657,22198,22739,23280,23821,24362,24903,25444,25985,26526,27067,27608,28149,28690,29231,29772,30313,30854,31395,31936,32477,33018,33559,34100,34641,35182,35723,36264,36805,37346,37887,38428,38969,39510,40051,40592,41133,41674,42215,42756,43297,43838,44379,44920,45461,46002,46543,47084,47625,48166,48707,49248,49789,50330,50871,51412,51953,52494,53035,53576,54117,54658,55199,55740,56281,56822,57363,57904,58445,58986,59527,60068,60609,61150,61691,62232,62773,63314,63855,64396,64937,65478,66019,66560,67101,67642,68183,68724,69265,69806,70347,70888,71429,71970,72511,73052,73593,74134,74675,75216,75757,76298,76839,77380,77921,78462,79003,79544,80085,80626,81167,81708,82249,82790,83331,83872,84413,84954,85495,86036,86577,87118,87659,88200,88741,89282,89823,90364,90905,91446,91987,92528,93069,93610,94151,94692,95233,95774,96315,96856,97397,97938,98479,99020,99561,100102,100643,101184,101725,102266,102807,103348,103889,104430,104971,105512,106053,106594,107135,107676,108217,108758,109299,109840,110381,110922,111463,112004,112545,113086,113627,114168,114709,115250,115791,116332,116873,117414,117955,118496,119037,119578,120119,120660,121201,121742,122283,122824,123365,123906,124447,124988,125529,126070,126611,127152,127693,128234,128775,129316,129857,130398,130939,131480,132021,132562,133103,133644,134185,134726,135267,135808,136349,136890,137431,137972,138513,139054,139595,140136,140677,141218,141759,142300,142841,143382,143923,144464,145005,145546,146087,-146053,-145512,-144971,-144430,-143889,-143348,-142807,-142266,-141725,-141184,-140643,-140102,-139561,-139020,-138479,-137938,-137397,-136856,-136315,-135774,-135233,-134692,-134151,-133610,-133069,-132528,-131987,-131446,-130905,-130364,-129823,-129282,-128741,-128200,-127659,-127118,-126577,-126036,-125495,-124954,-124413,-123872,-123331,-122790,-122249,-121708,-121167,-120626,-120085,-119544,-119003,-118462,-117921,-117380,-116839,-116298,-115757,-115216,-114675,-114134,-113593,-113052,-112511,-111970,-111429,-110888,-110347,-109806,-109265,-108724,-108183,-107642,-107101,-106560,-106019,-105478,-104937,-104396,-103855,-103314,-102773,-102232,-101691,-101150,-100609,-100068,-99527,-98986,-98445,-97904,-97363,-96822,-96281,-95740,-95199,-94658,-94117,-93576,-93035,-92494,-91953,-91412,-90871,-90330,-89789,-89248,-88707,-88166,-87625,-87084,-86543,-86002,-85461,-84920,-84379,-83838,-83297,-82756,-82215,-81674,-81133,-80592,-80051,-79510,-78969,-78428,-77887,-77346,-76805,-76264,-75723,-75182,-74641,-74100,-73559,-73018,-72477,-71936,-71395,-70854,-70313,-69772,-69231,-68690,-68149,-67608,-67067,-66526,-65985,-65444,-64903,-64362,-63821,-63280,-62739,-62198,-61657,-61116,-60575,-60034,-59493,-58952,-58411,-57870,-57329,-56788,-56247,-55706,-55165,-54624,-54083,-53542,-53001,-52460,-51919,-51378,-50837,-50296,-49755,-49214,-48673,-48132,-47591,-47050,-46509,-45968,-45427,-44886,-44345,-43804,-43263,-42722,-42181,-41640,-41099,-40558,-40017,-39476,-38935,-38394,-37853,-37312,-36771,-36230,-35689,-35148,-34607,-34066,-33525,-32984,-32443,-31902,-31361,-30820,-30279,-29738,-29197,-28656,-28115,-27574,-27033,-26492,-25951,-25410,-24869,-24328,-23787,-23246,-22705,-22164,-21623,-21082,-20541,-20000,-19459,-18918,-18377,-17836,-17295,-16754,-16213,-15672,-15131,-14590,-14049,-13508,-12967,-12426,-11885,-11344,-10803,-10262,-9721,-9197,-9180,-8639,-8098,-7557,-7016,-6475,-5934,-5393,-4852,-4311,-3770,-3229,-2688,-2147,-1606,-1065,-524
18,559,1100,1641,2182,2723,3264,3805,4346,4887,5428,5969,6510,7051,7592,8133,8674,9215,9756,10297,10838,11379,11920,12461,13002,13543,14084,14625,15166,15707,16248,16789,17330,17871,18412,18953,19494,20035,20576,21117,21658,22199,22740,23281,23822,24363,24904,25445,25986,26527,27068,27609,28150,28691,29232,29773,30314,30855,31396,31937,32478,33019,33560,34101,34642,35183,35724,36265,36806,37347,37888,38429,38970,39511,40052,40593,41134,41675,42216,42757,43298,43839,44380,44921,45462,46003,46544,47085,47626,48167,48708,49249,49790,50331,50872,51413,51954,52495,53036,53577,54118,54659,55200,55741,56282,56823,57364,57905,58446,58987,59528,60069,60610,61151,61692,62233,62774,63315,63856,64397,64938,65479,66020,66561,67102,67643,68184,68725,69266,69807,70348,70889,71430,71971,72512,73053,73594,74135,74676,75217,75758,76299,76840,77381,77922,78463,79004,79545,80086,80627,81168,81709,82250,82791,83332,83873,84414,84955,85496,86037,86578,87119,87660,88201,88742,89283,89824,90365,90906,91447,91988,92529,93070,93611,94152,94693,95234,95775,96316,96857,97398,97939,98480,99021,99562,100103,100644,101185,101726,102267,102808,103349,103890,104431,104972,105513,106054,106595,107136,107677,108218,108759,109300,109841,110382,110923,111464,112005,112546,113087,113628,114169,114710,115251,115792,116333,116874,117415,117956,118497,119038,119579,120120,120661,121202,121743,122284,122825,123366,123907,124448,124989,125530,126071,126612,127153,127694,128235,128776,129317,129858,130399,130940,131481,132022,132563,133104,133645,134186,134727,135268,135809,136350,136891,137432,137973,138514,139055,139596,140137,140678,141219,141760,142301,142842,143383,143924,144465,145006,145547,146088,-146052,-145511,-144970,-144429,-143888,-143347,-142806,-142265,-141724,-141183,-140642,-140101,-139560,-139019,-138478,-137937,-137396,-136855,-136314,-135773,-135232,-134691,-134150,-133609,-133068,-132527,-131986,-131445,-130904,-130363,-129822,-129281,-128740,-128199,-127658,-127117,-126576,-126035,-125494,-124953,-124412,-123871,-123330,-122789,-122248,-121707,-121166,-120625,-120084,-119543,-119002,-118461,-117920,-117379,-116838,-116297,-115756,-115215,-114674,-114133,-113592,-113051,-112510,-111969,-111428,-110887,-110346,-109805,-109264,-108723,-108182,-107641,-107100,-106559,-106018,-105477,-104936,-104395,-103854,-103313,-102772,-102231,-101690,-101149,-100608,-100067,-99526,-98985,-98444,-97903,-97362,-96821,-96280,-95739,-95198,-94657,-94116,-93575,-93034,-92493,-91952,-91411,-90870,-90329,-89788,-89247,-88706,-88165,-87624,-87083,-86542,-86001,-85460,-84919,-84378,-83837,-83296,-82755,-82214,-81673,-81132,-80591,-80050,-79509,-78968,-78427,-77886,-77345,-76804,-76263,-75722,-75181,-74640,-74099,-73558,-73017,-72476,-71935,-71394,-70853,-70312,-69771,-69230,-68689,-68148,-67607,-67066,-66525,-65984,-65443,-64902,-64361,-63820,-63279,-62738,-62197,-61656,-61115,-60574,-60033,-59492,-58951,-58410,-57869,-57328,-56787,-56246,-55705,-55164,-54623,-54082,-53541,-53000,-52459,-51918,-51377,-50836,-50295,-49754,-49213,-48672,-48131,-47590,-47049,-46508,-45967,-45426,-44885,-44344,-43803,-43262,-42721,-42180,-41639,-41098,-40557,-40016,-39475,-38934,-38393,-37852,-37311,-36770,-36229,-35688,-35147,-34606,-34065,-33524,-32983,-32442,-31901,-31360,-30819,-30278,-29737,-29196,-28655,-28114,-27573,-27032,-26491,-25950,-25409,-24868,-24327,-23786,-23245,-22704,-22163,-21622,-21081,-20540,-19999,-19458,-18917,-18376,-17835,-17294,-16753,-16212,-15671,-15130,-14589,-14048,-13507,-12966,-12425,-11884,-11343,-10802,-10261,-9738,-9720,-9179,-8638,-8097,-7556,-7015,-6474,-5933,-5392,-4851,-4310,-3769,-3228,-2687,-2146,-1605,-1064,-523
19,560,1101,1642,2183,2724,3265,3806,4347,4888,5429,5970,6511,7052,7593,8134,8675,9216,9757,10298,10839,11380,11921,12462,13003,13544,14085,14626,15167,15708,16249,16790,17331,17872,18413,18954,19495,20036,20577,21118,21659,22200,22741,23282,23823,24364,24905,25446,25987,26528,27069,27610,28151,28692,29233,29774,30315,30856,31397,31938,32479,33020,33561,34102,34643,35184,35725,36266,36807,37348,37889,38430,38971,39512,40053,40594,41135,41676,42217,42758,43299,43840,44381,44922,45463,46004,46545,47086,47627,48168,48709,49250,49791,50332,50873,51414,51955,52496,53037,53578,54119,54660,55201,55742,56283,56824,57365,57906,58447,58988,59529,60070,60611,61152,61693,62234,62775,63316,63857,64398,64939,65480,66021,66562,67103,67644,68185,68726,69267,69808,70349,70890,71431,71972,72513,73054,73595,74136,74677,75218,75759,76300,76841,77382,77923,78464,79005,79546,80087,80628,81169,81710,82251,82792,83333,83874,84415,84956,85497,86038,86579,87120,87661,88202,88743,89284,89825,90366,90907,91448,91989,92530,93071,93612,94153,94694,95235,95776,96317,96858,97399,97940,98481,99022,99563,100104,100645,101186,101727,102268,102809,103350,103891,104432,104973,105514,106055,106596,107137,107678,108219,108760,109301,109842,110383,110924,111465,112006,112547,113088,113629,114170,114711,115252,115793,116334,116875,117416,117957,118498,119039,119580,120121,120662,121203,121744,122285,122826,123367,123908,124449,124990,125531,126072,126613,127154,127695,128236,128777,129318,129859,130400,130941,131482,132023,132564,133105,133646,134187,134728,135269,135810,136351,136892,137433,137974,138515,139056,139597,140138,140679,141220,141761,142302,142843,143384,143925,144466,145007,145548,146089,-146051,-145510,-144969,-144428,-143887,-143346,-142805,-142264,-141723,-141182,-140641,-140100,-139559,-139018,-138477,-137936,-137395,-136854,-136313,-135772,-135231,-134690,-134149,-133608,-133067,-132526,-131985,-131444,-130903,-130362,-129821,-129280,-128739,-128198,-127657,-127116,-126575,-126034,-125493,-124952,-124411,-123870,-123329,-122788,-122247,-121706,-121165,-120624,-120083,-119542,-119001,-118460,-117919,-117378,-116837,-116296,-115755,-115214,-114673,-114132,-113591,-113050,-112509,-111968,-111427,-110886,-110345,-109804,-109263,-108722,-108181,-107640,-107099,-106558,-106017,-105476,-104935,-104394,-103853,-103312,-102771,-102230,-101689,-101148,-100607,-100066,-99525,-98984,-98443,-97902,-97361,-96820,-96279,-95738,-95197,-94656,-94115,-93574,-93033,-92492,-91951,-91410,-90869,-90328,-89787,-89246,-88705,-88164,-87623,-87082,-86541,-86000,-85459,-84918,-84377,-83836,-83295,-82754,-82213,-81672,-81131,-80590,-80049,-79508,-78967,-78426,-77885,-77344,-76803,-76262,-75721,-75180,-74639,-74098,-73557,-73016,-72475,-71934,-71393,-70852,-70311,-69770,-69229,-68688,-68147,-67606,-67065,-66524,-65983,-65442,-64901,-64360,-63819,-63278,-62737,-62196,-61655,-61114,-60573,-60032,-59491,-58950,-58409,-57868,-57327,-56786,-56245,-55704,-55163,-54622,-54081,-53540,-52999,-52458,-51917,-51376,-50835,-50294,-49753,-49212,-48671,-48130,-47589,-47048,-46507,-45966,-45425,-44884,-44343,-43802,-43261,-42720,-42179,-41638,-41097,-40556,-40015,-39474,-38933,-38392,-37851,-37310,-36769,-36228,-35687,-35146,-34605,-34064,-33523,-32982,-32441,-31900,-31359,-30818,-30277,-29736,-29195,-28654,-28113,-27572,-27031,-26490,-25949,-25408,-24867,-24326,-23785,-23244,-22703,-22162,-21621,-21080,-20539,-19998,-19457,-18916,-18375,-17834,-17293,-16752,-16211,-15670,-15129,-14588,-14047,-13506,-12965,-12424,-11883,-11342,-10801,-10279,-10260,-9719,-9178,-8637,-8096,-7555,-7014,-6473,-5932,-5391,-4850,-4309,-3768,-3227,-2686,-2145,-1604,-1063,-522
20,561,1102,1643,2184,2725,3266,3807,4348,4889,5430,5971,6512,7053,7594,8135,8676,9217,9758,10299,10840,11381,11922,12463,13004,13545,14086,14627,15168,15709,16250,16791,17332,17873,18414,18955,19496,20037,20578,21119,21660,22201,22742,23283,23824,24365,24906,25447,25988,26529,27070,27611,28152,28693,29234,29775,30316,30857,31398,31939,32480,33021,33562,34103,34644,35185,35726,36267,36808,37349,37890,38431,38972,39513,40054,40595,41136,41677,42218,42759,43300,43841,44382,44923,45464,46005,46546,47087,47628,48169,48710,49251,49792,50333,50874,51415,51956,52497,53038,53579,54120,54661,55202,55743,56284,56825,57366,57907,58448,58989,59530,60071,60612,61153,61694,62235,62776,63317,63858,64399,64940,65481,66022,66563,67104,67645,68186,68727,69268,69809,70350,70891,71432,71973,72514,73055,73596,74137,74678,75219,75760,76301,76842,77383,77924,78465,79006,79547,80088,80629,81170,81711,82252,82793,83334,83875,84416,84957,85498,86039,86580,87121,87662,88203,88744,89285,89826,90367,90908,91449,91990,92531,93072,93613,94154,94695,95236,95777,96318,96859,97400,97941,98482,99023,99564,100105,100646,101187,101728,102269,102810,103351,103892,104433,104974,105515,106056,106597,107138,107679,108220,108761,109302,109843,110384,110925,111466,112007,112548,113089,113630,114171,114712,115253,115794,116335,116876,117417,117958,118499,119040,119581,120122,120663,121204,121745,122286,122827,123368,123909,124450,124991,125532,126073,126614,127155,127696,128237,128778,129319,129860,130401,130942,131483,132024,132565,133106,133647,134188,134729,135270,135811,136352,136893,137434,137975,138516,139057,139598,140139,140680,141221,141762,142303,142844,143385,143926,144467,145008,145549,146090,-146050,-145509,-144968,-144427,-143886,-143345,-142804,-142263,-141722,-141181,-140640,-140099,-139558,-139017,-138476,-137935,-137394,-136853,-136312,-135771,-135230,-134689,-134148,-133607,-133066,-132525,-131984,-131443,-130902,-130361,-129820,-129279,-128738,-128197,-127656,-127115,-126574,-126033,-125492,-124951,-124410,-123869,-123328,-122787,-122246,-121705,-121164,-120623,-120082,-119541,-119000,-118459,-117918,-117377,-116836,-116295,-115754,-115213,-114672,-114131,-113590,-113049,-112508,-111967,-111426,-110885,-110344,-109803,-109262,-108721,-108180,-107639,-107098,-106557,-106016,-105475,-104934,-104393,-103852,-103311,-102770,-102229,-101688,-101147,-100606,-100065,-99524,-98983,-98442,-97901,-97360,-96819,-96278,-95737,-95196,-94655,-94114,-93573,-93032,-92491,-91950,-91409,-90868,-90327,-89786,-89245,-88704,-88163,-87622,-87081,-86540,-85999,-85458,-84917,-84376,-83835,-83294,-82753,-82212,-81671,-81130,-80589,-80048,-79507,-78966,-78425,-77884,-77343,-76802,-76261,-75720,-75179,-74638,-74097,-73556,-73015,-72474,-71933,-71392,-70851,-70310,-69769,-69228,-68687,-68146,-67605,-67064,-66523,-65982,-65441,-64900,-64359,-63818,-63277,-62736,-62195,-61654,-61113,-60572,-60031,-59490,-58949,-58408,-57867,-57326,-56785,-56244,-55703,-55162,-54621,-54080,-53539,-52998,-52457,-51916,-51375,-50834,-50293,-49752,-49211,-48670,-48129,-47588,-47047,-46506,-45965,-45424,-44883,-44342,-43801,-43260,-42719,-42178,-41637,-41096,-40555,-40014,-39473,-38932,-38391,-37850,-37309,-36768,-36227,-35686,-35145,-34604,-34063,-33522,-32981,-32440,-31899,-31358,-30817,-30276,-29735,-29194,-28653,-28112,-27571,-27030,-26489,-25948,-25407,-24866,-24325,-23784,-23243,-22702,-22161,-21620,-21079,-20538,-19997,-19456,-18915,-18374,-17833,-17292,-16751,-16210,-15669,-15128,-14587,-14046,-13505,-12964,-12423,-11882,-11341,-10820,-10800,-10259,-9718,-9177,-8636,-8095,-7554,-7013,-6472,-5931,-5390,-4849,-4308,-3767,-3226,-2685,-2144,-1603,-1062,-521
21,562,1103,1644,2185,2726,3267,3808,4349,4890,5431,5972,6513,7054,7595,8136,8677,9218,9759,10300,10841,11382,11923,12464,13005,13546,14087,14628,15169,15710,16251,16792,17333,17874,18415,18956,19497,20038,20579,21120,21661,22202,22743,23284,23825,24366,24907,25448,25989,26530,27071,27612,28153,28694,29235,29776,30317,30858,31399,31940,32481,33022,33563,34104,34645,35186,35727,36268,36809,37350,37891,38432,38973,39514,40055,40596,41137,41678,42219,42760,43301,43842,44383,44924,45465,46006,46547,47088,47629,48170,48711,49252,49793,50334,50875,51416,51957,52498,53039,53580,54121,54662,55203,55744,56285,56826,57367,57908,58449,58990,59531,60072,60613,61154,61695,62236,62777,63318,63859,64400,64941,65482,66023,66564,67105,67646,68187,68728,69269,69810,70351,70892,71433,71974,72515,73056,73597,74138,74679,75220,75761,76302,76843,77384,77925,78466,79007,79548,80089,80630,81171,81712,82253,82794,83335,83876,84417,84958,85499,86040,86581,87122,87663,88204,88745,89286,89827,90368,90909,91450,91991,92532,93073,93614,94155,94696,95237,95778,96319,96860,97401,97942,98483,99024,99565,100106,100647,101188,101729,102270,102811,103352,103893,104434,104975,105516,106057,106598,107139,107680,108221,108762,109303,109844,110385,110926,111467,112008,112549,113090,113631,114172,114713,115254,115795,116336,116877,117418,117959,118500,119041,119582,120123,120664,121205,121746,122287,122828,123369,123910,124451,124992,125533,126074,126615,127156,127697,128238,128779,129320,129861,130402,130943,131484,132025,132566,133107,133648,134189,134730,135271,135812,136353,136894,137435,137976,138517,139058,139599,140140,140681,141222,141763,142304,142845,143386,143927,144468,145009,145550,146091,-146049,-145508,-144967,-144426,-143885,-143344,-142803,-142262,-141721,-141180,-140639,-140098,-139557,-139016,-138475,-137934,-137393,-136852,-136311,-135770,-135229,-134688,-134147,-133606,-133065,-132524,-131983,-131442,-130901,-130360,-129819,-129278,-128737,-128196,-127655,-127114,-126573,-126032,-125491,-124950,-124409,-123868,-123327,-122786,-122245,-121704,-121163,-120622,-120081,-119540,-118999,-118458,-117917,-117376,-116835,-116294,-115753,-115212,-114671,-114130,-113589,-113048,-112507,-111966,-111425,-110884,-110343,-109802,-109261,-108720,-108179,-107638,-107097,-106556,-106015,-105474,-104933,-104392,-103851,-103310,-102769,-102228,-101687,-101146,-100605,-100064,-99523,-98982,-98441,-97900,-97359,-96818,-96277,-95736,-95195,-94654,-94113,-93572,-93031,-92490,-91949,-91408,-90867,-90326,-89785,-89244,-88703,-88162,-87621,-87080,-86539,-85998,-85457,-84916,-84375,-83834,-83293,-82752,-82211,-81670,-81129,-80588,-80047,-79506,-78965,-78424,-77883,-77342,-76801,-76260,-75719,-75178,-74637,-74096,-73555,-73014,-72473,-71932,-71391,-70850,-70309,-69768,-69227,-68686,-68145,-67604,-67063,-66522,-65981,-65440,-64899,-64358,-63817,-63276,-62735,-62194,-61653,-61112,-60571,-60030,-59489,-58948,-58407,-57866,-57325,-56784,-56243,-55702,-55161,-54620,-54079,-53538,-52997,-52456,-51915,-51374,-50833,-50292,-49751,-49210,-48669,-48128,-47587,-47046,-46505,-45964,-45423,-44882,-44341,-43800,-43259,-42718,-42177,-41636,-41095,-40554,-40013,-39472,-38931,-38390,-37849,-37308,-36767,-36226,-35685,-35144,-34603,-34062,-33521,-32980,-32439,-31898,-31357,-30816,-30275,-29734,-29193,-28652,-28111,-27570,-27029,-26488,-25947,-25406,-24865,-24324,-23783,-23242,-22701,-22160,-21619,-21078,-20537,-19996,-19455,-18914,-18373,-17832,-17291,-16750,-16209,-15668,-15127,-14586,-14045,-13504,-12963,-12422,-11881,-11361,-11340,-10799,-10258,-9717,-9176,-8635,-8094,-7553,-7012,-6471,-5930,-5389,-4848,-4307,-3766,-3225,-2684,-2143,-1602,-1061,-520
22,563,1104,1645,2186,2727,3268,3809,4350,4891,5432,5973,6514,7055,7596,8137,8678,9219,9760,10301,10842,11383,11924,12465,13006,13547,14088,14629,15170,15711,16252,16793,17334,17875,18416,18957,19498,20039,20580,21121,21662,22203,22744,23285,23826,24367,24908,25449,25990,26531,27072,27613,28154,28695,29236,29777,30318,30859,31400,31941,32482,33023,33564,34105,34646,35187,35728,36269,36810,37351,37892,38433,38974,39515,40056,40597,41138,41679,42220,42761,43302,43843,44384,44925,45466,46007,46548,47089,47630,48171,48712,49253,49794,50335,50876,51417,51958,52499,53040,53581,54122,54663,55204,55745,56286,56827,57368,57909,58450,58991,59532,60073,60614,61155,61696,62237,62778,63319,63860,64401,64942,65483,66024,66565,67106,67647,68188,68729,69270,69811,70352,70893,71434,71975,72516,73057,73598,74139,74680,75221,75762,76303,76844,77385,77926,78467,79008,79549,80090,80631,81172,81713,82254,82795,83336,83877,84418,84959,85500,86041,86582,87123,87664,88205,88746,89287,89828,90369,90910,91451,91992,92533,93074,93615,94156,94697,95238,95779,96320,96861,97402,97943,98484,99025,99566,100107,100648,101189,101730,102271,102812,103353,103894,104435,104976,105517,106058,106599,107140,107681,108222,108763,109304,109845,110386,110927,111468,112009,112550,113091,113632,114173,114714,115255,115796,116337,116878,117419,117960,118501,119042,119583,120124,120665,121206,121747,122288,122829,123370,123911,124452,124993,125534,126075,126616,127157,127698,128239,128780,129321,129862,130403,130944,131485,132026,132567,133108,133649,134190,134731,135272,135813,136354,136895,137436,137977,138518,139059,139600,140141,140682,141223,141764,142305,142846,143387,143928,144469,145010,145551,146092,-146048,-145507,-144966,-144425,-143884,-143343,-142802,-142261,-141720,-141179,-140638,-140097,-139556,-139015,-138474,-137933,-137392,-136851,-136310,-135769,-135228,-134687,-134146,-133605,-133064,-132523,-131982,-131441,-130900,-130359,-129818,-129277,-128736,-128195,-127654,-127113,-126572,-126031,-125490,-124949,-124408,-123867,-123326,-122785,-122244,-121703,-121162,-120621,-120080,-119539,-118998,-118457,-117916,-117375,-116834,-116293,-115752,-115211,-114670,-114129,-113588,-113047,-112506,-111965,-111424,-110883,-110342,-109801,-109260,-108719,-108178,-107637,-107096,-106555,-106014,-105473,-104932,-104391,-103850,-103309,-102768,-102227,-101686,-101145,-100604,-100063,-99522,-98981,-98440,-97899,-97358,-96817,-96276,-95735,-95194,-94653,-94112,-93571,-93030,-92489,-91948,-91407,-90866,-90325,-89784,-89243,-88702,-88161,-87620,-87079,-86538,-85997,-85456,-84915,-84374,-83833,-83292,-82751,-82210,-81669,-81128,-80587,-80046,-79505,-78964,-78423,-77882,-77341,-76800,-76259,-75718,-75177,-74636,-74095,-73554,-73013,-72472,-71931,-71390,-70849,-70308,-69767,-69226,-68685,-68144,-67603,-67062,-66521,-65980,-65439,-64898,-64357,-63816,-63275,-62734,-62193,-61652,-61111,-60570,-60029,-59488,-58947,-58406,-57865,-57324,-56783,-56242,-55701,-55160,-54619,-54078,-53537,-52996,-52455,-51914,-51373,-50832,-50291,-49750,-49209,-48668,-48127,-47586,-47045,-46504,-45963,-45422,-44881,-44340,-43799,-43258,-42717,-42176,-41635,-41094,-40553,-40012,-39471,-38930,-38389,-37848,-37307,-36766,-36225,-35684,-35143,-34602,-34061,-33520,-32979,-32438,-31897,-31356,-30815,-30274,-29733,-29192,-28651,-28110,-27569,-27028,-26487,-25946,-25405,-24864,-24323,-23782,-23241,-22700,-22159,-21618,-21077,-20536,-19995,-19454,-18913,-18372,-17831,-17290,-16749,-16208,-15667,-15126,-14585,-14044,-13503,-12962,-12421,-11902,-11880,-11339,-10798,-10257,-9716,-9175,-8634,-8093,-7552,-7011,-6470,-5929,-5388,-4847,-4306,-3765,-3224,-2683,-2142,-1601,-1060,-519
23,564,1105,1646,2187,2728,3269,3810,4351,4892,5433,5974,6515,7056,7597,8138,8679,9220,9761,10302,10843,11384,11925,12466,13007,13548,14089,14630,15171,15712,16253,16794,17335,17876,18417,18958,19499,20040,20581,21122,21663,22204,22745,23286,23827,24368,24909,25450,25991,26532,27073,27614,28155,28696,29237,29778,30319,30860,31401,31942,32483,33024,33565,34106,34647,35188,35729,36270,36811,37352,37893,38434,38975,39516,40057,40598,41139,41680,42221,42762,43303,43844,44385,44926,45467,46008,46549,47090,47631,48172,48713,49254,49795,50336,50877,51418,51959,52500,53041,53582,54123,54664,55205,55746,56287,56828,57369,57910,58451,58992,59533,60074,60615,61156,61697,62238,62779,63320,63861,64402,64943,65484,66025,66566,67107,67648,68189,68730,69271,69812,70353,70894,71435,71976,72517,73058,73599,74140,74681,75222,75763,76304,76845,77386,77927,78468,79009,79550,80091,80632,81173,81714,82255,82796,83337,83878,84419,84960,85501,86042,86583,87124,87665,88206,88747,89288,89829,90370,90911,91452,91993,92534,93075,93616,94157,94698,95239,95780,96321,96862,97403,97944,98485,99026,99567,100108,100649,101190,101731,102272,102813,103354,103895,104436,104977,105518,106059,106600,107141,107682,108223,108764,109305,109846,110387,110928,111469,112010,112551,113092,113633,114174,114715,115256,115797,116338,116879,117420,117961,118502,119043,119584,120125,120666,121207,121748,122289,122830,123371,123912,124453,124994,125535,126076,126617,127158,127699,128240,128781,129322,129863,130404,130945,131486,132027,132568,133109,133650,134191,134732,135273,135814,136355,136896,137437,137978,138519,139060,139601,140142,140683,141224,141765,142306,142847,143388,143929,144470,145011,145552,146093,-146047,-145506,-144965,-144424,-143883,-143342,-142801,-142260,-141719,-141178,-140637,-140096,-139555,-139014,-138473,-137932,-137391,-136850,-136309,-135768,-135227,-134686,-134145,-133604,-133063,-132522,-131981,-131440,-130899,-130358,-129817,-129276,-128735,-128194,-127653,-127112,-126571,-126030,-125489,-124948,-124407,-123866,-123325,-122784,-122243,-121702,-121161,-120620,-120079,-119538,-118997,-118456,-117915,-117374,-116833,-116292,-115751,-115210,-114669,-114128,-113587,-113046,-112505,-111964,-111423,-110882,-110341,-109800,-109259,-108718,-108177,-107636,-107095,-106554,-106013,-105472,-104931,-104390,-103849,-103308,-102767,-102226,-101685,-101144,-100603,-100062,-99521,-98980,-98439,-97898,-97357,-96816,-96275,-95734,-95193,-94652,-94111,-93570,-93029,-92488,-91947,-91406,-90865,-90324,-89783,-89242,-88701,-88160,-87619,-87078,-86537,-85996,-85455,-84914,-84373,-83832,-83291,-82750,-82209,-81668,-81127,-80586,-80045,-79504,-78963,-78422,-77881,-77340,-76799,-76258,-75717,-75176,-74635,-74094,-73553,-73012,-72471,-71930,-71389,-70848,-70307,-69766,-69225,-68684,-68143,-67602,-67061,-66520,-65979,-65438,-64897,-64356,-63815,-63274,-62733,-62192,-61651,-61110,-60569,-60028,-59487,-58946,-58405,-57864,-57323,-56782,-56241,-55700,-55159,-54618,-54077,-53536,-52995,-52454,-51913,-51372,-50831,-50290,-49749,-49208,-48667,-48126,-47585,-47044,-46503,-45962,-45421,-44880,-44339,-43798,-43257,-42716,-42175,-41634,-41093,-40552,-40011,-39470,-38929,-38388,-37847,-37306,-36765,-36224,-35683,-35142,-34601,-34060,-33519,-32978,-32437,-31896,-31355,-30814,-30273,-29732,-29191,-28650,-28109,-27568,-27027,-26486,-25945,-25404,-24863,-24322,-23781,-23240,-22699,-22158,-21617,-21076,-20535,-19994,-19453,-18912,-18371,-17830,-17289,-16748,-16207,-15666,-15125,-14584,-14043,-13502,-12961,-12443,-12420,-11879,-11338,-10797,-10256,-9715,-9174,-8633,-8092,-7551,-7010,-6469,-5928,-5387,-4846,-4305,-3764,-3223,-2682,-2141,-1600,-1059,-518
24,565,1106,1647,2188,2729,3270,3811,4352,4893,5434,5975,6516,7057,7598,8139,8680,9221,9762,10303,10844,11385,11926,12467,13008,13549,14090,14631,15172,15713,16254,16795,17336,17877,18418,18959,19500,20041,20582,21123,21664,22205,22746,23287,23828,24369,24910,25451,25992,26533,27074,27615,28156,28697,29238,29779,30320,30861,31402,31943,32484,33025,33566,34107,34648,35189,35730,36271,36812,37353,37894,38435,38976,39517,40058,40599,41140,41681,42222,42763,43304,43845,44386,44927,45468,46009,46550,47091,47632,48173,48714,49255,49796,50337,50878,51419,51960,52501,53042,53583,54124,54665,55206,55747,56288,56829,57370,57911,58452,58993,59534,60075,60616,61157,61698,62239,62780,63321,63862,64403,64944,65485,66026,66567,67108,67649,68190,68731,69272,69813,70354,70895,71436,71977,72518,73059,73600,74141,74682,75223,75764,76305,76846,77387,77928,78469,79010,79551,80092,80633,81174,81715,82256,82797,83338,83879,84420,84961,85502,86043,86584,87125,87666,88207,88748,89289,89830,90371,90912,91453,91994,92535,93076,93617,94158,94699,95240,95781,96322,96863,97404,97945,98486,99027,99568,100109,100650,101191,101732,102273,102814,103355,103896,104437,104978,105519,106060,106601,107142,107683,108224,108765,109306,109847,110388,110929,111470,112011,112552,113093,113634,114175,114716,115257,115798,116339,116880,117421,117962,118503,119044,119585,120126,120667,121208,121749,122290,122831,123372,123913,124454,124995,125536,126077,126618,127159,127700,128241,128782,129323,129864,130405,130946,131487,132028,132569,133110,133651,134192,134733,135274,135815,136356,136897,137438,137979,138520,139061,139602,140143,140684,141225,141766,142307,142848,143389,143930,144471,145012,145553,146094,-146046,-145505,-144964,-144423,-143882,-143341,-142800,-142259,-141718,-141177,-140636,-140095,-139554,-139013,-138472,-137931,-137390,-136849,-136308,-135767,-135226,-134685,-134144,-133603,-133062,-132521,-131980,-131439,-130898,-130357,-129816,-129275,-128734,-128193,-127652,-127111,-126570,-126029,-125488,-124947,-124406,-123865,-123324,-122783,-122242,-121701,-121160,-120619,-120078,-119537,-118996,-118455,-117914,-117373,-116832,-116291,-115750,-115209,-114668,-114127,-113586,-113045,-112504,-111963,-111422,-110881,-110340,-109799,-109258,-108717,-108176,-107635,-107094,-106553,-106012,-105471,-104930,-104389,-103848,-103307,-102766,-102225,-101684,-101143,-100602,-100061,-99520,-98979,-98438,-97897,-97356,-96815,-96274,-95733,-95192,-94651,-94110,-93569,-93028,-92487,-91946,-91405,-90864,-90323,-89782,-89241,-88700,-88159,-87618,-87077,-86536,-85995,-85454,-84913,-84372,-83831,-83290,-82749,-82208,-81667,-81126,-80585,-80044,-79503,-78962,-78421,-77880,-77339,-76798,-76257,-75716,-75175,-74634,-74093,-73552,-73011,-72470,-71929,-71388,-70847,-70306,-69765,-69224,-68683,-68142,-67601,-67060,-66519,-65978,-65437,-64896,-64355,-63814,-63273,-62732,-62191,-61650,-61109,-60568,-60027,-59486,-58945,-58404,-57863,-57322,-56781,-56240,-55699,-55158,-54617,-54076,-53535,-52994,-52453,-51912,-51371,-50830,-50289,-49748,-49207,-48666,-48125,-47584,-47043,-46502,-45961,-45420,-44879,-44338,-43797,-43256,-42715,-42174,-41633,-41092,-40551,-40010,-39469,-38928,-38387,-37846,-37305,-36764,-36223,-35682,-35141,-34600,-34059,-33518,-32977,-32436,-31895,-31354,-30813,-30272,-29731,-29190,-28649,-28108,-27567,-27026,-26485,-25944,-25403,-24862,-24321,-23780,-23239,-22698,-22157,-21616,-21075,-20534,-19993,-19452,-18911,-18370,-17829,-17288,-16747,-16206,-15665,-15124,-14583,-14042,-13501,-12984,-12960,-12419,-11878,-11337,-10796,-10255,-9714,-9173,-8632,-8091,-7550,-7009,-6468,-5927,-5386,-4845,-4304,-3763,-3222,-2681,-2140,-1599,-1058,-517
25,566,1107,1648,2189,2730,3271,3812,4353,4894,5435,5976,6517,7058,7599,8140,8681,9222,9763,10304,10845,11386,11927,12468,13009,13550,14091,14632,15173,15714,16255,16796,17337,17878,18419,18960,19501,20042,20583,21124,21665,22206,22747,23288,23829,24370,24911,25452,25993,26534,27075,27616,28157,28698,29239,29780,30321,30862,31403,31944,32485,33026,33567,34108,34649,35190,35731,36272,36813,37354,37895,38436,38977,39518,40059,40600,41141,41682,42223,42764,43305,43846,44387,44928,45469,46010,46551,47092,47633,48174,48715,49256,49797,50338,50879,51420,51961,52502,53043,53584,54125,54666,55207,55748,56289,56830,57371,57912,58453,58994,59535,60076,60617,61158,61699,62240,62781,63322,63863,64404,64945,65486,66027,66568,67109,67650,68191,68732,69273,69814,70355,70896,71437,71978,72519,73060,73601,74142,74683,75224,75765,76306,76847,77388,77929,78470,79011,79552,80093,80634,81175,81716,82257,82798,83339,83880,84421,84962,85503,86044,86585,87126,87667,88208,88749,89290,89831,90372,90913,91454,91995,92536,93077,93618,94159,94700,95241,95782,96323,96864,97405,97946,98487,99028,99569,100110,100651,101192,101733,102274,102815,103356,103897,104438,104979,105520,106061,106602,107143,107684,108225,108766,109307,109848,110389,110930,111471,112012,112553,113094,113635,114176,114717,115258,115799,116340,116881,117422,117963,118504,119045,119586,120127,120668,121209,121750,122291,122832,123373,123914,124455,124996,125537,126078,126619,127160,127701,128242,128783,129324,129865,130406,130947,131488,132029,132570,133111,133652,134193,134734,135275,135816,136357,136898,137439,137980,138521,139062,139603,140144,140685,141226,141767,142308,142849,143390,143931,144472,145013,145554,146095,-146045,-145504,-144963,-144422,-143881,-143340,-142799,-142258,-141717,-141176,-140635,-140094,-139553,-139012,-138471,-137930,-137389,-136848,-136307,-135766,-135225,-134684,-134143,-133602,-133061,-132520,-131979,-131438,-130897,-130356,-129815,-129274,-128733,-128192,-127651,-127110,-126569,-126028,-125487,-124946,-124405,-123864,-123323,-122782,-122241,-121700,-121159,-120618,-120077,-119536,-118995,-118454,-117913,-117372,-116831,-116290,-115749,-115208,-114667,-114126,-113585,-113044,-112503,-111962,-111421,-110880,-110339,-109798,-109257,-108716,-108175,-107634,-107093,-106552,-106011,-105470,-104929,-104388,-103847,-103306,-102765,-102224,-101683,-101142,-100601,-100060,-99519,-98978,-98437,-97896,-97355,-96814,-96273,-95732,-95191,-94650,-94109,-93568,-93027,-92486,-91945,-91404,-90863,-90322,-89781,-89240,-88699,-88158,-87617,-87076,-86535,-85994,-85453,-84912,-84371,-83830,-83289,-82748,-82207,-81666,-81125,-80584,-80043,-79502,-78961,-78420,-77879,-77338,-76797,-76256,-75715,-75174,-74633,-74092,-73551,-73010,-72469,-71928,-71387,-70846,-70305,-69764,-69223,-68682,-68141,-67600,-67059,-66518,-65977,-65436,-64895,-64354,-63813,-63272,-62731,-62190,-61649,-61108,-60567,-60026,-59485,-58944,-58403,-57862,-57321,-56780,-56239,-55698,-55157,-54616,-54075,-53534,-52993,-52452,-51911,-51370,-50829,-50288,-49747,-49206,-48665,-48124,-47583,-47042,-46501,-45960,-45419,-44878,-44337,-43796,-43255,-42714,-42173,-41632,-41091,-40550,-40009,-39468,-38927,-38386,-37845,-37304,-36763,-36222,-35681,-35140,-34599,-34058,-33517,-32976,-32435,-31894,-31353,-30812,-30271,-29730,-29189,-28648,-28107,-27566,-27025,-26484,-25943,-25402,-24861,-24320,-23779,-23238,-22697,-22156,-21615,-21074,-20533,-19992,-19451,-18910,-18369,-17828,-17287,-16746,-16205,-15664,-15123,-14582,-14041,-13525,-13500,-12959,-12418,-11877,-11336,-10795,-10254,-9713,-9172,-8631,-8090,-7549,-7008,-6467,-5926,-5385,-4844,-4303,-3762,-3221,-2680,-2139,-1598,-1057,-516
26,567,1108,1649,2190,2731,3272,3813,4354,4895,5436,5977,6518,7059,7600,8141,8682,9223,9764,10305,10846,11387,11928,12469,13010,13551,14092,14633,15174,15715,16256,16797,17338,17879,18420,18961,19502,20043,20584,21125,21666,22207,22748,23289,23830,24371,24912,25453,25994,26535,27076,27617,28158,28699,29240,29781,30322,30863,31404,31945,32486,33027,33568,34109,34650,35191,35732,36273,36814,37355,37896,38437,38978,39519,40060,40601,41142,41683,42224,42765,43306,43847,44388,44929,45470,46011,46552,47093,47634,48175,48716,49257,49798,50339,50880,51421,51962,52503,53044,53585,54126,54667,55208,55749,56290,56831,57372,57913,58454,58995,59536,60077,60618,61159,61700,62241,62782,63323,63864,64405,64946,65487,66028,66569,67110,67651,68192,68733,69274,69815,70356,70897,71438,71979,72520,73061,73602,74143,74684,75225,75766,76307,76848,77389,77930,78471,79012,79553,80094,80635,81176,81717,82258,82799,83340,83881,84422,84963,85504,86045,86586,87127,87668,88209,88750,89291,89832,90373,90914,91455,91996,92537,93078,93619,94160,94701,95242,95783,96324,96865,97406,97947,98488,99029,99570,100111,100652,101193,101734,102275,102816,103357,103898,104439,104980,105521,106062,106603,107144,107685,108226,108767,109308,109849,110390,110931,111472,112013,112554,113095,113636,114177,114718,115259,115800,116341,116882,117423,117964,118505,119046,119587,120128,120669,121210,121751,122292,122833,123374,123915,124456,124997,125538,126079,126620,127161,127702,128243,128784,129325,129866,130407,130948,131489,132030,132571,133112,133653,134194,134735,135276,135817,136358,136899,137440,137981,138522,139063,139604,140145,140686,141227,141768,142309,142850,143391,143932,144473,145014,145555,146096,-146044,-145503,-144962,-144421,-143880,-143339,-142798,-142257,-141716,-141175,-140634,-140093,-139552,-139011,-138470,-137929,-137388,-136847,-136306,-135765,-135224,-134683,-134142,-133601,-133060,-132519,-131978,-131437,-130896,-130355,-129814,-129273,-128732,-128191,-127650,-127109,-126568,-126027,-125486,-124945,-124404,-123863,-123322,-122781,-122240,-121699,-121158,-120617,-120076,-119535,-118994,-118453,-117912,-117371,-116830,-116289,-115748,-115207,-114666,-114125,-113584,-113043,-112502,-111961,-111420,-110879,-110338,-109797,-109256,-108715,-108174,-107633,-107092,-106551,-106010,-105469,-104928,-104387,-103846,-103305,-102764,-102223,-101682,-101141,-100600,-100059,-99518,-98977,-98436,-97895,-97354,-96813,-96272,-95731,-95190,-94649,-94108,-93567,-93026,-92485,-91944,-91403,-90862,-90321,-89780,-89239,-88698,-88157,-87616,-87075,-86534,-85993,-85452,-84911,-84370,-83829,-83288,-82747,-82206,-81665,-81124,-80583,-80042,-79501,-78960,-78419,-77878,-77337,-76796,-76255,-75714,-75173,-74632,-74091,-73550,-73009,-72468,-71927,-71386,-70845,-70304,-69763,-69222,-68681,-68140,-67599,-67058,-66517,-65976,-65435,-64894,-64353,-63812,-63271,-62730,-62189,-61648,-61107,-60566,-60025,-59484,-58943,-58402,-57861,-57320,-56779,-56238,-55697,-55156,-54615,-54074,-53533,-52992,-52451,-51910,-51369,-50828,-50287,-49746,-49205,-48664,-48123,-47582,-47041,-46500,-45959,-45418,-44877,-44336,-43795,-43254,-42713,-42172,-41631,-41090,-40549,-40008,-39467,-38926,-38385,-37844,-37303,-36762,-36221,-35680,-35139,-34598,-34057,-33516,-32975,-32434,-31893,-31352,-30811,-30270,-29729,-29188,-28647,-28106,-27565,-27024,-26483,-25942,-25401,-24860,-24319,-23778,-23237,-22696,-22155,-21614,-21073,-20532,-19991,-19450,-18909,-18368,-17827,-17286,-16745,-16204,-15663,-15122,-14581,-14066,-14040,-13499,-12958,-12417,-11876,-11335,-10794,-10253,-9712,-9171,-8630,-8089,-7548,-7007,-6466,-5925,-5384,-4843,-4302,-3761,-3220,-2679,-2138,-1597,-1056,-515
27,568,1109,1650,2191,2732,3273,3814,4355,4896,5437,5978,6519,7060,7601,8142,8683,9224,9765,10306,10847,11388,11929,12470,13011,13552,14093,14634,15175,15716,16257,16798,17339,17880,18421,18962,19503,20044,20585,21126,21667,22208,22749,23290,23831,24372,24913,25454,25995,26536,27077,27618,28159,28700,29241,29782,30323,30864,31405,31946,32487,33028,33569,34110,34651,35192,35733,36274,36815,37356,37897,38438,38979,39520,40061,40602,41143,41684,42225,42766,43307,43848,44389,44930,45471,46012,46553,47094,47635,48176,48717,49258,49799,50340,50881,51422,51963,52504,53045,53586,54127,54668,55209,55750,56291,56832,57373,57914,58455,58996,59537,60078,60619,61160,61701,62242,62783,63324,63865,64406,64947,65488,66029,66570,67111,67652,68193,68734,69275,69816,70357,70898,71439,71980,72521,73062,73603,74144,74685,75226,75767,76308,76849,77390,77931,78472,79013,79554,80095,80636,81177,81718,82259,82800,83341,83882,84423,84964,85505,86046,86587,87128,87669,88210,88751,89292,89833,90374,90915,91456,91997,92538,93079,93620,94161,94702,95243,95784,96325,96866,97407,97948,98489,99030,99571,100112,100653,101194,101735,102276,102817,103358,103899,104440,104981,105522,106063,106604,107145,107686,108227,108768,109309,109850,110391,110932,111473,112014,112555,113096,113637,114178,114719,115260,115801,116342,116883,117424,117965,118506,119047,119588,120129,120670,121211,121752,122293,122834,123375,123916,124457,124998,125539,126080,126621,127162,127703,128244,128785,129326,129867,130408,130949,131490,132031,132572,133113,133654,134195,134736,135277,135818,136359,136900,137441,137982,138523,139064,139605,140146,140687,141228,141769,142310,142851,143392,143933,144474,145015,145556,146097,-146043,-145502,-144961,-144420,-143879,-143338,-142797,-142256,-141715,-141174,-140633,-140092,-139551,-139010,-138469,-137928,-137387,-136846,-136305,-135764,-135223,-134682,-134141,-133600,-133059,-132518,-131977,-131436,-130895,-130354,-129813,-129272,-128731,-128190,-127649,-127108,-126567,-126026,-125485,-124944,-124403,-123862,-123321,-122780,-122239,-121698,-121157,-120616,-120075,-119534,-118993,-118452,-117911,-117370,-116829,-116288,-115747,-115206,-114665,-114124,-113583,-113042,-112501,-111960,-111419,-110878,-110337,-109796,-109255,-108714,-108173,-107632,-107091,-106550,-106009,-105468,-104927,-104386,-103845,-103304,-102763,-102222,-101681,-101140,-100599,-100058,-99517,-98976,-98435,-97894,-97353,-96812,-96271,-95730,-95189,-94648,-94107,-93566,-93025,-92484,-91943,-91402,-90861,-90320,-89779,-89238,-88697,-88156,-87615,-87074,-86533,-85992,-85451,-84910,-84369,-83828,-83287,-82746,-82205,-81664,-81123,-80582,-80041,-79500,-78959,-78418,-77877,-77336,-76795,-76254,-75713,-75172,-74631,-74090,-73549,-73008,-72467,-71926,-71385,-70844,-70303,-69762,-69221,-68680,-68139,-67598,-67057,-66516,-65975,-65434,-64893,-64352,-63811,-63270,-62729,-62188,-61647,-61106,-60565,-60024,-59483,-58942,-58401,-57860,-57319,-56778,-56237,-55696,-55155,-54614,-54073,-53532,-52991,-52450,-51909,-51368,-50827,-50286,-49745,-49204,-48663,-48122,-47581,-47040,-46499,-45958,-45417,-44876,-44335,-43794,-43253,-42712,-42171,-41630,-41089,-40548,-40007,-39466,-38925,-38384,-37843,-37302,-36761,-36220,-35679,-35138,-34597,-34056,-33515,-32974,-32433,-31892,-31351,-30810,-30269,-29728,-29187,-28646,-28105,-27564,-27023,-26482,-25941,-25400,-24859,-24318,-23777,-23236,-22695,-22154,-21613,-21072,-20531,-19990,-19449,-18908,-18367,-17826,-17285,-16744,-16203,-15662,-15121,-14607,-14580,-14039,-13498,-12957,-12416,-11875,-11334,-10793,-10252,-9711,-9170,-8629,-8088,-7547,-7006,-6465,-5924,-5383,-4842,-4301,-3760,-3219,-2678,-2137,-1596,-1055,-514
28,569,1110,1651,2192,2733,3274,3815,4356,4897,5438,5979,6520,7061,7602,8143,8684,9225,9766,10307,10848,11389,11930,12471,13012,13553,14094,14635,15176,15717,16258,16799,17340,17881,18422,18963,19504,20045,20586,21127,21668,22209,22750,23291,23832,24373,24914,25455,25996,26537,27078,27619,28160,28701,29242,29783,30324,30865,31406,31947,32488,33029,33570,34111,34652,35193,35734,36275,36816,37357,37898,38439,38980,39521,40062,40603,41144,41685,42226,42767,43308,43849,44390,44931,45472,46013,46554,47095,47636,48177,48718,49259,49800,50341,50882,51423,51964,52505,53046,53587,54128,54669,55210,55751,56292,56833,57374,57915,58456,58997,59538,60079,60620,61161,61702,62243,62784,63325,63866,64407,64948,65489,66030,66571,67112,67653,68194,68735,69276,69817,70358,70899,71440,71981,72522,73063,73604,74145,74686,75227,75768,76309,76850,77391,77932,78473,79014,79555,80096,80637,81178,81719,82260,82801,83342,83883,84424,84965,85506,86047,86588,87129,87670,88211,88752,89293,89834,90375,90916,91457,91998,92539,93080,93621,94162,94703,95244,95785,96326,96867,97408,97949,98490,99031,99572,100113,100654,101195,101736,102277,102818,103359,103900,104441,104982,105523,106064,106605,107146,107687,108228,108769,109310,109851,110392,110933,111474,112015,112556,113097,113638,114179,114720,115261,115802,116343,116884,117425,117966,118507,119048,119589,120130,120671,121212,121753,122294,122835,123376,123917,124458,124999,125540,126081,126622,127163,127704,128245,128786,129327,129868,130409,130950,131491,132032,132573,133114,133655,134196,134737,135278,135819,136360,136901,137442,137983,138524,139065,139606,140147,140688,141229,141770,142311,142852,143393,143934,144475,145016,145557,146098,-146042,-145501,-144960,-144419,-143878,-143337,-142796,-142255,-141714,-141173,-140632,-140091,-139550,-139009,-138468,-137927,-137386,-136845,-136304,-135763,-135222,-134681,-134140,-133599,-133058,-132517,-131976,-131435,-130894,-130353,-129812,-129271,-128730,-128189,-127648,-127107,-126566,-126025,-125484,-124943,-124402,-123861,-123320,-122779,-122238,-121697,-121156,-120615,-120074,-119533,-118992,-118451,-117910,-117369,-116828,-116287,-115746,-115205,-114664,-114123,-113582,-113041,-112500,-111959,-111418,-110877,-110336,-109795,-109254,-108713,-108172,-107631,-107090,-106549,-106008,-105467,-104926,-104385,-103844,-103303,-102762,-102221,-101680,-101139,-100598,-100057,-99516,-98975,-98434,-97893,-97352,-96811,-96270,-95729,-95188,-94647,-94106,-93565,-93024,-92483,-91942,-91401,-90860,-90319,-89778,-89237,-88696,-88155,-87614,-87073,-86532,-85991,-85450,-84909,-84368,-83827,-83286,-82745,-82204,-81663,-81122,-80581,-80040,-79499,-78958,-78417,-77876,-77335,-76794,-76253,-75712,-75171,-74630,-74089,-73548,-73007,-72466,-71925,-71384,-70843,-70302,-69761,-69220,-68679,-68138,-67597,-67056,-66515,-65974,-65433,-64892,-64351,-63810,-63269,-62728,-62187,-61646,-61105,-60564,-60023,-59482,-58941,-58400,-57859,-57318,-56777,-56236,-55695,-55154,-54613,-54072,-53531,-52990,-52449,-51908,-51367,-50826,-50285,-49744,-49203,-48662,-48121,-47580,-47039,-46498,-45957,-45416,-44875,-44334,-43793,-43252,-42711,-42170,-41629,-41088,-40547,-40006,-39465,-38924,-38383,-37842,-37301,-36760,-36219,-35678,-35137,-34596,-34055,-33514,-32973,-32432,-31891,-31350,-30809,-30268,-29727,-29186,-28645,-28104,-27563,-27022,-26481,-25940,-25399,-24858,-24317,-23776,-23235,-22694,-22153,-21612,-21071,-20530,-19989,-19448,-18907,-18366,-17825,-17284,-16743,-16202,-15661,-15148,-15120,-14579,-14038,-13497,-12956,-12415,-11874,-11333,-10792,-10251,-9710,-9169,-8628,-8087,-7546,-7005,-6464,-5923,-5382,-4841,-4300,-3759,-3218,-2677,-2136,-1595,-1054,-513
29,570,1111,1652,2193,2734,3275,3816,4357,4898,5439,5980,6521,7062,7603,8144,8685,9226,9767,10308,10849,11390,11931,12472,13013,13554,14095,14636,15177,15718,16259,16800,17341,17882,18423,18964,19505,20046,20587,21128,21669,22210,22751,23292,23833,24374,24915,25456,25997,26538,27079,27620,28161,28702,29243,29784,30325,30866,31407,31948,32489,33030,33571,34112,34653,35194,35735,36276,36817,37358,37899,38440,38981,39522,40063,40604,41145,41686,42227,42768,43309,43850,44391,44932,45473,46014,46555,47096,47637,48178,48719,49260,49801,50342,50883,51424,51965,52506,53047,53588,54129,54670,55211,55752,56293,56834,57375,57916,58457,58998,59539,60080,60621,61162,61703,62244,62785,63326,63867,64408,64949,65490,66031,66572,67113,67654,68195,68736,69277,69818,70359,70900,71441,71982,72523,73064,73605,74146,74687,75228,75769,76310,76851,77392,77933,78474,79015,79556,80097,80638,81179,81720,82261,82802,83343,83884,84425,84966,85507,86048,86589,87130,87671,88212,88753,89294,89835,90376,90917,91458,91999,92540,93081,93622,94163,94704,95245,95786,96327,96868,97409,97950,98491,99032,99573,100114,100655,101196,101737,102278,102819,103360,103901,104442,104983,105524,106065,106606,107147,107688,108229,108770,109311,109852,110393,110934,111475,112016,112557,113098,113639,114180,114721,115262,115803,116344,116885,117426,117967,118508,119049,119590,120131,120672,121213,121754,122295,122836,123377,123918,124459,125000,125541,126082,126623,127164,127705,128246,128787,129328,129869,130410,130951,131492,132033,132574,133115,133656,134197,134738,135279,135820,136361,136902,137443,137984,138525,139066,139607,140148,140689,141230,141771,142312,142853,143394,143935,144476,145017,145558,146099,-146041,-145500,-144959,-144418,-143877,-143336,-142795,-142254,-141713,-141172,-140631,-140090,-139549,-139008,-138467,-137926,-137385,-136844,-136303,-135762,-135221,-134680,-134139,-133598,-133057,-132516,-131975,-131434,-130893,-130352,-129811,-129270,-128729,-128188,-127647,-127106,-126565,-126024,-125483,-124942,-124401,-123860,-123319,-122778,-122237,-121696,-121155,-120614,-120073,-119532,-118991,-118450,-117909,-117368,-116827,-116286,-115745,-115204,-114663,-114122,-113581,-113040,-112499,-111958,-111417,-110876,-110335,-109794,-109253,-108712,-108171,-107630,-107089,-106548,-106007,-105466,-104925,-104384,-103843,-103302,-102761,-102220,-101679,-101138,-100597,-100056,-99515,-98974,-98433,-97892,-97351,-96810,-96269,-95728,-95187,-94646,-94105,-93564,-93023,-92482,-91941,-91400,-90859,-90318,-89777,-89236,-88695,-88154,-87613,-87072,-86531,-85990,-85449,-84908,-84367,-83826,-83285,-82744,-82203,-81662,-81121,-80580,-80039,-79498,-78957,-78416,-77875,-77334,-76793,-76252,-75711,-75170,-74629,-74088,-73547,-73006,-72465,-71924,-71383,-70842,-70301,-69760,-69219,-68678,-68137,-67596,-67055,-66514,-65973,-65432,-64891,-64350,-63809,-63268,-62727,-62186,-61645,-61104,-60563,-60022,-59481,-58940,-58399,-57858,-57317,-56776,-56235,-55694,-55153,-54612,-54071,-53530,-52989,-52448,-51907,-51366,-50825,-50284,-49743,-49202,-48661,-48120,-47579,-47038,-46497,-45956,-45415,-44874,-44333,-43792,-43251,-42710,-42169,-41628,-41087,-40546,-40005,-39464,-38923,-38382,-37841,-37300,-36759,-36218,-35677,-35136,-34595,-34054,-33513,-32972,-32431,-31890,-31349,-30808,-30267,-29726,-29185,-28644,-28103,-27562,-27021,-26480,-25939,-25398,-24857,-24316,-23775,-23234,-22693,-22152,-21611,-21070,-20529,-19988,-19447,-18906,-18365,-17824,-17283,-16742,-16201,-15689,-15660,-15119,-14578,-14037,-13496,-12955,-12414,-11873,-11332,-10791,-10250,-9709,-9168,-8627,-8086,-7545,-7004,-6463,-5922,-5381,-4840,-4299,-3758,-3217,-2676,-2135,-1594,-1053,-512
30,571,1112,1653,2194,2735,3276,3817,4358,4899,5440,5981,6522,7063,7604,8145,8686,9227,9768,10309,10850,11391,11932,12473,13014,13555,14096,14637,15178,15719,16260,16801,17342,17883,18424,18965,19506,20047,20588,21129,21670,22211,22752,23293,23834,24375,24916,25457,25998,26539,27080,27621,28162,28703,29244,29785,30326,30867,31408,31949,32490,33031,33572,34113,34654,35195,35736,36277,36818,37359,37900,38441,38982,39523,40064,40605,41146,41687,42228,42769,43310,43851,44392,44933,45474,46015,46556,47097,47638,48179,48720,49261,49802,50343,50884,51425,51966,52507,53048,53589,54130,54671,55212,55753,56294,56835,57376,57917,58458,58999,59540,60081,60622,61163,61704,62245,62786,63327,63868,64409,64950,65491,66032,66573,67114,67655,68196,68737,69278,69819,70360,70901,71442,71983,72524,73065,73606,74147,74688,75229,75770,76311,76852,77393,77934,78475,79016,79557,80098,80639,81180,81721,82262,82803,83344,83885,84426,84967,85508,86049,86590,87131,87672,88213,88754,89295,89836,90377,90918,91459,92000,92541,93082,93623,94164,94705,95246,95787,96328,96869,97410,97951,98492,99033,99574,100115,100656,101197,101738,102279,102820,103361,103902,104443,104984,105525,106066,106607,107148,107689,108230,108771,109312,109853,110394,110935,111476,112017,112558,113099,113640,114181,114722,115263,115804,116345,116886,117427,117968,118509,119050,119591,120132,120673,121214,121755,122296,122837,123378,123919,124460,125001,125542,126083,126624,127165,127706,128247,128788,129329,129870,130411,130952,131493,132034,132575,133116,133657,134198,134739,135280,135821,136362,136903,137444,137985,138526,139067,139608,140149,140690,141231,141772,142313,142854,143395,143936,144477,145018,145559,146100,-146040,-145499,-144958,-144417,-143876,-143335,-142794,-142253,-141712,-141171,-140630,-140089,-139548,-139007,-138466,-137925,-137384,-136843,-136302,-135761,-135220,-134679,-134138,-133597,-133056,-132515,-131974,-131433,-130892,-130351,-129810,-129269,-128728,-128187,-127646,-127105,-126564,-126023,-125482,-124941,-124400,-123859,-123318,-122777,-122236,-121695,-121154,-120613,-120072,-119531,-118990,-118449,-117908,-117367,-116826,-116285,-115744,-115203,-114662,-114121,-113580,-113039,-112498,-111957,-111416,-110875,-110334,-109793,-109252,-108711,-108170,-107629,-107088,-106547,-106006,-105465,-104924,-104383,-103842,-103301,-102760,-102219,-101678,-101137,-100596,-100055,-99514,-98973,-98432,-97891,-97350,-96809,-96268,-95727,-95186,-94645,-94104,-93563,-93022,-92481,-91940,-91399,-90858,-90317,-89776,-89235,-88694,-88153,-87612,-87071,-86530,-85989,-85448,-84907,-84366,-83825,-83284,-82743,-82202,-81661,-81120,-80579,-80038,-79497,-78956,-78415,-77874,-77333,-76792,-76251,-75710,-75169,-74628,-74087,-73546,-73005,-72464,-71923,-71382,-70841,-70300,-69759,-69218,-68677,-68136,-67595,-67054,-66513,-65972,-65431,-64890,-64349,-63808,-63267,-62726,-62185,-61644,-61103,-60562,-60021,-59480,-58939,-58398,-57857,-57316,-56775,-56234,-55693,-55152,-54611,-54070,-53529,-52988,-52447,-51906,-51365,-50824,-50283,-49742,-49201,-48660,-48119,-47578,-47037,-46496,-45955,-45414,-44873,-44332,-43791,-43250,-42709,-42168,-41627,-41086,-40545,-40004,-39463,-38922,-38381,-37840,-37299,-36758,-36217,-35676,-35135,-34594,-34053,-33512,-32971,-32430,-31889,-31348,-30807,-30266,-29725,-29184,-28643,-28102,-27561,-27020,-26479,-25938,-25397,-24856,-24315,-23774,-23233,-22692,-22151,-21610,-21069,-20528,-19987,-19446,-18905,-18364,-17823,-17282,-16741,-16230,-16200,-15659,-15118,-14577,-14036,-13495,-12954,-12413,-11872,-11331,-10790,-10249,-9708,-9167,-8626,-8085,-7544,-7003,-6462,-5921,-5380,-4839,-4298,-3757,-3216,-2675,-2134,-1593,-1052,-511
31,572,1113,1654,2195,2736,3277,3818,4359,4900,5441,5982,6523,7064,7605,8146,8687,9228,9769,10310,10851,11392,11933,12474,13015,13556,14097,14638,15179,15720,16261,16802,17343,17884,18425,18966,19507,20048,20589,21130,21671,22212,22753,23294,23835,24376,24917,25458,25999,26540,27081,27622,28163,28704,29245,29786,30327,30868,31409,31950,32491,33032,33573,34114,34655,35196,35737,36278,36819,37360,37901,38442,38983,39524,40065,40606,41147,41688,42229,42770,43311,43852,44393,44934,45475,46016,46557,47098,47639,48180,48721,49262,49803,50344,50885,51426,51967,52508,53049,53590,54131,54672,55213,55754,56295,56836,57377,57918,58459,59000,59541,60082,60623,61164,61705,62246,62787,63328,63869,64410,64951,65492,66033,66574,67115,67656,68197,68738,69279,69820,70361,70902,71443,71984,72525,73066,73607,74148,74689,75230,75771,76312,76853,77394,77935,78476,79017,79558,80099,80640,81181,81722,82263,82804,83345,83886,84427,84968,85509,86050,86591,87132,87673,88214,88755,89296,89837,90378,90919,91460,92001,92542,93083,93624,94165,94706,95247,95788,96329,96870,97411,97952,98493,99034,99575,100116,100657,101198,101739,102280,102821,103362,103903,104444,104985,105526,106067,106608,107149,107690,108231,108772,109313,109854,110395,110936,111477,112018,112559,113100,113641,114182,114723,115264,115805,116346,116887,117428,117969,118510,119051,119592,120133,120674,121215,121756,122297,122838,123379,123920,124461,125002,125543,126084,126625,127166,127707,128248,128789,129330,129871,130412,130953,131494,132035,132576,133117,133658,134199,134740,135281,135822,136363,136904,137445,137986,138527,139068,139609,140150,140691,141232,141773,142314,142855,143396,143937,144478,145019,145560,146101,-146039,-145498,-144957,-144416,-143875,-143334,-142793,-142252,-141711,-141170,-140629,-140088,-139547,-139006,-138465,-137924,-137383,-136842,-136301,-135760,-135219,-134678,-134137,-133596,-133055,-132514,-131973,-131432,-130891,-130350,-129809,-129268,-128727,-128186,-127645,-127104,-126563,-126022,-125481,-124940,-124399,-123858,-123317,-122776,-122235,-121694,-121153,-120612,-120071,-119530,-118989,-118448,-117907,-117366,-116825,-116284,-115743,-115202,-114661,-114120,-113579,-113038,-112497,-111956,-111415,-110874,-110333,-109792,-109251,-108710,-108169,-107628,-107087,-106546,-106005,-105464,-104923,-104382,-103841,-103300,-102759,-102218,-101677,-101136,-100595,-100054,-99513,-98972,-98431,-97890,-97349,-96808,-96267,-95726,-95185,-94644,-94103,-93562,-93021,-92480,-91939,-91398,-90857,-90316,-89775,-89234,-88693,-88152,-87611,-87070,-86529,-85988,-85447,-84906,-84365,-83824,-83283,-82742,-82201,-81660,-81119,-80578,-80037,-79496,-78955,-78414,-77873,-77332,-76791,-76250,-75709,-75168,-74627,-74086,-73545,-73004,-72463,-71922,-71381,-70840,-70299,-69758,-69217,-68676,-68135,-67594,-67053,-66512,-65971,-65430,-64889,-64348,-63807,-63266,-62725,-62184,-61643,-61102,-60561,-60020,-59479,-58938,-58397,-57856,-57315,-56774,-56233,-55692,-55151,-54610,-54069,-53528,-52987,-52446,-51905,-51364,-50823,-50282,-49741,-49200,-48659,-48118,-47577,-47036,-46495,-45954,-45413,-44872,-44331,-43790,-43249,-42708,-42167,-41626,-41085,-40544,-40003,-39462,-38921,-38380,-37839,-37298,-36757,-36216,-35675,-35134,-34593,-34052,-33511,-32970,-32429,-31888,-31347,-30806,-30265,-29724,-29183,-28642,-28101,-27560,-27019,-26478,-25937,-25396,-24855,-24314,-23773,-23232,-22691,-22150,-21609,-21068,-20527,-19986,-19445,-18904,-18363,-17822,-17281,-16771,-16740,-16199,-15658,-15117,-14576,-14035,-13494,-12953,-12412,-11871,-11330,-10789,-10248,-9707,-9166,-8625,-8084,-7543,-7002,-6461,-5920,-5379,-4838,-4297,-3756,-3215,-2674,-2133,-1592,-1051,-510
32,573,1114,1655,2196,2737,3278,3819,4360,4901,5442,5983,6524,7065,7606,8147,8688,9229,9770,10311,10852,11393,11934,12475,13016,13557,14098,14639,15180,15721,16262,16803,17344,17885,18426,18967,19508,20049,20590,21131,21672,22213,22754,23295,23836,24377,24918,25459,26000,26541,27082,27623,28164,28705,29246,29787,30328,30869,31410,31951,32492,33033,33574,34115,34656,35197,35738,36279,36820,37361,37902,38443,38984,39525,40066,40607,41148,41689,42230,42771,43312,43853,44394,44935,45476,46017,46558,47099,47640,48181,48722,49263,49804,50345,50886,51427,51968,52509,53050,53591,54132,54673,55214,55755,56296,56837,57378,57919,58460,59001,59542,60083,60624,61165,61706,62247,62788,63329,63870,64411,64952,65493,66034,66575,67116,67657,68198,68739,69280,69821,70362,70903,71444,71985,72526,73067,73608,74149,74690,75231,75772,76313,76854,77395,77936,78477,79018,79559,80100,80641,81182,81723,82264,82805,83346,83887,84428,84969,85510,86051,86592,87133,87674,88215,88756,89297,89838,90379,90920,91461,92002,92543,93084,93625,94166,94707,95248,95789,96330,96871,97412,97953,98494,99035,99576,100117,100658,101199,101740,102281,102822,103363,103904,104445,104986,105527,106068,106609,107150,107691,108232,108773,109314,109855,110396,110937,111478,112019,112560,113101,113642,114183,114724,115265,115806,116347,116888,117429,117970,118511,119052,119593,120134,120675,121216,121757,122298,122839,123380,123921,124462,125003,125544,126085,126626,127167,127708,128249,128790,129331,129872,130413,130954,131495,132036,132577,133118,133659,134200,134741,135282,135823,136364,136905,137446,137987,138528,139069,139610,140151,140692,141233,141774,142315,142856,143397,143938,144479,145020,145561,146102,-146038,-145497,-144956,-144415,-143874,-143333,-142792,-142251,-141710,-141169,-140628,-140087,-139546,-139005,-138464,-137923,-137382,-136841,-136300,-135759,-135218,-134677,-134136,-133595,-133054,-132513,-131972,-131431,-130890,-130349,-129808,-129267,-128726,-128185,-127644,-127103,-126562,-126021,-125480,-124939,-124398,-123857,-123316,-122775,-122234,-121693,-121152,-120611,-120070,-119529,-118988,-118447,-117906,-117365,-116824,-116283,-115742,-115201,-114660,-114119,-113578,-113037,-112496,-111955,-111414,-110873,-110332,-109791,-109250,-108709,-108168,-107627,-107086,-106545,-106004,-105463,-104922,-104381,-103840,-103299,-102758,-102217,-101676,-101135,-100594,-100053,-99512,-98971,-98430,-97889,-97348,-96807,-96266,-95725,-95184,-94643,-94102,-93561,-93020,-92479,-91938,-91397,-90856,-90315,-89774,-89233,-88692,-88151,-87610,-87069,-86528,-85987,-85446,-84905,-84364,-83823,-83282,-82741,-82200,-81659,-81118,-80577,-80036,-79495,-78954,-78413,-77872,-77331,-76790,-76249,-75708,-75167,-74626,-74085,-73544,-73003,-72462,-71921,-71380,-70839,-70298,-69757,-69216,-68675,-68134,-67593,-67052,-66511,-65970,-65429,-64888,-64347,-63806,-63265,-62724,-62183,-61642,-61101,-60560,-60019,-59478,-58937,-58396,-57855,-57314,-56773,-56232,-55691,-55150,-54609,-54068,-53527,-52986,-52445,-51904,-51363,-50822,-50281,-49740,-49199,-48658,-48117,-47576,-47035,-46494,-45953,-45412,-44871,-44330,-43789,-43248,-42707,-42166,-41625,-41084,-40543,-40002,-39461,-38920,-38379,-37838,-37297,-36756,-36215,-35674,-35133,-34592,-34051,-33510,-32969,-32428,-31887,-31346,-30805,-30264,-29723,-29182,-28641,-28100,-27559,-27018,-26477,-25936,-25395,-24854,-24313,-23772,-23231,-22690,-22149,-21608,-21067,-20526,-19985,-19444,-18903,-18362,-17821,-17312,-17280,-16739,-16198,-15657,-15116,-14575,-14034,-13493,-12952,-12411,-11870,-11329,-10788,-10247,-9706,-9165,-8624,-8083,-7542,-7001,-6460,-5919,-5378,-4837,-4296,-3755,-3214,-2673,-2132,-1591,-1050,-509
33,574,1115,1656,2197,2738,3279,3820,4361,4902,5443,5984,6525,7066,7607,8148,8689,9230,9771,10312,10853,11394,11935,12476,13017,13558,14099,14640,15181,15722,16263,16804,17345,17886,18427,18968,19509,20050,20591,21132,21673,22214,22755,23296,23837,24378,24919,25460,26001,26542,27083,27624,28165,28706,29247,29788,30329,30870,31411,31952,32493,33034,33575,34116,34657,35198,35739,36280,36821,37362,37903,38444,38985,39526,40067,40608,41149,41690,42231,42772,43313,43854,44395,44936,45477,46018,46559,47100,47641,48182,48723,49264,49805,50346,50887,51428,51969,52510,53051,53592,54133,54674,55215,55756,56297,56838,57379,57920,58461,59002,59543,60084,60625,61166,61707,62248,62789,63330,63871,64412,64953,65494,66035,66576,67117,67658,68199,68740,69281,69822,70363,70904,71445,71986,72527,73068,73609,74150,74691,75232,75773,76314,76855,77396,77937,78478,79019,79560,80101,80642,81183,81724,82265,82806,83347,83888,84429,84970,85511,86052,86593,87134,87675,88216,88757,89298,89839,90380,90921,91462,92003,92544,93085,93626,94167,94708,95249,95790,96331,96872,97413,97954,98495,99036,99577,100118,100659,101200,101741,102282,102823,103364,103905,104446,104987,105528,106069,106610,107151,107692,108233,108774,109315,109856,110397,110938,111479,112020,112561,113102,113643,114184,114725,115266,115807,116348,116889,117430,117971,118512,119053,119594,120135,120676,121217,121758,122299,122840,123381,123922,124463,125004,125545,126086,126627,127168,127709,128250,128791,129332,129873,130414,130955,131496,132037,132578,133119,133660,134201,134742,135283,135824,136365,136906,137447,137988,138529,139070,139611,140152,140693,141234,141775,142316,142857,143398,143939,144480,145021,145562,146103,-146037,-145496,-144955,-144414,-143873,-143332,-142791,-142250,-141709,-141168,-140627,-140086,-139545,-139004,-138463,-137922,-137381,-136840,-136299,-135758,-135217,-134676,-134135,-133594,-133053,-132512,-131971,-131430,-130889,-130348,-129807,-129266,-128725,-128184,-127643,-127102,-126561,-126020,-125479,-124938,-124397,-123856,-123315,-122774,-122233,-121692,-121151,-120610,-120069,-119528,-118987,-118446,-117905,-117364,-116823,-116282,-115741,-115200,-114659,-114118,-113577,-113036,-112495,-111954,-111413,-110872,-110331,-109790,-109249,-108708,-108167,-107626,-107085,-106544,-106003,-105462,-104921,-104380,-103839,-103298,-102757,-102216,-101675,-101134,-100593,-100052,-99511,-98970,-98429,-97888,-97347,-96806,-96265,-95724,-95183,-94642,-94101,-93560,-93019,-92478,-91937,-91396,-90855,-90314,-89773,-89232,-88691,-88150,-87609,-87068,-86527,-85986,-85445,-84904,-84363,-83822,-83281,-82740,-82199,-81658,-81117,-80576,-80035,-79494,-78953,-78412,-77871,-77330,-76789,-76248,-75707,-75166,-74625,-74084,-73543,-73002,-72461,-71920,-71379,-70838,-70297,-69756,-69215,-68674,-68133,-67592,-67051,-66510,-65969,-65428,-64887,-64346,-63805,-63264,-62723,-62182,-61641,-61100,-60559,-60018,-59477,-58936,-58395,-57854,-57313,-56772,-56231,-55690,-55149,-54608,-54067,-53526,-52985,-52444,-51903,-51362,-50821,-50280,-49739,-49198,-48657,-48116,-47575,-47034,-46493,-45952,-45411,-44870,-44329,-43788,-43247,-42706,-42165,-41624,-41083,-40542,-40001,-39460,-38919,-38378,-37837,-37296,-36755,-36214,-35673,-35132,-34591,-34050,-33509,-32968,-32427,-31886,-31345,-30804,-30263,-29722,-29181,-28640,-28099,-27558,-27017,-26476,-25935,-25394,-24853,-24312,-23771,-23230,-22689,-22148,-21607,-21066,-20525,-19984,-19443,-18902,-18361,-17853,-17820,-17279,-16738,-16197,-15656,-15115,-14574,-14033,-13492,-12951,-12410,-11869,-11328,-10787,-10246,-9705,-9164,-8623,-8082,-7541,-7000,-6459,-5918,-5377,-4836,-4295,-3754,-3213,-2672,-2131,-1590,-1049,-508
34,575,1116,1657,2198,2739,3280,3821,4362,4903,5444,5985,6526,7067,7608,8149,8690,9231,9772,10313,10854,11395,11936,12477,13018,13559,14100,14641,15182,15723,16264,16805,17346,17887,18428,18969,19510,20051,20592,21133,21674,22215,22756,23297,23838,24379,24920,25461,26002,26543,27084,27625,28166,28707,29248,29789,30330,30871,31412,31953,32494,33035,33576,34117,34658,35199,35740,36281,36822,37363,37904,38445,38986,39527,40068,40609,41150,41691,42232,42773,43314,43855,44396,44937,45478,46019,46560,47101,47642,48183,48724,49265,49806,50347,50888,51429,51970,52511,53052,53593,54134,54675,55216,55757,56298,56839,57380,57921,58462,59003,59544,60085,60626,61167,61708,62249,62790,63331,63872,64413,64954,65495,66036,66577,67118,67659,68200,68741,69282,69823,70364,70905,71446,71987,72528,73069,73610,74151,74692,75233,75774,76315,76856,77397,77938,78479,79020,79561,80102,80643,81184,81725,82266,82807,83348,83889,84430,84971,85512,86053,86594,87135,87676,88217,88758,89299,89840,90381,90922,91463,92004,92545,93086,93627,94168,94709,95250,95791,96332,96873,97414,97955,98496,99037,99578,100119,100660,101201,101742,102283,102824,103365,103906,104447,104988,105529,106070,106611,107152,107693,108234,108775,109316,109857,110398,110939,111480,112021,112562,113103,113644,114185,114726,115267,115808,116349,116890,117431,117972,118513,119054,119595,120136,120677,121218,121759,122300,122841,123382,123923,124464,125005,125546,126087,126628,127169,127710,128251,128792,129333,129874,130415,130956,131497,132038,132579,133120,133661,134202,134743,135284,135825,136366,136907,137448,137989,138530,139071,139612,140153,140694,141235,141776,142317,142858,143399,143940,144481,145022,145563,146104,-146036,-145495,-144954,-144413,-143872,-143331,-142790,-142249,-141708,-141167,-140626,-140085,-139544,-139003,-138462,-137921,-137380,-136839,-136298,-135757,-135216,-134675,-134134,-133593,-133052,-132511,-131970,-131429,-130888,-130347,-129806,-129265,-128724,-128183,-127642,-127101,-126560,-126019,-125478,-124937,-124396,-123855,-123314,-122773,-122232,-121691,-121150,-120609,-120068,-119527,-118986,-118445,-117904,-117363,-116822,-116281,-115740,-115199,-114658,-114117,-113576,-113035,-112494,-111953,-111412,-110871,-110330,-109789,-109248,-108707,-108166,-107625,-107084,-106543,-106002,-105461,-104920,-104379,-103838,-103297,-102756,-102215,-101674,-101133,-100592,-100051,-99510,-98969,-98428,-97887,-97346,-96805,-96264,-95723,-95182,-94641,-94100,-93559,-93018,-92477,-91936,-91395,-90854,-90313,-89772,-89231,-88690,-88149,-87608,-87067,-86526,-85985,-85444,-84903,-84362,-83821,-83280,-82739,-82198,-81657,-81116,-80575,-80034,-79493,-78952,-78411,-77870,-77329,-76788,-76247,-75706,-75165,-74624,-74083,-73542,-73001,-72460,-71919,-71378,-70837,-70296,-69755,-69214,-68673,-68132,-67591,-67050,-66509,-65968,-65427,-64886,-64345,-63804,-63263,-62722,-62181,-61640,-61099,-60558,-60017,-59476,-58935,-58394,-57853,-57312,-56771,-56230,-55689,-55148,-54607,-54066,-53525,-52984,-52443,-51902,-51361,-50820,-50279,-49738,-49197,-48656,-48115,-47574,-47033,-46492,-45951,-45410,-44869,-44328,-43787,-43246,-42705,-42164,-41623,-41082,-40541,-40000,-39459,-38918,-38377,-37836,-37295,-36754,-36213,-35672,-35131,-34590,-34049,-33508,-32967,-32426,-31885,-31344,-30803,-30262,-29721,-29180,-28639,-28098,-27557,-27016,-26475,-25934,-25393,-24852,-24311,-23770,-23229,-22688,-22147,-21606,-21065,-20524,-19983,-19442,-18901,-18394,-18360,-17819,-17278,-16737,-16196,-15655,-15114,-14573,-14032,-13491,-12950,-12409,-11868,-11327,-10786,-10245,-9704,-9163,-8622,-8081,-7540,-6999,-6458,-5917,-5376,-4835,-4294,-3753,-3212,-2671,-2130,-1589,-1048,-507
35,576,1117,1658,2199,2740,3281,3822,4363,4904,5445,5986,6527,7068,7609,8150,8691,9232,9773,10314,10855,11396,11937,12478,13019,13560,14101,14642,15183,15724,16265,16806,17347,17888,18429,18970,19511,20052,20593,21134,21675,22216,22757,23298,23839,24380,24921,25462,26003,26544,27085,27626,28167,28708,29249,29790,30331,30872,31413,31954,32495,33036,33577,34118,34659,35200,35741,36282,36823,37364,37905,38446,38987,39528,40069,40610,41151,41692,42233,42774,43315,43856,44397,44938,45479,46020,46561,47102,47643,48184,48725,49266,49807,50348,50889,51430,51971,52512,53053,53594,54135,54676,55217,55758,56299,56840,57381,57922,58463,59004,59545,60086,60627,61168,61709,62250,62791,63332,63873,64414,64955,65496,66037,66578,67119,67660,68201,68742,69283,69824,70365,70906,71447,71988,72529,73070,73611,74152,74693,75234,75775,76316,76857,77398,77939,78480,79021,79562,80103,80644,81185,81726,82267,82808,83349,83890,84431,84972,85513,86054,86595,87136,87677,88218,88759,89300,89841,90382,90923,91464,92005,92546,93087,93628,94169,94710,95251,95792,96333,96874,97415,97956,98497,99038,99579,100120,100661,101202,101743,102284,102825,103366,103907,104448,104989,105530,106071,106612,107153,107694,108235,108776,109317,109858,110399,110940,111481,112022,112563,113104,113645,114186,114727,115268,115809,116350,116891,117432,117973,118514,119055,119596,120137,120678,121219,121760,122301,122842,123383,123924,124465,125006,125547,126088,126629,127170,127711,128252,128793,129334,129875,130416,130957,131498,132039,132580,133121,133662,134203,134744,135285,135826,136367,136908,137449,137990,138531,139072,139613,140154,140695,141236,141777,142318,142859,143400,143941,144482,145023,145564,146105,-146035,-145494,-144953,-144412,-143871,-143330,-142789,-142248,-141707,-141166,-140625,-140084,-139543,-139002,-138461,-137920,-137379,-136838,-136297,-135756,-135215,-134674,-134133,-133592,-133051,-132510,-131969,-131428,-130887,-130346,-129805,-129264,-128723,-128182,-127641,-127100,-126559,-126018,-125477,-124936,-124395,-123854,-123313,-122772,-122231,-121690,-121149,-120608,-120067,-119526,-118985,-118444,-117903,-117362,-116821,-116280,-115739,-115198,-114657,-114116,-113575,-113034,-112493,-111952,-111411,-110870,-110329,-109788,-109247,-108706,-108165,-107624,-107083,-106542,-106001,-105460,-104919,-104378,-103837,-103296,-102755,-102214,-101673,-101132,-100591,-100050,-99509,-98968,-98427,-97886,-97345,-96804,-96263,-95722,-95181,-94640,-94099,-93558,-93017,-92476,-91935,-91394,-90853,-90312,-89771,-89230,-88689,-88148,-87607,-87066,-86525,-85984,-85443,-84902,-84361,-83820,-83279,-82738,-82197,-81656,-81115,-80574,-80033,-79492,-78951,-78410,-77869,-77328,-76787,-76246,-75705,-75164,-74623,-74082,-73541,-73000,-72459,-71918,-71377,-70836,-70295,-69754,-69213,-68672,-68131,-67590,-67049,-66508,-65967,-65426,-64885,-64344,-63803,-63262,-62721,-62180,-61639,-61098,-60557,-60016,-59475,-58934,-58393,-57852,-57311,-56770,-56229,-55688,-55147,-54606,-54065,-53524,-52983,-52442,-51901,-51360,-50819,-50278,-49737,-49196,-48655,-48114,-47573,-47032,-46491,-45950,-45409,-44868,-44327,-43786,-43245,-42704,-42163,-41622,-41081,-40540,-39999,-39458,-38917,-38376,-37835,-37294,-36753,-36212,-35671,-35130,-34589,-34048,-33507,-32966,-32425,-31884,-31343,-30802,-30261,-29720,-29179,-28638,-28097,-27556,-27015,-26474,-25933,-25392,-24851,-24310,-23769,-23228,-22687,-22146,-21605,-21064,-20523,-19982,-19441,-18935,-18900,-18359,-17818,-17277,-16736,-16195,-15654,-15113,-14572,-14031,-13490,-12949,-12408,-11867,-11326,-10785,-10244,-9703,-9162,-8621,-8080,-7539,-6998,-6457,-5916,-5375,-4834,-4293,-3752,-3211,-2670,-2129,-1588,-1047,-506
36,577,1118,1659,2200,2741,3282,3823,4364,4905,5446,5987,6528,7069,7610,8151,8692,9233,9774,10315,10856,11397,11938,12479,13020,13561,14102,14643,15184,15725,16266,16807,17348,17889,18430,18971,19512,20053,20594,21135,21676,22217,22758,23299,23840,24381,24922,25463,26004,26545,27086,27627,28168,28709,29250,29791,30332,30873,31414,31955,32496,33037,33578,34119,34660,35201,35742,36283,36824,37365,37906,38447,38988,39529,40070,40611,41152,41693,42234,42775,43316,43857,44398,44939,45480,46021,46562,47103,47644,48185,48726,49267,49808,50349,50890,51431,51972,52513,53054,53595,54136,54677,55218,55759,56300,56841,57382,57923,58464,59005,59546,60087,60628,61169,61710,62251,62792,63333,63874,64415,64956,65497,66038,66579,67120,67661,68202,68743,69284,69825,70366,70907,71448,71989,72530,73071,73612,74153,74694,75235,75776,76317,76858,77399,77940,78481,79022,79563,80104,80645,81186,81727,82268,82809,83350,83891,84432,84973,85514,86055,86596,87137,87678,88219,88760,89301,89842,90383,90924,91465,92006,92547,93088,93629,94170,94711,95252,95793,96334,96875,97416,97957,98498,99039,99580,100121,100662,101203,101744,102285,102826,103367,103908,104449,104990,105531,106072,106613,107154,107695,108236,108777,109318,109859,110400,110941,111482,112023,112564,113105,113646,114187,114728,115269,115810,116351,116892,117433,117974,118515,119056,119597,120138,120679,121220,121761,122302,122843,123384,123925,124466,125007,125548,126089,126630,127171,127712,128253,128794,129335,129876,130417,130958,131499,132040,132581,133122,133663,134204,134745,135286,135827,136368,136909,137450,137991,138532,139073,139614,140155,140696,141237,141778,142319,142860,143401,143942,144483,145024,145565,146106,-146034,-145493,-144952,-144411,-143870,-143329,-142788,-142247,-141706,-141165,-140624,-140083,-139542,-139001,-138460,-137919,-137378,-136837,-136296,-135755,-135214,-134673,-134132,-133591,-133050,-132509,-131968,-131427,-130886,-130345,-129804,-129263,-128722,-128181,-127640,-127099,-126558,-126017,-125476,-124935,-124394,-123853,-123312,-122771,-122230,-121689,-121148,-120607,-120066,-119525,-118984,-118443,-117902,-117361,-116820,-116279,-115738,-115197,-114656,-114115,-113574,-113033,-112492,-111951,-111410,-110869,-110328,-109787,-109246,-108705,-108164,-107623,-107082,-106541,-106000,-105459,-104918,-104377,-103836,-103295,-102754,-102213,-101672,-101131,-100590,-100049,-99508,-98967,-98426,-97885,-97344,-96803,-96262,-95721,-95180,-94639,-94098,-93557,-93016,-92475,-91934,-91393,-90852,-90311,-89770,-89229,-88688,-88147,-87606,-87065,-86524,-85983,-85442,-84901,-84360,-83819,-83278,-82737,-82196,-81655,-81114,-80573,-80032,-79491,-78950,-78409,-77868,-77327,-76786,-76245,-75704,-75163,-74622,-74081,-73540,-72999,-72458,-71917,-71376,-70835,-70294,-69753,-69212,-68671,-68130,-67589,-67048,-66507,-65966,-65425,-64884,-64343,-63802,-63261,-62720,-62179,-61638,-61097,-60556,-60015,-59474,-58933,-58392,-57851,-57310,-56769,-56228,-55687,-55146,-54605,-54064,-53523,-52982,-52441,-51900,-51359,-50818,-50277,-49736,-49195,-48654,-48113,-47572,-47031,-46490,-45949,-45408,-44867,-44326,-43785,-43244,-42703,-42162,-41621,-41080,-40539,-39998,-39457,-38916,-38375,-37834,-37293,-36752,-36211,-35670,-35129,-34588,-34047,-33506,-32965,-32424,-31883,-31342,-30801,-30260,-29719,-29178,-28637,-28096,-27555,-27014,-26473,-25932,-25391,-24850,-24309,-23768,-23227,-22686,-22145,-21604,-21063,-20522,-19981,-19476,-19440,-18899,-18358,-17817,-17276,-16735,-16194,-15653,-15112,-14571,-14030,-13489,-12948,-12407,-11866,-11325,-10784,-10243,-9702,-9161,-8620,-8079,-7538,-6997,-6456,-5915,-5374,-4833,-4292,-3751,-3210,-2669,-2128,-1587,-1046,-505
37,578,1119,1660,2201,2742,3283,3824,4365,4906,5447,5988,6529,7070,7611,8152,8693,9234,9775,10316,10857,11398,11939,12480,13021,13562,14103,14644,15185,15726,16267,16808,17349,17890,18431,18972,19513,20054,20595,21136,21677,22218,22759,23300,23841,24382,24923,25464,26005,26546,27087,27628,28169,28710,29251,29792,30333,30874,31415,31956,32497,33038,33579,34120,34661,35202,35743,36284,36825,37366,37907,38448,38989,39530,40071,40612,41153,41694,42235,42776,43317,43858,44399,44940,45481,46022,46563,47104,47645,48186,48727,49268,49809,50350,50891,51432,51973,52514,53055,53596,54137,54678,55219,55760,56301,56842,57383,57924,58465,59006,59547,60088,60629,61170,61711,62252,62793,63334,63875,64416,64957,65498,66039,66580,67121,67662,68203,68744,69285,69826,70367,70908,71449,71990,72531,73072,73613,74154,74695,75236,75777,76318,76859,77400,77941,78482,79023,79564,80105,80646,81187,81728,82269,82810,83351,83892,84433,84974,85515,86056,86597,87138,87679,88220,88761,89302,89843,90384,90925,91466,92007,92548,93089,93630,94171,94712,95253,95794,96335,96876,97417,97958,98499,99040,99581,100122,100663,101204,101745,102286,102827,103368,103909,104450,104991,105532,106073,106614,107155,107696,108237,108778,109319,109860,110401,110942,111483,112024,112565,113106,113647,114188,114729,115270,115811,116352,116893,117434,117975,118516,119057,119598,120139,120680,121221,121762,122303,122844,123385,123926,124467,125008,125549,126090,126631,127172,127713,128254,128795,129336,129877,130418,130959,131500,132041,132582,133123,133664,134205,134746,135287,135828,136369,136910,137451,137992,138533,139074,139615,140156,140697,141238,141779,142320,142861,143402,143943,144484,145025,145566,146107,-146033,-145492,-144951,-144410,-143869,-143328,-142787,-142246,-141705,-141164,-140623,-140082,-139541,-139000,-138459,-137918,-137377,-136836,-136295,-135754,-135213,-134672,-134131,-133590,-133049,-132508,-131967,-131426,-130885,-130344,-129803,-129262,-128721,-128180,-127639,-127098,-126557,-126016,-125475,-124934,-124393,-123852,-123311,-122770,-122229,-121688,-121147,-120606,-120065,-119524,-118983,-118442,-117901,-117360,-116819,-116278,-115737,-115196,-114655,-114114,-113573,-113032,-112491,-111950,-111409,-110868,-110327,-109786,-109245,-108704,-108163,-107622,-107081,-106540,-105999,-105458,-104917,-104376,-103835,-103294,-102753,-102212,-101671,-101130,-100589,-100048,-99507,-98966,-98425,-97884,-97343,-96802,-96261,-95720,-95179,-94638,-94097,-93556,-93015,-92474,-91933,-91392,-90851,-90310,-89769,-89228,-88687,-88146,-87605,-87064,-86523,-85982,-85441,-84900,-84359,-83818,-83277,-82736,-82195,-81654,-81113,-80572,-80031,-79490,-78949,-78408,-77867,-77326,-76785,-76244,-75703,-75162,-74621,-74080,-73539,-72998,-72457,-71916,-71375,-70834,-70293,-69752,-69211,-68670,-68129,-67588,-67047,-66506,-65965,-65424,-64883,-64342,-63801,-63260,-62719,-62178,-61637,-61096,-60555,-60014,-59473,-58932,-58391,-57850,-57309,-56768,-56227,-55686,-55145,-54604,-54063,-53522,-52981,-52440,-51899,-51358,-50817,-50276,-49735,-49194,-48653,-48112,-47571,-47030,-46489,-45948,-45407,-44866,-44325,-43784,-43243,-42702,-42161,-41620,-41079,-40538,-39997,-39456,-38915,-38374,-37833,-37292,-36751,-36210,-35669,-35128,-34587,-34046,-33505,-32964,-32423,-31882,-31341,-30800,-30259,-29718,-29177,-28636,-28095,-27554,-27013,-26472,-25931,-25390,-24849,-24308,-23767,-23226,-22685,-22144,-21603,-21062,-20521,-20017,-19980,-19439,-18898,-18357,-17816,-17275,-16734,-16193,-15652,-15111,-14570,-14029,-13488,-12947,-12406,-11865,-11324,-10783,-10242,-9701,-9160,-8619,-8078,-7537,-6996,-6455,-5914,-5373,-4832,-4291,-3750,-3209,-2668,-2127,-1586,-1045,-504
38,579,1120,1661,2202,2743,3284,3825,4366,4907,5448,5989,6530,7071,7612,8153,8694,9235,9776,10317,10858,11399,11940,12481,13022,13563,14104,14645,15186,15727,16268,16809,17350,17891,18432,18973,19514,20055,20596,21137,21678,22219,22760,23301,23842,24383,24924,25465,26006,26547,27088,27629,28170,28711,29252,29793,30334,30875,31416,31957,32498,33039,33580,34121,34662,35203,35744,36285,36826,37367,37908,38449,38990,39531,40072,40613,41154,41695,42236,42777,43318,43859,44400,44941,45482,46023,46564,47105,47646,48187,48728,49269,49810,50351,50892,51433,51974,52515,53056,53597,54138,54679,55220,55761,56302,56843,57384,57925,58466,59007,59548,60089,60630,61171,61712,62253,62794,63335,63876,64417,64958,65499,66040,66581,67122,67663,68204,68745,69286,69827,70368,70909,71450,71991,72532,73073,73614,74155,74696,75237,75778,76319,76860,77401,77942,78483,79024,79565,80106,80647,81188,81729,82270,82811,83352,83893,84434,84975,85516,86057,86598,87139,87680,88221,88762,89303,89844,90385,90926,91467,92008,92549,93090,93631,94172,94713,95254,95795,96336,96877,97418,97959,98500,99041,99582,100123,100664,101205,101746,102287,102828,103369,103910,104451,104992,105533,106074,106615,107156,107697,108238,108779,109320,109861,110402,110943,111484,112025,112566,113107,113648,114189,114730,115271,115812,116353,116894,117435,117976,118517,119058,119599,120140,120681,121222,121763,122304,122845,123386,123927,124468,125009,125550,126091,126632,127173,127714,128255,128796,129337,129878,130419,130960,131501,132042,132583,133124,133665,134206,134747,135288,135829,136370,136911,137452,137993,138534,139075,139616,140157,140698,141239,141780,142321,142862,143403,143944,144485,145026,145567,146108,-146032,-145491,-144950,-144409,-143868,-143327,-142786,-142245,-141704,-141163,-140622,-140081,-139540,-138999,-138458,-137917,-137376,-136835,-136294,-135753,-135212,-134671,-134130,-133589,-133048,-132507,-131966,-131425,-130884,-130343,-129802,-129261,-128720,-128179,-127638,-127097,-126556,-126015,-125474,-124933,-124392,-123851,-123310,-122769,-122228,-121687,-121146,-120605,-120064,-119523,-118982,-118441,-117900,-117359,-116818,-116277,-115736,-115195,-114654,-114113,-113572,-113031,-112490,-111949,-111408,-110867,-110326,-109785,-109244,-108703,-108162,-107621,-107080,-106539,-105998,-105457,-104916,-104375,-103834,-103293,-102752,-102211,-101670,-101129,-100588,-100047,-99506,-98965,-98424,-97883,-97342,-96801,-96260,-95719,-95178,-94637,-94096,-93555,-93014,-92473,-91932,-91391,-90850,-90309,-89768,-89227,-88686,-88145,-87604,-87063,-86522,-85981,-85440,-84899,-84358,-83817,-83276,-82735,-82194,-81653,-81112,-80571,-80030,-79489,-78948,-78407,-77866,-77325,-76784,-76243,-75702,-75161,-74620,-74079,-73538,-72997,-72456,-71915,-71374,-70833,-70292,-69751,-69210,-68669,-68128,-67587,-67046,-66505,-65964,-65423,-64882,-64341,-63800,-63259,-62718,-62177,-61636,-61095,-60554,-60013,-59472,-58931,-58390,-57849,-57308,-56767,-56226,-55685,-55144,-54603,-54062,-53521,-52980,-52439,-51898,-51357,-50816,-50275,-49734,-49193,-48652,-48111,-47570,-47029,-46488,-45947,-45406,-44865,-44324,-43783,-43242,-42701,-42160,-41619,-41078,-40537,-39996,-39455,-38914,-38373,-37832,-37291,-36750,-36209,-35668,-35127,-34586,-34045,-33504,-32963,-32422,-31881,-31340,-30799,-30258,-29717,-29176,-28635,-28094,-27553,-27012,-26471,-25930,-25389,-24848,-24307,-23766,-23225,-22684,-22143,-21602,-21061,-20558,-20520,-19979,-19438,-18897,-18356,-17815,-17274,-16733,-16192,-15651,-15110,-14569,-14028,-13487,-12946,-12405,-11864,-11323,-10782,-10241,-9700,-9159,-8618,-8077,-7536,-6995,-6454,-5913,-5372,-4831,-4290,-3749,-3208,-2667,-2126,-1585,-1044,-503
39,580,1121,1662,2203,2744,3285,3826,4367,4908,5449,5990,6531,7072,7613,8154,8695,9236,9777,10318,10859,11400,11941,12482,13023,13564,14105,14646,15187,15728,16269,16810,17351,17892,18433,18974,19515,20056,20597,21138,21679,22220,22761,23302,23843,24384,24925,25466,26007,26548,27089,27630,28171,28712,29253,29794,30335,30876,31417,31958,32499,33040,33581,34122,34663,35204,35745,36286,36827,37368,37909,38450,38991,39532,40073,40614,41155,41696,42237,42778,43319,43860,44401,44942,45483,46024,46565,47106,47647,48188,48729,49270,49811,50352,50893,51434,51975,52516,53057,53598,54139,54680,55221,55762,56303,56844,57385,57926,58467,59008,59549,60090,60631,61172,61713,62254,62795,63336,63877,64418,64959,65500,66041,66582,67123,67664,68205,68746,69287,69828,70369,70910,71451,71992,72533,73074,73615,74156,74697,75238,75779,76320,76861,77402,77943,78484,79025,79566,80107,80648,81189,81730,82271,82812,83353,83894,84435,84976,85517,86058,86599,87140,87681,88222,88763,89304,89845,90386,90927,91468,92009,92550,93091,93632,94173,94714,95255,95796,96337,96878,97419,97960,98501,99042,99583,100124,100665,101206,101747,102288,102829,103370,103911,104452,104993,105534,106075,106616,107157,107698,108239,108780,109321,109862,110403,110944,111485,112026,112567,113108,113649,114190,114731,115272,115813,116354,116895,117436,117977,118518,119059,119600,120141,120682,121223,121764,122305,122846,123387,123928,124469,125010,125551,126092,126633,127174,127715,128256,128797,129338,129879,130420,130961,131502,132043,132584,133125,133666,134207,134748,135289,135830,136371,136912,137453,137994,138535,139076,139617,140158,140699,141240,141781,142322,142863,143404,143945,144486,145027,145568,146109,-146031,-145490,-144949,-144408,-143867,-143326,-142785,-142244,-141703,-141162,-140621,-140080,-139539,-138998,-138457,-137916,-137375,-136834,-136293,-135752,-135211,-134670,-134129,-133588,-133047,-132506,-131965,-131424,-130883,-130342,-129801,-129260,-128719,-128178,-127637,-127096,-126555,-126014,-125473,-124932,-124391,-123850,-123309,-122768,-122227,-121686,-121145,-120604,-120063,-119522,-118981,-118440,-117899,-117358,-116817,-116276,-115735,-115194,-114653,-114112,-113571,-113030,-112489,-111948,-111407,-110866,-110325,-109784,-109243,-108702,-108161,-107620,-107079,-106538,-105997,-105456,-104915,-104374,-103833,-103292,-102751,-102210,-101669,-101128,-100587,-100046,-99505,-98964,-98423,-97882,-97341,-96800,-96259,-95718,-95177,-94636,-94095,-93554,-93013,-92472,-91931,-91390,-90849,-90308,-89767,-89226,-88685,-88144,-87603,-87062,-86521,-85980,-85439,-84898,-84357,-83816,-83275,-82734,-82193,-81652,-81111,-80570,-80029,-79488,-78947,-78406,-77865,-77324,-76783,-76242,-75701,-75160,-74619,-74078,-73537,-72996,-72455,-71914,-71373,-70832,-70291,-69750,-69209,-68668,-68127,-67586,-67045,-66504,-65963,-65422,-64881,-64340,-63799,-63258,-62717,-62176,-61635,-61094,-60553,-60012,-59471,-58930,-58389,-57848,-57307,-56766,-56225,-55684,-55143,-54602,-54061,-53520,-52979,-52438,-51897,-51356,-50815,-50274,-49733,-49192,-48651,-48110,-47569,-47028,-46487,-45946,-45405,-44864,-44323,-43782,-43241,-42700,-42159,-41618,-41077,-40536,-39995,-39454,-38913,-38372,-37831,-37290,-36749,-36208,-35667,-35126,-34585,-34044,-33503,-32962,-32421,-31880,-31339,-30798,-30257,-29716,-29175,-28634,-28093,-27552,-27011,-26470,-25929,-25388,-24847,-24306,-23765,-23224,-22683,-22142,-21601,-21099,-21060,-20519,-19978,-19437,-18896,-18355,-17814,-17273,-16732,-16191,-15650,-15109,-14568,-14027,-13486,-12945,-12404,-11863,-11322,-10781,-10240,-9699,-9158,-8617,-8076,-7535,-6994,-6453,-5912,-5371,-4830,-4289,-3748,-3207,-2666,-2125,-1584,-1043,-502
40,581,1122,1663,2204,2745,3286,3827,4368,4909,5450,5991,6532,7073,7614,8155,8696,9237,9778,10319,10860,11401,11942,12483,13024,13565,14106,14647,15188,15729,16270,16811,17352,17893,18434,18975,19516,20057,20598,21139,21680,22221,22762,23303,23844,24385,24926,25467,26008,26549,27090,27631,28172,28713,29254,29795,30336,30877,31418,31959,32500,33041,33582,34123,34664,35205,35746,36287,36828,37369,37910,38451,38992,39533,40074,40615,41156,41697,42238,42779,43320,43861,44402,44943,45484,46025,46566,47107,47648,48189,48730,49271,49812,50353,50894,51435,51976,52517,53058,53599,54140,54681,55222,55763,56304,56845,57386,57927,58468,59009,59550,60091,60632,61173,61714,62255,62796,63337,63878,64419,64960,65501,66042,66583,67124,67665,68206,68747,69288,69829,70370,70911,71452,71993,72534,73075,73616,74157,74698,75239,75780,76321,76862,77403,77944,78485,79026,79567,80108,80649,81190,81731,82272,82813,83354,83895,84436,84977,85518,86059,86600,87141,87682,88223,88764,89305,89846,90387,90928,91469,92010,92551,93092,93633,94174,94715,95256,95797,96338,96879,97420,97961,98502,99043,99584,100125,100666,101207,101748,102289,102830,103371,103912,104453,104994,105535,106076,106617,107158,107699,108240,108781,109322,109863,110404,110945,111486,112027,112568,113109,113650,114191,114732,115273,115814,116355,116896,117437,117978,118519,119060,119601,120142,120683,121224,121765,122306,122847,123388,123929,124470,125011,125552,126093,126634,127175,127716,128257,128798,129339,129880,130421,130962,131503,132044,132585,133126,133667,134208,134749,135290,135831,136372,136913,137454,137995,138536,139077,139618,140159,140700,141241,141782,142323,142864,143405,143946,144487,145028,145569,146110,-146030,-145489,-144948,-144407,-143866,-143325,-142784,-142243,-141702,-141161,-140620,-140079,-139538,-138997,-138456,-137915,-137374,-136833,-136292,-135751,-135210,-134669,-134128,-133587,-133046,-132505,-131964,-131423,-130882,-130341,-129800,-129259,-128718,-128177,-127636,-127095,-126554,-126013,-125472,-124931,-124390,-123849,-123308,-122767,-122226,-121685,-121144,-120603,-120062,-119521,-118980,-118439,-117898,-117357,-116816,-116275,-115734,-115193,-114652,-114111,-113570,-113029,-112488,-111947,-111406,-110865,-110324,-109783,-109242,-108701,-108160,-107619,-107078,-106537,-105996,-105455,-104914,-104373,-103832,-103291,-102750,-102209,-101668,-101127,-100586,-100045,-99504,-98963,-98422,-97881,-97340,-96799,-96258,-95717,-95176,-94635,-94094,-93553,-93012,-92471,-91930,-91389,-90848,-90307,-89766,-89225,-88684,-88143,-87602,-87061,-86520,-85979,-85438,-84897,-84356,-83815,-83274,-82733,-82192,-81651,-81110,-80569,-80028,-79487,-78946,-78405,-77864,-77323,-76782,-76241,-75700,-75159,-74618,-74077,-73536,-72995,-72454,-71913,-71372,-70831,-70290,-69749,-69208,-68667,-68126,-67585,-67044,-66503,-65962,-65421,-64880,-64339,-63798,-63257,-62716,-62175,-61634,-61093,-60552,-60011,-59470,-58929,-58388,-57847,-57306,-56765,-56224,-55683,-55142,-54601,-54060,-53519,-52978,-52437,-51896,-51355,-50814,-50273,-49732,-49191,-48650,-48109,-47568,-47027,-46486,-45945,-45404,-44863,-44322,-43781,-43240,-42699,-42158,-41617,-41076,-40535,-39994,-39453,-38912,-38371,-37830,-37289,-36748,-36207,-35666,-35125,-34584,-34043,-33502,-32961,-32420,-31879,-31338,-30797,-30256,-29715,-29174,-28633,-28092,-27551,-27010,-26469,-25928,-25387,-24846,-24305,-23764,-23223,-22682,-22141,-21640,-21600,-21059,-20518,-19977,-19436,-18895,-18354,-17813,-17272,-16731,-16190,-15649,-15108,-14567,-14026,-13485,-12944,-12403,-11862,-11321,-10780,-10239,-9698,-9157,-8616,-8075,-7534,-6993,-6452,-5911,-5370,-4829,-4288,-3747,-3206,-2665,-2124,-1583,-1042,-501
41,582,1123,1664,2205,2746,3287,3828,4369,4910,5451,5992,6533,7074,7615,8156,8697,9238,9779,10320,10861,11402,11943,12484,13025,13566,14107,14648,15189,15730,16271,16812,17353,17894,18435,18976,19517,20058,20599,21140,21681,22222,22763,23304,23845,24386,24927,25468,26009,26550,27091,27632,28173,28714,29255,29796,30337,30878,31419,31960,32501,33042,33583,34124,34665,35206,35747,36288,36829,37370,37911,38452,38993,39534,40075,40616,41157,41698,42239,42780,43321,43862,44403,44944,45485,46026,46567,47108,47649,48190,48731,49272,49813,50354,50895,51436,51977,52518,53059,53600,54141,54682,55223,55764,56305,56846,57387,57928,58469,59010,59551,60092,60633,61174,61715,62256,62797,63338,63879,64420,64961,65502,66043,66584,67125,67666,68207,68748,69289,69830,70371,70912,71453,71994,72535,73076,73617,74158,74699,75240,75781,76322,76863,77404,77945,78486,79027,79568,80109,80650,81191,81732,82273,82814,83355,83896,84437,84978,85519,86060,86601,87142,87683,88224,88765,89306,89847,90388,90929,91470,92011,92552,93093,93634,94175,94716,95257,95798,96339,96880,97421,97962,98503,99044,99585,100126,100667,101208,101749,102290,102831,103372,103913,104454,104995,105536,106077,106618,107159,107700,108241,108782,109323,109864,110405,110946,111487,112028,112569,113110,113651,114192,114733,115274,115815,116356,116897,117438,117979,118520,119061,119602,120143,120684,121225,121766,122307,122848,123389,123930,124471,125012,125553,126094,126635,127176,127717,128258,128799,129340,129881,130422,130963,131504,132045,132586,133127,133668,134209,134750,135291,135832,136373,136914,137455,137996,138537,139078,139619,140160,140701,141242,141783,142324,142865,143406,143947,144488,145029,145570,146111,-146029,-145488,-144947,-144406,-143865,-143324,-142783,-142242,-141701,-141160,-140619,-140078,-139537,-138996,-138455,-137914,-137373,-136832,-136291,-135750,-135209,-134668,-134127,-133586,-133045,-132504,-131963,-131422,-130881,-130340,-129799,-129258,-128717,-128176,-127635,-127094,-126553,-126012,-125471,-124930,-124389,-123848,-123307,-122766,-122225,-121684,-121143,-120602,-120061,-119520,-118979,-118438,-117897,-117356,-116815,-116274,-115733,-115192,-114651,-114110,-113569,-113028,-112487,-111946,-111405,-110864,-110323,-109782,-109241,-108700,-108159,-107618,-107077,-106536,-105995,-105454,-104913,-104372,-103831,-103290,-102749,-102208,-101667,-101126,-100585,-100044,-99503,-98962,-98421,-97880,-97339,-96798,-96257,-95716,-95175,-94634,-94093,-93552,-93011,-92470,-91929,-91388,-90847,-90306,-89765,-89224,-88683,-88142,-87601,-87060,-86519,-85978,-85437,-84896,-84355,-83814,-83273,-82732,-82191,-81650,-81109,-80568,-80027,-79486,-78945,-78404,-77863,-77322,-76781,-76240,-75699,-75158,-74617,-74076,-73535,-72994,-72453,-71912,-71371,-70830,-70289,-69748,-69207,-68666,-68125,-67584,-67043,-66502,-65961,-65420,-64879,-64338,-63797,-63256,-62715,-62174,-61633,-61092,-60551,-60010,-59469,-58928,-58387,-57846,-57305,-56764,-56223,-55682,-55141,-54600,-54059,-53518,-52977,-52436,-51895,-51354,-50813,-50272,-49731,-49190,-48649,-48108,-47567,-47026,-46485,-45944,-45403,-44862,-44321,-43780,-43239,-42698,-42157,-41616,-41075,-40534,-39993,-39452,-38911,-38370,-37829,-37288,-36747,-36206,-35665,-35124,-34583,-34042,-33501,-32960,-32419,-31878,-31337,-30796,-30255,-29714,-29173,-28632,-28091,-27550,-27009,-26468,-25927,-25386,-24845,-24304,-23763,-23222,-22681,-22181,-22140,-21599,-21058,-20517,-19976,-19435,-18894,-18353,-17812,-17271,-16730,-16189,-15648,-15107,-14566,-14025,-13484,-12943,-12402,-11861,-11320,-10779,-10238,-9697,-9156,-8615,-8074,-7533,-6992,-6451,-5910,-5369,-4828,-4287,-3746,-3205,-2664,-2123,-1582,-1041,-500
42,583,1124,1665,2206,2747,3288,3829,4370,4911,5452,5993,6534,7075,7616,8157,8698,9239,9780,10321,10862,11403,11944,12485,13026,13567,14108,14649,15190,15731,16272,16813,17354,17895,18436,18977,19518,20059,20600,21141,21682,22223,22764,23305,23846,24387,24928,25469,26010,26551,27092,27633,28174,28715,29256,29797,30338,30879,31420,31961,32502,33043,33584,34125,34666,35207,35748,36289,36830,37371,37912,38453,38994,39535,40076,40617,41158,41699,42240,42781,43322,43863,44404,44945,45486,46027,46568,47109,47650,48191,48732,49273,49814,50355,50896,51437,51978,52519,53060,53601,54142,54683,55224,55765,56306,56847,57388,57929,58470,59011,59552,60093,60634,61175,61716,62257,62798,63339,63880,64421,64962,65503,66044,66585,67126,67667,68208,68749,69290,69831,70372,70913,71454,71995,72536,73077,73618,74159,74700,75241,75782,76323,76864,77405,77946,78487,79028,79569,80110,80651,81192,81733,82274,82815,83356,83897,84438,84979,85520,86061,86602,87143,87684,88225,88766,89307,89848,90389,90930,91471,92012,92553,93094,93635,94176,94717,95258,95799,96340,96881,97422,97963,98504,99045,99586,100127,100668,101209,101750,102291,102832,103373,103914,104455,104996,105537,106078,106619,107160,107701,108242,108783,109324,109865,110406,110947,111488,112029,112570,113111,113652,114193,114734,115275,115816,116357,116898,117439,117980,118521,119062,119603,120144,120685,121226,121767,122308,122849,123390,123931,124472,125013,125554,126095,126636,127177,127718,128259,128800,129341,129882,130423,130964,131505,132046,132587,133128,133669,134210,134751,135292,135833,136374,136915,137456,137997,138538,139079,139620,140161,140702,141243,141784,142325,142866,143407,143948,144489,145030,145571,146112,-146028,-145487,-144946,-144405,-143864,-143323,-142782,-142241,-141700,-141159,-140618,-140077,-139536,-138995,-138454,-137913,-137372,-136831,-136290,-135749,-135208,-134667,-134126,-133585,-133044,-132503,-131962,-131421,-130880,-130339,-129798,-129257,-128716,-128175,-127634,-127093,-126552,-126011,-125470,-124929,-124388,-123847,-123306,-122765,-122224,-121683,-121142,-120601,-120060,-119519,-118978,-118437,-117896,-117355,-116814,-116273,-115732,-115191,-114650,-114109,-113568,-113027,-112486,-111945,-111404,-110863,-110322,-109781,-109240,-108699,-108158,-107617,-107076,-106535,-105994,-105453,-104912,-104371,-103830,-103289,-102748,-102207,-101666,-101125,-100584,-100043,-99502,-98961,-98420,-97879,-97338,-96797,-96256,-95715,-95174,-94633,-94092,-93551,-93010,-92469,-91928,-91387,-90846,-90305,-89764,-89223,-88682,-88141,-87600,-87059,-86518,-85977,-85436,-84895,-84354,-83813,-83272,-82731,-82190,-81649,-81108,-80567,-80026,-79485,-78944,-78403,-77862,-77321,-76780,-76239,-75698,-75157,-74616,-74075,-73534,-72993,-72452,-71911,-71370,-70829,-70288,-69747,-69206,-68665,-68124,-67583,-67042,-66501,-65960,-65419,-64878,-64337,-63796,-63255,-62714,-62173,-61632,-61091,-60550,-60009,-59468,-58927,-58386,-57845,-57304,-56763,-56222,-55681,-55140,-54599,-54058,-53517,-52976,-52435,-51894,-51353,-50812,-50271,-49730,-49189,-48648,-48107,-47566,-47025,-46484,-45943,-45402,-44861,-44320,-43779,-43238,-42697,-42156,-41615,-41074,-40533,-39992,-39451,-38910,-38369,-37828,-37287,-36746,-36205,-35664,-35123,-34582,-34041,-33500,-32959,-32418,-31877,-31336,-30795,-30254,-29713,-29172,-28631,-28090,-27549,-27008,-26467,-25926,-25385,-24844,-24303,-23762,-23221,-22722,-22680,-22139,-21598,-21057,-20516,-19975,-19434,-18893,-18352,-17811,-17270,-16729,-16188,-15647,-15106,-14565,-14024,-13483,-12942,-12401,-11860,-11319,-10778,-10237,-9696,-9155,-8614,-8073,-7532,-6991,-6450,-5909,-5368,-4827,-4286,-3745,-3204,-2663,-2122,-1581,-1040,-499
43,584,1125,1666,2207,2748,3289,3830,4371,4912,5453,5994,6535,7076,7617,8158,8699,9240,9781,10322,10863,11404,11945,12486,13027,13568,14109,14650,15191,15732,16273,16814,17355,17896,18437,18978,19519,20060,20601,21142,21683,22224,22765,23306,23847,24388,24929,25470,26011,26552,27093,27634,28175,28716,29257,29798,30339,30880,31421,31962,32503,33044,33585,34126,34667,35208,35749,36290,36831,37372,37913,38454,38995,39536,40077,40618,41159,41700,42241,42782,43323,43864,44405,44946,45487,46028,46569,47110,47651,48192,48733,49274,49815,50356,50897,51438,51979,52520,53061,53602,54143,54684,55225,55766,56307,56848,57389,57930,58471,59012,59553,60094,60635,61176,61717,62258,62799,63340,63881,64422,64963,65504,66045,66586,67127,67668,68209,68750,69291,69832,70373,70914,71455,71996,72537,73078,73619,74160,74701,75242,75783,76324,76865,77406,77947,78488,79029,79570,80111,80652,81193,81734,82275,82816,83357,83898,84439,84980,85521,86062,86603,87144,87685,88226,88767,89308,89849,90390,90931,91472,92013,92554,93095,93636,94177,94718,95259,95800,96341,96882,97423,97964,98505,99046,99587,100128,100669,101210,101751,102292,102833,103374,103915,104456,104997,105538,106079,106620,107161,107702,108243,108784,109325,109866,110407,110948,111489,112030,112571,113112,113653,114194,114735,115276,115817,116358,116899,117440,117981,118522,119063,119604,120145,120686,121227,121768,122309,122850,123391,123932,124473,125014,125555,126096,126637,127178,127719,128260,128801,129342,129883,130424,130965,131506,132047,132588,133129,133670,134211,134752,135293,135834,136375,136916,137457,137998,138539,139080,139621,140162,140703,141244,141785,142326,142867,143408,143949,144490,145031,145572,146113,-146027,-145486,-144945,-144404,-143863,-143322,-142781,-142240,-141699,-141158,-140617,-140076,-139535,-138994,-138453,-137912,-137371,-136830,-136289,-135748,-135207,-134666,-134125,-133584,-133043,-132502,-131961,-131420,-130879,-130338,-129797,-129256,-128715,-128174,-127633,-127092,-126551,-126010,-125469,-124928,-124387,-123846,-123305,-122764,-122223,-121682,-121141,-120600,-120059,-119518,-118977,-118436,-117895,-117354,-116813,-116272,-115731,-115190,-114649,-114108,-113567,-113026,-112485,-111944,-111403,-110862,-110321,-109780,-109239,-108698,-108157,-107616,-107075,-106534,-105993,-105452,-104911,-104370,-103829,-103288,-102747,-102206,-101665,-101124,-100583,-100042,-99501,-98960,-98419,-97878,-97337,-96796,-96255,-95714,-95173,-94632,-94091,-93550,-93009,-92468,-91927,-91386,-90845,-90304,-89763,-89222,-88681,-88140,-87599,-87058,-86517,-85976,-85435,-84894,-84353,-83812,-83271,-82730,-82189,-81648,-81107,-80566,-80025,-79484,-78943,-78402,-77861,-77320,-76779,-76238,-75697,-75156,-74615,-74074,-73533,-72992,-72451,-71910,-71369,-70828,-70287,-69746,-69205,-68664,-68123,-67582,-67041,-66500,-65959,-65418,-64877,-64336,-63795,-63254,-62713,-62172,-61631,-61090,-60549,-60008,-59467,-58926,-58385,-57844,-57303,-56762,-56221,-55680,-55139,-54598,-54057,-53516,-52975,-52434,-51893,-51352,-50811,-50270,-49729,-49188,-48647,-48106,-47565,-47024,-46483,-45942,-45401,-44860,-44319,-43778,-43237,-42696,-42155,-41614,-41073,-40532,-39991,-39450,-38909,-38368,-37827,-37286,-36745,-36204,-35663,-35122,-34581,-34040,-33499,-32958,-32417,-31876,-31335,-30794,-30253,-29712,-29171,-28630,-28089,-27548,-27007,-26466,-25925,-25384,-24843,-24302,-23761,-23263,-23220,-22679,-22138,-21597,-21056,-20515,-19974,-19433,-18892,-18351,-17810,-17269,-16728,-16187,-15646,-15105,-14564,-14023,-13482,-12941,-12400,-11859,-11318,-10777,-10236,-9695,-9154,-8613,-8072,-7531,-6990,-6449,-5908,-5367,-4826,-4285,-3744,-3203,-2662,-2121,-1580,-1039,-498
44,585,1126,1667,2208,2749,3290,3831,4372,4913,5454,5995,6536,7077,7618,8159,8700,9241,9782,10323,10864,11405,11946,12487,13028,13569,14110,14651,15192,15733,16274,16815,17356,17897,18438,18979,19520,20061,20602,21143,21684,22225,22766,23307,23848,24389,24930,25471,26012,26553,27094,27635,28176,28717,29258,29799,30340,30881,31422,31963,32504,33045,33586,34127,34668,35209,35750,36291,36832,37373,37914,38455,38996,39537,40078,40619,41160,41701,42242,42783,43324,43865,44406,44947,45488,46029,46570,47111,47652,48193,48734,49275,49816,50357,50898,51439,51980,52521,53062,53603,54144,54685,55226,55767,56308,56849,57390,57931,58472,59013,59554,60095,60636,61177,61718,62259,62800,63341,63882,64423,64964,65505,66046,66587,67128,67669,68210,68751,69292,69833,70374,70915,71456,71997,72538,73079,73620,74161,74702,75243,75784,76325,76866,77407,77948,78489,79030,79571,80112,80653,81194,81735,82276,82817,83358,83899,84440,84981,85522,86063,86604,87145,87686,88227,88768,89309,89850,90391,90932,91473,92014,92555,93096,93637,94178,94719,95260,95801,96342,96883,97424,97965,98506,99047,99588,100129,100670,101211,101752,102293,102834,103375,103916,104457,104998,105539,106080,106621,107162,107703,108244,108785,109326,109867,110408,110949,111490,112031,112572,113113,113654,114195,114736,115277,115818,116359,116900,117441,117982,118523,119064,119605,120146,120687,121228,121769,122310,122851,123392,123933,124474,125015,125556,126097,126638,127179,127720,128261,128802,129343,129884,130425,130966,131507,132048,132589,133130,133671,134212,134753,135294,135835,136376,136917,137458,137999,138540,139081,139622,140163,140704,141245,141786,142327,142868,143409,143950,144491,145032,145573,146114,-146026,-145485,-144944,-144403,-143862,-143321,-142780,-142239,-141698,-141157,-140616,-140075,-139534,-138993,-138452,-137911,-137370,-136829,-136288,-135747,-135206,-134665,-134124,-133583,-133042,-132501,-131960,-131419,-130878,-130337,-129796,-129255,-128714,-128173,-127632,-127091,-126550,-126009,-125468,-124927,-124386,-123845,-123304,-122763,-122222,-121681,-121140,-120599,-120058,-119517,-118976,-118435,-117894,-117353,-116812,-116271,-115730,-115189,-114648,-114107,-113566,-113025,-112484,-111943,-111402,-110861,-110320,-109779,-109238,-108697,-108156,-107615,-107074,-106533,-105992,-105451,-104910,-104369,-103828,-103287,-102746,-102205,-101664,-101123,-100582,-100041,-99500,-98959,-98418,-97877,-97336,-96795,-96254,-95713,-95172,-94631,-94090,-93549,-93008,-92467,-91926,-91385,-90844,-90303,-89762,-89221,-88680,-88139,-87598,-87057,-86516,-85975,-85434,-84893,-84352,-83811,-83270,-82729,-82188,-81647,-81106,-80565,-80024,-79483,-78942,-78401,-77860,-77319,-76778,-76237,-75696,-75155,-74614,-74073,-73532,-72991,-72450,-71909,-71368,-70827,-70286,-69745,-69204,-68663,-68122,-67581,-67040,-66499,-65958,-65417,-64876,-64335,-63794,-63253,-62712,-62171,-61630,-61089,-60548,-60007,-59466,-58925,-58384,-57843,-57302,-56761,-56220,-55679,-55138,-54597,-54056,-53515,-52974,-52433,-51892,-51351,-50810,-50269,-49728,-49187,-48646,-48105,-47564,-47023,-46482,-45941,-45400,-44859,-44318,-43777,-43236,-42695,-42154,-41613,-41072,-40531,-39990,-39449,-38908,-38367,-37826,-37285,-36744,-36203,-35662,-35121,-34580,-34039,-33498,-32957,-32416,-31875,-31334,-30793,-30252,-29711,-29170,-28629,-28088,-27547,-27006,-26465,-25924,-25383,-24842,-24301,-23804,-23760,-23219,-22678,-22137,-21596,-21055,-20514,-19973,-19432,-18891,-18350,-17809,-17268,-16727,-16186,-15645,-15104,-14563,-14022,-13481,-12940,-12399,-11858,-11317,-10776,-10235,-9694,-9153,-8612,-8071,-7530,-6989,-6448,-5907,-5366,-4825,-4284,-3743,-3202,-2661,-2120,-1579,-1038,-497
45,586,1127,1668,2209,2750,3291,3832,4373,4914,5455,5996,6537,7078,7619,8160,8701,9242,9783,10324,10865,11406,11947,12488,13029,13570,14111,14652,15193,15734,16275,16816,17357,17898,18439,18980,19521,20062,20603,21144,21685,22226,22767,23308,23849,24390,24931,25472,26013,26554,27095,27636,28177,28718,29259,29800,30341,30882,31423,31964,32505,33046,33587,34128,34669,35210,35751,36292,36833,37374,37915,38456,38997,39538,40079,40620,41161,41702,42243,42784,43325,43866,44407,44948,45489,46030,46571,47112,47653,48194,48735,49276,49817,50358,50899,51440,51981,52522,53063,53604,54145,54686,55227,55768,56309,56850,57391,57932,58473,59014,59555,60096,60637,61178,61719,62260,62801,63342,63883,64424,64965,65506,66047,66588,67129,67670,68211,68752,69293,69834,70375,70916,71457,71998,72539,73080,73621,74162,74703,75244,75785,76326,76867,77408,77949,78490,79031,79572,80113,80654,81195,81736,82277,82818,83359,83900,84441,84982,85523,86064,86605,87146,87687,88228,88769,89310,89851,90392,90933,91474,92015,92556,93097,93638,94179,94720,95261,95802,96343,96884,97425,97966,98507,99048,99589,100130,100671,101212,101753,102294,102835,103376,103917,104458,104999,105540,106081,106622,107163,107704,108245,108786,109327,109868,110409,110950,111491,112032,112573,113114,113655,114196,114737,115278,115819,116360,116901,117442,117983,118524,119065,119606,120147,120688,121229,121770,122311,122852,123393,123934,124475,125016,125557,126098,126639,127180,127721,128262,128803,129344,129885,130426,130967,131508,132049,132590,133131,133672,134213,134754,135295,135836,136377,136918,137459,138000,138541,139082,139623,140164,140705,141246,141787,142328,142869,143410,143951,144492,145033,145574,146115,-146025,-145484,-144943,-144402,-143861,-143320,-142779,-142238,-141697,-141156,-140615,-140074,-139533,-138992,-138451,-137910,-137369,-136828,-136287,-135746,-135205,-134664,-134123,-133582,-133041,-132500,-131959,-131418,-130877,-130336,-129795,-129254,-128713,-128172,-127631,-127090,-126549,-126008,-125467,-124926,-124385,-123844,-123303,-122762,-122221,-121680,-121139,-120598,-120057,-119516,-118975,-118434,-117893,-117352,-116811,-116270,-115729,-115188,-114647,-114106,-113565,-113024,-112483,-111942,-111401,-110860,-110319,-109778,-109237,-108696,-108155,-107614,-107073,-106532,-105991,-105450,-104909,-104368,-103827,-103286,-102745,-102204,-101663,-101122,-100581,-100040,-99499,-98958,-98417,-97876,-97335,-96794,-96253,-95712,-95171,-94630,-94089,-93548,-93007,-92466,-91925,-91384,-90843,-90302,-89761,-89220,-88679,-88138,-87597,-87056,-86515,-85974,-85433,-84892,-84351,-83810,-83269,-82728,-82187,-81646,-81105,-80564,-80023,-79482,-78941,-78400,-77859,-77318,-76777,-76236,-75695,-75154,-74613,-74072,-73531,-72990,-72449,-71908,-71367,-70826,-70285,-69744,-69203,-68662,-68121,-67580,-67039,-66498,-65957,-65416,-64875,-64334,-63793,-63252,-62711,-62170,-61629,-61088,-60547,-60006,-59465,-58924,-58383,-57842,-57301,-56760,-56219,-55678,-55137,-54596,-54055,-53514,-52973,-52432,-51891,-51350,-50809,-50268,-49727,-49186,-48645,-48104,-47563,-47022,-46481,-45940,-45399,-44858,-44317,-43776,-43235,-42694,-42153,-41612,-41071,-40530,-39989,-39448,-38907,-38366,-37825,-37284,-36743,-36202,-35661,-35120,-34579,-34038,-33497,-32956,-32415,-31874,-31333,-30792,-30251,-29710,-29169,-28628,-28087,-27546,-27005,-26464,-25923,-25382,-24841,-24345,-24300,-23759,-23218,-22677,-22136,-21595,-21054,-20513,-19972,-19431,-18890,-18349,-17808,-17267,-16726,-16185,-15644,-15103,-14562,-14021,-13480,-12939,-12398,-11857,-11316,-10775,-10234,-9693,-9152,-8611,-8070,-7529,-6988,-6447,-5906,-5365,-4824,-4283,-3742,-3201,-2660,-2119,-1578,-1037,-496
46,587,1128,1669,2210,2751,3292,3833,4374,4915,5456,5997,6538,7079,7620,8161,8702,9243,9784,10325,10866,11407,11948,12489,13030,13571,14112,14653,15194,15735,16276,16817,17358,17899,18440,18981,19522,20063,20604,21145,21686,22227,22768,23309,23850,24391,24932,25473,26014,26555,27096,27637,28178,28719,29260,29801,30342,30883,31424,31965,32506,33047,33588,34129,34670,35211,35752,36293,36834,37375,37916,38457,38998,39539,40080,40621,41162,41703,42244,42785,43326,43867,44408,44949,45490,46031,46572,47113,47654,48195,48736,49277,49818,50359,50900,51441,51982,52523,53064,53605,54146,54687,55228,55769,56310,56851,57392,57933,58474,59015,59556,60097,60638,61179,61720,62261,62802,63343,63884,64425,64966,65507,66048,66589,67130,67671,68212,68753,69294,69835,70376,70917,71458,71999,72540,73081,73622,74163,74704,75245,75786,76327,76868,77409,77950,78491,79032,79573,80114,80655,81196,81737,82278,82819,83360,83901,84442,84983,85524,86065,86606,87147,87688,88229,88770,89311,89852,90393,90934,91475,92016,92557,93098,93639,94180,94721,95262,95803,96344,96885,97426,97967,98508,99049,99590,100131,100672,101213,101754,102295,102836,103377,103918,104459,105000,105541,106082,106623,107164,107705,108246,108787,109328,109869,110410,110951,111492,112033,112574,113115,113656,114197,114738,115279,115820,116361,116902,117443,117984,118525,119066,119607,120148,120689,121230,121771,122312,122853,123394,123935,124476,125017,125558,126099,126640,127181,127722,128263,128804,129345,129886,130427,130968,131509,132050,132591,133132,133673,134214,134755,135296,135837,136378,136919,137460,138001,138542,139083,139624,140165,140706,141247,141788,142329,142870,143411,143952,144493,145034,145575,146116,-146024,-145483,-144942,-144401,-143860,-143319,-142778,-142237,-141696,-141155,-140614,-140073,-139532,-138991,-138450,-137909,-137368,-136827,-136286,-135745,-135204,-134663,-134122,-133581,-133040,-132499,-131958,-131417,-130876,-130335,-129794,-129253,-128712,-128171,-127630,-127089,-126548,-126007,-125466,-124925,-124384,-123843,-123302,-122761,-122220,-121679,-121138,-120597,-120056,-119515,-118974,-118433,-117892,-117351,-116810,-116269,-115728,-115187,-114646,-114105,-113564,-113023,-112482,-111941,-111400,-110859,-110318,-109777,-109236,-108695,-108154,-107613,-107072,-106531,-105990,-105449,-104908,-104367,-103826,-103285,-102744,-102203,-101662,-101121,-100580,-100039,-99498,-98957,-98416,-97875,-97334,-96793,-96252,-95711,-95170,-94629,-94088,-93547,-93006,-92465,-91924,-91383,-90842,-90301,-89760,-89219,-88678,-88137,-87596,-87055,-86514,-85973,-85432,-84891,-84350,-83809,-83268,-82727,-82186,-81645,-81104,-80563,-80022,-79481,-78940,-78399,-77858,-77317,-76776,-76235,-75694,-75153,-74612,-74071,-73530,-72989,-72448,-71907,-71366,-70825,-70284,-69743,-69202,-68661,-68120,-67579,-67038,-66497,-65956,-65415,-64874,-64333,-63792,-63251,-62710,-62169,-61628,-61087,-60546,-60005,-59464,-58923,-58382,-57841,-57300,-56759,-56218,-55677,-55136,-54595,-54054,-53513,-52972,-52431,-51890,-51349,-50808,-50267,-49726,-49185,-48644,-48103,-47562,-47021,-46480,-45939,-45398,-44857,-44316,-43775,-43234,-42693,-42152,-41611,-41070,-40529,-39988,-39447,-38906,-38365,-37824,-37283,-36742,-36201,-35660,-35119,-34578,-34037,-33496,-32955,-32414,-31873,-31332,-30791,-30250,-29709,-29168,-28627,-28086,-27545,-27004,-26463,-25922,-25381,-24886,-24840,-24299,-23758,-23217,-22676,-22135,-21594,-21053,-20512,-19971,-19430,-18889,-18348,-17807,-17266,-16725,-16184,-15643,-15102,-14561,-14020,-13479,-12938,-12397,-11856,-11315,-10774,-10233,-9692,-9151,-8610,-8069,-7528,-6987,-6446,-5905,-5364,-4823,-4282,-3741,-3200,-2659,-2118,-1577,-1036,-495
47,588,1129,1670,2211,2752,3293,3834,4375,4916,5457,5998,6539,7080,7621,8162,8703,9244,9785,10326,10867,11408,11949,12490,13031,13572,14113,14654,15195,15736,16277,16818,17359,17900,18441,18982,19523,20064,20605,21146,21687,22228,22769,23310,23851,24392,24933,25474,26015,26556,27097,27638,28179,28720,29261,29802,30343,30884,31425,31966,32507,33048,33589,34130,34671,35212,35753,36294,36835,37376,37917,38458,38999,39540,40081,40622,41163,41704,42245,42786,43327,43868,44409,44950,45491,46032,46573,47114,47655,48196,48737,49278,49819,50360,50901,51442,51983,52524,53065,53606,54147,54688,55229,55770,56311,56852,57393,57934,58475,59016,59557,60098,60639,61180,61721,62262,62803,63344,63885,64426,64967,65508,66049,66590,67131,67672,68213,68754,69295,69836,70377,70918,71459,72000,72541,73082,73623,74164,74705,75246,75787,76328,76869,77410,77951,78492,79033,79574,80115,80656,81197,81738,82279,82820,83361,83902,84443,84984,85525,86066,86607,87148,87689,88230,88771,89312,89853,90394,90935,91476,92017,92558,93099,93640,94181,94722,95263,95804,96345,96886,97427,97968,98509,99050,99591,100132,100673,101214,101755,102296,102837,103378,103919,104460,105001,105542,106083,106624,107165,107706,108247,108788,109329,109870,110411,110952,111493,112034,112575,113116,113657,114198,114739,115280,115821,116362,116903,117444,117985,118526,119067,119608,120149,120690,121231,121772,122313,122854,123395,123936,124477,125018,125559,126100,126641,127182,127723,128264,128805,129346,129887,130428,130969,131510,132051,132592,133133,133674,134215,134756,135297,135838,136379,136920,137461,138002,138543,139084,139625,140166,140707,141248,141789,142330,142871,143412,143953,144494,145035,145576,146117,-146023,-145482,-144941,-144400,-143859,-143318,-142777,-142236,-141695,-141154,-140613,-140072,-139531,-138990,-138449,-137908,-137367,-136826,-136285,-135744,-135203,-134662,-134121,-133580,-133039,-132498,-131957,-131416,-130875,-130334,-129793,-129252,-128711,-128170,-127629,-127088,-126547,-126006,-125465,-124924,-124383,-123842,-123301,-122760,-122219,-121678,-121137,-120596,-120055,-119514,-118973,-118432,-117891,-117350,-116809,-116268,-115727,-115186,-114645,-114104,-113563,-113022,-112481,-111940,-111399,-110858,-110317,-109776,-109235,-108694,-108153,-107612,-107071,-106530,-105989,-105448,-104907,-104366,-103825,-103284,-102743,-102202,-101661,-101120,-100579,-100038,-99497,-98956,-98415,-97874,-97333,-96792,-96251,-95710,-95169,-94628,-94087,-93546,-93005,-92464,-91923,-91382,-90841,-90300,-89759,-89218,-88677,-88136,-87595,-87054,-86513,-85972,-85431,-84890,-84349,-83808,-83267,-82726,-82185,-81644,-81103,-80562,-80021,-79480,-78939,-78398,-77857,-77316,-76775,-76234,-75693,-75152,-74611,-74070,-73529,-72988,-72447,-71906,-71365,-70824,-70283,-69742,-69201,-68660,-68119,-67578,-67037,-66496,-65955,-65414,-64873,-64332,-63791,-63250,-62709,-62168,-61627,-61086,-60545,-60004,-59463,-58922,-58381,-57840,-57299,-56758,-56217,-55676,-55135,-54594,-54053,-53512,-52971,-52430,-51889,-51348,-50807,-50266,-49725,-49184,-48643,-48102,-47561,-47020,-46479,-45938,-45397,-44856,-44315,-43774,-43233,-42692,-42151,-41610,-41069,-40528,-39987,-39446,-38905,-38364,-37823,-37282,-36741,-36200,-35659,-35118,-34577,-34036,-33495,-32954,-32413,-31872,-31331,-30790,-30249,-29708,-29167,-28626,-28085,-27544,-27003,-26462,-25921,-25427,-25380,-24839,-24298,-23757,-23216,-22675,-22134,-21593,-21052,-20511,-19970,-19429,-18888,-18347,-17806,-17265,-16724,-16183,-15642,-15101,-14560,-14019,-13478,-12937,-12396,-11855,-11314,-10773,-10232,-9691,-9150,-8609,-8068,-7527,-6986,-6445,-5904,-5363,-4822,-4281,-3740,-3199,-2658,-2117,-1576,-1035,-494
48,589,1130,1671,2212,2753,3294,3835,4376,4917,5458,5999,6540,7081,7622,8163,8704,9245,9786,10327,10868,11409,11950,12491,13032,13573,14114,14655,15196,15737,16278,16819,17360,17901,18442,18983,19524,20065,20606,21147,21688,22229,22770,23311,23852,24393,24934,25475,26016,26557,27098,27639,28180,28721,29262,29803,30344,30885,31426,31967,32508,33049,33590,34131,34672,35213,35754,36295,36836,37377,37918,38459,39000,39541,40082,40623,41164,41705,42246,42787,43328,43869,44410,44951,45492,46033,46574,47115,47656,48197,48738,49279,49820,50361,50902,51443,51984,52525,53066,53607,54148,54689,55230,55771,56312,56853,57394,57935,58476,59017,59558,60099,60640,61181,61722,62263,62804,63345,63886,64427,64968,65509,66050,66591,67132,67673,68214,68755,69296,69837,70378,70919,71460,72001,72542,73083,73624,74165,74706,75247,75788,76329,76870,77411,77952,78493,79034,79575,80116,80657,81198,81739,82280,82821,83362,83903,84444,84985,85526,86067,86608,87149,87690,88231,88772,89313,89854,90395,90936,91477,92018,92559,93100,93641,94182,94723,95264,95805,96346,96887,97428,97969,98510,99051,99592,100133,100674,101215,101756,102297,102838,103379,103920,104461,105002,105543,106084,106625,107166,107707,108248,108789,109330,109871,110412,110953,111494,112035,112576,113117,113658,114199,114740,115281,115822,116363,116904,117445,117986,118527,119068,119609,120150,120691,121232,121773,122314,122855,123396,123937,124478,125019,125560,126101,126642,127183,127724,128265,128806,129347,129888,130429,130970,131511,132052,132593,133134,133675,134216,134757,135298,135839,136380,136921,137462,138003,138544,139085,139626,140167,140708,141249,141790,142331,142872,143413,143954,144495,145036,145577,146118,-146022,-145481,-144940,-144399,-143858,-143317,-142776,-142235,-141694,-141153,-140612,-140071,-139530,-138989,-138448,-137907,-137366,-136825,-136284,-135743,-135202,-134661,-134120,-133579,-133038,-132497,-131956,-131415,-130874,-130333,-129792,-129251,-128710,-128169,-127628,-127087,-126546,-126005,-125464,-124923,-124382,-123841,-123300,-122759,-122218,-121677,-121136,-120595,-120054,-119513,-118972,-118431,-117890,-117349,-116808,-116267,-115726,-115185,-114644,-114103,-113562,-113021,-112480,-111939,-111398,-110857,-110316,-109775,-109234,-108693,-108152,-107611,-107070,-106529,-105988,-105447,-104906,-104365,-103824,-103283,-102742,-102201,-101660,-101119,-100578,-100037,-99496,-98955,-98414,-97873,-97332,-96791,-96250,-95709,-95168,-94627,-94086,-93545,-93004,-92463,-91922,-91381,-90840,-90299,-89758,-89217,-88676,-88135,-87594,-87053,-86512,-85971,-85430,-84889,-84348,-83807,-83266,-82725,-82184,-81643,-81102,-80561,-80020,-79479,-78938,-78397,-77856,-77315,-76774,-76233,-75692,-75151,-74610,-74069,-73528,-72987,-72446,-71905,-71364,-70823,-70282,-69741,-69200,-68659,-68118,-67577,-67036,-66495,-65954,-65413,-64872,-64331,-63790,-63249,-62708,-62167,-61626,-61085,-60544,-60003,-59462,-58921,-58380,-57839,-57298,-56757,-56216,-55675,-55134,-54593,-54052,-53511,-52970,-52429,-51888,-51347,-50806,-50265,-49724,-49183,-48642,-48101,-47560,-47019,-46478,-45937,-45396,-44855,-44314,-43773,-43232,-42691,-42150,-41609,-41068,-40527,-39986,-39445,-38904,-38363,-37822,-37281,-36740,-36199,-35658,-35117,-34576,-34035,-33494,-32953,-32412,-31871,-31330,-30789,-30248,-29707,-29166,-28625,-28084,-27543,-27002,-26461,-25968,-25920,-25379,-24838,-24297,-23756,-23215,-22674,-22133,-21592,-21051,-20510,-19969,-19428,-18887,-18346,-17805,-17264,-16723,-16182,-15641,-15100,-14559,-14018,-13477,-12936,-12395,-11854,-11313,-10772,-10231,-9690,-9149,-8608,-8067,-7526,-6985,-6444,-5903,-5362,-4821,-4280,-3739,-3198,-2657,-2116,-1575,-1034,-493
49,590,1131,1672,2213,2754,3295,3836,4377,4918,5459,6000,6541,7082,7623,8164,8705,9246,9787,10328,10869,11410,11951,12492,13033,13574,14115,14656,15197,15738,16279,16820,17361,17902,18443,18984,19525,20066,20607,21148,21689,22230,22771,23312,23853,24394,24935,25476,26017,26558,27099,27640,28181,28722,29263,29804,30345,30886,31427,31968,32509,33050,33591,34132,34673,35214,35755,36296,36837,37378,37919,38460,39001,39542,40083,40624,41165,41706,42247,42788,43329,43870,44411,44952,45493,46034,46575,47116,47657,48198,48739,49280,49821,50362,50903,51444,51985,52526,53067,53608,54149,54690,55231,55772,56313,56854,57395,57936,58477,59018,59559,60100,60641,61182,61723,62264,62805,63346,63887,64428,64969,65510,66051,66592,67133,67674,68215,68756,69297,69838,70379,70920,71461,72002,72543,73084,73625,74166,74707,75248,75789,76330,76871,77412,77953,78494,79035,79576,80117,80658,81199,81740,82281,82822,83363,83904,84445,84986,85527,86068,86609,87150,87691,88232,88773,89314,89855,90396,90937,91478,92019,92560,93101,93642,94183,94724,95265,95806,96347,96888,97429,97970,98511,99052,99593,100134,100675,101216,101757,102298,102839,103380,103921,104462,105003,105544,106085,106626,107167,107708,108249,108790,109331,109872,110413,110954,111495,112036,112577,113118,113659,114200,114741,115282,115823,116364,116905,117446,117987,118528,119069,119610,120151,120692,121233,121774,122315,122856,123397,123938,124479,125020,125561,126102,126643,127184,127725,128266,128807,129348,129889,130430,130971,131512,132053,132594,133135,133676,134217,134758,135299,135840,136381,136922,137463,138004,138545,139086,139627,140168,140709,141250,141791,142332,142873,143414,143955,144496,145037,145578,146119,-146021,-145480,-144939,-144398,-143857,-143316,-142775,-142234,-141693,-141152,-140611,-140070,-139529,-138988,-138447,-137906,-137365,-136824,-136283,-135742,-135201,-134660,-134119,-133578,-133037,-132496,-131955,-131414,-130873,-130332,-129791,-129250,-128709,-128168,-127627,-127086,-126545,-126004,-125463,-124922,-124381,-123840,-123299,-122758,-122217,-121676,-121135,-120594,-120053,-119512,-118971,-118430,-117889,-117348,-116807,-116266,-115725,-115184,-114643,-114102,-113561,-113020,-112479,-111938,-111397,-110856,-110315,-109774,-109233,-108692,-108151,-107610,-107069,-106528,-105987,-105446,-104905,-104364,-103823,-103282,-102741,-102200,-101659,-101118,-100577,-100036,-99495,-98954,-98413,-97872,-97331,-96790,-96249,-95708,-95167,-94626,-94085,-93544,-93003,-92462,-91921,-91380,-90839,-90298,-89757,-89216,-88675,-88134,-87593,-87052,-86511,-85970,-85429,-84888,-84347,-83806,-83265,-82724,-82183,-81642,-81101,-80560,-80019,-79478,-78937,-78396,-77855,-77314,-76773,-76232,-75691,-75150,-74609,-74068,-73527,-72986,-72445,-71904,-71363,-70822,-70281,-69740,-69199,-68658,-68117,-67576,-67035,-66494,-65953,-65412,-64871,-64330,-63789,-63248,-62707,-62166,-61625,-61084,-60543,-60002,-59461,-58920,-58379,-57838,-57297,-56756,-56215,-55674,-55133,-54592,-54051,-53510,-52969,-52428,-51887,-51346,-50805,-50264,-49723,-49182,-48641,-48100,-47559,-47018,-46477,-45936,-45395,-44854,-44313,-43772,-43231,-42690,-42149,-41608,-41067,-40526,-39985,-39444,-38903,-38362,-37821,-37280,-36739,-36198,-35657,-35116,-34575,-34034,-33493,-32952,-32411,-31870,-31329,-30788,-30247,-29706,-29165,-28624,-28083,-27542,-27001,-26509,-26460,-25919,-25378,-24837,-24296,-23755,-23214,-22673,-22132,-21591,-21050,-20509,-19968,-19427,-18886,-18345,-17804,-17263,-16722,-16181,-15640,-15099,-14558,-14017,-13476,-12935,-12394,-11853,-11312,-10771,-10230,-9689,-9148,-8607,-8066,-7525,-6984,-6443,-5902,-5361,-4820,-4279,-3738,-3197,-2656,-2115,-1574,-1033,-492
50,591,1132,1673,2214,2755,3296,3837,4378,4919,5460,6001,6542,7083,7624,8165,8706,9247,9788,10329,10870,11411,11952,12493,13034,13575,14116,14657,15198,15739,16280,16821,17362,17903,18444,18985,19526,20067,20608,21149,21690,22231,22772,23313,23854,24395,24936,25477,26018,26559,27100,27641,28182,28723,29264,29805,30346,30887,31428,31969,32510,33051,33592,34133,34674,35215,35756,36297,36838,37379,37920,38461,39002,39543,40084,40625,41166,41707,42248,42789,43330,43871,44412,44953,45494,46035,46576,47117,47658,48199,48740,49281,49822,50363,50904,51445,51986,52527,53068,53609,54150,54691,55232,55773,56314,56855,57396,57937,58478,59019,59560,60101,60642,61183,61724,62265,62806,63347,63888,64429,64970,65511,66052,66593,67134,67675,68216,68757,69298,69839,70380,70921,71462,72003,72544,73085,73626,74167,74708,75249,75790,76331,76872,77413,77954,78495,79036,79577,80118,80659,81200,81741,82282,82823,83364,83905,84446,84987,85528,86069,86610,87151,87692,88233,88774,89315,89856,90397,90938,91479,92020,92561,93102,93643,94184,94725,95266,95807,96348,96889,97430,97971,98512,99053,99594,100135,100676,101217,101758,102299,102840,103381,103922,104463,105004,105545,106086,106627,107168,107709,108250,108791,109332,109873,110414,110955,111496,112037,112578,113119,113660,114201,114742,115283,115824,116365,116906,117447,117988,118529,119070,119611,120152,120693,121234,121775,122316,122857,123398,123939,124480,125021,125562,126103,126644,127185,127726,128267,128808,129349,129890,130431,130972,131513,132054,132595,133136,133677,134218,134759,135300,135841,136382,136923,137464,138005,138546,139087,139628,140169,140710,141251,141792,142333,142874,143415,143956,144497,145038,145579,146120,-146020,-145479,-144938,-144397,-143856,-143315,-142774,-142233,-141692,-141151,-140610,-140069,-139528,-138987,-138446,-137905,-137364,-136823,-136282,-135741,-135200,-134659,-134118,-133577,-133036,-132495,-131954,-131413,-130872,-130331,-129790,-129249,-128708,-128167,-127626,-127085,-126544,-126003,-125462,-124921,-124380,-123839,-123298,-122757,-122216,-121675,-121134,-120593,-120052,-119511,-118970,-118429,-117888,-117347,-116806,-116265,-115724,-115183,-114642,-114101,-113560,-113019,-112478,-111937,-111396,-110855,-110314,-109773,-109232,-108691,-108150,-107609,-107068,-106527,-105986,-105445,-104904,-104363,-103822,-103281,-102740,-102199,-101658,-101117,-100576,-100035,-99494,-98953,-98412,-97871,-97330,-96789,-96248,-95707,-95166,-94625,-94084,-93543,-93002,-92461,-91920,-91379,-90838,-90297,-89756,-89215,-88674,-88133,-87592,-87051,-86510,-85969,-85428,-84887,-84346,-83805,-83264,-82723,-82182,-81641,-81100,-80559,-80018,-79477,-78936,-78395,-77854,-77313,-76772,-76231,-75690,-75149,-74608,-74067,-73526,-72985,-72444,-71903,-71362,-70821,-70280,-69739,-69198,-68657,-68116,-67575,-67034,-66493,-65952,-65411,-64870,-64329,-63788,-63247,-62706,-62165,-61624,-61083,-60542,-60001,-59460,-58919,-58378,-57837,-57296,-56755,-56214,-55673,-55132,-54591,-54050,-53509,-52968,-52427,-51886,-51345,-50804,-50263,-49722,-49181,-48640,-48099,-47558,-47017,-46476,-45935,-45394,-44853,-44312,-43771,-43230,-42689,-42148,-41607,-41066,-40525,-39984,-39443,-38902,-38361,-37820,-37279,-36738,-36197,-35656,-35115,-34574,-34033,-33492,-32951,-32410,-31869,-31328,-30787,-30246,-29705,-29164,-28623,-28082,-27541,-27050,-27000,-26459,-25918,-25377,-24836,-24295,-23754,-23213,-22672,-22131,-21590,-21049,-20508,-19967,-19426,-18885,-18344,-17803,-17262,-16721,-16180,-15639,-15098,-14557,-14016,-13475,-12934,-12393,-11852,-11311,-10770,-10229,-9688,-9147,-8606,-8065,-7524,-6983,-6442,-5901,-5360,-4819,-4278,-3737,-3196,-2655,-2114,-1573,-1032,-491
51,592,1133,1674,2215,2756,3297,3838,4379,4920,5461,6002,6543,7084,7625,8166,8707,9248,9789,10330,10871,11412,11953,12494,13035,13576,14117,14658,15199,15740,16281,16822,17363,17904,18445,18986,19527,20068,20609,21150,21691,22232,22773,23314,23855,24396,24937,25478,26019,26560,27101,27642,28183,28724,29265,29806,30347,30888,31429,31970,32511,33052,33593,34134,34675,35216,35757,36298,36839,37380,37921,38462,39003,39544,40085,40626,41167,41708,42249,42790,43331,43872,44413,44954,45495,46036,46577,47118,47659,48200,48741,49282,49823,50364,50905,51446,51987,52528,53069,53610,54151,54692,55233,55774,56315,56856,57397,57938,58479,59020,59561,60102,60643,61184,61725,62266,62807,63348,63889,64430,64971,65512,66053,66594,67135,67676,68217,68758,69299,69840,70381,70922,71463,72004,72545,73086,73627,74168,74709,75250,75791,76332,76873,77414,77955,78496,79037,79578,80119,80660,81201,81742,82283,82824,83365,83906,84447,84988,85529,86070,86611,87152,87693,88234,88775,89316,89857,90398,90939,91480,92021,92562,93103,93644,94185,94726,95267,95808,96349,96890,97431,97972,98513,99054,99595,100136,100677,101218,101759,102300,102841,103382,103923,104464,105005,105546,106087,106628,107169,107710,108251,108792,109333,109874,110415,110956,111497,112038,112579,113120,113661,114202,114743,115284,115825,116366,116907,117448,117989,118530,119071,119612,120153,120694,121235,121776,122317,122858,123399,123940,124481,125022,125563,126104,126645,127186,127727,128268,128809,129350,129891,130432,130973,131514,132055,132596,133137,133678,134219,134760,135301,135842,136383,136924,137465,138006,138547,139088,139629,140170,140711,141252,141793,142334,142875,143416,143957,144498,145039,145580,146121,-146019,-145478,-144937,-144396,-143855,-143314,-142773,-142232,-141691,-141150,-140609,-140068,-139527,-138986,-138445,-137904,-137363,-136822,-136281,-135740,-135199,-134658,-134117,-133576,-133035,-132494,-131953,-131412,-130871,-130330,-129789,-129248,-128707,-128166,-127625,-127084,-126543,-126002,-125461,-124920,-124379,-123838,-123297,-122756,-122215,-121674,-121133,-120592,-120051,-119510,-118969,-118428,-117887,-117346,-116805,-116264,-115723,-115182,-114641,-114100,-113559,-113018,-112477,-111936,-111395,-110854,-110313,-109772,-109231,-108690,-108149,-107608,-107067,-106526,-105985,-105444,-104903,-104362,-103821,-103280,-102739,-102198,-101657,-101116,-100575,-100034,-99493,-98952,-98411,-97870,-97329,-96788,-96247,-95706,-95165,-94624,-94083,-93542,-93001,-92460,-91919,-91378,-90837,-90296,-89755,-89214,-88673,-88132,-87591,-87050,-86509,-85968,-85427,-84886,-84345,-83804,-83263,-82722,-82181,-81640,-81099,-80558,-80017,-79476,-78935,-78394,-77853,-77312,-76771,-76230,-75689,-75148,-74607,-74066,-73525,-72984,-72443,-71902,-71361,-70820,-70279,-69738,-69197,-68656,-68115,-67574,-67033,-66492,-65951,-65410,-64869,-64328,-63787,-63246,-62705,-62164,-61623,-61082,-60541,-60000,-59459,-58918,-58377,-57836,-57295,-56754,-56213,-55672,-55131,-54590,-54049,-53508,-52967,-52426,-51885,-51344,-50803,-50262,-49721,-49180,-48639,-48098,-47557,-47016,-46475,-45934,-45393,-44852,-44311,-43770,-43229,-42688,-42147,-41606,-41065,-40524,-39983,-39442,-38901,-38360,-37819,-37278,-36737,-36196,-35655,-35114,-34573,-34032,-33491,-32950,-32409,-31868,-31327,-30786,-30245,-29704,-29163,-28622,-28081,-27591,-27540,-26999,-26458,-25917,-25376,-24835,-24294,-23753,-23212,-22671,-22130,-21589,-21048,-20507,-19966,-19425,-18884,-18343,-17802,-17261,-16720,-16179,-15638,-15097,-14556,-14015,-13474,-12933,-12392,-11851,-11310,-10769,-10228,-9687,-9146,-8605,-8064,-7523,-6982,-6441,-5900,-5359,-4818,-4277,-3736,-3195,-2654,-2113,-1572,-1031,-490
52,593,1134,1675,2216,2757,3298,3839,4380,4921,5462,6003,6544,7085,7626,8167,8708,9249,9790,10331,10872,11413,11954,12495,13036,13577,14118,14659,15200,15741,16282,16823,17364,17905,18446,18987,19528,20069,20610,21151,21692,22233,22774,23315,23856,24397,24938,25479,26020,26561,27102,27643,28184,28725,29266,29807,30348,30889,31430,31971,32512,33053,33594,34135,34676,35217,35758,36299,36840,37381,37922,38463,39004,39545,40086,40627,41168,41709,42250,42791,43332,43873,44414,44955,45496,46037,46578,47119,47660,48201,48742,49283,49824,50365,50906,51447,51988,52529,53070,53611,54152,54693,55234,55775,56316,56857,57398,57939,58480,59021,59562,60103,60644,61185,61726,62267,62808,63349,63890,64431,64972,65513,66054,66595,67136,67677,68218,68759,69300,69841,70382,70923,71464,72005,72546,73087,73628,74169,74710,75251,75792,76333,76874,77415,77956,78497,79038,79579,80120,80661,81202,81743,82284,82825,83366,83907,84448,84989,85530,86071,86612,87153,87694,88235,88776,89317,89858,90399,90940,91481,92022,92563,93104,93645,94186,94727,95268,95809,96350,96891,97432,97973,98514,99055,99596,100137,100678,101219,101760,102301,102842,103383,103924,104465,105006,105547,106088,106629,107170,107711,108252,108793,109334,109875,110416,110957,111498,112039,112580,113121,113662,114203,114744,115285,115826,116367,116908,117449,117990,118531,119072,119613,120154,120695,121236,121777,122318,122859,123400,123941,124482,125023,125564,126105,126646,127187,127728,128269,128810,129351,129892,130433,130974,131515,132056,132597,133138,133679,134220,134761,135302,135843,136384,136925,137466,138007,138548,139089,139630,140171,140712,141253,141794,142335,142876,143417,143958,144499,145040,145581,146122,-146018,-145477,-144936,-144395,-143854,-143313,-142772,-142231,-141690,-141149,-140608,-140067,-139526,-138985,-138444,-137903,-137362,-136821,-136280,-135739,-135198,-134657,-134116,-133575,-133034,-132493,-131952,-131411,-130870,-130329,-129788,-129247,-128706,-128165,-127624,-127083,-126542,-126001,-125460,-124919,-124378,-123837,-123296,-122755,-122214,-121673,-121132,-120591,-120050,-119509,-118968,-118427,-117886,-117345,-116804,-116263,-115722,-115181,-114640,-114099,-113558,-113017,-112476,-111935,-111394,-110853,-110312,-109771,-109230,-108689,-108148,-107607,-107066,-106525,-105984,-105443,-104902,-104361,-103820,-103279,-102738,-102197,-101656,-101115,-100574,-100033,-99492,-98951,-98410,-97869,-97328,-96787,-96246,-95705,-95164,-94623,-94082,-93541,-93000,-92459,-91918,-91377,-90836,-90295,-89754,-89213,-88672,-88131,-87590,-87049,-86508,-85967,-85426,-84885,-84344,-83803,-83262,-82721,-82180,-81639,-81098,-80557,-80016,-79475,-78934,-78393,-77852,-77311,-76770,-76229,-75688,-75147,-74606,-74065,-73524,-72983,-72442,-71901,-71360,-70819,-70278,-69737,-69196,-68655,-68114,-67573,-67032,-66491,-65950,-65409,-64868,-64327,-63786,-63245,-62704,-62163,-61622,-61081,-60540,-59999,-59458,-58917,-58376,-57835,-57294,-56753,-56212,-55671,-55130,-54589,-54048,-53507,-52966,-52425,-51884,-51343,-50802,-50261,-49720,-49179,-48638,-48097,-47556,-47015,-46474,-45933,-45392,-44851,-44310,-43769,-43228,-42687,-42146,-41605,-41064,-40523,-39982,-39441,-38900,-38359,-37818,-37277,-36736,-36195,-35654,-35113,-34572,-34031,-33490,-32949,-32408,-31867,-31326,-30785,-30244,-29703,-29162,-28621,-28132,-28080,-27539,-26998,-26457,-25916,-25375,-24834,-24293,-23752,-23211,-22670,-22129,-21588,-21047,-20506,-19965,-19424,-18883,-18342,-17801,-17260,-16719,-16178,-15637,-15096,-14555,-14014,-13473,-12932,-12391,-11850,-11309,-10768,-10227,-9686,-9145,-8604,-8063,-7522,-6981,-6440,-5899,-5358,-4817,-4276,-3735,-3194,-2653,-2112,-1571,-1030,-489
53,594,1135,1676,2217,2758,3299,3840,4381,4922,5463,6004,6545,7086,7627,8168,8709,9250,9791,10332,10873,11414,11955,12496,13037,13578,14119,14660,15201,15742,16283,16824,17365,17906,18447,18988,19529,20070,20611,21152,21693,22234,22775,23316,23857,24398,24939,25480,26021,26562,27103,27644,28185,28726,29267,29808,30349,30890,31431,31972,32513,33054,33595,34136,34677,35218,35759,36300,36841,37382,37923,38464,39005,39546,40087,40628,41169,41710,42251,42792,43333,43874,44415,44956,45497,46038,46579,47120,47661,48202,48743,49284,49825,50366,50907,51448,51989,52530,53071,53612,54153,54694,55235,55776,56317,56858,57399,57940,58481,59022,59563,60104,60645,61186,61727,62268,62809,63350,63891,64432,64973,65514,66055,66596,67137,67678,68219,68760,69301,69842,70383,70924,71465,72006,72547,73088,73629,74170,74711,75252,75793,76334,76875,77416,77957,78498,79039,79580,80121,80662,81203,81744,82285,82826,83367,83908,84449,84990,85531,86072,86613,87154,87695,88236,88777,89318,89859,90400,90941,91482,92023,92564,93105,93646,94187,94728,95269,95810,96351,96892,97433,97974,98515,99056,99597,100138,100679,101220,101761,102302,102843,103384,103925,104466,105007,105548,106089,106630,107171,107712,108253,108794,109335,109876,110417,110958,111499,112040,112581,113122,113663,114204,114745,115286,115827,116368,116909,117450,117991,118532,119073,119614,120155,120696,121237,121778,122319,122860,123401,123942,124483,125024,125565,126106,126647,127188,127729,128270,128811,129352,129893,130434,130975,131516,132057,132598,133139,133680,134221,134762,135303,135844,136385,136926,137467,138008,138549,139090,139631,140172,140713,141254,141795,142336,142877,143418,143959,144500,145041,145582,146123,-146017,-145476,-144935,-144394,-143853,-143312,-142771,-142230,-141689,-141148,-140607,-140066,-139525,-138984,-138443,-137902,-137361,-136820,-136279,-135738,-135197,-134656,-134115,-133574,-133033,-132492,-131951,-131410,-130869,-130328,-129787,-129246,-128705,-128164,-127623,-127082,-126541,-126000,-125459,-124918,-124377,-123836,-123295,-122754,-122213,-121672,-121131,-120590,-120049,-119508,-118967,-118426,-117885,-117344,-116803,-116262,-115721,-115180,-114639,-114098,-113557,-113016,-112475,-111934,-111393,-110852,-110311,-109770,-109229,-108688,-108147,-107606,-107065,-106524,-105983,-105442,-104901,-104360,-103819,-103278,-102737,-102196,-101655,-101114,-100573,-100032,-99491,-98950,-98409,-97868,-97327,-96786,-96245,-95704,-95163,-94622,-94081,-93540,-92999,-92458,-91917,-91376,-90835,-90294,-89753,-89212,-88671,-88130,-87589,-87048,-86507,-85966,-85425,-84884,-84343,-83802,-83261,-82720,-82179,-81638,-81097,-80556,-80015,-79474,-78933,-78392,-77851,-77310,-76769,-76228,-75687,-75146,-74605,-74064,-73523,-72982,-72441,-71900,-71359,-70818,-70277,-69736,-69195,-68654,-68113,-67572,-67031,-66490,-65949,-65408,-64867,-64326,-63785,-63244,-62703,-62162,-61621,-61080,-60539,-59998,-59457,-58916,-58375,-57834,-57293,-56752,-56211,-55670,-55129,-54588,-54047,-53506,-52965,-52424,-51883,-51342,-50801,-50260,-49719,-49178,-48637,-48096,-47555,-47014,-46473,-45932,-45391,-44850,-44309,-43768,-43227,-42686,-42145,-41604,-41063,-40522,-39981,-39440,-38899,-38358,-37817,-37276,-36735,-36194,-35653,-35112,-34571,-34030,-33489,-32948,-32407,-31866,-31325,-30784,-30243,-29702,-29161,-28673,-28620,-28079,-27538,-26997,-26456,-25915,-25374,-24833,-24292,-23751,-23210,-22669,-22128,-21587,-21046,-20505,-19964,-19423,-18882,-18341,-17800,-17259,-16718,-16177,-15636,-15095,-14554,-14013,-13472,-12931,-12390,-11849,-11308,-10767,-10226,-9685,-9144,-8603,-8062,-7521,-6980,-6439,-5898,-5357,-4816,-4275,-3734,-3193,-2652,-2111,-1570,-1029,-488
54,595,1136,1677,2218,2759,3300,3841,4382,4923,5464,6005,6546,7087,7628,8169,8710,9251,9792,10333,10874,11415,11956,12497,13038,13579,14120,14661,15202,15743,16284,16825,17366,17907,18448,18989,19530,20071,20612,21153,21694,22235,22776,23317,23858,24399,24940,25481,26022,26563,27104,27645,28186,28727,29268,29809,30350,30891,31432,31973,32514,33055,33596,34137,34678,35219,35760,36301,36842,37383,37924,38465,39006,39547,40088,40629,41170,41711,42252,42793,43334,43875,44416,44957,45498,46039,46580,47121,47662,48203,48744,49285,49826,50367,50908,51449,51990,52531,53072,53613,54154,54695,55236,55777,56318,56859,57400,57941,58482,59023,59564,60105,60646,61187,61728,62269,62810,63351,63892,64433,64974,65515,66056,66597,67138,67679,68220,68761,69302,69843,70384,70925,71466,72007,72548,73089,73630,74171,74712,75253,75794,76335,76876,77417,77958,78499,79040,79581,80122,80663,81204,81745,82286,82827,83368,83909,84450,84991,85532,86073,86614,87155,87696,88237,88778,89319,89860,90401,90942,91483,92024,92565,93106,93647,94188,94729,95270,95811,96352,96893,97434,97975,98516,99057,99598,100139,100680,101221,101762,102303,102844,103385,103926,104467,105008,105549,106090,106631,107172,107713,108254,108795,109336,109877,110418,110959,111500,112041,112582,113123,113664,114205,114746,115287,115828,116369,116910,117451,117992,118533,119074,119615,120156,120697,121238,121779,122320,122861,123402,123943,124484,125025,125566,126107,126648,127189,127730,128271,128812,129353,129894,130435,130976,131517,132058,132599,133140,133681,134222,134763,135304,135845,136386,136927,137468,138009,138550,139091,139632,140173,140714,141255,141796,142337,142878,143419,143960,144501,145042,145583,146124,-146016,-145475,-144934,-144393,-143852,-143311,-142770,-142229,-141688,-141147,-140606,-140065,-139524,-138983,-138442,-137901,-137360,-136819,-136278,-135737,-135196,-134655,-134114,-133573,-133032,-132491,-131950,-131409,-130868,-130327,-129786,-129245,-128704,-128163,-127622,-127081,-126540,-125999,-125458,-124917,-124376,-123835,-123294,-122753,-122212,-121671,-121130,-120589,-120048,-119507,-118966,-118425,-117884,-117343,-116802,-116261,-115720,-115179,-114638,-114097,-113556,-113015,-112474,-111933,-111392,-110851,-110310,-109769,-109228,-108687,-108146,-107605,-107064,-106523,-105982,-105441,-104900,-104359,-103818,-103277,-102736,-102195,-101654,-101113,-100572,-100031,-99490,-98949,-98408,-97867,-97326,-96785,-96244,-95703,-95162,-94621,-94080,-93539,-92998,-92457,-91916,-91375,-90834,-90293,-89752,-89211,-88670,-88129,-87588,-87047,-86506,-85965,-85424,-84883,-84342,-83801,-83260,-82719,-82178,-81637,-81096,-80555,-80014,-79473,-78932,-78391,-77850,-77309,-76768,-76227,-75686,-75145,-74604,-74063,-73522,-72981,-72440,-71899,-71358,-70817,-70276,-69735,-69194,-68653,-68112,-67571,-67030,-66489,-65948,-65407,-64866,-64325,-63784,-63243,-62702,-62161,-61620,-61079,-60538,-59997,-59456,-58915,-58374,-57833,-57292,-56751,-56210,-55669,-55128,-54587,-54046,-53505,-52964,-52423,-51882,-51341,-50800,-50259,-49718,-49177,-48636,-48095,-47554,-47013,-46472,-45931,-45390,-44849,-44308,-43767,-43226,-42685,-42144,-41603,-41062,-40521,-39980,-39439,-38898,-38357,-37816,-37275,-36734,-36193,-35652,-35111,-34570,-34029,-33488,-32947,-32406,-31865,-31324,-30783,-30242,-29701,-29214,-29160,-28619,-28078,-27537,-26996,-26455,-25914,-25373,-24832,-24291,-23750,-23209,-22668,-22127,-21586,-21045,-20504,-19963,-19422,-18881,-18340,-17799,-17258,-16717,-16176,-15635,-15094,-14553,-14012,-13471,-12930,-12389,-11848,-11307,-10766,-10225,-9684,-9143,-8602,-8061,-7520,-6979,-6438,-5897,-5356,-4815,-4274,-3733,-3192,-2651,-2110,-1569,-1028,-487
55,596,1137,1678,2219,2760,3301,3842,4383,4924,5465,6006,6547,7088,7629,8170,8711,9252,9793,10334,10875,11416,11957,12498,13039,13580,14121,14662,15203,15744,16285,16826,17367,17908,18449,18990,19531,20072,20613,21154,21695,22236,22777,23318,23859,24400,24941,25482,26023,26564,27105,27646,28187,28728,29269,29810,30351,30892,31433,31974,32515,33056,33597,34138,34679,35220,35761,36302,36843,37384,37925,38466,39007,39548,40089,40630,41171,41712,42253,42794,43335,43876,44417,44958,45499,46040,46581,47122,47663,48204,48745,49286,49827,50368,50909,51450,51991,52532,53073,53614,54155,54696,55237,55778,56319,56860,57401,57942,58483,59024,59565,60106,60647,61188,61729,62270,62811,63352,63893,64434,64975,65516,66057,66598,67139,67680,68221,68762,69303,69844,70385,70926,71467,72008,72549,73090,73631,74172,74713,75254,75795,76336,76877,77418,77959,78500,79041,79582,80123,80664,81205,81746,82287,82828,83369,83910,84451,84992,85533,86074,86615,87156,87697,88238,88779,89320,89861,90402,90943,91484,92025,92566,93107,93648,94189,94730,95271,95812,96353,96894,97435,97976,98517,99058,99599,100140,100681,101222,101763,102304,102845,103386,103927,104468,105009,105550,106091,106632,107173,107714,108255,108796,109337,109878,110419,110960,111501,112042,112583,113124,113665,114206,114747,115288,115829,116370,116911,117452,117993,118534,119075,119616,120157,120698,121239,121780,122321,122862,123403,123944,124485,125026,125567,126108,126649,127190,127731,128272,128813,129354,129895,130436,130977,131518,132059,132600,133141,133682,134223,134764,135305,135846,136387,136928,137469,138010,138551,139092,139633,140174,140715,141256,141797,142338,142879,143420,143961,144502,145043,145584,146125,-146015,-145474,-144933,-144392,-143851,-143310,-142769,-142228,-141687,-141146,-140605,-140064,-139523,-138982,-138441,-137900,-137359,-136818,-136277,-135736,-135195,-134654,-134113,-133572,-133031,-132490,-131949,-131408,-130867,-130326,-129785,-129244,-128703,-128162,-127621,-127080,-126539,-125998,-125457,-124916,-124375,-123834,-123293,-122752,-122211,-121670,-121129,-120588,-120047,-119506,-118965,-118424,-117883,-117342,-116801,-116260,-115719,-115178,-114637,-114096,-113555,-113014,-112473,-111932,-111391,-110850,-110309,-109768,-109227,-108686,-108145,-107604,-107063,-106522,-105981,-105440,-104899,-104358,-103817,-103276,-102735,-102194,-101653,-101112,-100571,-100030,-99489,-98948,-98407,-97866,-97325,-96784,-96243,-95702,-95161,-94620,-94079,-93538,-92997,-92456,-91915,-91374,-90833,-90292,-89751,-89210,-88669,-88128,-87587,-87046,-86505,-85964,-85423,-84882,-84341,-83800,-83259,-82718,-82177,-81636,-81095,-80554,-80013,-79472,-78931,-78390,-77849,-77308,-76767,-76226,-75685,-75144,-74603,-74062,-73521,-72980,-72439,-71898,-71357,-70816,-70275,-69734,-69193,-68652,-68111,-67570,-67029,-66488,-65947,-65406,-64865,-64324,-63783,-63242,-62701,-62160,-61619,-61078,-60537,-59996,-59455,-58914,-58373,-57832,-57291,-56750,-56209,-55668,-55127,-54586,-54045,-53504,-52963,-52422,-51881,-51340,-50799,-50258,-49717,-49176,-48635,-48094,-47553,-47012,-46471,-45930,-45389,-44848,-44307,-43766,-43225,-42684,-42143,-41602,-41061,-40520,-39979,-39438,-38897,-38356,-37815,-37274,-36733,-36192,-35651,-35110,-34569,-34028,-33487,-32946,-32405,-31864,-31323,-30782,-30241,-29755,-29700,-29159,-28618,-28077,-27536,-26995,-26454,-25913,-25372,-24831,-24290,-23749,-23208,-22667,-22126,-21585,-21044,-20503,-19962,-19421,-18880,-18339,-17798,-17257,-16716,-16175,-15634,-15093,-14552,-14011,-13470,-12929,-12388,-11847,-11306,-10765,-10224,-9683,-9142,-8601,-8060,-7519,-6978,-6437,-5896,-5355,-4814,-4273,-3732,-3191,-2650,-2109,-1568,-1027,-486
56,597,1138,1679,2220,2761,3302,3843,4384,4925,5466,6007,6548,7089,7630,8171,8712,9253,9794,10335,10876,11417,11958,12499,13040,13581,14122,14663,15204,15745,16286,16827,17368,17909,18450,18991,19532,20073,20614,21155,21696,22237,22778,23319,23860,24401,24942,25483,26024,26565,27106,27647,28188,28729,29270,29811,30352,30893,31434,31975,32516,33057,33598,34139,34680,35221,35762,36303,36844,37385,37926,38467,39008,39549,40090,40631,41172,41713,42254,42795,43336,43877,44418,44959,45500,46041,46582,47123,47664,48205,48746,49287,49828,50369,50910,51451,51992,52533,53074,53615,54156,54697,55238,55779,56320,56861,57402,57943,58484,59025,59566,60107,60648,61189,61730,62271,62812,63353,63894,64435,64976,65517,66058,66599,67140,67681,68222,68763,69304,69845,70386,70927,71468,72009,72550,73091,73632,74173,74714,75255,75796,76337,76878,77419,77960,78501,79042,79583,80124,80665,81206,81747,82288,82829,83370,83911,84452,84993,85534,86075,86616,87157,87698,88239,88780,89321,89862,90403,90944,91485,92026,92567,93108,93649,94190,94731,95272,95813,96354,96895,97436,97977,98518,99059,99600,100141,100682,101223,101764,102305,102846,103387,103928,104469,105010,105551,106092,106633,107174,107715,108256,108797,109338,109879,110420,110961,111502,112043,112584,113125,113666,114207,114748,115289,115830,116371,116912,117453,117994,118535,119076,119617,120158,120699,121240,121781,122322,122863,123404,123945,124486,125027,125568,126109,126650,127191,127732,128273,128814,129355,129896,130437,130978,131519,132060,132601,133142,133683,134224,134765,135306,135847,136388,136929,137470,138011,138552,139093,139634,140175,140716,141257,141798,142339,142880,143421,143962,144503,145044,145585,146126,-146014,-145473,-144932,-144391,-143850,-143309,-142768,-142227,-141686,-141145,-140604,-140063,-139522,-138981,-138440,-137899,-137358,-136817,-136276,-135735,-135194,-134653,-134112,-133571,-133030,-132489,-131948,-131407,-130866,-130325,-129784,-129243,-128702,-128161,-127620,-127079,-126538,-125997,-125456,-124915,-124374,-123833,-123292,-122751,-122210,-121669,-121128,-120587,-120046,-119505,-118964,-118423,-117882,-117341,-116800,-116259,-115718,-115177,-114636,-114095,-113554,-113013,-112472,-111931,-111390,-110849,-110308,-109767,-109226,-108685,-108144,-107603,-107062,-106521,-105980,-105439,-104898,-104357,-103816,-103275,-102734,-102193,-101652,-101111,-100570,-100029,-99488,-98947,-98406,-97865,-97324,-96783,-96242,-95701,-95160,-94619,-94078,-93537,-92996,-92455,-91914,-91373,-90832,-90291,-89750,-89209,-88668,-88127,-87586,-87045,-86504,-85963,-85422,-84881,-84340,-83799,-83258,-82717,-82176,-81635,-81094,-80553,-80012,-79471,-78930,-78389,-77848,-77307,-76766,-76225,-75684,-75143,-74602,-74061,-73520,-72979,-72438,-71897,-71356,-70815,-70274,-69733,-69192,-68651,-68110,-67569,-67028,-66487,-65946,-65405,-64864,-64323,-63782,-63241,-62700,-62159,-61618,-61077,-60536,-59995,-59454,-58913,-58372,-57831,-57290,-56749,-56208,-55667,-55126,-54585,-54044,-53503,-52962,-52421,-51880,-51339,-50798,-50257,-49716,-49175,-48634,-48093,-47552,-47011,-46470,-45929,-45388,-44847,-44306,-43765,-43224,-42683,-42142,-41601,-41060,-40519,-39978,-39437,-38896,-38355,-37814,-37273,-36732,-36191,-35650,-35109,-34568,-34027,-33486,-32945,-32404,-31863,-31322,-30781,-30296,-30240,-29699,-29158,-28617,-28076,-27535,-26994,-26453,-25912,-25371,-24830,-24289,-23748,-23207,-22666,-22125,-21584,-21043,-20502,-19961,-19420,-18879,-18338,-17797,-17256,-16715,-16174,-15633,-15092,-14551,-14010,-13469,-12928,-12387,-11846,-11305,-10764,-10223,-9682,-9141,-8600,-8059,-7518,-6977,-6436,-5895,-5354,-4813,-4272,-3731,-3190,-2649,-2108,-1567,-1026,-485
57,598,1139,1680,2221,2762,3303,3844,4385,4926,5467,6008,6549,7090,7631,8172,8713,9254,9795,10336,10877,11418,11959,12500,13041,13582,14123,14664,15205,15746,16287,16828,17369,17910,18451,18992,19533,20074,20615,21156,21697,22238,22779,23320,23861,24402,24943,25484,26025,26566,27107,27648,28189,28730,29271,29812,30353,30894,31435,31976,32517,33058,33599,34140,34681,35222,35763,36304,36845,37386,37927,38468,39009,39550,40091,40632,41173,41714,42255,42796,43337,43878,44419,44960,45501,46042,46583,47124,47665,48206,48747,49288,49829,50370,50911,51452,51993,52534,53075,53616,54157,54698,55239,55780,56321,56862,57403,57944,58485,59026,59567,60108,60649,61190,61731,62272,62813,63354,63895,64436,64977,65518,66059,66600,67141,67682,68223,68764,69305,69846,70387,70928,71469,72010,72551,73092,73633,74174,74715,75256,75797,76338,76879,77420,77961,78502,79043,79584,80125,80666,81207,81748,82289,82830,83371,83912,84453,84994,85535,86076,86617,87158,87699,88240,88781,89322,89863,90404,90945,91486,92027,92568,93109,93650,94191,94732,95273,95814,96355,96896,97437,97978,98519,99060,99601,100142,100683,101224,101765,102306,102847,103388,103929,104470,105011,105552,106093,106634,107175,107716,108257,108798,109339,109880,110421,110962,111503,112044,112585,113126,113667,114208,114749,115290,115831,116372,116913,117454,117995,118536,119077,119618,120159,120700,121241,121782,122323,122864,123405,123946,124487,125028,125569,126110,126651,127192,127733,128274,128815,129356,129897,130438,130979,131520,132061,132602,133143,133684,134225,134766,135307,135848,136389,136930,137471,138012,138553,139094,139635,140176,140717,141258,141799,142340,142881,143422,143963,144504,145045,145586,146127,-146013,-145472,-144931,-144390,-143849,-143308,-142767,-142226,-141685,-141144,-140603,-140062,-139521,-138980,-138439,-137898,-137357,-136816,-136275,-135734,-135193,-134652,-134111,-133570,-133029,-132488,-131947,-131406,-130865,-130324,-129783,-129242,-128701,-128160,-127619,-127078,-126537,-125996,-125455,-124914,-124373,-123832,-123291,-122750,-122209,-121668,-121127,-120586,-120045,-119504,-118963,-118422,-117881,-117340,-116799,-116258,-115717,-115176,-114635,-114094,-113553,-113012,-112471,-111930,-111389,-110848,-110307,-109766,-109225,-108684,-108143,-107602,-107061,-106520,-105979,-105438,-104897,-104356,-103815,-103274,-102733,-102192,-101651,-101110,-100569,-100028,-99487,-98946,-98405,-97864,-97323,-96782,-96241,-95700,-95159,-94618,-94077,-93536,-92995,-92454,-91913,-91372,-90831,-90290,-89749,-89208,-88667,-88126,-87585,-87044,-86503,-85962,-85421,-84880,-84339,-83798,-83257,-82716,-82175,-81634,-81093,-80552,-80011,-79470,-78929,-78388,-77847,-77306,-76765,-76224,-75683,-75142,-74601,-74060,-73519,-72978,-72437,-71896,-71355,-70814,-70273,-69732,-69191,-68650,-68109,-67568,-67027,-66486,-65945,-65404,-64863,-64322,-63781,-63240,-62699,-62158,-61617,-61076,-60535,-59994,-59453,-58912,-58371,-57830,-57289,-56748,-56207,-55666,-55125,-54584,-54043,-53502,-52961,-52420,-51879,-51338,-50797,-50256,-49715,-49174,-48633,-48092,-47551,-47010,-46469,-45928,-45387,-44846,-44305,-43764,-43223,-42682,-42141,-41600,-41059,-40518,-39977,-39436,-38895,-38354,-37813,-37272,-36731,-36190,-35649,-35108,-34567,-34026,-33485,-32944,-32403,-31862,-31321,-30837,-30780,-30239,-29698,-29157,-28616,-28075,-27534,-26993,-26452,-25911,-25370,-24829,-24288,-23747,-23206,-22665,-22124,-21583,-21042,-20501,-19960,-19419,-18878,-18337,-17796,-17255,-16714,-16173,-15632,-15091,-14550,-14009,-13468,-12927,-12386,-11845,-11304,-10763,-10222,-9681,-9140,-8599,-8058,-7517,-6976,-6435,-5894,-5353,-4812,-4271,-3730,-3189,-2648,-2107,-1566,-1025,-484
58,599,1140,1681,2222,2763,3304,3845,4386,4927,5468,6009,6550,7091,7632,8173,8714,9255,9796,10337,10878,11419,11960,12501,13042,13583,14124,14665,15206,15747,16288,16829,17370,17911,18452,18993,19534,20075,20616,21157,21698,22239,22780,23321,23862,24403,24944,25485,26026,26567,27108,27649,28190,28731,29272,29813,30354,30895,31436,31977,32518,33059,33600,34141,34682,35223,35764,36305,36846,37387,37928,38469,39010,39551,40092,40633,41174,41715,42256,42797,43338,43879,44420,44961,45502,46043,46584,47125,47666,48207,48748,49289,49830,50371,50912,51453,51994,52535,53076,53617,54158,54699,55240,55781,56322,56863,57404,57945,58486,59027,59568,60109,60650,61191,61732,62273,62814,63355,63896,64437,64978,65519,66060,66601,67142,67683,68224,68765,69306,69847,70388,70929,71470,72011,72552,73093,73634,74175,74716,75257,75798,76339,76880,77421,77962,78503,79044,79585,80126,80667,81208,81749,82290,82831,83372,83913,84454,84995,85536,86077,86618,87159,87700,88241,88782,89323,89864,90405,90946,91487,92028,92569,93110,93651,94192,94733,95274,95815,96356,96897,97438,97979,98520,99061,99602,100143,100684,101225,101766,102307,102848,103389,103930,104471,105012,105553,106094,106635,107176,107717,108258,108799,109340,109881,110422,110963,111504,112045,112586,113127,113668,114209,114750,115291,115832,116373,116914,117455,117996,118537,119078,119619,120160,120701,121242,121783,122324,122865,123406,123947,124488,125029,125570,126111,126652,127193,127734,128275,128816,129357,129898,130439,130980,131521,132062,132603,133144,133685,134226,134767,135308,135849,136390,136931,137472,138013,138554,139095,139636,140177,140718,141259,141800,142341,142882,143423,143964,144505,145046,145587,146128,-146012,-145471,-144930,-144389,-143848,-143307,-142766,-142225,-141684,-141143,-140602,-140061,-139520,-138979,-138438,-137897,-137356,-136815,-136274,-135733,-135192,-134651,-134110,-133569,-133028,-132487,-131946,-131405,-130864,-130323,-129782,-129241,-128700,-128159,-127618,-127077,-126536,-125995,-125454,-124913,-124372,-123831,-123290,-122749,-122208,-121667,-121126,-120585,-120044,-119503,-118962,-118421,-117880,-117339,-116798,-116257,-115716,-115175,-114634,-114093,-113552,-113011,-112470,-111929,-111388,-110847,-110306,-109765,-109224,-108683,-108142,-107601,-107060,-106519,-105978,-105437,-104896,-104355,-103814,-103273,-102732,-102191,-101650,-101109,-100568,-100027,-99486,-98945,-98404,-97863,-97322,-96781,-96240,-95699,-95158,-94617,-94076,-93535,-92994,-92453,-91912,-91371,-90830,-90289,-89748,-89207,-88666,-88125,-87584,-87043,-86502,-85961,-85420,-84879,-84338,-83797,-83256,-82715,-82174,-81633,-81092,-80551,-80010,-79469,-78928,-78387,-77846,-77305,-76764,-76223,-75682,-75141,-74600,-74059,-73518,-72977,-72436,-71895,-71354,-70813,-70272,-69731,-69190,-68649,-68108,-67567,-67026,-66485,-65944,-65403,-64862,-64321,-63780,-63239,-62698,-62157,-61616,-61075,-60534,-59993,-59452,-58911,-58370,-57829,-57288,-56747,-56206,-55665,-55124,-54583,-54042,-53501,-52960,-52419,-51878,-51337,-50796,-50255,-49714,-49173,-48632,-48091,-47550,-47009,-46468,-45927,-45386,-44845,-44304,-43763,-43222,-42681,-42140,-41599,-41058,-40517,-39976,-39435,-38894,-38353,-37812,-37271,-36730,-36189,-35648,-35107,-34566,-34025,-33484,-32943,-32402,-31861,-31378,-31320,-30779,-30238,-29697,-29156,-28615,-28074,-27533,-26992,-26451,-25910,-25369,-24828,-24287,-23746,-23205,-22664,-22123,-21582,-21041,-20500,-19959,-19418,-18877,-18336,-17795,-17254,-16713,-16172,-15631,-15090,-14549,-14008,-13467,-12926,-12385,-11844,-11303,-10762,-10221,-9680,-9139,-8598,-8057,-7516,-6975,-6434,-5893,-5352,-4811,-4270,-3729,-3188,-2647,-2106,-1565,-1024,-483
59,600,1141,1682,2223,2764,3305,3846,4387,4928,5469,6010,6551,7092,7633,8174,8715,9256,9797,10338,10879,11420,11961,12502,13043,13584,14125,14666,15207,15748,16289,16830,17371,17912,18453,18994,19535,20076,20617,21158,21699,22240,22781,23322,23863,24404,24945,25486,26027,26568,27109,27650,28191,28732,29273,29814,30355,30896,31437,31978,32519,33060,33601,34142,34683,35224,35765,36306,36847,37388,37929,38470,39011,39552,40093,40634,41175,41716,42257,42798,43339,43880,44421,44962,45503,46044,46585,47126,47667,48208,48749,49290,49831,50372,50913,51454,51995,52536,53077,53618,54159,54700,55241,55782,56323,56864,57405,57946,58487,59028,59569,60110,60651,61192,61733,62274,62815,63356,63897,64438,64979,65520,66061,66602,67143,67684,68225,68766,69307,69848,70389,70930,71471,72012,72553,73094,73635,74176,74717,75258,75799,76340,76881,77422,77963,78504,79045,79586,80127,80668,81209,81750,82291,82832,83373,83914,84455,84996,85537,86078,86619,87160,87701,88242,88783,89324,89865,90406,90947,91488,92029,92570,93111,93652,94193,94734,95275,95816,96357,96898,97439,97980,98521,99062,99603,100144,100685,101226,101767,102308,102849,103390,103931,104472,105013,105554,106095,106636,107177,107718,108259,108800,109341,109882,110423,110964,111505,112046,112587,113128,113669,114210,114751,115292,115833,116374,116915,117456,117997,118538,119079,119620,120161,120702,121243,121784,122325,122866,123407,123948,124489,125030,125571,126112,126653,127194,127735,128276,128817,129358,129899,130440,130981,131522,132063,132604,133145,133686,134227,134768,135309,135850,136391,136932,137473,138014,138555,139096,139637,140178,140719,141260,141801,142342,142883,143424,143965,144506,145047,145588,146129,-146011,-145470,-144929,-144388,-143847,-143306,-142765,-142224,-141683,-141142,-140601,-140060,-139519,-138978,-138437,-137896,-137355,-136814,-136273,-135732,-135191,-134650,-134109,-133568,-133027,-132486,-131945,-131404,-130863,-130322,-129781,-129240,-128699,-128158,-127617,-127076,-126535,-125994,-125453,-124912,-124371,-123830,-123289,-122748,-122207,-121666,-121125,-120584,-120043,-119502,-118961,-118420,-117879,-117338,-116797,-116256,-115715,-115174,-114633,-114092,-113551,-113010,-112469,-111928,-111387,-110846,-110305,-109764,-109223,-108682,-108141,-107600,-107059,-106518,-105977,-105436,-104895,-104354,-103813,-103272,-102731,-102190,-101649,-101108,-100567,-100026,-99485,-98944,-98403,-97862,-97321,-96780,-96239,-95698,-95157,-94616,-94075,-93534,-92993,-92452,-91911,-91370,-90829,-90288,-89747,-89206,-88665,-88124,-87583,-87042,-86501,-85960,-85419,-84878,-84337,-83796,-83255,-82714,-82173,-81632,-81091,-80550,-80009,-79468,-78927,-78386,-77845,-77304,-76763,-76222,-75681,-75140,-74599,-74058,-73517,-72976,-72435,-71894,-71353,-70812,-70271,-69730,-69189,-68648,-68107,-67566,-67025,-66484,-65943,-65402,-64861,-64320,-63779,-63238,-62697,-62156,-61615,-61074,-60533,-59992,-59451,-58910,-58369,-57828,-57287,-56746,-56205,-55664,-55123,-54582,-54041,-53500,-52959,-52418,-51877,-51336,-50795,-50254,-49713,-49172,-48631,-48090,-47549,-47008,-46467,-45926,-45385,-44844,-44303,-43762,-43221,-42680,-42139,-41598,-41057,-40516,-39975,-39434,-38893,-38352,-37811,-37270,-36729,-36188,-35647,-35106,-34565,-34024,-33483,-32942,-32401,-31919,-31860,-31319,-30778,-30237,-29696,-29155,-28614,-28073,-27532,-26991,-26450,-25909,-25368,-24827,-24286,-23745,-23204,-22663,-22122,-21581,-21040,-20499,-19958,-19417,-18876,-18335,-17794,-17253,-16712,-16171,-15630,-15089,-14548,-14007,-13466,-12925,-12384,-11843,-11302,-10761,-10220,-9679,-9138,-8597,-8056,-7515,-6974,-6433,-5892,-5351,-4810,-4269,-3728,-3187,-2646,-2105,-1564,-1023,-482
60,601,1142,1683,2224,2765,3306,3847,4388,4929,5470,6011,6552,7093,7634,8175,8716,9257,9798,10339,10880,11421,11962,12503,13044,13585,14126,14667,15208,15749,16290,16831,17372,17913,18454,18995,19536,20077,20618,21159,21700,22241,22782,23323,23864,24405,24946,25487,26028,26569,27110,27651,28192,28733,29274,29815,30356,30897,31438,31979,32520,33061,33602,34143,34684,35225,35766,36307,36848,37389,37930,38471,39012,39553,40094,40635,41176,41717,42258,42799,43340,43881,44422,44963,45504,46045,46586,47127,47668,48209,48750,49291,49832,50373,50914,51455,51996,52537,53078,53619,54160,54701,55242,55783,56324,56865,57406,57947,58488,59029,59570,60111,60652,61193,61734,62275,62816,63357,63898,64439,64980,65521,66062,66603,67144,67685,68226,68767,69308,69849,70390,70931,71472,72013,72554,73095,73636,74177,74718,75259,75800,76341,76882,77423,77964,78505,79046,79587,80128,80669,81210,81751,82292,82833,83374,83915,84456,84997,85538,86079,86620,87161,87702,88243,88784,89325,89866,90407,90948,91489,92030,92571,93112,93653,94194,94735,95276,95817,96358,96899,97440,97981,98522,99063,99604,100145,100686,101227,101768,102309,102850,103391,103932,104473,105014,105555,106096,106637,107178,107719,108260,108801,109342,109883,110424,110965,111506,112047,112588,113129,113670,114211,114752,115293,115834,116375,116916,117457,117998,118539,119080,119621,120162,120703,121244,121785,122326,122867,123408,123949,124490,125031,125572,126113,126654,127195,127736,128277,128818,129359,129900,130441,130982,131523,132064,132605,133146,133687,134228,134769,135310,135851,136392,136933,137474,138015,138556,139097,139638,140179,140720,141261,141802,142343,142884,143425,143966,144507,145048,145589,146130,-146010,-145469,-144928,-144387,-143846,-143305,-142764,-142223,-141682,-141141,-140600,-140059,-139518,-138977,-138436,-137895,-137354,-136813,-136272,-135731,-135190,-134649,-134108,-133567,-133026,-132485,-131944,-131403,-130862,-130321,-129780,-129239,-128698,-128157,-127616,-127075,-126534,-125993,-125452,-124911,-124370,-123829,-123288,-122747,-122206,-121665,-121124,-120583,-120042,-119501,-118960,-118419,-117878,-117337,-116796,-116255,-115714,-115173,-114632,-114091,-113550,-113009,-112468,-111927,-111386,-110845,-110304,-109763,-109222,-108681,-108140,-107599,-107058,-106517,-105976,-105435,-104894,-104353,-103812,-103271,-102730,-102189,-101648,-101107,-100566,-100025,-99484,-98943,-98402,-97861,-97320,-96779,-96238,-95697,-95156,-94615,-94074,-93533,-92992,-92451,-91910,-91369,-90828,-90287,-89746,-89205,-88664,-88123,-87582,-87041,-86500,-85959,-85418,-84877,-84336,-83795,-83254,-82713,-82172,-81631,-81090,-80549,-80008,-79467,-78926,-78385,-77844,-77303,-76762,-76221,-75680,-75139,-74598,-74057,-73516,-72975,-72434,-71893,-71352,-70811,-70270,-69729,-69188,-68647,-68106,-67565,-67024,-66483,-65942,-65401,-64860,-64319,-63778,-63237,-62696,-62155,-61614,-61073,-60532,-59991,-59450,-58909,-58368,-57827,-57286,-56745,-56204,-55663,-55122,-54581,-54040,-53499,-52958,-52417,-51876,-51335,-50794,-50253,-49712,-49171,-48630,-48089,-47548,-47007,-46466,-45925,-45384,-44843,-44302,-43761,-43220,-42679,-42138,-41597,-41056,-40515,-39974,-39433,-38892,-38351,-37810,-37269,-36728,-36187,-35646,-35105,-34564,-34023,-33482,-32941,-32460,-32400,-31859,-31318,-30777,-30236,-29695,-29154,-28613,-28072,-27531,-26990,-26449,-25908,-25367,-24826,-24285,-23744,-23203,-22662,-22121,-21580,-21039,-20498,-19957,-19416,-18875,-18334,-17793,-17252,-16711,-16170,-15629,-15088,-14547,-14006,-13465,-12924,-12383,-11842,-11301,-10760,-10219,-9678,-9137,-8596,-8055,-7514,-6973,-6432,-5891,-5350,-4809,-4268,-3727,-3186,-2645,-2104,-1563,-1022,-481
61,602,1143,1684,2225,2766,3307,3848,4389,4930,5471,6012,6553,7094,7635,8176,8717,9258,9799,10340,10881,11422,11963,12504,13045,13586,14127,14668,15209,15750,16291,16832,17373,17914,18455,18996,19537,20078,20619,21160,21701,22242,22783,23324,23865,24406,24947,25488,26029,26570,27111,27652,28193,28734,29275,29816,30357,30898,31439,31980,32521,33062,33603,34144,34685,35226,35767,36308,36849,37390,37931,38472,39013,39554,40095,40636,41177,41718,42259,42800,43341,43882,44423,44964,45505,46046,46587,47128,47669,48210,48751,49292,49833,50374,50915,51456,51997,52538,53079,53620,54161,54702,55243,55784,56325,56866,57407,57948,58489,59030,59571,60112,60653,61194,61735,62276,62817,63358,63899,64440,64981,65522,66063,66604,67145,67686,68227,68768,69309,69850,70391,70932,71473,72014,72555,73096,73637,74178,74719,75260,75801,76342,76883,77424,77965,78506,79047,79588,80129,80670,81211,81752,82293,82834,83375,83916,84457,84998,85539,86080,86621,87162,87703,88244,88785,89326,89867,90408,90949,91490,92031,92572,93113,93654,94195,94736,95277,95818,96359,96900,97441,97982,98523,99064,99605,100146,100687,101228,101769,102310,102851,103392,103933,104474,105015,105556,106097,106638,107179,107720,108261,108802,109343,109884,110425,110966,111507,112048,112589,113130,113671,114212,114753,115294,115835,116376,116917,117458,117999,118540,119081,119622,120163,120704,121245,121786,122327,122868,123409,123950,124491,125032,125573,126114,126655,127196,127737,128278,128819,129360,129901,130442,130983,131524,132065,132606,133147,133688,134229,134770,135311,135852,136393,136934,137475,138016,138557,139098,139639,140180,140721,141262,141803,142344,142885,143426,143967,144508,145049,145590,146131,-146009,-145468,-144927,-144386,-143845,-143304,-142763,-142222,-141681,-141140,-140599,-140058,-139517,-138976,-138435,-137894,-137353,-136812,-136271,-135730,-135189,-134648,-134107,-133566,-133025,-132484,-131943,-131402,-130861,-130320,-129779,-129238,-128697,-128156,-127615,-127074,-126533,-125992,-125451,-124910,-124369,-123828,-123287,-122746,-122205,-121664,-121123,-120582,-120041,-119500,-118959,-118418,-117877,-117336,-116795,-116254,-115713,-115172,-114631,-114090,-113549,-113008,-112467,-111926,-111385,-110844,-110303,-109762,-109221,-108680,-108139,-107598,-107057,-106516,-105975,-105434,-104893,-104352,-103811,-103270,-102729,-102188,-101647,-101106,-100565,-100024,-99483,-98942,-98401,-97860,-97319,-96778,-96237,-95696,-95155,-94614,-94073,-93532,-92991,-92450,-91909,-91368,-90827,-90286,-89745,-89204,-88663,-88122,-87581,-87040,-86499,-85958,-85417,-84876,-84335,-83794,-83253,-82712,-82171,-81630,-81089,-80548,-80007,-79466,-78925,-78384,-77843,-77302,-76761,-76220,-75679,-75138,-74597,-74056,-73515,-72974,-72433,-71892,-71351,-70810,-70269,-69728,-69187,-68646,-68105,-67564,-67023,-66482,-65941,-65400,-64859,-64318,-63777,-63236,-62695,-62154,-61613,-61072,-60531,-59990,-59449,-58908,-58367,-57826,-57285,-56744,-56203,-55662,-55121,-54580,-54039,-53498,-52957,-52416,-51875,-51334,-50793,-50252,-49711,-49170,-48629,-48088,-47547,-47006,-46465,-45924,-45383,-44842,-44301,-43760,-43219,-42678,-42137,-41596,-41055,-40514,-39973,-39432,-38891,-38350,-37809,-37268,-36727,-36186,-35645,-35104,-34563,-34022,-33481,-33001,-32940,-32399,-31858,-31317,-30776,-30235,-29694,-29153,-28612,-28071,-27530,-26989,-26448,-25907,-25366,-24825,-24284,-23743,-23202,-22661,-22120,-21579,-21038,-20497,-19956,-19415,-18874,-18333,-17792,-17251,-16710,-16169,-15628,-15087,-14546,-14005,-13464,-12923,-12382,-11841,-11300,-10759,-10218,-9677,-9136,-8595,-8054,-7513,-6972,-6431,-5890,-5349,-4808,-4267,-3726,-3185,-2644,-2103,-1562,-1021,-480
62,603,1144,1685,2226,2767,3308,3849,4390,4931,5472,6013,6554,7095,7636,8177,8718,9259,9800,10341,10882,11423,11964,12505,13046,13587,14128,14669,15210,15751,16292,16833,17374,17915,18456,18997,19538,20079,20620,21161,21702,22243,22784,23325,23866,24407,24948,25489,26030,26571,27112,27653,28194,28735,29276,29817,30358,30899,31440,31981,32522,33063,33604,34145,34686,35227,35768,36309,36850,37391,37932,38473,39014,39555,40096,40637,41178,41719,42260,42801,43342,43883,44424,44965,45506,46047,46588,47129,47670,48211,48752,49293,49834,50375,50916,51457,51998,52539,53080,53621,54162,54703,55244,55785,56326,56867,57408,57949,58490,59031,59572,60113,60654,61195,61736,62277,62818,63359,63900,64441,64982,65523,66064,66605,67146,67687,68228,68769,69310,69851,70392,70933,71474,72015,72556,73097,73638,74179,74720,75261,75802,76343,76884,77425,77966,78507,79048,79589,80130,80671,81212,81753,82294,82835,83376,83917,84458,84999,85540,86081,86622,87163,87704,88245,88786,89327,89868,90409,90950,91491,92032,92573,93114,93655,94196,94737,95278,95819,96360,96901,97442,97983,98524,99065,99606,100147,100688,101229,101770,102311,102852,103393,103934,104475,105016,105557,106098,106639,107180,107721,108262,108803,109344,109885,110426,110967,111508,112049,112590,113131,113672,114213,114754,115295,115836,116377,116918,117459,118000,118541,119082,119623,120164,120705,121246,121787,122328,122869,123410,123951,124492,125033,125574,126115,126656,127197,127738,128279,128820,129361,129902,130443,130984,131525,132066,132607,133148,133689,134230,134771,135312,135853,136394,136935,137476,138017,138558,139099,139640,140181,140722,141263,141804,142345,142886,143427,143968,144509,145050,145591,146132,-146008,-145467,-144926,-144385,-143844,-143303,-142762,-142221,-141680,-141139,-140598,-140057,-139516,-138975,-138434,-137893,-137352,-136811,-136270,-135729,-135188,-134647,-134106,-133565,-133024,-132483,-131942,-131401,-130860,-130319,-129778,-129237,-128696,-128155,-127614,-127073,-126532,-125991,-125450,-124909,-124368,-123827,-123286,-122745,-122204,-121663,-121122,-120581,-120040,-119499,-118958,-118417,-117876,-117335,-116794,-116253,-115712,-115171,-114630,-114089,-113548,-113007,-112466,-111925,-111384,-110843,-110302,-109761,-109220,-108679,-108138,-107597,-107056,-106515,-105974,-105433,-104892,-104351,-103810,-103269,-102728,-102187,-101646,-101105,-100564,-100023,-99482,-98941,-98400,-97859,-97318,-96777,-96236,-95695,-95154,-94613,-94072,-93531,-92990,-92449,-91908,-91367,-90826,-90285,-89744,-89203,-88662,-88121,-87580,-87039,-86498,-85957,-85416,-84875,-84334,-83793,-83252,-82711,-82170,-81629,-81088,-80547,-80006,-79465,-78924,-78383,-77842,-77301,-76760,-76219,-75678,-75137,-74596,-74055,-73514,-72973,-72432,-71891,-71350,-70809,-70268,-69727,-69186,-68645,-68104,-67563,-67022,-66481,-65940,-65399,-64858,-64317,-63776,-63235,-62694,-62153,-61612,-61071,-60530,-59989,-59448,-58907,-58366,-57825,-57284,-56743,-56202,-55661,-55120,-54579,-54038,-53497,-52956,-52415,-51874,-51333,-50792,-50251,-49710,-49169,-48628,-48087,-47546,-47005,-46464,-45923,-45382,-44841,-44300,-43759,-43218,-42677,-42136,-41595,-41054,-40513,-39972,-39431,-38890,-38349,-37808,-37267,-36726,-36185,-35644,-35103,-34562,-34021,-33542,-33480,-32939,-32398,-31857,-31316,-30775,-30234,-29693,-29152,-28611,-28070,-27529,-26988,-26447,-25906,-25365,-24824,-24283,-23742,-23201,-22660,-22119,-21578,-21037,-20496,-19955,-19414,-18873,-18332,-17791,-17250,-16709,-16168,-15627,-15086,-14545,-14004,-13463,-12922,-12381,-11840,-11299,-10758,-10217,-9676,-9135,-8594,-8053,-7512,-6971,-6430,-5889,-5348,-4807,-4266,-3725,-3184,-2643,-2102,-1561,-1020,-479
63,604,1145,1686,2227,2768,3309,3850,4391,4932,5473,6014,6555,7096,7637,8178,8719,9260,9801,10342,10883,11424,11965,12506,13047,13588,14129,14670,15211,15752,16293,16834,17375,17916,18457,18998,19539,20080,20621,21162,21703,22244,22785,23326,23867,24408,24949,25490,26031,26572,27113,27654,28195,28736,29277,29818,30359,30900,31441,31982,32523,33064,33605,34146,34687,35228,35769,36310,36851,37392,37933,38474,39015,39556,40097,40638,41179,41720,42261,42802,43343,43884,44425,44966,45507,46048,46589,47130,47671,48212,48753,49294,49835,50376,50917,51458,51999,52540,53081,53622,54163,54704,55245,55786,56327,56868,57409,57950,58491,59032,59573,60114,60655,61196,61737,62278,62819,63360,63901,64442,64983,65524,66065,66606,67147,67688,68229,68770,69311,69852,70393,70934,71475,72016,72557,73098,73639,74180,74721,75262,75803,76344,76885,77426,77967,78508,79049,79590,80131,80672,81213,81754,82295,82836,83377,83918,84459,85000,85541,86082,86623,87164,87705,88246,88787,89328,89869,90410,90951,91492,92033,92574,93115,93656,94197,94738,95279,95820,96361,96902,97443,97984,98525,99066,99607,100148,100689,101230,101771,102312,102853,103394,103935,104476,105017,105558,106099,106640,107181,107722,108263,108804,109345,109886,110427,110968,111509,112050,112591,113132,113673,114214,114755,115296,115837,116378,116919,117460,118001,118542,119083,119624,120165,120706,121247,121788,122329,122870,123411,123952,124493,125034,125575,126116,126657,127198,127739,128280,128821,129362,129903,130444,130985,131526,132067,132608,133149,133690,134231,134772,135313,135854,136395,136936,137477,138018,138559,139100,139641,140182,140723,141264,141805,142346,142887,143428,143969,144510,145051,145592,146133,-146007,-145466,-144925,-144384,-143843,-143302,-142761,-142220,-141679,-141138,-140597,-140056,-139515,-138974,-138433,-137892,-137351,-136810,-136269,-135728,-135187,-134646,-134105,-133564,-133023,-132482,-131941,-131400,-130859,-130318,-129777,-129236,-128695,-128154,-127613,-127072,-126531,-125990,-125449,-124908,-124367,-123826,-123285,-122744,-122203,-121662,-121121,-120580,-120039,-119498,-118957,-118416,-117875,-117334,-116793,-116252,-115711,-115170,-114629,-114088,-113547,-113006,-112465,-111924,-111383,-110842,-110301,-109760,-109219,-108678,-108137,-107596,-107055,-106514,-105973,-105432,-104891,-104350,-103809,-103268,-102727,-102186,-101645,-101104,-100563,-100022,-99481,-98940,-98399,-97858,-97317,-96776,-96235,-95694,-95153,-94612,-94071,-93530,-92989,-92448,-91907,-91366,-90825,-90284,-89743,-89202,-88661,-88120,-87579,-87038,-86497,-85956,-85415,-84874,-84333,-83792,-83251,-82710,-82169,-81628,-81087,-80546,-80005,-79464,-78923,-78382,-77841,-77300,-76759,-76218,-75677,-75136,-74595,-74054,-73513,-72972,-72431,-71890,-71349,-70808,-70267,-69726,-69185,-68644,-68103,-67562,-67021,-66480,-65939,-65398,-64857,-64316,-63775,-63234,-62693,-62152,-61611,-61070,-60529,-59988,-59447,-58906,-58365,-57824,-57283,-56742,-56201,-55660,-55119,-54578,-54037,-53496,-52955,-52414,-51873,-51332,-50791,-50250,-49709,-49168,-48627,-48086,-47545,-47004,-46463,-45922,-45381,-44840,-44299,-43758,-43217,-42676,-42135,-41594,-41053,-40512,-39971,-39430,-38889,-38348,-37807,-37266,-36725,-36184,-35643,-35102,-34561,-34083,-34020,-33479,-32938,-32397,-31856,-31315,-30774,-30233,-29692,-29151,-28610,-28069,-27528,-26987,-26446,-25905,-25364,-24823,-24282,-23741,-23200,-22659,-22118,-21577,-21036,-20495,-19954,-19413,-18872,-18331,-17790,-17249,-16708,-16167,-15626,-15085,-14544,-14003,-13462,-12921,-12380,-11839,-11298,-10757,-10216,-9675,-9134,-8593,-8052,-7511,-6970,-6429,-5888,-5347,-4806,-4265,-3724,-3183,-2642,-2101,-1560,-1019,-478
64,605,1146,1687,2228,2769,3310,3851,4392,4933,5474,6015,6556,7097,7638,8179,8720,9261,9802,10343,10884,11425,11966,12507,13048,13589,14130,14671,15212,15753,16294,16835,17376,17917,18458,18999,19540,20081,20622,21163,21704,22245,22786,23327,23868,24409,24950,25491,26032,26573,27114,27655,28196,28737,29278,29819,30360,30901,31442,31983,32524,33065,33606,34147,34688,35229,35770,36311,36852,37393,37934,38475,39016,39557,40098,40639,41180,41721,42262,42803,43344,43885,44426,44967,45508,46049,46590,47131,47672,48213,48754,49295,49836,50377,50918,51459,52000,52541,53082,53623,54164,54705,55246,55787,56328,56869,57410,57951,58492,59033,59574,60115,60656,61197,61738,62279,62820,63361,63902,64443,64984,65525,66066,66607,67148,67689,68230,68771,69312,69853,70394,70935,71476,72017,72558,73099,73640,74181,74722,75263,75804,76345,76886,77427,77968,78509,79050,79591,80132,80673,81214,81755,82296,82837,83378,83919,84460,85001,85542,86083,86624,87165,87706,88247,88788,89329,89870,90411,90952,91493,92034,92575,93116,93657,94198,94739,95280,95821,96362,96903,97444,97985,98526,99067,99608,100149,100690,101231,101772,102313,102854,103395,103936,104477,105018,105559,106100,106641,107182,107723,108264,108805,109346,109887,110428,110969,111510,112051,112592,113133,113674,114215,114756,115297,115838,116379,116920,117461,118002,118543,119084,119625,120166,120707,121248,121789,122330,122871,123412,123953,124494,125035,125576,126117,126658,127199,127740,128281,128822,129363,129904,130445,130986,131527,132068,132609,133150,133691,134232,134773,135314,135855,136396,136937,137478,138019,138560,139101,139642,140183,140724,141265,141806,142347,142888,143429,143970,144511,145052,145593,146134,-146006,-145465,-144924,-144383,-143842,-143301,-142760,-142219,-141678,-141137,-140596,-140055,-139514,-138973,-138432,-137891,-137350,-136809,-136268,-135727,-135186,-134645,-134104,-133563,-133022,-132481,-131940,-131399,-130858,-130317,-129776,-129235,-128694,-128153,-127612,-127071,-126530,-125989,-125448,-124907,-124366,-123825,-123284,-122743,-122202,-121661,-121120,-120579,-120038,-119497,-118956,-118415,-117874,-117333,-116792,-116251,-115710,-115169,-114628,-114087,-113546,-113005,-112464,-111923,-111382,-110841,-110300,-109759,-109218,-108677,-108136,-107595,-107054,-106513,-105972,-105431,-104890,-104349,-103808,-103267,-102726,-102185,-101644,-101103,-100562,-100021,-99480,-98939,-98398,-97857,-97316,-96775,-96234,-95693,-95152,-94611,-94070,-93529,-92988,-92447,-91906,-91365,-90824,-90283,-89742,-89201,-88660,-88119,-87578,-87037,-86496,-85955,-85414,-84873,-84332,-83791,-83250,-82709,-82168,-81627,-81086,-80545,-80004,-79463,-78922,-78381,-77840,-77299,-76758,-76217,-75676,-75135,-74594,-74053,-73512,-72971,-72430,-71889,-71348,-70807,-70266,-69725,-69184,-68643,-68102,-67561,-67020,-66479,-65938,-65397,-64856,-64315,-63774,-63233,-62692,-62151,-61610,-61069,-60528,-59987,-59446,-58905,-58364,-57823,-57282,-56741,-56200,-55659,-55118,-54577,-54036,-53495,-52954,-52413,-51872,-51331,-50790,-50249,-49708,-49167,-48626,-48085,-47544,-47003,-46462,-45921,-45380,-44839,-44298,-43757,-43216,-42675,-42134,-41593,-41052,-40511,-39970,-39429,-38888,-38347,-37806,-37265,-36724,-36183,-35642,-35101,-34624,-34560,-34019,-33478,-32937,-32396,-31855,-31314,-30773,-30232,-29691,-29150,-28609,-28068,-27527,-26986,-26445,-25904,-25363,-24822,-24281,-23740,-23199,-22658,-22117,-21576,-21035,-20494,-19953,-19412,-18871,-18330,-17789,-17248,-16707,-16166,-15625,-15084,-14543,-14002,-13461,-12920,-12379,-11838,-11297,-10756,-10215,-9674,-9133,-8592,-8051,-7510,-6969,-6428,-5887,-5346,-4805,-4264,-3723,-3182,-2641,-2100,-1559,-1018,-477
65,606,1147,1688,2229,2770,3311,3852,4393,4934,5475,6016,6557,7098,7639,8180,8721,9262,9803,10344,10885,11426,11967,12508,13049,13590,14131,14672,15213,15754,16295,16836,17377,17918,18459,19000,19541,20082,20623,21164,21705,22246,22787,23328,23869,24410,24951,25492,26033,26574,27115,27656,28197,28738,29279,29820,30361,30902,31443,31984,32525,33066,33607,34148,34689,35230,35771,36312,36853,37394,37935,38476,39017,39558,40099,40640,41181,41722,42263,42804,43345,43886,44427,44968,45509,46050,46591,47132,47673,48214,48755,49296,49837,50378,50919,51460,52001,52542,53083,53624,54165,54706,55247,55788,56329,56870,57411,57952,58493,59034,59575,60116,60657,61198,61739,62280,62821,63362,63903,64444,64985,65526,66067,66608,67149,67690,68231,68772,69313,69854,70395,70936,71477,72018,72559,73100,73641,74182,74723,75264,75805,76346,76887,77428,77969,78510,79051,79592,80133,80674,81215,81756,82297,82838,83379,83920,84461,85002,85543,86084,86625,87166,87707,88248,88789,89330,89871,90412,90953,91494,92035,92576,93117,93658,94199,94740,95281,95822,96363,96904,97445,97986,98527,99068,99609,100150,100691,101232,101773,102314,102855,103396,103937,104478,105019,105560,106101,106642,107183,107724,108265,108806,109347,109888,110429,110970,111511,112052,112593,113134,113675,114216,114757,115298,115839,116380,116921,117462,118003,118544,119085,119626,120167,120708,121249,121790,122331,122872,123413,123954,124495,125036,125577,126118,126659,127200,127741,128282,128823,129364,129905,130446,130987,131528,132069,132610,133151,133692,134233,134774,135315,135856,136397,136938,137479,138020,138561,139102,139643,140184,140725,141266,141807,142348,142889,143430,143971,144512,145053,145594,146135,-146005,-145464,-144923,-144382,-143841,-143300,-142759,-142218,-141677,-141136,-140595,-140054,-139513,-138972,-138431,-137890,-137349,-136808,-136267,-135726,-135185,-134644,-134103,-133562,-133021,-132480,-131939,-131398,-130857,-130316,-129775,-129234,-128693,-128152,-127611,-127070,-126529,-125988,-125447,-124906,-124365,-123824,-123283,-122742,-122201,-121660,-121119,-120578,-120037,-119496,-118955,-118414,-117873,-117332,-116791,-116250,-115709,-115168,-114627,-114086,-113545,-113004,-112463,-111922,-111381,-110840,-110299,-109758,-109217,-108676,-108135,-107594,-107053,-106512,-105971,-105430,-104889,-104348,-103807,-103266,-102725,-102184,-101643,-101102,-100561,-100020,-99479,-98938,-98397,-97856,-97315,-96774,-96233,-95692,-95151,-94610,-94069,-93528,-92987,-92446,-91905,-91364,-90823,-90282,-89741,-89200,-88659,-88118,-87577,-87036,-86495,-85954,-85413,-84872,-84331,-83790,-83249,-82708,-82167,-81626,-81085,-80544,-80003,-79462,-78921,-78380,-77839,-77298,-76757,-76216,-75675,-75134,-74593,-74052,-73511,-72970,-72429,-71888,-71347,-70806,-70265,-69724,-69183,-68642,-68101,-67560,-67019,-66478,-65937,-65396,-64855,-64314,-63773,-63232,-62691,-62150,-61609,-61068,-60527,-59986,-59445,-58904,-58363,-57822,-57281,-56740,-56199,-55658,-55117,-54576,-54035,-53494,-52953,-52412,-51871,-51330,-50789,-50248,-49707,-49166,-48625,-48084,-47543,-47002,-46461,-45920,-45379,-44838,-44297,-43756,-43215,-42674,-42133,-41592,-41051,-40510,-39969,-39428,-38887,-38346,-37805,-37264,-36723,-36182,-35641,-35165,-35100,-34559,-34018,-33477,-32936,-32395,-31854,-31313,-30772,-30231,-29690,-29149,-28608,-28067,-27526,-26985,-26444,-25903,-25362,-24821,-24280,-23739,-23198,-22657,-22116,-21575,-21034,-20493,-19952,-19411,-18870,-18329,-17788,-17247,-16706,-16165,-15624,-15083,-14542,-14001,-13460,-12919,-12378,-11837,-11296,-10755,-10214,-9673,-9132,-8591,-8050,-7509,-6968,-6427,-5886,-5345,-4804,-4263,-3722,-3181,-2640,-2099,-1558,-1017,-476
66,607,1148,1689,2230,2771,3312,3853,4394,4935,5476,6017,6558,7099,7640,8181,8722,9263,9804,10345,10886,11427,11968,12509,13050,13591,14132,14673,15214,15755,16296,16837,17378,17919,18460,19001,19542,20083,20624,21165,21706,22247,22788,23329,23870,24411,24952,25493,26034,26575,27116,27657,28198,28739,29280,29821,30362,30903,31444,31985,32526,33067,33608,34149,34690,35231,35772,36313,36854,37395,37936,38477,39018,39559,40100,40641,41182,41723,42264,42805,43346,43887,44428,44969,45510,46051,46592,47133,47674,48215,48756,49297,49838,50379,50920,51461,52002,52543,53084,53625,54166,54707,55248,55789,56330,56871,57412,57953,58494,59035,59576,60117,60658,61199,61740,62281,62822,63363,63904,64445,64986,65527,66068,66609,67150,67691,68232,68773,69314,69855,70396,70937,71478,72019,72560,73101,73642,74183,74724,75265,75806,76347,76888,77429,77970,78511,79052,79593,80134,80675,81216,81757,82298,82839,83380,83921,84462,85003,85544,86085,86626,87167,87708,88249,88790,89331,89872,90413,90954,91495,92036,92577,93118,93659,94200,94741,95282,95823,96364,96905,97446,97987,98528,99069,99610,100151,100692,101233,101774,102315,102856,103397,103938,104479,105020,105561,106102,106643,107184,107725,108266,108807,109348,109889,110430,110971,111512,112053,112594,113135,113676,114217,114758,115299,115840,116381,116922,117463,118004,118545,119086,119627,120168,120709,121250,121791,122332,122873,123414,123955,124496,125037,125578,126119,126660,127201,127742,128283,128824,129365,129906,130447,130988,131529,132070,132611,133152,133693,134234,134775,135316,135857,136398,136939,137480,138021,138562,139103,139644,140185,140726,141267,141808,142349,142890,143431,143972,144513,145054,145595,146136,-146004,-145463,-144922,-144381,-143840,-143299,-142758,-142217,-141676,-141135,-140594,-140053,-139512,-138971,-138430,-137889,-137348,-136807,-136266,-135725,-135184,-134643,-134102,-133561,-133020,-132479,-131938,-131397,-130856,-130315,-129774,-129233,-128692,-128151,-127610,-127069,-126528,-125987,-125446,-124905,-124364,-123823,-123282,-122741,-122200,-121659,-121118,-120577,-120036,-119495,-118954,-118413,-117872,-117331,-116790,-116249,-115708,-115167,-114626,-114085,-113544,-113003,-112462,-111921,-111380,-110839,-110298,-109757,-109216,-108675,-108134,-107593,-107052,-106511,-105970,-105429,-104888,-104347,-103806,-103265,-102724,-102183,-101642,-101101,-100560,-100019,-99478,-98937,-98396,-97855,-97314,-96773,-96232,-95691,-95150,-94609,-94068,-93527,-92986,-92445,-91904,-91363,-90822,-90281,-89740,-89199,-88658,-88117,-87576,-87035,-86494,-85953,-85412,-84871,-84330,-83789,-83248,-82707,-82166,-81625,-81084,-80543,-80002,-79461,-78920,-78379,-77838,-77297,-76756,-76215,-75674,-75133,-74592,-74051,-73510,-72969,-72428,-71887,-71346,-70805,-70264,-69723,-69182,-68641,-68100,-67559,-67018,-66477,-65936,-65395,-64854,-64313,-63772,-63231,-62690,-62149,-61608,-61067,-60526,-59985,-59444,-58903,-58362,-57821,-57280,-56739,-56198,-55657,-55116,-54575,-54034,-53493,-52952,-52411,-51870,-51329,-50788,-50247,-49706,-49165,-48624,-48083,-47542,-47001,-46460,-45919,-45378,-44837,-44296,-43755,-43214,-42673,-42132,-41591,-41050,-40509,-39968,-39427,-38886,-38345,-37804,-37263,-36722,-36181,-35706,-35640,-35099,-34558,-34017,-33476,-32935,-32394,-31853,-31312,-30771,-30230,-29689,-29148,-28607,-28066,-27525,-26984,-26443,-25902,-25361,-24820,-24279,-23738,-23197,-22656,-22115,-21574,-21033,-20492,-19951,-19410,-18869,-18328,-17787,-17246,-16705,-16164,-15623,-15082,-14541,-14000,-13459,-12918,-12377,-11836,-11295,-10754,-10213,-9672,-9131,-8590,-8049,-7508,-6967,-6426,-5885,-5344,-4803,-4262,-3721,-3180,-2639,-2098,-1557,-1016,-475
67,608,1149,1690,2231,2772,3313,3854,4395,4936,5477,6018,6559,7100,7641,8182,8723,9264,9805,10346,10887,11428,11969,12510,13051,13592,14133,14674,15215,15756,16297,16838,17379,17920,18461,19002,19543,20084,20625,21166,21707,22248,22789,23330,23871,24412,24953,25494,26035,26576,27117,27658,28199,28740,29281,29822,30363,30904,31445,31986,32527,33068,33609,34150,34691,35232,35773,36314,36855,37396,37937,38478,39019,39560,40101,40642,41183,41724,42265,42806,43347,43888,44429,44970,45511,46052,46593,47134,47675,48216,48757,49298,49839,50380,50921,51462,52003,52544,53085,53626,54167,54708,55249,55790,56331,56872,57413,57954,58495,59036,59577,60118,60659,61200,61741,62282,62823,63364,63905,64446,64987,65528,66069,66610,67151,67692,68233,68774,69315,69856,70397,70938,71479,72020,72561,73102,73643,74184,74725,75266,75807,76348,76889,77430,77971,78512,79053,79594,80135,80676,81217,81758,82299,82840,83381,83922,84463,85004,85545,86086,86627,87168,87709,88250,88791,89332,89873,90414,90955,91496,92037,92578,93119,93660,94201,94742,95283,95824,96365,96906,97447,97988,98529,99070,99611,100152,100693,101234,101775,102316,102857,103398,103939,104480,105021,105562,106103,106644,107185,107726,108267,108808,109349,109890,110431,110972,111513,112054,112595,113136,113677,114218,114759,115300,115841,116382,116923,117464,118005,118546,119087,119628,120169,120710,121251,121792,122333,122874,123415,123956,124497,125038,125579,126120,126661,127202,127743,128284,128825,129366,129907,130448,130989,131530,132071,132612,133153,133694,134235,134776,135317,135858,136399,136940,137481,138022,138563,139104,139645,140186,140727,141268,141809,142350,142891,143432,143973,144514,145055,145596,146137,-146003,-145462,-144921,-144380,-143839,-143298,-142757,-142216,-141675,-141134,-140593,-140052,-139511,-138970,-138429,-137888,-137347,-136806,-136265,-135724,-135183,-134642,-134101,-133560,-133019,-132478,-131937,-131396,-130855,-130314,-129773,-129232,-128691,-128150,-127609,-127068,-126527,-125986,-125445,-124904,-124363,-123822,-123281,-122740,-122199,-121658,-121117,-120576,-120035,-119494,-118953,-118412,-117871,-117330,-116789,-116248,-115707,-115166,-114625,-114084,-113543,-113002,-112461,-111920,-111379,-110838,-110297,-109756,-109215,-108674,-108133,-107592,-107051,-106510,-105969,-105428,-104887,-104346,-103805,-103264,-102723,-102182,-101641,-101100,-100559,-100018,-99477,-98936,-98395,-97854,-97313,-96772,-96231,-95690,-95149,-94608,-94067,-93526,-92985,-92444,-91903,-91362,-90821,-90280,-89739,-89198,-88657,-88116,-87575,-87034,-86493,-85952,-85411,-84870,-84329,-83788,-83247,-82706,-82165,-81624,-81083,-80542,-80001,-79460,-78919,-78378,-77837,-77296,-76755,-76214,-75673,-75132,-74591,-74050,-73509,-72968,-72427,-71886,-71345,-70804,-70263,-69722,-69181,-68640,-68099,-67558,-67017,-66476,-65935,-65394,-64853,-64312,-63771,-63230,-62689,-62148,-61607,-61066,-60525,-59984,-59443,-58902,-58361,-57820,-57279,-56738,-56197,-55656,-55115,-54574,-54033,-53492,-52951,-52410,-51869,-51328,-50787,-50246,-49705,-49164,-48623,-48082,-47541,-47000,-46459,-45918,-45377,-44836,-44295,-43754,-43213,-42672,-42131,-41590,-41049,-40508,-39967,-39426,-38885,-38344,-37803,-37262,-36721,-36247,-36180,-35639,-35098,-34557,-34016,-33475,-32934,-32393,-31852,-31311,-30770,-30229,-29688,-29147,-28606,-28065,-27524,-26983,-26442,-25901,-25360,-24819,-24278,-23737,-23196,-22655,-22114,-21573,-21032,-20491,-19950,-19409,-18868,-18327,-17786,-17245,-16704,-16163,-15622,-15081,-14540,-13999,-13458,-12917,-12376,-11835,-11294,-10753,-10212,-9671,-9130,-8589,-8048,-7507,-6966,-6425,-5884,-5343,-4802,-4261,-3720,-3179,-2638,-2097,-1556,-1015,-474
68,609,1150,1691,2232,2773,3314,3855,4396,4937,5478,6019,6560,7101,7642,8183,8724,9265,9806,10347,10888,11429,11970,12511,13052,13593,14134,14675,15216,15757,16298,16839,17380,17921,18462,19003,19544,20085,20626,21167,21708,22249,22790,23331,23872,24413,24954,25495,26036,26577,27118,27659,28200,28741,29282,29823,30364,30905,31446,31987,32528,33069,33610,34151,34692,35233,35774,36315,36856,37397,37938,38479,39020,39561,40102,40643,41184,41725,42266,42807,43348,43889,44430,44971,45512,46053,46594,47135,47676,48217,48758,49299,49840,50381,50922,51463,52004,52545,53086,53627,54168,54709,55250,55791,56332,56873,57414,57955,58496,59037,59578,60119,60660,61201,61742,62283,62824,63365,63906,64447,64988,65529,66070,66611,67152,67693,68234,68775,69316,69857,70398,70939,71480,72021,72562,73103,73644,74185,74726,75267,75808,76349,76890,77431,77972,78513,79054,79595,80136,80677,81218,81759,82300,82841,83382,83923,84464,85005,85546,86087,86628,87169,87710,88251,88792,89333,89874,90415,90956,91497,92038,92579,93120,93661,94202,94743,95284,95825,96366,96907,97448,97989,98530,99071,99612,100153,100694,101235,101776,102317,102858,103399,103940,104481,105022,105563,106104,106645,107186,107727,108268,108809,109350,109891,110432,110973,111514,112055,112596,113137,113678,114219,114760,115301,115842,116383,116924,117465,118006,118547,119088,119629,120170,120711,121252,121793,122334,122875,123416,123957,124498,125039,125580,126121,126662,127203,127744,128285,128826,129367,129908,130449,130990,131531,132072,132613,133154,133695,134236,134777,135318,135859,136400,136941,137482,138023,138564,139105,139646,140187,140728,141269,141810,142351,142892,143433,143974,144515,145056,145597,146138,-146002,-145461,-144920,-144379,-143838,-143297,-142756,-142215,-141674,-141133,-140592,-140051,-139510,-138969,-138428,-137887,-137346,-136805,-136264,-135723,-135182,-134641,-134100,-133559,-133018,-132477,-131936,-131395,-130854,-130313,-129772,-129231,-128690,-128149,-127608,-127067,-126526,-125985,-125444,-124903,-124362,-123821,-123280,-122739,-122198,-121657,-121116,-120575,-120034,-119493,-118952,-118411,-117870,-117329,-116788,-116247,-115706,-115165,-114624,-114083,-113542,-113001,-112460,-111919,-111378,-110837,-110296,-109755,-109214,-108673,-108132,-107591,-107050,-106509,-105968,-105427,-104886,-104345,-103804,-103263,-102722,-102181,-101640,-101099,-100558,-100017,-99476,-98935,-98394,-97853,-97312,-96771,-96230,-95689,-95148,-94607,-94066,-93525,-92984,-92443,-91902,-91361,-90820,-90279,-89738,-89197,-88656,-88115,-87574,-87033,-86492,-85951,-85410,-84869,-84328,-83787,-83246,-82705,-82164,-81623,-81082,-80541,-80000,-79459,-78918,-78377,-77836,-77295,-76754,-76213,-75672,-75131,-74590,-74049,-73508,-72967,-72426,-71885,-71344,-70803,-70262,-69721,-69180,-68639,-68098,-67557,-67016,-66475,-65934,-65393,-64852,-64311,-63770,-63229,-62688,-62147,-61606,-61065,-60524,-59983,-59442,-58901,-58360,-57819,-57278,-56737,-56196,-55655,-55114,-54573,-54032,-53491,-52950,-52409,-51868,-51327,-50786,-50245,-49704,-49163,-48622,-48081,-47540,-46999,-46458,-45917,-45376,-44835,-44294,-43753,-43212,-42671,-42130,-41589,-41048,-40507,-39966,-39425,-38884,-38343,-37802,-37261,-36788,-36720,-36179,-35638,-35097,-34556,-34015,-33474,-32933,-32392,-31851,-31310,-30769,-30228,-29687,-29146,-28605,-28064,-27523,-26982,-26441,-25900,-25359,-24818,-24277,-23736,-23195,-22654,-22113,-21572,-21031,-20490,-19949,-19408,-18867,-18326,-17785,-17244,-16703,-16162,-15621,-15080,-14539,-13998,-13457,-12916,-12375,-11834,-11293,-10752,-10211,-9670,-9129,-8588,-8047,-7506,-6965,-6424,-5883,-5342,-4801,-4260,-3719,-3178,-2637,-2096,-1555,-1014,-473
69,610,1151,1692,2233,2774,3315,3856,4397,4938,5479,6020,6561,7102,7643,8184,8725,9266,9807,10348,10889,11430,11971,12512,13053,13594,14135,14676,15217,15758,16299,16840,17381,17922,18463,19004,19545,20086,20627,21168,21709,22250,22791,23332,23873,24414,24955,25496,26037,26578,27119,27660,28201,28742,29283,29824,30365,30906,31447,31988,32529,33070,33611,34152,34693,35234,35775,36316,36857,37398,37939,38480,39021,39562,40103,40644,41185,41726,42267,42808,43349,43890,44431,44972,45513,46054,46595,47136,47677,48218,48759,49300,49841,50382,50923,51464,52005,52546,53087,53628,54169,54710,55251,55792,56333,56874,57415,57956,58497,59038,59579,60120,60661,61202,61743,62284,62825,63366,63907,64448,64989,65530,66071,66612,67153,67694,68235,68776,69317,69858,70399,70940,71481,72022,72563,73104,73645,74186,74727,75268,75809,76350,76891,77432,77973,78514,79055,79596,80137,80678,81219,81760,82301,82842,83383,83924,84465,85006,85547,86088,86629,87170,87711,88252,88793,89334,89875,90416,90957,91498,92039,92580,93121,93662,94203,94744,95285,95826,96367,96908,97449,97990,98531,99072,99613,100154,100695,101236,101777,102318,102859,103400,103941,104482,105023,105564,106105,106646,107187,107728,108269,108810,109351,109892,110433,110974,111515,112056,112597,113138,113679,114220,114761,115302,115843,116384,116925,117466,118007,118548,119089,119630,120171,120712,121253,121794,122335,122876,123417,123958,124499,125040,125581,126122,126663,127204,127745,128286,128827,129368,129909,130450,130991,131532,132073,132614,133155,133696,134237,134778,135319,135860,136401,136942,137483,138024,138565,139106,139647,140188,140729,141270,141811,142352,142893,143434,143975,144516,145057,145598,146139,-146001,-145460,-144919,-144378,-143837,-143296,-142755,-142214,-141673,-141132,-140591,-140050,-139509,-138968,-138427,-137886,-137345,-136804,-136263,-135722,-135181,-134640,-134099,-133558,-133017,-132476,-131935,-131394,-130853,-130312,-129771,-129230,-128689,-128148,-127607,-127066,-126525,-125984,-125443,-124902,-124361,-123820,-123279,-122738,-122197,-121656,-121115,-120574,-120033,-119492,-118951,-118410,-117869,-117328,-116787,-116246,-115705,-115164,-114623,-114082,-113541,-113000,-112459,-111918,-111377,-110836,-110295,-109754,-109213,-108672,-108131,-107590,-107049,-106508,-105967,-105426,-104885,-104344,-103803,-103262,-102721,-102180,-101639,-101098,-100557,-100016,-99475,-98934,-98393,-97852,-97311,-96770,-96229,-95688,-95147,-94606,-94065,-93524,-92983,-92442,-91901,-91360,-90819,-90278,-89737,-89196,-88655,-88114,-87573,-87032,-86491,-85950,-85409,-84868,-84327,-83786,-83245,-82704,-82163,-81622,-81081,-80540,-79999,-79458,-78917,-78376,-77835,-77294,-76753,-76212,-75671,-75130,-74589,-74048,-73507,-72966,-72425,-71884,-71343,-70802,-70261,-69720,-69179,-68638,-68097,-67556,-67015,-66474,-65933,-65392,-64851,-64310,-63769,-63228,-62687,-62146,-61605,-61064,-60523,-59982,-59441,-58900,-58359,-57818,-57277,-56736,-56195,-55654,-55113,-54572,-54031,-53490,-52949,-52408,-51867,-51326,-50785,-50244,-49703,-49162,-48621,-48080,-47539,-46998,-46457,-45916,-45375,-44834,-44293,-43752,-43211,-42670,-42129,-41588,-41047,-40506,-39965,-39424,-38883,-38342,-37801,-37329,-37260,-36719,-36178,-35637,-35096,-34555,-34014,-33473,-32932,-32391,-31850,-31309,-30768,-30227,-29686,-29145,-28604,-28063,-27522,-26981,-26440,-25899,-25358,-24817,-24276,-23735,-23194,-22653,-22112,-21571,-21030,-20489,-19948,-19407,-18866,-18325,-17784,-17243,-16702,-16161,-15620,-15079,-14538,-13997,-13456,-12915,-12374,-11833,-11292,-10751,-10210,-9669,-9128,-8587,-8046,-7505,-6964,-6423,-5882,-5341,-4800,-4259,-3718,-3177,-2636,-2095,-1554,-1013,-472
70,611,1152,1693,2234,2775,3316,3857,4398,4939,5480,6021,6562,7103,7644,8185,8726,9267,9808,10349,10890,11431,11972,12513,13054,13595,14136,14677,15218,15759,16300,16841,17382,17923,18464,19005,19546,20087,20628,21169,21710,22251,22792,23333,23874,24415,24956,25497,26038,26579,27120,27661,28202,28743,29284,29825,30366,30907,31448,31989,32530,33071,33612,34153,34694,35235,35776,36317,36858,37399,37940,38481,39022,39563,40104,40645,41186,41727,42268,42809,43350,43891,44432,44973,45514,46055,46596,47137,47678,48219,48760,49301,49842,50383,50924,51465,52006,52547,53088,53629,54170,54711,55252,55793,56334,56875,57416,57957,58498,59039,59580,60121,60662,61203,61744,62285,62826,63367,63908,64449,64990,65531,66072,66613,67154,67695,68236,68777,69318,69859,70400,70941,71482,72023,72564,73105,73646,74187,74728,75269,75810,76351,76892,77433,77974,78515,79056,79597,80138,80679,81220,81761,82302,82843,83384,83925,84466,85007,85548,86089,86630,87171,87712,88253,88794,89335,89876,90417,90958,91499,92040,92581,93122,93663,94204,94745,95286,95827,96368,96909,97450,97991,98532,99073,99614,100155,100696,101237,101778,102319,102860,103401,103942,104483,105024,105565,106106,106647,107188,107729,108270,108811,109352,109893,110434,110975,111516,112057,112598,113139,113680,114221,114762,115303,115844,116385,116926,117467,118008,118549,119090,119631,120172,120713,121254,121795,122336,122877,123418,123959,124500,125041,125582,126123,126664,127205,127746,128287,128828,129369,129910,130451,130992,131533,132074,132615,133156,133697,134238,134779,135320,135861,136402,136943,137484,138025,138566,139107,139648,140189,140730,141271,141812,142353,142894,143435,143976,144517,145058,145599,146140,-146000,-145459,-144918,-144377,-143836,-143295,-142754,-142213,-141672,-141131,-140590,-140049,-139508,-138967,-138426,-137885,-137344,-136803,-136262,-135721,-135180,-134639,-134098,-133557,-133016,-132475,-131934,-131393,-130852,-130311,-129770,-129229,-128688,-128147,-127606,-127065,-126524,-125983,-125442,-124901,-124360,-123819,-123278,-122737,-122196,-121655,-121114,-120573,-120032,-119491,-118950,-118409,-117868,-117327,-116786,-116245,-115704,-115163,-114622,-114081,-113540,-112999,-112458,-111917,-111376,-110835,-110294,-109753,-109212,-108671,-108130,-107589,-107048,-106507,-105966,-105425,-104884,-104343,-103802,-103261,-102720,-102179,-101638,-101097,-100556,-100015,-99474,-98933,-98392,-97851,-97310,-96769,-96228,-95687,-95146,-94605,-94064,-93523,-92982,-92441,-91900,-91359,-90818,-90277,-89736,-89195,-88654,-88113,-87572,-87031,-86490,-85949,-85408,-84867,-84326,-83785,-83244,-82703,-82162,-81621,-81080,-80539,-79998,-79457,-78916,-78375,-77834,-77293,-76752,-76211,-75670,-75129,-74588,-74047,-73506,-72965,-72424,-71883,-71342,-70801,-70260,-69719,-69178,-68637,-68096,-67555,-67014,-66473,-65932,-65391,-64850,-64309,-63768,-63227,-62686,-62145,-61604,-61063,-60522,-59981,-59440,-58899,-58358,-57817,-57276,-56735,-56194,-55653,-55112,-54571,-54030,-53489,-52948,-52407,-51866,-51325,-50784,-50243,-49702,-49161,-48620,-48079,-47538,-46997,-46456,-45915,-45374,-44833,-44292,-43751,-43210,-42669,-42128,-41587,-41046,-40505,-39964,-39423,-38882,-38341,-37870,-37800,-37259,-36718,-36177,-35636,-35095,-34554,-34013,-33472,-32931,-32390,-31849,-31308,-30767,-30226,-29685,-29144,-28603,-28062,-27521,-26980,-26439,-25898,-25357,-24816,-24275,-23734,-23193,-22652,-22111,-21570,-21029,-20488,-19947,-19406,-18865,-18324,-17783,-17242,-16701,-16160,-15619,-15078,-14537,-13996,-13455,-12914,-12373,-11832,-11291,-10750,-10209,-9668,-9127,-8586,-8045,-7504,-6963,-6422,-5881,-5340,-4799,-4258,-3717,-3176,-2635,-2094,-1553,-1012,-471
71,612,1153,1694,2235,2776,3317,3858,4399,4940,5481,6022,6563,7104,7645,8186,8727,9268,9809,10350,10891,11432,11973,12514,13055,13596,14137,14678,15219,15760,16301,16842,17383,17924,18465,19006,19547,20088,20629,21170,21711,22252,22793,23334,23875,24416,24957,25498,26039,26580,27121,27662,28203,28744,29285,29826,30367,30908,31449,31990,32531,33072,33613,34154,34695,35236,35777,36318,36859,37400,37941,38482,39023,39564,40105,40646,41187,41728,42269,42810,43351,43892,44433,44974,45515,46056,46597,47138,47679,48220,48761,49302,49843,50384,50925,51466,52007,52548,53089,53630,54171,54712,55253,55794,56335,56876,57417,57958,58499,59040,59581,60122,60663,61204,61745,62286,62827,63368,63909,64450,64991,65532,66073,66614,67155,67696,68237,68778,69319,69860,70401,70942,71483,72024,72565,73106,73647,74188,74729,75270,75811,76352,76893,77434,77975,78516,79057,79598,80139,80680,81221,81762,82303,82844,83385,83926,84467,85008,85549,86090,86631,87172,87713,88254,88795,89336,89877,90418,90959,91500,92041,92582,93123,93664,94205,94746,95287,95828,96369,96910,97451,97992,98533,99074,99615,100156,100697,101238,101779,102320,102861,103402,103943,104484,105025,105566,106107,106648,107189,107730,108271,108812,109353,109894,110435,110976,111517,112058,112599,113140,113681,114222,114763,115304,115845,116386,116927,117468,118009,118550,119091,119632,120173,120714,121255,121796,122337,122878,123419,123960,124501,125042,125583,126124,126665,127206,127747,128288,128829,129370,129911,130452,130993,131534,132075,132616,133157,133698,134239,134780,135321,135862,136403,136944,137485,138026,138567,139108,139649,140190,140731,141272,141813,142354,142895,143436,143977,144518,145059,145600,146141,-145999,-145458,-144917,-144376,-143835,-143294,-142753,-142212,-141671,-141130,-140589,-140048,-139507,-138966,-138425,-137884,-137343,-136802,-136261,-135720,-135179,-134638,-134097,-133556,-133015,-132474,-131933,-131392,-130851,-130310,-129769,-129228,-128687,-128146,-127605,-127064,-126523,-125982,-125441,-124900,-124359,-123818,-123277,-122736,-122195,-121654,-121113,-120572,-120031,-119490,-118949,-118408,-117867,-117326,-116785,-116244,-115703,-115162,-114621,-114080,-113539,-112998,-112457,-111916,-111375,-110834,-110293,-109752,-109211,-108670,-108129,-107588,-107047,-106506,-105965,-105424,-104883,-104342,-103801,-103260,-102719,-102178,-101637,-101096,-100555,-100014,-99473,-98932,-98391,-97850,-97309,-96768,-96227,-95686,-95145,-94604,-94063,-93522,-92981,-92440,-91899,-91358,-90817,-90276,-89735,-89194,-88653,-88112,-87571,-87030,-86489,-85948,-85407,-84866,-84325,-83784,-83243,-82702,-82161,-81620,-81079,-80538,-79997,-79456,-78915,-78374,-77833,-77292,-76751,-76210,-75669,-75128,-74587,-74046,-73505,-72964,-72423,-71882,-71341,-70800,-70259,-69718,-69177,-68636,-68095,-67554,-67013,-66472,-65931,-65390,-64849,-64308,-63767,-63226,-62685,-62144,-61603,-61062,-60521,-59980,-59439,-58898,-58357,-57816,-57275,-56734,-56193,-55652,-55111,-54570,-54029,-53488,-52947,-52406,-51865,-51324,-50783,-50242,-49701,-49160,-48619,-48078,-47537,-46996,-46455,-45914,-45373,-44832,-44291,-43750,-43209,-42668,-42127,-41586,-41045,-40504,-39963,-39422,-38881,-38411,-38340,-37799,-37258,-36717,-36176,-35635,-35094,-34553,-34012,-33471,-32930,-32389,-31848,-31307,-30766,-30225,-29684,-29143,-28602,-28061,-27520,-26979,-26438,-25897,-25356,-24815,-24274,-23733,-23192,-22651,-22110,-21569,-21028,-20487,-19946,-19405,-18864,-18323,-17782,-17241,-16700,-16159,-15618,-15077,-14536,-13995,-13454,-12913,-12372,-11831,-11290,-10749,-10208,-9667,-9126,-8585,-8044,-7503,-6962,-6421,-5880,-5339,-4798,-4257,-3716,-3175,-2634,-2093,-1552,-1011,-470
72,613,1154,1695,2236,2777,3318,3859,4400,4941,5482,6023,6564,7105,7646,8187,8728,9269,9810,10351,10892,11433,11974,12515,13056,13597,14138,14679,15220,15761,16302,16843,17384,17925,18466,19007,19548,20089,20630,21171,21712,22253,22794,23335,23876,24417,24958,25499,26040,26581,27122,27663,28204,28745,29286,29827,30368,30909,31450,31991,32532,33073,33614,34155,34696,35237,35778,36319,36860,37401,37942,38483,39024,39565,40106,40647,41188,41729,42270,42811,43352,43893,44434,44975,45516,46057,46598,47139,47680,48221,48762,49303,49844,50385,50926,51467,52008,52549,53090,53631,54172,54713,55254,55795,56336,56877,57418,57959,58500,59041,59582,60123,60664,61205,61746,62287,62828,63369,63910,64451,64992,65533,66074,66615,67156,67697,68238,68779,69320,69861,70402,70943,71484,72025,72566,73107,73648,74189,74730,75271,75812,76353,76894,77435,77976,78517,79058,79599,80140,80681,81222,81763,82304,82845,83386,83927,84468,85009,85550,86091,86632,87173,87714,88255,88796,89337,89878,90419,90960,91501,92042,92583,93124,93665,94206,94747,95288,95829,96370,96911,97452,97993,98534,99075,99616,100157,100698,101239,101780,102321,102862,103403,103944,104485,105026,105567,106108,106649,107190,107731,108272,108813,109354,109895,110436,110977,111518,112059,112600,113141,113682,114223,114764,115305,115846,116387,116928,117469,118010,118551,119092,119633,120174,120715,121256,121797,122338,122879,123420,123961,124502,125043,125584,126125,126666,127207,127748,128289,128830,129371,129912,130453,130994,131535,132076,132617,133158,133699,134240,134781,135322,135863,136404,136945,137486,138027,138568,139109,139650,140191,140732,141273,141814,142355,142896,143437,143978,144519,145060,145601,146142,-145998,-145457,-144916,-144375,-143834,-143293,-142752,-142211,-141670,-141129,-140588,-140047,-139506,-138965,-138424,-137883,-137342,-136801,-136260,-135719,-135178,-134637,-134096,-133555,-133014,-132473,-131932,-131391,-130850,-130309,-129768,-129227,-128686,-128145,-127604,-127063,-126522,-125981,-125440,-124899,-124358,-123817,-123276,-122735,-122194,-121653,-121112,-120571,-120030,-119489,-118948,-118407,-117866,-117325,-116784,-116243,-115702,-115161,-114620,-114079,-113538,-112997,-112456,-111915,-111374,-110833,-110292,-109751,-109210,-108669,-108128,-107587,-107046,-106505,-105964,-105423,-104882,-104341,-103800,-103259,-102718,-102177,-101636,-101095,-100554,-100013,-99472,-98931,-98390,-97849,-97308,-96767,-96226,-95685,-95144,-94603,-94062,-93521,-92980,-92439,-91898,-91357,-90816,-90275,-89734,-89193,-88652,-88111,-87570,-87029,-86488,-85947,-85406,-84865,-84324,-83783,-83242,-82701,-82160,-81619,-81078,-80537,-79996,-79455,-78914,-78373,-77832,-77291,-76750,-76209,-75668,-75127,-74586,-74045,-73504,-72963,-72422,-71881,-71340,-70799,-70258,-69717,-69176,-68635,-68094,-67553,-67012,-66471,-65930,-65389,-64848,-64307,-63766,-63225,-62684,-62143,-61602,-61061,-60520,-59979,-59438,-58897,-58356,-57815,-57274,-56733,-56192,-55651,-55110,-54569,-54028,-53487,-52946,-52405,-51864,-51323,-50782,-50241,-49700,-49159,-48618,-48077,-47536,-46995,-46454,-45913,-45372,-44831,-44290,-43749,-43208,-42667,-42126,-41585,-41044,-40503,-39962,-39421,-38952,-38880,-38339,-37798,-37257,-36716,-36175,-35634,-35093,-34552,-34011,-33470,-32929,-32388,-31847,-31306,-30765,-30224,-29683,-29142,-28601,-28060,-27519,-26978,-26437,-25896,-25355,-24814,-24273,-23732,-23191,-22650,-22109,-21568,-21027,-20486,-19945,-19404,-18863,-18322,-17781,-17240,-16699,-16158,-15617,-15076,-14535,-13994,-13453,-12912,-12371,-11830,-11289,-10748,-10207,-9666,-9125,-8584,-8043,-7502,-6961,-6420,-5879,-5338,-4797,-4256,-3715,-3174,-2633,-2092,-1551,-1010,-469
73,614,1155,1696,2237,2778,3319,3860,4401,4942,5483,6024,6565,7106,7647,8188,8729,9270,9811,10352,10893,11434,11975,12516,13057,13598,14139,14680,15221,15762,16303,16844,17385,17926,18467,19008,19549,20090,20631,21172,21713,22254,22795,23336,23877,24418,24959,25500,26041,26582,27123,27664,28205,28746,29287,29828,30369,30910,31451,31992,32533,33074,33615,34156,34697,35238,35779,36320,36861,37402,37943,38484,39025,39566,40107,40648,41189,41730,42271,42812,43353,43894,44435,44976,45517,46058,46599,47140,47681,48222,48763,49304,49845,50386,50927,51468,52009,52550,53091,53632,54173,54714,55255,55796,56337,56878,57419,57960,58501,59042,59583,60124,60665,61206,61747,62288,62829,63370,63911,64452,64993,65534,66075,66616,67157,67698,68239,68780,69321,69862,70403,70944,71485,72026,72567,73108,73649,74190,74731,75272,75813,76354,76895,77436,77977,78518,79059,79600,80141,80682,81223,81764,82305,82846,83387,83928,84469,85010,85551,86092,86633,87174,87715,88256,88797,89338,89879,90420,90961,91502,92043,92584,93125,93666,94207,94748,95289,95830,96371,96912,97453,97994,98535,99076,99617,100158,100699,101240,101781,102322,102863,103404,103945,104486,105027,105568,106109,106650,107191,107732,108273,108814,109355,109896,110437,110978,111519,112060,112601,113142,113683,114224,114765,115306,115847,116388,116929,117470,118011,118552,119093,119634,120175,120716,121257,121798,122339,122880,123421,123962,124503,125044,125585,126126,126667,127208,127749,128290,128831,129372,129913,130454,130995,131536,132077,132618,133159,133700,134241,134782,135323,135864,136405,136946,137487,138028,138569,139110,139651,140192,140733,141274,141815,142356,142897,143438,143979,144520,145061,145602,146143,-145997,-145456,-144915,-144374,-143833,-143292,-142751,-142210,-141669,-141128,-140587,-140046,-139505,-138964,-138423,-137882,-137341,-136800,-136259,-135718,-135177,-134636,-134095,-133554,-133013,-132472,-131931,-131390,-130849,-130308,-129767,-129226,-128685,-128144,-127603,-127062,-126521,-125980,-125439,-124898,-124357,-123816,-123275,-122734,-122193,-121652,-121111,-120570,-120029,-119488,-118947,-118406,-117865,-117324,-116783,-116242,-115701,-115160,-114619,-114078,-113537,-112996,-112455,-111914,-111373,-110832,-110291,-109750,-109209,-108668,-108127,-107586,-107045,-106504,-105963,-105422,-104881,-104340,-103799,-103258,-102717,-102176,-101635,-101094,-100553,-100012,-99471,-98930,-98389,-97848,-97307,-96766,-96225,-95684,-95143,-94602,-94061,-93520,-92979,-92438,-91897,-91356,-90815,-90274,-89733,-89192,-88651,-88110,-87569,-87028,-86487,-85946,-85405,-84864,-84323,-83782,-83241,-82700,-82159,-81618,-81077,-80536,-79995,-79454,-78913,-78372,-77831,-77290,-76749,-76208,-75667,-75126,-74585,-74044,-73503,-72962,-72421,-71880,-71339,-70798,-70257,-69716,-69175,-68634,-68093,-67552,-67011,-66470,-65929,-65388,-64847,-64306,-63765,-63224,-62683,-62142,-61601,-61060,-60519,-59978,-59437,-58896,-58355,-57814,-57273,-56732,-56191,-55650,-55109,-54568,-54027,-53486,-52945,-52404,-51863,-51322,-50781,-50240,-49699,-49158,-48617,-48076,-47535,-46994,-46453,-45912,-45371,-44830,-44289,-43748,-43207,-42666,-42125,-41584,-41043,-40502,-39961,-39493,-39420,-38879,-38338,-37797,-37256,-36715,-36174,-35633,-35092,-34551,-34010,-33469,-32928,-32387,-31846,-31305,-30764,-30223,-29682,-29141,-28600,-28059,-27518,-26977,-26436,-25895,-25354,-24813,-24272,-23731,-23190,-22649,-22108,-21567,-21026,-20485,-19944,-19403,-18862,-18321,-17780,-17239,-16698,-16157,-15616,-15075,-14534,-13993,-13452,-12911,-12370,-11829,-11288,-10747,-10206,-9665,-9124,-8583,-8042,-7501,-6960,-6419,-5878,-5337,-4796,-4255,-3714,-3173,-2632,-2091,-1550,-1009,-468
74,615,1156,1697,2238,2779,3320,3861,4402,4943,5484,6025,6566,7107,7648,8189,8730,9271,9812,10353,10894,11435,11976,12517,13058,13599,14140,14681,15222,15763,16304,16845,17386,17927,18468,19009,19550,20091,20632,21173,21714,22255,22796,23337,23878,24419,24960,25501,26042,26583,27124,27665,28206,28747,29288,29829,30370,30911,31452,31993,32534,33075,33616,34157,34698,35239,35780,36321,36862,37403,37944,38485,39026,39567,40108,40649,41190,41731,42272,42813,43354,43895,44436,44977,45518,46059,46600,47141,47682,48223,48764,49305,49846,50387,50928,51469,52010,52551,53092,53633,54174,54715,55256,55797,56338,56879,57420,57961,58502,59043,59584,60125,60666,61207,61748,62289,62830,63371,63912,64453,64994,65535,66076,66617,67158,67699,68240,68781,69322,69863,70404,70945,71486,72027,72568,73109,73650,74191,74732,75273,75814,76355,76896,77437,77978,78519,79060,79601,80142,80683,81224,81765,82306,82847,83388,83929,84470,85011,85552,86093,86634,87175,87716,88257,88798,89339,89880,90421,90962,91503,92044,92585,93126,93667,94208,94749,95290,95831,96372,96913,97454,97995,98536,99077,99618,100159,100700,101241,101782,102323,102864,103405,103946,104487,105028,105569,106110,106651,107192,107733,108274,108815,109356,109897,110438,110979,111520,112061,112602,113143,113684,114225,114766,115307,115848,116389,116930,117471,118012,118553,119094,119635,120176,120717,121258,121799,122340,122881,123422,123963,124504,125045,125586,126127,126668,127209,127750,128291,128832,129373,129914,130455,130996,131537,132078,132619,133160,133701,134242,134783,135324,135865,136406,136947,137488,138029,138570,139111,139652,140193,140734,141275,141816,142357,142898,143439,143980,144521,145062,145603,146144,-145996,-145455,-144914,-144373,-143832,-143291,-142750,-142209,-141668,-141127,-140586,-140045,-139504,-138963,-138422,-137881,-137340,-136799,-136258,-135717,-135176,-134635,-134094,-133553,-133012,-132471,-131930,-131389,-130848,-130307,-129766,-129225,-128684,-128143,-127602,-127061,-126520,-125979,-125438,-124897,-124356,-123815,-123274,-122733,-122192,-121651,-121110,-120569,-120028,-119487,-118946,-118405,-117864,-117323,-116782,-116241,-115700,-115159,-114618,-114077,-113536,-112995,-112454,-111913,-111372,-110831,-110290,-109749,-109208,-108667,-108126,-107585,-107044,-106503,-105962,-105421,-104880,-104339,-103798,-103257,-102716,-102175,-101634,-101093,-100552,-100011,-99470,-98929,-98388,-97847,-97306,-96765,-96224,-95683,-95142,-94601,-94060,-93519,-92978,-92437,-91896,-91355,-90814,-90273,-89732,-89191,-88650,-88109,-87568,-87027,-86486,-85945,-85404,-84863,-84322,-83781,-83240,-82699,-82158,-81617,-81076,-80535,-79994,-79453,-78912,-78371,-77830,-77289,-76748,-76207,-75666,-75125,-74584,-74043,-73502,-72961,-72420,-71879,-71338,-70797,-70256,-69715,-69174,-68633,-68092,-67551,-67010,-66469,-65928,-65387,-64846,-64305,-63764,-63223,-62682,-62141,-61600,-61059,-60518,-59977,-59436,-58895,-58354,-57813,-57272,-56731,-56190,-55649,-55108,-54567,-54026,-53485,-52944,-52403,-51862,-51321,-50780,-50239,-49698,-49157,-48616,-48075,-47534,-46993,-46452,-45911,-45370,-44829,-44288,-43747,-43206,-42665,-42124,-41583,-41042,-40501,-40034,-39960,-39419,-38878,-38337,-37796,-37255,-36714,-36173,-35632,-35091,-34550,-34009,-33468,-32927,-32386,-31845,-31304,-30763,-30222,-29681,-29140,-28599,-28058,-27517,-26976,-26435,-25894,-25353,-24812,-24271,-23730,-23189,-22648,-22107,-21566,-21025,-20484,-19943,-19402,-18861,-18320,-17779,-17238,-16697,-16156,-15615,-15074,-14533,-13992,-13451,-12910,-12369,-11828,-11287,-10746,-10205,-9664,-9123,-8582,-8041,-7500,-6959,-6418,-5877,-5336,-4795,-4254,-3713,-3172,-2631,-2090,-1549,-1008,-467
75,616,1157,1698,2239,2780,3321,3862,4403,4944,5485,6026,6567,7108,7649,8190,8731,9272,9813,10354,10895,11436,11977,12518,13059,13600,14141,14682,15223,15764,16305,16846,17387,17928,18469,19010,19551,20092,20633,21174,21715,22256,22797,23338,23879,24420,24961,25502,26043,26584,27125,27666,28207,28748,29289,29830,30371,30912,31453,31994,32535,33076,33617,34158,34699,35240,35781,36322,36863,37404,37945,38486,39027,39568,40109,40650,41191,41732,42273,42814,43355,43896,44437,44978,45519,46060,46601,47142,47683,48224,48765,49306,49847,50388,50929,51470,52011,52552,53093,53634,54175,54716,55257,55798,56339,56880,57421,57962,58503,59044,59585,60126,60667,61208,61749,62290,62831,63372,63913,64454,64995,65536,66077,66618,67159,67700,68241,68782,69323,69864,70405,70946,71487,72028,72569,73110,73651,74192,74733,75274,75815,76356,76897,77438,77979,78520,79061,79602,80143,80684,81225,81766,82307,82848,83389,83930,84471,85012,85553,86094,86635,87176,87717,88258,88799,89340,89881,90422,90963,91504,92045,92586,93127,93668,94209,94750,95291,95832,96373,96914,97455,97996,98537,99078,99619,100160,100701,101242,101783,102324,102865,103406,103947,104488,105029,105570,106111,106652,107193,107734,108275,108816,109357,109898,110439,110980,111521,112062,112603,113144,113685,114226,114767,115308,115849,116390,116931,117472,118013,118554,119095,119636,120177,120718,121259,121800,122341,122882,123423,123964,124505,125046,125587,126128,126669,127210,127751,128292,128833,129374,129915,130456,130997,131538,132079,132620,133161,133702,134243,134784,135325,135866,136407,136948,137489,138030,138571,139112,139653,140194,140735,141276,141817,142358,142899,143440,143981,144522,145063,145604,146145,-145995,-145454,-144913,-144372,-143831,-143290,-142749,-142208,-141667,-141126,-140585,-140044,-139503,-138962,-138421,-137880,-137339,-136798,-136257,-135716,-135175,-134634,-134093,-133552,-133011,-132470,-131929,-131388,-130847,-130306,-129765,-129224,-128683,-128142,-127601,-127060,-126519,-125978,-125437,-124896,-124355,-123814,-123273,-122732,-122191,-121650,-121109,-120568,-120027,-119486,-118945,-118404,-117863,-117322,-116781,-116240,-115699,-115158,-114617,-114076,-113535,-112994,-112453,-111912,-111371,-110830,-110289,-109748,-109207,-108666,-108125,-107584,-107043,-106502,-105961,-105420,-104879,-104338,-103797,-103256,-102715,-102174,-101633,-101092,-100551,-100010,-99469,-98928,-98387,-97846,-97305,-96764,-96223,-95682,-95141,-94600,-94059,-93518,-92977,-92436,-91895,-91354,-90813,-90272,-89731,-89190,-88649,-88108,-87567,-87026,-86485,-85944,-85403,-84862,-84321,-83780,-83239,-82698,-82157,-81616,-81075,-80534,-79993,-79452,-78911,-78370,-77829,-77288,-76747,-76206,-75665,-75124,-74583,-74042,-73501,-72960,-72419,-71878,-71337,-70796,-70255,-69714,-69173,-68632,-68091,-67550,-67009,-66468,-65927,-65386,-64845,-64304,-63763,-63222,-62681,-62140,-61599,-61058,-60517,-59976,-59435,-58894,-58353,-57812,-57271,-56730,-56189,-55648,-55107,-54566,-54025,-53484,-52943,-52402,-51861,-51320,-50779,-50238,-49697,-49156,-48615,-48074,-47533,-46992,-46451,-45910,-45369,-44828,-44287,-43746,-43205,-42664,-42123,-41582,-41041,-40575,-40500,-39959,-39418,-38877,-38336,-37795,-37254,-36713,-36172,-35631,-35090,-34549,-34008,-33467,-32926,-32385,-31844,-31303,-30762,-30221,-29680,-29139,-28598,-28057,-27516,-26975,-26434,-25893,-25352,-24811,-24270,-23729,-23188,-22647,-22106,-21565,-21024,-20483,-19942,-19401,-18860,-18319,-17778,-17237,-16696,-16155,-15614,-15073,-14532,-13991,-13450,-12909,-12368,-11827,-11286,-10745,-10204,-9663,-9122,-8581,-8040,-7499,-6958,-6417,-5876,-5335,-4794,-4253,-3712,-3171,-2630,-2089,-1548,-1007,-466
76,617,1158,1699,2240,2781,3322,3863,4404,4945,5486,6027,6568,7109,7650,8191,8732,9273,9814,10355,10896,11437,11978,12519,13060,13601,14142,14683,15224,15765,16306,16847,17388,17929,18470,19011,19552,20093,20634,21175,21716,22257,22798,23339,23880,24421,24962,25503,26044,26585,27126,27667,28208,28749,29290,29831,30372,30913,31454,31995,32536,33077,33618,34159,34700,35241,35782,36323,36864,37405,37946,38487,39028,39569,40110,40651,41192,41733,42274,42815,43356,43897,44438,44979,45520,46061,46602,47143,47684,48225,48766,49307,49848,50389,50930,51471,52012,52553,53094,53635,54176,54717,55258,55799,56340,56881,57422,57963,58504,59045,59586,60127,60668,61209,61750,62291,62832,63373,63914,64455,64996,65537,66078,66619,67160,67701,68242,68783,69324,69865,70406,70947,71488,72029,72570,73111,73652,74193,74734,75275,75816,76357,76898,77439,77980,78521,79062,79603,80144,80685,81226,81767,82308,82849,83390,83931,84472,85013,85554,86095,86636,87177,87718,88259,88800,89341,89882,90423,90964,91505,92046,92587,93128,93669,94210,94751,95292,95833,96374,96915,97456,97997,98538,99079,99620,100161,100702,101243,101784,102325,102866,103407,103948,104489,105030,105571,106112,106653,107194,107735,108276,108817,109358,109899,110440,110981,111522,112063,112604,113145,113686,114227,114768,115309,115850,116391,116932,117473,118014,118555,119096,119637,120178,120719,121260,121801,122342,122883,123424,123965,124506,125047,125588,126129,126670,127211,127752,128293,128834,129375,129916,130457,130998,131539,132080,132621,133162,133703,134244,134785,135326,135867,136408,136949,137490,138031,138572,139113,139654,140195,140736,141277,141818,142359,142900,143441,143982,144523,145064,145605,146146,-145994,-145453,-144912,-144371,-143830,-143289,-142748,-142207,-141666,-141125,-140584,-140043,-139502,-138961,-138420,-137879,-137338,-136797,-136256,-135715,-135174,-134633,-134092,-133551,-133010,-132469,-131928,-131387,-130846,-130305,-129764,-129223,-128682,-128141,-127600,-127059,-126518,-125977,-125436,-124895,-124354,-123813,-123272,-122731,-122190,-121649,-121108,-120567,-120026,-119485,-118944,-118403,-117862,-117321,-116780,-116239,-115698,-115157,-114616,-114075,-113534,-112993,-112452,-111911,-111370,-110829,-110288,-109747,-109206,-108665,-108124,-107583,-107042,-106501,-105960,-105419,-104878,-104337,-103796,-103255,-102714,-102173,-101632,-101091,-100550,-100009,-99468,-98927,-98386,-97845,-97304,-96763,-96222,-95681,-95140,-94599,-94058,-93517,-92976,-92435,-91894,-91353,-90812,-90271,-89730,-89189,-88648,-88107,-87566,-87025,-86484,-85943,-85402,-84861,-84320,-83779,-83238,-82697,-82156,-81615,-81074,-80533,-79992,-79451,-78910,-78369,-77828,-77287,-76746,-76205,-75664,-75123,-74582,-74041,-73500,-72959,-72418,-71877,-71336,-70795,-70254,-69713,-69172,-68631,-68090,-67549,-67008,-66467,-65926,-65385,-64844,-64303,-63762,-63221,-62680,-62139,-61598,-61057,-60516,-59975,-59434,-58893,-58352,-57811,-57270,-56729,-56188,-55647,-55106,-54565,-54024,-53483,-52942,-52401,-51860,-51319,-50778,-50237,-49696,-49155,-48614,-48073,-47532,-46991,-46450,-45909,-45368,-44827,-44286,-43745,-43204,-42663,-42122,-41581,-41116,-41040,-40499,-39958,-39417,-38876,-38335,-37794,-37253,-36712,-36171,-35630,-35089,-34548,-34007,-33466,-32925,-32384,-31843,-31302,-30761,-30220,-29679,-29138,-28597,-28056,-27515,-26974,-26433,-25892,-25351,-24810,-24269,-23728,-23187,-22646,-22105,-21564,-21023,-20482,-19941,-19400,-18859,-18318,-17777,-17236,-16695,-16154,-15613,-15072,-14531,-13990,-13449,-12908,-12367,-11826,-11285,-10744,-10203,-9662,-9121,-8580,-8039,-7498,-6957,-6416,-5875,-5334,-4793,-4252,-3711,-3170,-2629,-2088,-1547,-1006,-465
77,618,1159,1700,2241,2782,3323,3864,4405,4946,5487,6028,6569,7110,7651,8192,8733,9274,9815,10356,10897,11438,11979,12520,13061,13602,14143,14684,15225,15766,16307,16848,17389,17930,18471,19012,19553,20094,20635,21176,21717,22258,22799,23340,23881,24422,24963,25504,26045,26586,27127,27668,28209,28750,29291,29832,30373,30914,31455,31996,32537,33078,33619,34160,34701,35242,35783,36324,36865,37406,37947,38488,39029,39570,40111,40652,41193,41734,42275,42816,43357,43898,44439,44980,45521,46062,46603,47144,47685,48226,48767,49308,49849,50390,50931,51472,52013,52554,53095,53636,54177,54718,55259,55800,56341,56882,57423,57964,58505,59046,59587,60128,60669,61210,61751,62292,62833,63374,63915,64456,64997,65538,66079,66620,67161,67702,68243,68784,69325,69866,70407,70948,71489,72030,72571,73112,73653,74194,74735,75276,75817,76358,76899,77440,77981,78522,79063,79604,80145,80686,81227,81768,82309,82850,83391,83932,84473,85014,85555,86096,86637,87178,87719,88260,88801,89342,89883,90424,90965,91506,92047,92588,93129,93670,94211,94752,95293,95834,96375,96916,97457,97998,98539,99080,99621,100162,100703,101244,101785,102326,102867,103408,103949,104490,105031,105572,106113,106654,107195,107736,108277,108818,109359,109900,110441,110982,111523,112064,112605,113146,113687,114228,114769,115310,115851,116392,116933,117474,118015,118556,119097,119638,120179,120720,121261,121802,122343,122884,123425,123966,124507,125048,125589,126130,126671,127212,127753,128294,128835,129376,129917,130458,130999,131540,132081,132622,133163,133704,134245,134786,135327,135868,136409,136950,137491,138032,138573,139114,139655,140196,140737,141278,141819,142360,142901,143442,143983,144524,145065,145606,146147,-145993,-145452,-144911,-144370,-143829,-143288,-142747,-142206,-141665,-141124,-140583,-140042,-139501,-138960,-138419,-137878,-137337,-136796,-136255,-135714,-135173,-134632,-134091,-133550,-133009,-132468,-131927,-131386,-130845,-130304,-129763,-129222,-128681,-128140,-127599,-127058,-126517,-125976,-125435,-124894,-124353,-123812,-123271,-122730,-122189,-121648,-121107,-120566,-120025,-119484,-118943,-118402,-117861,-117320,-116779,-116238,-115697,-115156,-114615,-114074,-113533,-112992,-112451,-111910,-111369,-110828,-110287,-109746,-109205,-108664,-108123,-107582,-107041,-106500,-105959,-105418,-104877,-104336,-103795,-103254,-102713,-102172,-101631,-101090,-100549,-100008,-99467,-98926,-98385,-97844,-97303,-96762,-96221,-95680,-95139,-94598,-94057,-93516,-92975,-92434,-91893,-91352,-90811,-90270,-89729,-89188,-88647,-88106,-87565,-87024,-86483,-85942,-85401,-84860,-84319,-83778,-83237,-82696,-82155,-81614,-81073,-80532,-79991,-79450,-78909,-78368,-77827,-77286,-76745,-76204,-75663,-75122,-74581,-74040,-73499,-72958,-72417,-71876,-71335,-70794,-70253,-69712,-69171,-68630,-68089,-67548,-67007,-66466,-65925,-65384,-64843,-64302,-63761,-63220,-62679,-62138,-61597,-61056,-60515,-59974,-59433,-58892,-58351,-57810,-57269,-56728,-56187,-55646,-55105,-54564,-54023,-53482,-52941,-52400,-51859,-51318,-50777,-50236,-49695,-49154,-48613,-48072,-47531,-46990,-46449,-45908,-45367,-44826,-44285,-43744,-43203,-42662,-42121,-41657,-41580,-41039,-40498,-39957,-39416,-38875,-38334,-37793,-37252,-36711,-36170,-35629,-35088,-34547,-34006,-33465,-32924,-32383,-31842,-31301,-30760,-30219,-29678,-29137,-28596,-28055,-27514,-26973,-26432,-25891,-25350,-24809,-24268,-23727,-23186,-22645,-22104,-21563,-21022,-20481,-19940,-19399,-18858,-18317,-17776,-17235,-16694,-16153,-15612,-15071,-14530,-13989,-13448,-12907,-12366,-11825,-11284,-10743,-10202,-9661,-9120,-8579,-8038,-7497,-6956,-6415,-5874,-5333,-4792,-4251,-3710,-3169,-2628,-2087,-1546,-1005,-464
78,619,1160,1701,2242,2783,3324,3865,4406,4947,5488,6029,6570,7111,7652,8193,8734,9275,9816,10357,10898,11439,11980,12521,13062,13603,14144,14685,15226,15767,16308,16849,17390,17931,18472,19013,19554,20095,20636,21177,21718,22259,22800,23341,23882,24423,24964,25505,26046,26587,27128,27669,28210,28751,29292,29833,30374,30915,31456,31997,32538,33079,33620,34161,34702,35243,35784,36325,36866,37407,37948,38489,39030,39571,40112,40653,41194,41735,42276,42817,43358,43899,44440,44981,45522,46063,46604,47145,47686,48227,48768,49309,49850,50391,50932,51473,52014,52555,53096,53637,54178,54719,55260,55801,56342,56883,57424,57965,58506,59047,59588,60129,60670,61211,61752,62293,62834,63375,63916,64457,64998,65539,66080,66621,67162,67703,68244,68785,69326,69867,70408,70949,71490,72031,72572,73113,73654,74195,74736,75277,75818,76359,76900,77441,77982,78523,79064,79605,80146,80687,81228,81769,82310,82851,83392,83933,84474,85015,85556,86097,86638,87179,87720,88261,88802,89343,89884,90425,90966,91507,92048,92589,93130,93671,94212,94753,95294,95835,96376,96917,97458,97999,98540,99081,99622,100163,100704,101245,101786,102327,102868,103409,103950,104491,105032,105573,106114,106655,107196,107737,108278,108819,109360,109901,110442,110983,111524,112065,112606,113147,113688,114229,114770,115311,115852,116393,116934,117475,118016,118557,119098,119639,120180,120721,121262,121803,122344,122885,123426,123967,124508,125049,125590,126131,126672,127213,127754,128295,128836,129377,129918,130459,131000,131541,132082,132623,133164,133705,134246,134787,135328,135869,136410,136951,137492,138033,138574,139115,139656,140197,140738,141279,141820,142361,142902,143443,143984,144525,145066,145607,146148,-145992,-145451,-144910,-144369,-143828,-143287,-142746,-142205,-141664,-141123,-140582,-140041,-139500,-138959,-138418,-137877,-137336,-136795,-136254,-135713,-135172,-134631,-134090,-133549,-133008,-132467,-131926,-131385,-130844,-130303,-129762,-129221,-128680,-128139,-127598,-127057,-126516,-125975,-125434,-124893,-124352,-123811,-123270,-122729,-122188,-121647,-121106,-120565,-120024,-119483,-118942,-118401,-117860,-117319,-116778,-116237,-115696,-115155,-114614,-114073,-113532,-112991,-112450,-111909,-111368,-110827,-110286,-109745,-109204,-108663,-108122,-107581,-107040,-106499,-105958,-105417,-104876,-104335,-103794,-103253,-102712,-102171,-101630,-101089,-100548,-100007,-99466,-98925,-98384,-97843,-97302,-96761,-96220,-95679,-95138,-94597,-94056,-93515,-92974,-92433,-91892,-91351,-90810,-90269,-89728,-89187,-88646,-88105,-87564,-87023,-86482,-85941,-85400,-84859,-84318,-83777,-83236,-82695,-82154,-81613,-81072,-80531,-79990,-79449,-78908,-78367,-77826,-77285,-76744,-76203,-75662,-75121,-74580,-74039,-73498,-72957,-72416,-71875,-71334,-70793,-70252,-69711,-69170,-68629,-68088,-67547,-67006,-66465,-65924,-65383,-64842,-64301,-63760,-63219,-62678,-62137,-61596,-61055,-60514,-59973,-59432,-58891,-58350,-57809,-57268,-56727,-56186,-55645,-55104,-54563,-54022,-53481,-52940,-52399,-51858,-51317,-50776,-50235,-49694,-49153,-48612,-48071,-47530,-46989,-46448,-45907,-45366,-44825,-44284,-43743,-43202,-42661,-42198,-42120,-41579,-41038,-40497,-39956,-39415,-38874,-38333,-37792,-37251,-36710,-36169,-35628,-35087,-34546,-34005,-33464,-32923,-32382,-31841,-31300,-30759,-30218,-29677,-29136,-28595,-28054,-27513,-26972,-26431,-25890,-25349,-24808,-24267,-23726,-23185,-22644,-22103,-21562,-21021,-20480,-19939,-19398,-18857,-18316,-17775,-17234,-16693,-16152,-15611,-15070,-14529,-13988,-13447,-12906,-12365,-11824,-11283,-10742,-10201,-9660,-9119,-8578,-8037,-7496,-6955,-6414,-5873,-5332,-4791,-4250,-3709,-3168,-2627,-2086,-1545,-1004,-463
79,620,1161,1702,2243,2784,3325,3866,4407,4948,5489,6030,6571,7112,7653,8194,8735,9276,9817,10358,10899,11440,11981,12522,13063,13604,14145,14686,15227,15768,16309,16850,17391,17932,18473,19014,19555,20096,20637,21178,21719,22260,22801,23342,23883,24424,24965,25506,26047,26588,27129,27670,28211,28752,29293,29834,30375,30916,31457,31998,32539,33080,33621,34162,34703,35244,35785,36326,36867,37408,37949,38490,39031,39572,40113,40654,41195,41736,42277,42818,43359,43900,44441,44982,45523,46064,46605,47146,47687,48228,48769,49310,49851,50392,50933,51474,52015,52556,53097,53638,54179,54720,55261,55802,56343,56884,57425,57966,58507,59048,59589,60130,60671,61212,61753,62294,62835,63376,63917,64458,64999,65540,66081,66622,67163,67704,68245,68786,69327,69868,70409,70950,71491,72032,72573,73114,73655,74196,74737,75278,75819,76360,76901,77442,77983,78524,79065,79606,80147,80688,81229,81770,82311,82852,83393,83934,84475,85016,85557,86098,86639,87180,87721,88262,88803,89344,89885,90426,90967,91508,92049,92590,93131,93672,94213,94754,95295,95836,96377,96918,97459,98000,98541,99082,99623,100164,100705,101246,101787,102328,102869,103410,103951,104492,105033,105574,106115,106656,107197,107738,108279,108820,109361,109902,110443,110984,111525,112066,112607,113148,113689,114230,114771,115312,115853,116394,116935,117476,118017,118558,119099,119640,120181,120722,121263,121804,122345,122886,123427,123968,124509,125050,125591,126132,126673,127214,127755,128296,128837,129378,129919,130460,131001,131542,132083,132624,133165,133706,134247,134788,135329,135870,136411,136952,137493,138034,138575,139116,139657,140198,140739,141280,141821,142362,142903,143444,143985,144526,145067,145608,146149,-145991,-145450,-144909,-144368,-143827,-143286,-142745,-142204,-141663,-141122,-140581,-140040,-139499,-138958,-138417,-137876,-137335,-136794,-136253,-135712,-135171,-134630,-134089,-133548,-133007,-132466,-131925,-131384,-130843,-130302,-129761,-129220,-128679,-128138,-127597,-127056,-126515,-125974,-125433,-124892,-124351,-123810,-123269,-122728,-122187,-121646,-121105,-120564,-120023,-119482,-118941,-118400,-117859,-117318,-116777,-116236,-115695,-115154,-114613,-114072,-113531,-112990,-112449,-111908,-111367,-110826,-110285,-109744,-109203,-108662,-108121,-107580,-107039,-106498,-105957,-105416,-104875,-104334,-103793,-103252,-102711,-102170,-101629,-101088,-100547,-100006,-99465,-98924,-98383,-97842,-97301,-96760,-96219,-95678,-95137,-94596,-94055,-93514,-92973,-92432,-91891,-91350,-90809,-90268,-89727,-89186,-88645,-88104,-87563,-87022,-86481,-85940,-85399,-84858,-84317,-83776,-83235,-82694,-82153,-81612,-81071,-80530,-79989,-79448,-78907,-78366,-77825,-77284,-76743,-76202,-75661,-75120,-74579,-74038,-73497,-72956,-72415,-71874,-71333,-70792,-70251,-69710,-69169,-68628,-68087,-67546,-67005,-66464,-65923,-65382,-64841,-64300,-63759,-63218,-62677,-62136,-61595,-61054,-60513,-59972,-59431,-58890,-58349,-57808,-57267,-56726,-56185,-55644,-55103,-54562,-54021,-53480,-52939,-52398,-51857,-51316,-50775,-50234,-49693,-49152,-48611,-48070,-47529,-46988,-46447,-45906,-45365,-44824,-44283,-43742,-43201,-42739,-42660,-42119,-41578,-41037,-40496,-39955,-39414,-38873,-38332,-37791,-37250,-36709,-36168,-35627,-35086,-34545,-34004,-33463,-32922,-32381,-31840,-31299,-30758,-30217,-29676,-29135,-28594,-28053,-27512,-26971,-26430,-25889,-25348,-24807,-24266,-23725,-23184,-22643,-22102,-21561,-21020,-20479,-19938,-19397,-18856,-18315,-17774,-17233,-16692,-16151,-15610,-15069,-14528,-13987,-13446,-12905,-12364,-11823,-11282,-10741,-10200,-9659,-9118,-8577,-8036,-7495,-6954,-6413,-5872,-5331,-4790,-4249,-3708,-3167,-2626,-2085,-1544,-1003,-462
80,621,1162,1703,2244,2785,3326,3867,4408,4949,5490,6031,6572,7113,7654,8195,8736,9277,9818,10359,10900,11441,11982,12523,13064,13605,14146,14687,15228,15769,16310,16851,17392,17933,18474,19015,19556,20097,20638,21179,21720,22261,22802,23343,23884,24425,24966,25507,26048,26589,27130,27671,28212,28753,29294,29835,30376,30917,31458,31999,32540,33081,33622,34163,34704,35245,35786,36327,36868,37409,37950,38491,39032,39573,40114,40655,41196,41737,42278,42819,43360,43901,44442,44983,45524,46065,46606,47147,47688,48229,48770,49311,49852,50393,50934,51475,52016,52557,53098,53639,54180,54721,55262,55803,56344,56885,57426,57967,58508,59049,59590,60131,60672,61213,61754,62295,62836,63377,63918,64459,65000,65541,66082,66623,67164,67705,68246,68787,69328,69869,70410,70951,71492,72033,72574,73115,73656,74197,74738,75279,75820,76361,76902,77443,77984,78525,79066,79607,80148,80689,81230,81771,82312,82853,83394,83935,84476,85017,85558,86099,86640,87181,87722,88263,88804,89345,89886,90427,90968,91509,92050,92591,93132,93673,94214,94755,95296,95837,96378,96919,97460,98001,98542,99083,99624,100165,100706,101247,101788,102329,102870,103411,103952,104493,105034,105575,106116,106657,107198,107739,108280,108821,109362,109903,110444,110985,111526,112067,112608,113149,113690,114231,114772,115313,115854,116395,116936,117477,118018,118559,119100,119641,120182,120723,121264,121805,122346,122887,123428,123969,124510,125051,125592,126133,126674,127215,127756,128297,128838,129379,129920,130461,131002,131543,132084,132625,133166,133707,134248,134789,135330,135871,136412,136953,137494,138035,138576,139117,139658,140199,140740,141281,141822,142363,142904,143445,143986,144527,145068,145609,146150,-145990,-145449,-144908,-144367,-143826,-143285,-142744,-142203,-141662,-141121,-140580,-140039,-139498,-138957,-138416,-137875,-137334,-136793,-136252,-135711,-135170,-134629,-134088,-133547,-133006,-132465,-131924,-131383,-130842,-130301,-129760,-129219,-128678,-128137,-127596,-127055,-126514,-125973,-125432,-124891,-124350,-123809,-123268,-122727,-122186,-121645,-121104,-120563,-120022,-119481,-118940,-118399,-117858,-117317,-116776,-116235,-115694,-115153,-114612,-114071,-113530,-112989,-112448,-111907,-111366,-110825,-110284,-109743,-109202,-108661,-108120,-107579,-107038,-106497,-105956,-105415,-104874,-104333,-103792,-103251,-102710,-102169,-101628,-101087,-100546,-100005,-99464,-98923,-98382,-97841,-97300,-96759,-96218,-95677,-95136,-94595,-94054,-93513,-92972,-92431,-91890,-91349,-90808,-90267,-89726,-89185,-88644,-88103,-87562,-87021,-86480,-85939,-85398,-84857,-84316,-83775,-83234,-82693,-82152,-81611,-81070,-80529,-79988,-79447,-78906,-78365,-77824,-77283,-76742,-76201,-75660,-75119,-74578,-74037,-73496,-72955,-72414,-71873,-71332,-70791,-70250,-69709,-69168,-68627,-68086,-67545,-67004,-66463,-65922,-65381,-64840,-64299,-63758,-63217,-62676,-62135,-61594,-61053,-60512,-59971,-59430,-58889,-58348,-57807,-57266,-56725,-56184,-55643,-55102,-54561,-54020,-53479,-52938,-52397,-51856,-51315,-50774,-50233,-49692,-49151,-48610,-48069,-47528,-46987,-46446,-45905,-45364,-44823,-44282,-43741,-43280,-43200,-42659,-42118,-41577,-41036,-40495,-39954,-39413,-38872,-38331,-37790,-37249,-36708,-36167,-35626,-35085,-34544,-34003,-33462,-32921,-32380,-31839,-31298,-30757,-30216,-29675,-29134,-28593,-28052,-27511,-26970,-26429,-25888,-25347,-24806,-24265,-23724,-23183,-22642,-22101,-21560,-21019,-20478,-19937,-19396,-18855,-18314,-17773,-17232,-16691,-16150,-15609,-15068,-14527,-13986,-13445,-12904,-12363,-11822,-11281,-10740,-10199,-9658,-9117,-8576,-8035,-7494,-6953,-6412,-5871,-5330,-4789,-4248,-3707,-3166,-2625,-2084,-1543,-1002,-461
81,622,1163,1704,2245,2786,3327,3868,4409,4950,5491,6032,6573,7114,7655,8196,8737,9278,9819,10360,10901,11442,11983,12524,13065,13606,14147,14688,15229,15770,16311,16852,17393,17934,18475,19016,19557,20098,20639,21180,21721,22262,22803,23344,23885,24426,24967,25508,26049,26590,27131,27672,28213,28754,29295,29836,30377,30918,31459,32000,32541,33082,33623,34164,34705,35246,35787,36328,36869,37410,37951,38492,39033,39574,40115,40656,41197,41738,42279,42820,43361,43902,44443,44984,45525,46066,46607,47148,47689,48230,48771,49312,49853,50394,50935,51476,52017,52558,53099,53640,54181,54722,55263,55804,56345,56886,57427,57968,58509,59050,59591,60132,60673,61214,61755,62296,62837,63378,63919,64460,65001,65542,66083,66624,67165,67706,68247,68788,69329,69870,70411,70952,71493,72034,72575,73116,73657,74198,74739,75280,75821,76362,76903,77444,77985,78526,79067,79608,80149,80690,81231,81772,82313,82854,83395,83936,84477,85018,85559,86100,86641,87182,87723,88264,88805,89346,89887,90428,90969,91510,92051,92592,93133,93674,94215,94756,95297,95838,96379,96920,97461,98002,98543,99084,99625,100166,100707,101248,101789,102330,102871,103412,103953,104494,105035,105576,106117,106658,107199,107740,108281,108822,109363,109904,110445,110986,111527,112068,112609,113150,113691,114232,114773,115314,115855,116396,116937,117478,118019,118560,119101,119642,120183,120724,121265,121806,122347,122888,123429,123970,124511,125052,125593,126134,126675,127216,127757,128298,128839,129380,129921,130462,131003,131544,132085,132626,133167,133708,134249,134790,135331,135872,136413,136954,137495,138036,138577,139118,139659,140200,140741,141282,141823,142364,142905,143446,143987,144528,145069,145610,146151,-145989,-145448,-144907,-144366,-143825,-143284,-142743,-142202,-141661,-141120,-140579,-140038,-139497,-138956,-138415,-137874,-137333,-136792,-136251,-135710,-135169,-134628,-134087,-133546,-133005,-132464,-131923,-131382,-130841,-130300,-129759,-129218,-128677,-128136,-127595,-127054,-126513,-125972,-125431,-124890,-124349,-123808,-123267,-122726,-122185,-121644,-121103,-120562,-120021,-119480,-118939,-118398,-117857,-117316,-116775,-116234,-115693,-115152,-114611,-114070,-113529,-112988,-112447,-111906,-111365,-110824,-110283,-109742,-109201,-108660,-108119,-107578,-107037,-106496,-105955,-105414,-104873,-104332,-103791,-103250,-102709,-102168,-101627,-101086,-100545,-100004,-99463,-98922,-98381,-97840,-97299,-96758,-96217,-95676,-95135,-94594,-94053,-93512,-92971,-92430,-91889,-91348,-90807,-90266,-89725,-89184,-88643,-88102,-87561,-87020,-86479,-85938,-85397,-84856,-84315,-83774,-83233,-82692,-82151,-81610,-81069,-80528,-79987,-79446,-78905,-78364,-77823,-77282,-76741,-76200,-75659,-75118,-74577,-74036,-73495,-72954,-72413,-71872,-71331,-70790,-70249,-69708,-69167,-68626,-68085,-67544,-67003,-66462,-65921,-65380,-64839,-64298,-63757,-63216,-62675,-62134,-61593,-61052,-60511,-59970,-59429,-58888,-58347,-57806,-57265,-56724,-56183,-55642,-55101,-54560,-54019,-53478,-52937,-52396,-51855,-51314,-50773,-50232,-49691,-49150,-48609,-48068,-47527,-46986,-46445,-45904,-45363,-44822,-44281,-43821,-43740,-43199,-42658,-42117,-41576,-41035,-40494,-39953,-39412,-38871,-38330,-37789,-37248,-36707,-36166,-35625,-35084,-34543,-34002,-33461,-32920,-32379,-31838,-31297,-30756,-30215,-29674,-29133,-28592,-28051,-27510,-26969,-26428,-25887,-25346,-24805,-24264,-23723,-23182,-22641,-22100,-21559,-21018,-20477,-19936,-19395,-18854,-18313,-17772,-17231,-16690,-16149,-15608,-15067,-14526,-13985,-13444,-12903,-12362,-11821,-11280,-10739,-10198,-9657,-9116,-8575,-8034,-7493,-6952,-6411,-5870,-5329,-4788,-4247,-3706,-3165,-2624,-2083,-1542,-1001,-460
82,623,1164,1705,2246,2787,3328,3869,4410,4951,5492,6033,6574,7115,7656,8197,8738,9279,9820,10361,10902,11443,11984,12525,13066,13607,14148,14689,15230,15771,16312,16853,17394,17935,18476,19017,19558,20099,20640,21181,21722,22263,22804,23345,23886,24427,24968,25509,26050,26591,27132,27673,28214,28755,29296,29837,30378,30919,31460,32001,32542,33083,33624,34165,34706,35247,35788,36329,36870,37411,37952,38493,39034,39575,40116,40657,41198,41739,42280,42821,43362,43903,44444,44985,45526,46067,46608,47149,47690,48231,48772,49313,49854,50395,50936,51477,52018,52559,53100,53641,54182,54723,55264,55805,56346,56887,57428,57969,58510,59051,59592,60133,60674,61215,61756,62297,62838,63379,63920,64461,65002,65543,66084,66625,67166,67707,68248,68789,69330,69871,70412,70953,71494,72035,72576,73117,73658,74199,74740,75281,75822,76363,76904,77445,77986,78527,79068,79609,80150,80691,81232,81773,82314,82855,83396,83937,84478,85019,85560,86101,86642,87183,87724,88265,88806,89347,89888,90429,90970,91511,92052,92593,93134,93675,94216,94757,95298,95839,96380,96921,97462,98003,98544,99085,99626,100167,100708,101249,101790,102331,102872,103413,103954,104495,105036,105577,106118,106659,107200,107741,108282,108823,109364,109905,110446,110987,111528,112069,112610,113151,113692,114233,114774,115315,115856,116397,116938,117479,118020,118561,119102,119643,120184,120725,121266,121807,122348,122889,123430,123971,124512,125053,125594,126135,126676,127217,127758,128299,128840,129381,129922,130463,131004,131545,132086,132627,133168,133709,134250,134791,135332,135873,136414,136955,137496,138037,138578,139119,139660,140201,140742,141283,141824,142365,142906,143447,143988,144529,145070,145611,146152,-145988,-145447,-144906,-144365,-143824,-143283,-142742,-142201,-141660,-141119,-140578,-140037,-139496,-138955,-138414,-137873,-137332,-136791,-136250,-135709,-135168,-134627,-134086,-133545,-133004,-132463,-131922,-131381,-130840,-130299,-129758,-129217,-128676,-128135,-127594,-127053,-126512,-125971,-125430,-124889,-124348,-123807,-123266,-122725,-122184,-121643,-121102,-120561,-120020,-119479,-118938,-118397,-117856,-117315,-116774,-116233,-115692,-115151,-114610,-114069,-113528,-112987,-112446,-111905,-111364,-110823,-110282,-109741,-109200,-108659,-108118,-107577,-107036,-106495,-105954,-105413,-104872,-104331,-103790,-103249,-102708,-102167,-101626,-101085,-100544,-100003,-99462,-98921,-98380,-97839,-97298,-96757,-96216,-95675,-95134,-94593,-94052,-93511,-92970,-92429,-91888,-91347,-90806,-90265,-89724,-89183,-88642,-88101,-87560,-87019,-86478,-85937,-85396,-84855,-84314,-83773,-83232,-82691,-82150,-81609,-81068,-80527,-79986,-79445,-78904,-78363,-77822,-77281,-76740,-76199,-75658,-75117,-74576,-74035,-73494,-72953,-72412,-71871,-71330,-70789,-70248,-69707,-69166,-68625,-68084,-67543,-67002,-66461,-65920,-65379,-64838,-64297,-63756,-63215,-62674,-62133,-61592,-61051,-60510,-59969,-59428,-58887,-58346,-57805,-57264,-56723,-56182,-55641,-55100,-54559,-54018,-53477,-52936,-52395,-51854,-51313,-50772,-50231,-49690,-49149,-48608,-48067,-47526,-46985,-46444,-45903,-45362,-44821,-44362,-44280,-43739,-43198,-42657,-42116,-41575,-41034,-40493,-39952,-39411,-38870,-38329,-37788,-37247,-36706,-36165,-35624,-35083,-34542,-34001,-33460,-32919,-32378,-31837,-31296,-30755,-30214,-29673,-29132,-28591,-28050,-27509,-26968,-26427,-25886,-25345,-24804,-24263,-23722,-23181,-22640,-22099,-21558,-21017,-20476,-19935,-19394,-18853,-18312,-17771,-17230,-16689,-16148,-15607,-15066,-14525,-13984,-13443,-12902,-12361,-11820,-11279,-10738,-10197,-9656,-9115,-8574,-8033,-7492,-6951,-6410,-5869,-5328,-4787,-4246,-3705,-3164,-2623,-2082,-1541,-1000,-459
83,624,1165,1706,2247,2788,3329,3870,4411,4952,5493,6034,6575,7116,7657,8198,8739,9280,9821,10362,10903,11444,11985,12526,13067,13608,14149,14690,15231,15772,16313,16854,17395,17936,18477,19018,19559,20100,20641,21182,21723,22264,22805,23346,23887,24428,24969,25510,26051,26592,27133,27674,28215,28756,29297,29838,30379,30920,31461,32002,32543,33084,33625,34166,34707,35248,35789,36330,36871,37412,37953,38494,39035,39576,40117,40658,41199,41740,42281,42822,43363,43904,44445,44986,45527,46068,46609,47150,47691,48232,48773,49314,49855,50396,50937,51478,52019,52560,53101,53642,54183,54724,55265,55806,56347,56888,57429,57970,58511,59052,59593,60134,60675,61216,61757,62298,62839,63380,63921,64462,65003,65544,66085,66626,67167,67708,68249,68790,69331,69872,70413,70954,71495,72036,72577,73118,73659,74200,74741,75282,75823,76364,76905,77446,77987,78528,79069,79610,80151,80692,81233,81774,82315,82856,83397,83938,84479,85020,85561,86102,86643,87184,87725,88266,88807,89348,89889,90430,90971,91512,92053,92594,93135,93676,94217,94758,95299,95840,96381,96922,97463,98004,98545,99086,99627,100168,100709,101250,101791,102332,102873,103414,103955,104496,105037,105578,106119,106660,107201,107742,108283,108824,109365,109906,110447,110988,111529,112070,112611,113152,113693,114234,114775,115316,115857,116398,116939,117480,118021,118562,119103,119644,120185,120726,121267,121808,122349,122890,123431,123972,124513,125054,125595,126136,126677,127218,127759,128300,128841,129382,129923,130464,131005,131546,132087,132628,133169,133710,134251,134792,135333,135874,136415,136956,137497,138038,138579,139120,139661,140202,140743,141284,141825,142366,142907,143448,143989,144530,145071,145612,146153,-145987,-145446,-144905,-144364,-143823,-143282,-142741,-142200,-141659,-141118,-140577,-140036,-139495,-138954,-138413,-137872,-137331,-136790,-136249,-135708,-135167,-134626,-134085,-133544,-133003,-132462,-131921,-131380,-130839,-130298,-129757,-129216,-128675,-128134,-127593,-127052,-126511,-125970,-125429,-124888,-124347,-123806,-123265,-122724,-122183,-121642,-121101,-120560,-120019,-119478,-118937,-118396,-117855,-117314,-116773,-116232,-115691,-115150,-114609,-114068,-113527,-112986,-112445,-111904,-111363,-110822,-110281,-109740,-109199,-108658,-108117,-107576,-107035,-106494,-105953,-105412,-104871,-104330,-103789,-103248,-102707,-102166,-101625,-101084,-100543,-100002,-99461,-98920,-98379,-97838,-97297,-96756,-96215,-95674,-95133,-94592,-94051,-93510,-92969,-92428,-91887,-91346,-90805,-90264,-89723,-89182,-88641,-88100,-87559,-87018,-86477,-85936,-85395,-84854,-84313,-83772,-83231,-82690,-82149,-81608,-81067,-80526,-79985,-79444,-78903,-78362,-77821,-77280,-76739,-76198,-75657,-75116,-74575,-74034,-73493,-72952,-72411,-71870,-71329,-70788,-70247,-69706,-69165,-68624,-68083,-67542,-67001,-66460,-65919,-65378,-64837,-64296,-63755,-63214,-62673,-62132,-61591,-61050,-60509,-59968,-59427,-58886,-58345,-57804,-57263,-56722,-56181,-55640,-55099,-54558,-54017,-53476,-52935,-52394,-51853,-51312,-50771,-50230,-49689,-49148,-48607,-48066,-47525,-46984,-46443,-45902,-45361,-44903,-44820,-44279,-43738,-43197,-42656,-42115,-41574,-41033,-40492,-39951,-39410,-38869,-38328,-37787,-37246,-36705,-36164,-35623,-35082,-34541,-34000,-33459,-32918,-32377,-31836,-31295,-30754,-30213,-29672,-29131,-28590,-28049,-27508,-26967,-26426,-25885,-25344,-24803,-24262,-23721,-23180,-22639,-22098,-21557,-21016,-20475,-19934,-19393,-18852,-18311,-17770,-17229,-16688,-16147,-15606,-15065,-14524,-13983,-13442,-12901,-12360,-11819,-11278,-10737,-10196,-9655,-9114,-8573,-8032,-7491,-6950,-6409,-5868,-5327,-4786,-4245,-3704,-3163,-2622,-2081,-1540,-999,-458
84,625,1166,1707,2248,2789,3330,3871,4412,4953,5494,6035,6576,7117,7658,8199,8740,9281,9822,10363,10904,11445,11986,12527,13068,13609,14150,14691,15232,15773,16314,16855,17396,17937,18478,19019,19560,20101,20642,21183,21724,22265,22806,23347,23888,24429,24970,25511,26052,26593,27134,27675,28216,28757,29298,29839,30380,30921,31462,32003,32544,33085,33626,34167,34708,35249,35790,36331,36872,37413,37954,38495,39036,39577,40118,40659,41200,41741,42282,42823,43364,43905,44446,44987,45528,46069,46610,47151,47692,48233,48774,49315,49856,50397,50938,51479,52020,52561,53102,53643,54184,54725,55266,55807,56348,56889,57430,57971,58512,59053,59594,60135,60676,61217,61758,62299,62840,63381,63922,64463,65004,65545,66086,66627,67168,67709,68250,68791,69332,69873,70414,70955,71496,72037,72578,73119,73660,74201,74742,75283,75824,76365,76906,77447,77988,78529,79070,79611,80152,80693,81234,81775,82316,82857,83398,83939,84480,85021,85562,86103,86644,87185,87726,88267,88808,89349,89890,90431,90972,91513,92054,92595,93136,93677,94218,94759,95300,95841,96382,96923,97464,98005,98546,99087,99628,100169,100710,101251,101792,102333,102874,103415,103956,104497,105038,105579,106120,106661,107202,107743,108284,108825,109366,109907,110448,110989,111530,112071,112612,113153,113694,114235,114776,115317,115858,116399,116940,117481,118022,118563,119104,119645,120186,120727,121268,121809,122350,122891,123432,123973,124514,125055,125596,126137,126678,127219,127760,128301,128842,129383,129924,130465,131006,131547,132088,132629,133170,133711,134252,134793,135334,135875,136416,136957,137498,138039,138580,139121,139662,140203,140744,141285,141826,142367,142908,143449,143990,144531,145072,145613,146154,-145986,-145445,-144904,-144363,-143822,-143281,-142740,-142199,-141658,-141117,-140576,-140035,-139494,-138953,-138412,-137871,-137330,-136789,-136248,-135707,-135166,-134625,-134084,-133543,-133002,-132461,-131920,-131379,-130838,-130297,-129756,-129215,-128674,-128133,-127592,-127051,-126510,-125969,-125428,-124887,-124346,-123805,-123264,-122723,-122182,-121641,-121100,-120559,-120018,-119477,-118936,-118395,-117854,-117313,-116772,-116231,-115690,-115149,-114608,-114067,-113526,-112985,-112444,-111903,-111362,-110821,-110280,-109739,-109198,-108657,-108116,-107575,-107034,-106493,-105952,-105411,-104870,-104329,-103788,-103247,-102706,-102165,-101624,-101083,-100542,-100001,-99460,-98919,-98378,-97837,-97296,-96755,-96214,-95673,-95132,-94591,-94050,-93509,-92968,-92427,-91886,-91345,-90804,-90263,-89722,-89181,-88640,-88099,-87558,-87017,-86476,-85935,-85394,-84853,-84312,-83771,-83230,-82689,-82148,-81607,-81066,-80525,-79984,-79443,-78902,-78361,-77820,-77279,-76738,-76197,-75656,-75115,-74574,-74033,-73492,-72951,-72410,-71869,-71328,-70787,-70246,-69705,-69164,-68623,-68082,-67541,-67000,-66459,-65918,-65377,-64836,-64295,-63754,-63213,-62672,-62131,-61590,-61049,-60508,-59967,-59426,-58885,-58344,-57803,-57262,-56721,-56180,-55639,-55098,-54557,-54016,-53475,-52934,-52393,-51852,-51311,-50770,-50229,-49688,-49147,-48606,-48065,-47524,-46983,-46442,-45901,-45444,-45360,-44819,-44278,-43737,-43196,-42655,-42114,-41573,-41032,-40491,-39950,-39409,-38868,-38327,-37786,-37245,-36704,-36163,-35622,-35081,-34540,-33999,-33458,-32917,-32376,-31835,-31294,-30753,-30212,-29671,-29130,-28589,-28048,-27507,-26966,-26425,-25884,-25343,-24802,-24261,-23720,-23179,-22638,-22097,-21556,-21015,-20474,-19933,-19392,-18851,-18310,-17769,-17228,-16687,-16146,-15605,-15064,-14523,-13982,-13441,-12900,-12359,-11818,-11277,-10736,-10195,-9654,-9113,-8572,-8031,-7490,-6949,-6408,-5867,-5326,-4785,-4244,-3703,-3162,-2621,-2080,-1539,-998,-457
85,626,1167,1708,2249,2790,3331,3872,4413,4954,5495,6036,6577,7118,7659,8200,8741,9282,9823,10364,10905,11446,11987,12528,13069,13610,14151,14692,15233,15774,16315,16856,17397,17938,18479,19020,19561,20102,20643,21184,21725,22266,22807,23348,23889,24430,24971,25512,26053,26594,27135,27676,28217,28758,29299,29840,30381,30922,31463,32004,32545,33086,33627,34168,34709,35250,35791,36332,36873,37414,37955,38496,39037,39578,40119,40660,41201,41742,42283,42824,43365,43906,44447,44988,45529,46070,46611,47152,47693,48234,48775,49316,49857,50398,50939,51480,52021,52562,53103,53644,54185,54726,55267,55808,56349,56890,57431,57972,58513,59054,59595,60136,60677,61218,61759,62300,62841,63382,63923,64464,65005,65546,66087,66628,67169,67710,68251,68792,69333,69874,70415,70956,71497,72038,72579,73120,73661,74202,74743,75284,75825,76366,76907,77448,77989,78530,79071,79612,80153,80694,81235,81776,82317,82858,83399,83940,84481,85022,85563,86104,86645,87186,87727,88268,88809,89350,89891,90432,90973,91514,92055,92596,93137,93678,94219,94760,95301,95842,96383,96924,97465,98006,98547,99088,99629,100170,100711,101252,101793,102334,102875,103416,103957,104498,105039,105580,106121,106662,107203,107744,108285,108826,109367,109908,110449,110990,111531,112072,112613,113154,113695,114236,114777,115318,115859,116400,116941,117482,118023,118564,119105,119646,120187,120728,121269,121810,122351,122892,123433,123974,124515,125056,125597,126138,126679,127220,127761,128302,128843,129384,129925,130466,131007,131548,132089,132630,133171,133712,134253,134794,135335,135876,136417,136958,137499,138040,138581,139122,139663,140204,140745,141286,141827,142368,142909,143450,143991,144532,145073,145614,146155,-145985,-145444,-144903,-144362,-143821,-143280,-142739,-142198,-141657,-141116,-140575,-140034,-139493,-138952,-138411,-137870,-137329,-136788,-136247,-135706,-135165,-134624,-134083,-133542,-133001,-132460,-131919,-131378,-130837,-130296,-129755,-129214,-128673,-128132,-127591,-127050,-126509,-125968,-125427,-124886,-124345,-123804,-123263,-122722,-122181,-121640,-121099,-120558,-120017,-119476,-118935,-118394,-117853,-117312,-116771,-116230,-115689,-115148,-114607,-114066,-113525,-112984,-112443,-111902,-111361,-110820,-110279,-109738,-109197,-108656,-108115,-107574,-107033,-106492,-105951,-105410,-104869,-104328,-103787,-103246,-102705,-102164,-101623,-101082,-100541,-100000,-99459,-98918,-98377,-97836,-97295,-96754,-96213,-95672,-95131,-94590,-94049,-93508,-92967,-92426,-91885,-91344,-90803,-90262,-89721,-89180,-88639,-88098,-87557,-87016,-86475,-85934,-85393,-84852,-84311,-83770,-83229,-82688,-82147,-81606,-81065,-80524,-79983,-79442,-78901,-78360,-77819,-77278,-76737,-76196,-75655,-75114,-74573,-74032,-73491,-72950,-72409,-71868,-71327,-70786,-70245,-69704,-69163,-68622,-68081,-67540,-66999,-66458,-65917,-65376,-64835,-64294,-63753,-63212,-62671,-62130,-61589,-61048,-60507,-59966,-59425,-58884,-58343,-57802,-57261,-56720,-56179,-55638,-55097,-54556,-54015,-53474,-52933,-52392,-51851,-51310,-50769,-50228,-49687,-49146,-48605,-48064,-47523,-46982,-46441,-45985,-45900,-45359,-44818,-44277,-43736,-43195,-42654,-42113,-41572,-41031,-40490,-39949,-39408,-38867,-38326,-37785,-37244,-36703,-36162,-35621,-35080,-34539,-33998,-33457,-32916,-32375,-31834,-31293,-30752,-30211,-29670,-29129,-28588,-28047,-27506,-26965,-26424,-25883,-25342,-24801,-24260,-23719,-23178,-22637,-22096,-21555,-21014,-20473,-19932,-19391,-18850,-18309,-17768,-17227,-16686,-16145,-15604,-15063,-14522,-13981,-13440,-12899,-12358,-11817,-11276,-10735,-10194,-9653,-9112,-8571,-8030,-7489,-6948,-6407,-5866,-5325,-4784,-4243,-3702,-3161,-2620,-2079,-1538,-997,-456
86,627,1168,1709,2250,2791,3332,3873,4414,4955,5496,6037,6578,7119,7660,8201,8742,9283,9824,10365,10906,11447,11988,12529,13070,13611,14152,14693,15234,15775,16316,16857,17398,17939,18480,19021,19562,20103,20644,21185,21726,22267,22808,23349,23890,24431,24972,25513,26054,26595,27136,27677,28218,28759,29300,29841,30382,30923,31464,32005,32546,33087,33628,34169,34710,35251,35792,36333,36874,37415,37956,38497,39038,39579,40120,40661,41202,41743,42284,42825,43366,43907,44448,44989,45530,46071,46612,47153,47694,48235,48776,49317,49858,50399,50940,51481,52022,52563,53104,53645,54186,54727,55268,55809,56350,56891,57432,57973,58514,59055,59596,60137,60678,61219,61760,62301,62842,63383,63924,64465,65006,65547,66088,66629,67170,67711,68252,68793,69334,69875,70416,70957,71498,72039,72580,73121,73662,74203,74744,75285,75826,76367,76908,77449,77990,78531,79072,79613,80154,80695,81236,81777,82318,82859,83400,83941,84482,85023,85564,86105,86646,87187,87728,88269,88810,89351,89892,90433,90974,91515,92056,92597,93138,93679,94220,94761,95302,95843,96384,96925,97466,98007,98548,99089,99630,100171,100712,101253,101794,102335,102876,103417,103958,104499,105040,105581,106122,106663,107204,107745,108286,108827,109368,109909,110450,110991,111532,112073,112614,113155,113696,114237,114778,115319,115860,116401,116942,117483,118024,118565,119106,119647,120188,120729,121270,121811,122352,122893,123434,123975,124516,125057,125598,126139,126680,127221,127762,128303,128844,129385,129926,130467,131008,131549,132090,132631,133172,133713,134254,134795,135336,135877,136418,136959,137500,138041,138582,139123,139664,140205,140746,141287,141828,142369,142910,143451,143992,144533,145074,145615,146156,-145984,-145443,-144902,-144361,-143820,-143279,-142738,-142197,-141656,-141115,-140574,-140033,-139492,-138951,-138410,-137869,-137328,-136787,-136246,-135705,-135164,-134623,-134082,-133541,-133000,-132459,-131918,-131377,-130836,-130295,-129754,-129213,-128672,-128131,-127590,-127049,-126508,-125967,-125426,-124885,-124344,-123803,-123262,-122721,-122180,-121639,-121098,-120557,-120016,-119475,-118934,-118393,-117852,-117311,-116770,-116229,-115688,-115147,-114606,-114065,-113524,-112983,-112442,-111901,-111360,-110819,-110278,-109737,-109196,-108655,-108114,-107573,-107032,-106491,-105950,-105409,-104868,-104327,-103786,-103245,-102704,-102163,-101622,-101081,-100540,-99999,-99458,-98917,-98376,-97835,-97294,-96753,-96212,-95671,-95130,-94589,-94048,-93507,-92966,-92425,-91884,-91343,-90802,-90261,-89720,-89179,-88638,-88097,-87556,-87015,-86474,-85933,-85392,-84851,-84310,-83769,-83228,-82687,-82146,-81605,-81064,-80523,-79982,-79441,-78900,-78359,-77818,-77277,-76736,-76195,-75654,-75113,-74572,-74031,-73490,-72949,-72408,-71867,-71326,-70785,-70244,-69703,-69162,-68621,-68080,-67539,-66998,-66457,-65916,-65375,-64834,-64293,-63752,-63211,-62670,-62129,-61588,-61047,-60506,-59965,-59424,-58883,-58342,-57801,-57260,-56719,-56178,-55637,-55096,-54555,-54014,-53473,-52932,-52391,-51850,-51309,-50768,-50227,-49686,-49145,-48604,-48063,-47522,-46981,-46526,-46440,-45899,-45358,-44817,-44276,-43735,-43194,-42653,-42112,-41571,-41030,-40489,-39948,-39407,-38866,-38325,-37784,-37243,-36702,-36161,-35620,-35079,-34538,-33997,-33456,-32915,-32374,-31833,-31292,-30751,-30210,-29669,-29128,-28587,-28046,-27505,-26964,-26423,-25882,-25341,-24800,-24259,-23718,-23177,-22636,-22095,-21554,-21013,-20472,-19931,-19390,-18849,-18308,-17767,-17226,-16685,-16144,-15603,-15062,-14521,-13980,-13439,-12898,-12357,-11816,-11275,-10734,-10193,-9652,-9111,-8570,-8029,-7488,-6947,-6406,-5865,-5324,-4783,-4242,-3701,-3160,-2619,-2078,-1537,-996,-455
87,628,1169,1710,2251,2792,3333,3874,4415,4956,5497,6038,6579,7120,7661,8202,8743,9284,9825,10366,10907,11448,11989,12530,13071,13612,14153,14694,15235,15776,16317,16858,17399,17940,18481,19022,19563,20104,20645,21186,21727,22268,22809,23350,23891,24432,24973,25514,26055,26596,27137,27678,28219,28760,29301,29842,30383,30924,31465,32006,32547,33088,33629,34170,34711,35252,35793,36334,36875,37416,37957,38498,39039,39580,40121,40662,41203,41744,42285,42826,43367,43908,44449,44990,45531,46072,46613,47154,47695,48236,48777,49318,49859,50400,50941,51482,52023,52564,53105,53646,54187,54728,55269,55810,56351,56892,57433,57974,58515,59056,59597,60138,60679,61220,61761,62302,62843,63384,63925,64466,65007,65548,66089,66630,67171,67712,68253,68794,69335,69876,70417,70958,71499,72040,72581,73122,73663,74204,74745,75286,75827,76368,76909,77450,77991,78532,79073,79614,80155,80696,81237,81778,82319,82860,83401,83942,84483,85024,85565,86106,86647,87188,87729,88270,88811,89352,89893,90434,90975,91516,92057,92598,93139,93680,94221,94762,95303,95844,96385,96926,97467,98008,98549,99090,99631,100172,100713,101254,101795,102336,102877,103418,103959,104500,105041,105582,106123,106664,107205,107746,108287,108828,109369,109910,110451,110992,111533,112074,112615,113156,113697,114238,114779,115320,115861,116402,116943,117484,118025,118566,119107,119648,120189,120730,121271,121812,122353,122894,123435,123976,124517,125058,125599,126140,126681,127222,127763,128304,128845,129386,129927,130468,131009,131550,132091,132632,133173,133714,134255,134796,135337,135878,136419,136960,137501,138042,138583,139124,139665,140206,140747,141288,141829,142370,142911,143452,143993,144534,145075,145616,146157,-145983,-145442,-144901,-144360,-143819,-143278,-142737,-142196,-141655,-141114,-140573,-140032,-139491,-138950,-138409,-137868,-137327,-136786,-136245,-135704,-135163,-134622,-134081,-133540,-132999,-132458,-131917,-131376,-130835,-130294,-129753,-129212,-128671,-128130,-127589,-127048,-126507,-125966,-125425,-124884,-124343,-123802,-123261,-122720,-122179,-121638,-121097,-120556,-120015,-119474,-118933,-118392,-117851,-117310,-116769,-116228,-115687,-115146,-114605,-114064,-113523,-112982,-112441,-111900,-111359,-110818,-110277,-109736,-109195,-108654,-108113,-107572,-107031,-106490,-105949,-105408,-104867,-104326,-103785,-103244,-102703,-102162,-101621,-101080,-100539,-99998,-99457,-98916,-98375,-97834,-97293,-96752,-96211,-95670,-95129,-94588,-94047,-93506,-92965,-92424,-91883,-91342,-90801,-90260,-89719,-89178,-88637,-88096,-87555,-87014,-86473,-85932,-85391,-84850,-84309,-83768,-83227,-82686,-82145,-81604,-81063,-80522,-79981,-79440,-78899,-78358,-77817,-77276,-76735,-76194,-75653,-75112,-74571,-74030,-73489,-72948,-72407,-71866,-71325,-70784,-70243,-69702,-69161,-68620,-68079,-67538,-66997,-66456,-65915,-65374,-64833,-64292,-63751,-63210,-62669,-62128,-61587,-61046,-60505,-59964,-59423,-58882,-58341,-57800,-57259,-56718,-56177,-55636,-55095,-54554,-54013,-53472,-52931,-52390,-51849,-51308,-50767,-50226,-49685,-49144,-48603,-48062,-47521,-47067,-46980,-46439,-45898,-45357,-44816,-44275,-43734,-43193,-42652,-42111,-41570,-41029,-40488,-39947,-39406,-38865,-38324,-37783,-37242,-36701,-36160,-35619,-35078,-34537,-33996,-33455,-32914,-32373,-31832,-31291,-30750,-30209,-29668,-29127,-28586,-28045,-27504,-26963,-26422,-25881,-25340,-24799,-24258,-23717,-23176,-22635,-22094,-21553,-21012,-20471,-19930,-19389,-18848,-18307,-17766,-17225,-16684,-16143,-15602,-15061,-14520,-13979,-13438,-12897,-12356,-11815,-11274,-10733,-10192,-9651,-9110,-8569,-8028,-7487,-6946,-6405,-5864,-5323,-4782,-4241,-3700,-3159,-2618,-2077,-1536,-995,-454
88,629,1170,1711,2252,2793,3334,3875,4416,4957,5498,6039,6580,7121,7662,8203,8744,9285,9826,10367,10908,11449,11990,12531,13072,13613,14154,14695,15236,15777,16318,16859,17400,17941,18482,19023,19564,20105,20646,21187,21728,22269,22810,23351,23892,24433,24974,25515,26056,26597,27138,27679,28220,28761,29302,29843,30384,30925,31466,32007,32548,33089,33630,34171,34712,35253,35794,36335,36876,37417,37958,38499,39040,39581,40122,40663,41204,41745,42286,42827,43368,43909,44450,44991,45532,46073,46614,47155,47696,48237,48778,49319,49860,50401,50942,51483,52024,52565,53106,53647,54188,54729,55270,55811,56352,56893,57434,57975,58516,59057,59598,60139,60680,61221,61762,62303,62844,63385,63926,64467,65008,65549,66090,66631,67172,67713,68254,68795,69336,69877,70418,70959,71500,72041,72582,73123,73664,74205,74746,75287,75828,76369,76910,77451,77992,78533,79074,79615,80156,80697,81238,81779,82320,82861,83402,83943,84484,85025,85566,86107,86648,87189,87730,88271,88812,89353,89894,90435,90976,91517,92058,92599,93140,93681,94222,94763,95304,95845,96386,96927,97468,98009,98550,99091,99632,100173,100714,101255,101796,102337,102878,103419,103960,104501,105042,105583,106124,106665,107206,107747,108288,108829,109370,109911,110452,110993,111534,112075,112616,113157,113698,114239,114780,115321,115862,116403,116944,117485,118026,118567,119108,119649,120190,120731,121272,121813,122354,122895,123436,123977,124518,125059,125600,126141,126682,127223,127764,128305,128846,129387,129928,130469,131010,131551,132092,132633,133174,133715,134256,134797,135338,135879,136420,136961,137502,138043,138584,139125,139666,140207,140748,141289,141830,142371,142912,143453,143994,144535,145076,145617,146158,-145982,-145441,-144900,-144359,-143818,-143277,-142736,-142195,-141654,-141113,-140572,-140031,-139490,-138949,-138408,-137867,-137326,-136785,-136244,-135703,-135162,-134621,-134080,-133539,-132998,-132457,-131916,-131375,-130834,-130293,-129752,-129211,-128670,-128129,-127588,-127047,-126506,-125965,-125424,-124883,-124342,-123801,-123260,-122719,-122178,-121637,-121096,-120555,-120014,-119473,-118932,-118391,-117850,-117309,-116768,-116227,-115686,-115145,-114604,-114063,-113522,-112981,-112440,-111899,-111358,-110817,-110276,-109735,-109194,-108653,-108112,-107571,-107030,-106489,-105948,-105407,-104866,-104325,-103784,-103243,-102702,-102161,-101620,-101079,-100538,-99997,-99456,-98915,-98374,-97833,-97292,-96751,-96210,-95669,-95128,-94587,-94046,-93505,-92964,-92423,-91882,-91341,-90800,-90259,-89718,-89177,-88636,-88095,-87554,-87013,-86472,-85931,-85390,-84849,-84308,-83767,-83226,-82685,-82144,-81603,-81062,-80521,-79980,-79439,-78898,-78357,-77816,-77275,-76734,-76193,-75652,-75111,-74570,-74029,-73488,-72947,-72406,-71865,-71324,-70783,-70242,-69701,-69160,-68619,-68078,-67537,-66996,-66455,-65914,-65373,-64832,-64291,-63750,-63209,-62668,-62127,-61586,-61045,-60504,-59963,-59422,-58881,-58340,-57799,-57258,-56717,-56176,-55635,-55094,-54553,-54012,-53471,-52930,-52389,-51848,-51307,-50766,-50225,-49684,-49143,-48602,-48061,-47608,-47520,-46979,-46438,-45897,-45356,-44815,-44274,-43733,-43192,-42651,-42110,-41569,-41028,-40487,-39946,-39405,-38864,-38323,-37782,-37241,-36700,-36159,-35618,-35077,-34536,-33995,-33454,-32913,-32372,-31831,-31290,-30749,-30208,-29667,-29126,-28585,-28044,-27503,-26962,-26421,-25880,-25339,-24798,-24257,-23716,-23175,-22634,-22093,-21552,-21011,-20470,-19929,-19388,-18847,-18306,-17765,-17224,-16683,-16142,-15601,-15060,-14519,-13978,-13437,-12896,-12355,-11814,-11273,-10732,-10191,-9650,-9109,-8568,-8027,-7486,-6945,-6404,-5863,-5322,-4781,-4240,-3699,-3158,-2617,-2076,-1535,-994,-453
89,630,1171,1712,2253,2794,3335,3876,4417,4958,5499,6040,6581,7122,7663,8204,8745,9286,9827,10368,10909,11450,11991,12532,13073,13614,14155,14696,15237,15778,16319,16860,17401,17942,18483,19024,19565,20106,20647,21188,21729,22270,22811,23352,23893,24434,24975,25516,26057,26598,27139,27680,28221,28762,29303,29844,30385,30926,31467,32008,32549,33090,33631,34172,34713,35254,35795,36336,36877,37418,37959,38500,39041,39582,40123,40664,41205,41746,42287,42828,43369,43910,44451,44992,45533,46074,46615,47156,47697,48238,48779,49320,49861,50402,50943,51484,52025,52566,53107,53648,54189,54730,55271,55812,56353,56894,57435,57976,58517,59058,59599,60140,60681,61222,61763,62304,62845,63386,63927,64468,65009,65550,66091,66632,67173,67714,68255,68796,69337,69878,70419,70960,71501,72042,72583,73124,73665,74206,74747,75288,75829,76370,76911,77452,77993,78534,79075,79616,80157,80698,81239,81780,82321,82862,83403,83944,84485,85026,85567,86108,86649,87190,87731,88272,88813,89354,89895,90436,90977,91518,92059,92600,93141,93682,94223,94764,95305,95846,96387,96928,97469,98010,98551,99092,99633,100174,100715,101256,101797,102338,102879,103420,103961,104502,105043,105584,106125,106666,107207,107748,108289,108830,109371,109912,110453,110994,111535,112076,112617,113158,113699,114240,114781,115322,115863,116404,116945,117486,118027,118568,119109,119650,120191,120732,121273,121814,122355,122896,123437,123978,124519,125060,125601,126142,126683,127224,127765,128306,128847,129388,129929,130470,131011,131552,132093,132634,133175,133716,134257,134798,135339,135880,136421,136962,137503,138044,138585,139126,139667,140208,140749,141290,141831,142372,142913,143454,143995,144536,145077,145618,146159,-145981,-145440,-144899,-144358,-143817,-143276,-142735,-142194,-141653,-141112,-140571,-140030,-139489,-138948,-138407,-137866,-137325,-136784,-136243,-135702,-135161,-134620,-134079,-133538,-132997,-132456,-131915,-131374,-130833,-130292,-129751,-129210,-128669,-128128,-127587,-127046,-126505,-125964,-125423,-124882,-124341,-123800,-123259,-122718,-122177,-121636,-121095,-120554,-120013,-119472,-118931,-118390,-117849,-117308,-116767,-116226,-115685,-115144,-114603,-114062,-113521,-112980,-112439,-111898,-111357,-110816,-110275,-109734,-109193,-108652,-108111,-107570,-107029,-106488,-105947,-105406,-104865,-104324,-103783,-103242,-102701,-102160,-101619,-101078,-100537,-99996,-99455,-98914,-98373,-97832,-97291,-96750,-96209,-95668,-95127,-94586,-94045,-93504,-92963,-92422,-91881,-91340,-90799,-90258,-89717,-89176,-88635,-88094,-87553,-87012,-86471,-85930,-85389,-84848,-84307,-83766,-83225,-82684,-82143,-81602,-81061,-80520,-79979,-79438,-78897,-78356,-77815,-77274,-76733,-76192,-75651,-75110,-74569,-74028,-73487,-72946,-72405,-71864,-71323,-70782,-70241,-69700,-69159,-68618,-68077,-67536,-66995,-66454,-65913,-65372,-64831,-64290,-63749,-63208,-62667,-62126,-61585,-61044,-60503,-59962,-59421,-58880,-58339,-57798,-57257,-56716,-56175,-55634,-55093,-54552,-54011,-53470,-52929,-52388,-51847,-51306,-50765,-50224,-49683,-49142,-48601,-48149,-48060,-47519,-46978,-46437,-45896,-45355,-44814,-44273,-43732,-43191,-42650,-42109,-41568,-41027,-40486,-39945,-39404,-38863,-38322,-37781,-37240,-36699,-36158,-35617,-35076,-34535,-33994,-33453,-32912,-32371,-31830,-31289,-30748,-30207,-29666,-29125,-28584,-28043,-27502,-26961,-26420,-25879,-25338,-24797,-24256,-23715,-23174,-22633,-22092,-21551,-21010,-20469,-19928,-19387,-18846,-18305,-17764,-17223,-16682,-16141,-15600,-15059,-14518,-13977,-13436,-12895,-12354,-11813,-11272,-10731,-10190,-9649,-9108,-8567,-8026,-7485,-6944,-6403,-5862,-5321,-4780,-4239,-3698,-3157,-2616,-2075,-1534,-993,-452
90,631,1172,1713,2254,2795,3336,3877,4418,4959,5500,6041,6582,7123,7664,8205,8746,9287,9828,10369,10910,11451,11992,12533,13074,13615,14156,14697,15238,15779,16320,16861,17402,17943,18484,19025,19566,20107,20648,21189,21730,22271,22812,23353,23894,24435,24976,25517,26058,26599,27140,27681,28222,28763,29304,29845,30386,30927,31468,32009,32550,33091,33632,34173,34714,35255,35796,36337,36878,37419,37960,38501,39042,39583,40124,40665,41206,41747,42288,42829,43370,43911,44452,44993,45534,46075,46616,47157,47698,48239,48780,49321,49862,50403,50944,51485,52026,52567,53108,53649,54190,54731,55272,55813,56354,56895,57436,57977,58518,59059,59600,60141,60682,61223,61764,62305,62846,63387,63928,64469,65010,65551,66092,66633,67174,67715,68256,68797,69338,69879,70420,70961,71502,72043,72584,73125,73666,74207,74748,75289,75830,76371,76912,77453,77994,78535,79076,79617,80158,80699,81240,81781,82322,82863,83404,83945,84486,85027,85568,86109,86650,87191,87732,88273,88814,89355,89896,90437,90978,91519,92060,92601,93142,93683,94224,94765,95306,95847,96388,96929,97470,98011,98552,99093,99634,100175,100716,101257,101798,102339,102880,103421,103962,104503,105044,105585,106126,106667,107208,107749,108290,108831,109372,109913,110454,110995,111536,112077,112618,113159,113700,114241,114782,115323,115864,116405,116946,117487,118028,118569,119110,119651,120192,120733,121274,121815,122356,122897,123438,123979,124520,125061,125602,126143,126684,127225,127766,128307,128848,129389,129930,130471,131012,131553,132094,132635,133176,133717,134258,134799,135340,135881,136422,136963,137504,138045,138586,139127,139668,140209,140750,141291,141832,142373,142914,143455,143996,144537,145078,145619,146160,-145980,-145439,-144898,-144357,-143816,-143275,-142734,-142193,-141652,-141111,-140570,-140029,-139488,-138947,-138406,-137865,-137324,-136783,-136242,-135701,-135160,-134619,-134078,-133537,-132996,-132455,-131914,-131373,-130832,-130291,-129750,-129209,-128668,-128127,-127586,-127045,-126504,-125963,-125422,-124881,-124340,-123799,-123258,-122717,-122176,-121635,-121094,-120553,-120012,-119471,-118930,-118389,-117848,-117307,-116766,-116225,-115684,-115143,-114602,-114061,-113520,-112979,-112438,-111897,-111356,-110815,-110274,-109733,-109192,-108651,-108110,-107569,-107028,-106487,-105946,-105405,-104864,-104323,-103782,-103241,-102700,-102159,-101618,-101077,-100536,-99995,-99454,-98913,-98372,-97831,-97290,-96749,-96208,-95667,-95126,-94585,-94044,-93503,-92962,-92421,-91880,-91339,-90798,-90257,-89716,-89175,-88634,-88093,-87552,-87011,-86470,-85929,-85388,-84847,-84306,-83765,-83224,-82683,-82142,-81601,-81060,-80519,-79978,-79437,-78896,-78355,-77814,-77273,-76732,-76191,-75650,-75109,-74568,-74027,-73486,-72945,-72404,-71863,-71322,-70781,-70240,-69699,-69158,-68617,-68076,-67535,-66994,-66453,-65912,-65371,-64830,-64289,-63748,-63207,-62666,-62125,-61584,-61043,-60502,-59961,-59420,-58879,-58338,-57797,-57256,-56715,-56174,-55633,-55092,-54551,-54010,-53469,-52928,-52387,-51846,-51305,-50764,-50223,-49682,-49141,-48690,-48600,-48059,-47518,-46977,-46436,-45895,-45354,-44813,-44272,-43731,-43190,-42649,-42108,-41567,-41026,-40485,-39944,-39403,-38862,-38321,-37780,-37239,-36698,-36157,-35616,-35075,-34534,-33993,-33452,-32911,-32370,-31829,-31288,-30747,-30206,-29665,-29124,-28583,-28042,-27501,-26960,-26419,-25878,-25337,-24796,-24255,-23714,-23173,-22632,-22091,-21550,-21009,-20468,-19927,-19386,-18845,-18304,-17763,-17222,-16681,-16140,-15599,-15058,-14517,-13976,-13435,-12894,-12353,-11812,-11271,-10730,-10189,-9648,-9107,-8566,-8025,-7484,-6943,-6402,-5861,-5320,-4779,-4238,-3697,-3156,-2615,-2074,-1533,-992,-451
91,632,1173,1714,2255,2796,3337,3878,4419,4960,5501,6042,6583,7124,7665,8206,8747,9288,9829,10370,10911,11452,11993,12534,13075,13616,14157,14698,15239,15780,16321,16862,17403,17944,18485,19026,19567,20108,20649,21190,21731,22272,22813,23354,23895,24436,24977,25518,26059,26600,27141,27682,28223,28764,29305,29846,30387,30928,31469,32010,32551,33092,33633,34174,34715,35256,35797,36338,36879,37420,37961,38502,39043,39584,40125,40666,41207,41748,42289,42830,43371,43912,44453,44994,45535,46076,46617,47158,47699,48240,48781,49322,49863,50404,50945,51486,52027,52568,53109,53650,54191,54732,55273,55814,56355,56896,57437,57978,58519,59060,59601,60142,60683,61224,61765,62306,62847,63388,63929,64470,65011,65552,66093,66634,67175,67716,68257,68798,69339,69880,70421,70962,71503,72044,72585,73126,73667,74208,74749,75290,75831,76372,76913,77454,77995,78536,79077,79618,80159,80700,81241,81782,82323,82864,83405,83946,84487,85028,85569,86110,86651,87192,87733,88274,88815,89356,89897,90438,90979,91520,92061,92602,93143,93684,94225,94766,95307,95848,96389,96930,97471,98012,98553,99094,99635,100176,100717,101258,101799,102340,102881,103422,103963,104504,105045,105586,106127,106668,107209,107750,108291,108832,109373,109914,110455,110996,111537,112078,112619,113160,113701,114242,114783,115324,115865,116406,116947,117488,118029,118570,119111,119652,120193,120734,121275,121816,122357,122898,123439,123980,124521,125062,125603,126144,126685,127226,127767,128308,128849,129390,129931,130472,131013,131554,132095,132636,133177,133718,134259,134800,135341,135882,136423,136964,137505,138046,138587,139128,139669,140210,140751,141292,141833,142374,142915,143456,143997,144538,145079,145620,146161,-145979,-145438,-144897,-144356,-143815,-143274,-142733,-142192,-141651,-141110,-140569,-140028,-139487,-138946,-138405,-137864,-137323,-136782,-136241,-135700,-135159,-134618,-134077,-133536,-132995,-132454,-131913,-131372,-130831,-130290,-129749,-129208,-128667,-128126,-127585,-127044,-126503,-125962,-125421,-124880,-124339,-123798,-123257,-122716,-122175,-121634,-121093,-120552,-120011,-119470,-118929,-118388,-117847,-117306,-116765,-116224,-115683,-115142,-114601,-114060,-113519,-112978,-112437,-111896,-111355,-110814,-110273,-109732,-109191,-108650,-108109,-107568,-107027,-106486,-105945,-105404,-104863,-104322,-103781,-103240,-102699,-102158,-101617,-101076,-100535,-99994,-99453,-98912,-98371,-97830,-97289,-96748,-96207,-95666,-95125,-94584,-94043,-93502,-92961,-92420,-91879,-91338,-90797,-90256,-89715,-89174,-88633,-88092,-87551,-87010,-86469,-85928,-85387,-84846,-84305,-83764,-83223,-82682,-82141,-81600,-81059,-80518,-79977,-79436,-78895,-78354,-77813,-77272,-76731,-76190,-75649,-75108,-74567,-74026,-73485,-72944,-72403,-71862,-71321,-70780,-70239,-69698,-69157,-68616,-68075,-67534,-66993,-66452,-65911,-65370,-64829,-64288,-63747,-63206,-62665,-62124,-61583,-61042,-60501,-59960,-59419,-58878,-58337,-57796,-57255,-56714,-56173,-55632,-55091,-54550,-54009,-53468,-52927,-52386,-51845,-51304,-50763,-50222,-49681,-49231,-49140,-48599,-48058,-47517,-46976,-46435,-45894,-45353,-44812,-44271,-43730,-43189,-42648,-42107,-41566,-41025,-40484,-39943,-39402,-38861,-38320,-37779,-37238,-36697,-36156,-35615,-35074,-34533,-33992,-33451,-32910,-32369,-31828,-31287,-30746,-30205,-29664,-29123,-28582,-28041,-27500,-26959,-26418,-25877,-25336,-24795,-24254,-23713,-23172,-22631,-22090,-21549,-21008,-20467,-19926,-19385,-18844,-18303,-17762,-17221,-16680,-16139,-15598,-15057,-14516,-13975,-13434,-12893,-12352,-11811,-11270,-10729,-10188,-9647,-9106,-8565,-8024,-7483,-6942,-6401,-5860,-5319,-4778,-4237,-3696,-3155,-2614,-2073,-1532,-991,-450
92,633,1174,1715,2256,2797,3338,3879,4420,4961,5502,6043,6584,7125,7666,8207,8748,9289,9830,10371,10912,11453,11994,12535,13076,13617,14158,14699,15240,15781,16322,16863,17404,17945,18486,19027,19568,20109,20650,21191,21732,22273,22814,23355,23896,24437,24978,25519,26060,26601,27142,27683,28224,28765,29306,29847,30388,30929,31470,32011,32552,33093,33634,34175,34716,35257,35798,36339,36880,37421,37962,38503,39044,39585,40126,40667,41208,41749,42290,42831,43372,43913,44454,44995,45536,46077,46618,47159,47700,48241,48782,49323,49864,50405,50946,51487,52028,52569,53110,53651,54192,54733,55274,55815,56356,56897,57438,57979,58520,59061,59602,60143,60684,61225,61766,62307,62848,63389,63930,64471,65012,65553,66094,66635,67176,67717,68258,68799,69340,69881,70422,70963,71504,72045,72586,73127,73668,74209,74750,75291,75832,76373,76914,77455,77996,78537,79078,79619,80160,80701,81242,81783,82324,82865,83406,83947,84488,85029,85570,86111,86652,87193,87734,88275,88816,89357,89898,90439,90980,91521,92062,92603,93144,93685,94226,94767,95308,95849,96390,96931,97472,98013,98554,99095,99636,100177,100718,101259,101800,102341,102882,103423,103964,104505,105046,105587,106128,106669,107210,107751,108292,108833,109374,109915,110456,110997,111538,112079,112620,113161,113702,114243,114784,115325,115866,116407,116948,117489,118030,118571,119112,119653,120194,120735,121276,121817,122358,122899,123440,123981,124522,125063,125604,126145,126686,127227,127768,128309,128850,129391,129932,130473,131014,131555,132096,132637,133178,133719,134260,134801,135342,135883,136424,136965,137506,138047,138588,139129,139670,140211,140752,141293,141834,142375,142916,143457,143998,144539,145080,145621,146162,-145978,-145437,-144896,-144355,-143814,-143273,-142732,-142191,-141650,-141109,-140568,-140027,-139486,-138945,-138404,-137863,-137322,-136781,-136240,-135699,-135158,-134617,-134076,-133535,-132994,-132453,-131912,-131371,-130830,-130289,-129748,-129207,-128666,-128125,-127584,-127043,-126502,-125961,-125420,-124879,-124338,-123797,-123256,-122715,-122174,-121633,-121092,-120551,-120010,-119469,-118928,-118387,-117846,-117305,-116764,-116223,-115682,-115141,-114600,-114059,-113518,-112977,-112436,-111895,-111354,-110813,-110272,-109731,-109190,-108649,-108108,-107567,-107026,-106485,-105944,-105403,-104862,-104321,-103780,-103239,-102698,-102157,-101616,-101075,-100534,-99993,-99452,-98911,-98370,-97829,-97288,-96747,-96206,-95665,-95124,-94583,-94042,-93501,-92960,-92419,-91878,-91337,-90796,-90255,-89714,-89173,-88632,-88091,-87550,-87009,-86468,-85927,-85386,-84845,-84304,-83763,-83222,-82681,-82140,-81599,-81058,-80517,-79976,-79435,-78894,-78353,-77812,-77271,-76730,-76189,-75648,-75107,-74566,-74025,-73484,-72943,-72402,-71861,-71320,-70779,-70238,-69697,-69156,-68615,-68074,-67533,-66992,-66451,-65910,-65369,-64828,-64287,-63746,-63205,-62664,-62123,-61582,-61041,-60500,-59959,-59418,-58877,-58336,-57795,-57254,-56713,-56172,-55631,-55090,-54549,-54008,-53467,-52926,-52385,-51844,-51303,-50762,-50221,-49772,-49680,-49139,-48598,-48057,-47516,-46975,-46434,-45893,-45352,-44811,-44270,-43729,-43188,-42647,-42106,-41565,-41024,-40483,-39942,-39401,-38860,-38319,-37778,-37237,-36696,-36155,-35614,-35073,-34532,-33991,-33450,-32909,-32368,-31827,-31286,-30745,-30204,-29663,-29122,-28581,-28040,-27499,-26958,-26417,-25876,-25335,-24794,-24253,-23712,-23171,-22630,-22089,-21548,-21007,-20466,-19925,-19384,-18843,-18302,-17761,-17220,-16679,-16138,-15597,-15056,-14515,-13974,-13433,-12892,-12351,-11810,-11269,-10728,-10187,-9646,-9105,-8564,-8023,-7482,-6941,-6400,-5859,-5318,-4777,-4236,-3695,-3154,-2613,-2072,-1531,-990,-449
93,634,1175,1716,2257,2798,3339,3880,4421,4962,5503,6044,6585,7126,7667,8208,8749,9290,9831,10372,10913,11454,11995,12536,13077,13618,14159,14700,15241,15782,16323,16864,17405,17946,18487,19028,19569,20110,20651,21192,21733,22274,22815,23356,23897,24438,24979,25520,26061,26602,27143,27684,28225,28766,29307,29848,30389,30930,31471,32012,32553,33094,33635,34176,34717,35258,35799,36340,36881,37422,37963,38504,39045,39586,40127,40668,41209,41750,42291,42832,43373,43914,44455,44996,45537,46078,46619,47160,47701,48242,48783,49324,49865,50406,50947,51488,52029,52570,53111,53652,54193,54734,55275,55816,56357,56898,57439,57980,58521,59062,59603,60144,60685,61226,61767,62308,62849,63390,63931,64472,65013,65554,66095,66636,67177,67718,68259,68800,69341,69882,70423,70964,71505,72046,72587,73128,73669,74210,74751,75292,75833,76374,76915,77456,77997,78538,79079,79620,80161,80702,81243,81784,82325,82866,83407,83948,84489,85030,85571,86112,86653,87194,87735,88276,88817,89358,89899,90440,90981,91522,92063,92604,93145,93686,94227,94768,95309,95850,96391,96932,97473,98014,98555,99096,99637,100178,100719,101260,101801,102342,102883,103424,103965,104506,105047,105588,106129,106670,107211,107752,108293,108834,109375,109916,110457,110998,111539,112080,112621,113162,113703,114244,114785,115326,115867,116408,116949,117490,118031,118572,119113,119654,120195,120736,121277,121818,122359,122900,123441,123982,124523,125064,125605,126146,126687,127228,127769,128310,128851,129392,129933,130474,131015,131556,132097,132638,133179,133720,134261,134802,135343,135884,136425,136966,137507,138048,138589,139130,139671,140212,140753,141294,141835,142376,142917,143458,143999,144540,145081,145622,146163,-145977,-145436,-144895,-144354,-143813,-143272,-142731,-142190,-141649,-141108,-140567,-140026,-139485,-138944,-138403,-137862,-137321,-136780,-136239,-135698,-135157,-134616,-134075,-133534,-132993,-132452,-131911,-131370,-130829,-130288,-129747,-129206,-128665,-128124,-127583,-127042,-126501,-125960,-125419,-124878,-124337,-123796,-123255,-122714,-122173,-121632,-121091,-120550,-120009,-119468,-118927,-118386,-117845,-117304,-116763,-116222,-115681,-115140,-114599,-114058,-113517,-112976,-112435,-111894,-111353,-110812,-110271,-109730,-109189,-108648,-108107,-107566,-107025,-106484,-105943,-105402,-104861,-104320,-103779,-103238,-102697,-102156,-101615,-101074,-100533,-99992,-99451,-98910,-98369,-97828,-97287,-96746,-96205,-95664,-95123,-94582,-94041,-93500,-92959,-92418,-91877,-91336,-90795,-90254,-89713,-89172,-88631,-88090,-87549,-87008,-86467,-85926,-85385,-84844,-84303,-83762,-83221,-82680,-82139,-81598,-81057,-80516,-79975,-79434,-78893,-78352,-77811,-77270,-76729,-76188,-75647,-75106,-74565,-74024,-73483,-72942,-72401,-71860,-71319,-70778,-70237,-69696,-69155,-68614,-68073,-67532,-66991,-66450,-65909,-65368,-64827,-64286,-63745,-63204,-62663,-62122,-61581,-61040,-60499,-59958,-59417,-58876,-58335,-57794,-57253,-56712,-56171,-55630,-55089,-54548,-54007,-53466,-52925,-52384,-51843,-51302,-50761,-50313,-50220,-49679,-49138,-48597,-48056,-47515,-46974,-46433,-45892,-45351,-44810,-44269,-43728,-43187,-42646,-42105,-41564,-41023,-40482,-39941,-39400,-38859,-38318,-37777,-37236,-36695,-36154,-35613,-35072,-34531,-33990,-33449,-32908,-32367,-31826,-31285,-30744,-30203,-29662,-29121,-28580,-28039,-27498,-26957,-26416,-25875,-25334,-24793,-24252,-23711,-23170,-22629,-22088,-21547,-21006,-20465,-19924,-19383,-18842,-18301,-17760,-17219,-16678,-16137,-15596,-15055,-14514,-13973,-13432,-12891,-12350,-11809,-11268,-10727,-10186,-9645,-9104,-8563,-8022,-7481,-6940,-6399,-5858,-5317,-4776,-4235,-3694,-3153,-2612,-2071,-1530,-989,-448
94,635,1176,1717,2258,2799,3340,3881,4422,4963,5504,6045,6586,7127,7668,8209,8750,9291,9832,10373,10914,11455,11996,12537,13078,13619,14160,14701,15242,15783,16324,16865,17406,17947,18488,19029,19570,20111,20652,21193,21734,22275,22816,23357,23898,24439,24980,25521,26062,26603,27144,27685,28226,28767,29308,29849,30390,30931,31472,32013,32554,33095,33636,34177,34718,35259,35800,36341,36882,37423,37964,38505,39046,39587,40128,40669,41210,41751,42292,42833,43374,43915,44456,44997,45538,46079,46620,47161,47702,48243,48784,49325,49866,50407,50948,51489,52030,52571,53112,53653,54194,54735,55276,55817,56358,56899,57440,57981,58522,59063,59604,60145,60686,61227,61768,62309,62850,63391,63932,64473,65014,65555,66096,66637,67178,67719,68260,68801,69342,69883,70424,70965,71506,72047,72588,73129,73670,74211,74752,75293,75834,76375,76916,77457,77998,78539,79080,79621,80162,80703,81244,81785,82326,82867,83408,83949,84490,85031,85572,86113,86654,87195,87736,88277,88818,89359,89900,90441,90982,91523,92064,92605,93146,93687,94228,94769,95310,95851,96392,96933,97474,98015,98556,99097,99638,100179,100720,101261,101802,102343,102884,103425,103966,104507,105048,105589,106130,106671,107212,107753,108294,108835,109376,109917,110458,110999,111540,112081,112622,113163,113704,114245,114786,115327,115868,116409,116950,117491,118032,118573,119114,119655,120196,120737,121278,121819,122360,122901,123442,123983,124524,125065,125606,126147,126688,127229,127770,128311,128852,129393,129934,130475,131016,131557,132098,132639,133180,133721,134262,134803,135344,135885,136426,136967,137508,138049,138590,139131,139672,140213,140754,141295,141836,142377,142918,143459,144000,144541,145082,145623,146164,-145976,-145435,-144894,-144353,-143812,-143271,-142730,-142189,-141648,-141107,-140566,-140025,-139484,-138943,-138402,-137861,-137320,-136779,-136238,-135697,-135156,-134615,-134074,-133533,-132992,-132451,-131910,-131369,-130828,-130287,-129746,-129205,-128664,-128123,-127582,-127041,-126500,-125959,-125418,-124877,-124336,-123795,-123254,-122713,-122172,-121631,-121090,-120549,-120008,-119467,-118926,-118385,-117844,-117303,-116762,-116221,-115680,-115139,-114598,-114057,-113516,-112975,-112434,-111893,-111352,-110811,-110270,-109729,-109188,-108647,-108106,-107565,-107024,-106483,-105942,-105401,-104860,-104319,-103778,-103237,-102696,-102155,-101614,-101073,-100532,-99991,-99450,-98909,-98368,-97827,-97286,-96745,-96204,-95663,-95122,-94581,-94040,-93499,-92958,-92417,-91876,-91335,-90794,-90253,-89712,-89171,-88630,-88089,-87548,-87007,-86466,-85925,-85384,-84843,-84302,-83761,-83220,-82679,-82138,-81597,-81056,-80515,-79974,-79433,-78892,-78351,-77810,-77269,-76728,-76187,-75646,-75105,-74564,-74023,-73482,-72941,-72400,-71859,-71318,-70777,-70236,-69695,-69154,-68613,-68072,-67531,-66990,-66449,-65908,-65367,-64826,-64285,-63744,-63203,-62662,-62121,-61580,-61039,-60498,-59957,-59416,-58875,-58334,-57793,-57252,-56711,-56170,-55629,-55088,-54547,-54006,-53465,-52924,-52383,-51842,-51301,-50854,-50760,-50219,-49678,-49137,-48596,-48055,-47514,-46973,-46432,-45891,-45350,-44809,-44268,-43727,-43186,-42645,-42104,-41563,-41022,-40481,-39940,-39399,-38858,-38317,-37776,-37235,-36694,-36153,-35612,-35071,-34530,-33989,-33448,-32907,-32366,-31825,-31284,-30743,-30202,-29661,-29120,-28579,-28038,-27497,-26956,-26415,-25874,-25333,-24792,-24251,-23710,-23169,-22628,-22087,-21546,-21005,-20464,-19923,-19382,-18841,-18300,-17759,-17218,-16677,-16136,-15595,-15054,-14513,-13972,-13431,-12890,-12349,-11808,-11267,-10726,-10185,-9644,-9103,-8562,-8021,-7480,-6939,-6398,-5857,-5316,-4775,-4234,-3693,-3152,-2611,-2070,-1529,-988,-447
95,636,1177,1718,2259,2800,3341,3882,4423,4964,5505,6046,6587,7128,7669,8210,8751,9292,9833,10374,10915,11456,11997,12538,13079,13620,14161,14702,15243,15784,16325,16866,17407,17948,18489,19030,19571,20112,20653,21194,21735,22276,22817,23358,23899,24440,24981,25522,26063,26604,27145,27686,28227,28768,29309,29850,30391,30932,31473,32014,32555,33096,33637,34178,34719,35260,35801,36342,36883,37424,37965,38506,39047,39588,40129,40670,41211,41752,42293,42834,43375,43916,44457,44998,45539,46080,46621,47162,47703,48244,48785,49326,49867,50408,50949,51490,52031,52572,53113,53654,54195,54736,55277,55818,56359,56900,57441,57982,58523,59064,59605,60146,60687,61228,61769,62310,62851,63392,63933,64474,65015,65556,66097,66638,67179,67720,68261,68802,69343,69884,70425,70966,71507,72048,72589,73130,73671,74212,74753,75294,75835,76376,76917,77458,77999,78540,79081,79622,80163,80704,81245,81786,82327,82868,83409,83950,84491,85032,85573,86114,86655,87196,87737,88278,88819,89360,89901,90442,90983,91524,92065,92606,93147,93688,94229,94770,95311,95852,96393,96934,97475,98016,98557,99098,99639,100180,100721,101262,101803,102344,102885,103426,103967,104508,105049,105590,106131,106672,107213,107754,108295,108836,109377,109918,110459,111000,111541,112082,112623,113164,113705,114246,114787,115328,115869,116410,116951,117492,118033,118574,119115,119656,120197,120738,121279,121820,122361,122902,123443,123984,124525,125066,125607,126148,126689,127230,127771,128312,128853,129394,129935,130476,131017,131558,132099,132640,133181,133722,134263,134804,135345,135886,136427,136968,137509,138050,138591,139132,139673,140214,140755,141296,141837,142378,142919,143460,144001,144542,145083,145624,146165,-145975,-145434,-144893,-144352,-143811,-143270,-142729,-142188,-141647,-141106,-140565,-140024,-139483,-138942,-138401,-137860,-137319,-136778,-136237,-135696,-135155,-134614,-134073,-133532,-132991,-132450,-131909,-131368,-130827,-130286,-129745,-129204,-128663,-128122,-127581,-127040,-126499,-125958,-125417,-124876,-124335,-123794,-123253,-122712,-122171,-121630,-121089,-120548,-120007,-119466,-118925,-118384,-117843,-117302,-116761,-116220,-115679,-115138,-114597,-114056,-113515,-112974,-112433,-111892,-111351,-110810,-110269,-109728,-109187,-108646,-108105,-107564,-107023,-106482,-105941,-105400,-104859,-104318,-103777,-103236,-102695,-102154,-101613,-101072,-100531,-99990,-99449,-98908,-98367,-97826,-97285,-96744,-96203,-95662,-95121,-94580,-94039,-93498,-92957,-92416,-91875,-91334,-90793,-90252,-89711,-89170,-88629,-88088,-87547,-87006,-86465,-85924,-85383,-84842,-84301,-83760,-83219,-82678,-82137,-81596,-81055,-80514,-79973,-79432,-78891,-78350,-77809,-77268,-76727,-76186,-75645,-75104,-74563,-74022,-73481,-72940,-72399,-71858,-71317,-70776,-70235,-69694,-69153,-68612,-68071,-67530,-66989,-66448,-65907,-65366,-64825,-64284,-63743,-63202,-62661,-62120,-61579,-61038,-60497,-59956,-59415,-58874,-58333,-57792,-57251,-56710,-56169,-55628,-55087,-54546,-54005,-53464,-52923,-52382,-51841,-51395,-51300,-50759,-50218,-49677,-49136,-48595,-48054,-47513,-46972,-46431,-45890,-45349,-44808,-44267,-43726,-43185,-42644,-42103,-41562,-41021,-40480,-39939,-39398,-38857,-38316,-37775,-37234,-36693,-36152,-35611,-35070,-34529,-33988,-33447,-32906,-32365,-31824,-31283,-30742,-30201,-29660,-29119,-28578,-28037,-27496,-26955,-26414,-25873,-25332,-24791,-24250,-23709,-23168,-22627,-22086,-21545,-21004,-20463,-19922,-19381,-18840,-18299,-17758,-17217,-16676,-16135,-15594,-15053,-14512,-13971,-13430,-12889,-12348,-11807,-11266,-10725,-10184,-9643,-9102,-8561,-8020,-7479,-6938,-6397,-5856,-5315,-4774,-4233,-3692,-3151,-2610,-2069,-1528,-987,-446
96,637,1178,1719,2260,2801,3342,3883,4424,4965,5506,6047,6588,7129,7670,8211,8752,9293,9834,10375,10916,11457,11998,12539,13080,13621,14162,14703,15244,15785,16326,16867,17408,17949,18490,19031,19572,20113,20654,21195,21736,22277,22818,23359,23900,24441,24982,25523,26064,26605,27146,27687,28228,28769,29310,29851,30392,30933,31474,32015,32556,33097,33638,34179,34720,35261,35802,36343,36884,37425,37966,38507,39048,39589,40130,40671,41212,41753,42294,42835,43376,43917,44458,44999,45540,46081,46622,47163,47704,48245,48786,49327,49868,50409,50950,51491,52032,52573,53114,53655,54196,54737,55278,55819,56360,56901,57442,57983,58524,59065,59606,60147,60688,61229,61770,62311,62852,63393,63934,64475,65016,65557,66098,66639,67180,67721,68262,68803,69344,69885,70426,70967,71508,72049,72590,73131,73672,74213,74754,75295,75836,76377,76918,77459,78000,78541,79082,79623,80164,80705,81246,81787,82328,82869,83410,83951,84492,85033,85574,86115,86656,87197,87738,88279,88820,89361,89902,90443,90984,91525,92066,92607,93148,93689,94230,94771,95312,95853,96394,96935,97476,98017,98558,99099,99640,100181,100722,101263,101804,102345,102886,103427,103968,104509,105050,105591,106132,106673,107214,107755,108296,108837,109378,109919,110460,111001,111542,112083,112624,113165,113706,114247,114788,115329,115870,116411,116952,117493,118034,118575,119116,119657,120198,120739,121280,121821,122362,122903,123444,123985,124526,125067,125608,126149,126690,127231,127772,128313,128854,129395,129936,130477,131018,131559,132100,132641,133182,133723,134264,134805,135346,135887,136428,136969,137510,138051,138592,139133,139674,140215,140756,141297,141838,142379,142920,143461,144002,144543,145084,145625,146166,-145974,-145433,-144892,-144351,-143810,-143269,-142728,-142187,-141646,-141105,-140564,-140023,-139482,-138941,-138400,-137859,-137318,-136777,-136236,-135695,-135154,-134613,-134072,-133531,-132990,-132449,-131908,-131367,-130826,-130285,-129744,-129203,-128662,-128121,-127580,-127039,-126498,-125957,-125416,-124875,-124334,-123793,-123252,-122711,-122170,-121629,-121088,-120547,-120006,-119465,-118924,-118383,-117842,-117301,-116760,-116219,-115678,-115137,-114596,-114055,-113514,-112973,-112432,-111891,-111350,-110809,-110268,-109727,-109186,-108645,-108104,-107563,-107022,-106481,-105940,-105399,-104858,-104317,-103776,-103235,-102694,-102153,-101612,-101071,-100530,-99989,-99448,-98907,-98366,-97825,-97284,-96743,-96202,-95661,-95120,-94579,-94038,-93497,-92956,-92415,-91874,-91333,-90792,-90251,-89710,-89169,-88628,-88087,-87546,-87005,-86464,-85923,-85382,-84841,-84300,-83759,-83218,-82677,-82136,-81595,-81054,-80513,-79972,-79431,-78890,-78349,-77808,-77267,-76726,-76185,-75644,-75103,-74562,-74021,-73480,-72939,-72398,-71857,-71316,-70775,-70234,-69693,-69152,-68611,-68070,-67529,-66988,-66447,-65906,-65365,-64824,-64283,-63742,-63201,-62660,-62119,-61578,-61037,-60496,-59955,-59414,-58873,-58332,-57791,-57250,-56709,-56168,-55627,-55086,-54545,-54004,-53463,-52922,-52381,-51936,-51840,-51299,-50758,-50217,-49676,-49135,-48594,-48053,-47512,-46971,-46430,-45889,-45348,-44807,-44266,-43725,-43184,-42643,-42102,-41561,-41020,-40479,-39938,-39397,-38856,-38315,-37774,-37233,-36692,-36151,-35610,-35069,-34528,-33987,-33446,-32905,-32364,-31823,-31282,-30741,-30200,-29659,-29118,-28577,-28036,-27495,-26954,-26413,-25872,-25331,-24790,-24249,-23708,-23167,-22626,-22085,-21544,-21003,-20462,-19921,-19380,-18839,-18298,-17757,-17216,-16675,-16134,-15593,-15052,-14511,-13970,-13429,-12888,-12347,-11806,-11265,-10724,-10183,-9642,-9101,-8560,-8019,-7478,-6937,-6396,-5855,-5314,-4773,-4232,-3691,-3150,-2609,-2068,-1527,-986,-445
97,638,1179,1720,2261,2802,3343,3884,4425,4966,5507,6048,6589,7130,7671,8212,8753,9294,9835,10376,10917,11458,11999,12540,13081,13622,14163,14704,15245,15786,16327,16868,17409,17950,18491,19032,19573,20114,20655,21196,21737,22278,22819,23360,23901,24442,24983,25524,26065,26606,27147,27688,28229,28770,29311,29852,30393,30934,31475,32016,32557,33098,33639,34180,34721,35262,35803,36344,36885,37426,37967,38508,39049,39590,40131,40672,41213,41754,42295,42836,43377,43918,44459,45000,45541,46082,46623,47164,47705,48246,48787,49328,49869,50410,50951,51492,52033,52574,53115,53656,54197,54738,55279,55820,56361,56902,57443,57984,58525,59066,59607,60148,60689,61230,61771,62312,62853,63394,63935,64476,65017,65558,66099,66640,67181,67722,68263,68804,69345,69886,70427,70968,71509,72050,72591,73132,73673,74214,74755,75296,75837,76378,76919,77460,78001,78542,79083,79624,80165,80706,81247,81788,82329,82870,83411,83952,84493,85034,85575,86116,86657,87198,87739,88280,88821,89362,89903,90444,90985,91526,92067,92608,93149,93690,94231,94772,95313,95854,96395,96936,97477,98018,98559,99100,99641,100182,100723,101264,101805,102346,102887,103428,103969,104510,105051,105592,106133,106674,107215,107756,108297,108838,109379,109920,110461,111002,111543,112084,112625,113166,113707,114248,114789,115330,115871,116412,116953,117494,118035,118576,119117,119658,120199,120740,121281,121822,122363,122904,123445,123986,124527,125068,125609,126150,126691,127232,127773,128314,128855,129396,129937,130478,131019,131560,132101,132642,133183,133724,134265,134806,135347,135888,136429,136970,137511,138052,138593,139134,139675,140216,140757,141298,141839,142380,142921,143462,144003,144544,145085,145626,146167,-145973,-145432,-144891,-144350,-143809,-143268,-142727,-142186,-141645,-141104,-140563,-140022,-139481,-138940,-138399,-137858,-137317,-136776,-136235,-135694,-135153,-134612,-134071,-133530,-132989,-132448,-131907,-131366,-130825,-130284,-129743,-129202,-128661,-128120,-127579,-127038,-126497,-125956,-125415,-124874,-124333,-123792,-123251,-122710,-122169,-121628,-121087,-120546,-120005,-119464,-118923,-118382,-117841,-117300,-116759,-116218,-115677,-115136,-114595,-114054,-113513,-112972,-112431,-111890,-111349,-110808,-110267,-109726,-109185,-108644,-108103,-107562,-107021,-106480,-105939,-105398,-104857,-104316,-103775,-103234,-102693,-102152,-101611,-101070,-100529,-99988,-99447,-98906,-98365,-97824,-97283,-96742,-96201,-95660,-95119,-94578,-94037,-93496,-92955,-92414,-91873,-91332,-90791,-90250,-89709,-89168,-88627,-88086,-87545,-87004,-86463,-85922,-85381,-84840,-84299,-83758,-83217,-82676,-82135,-81594,-81053,-80512,-79971,-79430,-78889,-78348,-77807,-77266,-76725,-76184,-75643,-75102,-74561,-74020,-73479,-72938,-72397,-71856,-71315,-70774,-70233,-69692,-69151,-68610,-68069,-67528,-66987,-66446,-65905,-65364,-64823,-64282,-63741,-63200,-62659,-62118,-61577,-61036,-60495,-59954,-59413,-58872,-58331,-57790,-57249,-56708,-56167,-55626,-55085,-54544,-54003,-53462,-52921,-52477,-52380,-51839,-51298,-50757,-50216,-49675,-49134,-48593,-48052,-47511,-46970,-46429,-45888,-45347,-44806,-44265,-43724,-43183,-42642,-42101,-41560,-41019,-40478,-39937,-39396,-38855,-38314,-37773,-37232,-36691,-36150,-35609,-35068,-34527,-33986,-33445,-32904,-32363,-31822,-31281,-30740,-30199,-29658,-29117,-28576,-28035,-27494,-26953,-26412,-25871,-25330,-24789,-24248,-23707,-23166,-22625,-22084,-21543,-21002,-20461,-19920,-19379,-18838,-18297,-17756,-17215,-16674,-16133,-15592,-15051,-14510,-13969,-13428,-12887,-12346,-11805,-11264,-10723,-10182,-9641,-9100,-8559,-8018,-7477,-6936,-6395,-5854,-5313,-4772,-4231,-3690,-3149,-2608,-2067,-1526,-985,-444
98,639,1180,1721,2262,2803,3344,3885,4426,4967,5508,6049,6590,7131,7672,8213,8754,9295,9836,10377,10918,11459,12000,12541,13082,13623,14164,14705,15246,15787,16328,16869,17410,17951,18492,19033,19574,20115,20656,21197,21738,22279,22820,23361,23902,24443,24984,25525,26066,26607,27148,27689,28230,28771,29312,29853,30394,30935,31476,32017,32558,33099,33640,34181,34722,35263,35804,36345,36886,37427,37968,38509,39050,39591,40132,40673,41214,41755,42296,42837,43378,43919,44460,45001,45542,46083,46624,47165,47706,48247,48788,49329,49870,50411,50952,51493,52034,52575,53116,53657,54198,54739,55280,55821,56362,56903,57444,57985,58526,59067,59608,60149,60690,61231,61772,62313,62854,63395,63936,64477,65018,65559,66100,66641,67182,67723,68264,68805,69346,69887,70428,70969,71510,72051,72592,73133,73674,74215,74756,75297,75838,76379,76920,77461,78002,78543,79084,79625,80166,80707,81248,81789,82330,82871,83412,83953,84494,85035,85576,86117,86658,87199,87740,88281,88822,89363,89904,90445,90986,91527,92068,92609,93150,93691,94232,94773,95314,95855,96396,96937,97478,98019,98560,99101,99642,100183,100724,101265,101806,102347,102888,103429,103970,104511,105052,105593,106134,106675,107216,107757,108298,108839,109380,109921,110462,111003,111544,112085,112626,113167,113708,114249,114790,115331,115872,116413,116954,117495,118036,118577,119118,119659,120200,120741,121282,121823,122364,122905,123446,123987,124528,125069,125610,126151,126692,127233,127774,128315,128856,129397,129938,130479,131020,131561,132102,132643,133184,133725,134266,134807,135348,135889,136430,136971,137512,138053,138594,139135,139676,140217,140758,141299,141840,142381,142922,143463,144004,144545,145086,145627,146168,-145972,-145431,-144890,-144349,-143808,-143267,-142726,-142185,-141644,-141103,-140562,-140021,-139480,-138939,-138398,-137857,-137316,-136775,-136234,-135693,-135152,-134611,-134070,-133529,-132988,-132447,-131906,-131365,-130824,-130283,-129742,-129201,-128660,-128119,-127578,-127037,-126496,-125955,-125414,-124873,-124332,-123791,-123250,-122709,-122168,-121627,-121086,-120545,-120004,-119463,-118922,-118381,-117840,-117299,-116758,-116217,-115676,-115135,-114594,-114053,-113512,-112971,-112430,-111889,-111348,-110807,-110266,-109725,-109184,-108643,-108102,-107561,-107020,-106479,-105938,-105397,-104856,-104315,-103774,-103233,-102692,-102151,-101610,-101069,-100528,-99987,-99446,-98905,-98364,-97823,-97282,-96741,-96200,-95659,-95118,-94577,-94036,-93495,-92954,-92413,-91872,-91331,-90790,-90249,-89708,-89167,-88626,-88085,-87544,-87003,-86462,-85921,-85380,-84839,-84298,-83757,-83216,-82675,-82134,-81593,-81052,-80511,-79970,-79429,-78888,-78347,-77806,-77265,-76724,-76183,-75642,-75101,-74560,-74019,-73478,-72937,-72396,-71855,-71314,-70773,-70232,-69691,-69150,-68609,-68068,-67527,-66986,-66445,-65904,-65363,-64822,-64281,-63740,-63199,-62658,-62117,-61576,-61035,-60494,-59953,-59412,-58871,-58330,-57789,-57248,-56707,-56166,-55625,-55084,-54543,-54002,-53461,-53018,-52920,-52379,-51838,-51297,-50756,-50215,-49674,-49133,-48592,-48051,-47510,-46969,-46428,-45887,-45346,-44805,-44264,-43723,-43182,-42641,-42100,-41559,-41018,-40477,-39936,-39395,-38854,-38313,-37772,-37231,-36690,-36149,-35608,-35067,-34526,-33985,-33444,-32903,-32362,-31821,-31280,-30739,-30198,-29657,-29116,-28575,-28034,-27493,-26952,-26411,-25870,-25329,-24788,-24247,-23706,-23165,-22624,-22083,-21542,-21001,-20460,-19919,-19378,-18837,-18296,-17755,-17214,-16673,-16132,-15591,-15050,-14509,-13968,-13427,-12886,-12345,-11804,-11263,-10722,-10181,-9640,-9099,-8558,-8017,-7476,-6935,-6394,-5853,-5312,-4771,-4230,-3689,-3148,-2607,-2066,-1525,-984,-443
99,640,1181,1722,2263,2804,3345,3886,4427,4968,5509,6050,6591,7132,7673,8214,8755,9296,9837,10378,10919,11460,12001,12542,13083,13624,14165,14706,15247,15788,16329,16870,17411,17952,18493,19034,19575,20116,20657,21198,21739,22280,22821,23362,23903,24444,24985,25526,26067,26608,27149,27690,28231,28772,29313,29854,30395,30936,31477,32018,32559,33100,33641,34182,34723,35264,35805,36346,36887,37428,37969,38510,39051,39592,40133,40674,41215,41756,42297,42838,43379,43920,44461,45002,45543,46084,46625,47166,47707,48248,48789,49330,49871,50412,50953,51494,52035,52576,53117,53658,54199,54740,55281,55822,56363,56904,57445,57986,58527,59068,59609,60150,60691,61232,61773,62314,62855,63396,63937,64478,65019,65560,66101,66642,67183,67724,68265,68806,69347,69888,70429,70970,71511,72052,72593,73134,73675,74216,74757,75298,75839,76380,76921,77462,78003,78544,79085,79626,80167,80708,81249,81790,82331,82872,83413,83954,84495,85036,85577,86118,86659,87200,87741,88282,88823,89364,89905,90446,90987,91528,92069,92610,93151,93692,94233,94774,95315,95856,96397,96938,97479,98020,98561,99102,99643,100184,100725,101266,101807,102348,102889,103430,103971,104512,105053,105594,106135,106676,107217,107758,108299,108840,109381,109922,110463,111004,111545,112086,112627,113168,113709,114250,114791,115332,115873,116414,116955,117496,118037,118578,119119,119660,120201,120742,121283,121824,122365,122906,123447,123988,124529,125070,125611,126152,126693,127234,127775,128316,128857,129398,129939,130480,131021,131562,132103,132644,133185,133726,134267,134808,135349,135890,136431,136972,137513,138054,138595,139136,139677,140218,140759,141300,141841,142382,142923,143464,144005,144546,145087,145628,146169,-145971,-145430,-144889,-144348,-143807,-143266,-142725,-142184,-141643,-141102,-140561,-140020,-139479,-138938,-138397,-137856,-137315,-136774,-136233,-135692,-135151,-134610,-134069,-133528,-132987,-132446,-131905,-131364,-130823,-130282,-129741,-129200,-128659,-128118,-127577,-127036,-126495,-125954,-125413,-124872,-124331,-123790,-123249,-122708,-122167,-121626,-121085,-120544,-120003,-119462,-118921,-118380,-117839,-117298,-116757,-116216,-115675,-115134,-114593,-114052,-113511,-112970,-112429,-111888,-111347,-110806,-110265,-109724,-109183,-108642,-108101,-107560,-107019,-106478,-105937,-105396,-104855,-104314,-103773,-103232,-102691,-102150,-101609,-101068,-100527,-99986,-99445,-98904,-98363,-97822,-97281,-96740,-96199,-95658,-95117,-94576,-94035,-93494,-92953,-92412,-91871,-91330,-90789,-90248,-89707,-89166,-88625,-88084,-87543,-87002,-86461,-85920,-85379,-84838,-84297,-83756,-83215,-82674,-82133,-81592,-81051,-80510,-79969,-79428,-78887,-78346,-77805,-77264,-76723,-76182,-75641,-75100,-74559,-74018,-73477,-72936,-72395,-71854,-71313,-70772,-70231,-69690,-69149,-68608,-68067,-67526,-66985,-66444,-65903,-65362,-64821,-64280,-63739,-63198,-62657,-62116,-61575,-61034,-60493,-59952,-59411,-58870,-58329,-57788,-57247,-56706,-56165,-55624,-55083,-54542,-54001,-53559,-53460,-52919,-52378,-51837,-51296,-50755,-50214,-49673,-49132,-48591,-48050,-47509,-46968,-46427,-45886,-45345,-44804,-44263,-43722,-43181,-42640,-42099,-41558,-41017,-40476,-39935,-39394,-38853,-38312,-37771,-37230,-36689,-36148,-35607,-35066,-34525,-33984,-33443,-32902,-32361,-31820,-31279,-30738,-30197,-29656,-29115,-28574,-28033,-27492,-26951,-26410,-25869,-25328,-24787,-24246,-23705,-23164,-22623,-22082,-21541,-21000,-20459,-19918,-19377,-18836,-18295,-17754,-17213,-16672,-16131,-15590,-15049,-14508,-13967,-13426,-12885,-12344,-11803,-11262,-10721,-10180,-9639,-9098,-8557,-8016,-7475,-6934,-6393,-5852,-5311,-4770,-4229,-3688,-3147,-2606,-2065,-1524,-983,-442
100,641,1182,1723,2264,2805,3346,3887,4428,4969,5510,6051,6592,7133,7674,8215,8756,9297,9838,10379,10920,11461,12002,12543,13084,13625,14166,14707,15248,15789,16330,16871,17412,17953,18494,19035,19576,20117,20658,21199,21740,22281,22822,23363,23904,24445,24986,25527,26068,26609,27150,27691,28232,28773,29314,29855,30396,30937,31478,32019,32560,33101,33642,34183,34724,35265,35806,36347,36888,37429,37970,38511,39052,39593,40134,40675,41216,41757,42298,42839,43380,43921,44462,45003,45544,46085,46626,47167,47708,48249,48790,49331,49872,50413,50954,51495,52036,52577,53118,53659,54200,54741,55282,55823,56364,56905,57446,57987,58528,59069,59610,60151,60692,61233,61774,62315,62856,63397,63938,64479,65020,65561,66102,66643,67184,67725,68266,68807,69348,69889,70430,70971,71512,72053,72594,73135,73676,74217,74758,75299,75840,76381,76922,77463,78004,78545,79086,79627,80168,80709,81250,81791,82332,82873,83414,83955,84496,85037,85578,86119,86660,87201,87742,88283,88824,89365,89906,90447,90988,91529,92070,92611,93152,93693,94234,94775,95316,95857,96398,96939,97480,98021,98562,99103,99644,100185,100726,101267,101808,102349,102890,103431,103972,104513,105054,105595,106136,106677,107218,107759,108300,108841,109382,109923,110464,111005,111546,112087,112628,113169,113710,114251,114792,115333,115874,116415,116956,117497,118038,118579,119120,119661,120202,120743,121284,121825,122366,122907,123448,123989,124530,125071,125612,126153,126694,127235,127776,128317,128858,129399,129940,130481,131022,131563,132104,132645,133186,133727,134268,134809,135350,135891,136432,136973,137514,138055,138596,139137,139678,140219,140760,141301,141842,142383,142924,143465,144006,144547,145088,145629,146170,-145970,-145429,-144888,-144347,-143806,-143265,-142724,-142183,-141642,-141101,-140560,-140019,-139478,-138937,-138396,-137855,-137314,-136773,-136232,-135691,-135150,-134609,-134068,-133527,-132986,-132445,-131904,-131363,-130822,-130281,-129740,-129199,-128658,-128117,-127576,-127035,-126494,-125953,-125412,-124871,-124330,-123789,-123248,-122707,-122166,-121625,-121084,-120543,-120002,-119461,-118920,-118379,-117838,-117297,-116756,-116215,-115674,-115133,-114592,-114051,-113510,-112969,-112428,-111887,-111346,-110805,-110264,-109723,-109182,-108641,-108100,-107559,-107018,-106477,-105936,-105395,-104854,-104313,-103772,-103231,-102690,-102149,-101608,-101067,-100526,-99985,-99444,-98903,-98362,-97821,-97280,-96739,-96198,-95657,-95116,-94575,-94034,-93493,-92952,-92411,-91870,-91329,-90788,-90247,-89706,-89165,-88624,-88083,-87542,-87001,-86460,-85919,-85378,-84837,-84296,-83755,-83214,-82673,-82132,-81591,-81050,-80509,-79968,-79427,-78886,-78345,-77804,-77263,-76722,-76181,-75640,-75099,-74558,-74017,-73476,-72935,-72394,-71853,-71312,-70771,-70230,-69689,-69148,-68607,-68066,-67525,-66984,-66443,-65902,-65361,-64820,-64279,-63738,-63197,-62656,-62115,-61574,-61033,-60492,-59951,-59410,-58869,-58328,-57787,-57246,-56705,-56164,-55623,-55082,-54541,-54100,-54000,-53459,-52918,-52377,-51836,-51295,-50754,-50213,-49672,-49131,-48590,-48049,-47508,-46967,-46426,-45885,-45344,-44803,-44262,-43721,-43180,-42639,-42098,-41557,-41016,-40475,-39934,-39393,-38852,-38311,-37770,-37229,-36688,-36147,-35606,-35065,-34524,-33983,-33442,-32901,-32360,-31819,-31278,-30737,-30196,-29655,-29114,-28573,-28032,-27491,-26950,-26409,-25868,-25327,-24786,-24245,-23704,-23163,-22622,-22081,-21540,-20999,-20458,-19917,-19376,-18835,-18294,-17753,-17212,-16671,-16130,-15589,-15048,-14507,-13966,-13425,-12884,-12343,-11802,-11261,-10720,-10179,-9638,-9097,-8556,-8015,-7474,-6933,-6392,-5851,-5310,-4769,-4228,-3687,-3146,-2605,-2064,-1523,-982,-441
101,642,1183,1724,2265,2806,3347,3888,4429,4970,5511,6052,6593,7134,7675,8216,8757,9298,9839,10380,10921,11462,12003,12544,13085,13626,14167,14708,15249,15790,16331,16872,17413,17954,18495,19036,19577,20118,20659,21200,21741,22282,22823,23364,23905,24446,24987,25528,26069,26610,27151,27692,28233,28774,29315,29856,30397,30938,31479,32020,32561,33102,33643,34184,34725,35266,35807,36348,36889,37430,37971,38512,39053,39594,40135,40676,41217,41758,42299,42840,43381,43922,44463,45004,45545,46086,46627,47168,47709,48250,48791,49332,49873,50414,50955,51496,52037,52578,53119,53660,54201,54742,55283,55824,56365,56906,57447,57988,58529,59070,59611,60152,60693,61234,61775,62316,62857,63398,63939,64480,65021,65562,66103,66644,67185,67726,68267,68808,69349,69890,70431,70972,71513,72054,72595,73136,73677,74218,74759,75300,75841,76382,76923,77464,78005,78546,79087,79628,80169,80710,81251,81792,82333,82874,83415,83956,84497,85038,85579,86120,86661,87202,87743,88284,88825,89366,89907,90448,90989,91530,92071,92612,93153,93694,94235,94776,95317,95858,96399,96940,97481,98022,98563,99104,99645,100186,100727,101268,101809,102350,102891,103432,103973,104514,105055,105596,106137,106678,107219,107760,108301,108842,109383,109924,110465,111006,111547,112088,112629,113170,113711,114252,114793,115334,115875,116416,116957,117498,118039,118580,119121,119662,120203,120744,121285,121826,122367,122908,123449,123990,124531,125072,125613,126154,126695,127236,127777,128318,128859,129400,129941,130482,131023,131564,132105,132646,133187,133728,134269,134810,135351,135892,136433,136974,137515,138056,138597,139138,139679,140220,140761,141302,141843,142384,142925,143466,144007,144548,145089,145630,146171,-145969,-145428,-144887,-144346,-143805,-143264,-142723,-142182,-141641,-141100,-140559,-140018,-139477,-138936,-138395,-137854,-137313,-136772,-136231,-135690,-135149,-134608,-134067,-133526,-132985,-132444,-131903,-131362,-130821,-130280,-129739,-129198,-128657,-128116,-127575,-127034,-126493,-125952,-125411,-124870,-124329,-123788,-123247,-122706,-122165,-121624,-121083,-120542,-120001,-119460,-118919,-118378,-117837,-117296,-116755,-116214,-115673,-115132,-114591,-114050,-113509,-112968,-112427,-111886,-111345,-110804,-110263,-109722,-109181,-108640,-108099,-107558,-107017,-106476,-105935,-105394,-104853,-104312,-103771,-103230,-102689,-102148,-101607,-101066,-100525,-99984,-99443,-98902,-98361,-97820,-97279,-96738,-96197,-95656,-95115,-94574,-94033,-93492,-92951,-92410,-91869,-91328,-90787,-90246,-89705,-89164,-88623,-88082,-87541,-87000,-86459,-85918,-85377,-84836,-84295,-83754,-83213,-82672,-82131,-81590,-81049,-80508,-79967,-79426,-78885,-78344,-77803,-77262,-76721,-76180,-75639,-75098,-74557,-74016,-73475,-72934,-72393,-71852,-71311,-70770,-70229,-69688,-69147,-68606,-68065,-67524,-66983,-66442,-65901,-65360,-64819,-64278,-63737,-63196,-62655,-62114,-61573,-61032,-60491,-59950,-59409,-58868,-58327,-57786,-57245,-56704,-56163,-55622,-55081,-54641,-54540,-53999,-53458,-52917,-52376,-51835,-51294,-50753,-50212,-49671,-49130,-48589,-48048,-47507,-46966,-46425,-45884,-45343,-44802,-44261,-43720,-43179,-42638,-42097,-41556,-41015,-40474,-39933,-39392,-38851,-38310,-37769,-37228,-36687,-36146,-35605,-35064,-34523,-33982,-33441,-32900,-32359,-31818,-31277,-30736,-30195,-29654,-29113,-28572,-28031,-27490,-26949,-26408,-25867,-25326,-24785,-24244,-23703,-23162,-22621,-22080,-21539,-20998,-20457,-19916,-19375,-18834,-18293,-17752,-17211,-16670,-16129,-15588,-15047,-14506,-13965,-13424,-12883,-12342,-11801,-11260,-10719,-10178,-9637,-9096,-8555,-8014,-7473,-6932,-6391,-5850,-5309,-4768,-4227,-3686,-3145,-2604,-2063,-1522,-981,-440
102,643,1184,1725,2266,2807,3348,3889,4430,4971,5512,6053,6594,7135,7676,8217,8758,9299,9840,10381,10922,11463,12004,12545,13086,13627,14168,14709,15250,15791,16332,16873,17414,17955,18496,19037,19578,20119,20660,21201,21742,22283,22824,23365,23906,24447,24988,25529,26070,26611,27152,27693,28234,28775,29316,29857,30398,30939,31480,32021,32562,33103,33644,34185,34726,35267,35808,36349,36890,37431,37972,38513,39054,39595,40136,40677,41218,41759,42300,42841,43382,43923,44464,45005,45546,46087,46628,47169,47710,48251,48792,49333,49874,50415,50956,51497,52038,52579,53120,53661,54202,54743,55284,55825,56366,56907,57448,57989,58530,59071,59612,60153,60694,61235,61776,62317,62858,63399,63940,64481,65022,65563,66104,66645,67186,67727,68268,68809,69350,69891,70432,70973,71514,72055,72596,73137,73678,74219,74760,75301,75842,76383,76924,77465,78006,78547,79088,79629,80170,80711,81252,81793,82334,82875,83416,83957,84498,85039,85580,86121,86662,87203,87744,88285,88826,89367,89908,90449,90990,91531,92072,92613,93154,93695,94236,94777,95318,95859,96400,96941,97482,98023,98564,99105,99646,100187,100728,101269,101810,102351,102892,103433,103974,104515,105056,105597,106138,106679,107220,107761,108302,108843,109384,109925,110466,111007,111548,112089,112630,113171,113712,114253,114794,115335,115876,116417,116958,117499,118040,118581,119122,119663,120204,120745,121286,121827,122368,122909,123450,123991,124532,125073,125614,126155,126696,127237,127778,128319,128860,129401,129942,130483,131024,131565,132106,132647,133188,133729,134270,134811,135352,135893,136434,136975,137516,138057,138598,139139,139680,140221,140762,141303,141844,142385,142926,143467,144008,144549,145090,145631,146172,-145968,-145427,-144886,-144345,-143804,-143263,-142722,-142181,-141640,-141099,-140558,-140017,-139476,-138935,-138394,-137853,-137312,-136771,-136230,-135689,-135148,-134607,-134066,-133525,-132984,-132443,-131902,-131361,-130820,-130279,-129738,-129197,-128656,-128115,-127574,-127033,-126492,-125951,-125410,-124869,-124328,-123787,-123246,-122705,-122164,-121623,-121082,-120541,-120000,-119459,-118918,-118377,-117836,-117295,-116754,-116213,-115672,-115131,-114590,-114049,-113508,-112967,-112426,-111885,-111344,-110803,-110262,-109721,-109180,-108639,-108098,-107557,-107016,-106475,-105934,-105393,-104852,-104311,-103770,-103229,-102688,-102147,-101606,-101065,-100524,-99983,-99442,-98901,-98360,-97819,-97278,-96737,-96196,-95655,-95114,-94573,-94032,-93491,-92950,-92409,-91868,-91327,-90786,-90245,-89704,-89163,-88622,-88081,-87540,-86999,-86458,-85917,-85376,-84835,-84294,-83753,-83212,-82671,-82130,-81589,-81048,-80507,-79966,-79425,-78884,-78343,-77802,-77261,-76720,-76179,-75638,-75097,-74556,-74015,-73474,-72933,-72392,-71851,-71310,-70769,-70228,-69687,-69146,-68605,-68064,-67523,-66982,-66441,-65900,-65359,-64818,-64277,-63736,-63195,-62654,-62113,-61572,-61031,-60490,-59949,-59408,-58867,-58326,-57785,-57244,-56703,-56162,-55621,-55182,-55080,-54539,-53998,-53457,-52916,-52375,-51834,-51293,-50752,-50211,-49670,-49129,-48588,-48047,-47506,-46965,-46424,-45883,-45342,-44801,-44260,-43719,-43178,-42637,-42096,-41555,-41014,-40473,-39932,-39391,-38850,-38309,-37768,-37227,-36686,-36145,-35604,-35063,-34522,-33981,-33440,-32899,-32358,-31817,-31276,-30735,-30194,-29653,-29112,-28571,-28030,-27489,-26948,-26407,-25866,-25325,-24784,-24243,-23702,-23161,-22620,-22079,-21538,-20997,-20456,-19915,-19374,-18833,-18292,-17751,-17210,-16669,-16128,-15587,-15046,-14505,-13964,-13423,-12882,-12341,-11800,-11259,-10718,-10177,-9636,-9095,-8554,-8013,-7472,-6931,-6390,-5849,-5308,-4767,-4226,-3685,-3144,-2603,-2062,-1521,-980,-439
103,644,1185,1726,2267,2808,3349,3890,4431,4972,5513,6054,6595,7136,7677,8218,8759,9300,9841,10382,10923,11464,12005,12546,13087,13628,14169,14710,15251,15792,16333,16874,17415,17956,18497,19038,19579,20120,20661,21202,21743,22284,22825,23366,23907,24448,24989,25530,26071,26612,27153,27694,28235,28776,29317,29858,30399,30940,31481,32022,32563,33104,33645,34186,34727,35268,35809,36350,36891,37432,37973,38514,39055,39596,40137,40678,41219,41760,42301,42842,43383,43924,44465,45006,45547,46088,46629,47170,47711,48252,48793,49334,49875,50416,50957,51498,52039,52580,53121,53662,54203,54744,55285,55826,56367,56908,57449,57990,58531,59072,59613,60154,60695,61236,61777,62318,62859,63400,63941,64482,65023,65564,66105,66646,67187,67728,68269,68810,69351,69892,70433,70974,71515,72056,72597,73138,73679,74220,74761,75302,75843,76384,76925,77466,78007,78548,79089,79630,80171,80712,81253,81794,82335,82876,83417,83958,84499,85040,85581,86122,86663,87204,87745,88286,88827,89368,89909,90450,90991,91532,92073,92614,93155,93696,94237,94778,95319,95860,96401,96942,97483,98024,98565,99106,99647,100188,100729,101270,101811,102352,102893,103434,103975,104516,105057,105598,106139,106680,107221,107762,108303,108844,109385,109926,110467,111008,111549,112090,112631,113172,113713,114254,114795,115336,115877,116418,116959,117500,118041,118582,119123,119664,120205,120746,121287,121828,122369,122910,123451,123992,124533,125074,125615,126156,126697,127238,127779,128320,128861,129402,129943,130484,131025,131566,132107,132648,133189,133730,134271,134812,135353,135894,136435,136976,137517,138058,138599,139140,139681,140222,140763,141304,141845,142386,142927,143468,144009,144550,145091,145632,146173,-145967,-145426,-144885,-144344,-143803,-143262,-142721,-142180,-141639,-141098,-140557,-140016,-139475,-138934,-138393,-137852,-137311,-136770,-136229,-135688,-135147,-134606,-134065,-133524,-132983,-132442,-131901,-131360,-130819,-130278,-129737,-129196,-128655,-128114,-127573,-127032,-126491,-125950,-125409,-124868,-124327,-123786,-123245,-122704,-122163,-121622,-121081,-120540,-119999,-119458,-118917,-118376,-117835,-117294,-116753,-116212,-115671,-115130,-114589,-114048,-113507,-112966,-112425,-111884,-111343,-110802,-110261,-109720,-109179,-108638,-108097,-107556,-107015,-106474,-105933,-105392,-104851,-104310,-103769,-103228,-102687,-102146,-101605,-101064,-100523,-99982,-99441,-98900,-98359,-97818,-97277,-96736,-96195,-95654,-95113,-94572,-94031,-93490,-92949,-92408,-91867,-91326,-90785,-90244,-89703,-89162,-88621,-88080,-87539,-86998,-86457,-85916,-85375,-84834,-84293,-83752,-83211,-82670,-82129,-81588,-81047,-80506,-79965,-79424,-78883,-78342,-77801,-77260,-76719,-76178,-75637,-75096,-74555,-74014,-73473,-72932,-72391,-71850,-71309,-70768,-70227,-69686,-69145,-68604,-68063,-67522,-66981,-66440,-65899,-65358,-64817,-64276,-63735,-63194,-62653,-62112,-61571,-61030,-60489,-59948,-59407,-58866,-58325,-57784,-57243,-56702,-56161,-55723,-55620,-55079,-54538,-53997,-53456,-52915,-52374,-51833,-51292,-50751,-50210,-49669,-49128,-48587,-48046,-47505,-46964,-46423,-45882,-45341,-44800,-44259,-43718,-43177,-42636,-42095,-41554,-41013,-40472,-39931,-39390,-38849,-38308,-37767,-37226,-36685,-36144,-35603,-35062,-34521,-33980,-33439,-32898,-32357,-31816,-31275,-30734,-30193,-29652,-29111,-28570,-28029,-27488,-26947,-26406,-25865,-25324,-24783,-24242,-23701,-23160,-22619,-22078,-21537,-20996,-20455,-19914,-19373,-18832,-18291,-17750,-17209,-16668,-16127,-15586,-15045,-14504,-13963,-13422,-12881,-12340,-11799,-11258,-10717,-10176,-9635,-9094,-8553,-8012,-7471,-6930,-6389,-5848,-5307,-4766,-4225,-3684,-3143,-2602,-2061,-1520,-979,-438
104,645,1186,1727,2268,2809,3350,3891,4432,4973,5514,6055,6596,7137,7678,8219,8760,9301,9842,10383,10924,11465,12006,12547,13088,13629,14170,14711,15252,15793,16334,16875,17416,17957,18498,19039,19580,20121,20662,21203,21744,22285,22826,23367,23908,24449,24990,25531,26072,26613,27154,27695,28236,28777,29318,29859,30400,30941,31482,32023,32564,33105,33646,34187,34728,35269,35810,36351,36892,37433,37974,38515,39056,39597,40138,40679,41220,41761,42302,42843,43384,43925,44466,45007,45548,46089,46630,47171,47712,48253,48794,49335,49876,50417,50958,51499,52040,52581,53122,53663,54204,54745,55286,55827,56368,56909,57450,57991,58532,59073,59614,60155,60696,61237,61778,62319,62860,63401,63942,64483,65024,65565,66106,66647,67188,67729,68270,68811,69352,69893,70434,70975,71516,72057,72598,73139,73680,74221,74762,75303,75844,76385,76926,77467,78008,78549,79090,79631,80172,80713,81254,81795,82336,82877,83418,83959,84500,85041,85582,86123,86664,87205,87746,88287,88828,89369,89910,90451,90992,91533,92074,92615,93156,93697,94238,94779,95320,95861,96402,96943,97484,98025,98566,99107,99648,100189,100730,101271,101812,102353,102894,103435,103976,104517,105058,105599,106140,106681,107222,107763,108304,108845,109386,109927,110468,111009,111550,112091,112632,113173,113714,114255,114796,115337,115878,116419,116960,117501,118042,118583,119124,119665,120206,120747,121288,121829,122370,122911,123452,123993,124534,125075,125616,126157,126698,127239,127780,128321,128862,129403,129944,130485,131026,131567,132108,132649,133190,133731,134272,134813,135354,135895,136436,136977,137518,138059,138600,139141,139682,140223,140764,141305,141846,142387,142928,143469,144010,144551,145092,145633,146174,-145966,-145425,-144884,-144343,-143802,-143261,-142720,-142179,-141638,-141097,-140556,-140015,-139474,-138933,-138392,-137851,-137310,-136769,-136228,-135687,-135146,-134605,-134064,-133523,-132982,-132441,-131900,-131359,-130818,-130277,-129736,-129195,-128654,-128113,-127572,-127031,-126490,-125949,-125408,-124867,-124326,-123785,-123244,-122703,-122162,-121621,-121080,-120539,-119998,-119457,-118916,-118375,-117834,-117293,-116752,-116211,-115670,-115129,-114588,-114047,-113506,-112965,-112424,-111883,-111342,-110801,-110260,-109719,-109178,-108637,-108096,-107555,-107014,-106473,-105932,-105391,-104850,-104309,-103768,-103227,-102686,-102145,-101604,-101063,-100522,-99981,-99440,-98899,-98358,-97817,-97276,-96735,-96194,-95653,-95112,-94571,-94030,-93489,-92948,-92407,-91866,-91325,-90784,-90243,-89702,-89161,-88620,-88079,-87538,-86997,-86456,-85915,-85374,-84833,-84292,-83751,-83210,-82669,-82128,-81587,-81046,-80505,-79964,-79423,-78882,-78341,-77800,-77259,-76718,-76177,-75636,-75095,-74554,-74013,-73472,-72931,-72390,-71849,-71308,-70767,-70226,-69685,-69144,-68603,-68062,-67521,-66980,-66439,-65898,-65357,-64816,-64275,-63734,-63193,-62652,-62111,-61570,-61029,-60488,-59947,-59406,-58865,-58324,-57783,-57242,-56701,-56264,-56160,-55619,-55078,-54537,-53996,-53455,-52914,-52373,-51832,-51291,-50750,-50209,-49668,-49127,-48586,-48045,-47504,-46963,-46422,-45881,-45340,-44799,-44258,-43717,-43176,-42635,-42094,-41553,-41012,-40471,-39930,-39389,-38848,-38307,-37766,-37225,-36684,-36143,-35602,-35061,-34520,-33979,-33438,-32897,-32356,-31815,-31274,-30733,-30192,-29651,-29110,-28569,-28028,-27487,-26946,-26405,-25864,-25323,-24782,-24241,-23700,-23159,-22618,-22077,-21536,-20995,-20454,-19913,-19372,-18831,-18290,-17749,-17208,-16667,-16126,-15585,-15044,-14503,-13962,-13421,-12880,-12339,-11798,-11257,-10716,-10175,-9634,-9093,-8552,-8011,-7470,-6929,-6388,-5847,-5306,-4765,-4224,-3683,-3142,-2601,-2060,-1519,-978,-437
105,646,1187,1728,2269,2810,3351,3892,4433,4974,5515,6056,6597,7138,7679,8220,8761,9302,9843,10384,10925,11466,12007,12548,13089,13630,14171,14712,15253,15794,16335,16876,17417,17958,18499,19040,19581,20122,20663,21204,21745,22286,22827,23368,23909,24450,24991,25532,26073,26614,27155,27696,28237,28778,29319,29860,30401,30942,31483,32024,32565,33106,33647,34188,34729,35270,35811,36352,36893,37434,37975,38516,39057,39598,40139,40680,41221,41762,42303,42844,43385,43926,44467,45008,45549,46090,46631,47172,47713,48254,48795,49336,49877,50418,50959,51500,52041,52582,53123,53664,54205,54746,55287,55828,56369,56910,57451,57992,58533,59074,59615,60156,60697,61238,61779,62320,62861,63402,63943,64484,65025,65566,66107,66648,67189,67730,68271,68812,69353,69894,70435,70976,71517,72058,72599,73140,73681,74222,74763,75304,75845,76386,76927,77468,78009,78550,79091,79632,80173,80714,81255,81796,82337,82878,83419,83960,84501,85042,85583,86124,86665,87206,87747,88288,88829,89370,89911,90452,90993,91534,92075,92616,93157,93698,94239,94780,95321,95862,96403,96944,97485,98026,98567,99108,99649,100190,100731,101272,101813,102354,102895,103436,103977,104518,105059,105600,106141,106682,107223,107764,108305,108846,109387,109928,110469,111010,111551,112092,112633,113174,113715,114256,114797,115338,115879,116420,116961,117502,118043,118584,119125,119666,120207,120748,121289,121830,122371,122912,123453,123994,124535,125076,125617,126158,126699,127240,127781,128322,128863,129404,129945,130486,131027,131568,132109,132650,133191,133732,134273,134814,135355,135896,136437,136978,137519,138060,138601,139142,139683,140224,140765,141306,141847,142388,142929,143470,144011,144552,145093,145634,146175,-145965,-145424,-144883,-144342,-143801,-143260,-142719,-142178,-141637,-141096,-140555,-140014,-139473,-138932,-138391,-137850,-137309,-136768,-136227,-135686,-135145,-134604,-134063,-133522,-132981,-132440,-131899,-131358,-130817,-130276,-129735,-129194,-128653,-128112,-127571,-127030,-126489,-125948,-125407,-124866,-124325,-123784,-123243,-122702,-122161,-121620,-121079,-120538,-119997,-119456,-118915,-118374,-117833,-117292,-116751,-116210,-115669,-115128,-114587,-114046,-113505,-112964,-112423,-111882,-111341,-110800,-110259,-109718,-109177,-108636,-108095,-107554,-107013,-106472,-105931,-105390,-104849,-104308,-103767,-103226,-102685,-102144,-101603,-101062,-100521,-99980,-99439,-98898,-98357,-97816,-97275,-96734,-96193,-95652,-95111,-94570,-94029,-93488,-92947,-92406,-91865,-91324,-90783,-90242,-89701,-89160,-88619,-88078,-87537,-86996,-86455,-85914,-85373,-84832,-84291,-83750,-83209,-82668,-82127,-81586,-81045,-80504,-79963,-79422,-78881,-78340,-77799,-77258,-76717,-76176,-75635,-75094,-74553,-74012,-73471,-72930,-72389,-71848,-71307,-70766,-70225,-69684,-69143,-68602,-68061,-67520,-66979,-66438,-65897,-65356,-64815,-64274,-63733,-63192,-62651,-62110,-61569,-61028,-60487,-59946,-59405,-58864,-58323,-57782,-57241,-56805,-56700,-56159,-55618,-55077,-54536,-53995,-53454,-52913,-52372,-51831,-51290,-50749,-50208,-49667,-49126,-48585,-48044,-47503,-46962,-46421,-45880,-45339,-44798,-44257,-43716,-43175,-42634,-42093,-41552,-41011,-40470,-39929,-39388,-38847,-38306,-37765,-37224,-36683,-36142,-35601,-35060,-34519,-33978,-33437,-32896,-32355,-31814,-31273,-30732,-30191,-29650,-29109,-28568,-28027,-27486,-26945,-26404,-25863,-25322,-24781,-24240,-23699,-23158,-22617,-22076,-21535,-20994,-20453,-19912,-19371,-18830,-18289,-17748,-17207,-16666,-16125,-15584,-15043,-14502,-13961,-13420,-12879,-12338,-11797,-11256,-10715,-10174,-9633,-9092,-8551,-8010,-7469,-6928,-6387,-5846,-5305,-4764,-4223,-3682,-3141,-2600,-2059,-1518,-977,-436
106,647,1188,1729,2270,2811,3352,3893,4434,4975,5516,6057,6598,7139,7680,8221,8762,9303,9844,10385,10926,11467,12008,12549,13090,13631,14172,14713,15254,15795,16336,16877,17418,17959,18500,19041,19582,20123,20664,21205,21746,22287,22828,23369,23910,24451,24992,25533,26074,26615,27156,27697,28238,28779,29320,29861,30402,30943,31484,32025,32566,33107,33648,34189,34730,35271,35812,36353,36894,37435,37976,38517,39058,39599,40140,40681,41222,41763,42304,42845,43386,43927,44468,45009,45550,46091,46632,47173,47714,48255,48796,49337,49878,50419,50960,51501,52042,52583,53124,53665,54206,54747,55288,55829,56370,56911,57452,57993,58534,59075,59616,60157,60698,61239,61780,62321,62862,63403,63944,64485,65026,65567,66108,66649,67190,67731,68272,68813,69354,69895,70436,70977,71518,72059,72600,73141,73682,74223,74764,75305,75846,76387,76928,77469,78010,78551,79092,79633,80174,80715,81256,81797,82338,82879,83420,83961,84502,85043,85584,86125,86666,87207,87748,88289,88830,89371,89912,90453,90994,91535,92076,92617,93158,93699,94240,94781,95322,95863,96404,96945,97486,98027,98568,99109,99650,100191,100732,101273,101814,102355,102896,103437,103978,104519,105060,105601,106142,106683,107224,107765,108306,108847,109388,109929,110470,111011,111552,112093,112634,113175,113716,114257,114798,115339,115880,116421,116962,117503,118044,118585,119126,119667,120208,120749,121290,121831,122372,122913,123454,123995,124536,125077,125618,126159,126700,127241,127782,128323,128864,129405,129946,130487,131028,131569,132110,132651,133192,133733,134274,134815,135356,135897,136438,136979,137520,138061,138602,139143,139684,140225,140766,141307,141848,142389,142930,143471,144012,144553,145094,145635,146176,-145964,-145423,-144882,-144341,-143800,-143259,-142718,-142177,-141636,-141095,-140554,-140013,-139472,-138931,-138390,-137849,-137308,-136767,-136226,-135685,-135144,-134603,-134062,-133521,-132980,-132439,-131898,-131357,-130816,-130275,-129734,-129193,-128652,-128111,-127570,-127029,-126488,-125947,-125406,-124865,-124324,-123783,-123242,-122701,-122160,-121619,-121078,-120537,-119996,-119455,-118914,-118373,-117832,-117291,-116750,-116209,-115668,-115127,-114586,-114045,-113504,-112963,-112422,-111881,-111340,-110799,-110258,-109717,-109176,-108635,-108094,-107553,-107012,-106471,-105930,-105389,-104848,-104307,-103766,-103225,-102684,-102143,-101602,-101061,-100520,-99979,-99438,-98897,-98356,-97815,-97274,-96733,-96192,-95651,-95110,-94569,-94028,-93487,-92946,-92405,-91864,-91323,-90782,-90241,-89700,-89159,-88618,-88077,-87536,-86995,-86454,-85913,-85372,-84831,-84290,-83749,-83208,-82667,-82126,-81585,-81044,-80503,-79962,-79421,-78880,-78339,-77798,-77257,-76716,-76175,-75634,-75093,-74552,-74011,-73470,-72929,-72388,-71847,-71306,-70765,-70224,-69683,-69142,-68601,-68060,-67519,-66978,-66437,-65896,-65355,-64814,-64273,-63732,-63191,-62650,-62109,-61568,-61027,-60486,-59945,-59404,-58863,-58322,-57781,-57346,-57240,-56699,-56158,-55617,-55076,-54535,-53994,-53453,-52912,-52371,-51830,-51289,-50748,-50207,-49666,-49125,-48584,-48043,-47502,-46961,-46420,-45879,-45338,-44797,-44256,-43715,-43174,-42633,-42092,-41551,-41010,-40469,-39928,-39387,-38846,-38305,-37764,-37223,-36682,-36141,-35600,-35059,-34518,-33977,-33436,-32895,-32354,-31813,-31272,-30731,-30190,-29649,-29108,-28567,-28026,-27485,-26944,-26403,-25862,-25321,-24780,-24239,-23698,-23157,-22616,-22075,-21534,-20993,-20452,-19911,-19370,-18829,-18288,-17747,-17206,-16665,-16124,-15583,-15042,-14501,-13960,-13419,-12878,-12337,-11796,-11255,-10714,-10173,-9632,-9091,-8550,-8009,-7468,-6927,-6386,-5845,-5304,-4763,-4222,-3681,-3140,-2599,-2058,-1517,-976,-435
107,648,1189,1730,2271,2812,3353,3894,4435,4976,5517,6058,6599,7140,7681,8222,8763,9304,9845,10386,10927,11468,12009,12550,13091,13632,14173,14714,15255,15796,16337,16878,17419,17960,18501,19042,19583,20124,20665,21206,21747,22288,22829,23370,23911,24452,24993,25534,26075,26616,27157,27698,28239,28780,29321,29862,30403,30944,31485,32026,32567,33108,33649,34190,34731,35272,35813,36354,36895,37436,37977,38518,39059,39600,40141,40682,41223,41764,42305,42846,43387,43928,44469,45010,45551,46092,46633,47174,47715,48256,48797,49338,49879,50420,50961,51502,52043,52584,53125,53666,54207,54748,55289,55830,56371,56912,57453,57994,58535,59076,59617,60158,60699,61240,61781,62322,62863,63404,63945,64486,65027,65568,66109,66650,67191,67732,68273,68814,69355,69896,70437,70978,71519,72060,72601,73142,73683,74224,74765,75306,75847,76388,76929,77470,78011,78552,79093,79634,80175,80716,81257,81798,82339,82880,83421,83962,84503,85044,85585,86126,86667,87208,87749,88290,88831,89372,89913,90454,90995,91536,92077,92618,93159,93700,94241,94782,95323,95864,96405,96946,97487,98028,98569,99110,99651,100192,100733,101274,101815,102356,102897,103438,103979,104520,105061,105602,106143,106684,107225,107766,108307,108848,109389,109930,110471,111012,111553,112094,112635,113176,113717,114258,114799,115340,115881,116422,116963,117504,118045,118586,119127,119668,120209,120750,121291,121832,122373,122914,123455,123996,124537,125078,125619,126160,126701,127242,127783,128324,128865,129406,129947,130488,131029,131570,132111,132652,133193,133734,134275,134816,135357,135898,136439,136980,137521,138062,138603,139144,139685,140226,140767,141308,141849,142390,142931,143472,144013,144554,145095,145636,146177,-145963,-145422,-144881,-144340,-143799,-143258,-142717,-142176,-141635,-141094,-140553,-140012,-139471,-138930,-138389,-137848,-137307,-136766,-136225,-135684,-135143,-134602,-134061,-133520,-132979,-132438,-131897,-131356,-130815,-130274,-129733,-129192,-128651,-128110,-127569,-127028,-126487,-125946,-125405,-124864,-124323,-123782,-123241,-122700,-122159,-121618,-121077,-120536,-119995,-119454,-118913,-118372,-117831,-117290,-116749,-116208,-115667,-115126,-114585,-114044,-113503,-112962,-112421,-111880,-111339,-110798,-110257,-109716,-109175,-108634,-108093,-107552,-107011,-106470,-105929,-105388,-104847,-104306,-103765,-103224,-102683,-102142,-101601,-101060,-100519,-99978,-99437,-98896,-98355,-97814,-97273,-96732,-96191,-95650,-95109,-94568,-94027,-93486,-92945,-92404,-91863,-91322,-90781,-90240,-89699,-89158,-88617,-88076,-87535,-86994,-86453,-85912,-85371,-84830,-84289,-83748,-83207,-82666,-82125,-81584,-81043,-80502,-79961,-79420,-78879,-78338,-77797,-77256,-76715,-76174,-75633,-75092,-74551,-74010,-73469,-72928,-72387,-71846,-71305,-70764,-70223,-69682,-69141,-68600,-68059,-67518,-66977,-66436,-65895,-65354,-64813,-64272,-63731,-63190,-62649,-62108,-61567,-61026,-60485,-59944,-59403,-58862,-58321,-57887,-57780,-57239,-56698,-56157,-55616,-55075,-54534,-53993,-53452,-52911,-52370,-51829,-51288,-50747,-50206,-49665,-49124,-48583,-48042,-47501,-46960,-46419,-45878,-45337,-44796,-44255,-43714,-43173,-42632,-42091,-41550,-41009,-40468,-39927,-39386,-38845,-38304,-37763,-37222,-36681,-36140,-35599,-35058,-34517,-33976,-33435,-32894,-32353,-31812,-31271,-30730,-30189,-29648,-29107,-28566,-28025,-27484,-26943,-26402,-25861,-25320,-24779,-24238,-23697,-23156,-22615,-22074,-21533,-20992,-20451,-19910,-19369,-18828,-18287,-17746,-17205,-16664,-16123,-15582,-15041,-14500,-13959,-13418,-12877,-12336,-11795,-11254,-10713,-10172,-9631,-9090,-8549,-8008,-7467,-6926,-6385,-5844,-5303,-4762,-4221,-3680,-3139,-2598,-2057,-1516,-975,-434
108,649,1190,1731,2272,2813,3354,3895,4436,4977,5518,6059,6600,7141,7682,8223,8764,9305,9846,10387,10928,11469,12010,12551,13092,13633,14174,14715,15256,15797,16338,16879,17420,17961,18502,19043,19584,20125,20666,21207,21748,22289,22830,23371,23912,24453,24994,25535,26076,26617,27158,27699,28240,28781,29322,29863,30404,30945,31486,32027,32568,33109,33650,34191,34732,35273,35814,36355,36896,37437,37978,38519,39060,39601,40142,40683,41224,41765,42306,42847,43388,43929,44470,45011,45552,46093,46634,47175,47716,48257,48798,49339,49880,50421,50962,51503,52044,52585,53126,53667,54208,54749,55290,55831,56372,56913,57454,57995,58536,59077,59618,60159,60700,61241,61782,62323,62864,63405,63946,64487,65028,65569,66110,66651,67192,67733,68274,68815,69356,69897,70438,70979,71520,72061,72602,73143,73684,74225,74766,75307,75848,76389,76930,77471,78012,78553,79094,79635,80176,80717,81258,81799,82340,82881,83422,83963,84504,85045,85586,86127,86668,87209,87750,88291,88832,89373,89914,90455,90996,91537,92078,92619,93160,93701,94242,94783,95324,95865,96406,96947,97488,98029,98570,99111,99652,100193,100734,101275,101816,102357,102898,103439,103980,104521,105062,105603,106144,106685,107226,107767,108308,108849,109390,109931,110472,111013,111554,112095,112636,113177,113718,114259,114800,115341,115882,116423,116964,117505,118046,118587,119128,119669,120210,120751,121292,121833,122374,122915,123456,123997,124538,125079,125620,126161,126702,127243,127784,128325,128866,129407,129948,130489,131030,131571,132112,132653,133194,133735,134276,134817,135358,135899,136440,136981,137522,138063,138604,139145,139686,140227,140768,141309,141850,142391,142932,143473,144014,144555,145096,145637,146178,-145962,-145421,-144880,-144339,-143798,-143257,-142716,-142175,-141634,-141093,-140552,-140011,-139470,-138929,-138388,-137847,-137306,-136765,-136224,-135683,-135142,-134601,-134060,-133519,-132978,-132437,-131896,-131355,-130814,-130273,-129732,-129191,-128650,-128109,-127568,-127027,-126486,-125945,-125404,-124863,-124322,-123781,-123240,-122699,-122158,-121617,-121076,-120535,-119994,-119453,-118912,-118371,-117830,-117289,-116748,-116207,-115666,-115125,-114584,-114043,-113502,-112961,-112420,-111879,-111338,-110797,-110256,-109715,-109174,-108633,-108092,-107551,-107010,-106469,-105928,-105387,-104846,-104305,-103764,-103223,-102682,-102141,-101600,-101059,-100518,-99977,-99436,-98895,-98354,-97813,-97272,-96731,-96190,-95649,-95108,-94567,-94026,-93485,-92944,-92403,-91862,-91321,-90780,-90239,-89698,-89157,-88616,-88075,-87534,-86993,-86452,-85911,-85370,-84829,-84288,-83747,-83206,-82665,-82124,-81583,-81042,-80501,-79960,-79419,-78878,-78337,-77796,-77255,-76714,-76173,-75632,-75091,-74550,-74009,-73468,-72927,-72386,-71845,-71304,-70763,-70222,-69681,-69140,-68599,-68058,-67517,-66976,-66435,-65894,-65353,-64812,-64271,-63730,-63189,-62648,-62107,-61566,-61025,-60484,-59943,-59402,-58861,-58428,-58320,-57779,-57238,-56697,-56156,-55615,-55074,-54533,-53992,-53451,-52910,-52369,-51828,-51287,-50746,-50205,-49664,-49123,-48582,-48041,-47500,-46959,-46418,-45877,-45336,-44795,-44254,-43713,-43172,-42631,-42090,-41549,-41008,-40467,-39926,-39385,-38844,-38303,-37762,-37221,-36680,-36139,-35598,-35057,-34516,-33975,-33434,-32893,-32352,-31811,-31270,-30729,-30188,-29647,-29106,-28565,-28024,-27483,-26942,-26401,-25860,-25319,-24778,-24237,-23696,-23155,-22614,-22073,-21532,-20991,-20450,-19909,-19368,-18827,-18286,-17745,-17204,-16663,-16122,-15581,-15040,-14499,-13958,-13417,-12876,-12335,-11794,-11253,-10712,-10171,-9630,-9089,-8548,-8007,-7466,-6925,-6384,-5843,-5302,-4761,-4220,-3679,-3138,-2597,-2056,-1515,-974,-433
109,650,1191,1732,2273,2814,3355,3896,4437,4978,5519,6060,6601,7142,7683,8224,8765,9306,9847,10388,10929,11470,12011,12552,13093,13634,14175,14716,15257,15798,16339,16880,17421,17962,18503,19044,19585,20126,20667,21208,21749,22290,22831,23372,23913,24454,24995,25536,26077,26618,27159,27700,28241,28782,29323,29864,30405,30946,31487,32028,32569,33110,33651,34192,34733,35274,35815,36356,36897,37438,37979,38520,39061,39602,40143,40684,41225,41766,42307,42848,43389,43930,44471,45012,45553,46094,46635,47176,47717,48258,48799,49340,49881,50422,50963,51504,52045,52586,53127,53668,54209,54750,55291,55832,56373,56914,57455,57996,58537,59078,59619,60160,60701,61242,61783,62324,62865,63406,63947,64488,65029,65570,66111,66652,67193,67734,68275,68816,69357,69898,70439,70980,71521,72062,72603,73144,73685,74226,74767,75308,75849,76390,76931,77472,78013,78554,79095,79636,80177,80718,81259,81800,82341,82882,83423,83964,84505,85046,85587,86128,86669,87210,87751,88292,88833,89374,89915,90456,90997,91538,92079,92620,93161,93702,94243,94784,95325,95866,96407,96948,97489,98030,98571,99112,99653,100194,100735,101276,101817,102358,102899,103440,103981,104522,105063,105604,106145,106686,107227,107768,108309,108850,109391,109932,110473,111014,111555,112096,112637,113178,113719,114260,114801,115342,115883,116424,116965,117506,118047,118588,119129,119670,120211,120752,121293,121834,122375,122916,123457,123998,124539,125080,125621,126162,126703,127244,127785,128326,128867,129408,129949,130490,131031,131572,132113,132654,133195,133736,134277,134818,135359,135900,136441,136982,137523,138064,138605,139146,139687,140228,140769,141310,141851,142392,142933,143474,144015,144556,145097,145638,146179,-145961,-145420,-144879,-144338,-143797,-143256,-142715,-142174,-141633,-141092,-140551,-140010,-139469,-138928,-138387,-137846,-137305,-136764,-136223,-135682,-135141,-134600,-134059,-133518,-132977,-132436,-131895,-131354,-130813,-130272,-129731,-129190,-128649,-128108,-127567,-127026,-126485,-125944,-125403,-124862,-124321,-123780,-123239,-122698,-122157,-121616,-121075,-120534,-119993,-119452,-118911,-118370,-117829,-117288,-116747,-116206,-115665,-115124,-114583,-114042,-113501,-112960,-112419,-111878,-111337,-110796,-110255,-109714,-109173,-108632,-108091,-107550,-107009,-106468,-105927,-105386,-104845,-104304,-103763,-103222,-102681,-102140,-101599,-101058,-100517,-99976,-99435,-98894,-98353,-97812,-97271,-96730,-96189,-95648,-95107,-94566,-94025,-93484,-92943,-92402,-91861,-91320,-90779,-90238,-89697,-89156,-88615,-88074,-87533,-86992,-86451,-85910,-85369,-84828,-84287,-83746,-83205,-82664,-82123,-81582,-81041,-80500,-79959,-79418,-78877,-78336,-77795,-77254,-76713,-76172,-75631,-75090,-74549,-74008,-73467,-72926,-72385,-71844,-71303,-70762,-70221,-69680,-69139,-68598,-68057,-67516,-66975,-66434,-65893,-65352,-64811,-64270,-63729,-63188,-62647,-62106,-61565,-61024,-60483,-59942,-59401,-58969,-58860,-58319,-57778,-57237,-56696,-56155,-55614,-55073,-54532,-53991,-53450,-52909,-52368,-51827,-51286,-50745,-50204,-49663,-49122,-48581,-48040,-47499,-46958,-46417,-45876,-45335,-44794,-44253,-43712,-43171,-42630,-42089,-41548,-41007,-40466,-39925,-39384,-38843,-38302,-37761,-37220,-36679,-36138,-35597,-35056,-34515,-33974,-33433,-32892,-32351,-31810,-31269,-30728,-30187,-29646,-29105,-28564,-28023,-27482,-26941,-26400,-25859,-25318,-24777,-24236,-23695,-23154,-22613,-22072,-21531,-20990,-20449,-19908,-19367,-18826,-18285,-17744,-17203,-16662,-16121,-15580,-15039,-14498,-13957,-13416,-12875,-12334,-11793,-11252,-10711,-10170,-9629,-9088,-8547,-8006,-7465,-6924,-6383,-5842,-5301,-4760,-4219,-3678,-3137,-2596,-2055,-1514,-973,-432
110,651,1192,1733,2274,2815,3356,3897,4438,4979,5520,6061,6602,7143,7684,8225,8766,9307,9848,10389,10930,11471,12012,12553,13094,13635,14176,14717,15258,15799,16340,16881,17422,17963,18504,19045,19586,20127,20668,21209,21750,22291,22832,23373,23914,24455,24996,25537,26078,26619,27160,27701,28242,28783,29324,29865,30406,30947,31488,32029,32570,33111,33652,34193,34734,35275,35816,36357,36898,37439,37980,38521,39062,39603,40144,40685,41226,41767,42308,42849,43390,43931,44472,45013,45554,46095,46636,47177,47718,48259,48800,49341,49882,50423,50964,51505,52046,52587,53128,53669,54210,54751,55292,55833,56374,56915,57456,57997,58538,59079,59620,60161,60702,61243,61784,62325,62866,63407,63948,64489,65030,65571,66112,66653,67194,67735,68276,68817,69358,69899,70440,70981,71522,72063,72604,73145,73686,74227,74768,75309,75850,76391,76932,77473,78014,78555,79096,79637,80178,80719,81260,81801,82342,82883,83424,83965,84506,85047,85588,86129,86670,87211,87752,88293,88834,89375,89916,90457,90998,91539,92080,92621,93162,93703,94244,94785,95326,95867,96408,96949,97490,98031,98572,99113,99654,100195,100736,101277,101818,102359,102900,103441,103982,104523,105064,105605,106146,106687,107228,107769,108310,108851,109392,109933,110474,111015,111556,112097,112638,113179,113720,114261,114802,115343,115884,116425,116966,117507,118048,118589,119130,119671,120212,120753,121294,121835,122376,122917,123458,123999,124540,125081,125622,126163,126704,127245,127786,128327,128868,129409,129950,130491,131032,131573,132114,132655,133196,133737,134278,134819,135360,135901,136442,136983,137524,138065,138606,139147,139688,140229,140770,141311,141852,142393,142934,143475,144016,144557,145098,145639,146180,-145960,-145419,-144878,-144337,-143796,-143255,-142714,-142173,-141632,-141091,-140550,-140009,-139468,-138927,-138386,-137845,-137304,-136763,-136222,-135681,-135140,-134599,-134058,-133517,-132976,-132435,-131894,-131353,-130812,-130271,-129730,-129189,-128648,-128107,-127566,-127025,-126484,-125943,-125402,-124861,-124320,-123779,-123238,-122697,-122156,-121615,-121074,-120533,-119992,-119451,-118910,-118369,-117828,-117287,-116746,-116205,-115664,-115123,-114582,-114041,-113500,-112959,-112418,-111877,-111336,-110795,-110254,-109713,-109172,-108631,-108090,-107549,-107008,-106467,-105926,-105385,-104844,-104303,-103762,-103221,-102680,-102139,-101598,-101057,-100516,-99975,-99434,-98893,-98352,-97811,-97270,-96729,-96188,-95647,-95106,-94565,-94024,-93483,-92942,-92401,-91860,-91319,-90778,-90237,-89696,-89155,-88614,-88073,-87532,-86991,-86450,-85909,-85368,-84827,-84286,-83745,-83204,-82663,-82122,-81581,-81040,-80499,-79958,-79417,-78876,-78335,-77794,-77253,-76712,-76171,-75630,-75089,-74548,-74007,-73466,-72925,-72384,-71843,-71302,-70761,-70220,-69679,-69138,-68597,-68056,-67515,-66974,-66433,-65892,-65351,-64810,-64269,-63728,-63187,-62646,-62105,-61564,-61023,-60482,-59941,-59510,-59400,-58859,-58318,-57777,-57236,-56695,-56154,-55613,-55072,-54531,-53990,-53449,-52908,-52367,-51826,-51285,-50744,-50203,-49662,-49121,-48580,-48039,-47498,-46957,-46416,-45875,-45334,-44793,-44252,-43711,-43170,-42629,-42088,-41547,-41006,-40465,-39924,-39383,-38842,-38301,-37760,-37219,-36678,-36137,-35596,-35055,-34514,-33973,-33432,-32891,-32350,-31809,-31268,-30727,-30186,-29645,-29104,-28563,-28022,-27481,-26940,-26399,-25858,-25317,-24776,-24235,-23694,-23153,-22612,-22071,-21530,-20989,-20448,-19907,-19366,-18825,-18284,-17743,-17202,-16661,-16120,-15579,-15038,-14497,-13956,-13415,-12874,-12333,-11792,-11251,-10710,-10169,-9628,-9087,-8546,-8005,-7464,-6923,-6382,-5841,-5300,-4759,-4218,-3677,-3136,-2595,-2054,-1513,-972,-431
111,652,1193,1734,2275,2816,3357,3898,4439,4980,5521,6062,6603,7144,7685,8226,8767,9308,9849,10390,10931,11472,12013,12554,13095,13636,14177,14718,15259,15800,16341,16882,17423,17964,18505,19046,19587,20128,20669,21210,21751,22292,22833,23374,23915,24456,24997,25538,26079,26620,27161,27702,28243,28784,29325,29866,30407,30948,31489,32030,32571,33112,33653,34194,34735,35276,35817,36358,36899,37440,37981,38522,39063,39604,40145,40686,41227,41768,42309,42850,43391,43932,44473,45014,45555,46096,46637,47178,47719,48260,48801,49342,49883,50424,50965,51506,52047,52588,53129,53670,54211,54752,55293,55834,56375,56916,57457,57998,58539,59080,59621,60162,60703,61244,61785,62326,62867,63408,63949,64490,65031,65572,66113,66654,67195,67736,68277,68818,69359,69900,70441,70982,71523,72064,72605,73146,73687,74228,74769,75310,75851,76392,76933,77474,78015,78556,79097,79638,80179,80720,81261,81802,82343,82884,83425,83966,84507,85048,85589,86130,86671,87212,87753,88294,88835,89376,89917,90458,90999,91540,92081,92622,93163,93704,94245,94786,95327,95868,96409,96950,97491,98032,98573,99114,99655,100196,100737,101278,101819,102360,102901,103442,103983,104524,105065,105606,106147,106688,107229,107770,108311,108852,109393,109934,110475,111016,111557,112098,112639,113180,113721,114262,114803,115344,115885,116426,116967,117508,118049,118590,119131,119672,120213,120754,121295,121836,122377,122918,123459,124000,124541,125082,125623,126164,126705,127246,127787,128328,128869,129410,129951,130492,131033,131574,132115,132656,133197,133738,134279,134820,135361,135902,136443,136984,137525,138066,138607,139148,139689,140230,140771,141312,141853,142394,142935,143476,144017,144558,145099,145640,146181,-145959,-145418,-144877,-144336,-143795,-143254,-142713,-142172,-141631,-141090,-140549,-140008,-139467,-138926,-138385,-137844,-137303,-136762,-136221,-135680,-135139,-134598,-134057,-133516,-132975,-132434,-131893,-131352,-130811,-130270,-129729,-129188,-128647,-128106,-127565,-127024,-126483,-125942,-125401,-124860,-124319,-123778,-123237,-122696,-122155,-121614,-121073,-120532,-119991,-119450,-118909,-118368,-117827,-117286,-116745,-116204,-115663,-115122,-114581,-114040,-113499,-112958,-112417,-111876,-111335,-110794,-110253,-109712,-109171,-108630,-108089,-107548,-107007,-106466,-105925,-105384,-104843,-104302,-103761,-103220,-102679,-102138,-101597,-101056,-100515,-99974,-99433,-98892,-98351,-97810,-97269,-96728,-96187,-95646,-95105,-94564,-94023,-93482,-92941,-92400,-91859,-91318,-90777,-90236,-89695,-89154,-88613,-88072,-87531,-86990,-86449,-85908,-85367,-84826,-84285,-83744,-83203,-82662,-82121,-81580,-81039,-80498,-79957,-79416,-78875,-78334,-77793,-77252,-76711,-76170,-75629,-75088,-74547,-74006,-73465,-72924,-72383,-71842,-71301,-70760,-70219,-69678,-69137,-68596,-68055,-67514,-66973,-66432,-65891,-65350,-64809,-64268,-63727,-63186,-62645,-62104,-61563,-61022,-60481,-60051,-59940,-59399,-58858,-58317,-57776,-57235,-56694,-56153,-55612,-55071,-54530,-53989,-53448,-52907,-52366,-51825,-51284,-50743,-50202,-49661,-49120,-48579,-48038,-47497,-46956,-46415,-45874,-45333,-44792,-44251,-43710,-43169,-42628,-42087,-41546,-41005,-40464,-39923,-39382,-38841,-38300,-37759,-37218,-36677,-36136,-35595,-35054,-34513,-33972,-33431,-32890,-32349,-31808,-31267,-30726,-30185,-29644,-29103,-28562,-28021,-27480,-26939,-26398,-25857,-25316,-24775,-24234,-23693,-23152,-22611,-22070,-21529,-20988,-20447,-19906,-19365,-18824,-18283,-17742,-17201,-16660,-16119,-15578,-15037,-14496,-13955,-13414,-12873,-12332,-11791,-11250,-10709,-10168,-9627,-9086,-8545,-8004,-7463,-6922,-6381,-5840,-5299,-4758,-4217,-3676,-3135,-2594,-2053,-1512,-971,-430
112,653,1194,1735,2276,2817,3358,3899,4440,4981,5522,6063,6604,7145,7686,8227,8768,9309,9850,10391,10932,11473,12014,12555,13096,13637,14178,14719,15260,15801,16342,16883,17424,17965,18506,19047,19588,20129,20670,21211,21752,22293,22834,23375,23916,24457,24998,25539,26080,26621,27162,27703,28244,28785,29326,29867,30408,30949,31490,32031,32572,33113,33654,34195,34736,35277,35818,36359,36900,37441,37982,38523,39064,39605,40146,40687,41228,41769,42310,42851,43392,43933,44474,45015,45556,46097,46638,47179,47720,48261,48802,49343,49884,50425,50966,51507,52048,52589,53130,53671,54212,54753,55294,55835,56376,56917,57458,57999,58540,59081,59622,60163,60704,61245,61786,62327,62868,63409,63950,64491,65032,65573,66114,66655,67196,67737,68278,68819,69360,69901,70442,70983,71524,72065,72606,73147,73688,74229,74770,75311,75852,76393,76934,77475,78016,78557,79098,79639,80180,80721,81262,81803,82344,82885,83426,83967,84508,85049,85590,86131,86672,87213,87754,88295,88836,89377,89918,90459,91000,91541,92082,92623,93164,93705,94246,94787,95328,95869,96410,96951,97492,98033,98574,99115,99656,100197,100738,101279,101820,102361,102902,103443,103984,104525,105066,105607,106148,106689,107230,107771,108312,108853,109394,109935,110476,111017,111558,112099,112640,113181,113722,114263,114804,115345,115886,116427,116968,117509,118050,118591,119132,119673,120214,120755,121296,121837,122378,122919,123460,124001,124542,125083,125624,126165,126706,127247,127788,128329,128870,129411,129952,130493,131034,131575,132116,132657,133198,133739,134280,134821,135362,135903,136444,136985,137526,138067,138608,139149,139690,140231,140772,141313,141854,142395,142936,143477,144018,144559,145100,145641,146182,-145958,-145417,-144876,-144335,-143794,-143253,-142712,-142171,-141630,-141089,-140548,-140007,-139466,-138925,-138384,-137843,-137302,-136761,-136220,-135679,-135138,-134597,-134056,-133515,-132974,-132433,-131892,-131351,-130810,-130269,-129728,-129187,-128646,-128105,-127564,-127023,-126482,-125941,-125400,-124859,-124318,-123777,-123236,-122695,-122154,-121613,-121072,-120531,-119990,-119449,-118908,-118367,-117826,-117285,-116744,-116203,-115662,-115121,-114580,-114039,-113498,-112957,-112416,-111875,-111334,-110793,-110252,-109711,-109170,-108629,-108088,-107547,-107006,-106465,-105924,-105383,-104842,-104301,-103760,-103219,-102678,-102137,-101596,-101055,-100514,-99973,-99432,-98891,-98350,-97809,-97268,-96727,-96186,-95645,-95104,-94563,-94022,-93481,-92940,-92399,-91858,-91317,-90776,-90235,-89694,-89153,-88612,-88071,-87530,-86989,-86448,-85907,-85366,-84825,-84284,-83743,-83202,-82661,-82120,-81579,-81038,-80497,-79956,-79415,-78874,-78333,-77792,-77251,-76710,-76169,-75628,-75087,-74546,-74005,-73464,-72923,-72382,-71841,-71300,-70759,-70218,-69677,-69136,-68595,-68054,-67513,-66972,-66431,-65890,-65349,-64808,-64267,-63726,-63185,-62644,-62103,-61562,-61021,-60592,-60480,-59939,-59398,-58857,-58316,-57775,-57234,-56693,-56152,-55611,-55070,-54529,-53988,-53447,-52906,-52365,-51824,-51283,-50742,-50201,-49660,-49119,-48578,-48037,-47496,-46955,-46414,-45873,-45332,-44791,-44250,-43709,-43168,-42627,-42086,-41545,-41004,-40463,-39922,-39381,-38840,-38299,-37758,-37217,-36676,-36135,-35594,-35053,-34512,-33971,-33430,-32889,-32348,-31807,-31266,-30725,-30184,-29643,-29102,-28561,-28020,-27479,-26938,-26397,-25856,-25315,-24774,-24233,-23692,-23151,-22610,-22069,-21528,-20987,-20446,-19905,-19364,-18823,-18282,-17741,-17200,-16659,-16118,-15577,-15036,-14495,-13954,-13413,-12872,-12331,-11790,-11249,-10708,-10167,-9626,-9085,-8544,-8003,-7462,-6921,-6380,-5839,-5298,-4757,-4216,-3675,-3134,-2593,-2052,-1511,-970,-429
113,654,1195,1736,2277,2818,3359,3900,4441,4982,5523,6064,6605,7146,7687,8228,8769,9310,9851,10392,10933,11474,12015,12556,13097,13638,14179,14720,15261,15802,16343,16884,17425,17966,18507,19048,19589,20130,20671,21212,21753,22294,22835,23376,23917,24458,24999,25540,26081,26622,27163,27704,28245,28786,29327,29868,30409,30950,31491,32032,32573,33114,33655,34196,34737,35278,35819,36360,36901,37442,37983,38524,39065,39606,40147,40688,41229,41770,42311,42852,43393,43934,44475,45016,45557,46098,46639,47180,47721,48262,48803,49344,49885,50426,50967,51508,52049,52590,53131,53672,54213,54754,55295,55836,56377,56918,57459,58000,58541,59082,59623,60164,60705,61246,61787,62328,62869,63410,63951,64492,65033,65574,66115,66656,67197,67738,68279,68820,69361,69902,70443,70984,71525,72066,72607,73148,73689,74230,74771,75312,75853,76394,76935,77476,78017,78558,79099,79640,80181,80722,81263,81804,82345,82886,83427,83968,84509,85050,85591,86132,86673,87214,87755,88296,88837,89378,89919,90460,91001,91542,92083,92624,93165,93706,94247,94788,95329,95870,96411,96952,97493,98034,98575,99116,99657,100198,100739,101280,101821,102362,102903,103444,103985,104526,105067,105608,106149,106690,107231,107772,108313,108854,109395,109936,110477,111018,111559,112100,112641,113182,113723,114264,114805,115346,115887,116428,116969,117510,118051,118592,119133,119674,120215,120756,121297,121838,122379,122920,123461,124002,124543,125084,125625,126166,126707,127248,127789,128330,128871,129412,129953,130494,131035,131576,132117,132658,133199,133740,134281,134822,135363,135904,136445,136986,137527,138068,138609,139150,139691,140232,140773,141314,141855,142396,142937,143478,144019,144560,145101,145642,146183,-145957,-145416,-144875,-144334,-143793,-143252,-142711,-142170,-141629,-141088,-140547,-140006,-139465,-138924,-138383,-137842,-137301,-136760,-136219,-135678,-135137,-134596,-134055,-133514,-132973,-132432,-131891,-131350,-130809,-130268,-129727,-129186,-128645,-128104,-127563,-127022,-126481,-125940,-125399,-124858,-124317,-123776,-123235,-122694,-122153,-121612,-121071,-120530,-119989,-119448,-118907,-118366,-117825,-117284,-116743,-116202,-115661,-115120,-114579,-114038,-113497,-112956,-112415,-111874,-111333,-110792,-110251,-109710,-109169,-108628,-108087,-107546,-107005,-106464,-105923,-105382,-104841,-104300,-103759,-103218,-102677,-102136,-101595,-101054,-100513,-99972,-99431,-98890,-98349,-97808,-97267,-96726,-96185,-95644,-95103,-94562,-94021,-93480,-92939,-92398,-91857,-91316,-90775,-90234,-89693,-89152,-88611,-88070,-87529,-86988,-86447,-85906,-85365,-84824,-84283,-83742,-83201,-82660,-82119,-81578,-81037,-80496,-79955,-79414,-78873,-78332,-77791,-77250,-76709,-76168,-75627,-75086,-74545,-74004,-73463,-72922,-72381,-71840,-71299,-70758,-70217,-69676,-69135,-68594,-68053,-67512,-66971,-66430,-65889,-65348,-64807,-64266,-63725,-63184,-62643,-62102,-61561,-61133,-61020,-60479,-59938,-59397,-58856,-58315,-57774,-57233,-56692,-56151,-55610,-55069,-54528,-53987,-53446,-52905,-52364,-51823,-51282,-50741,-50200,-49659,-49118,-48577,-48036,-47495,-46954,-46413,-45872,-45331,-44790,-44249,-43708,-43167,-42626,-42085,-41544,-41003,-40462,-39921,-39380,-38839,-38298,-37757,-37216,-36675,-36134,-35593,-35052,-34511,-33970,-33429,-32888,-32347,-31806,-31265,-30724,-30183,-29642,-29101,-28560,-28019,-27478,-26937,-26396,-25855,-25314,-24773,-24232,-23691,-23150,-22609,-22068,-21527,-20986,-20445,-19904,-19363,-18822,-18281,-17740,-17199,-16658,-16117,-15576,-15035,-14494,-13953,-13412,-12871,-12330,-11789,-11248,-10707,-10166,-9625,-9084,-8543,-8002,-7461,-6920,-6379,-5838,-5297,-4756,-4215,-3674,-3133,-2592,-2051,-1510,-969,-428
114,655,1196,1737,2278,2819,3360,3901,4442,4983,5524,6065,6606,7147,7688,8229,8770,9311,9852,10393,10934,11475,12016,12557,13098,13639,14180,14721,15262,15803,16344,16885,17426,17967,18508,19049,19590,20131,20672,21213,21754,22295,22836,23377,23918,24459,25000,25541,26082,26623,27164,27705,28246,28787,29328,29869,30410,30951,31492,32033,32574,33115,33656,34197,34738,35279,35820,36361,36902,37443,37984,38525,39066,39607,40148,40689,41230,41771,42312,42853,43394,43935,44476,45017,45558,46099,46640,47181,47722,48263,48804,49345,49886,50427,50968,51509,52050,52591,53132,53673,54214,54755,55296,55837,56378,56919,57460,58001,58542,59083,59624,60165,60706,61247,61788,62329,62870,63411,63952,64493,65034,65575,66116,66657,67198,67739,68280,68821,69362,69903,70444,70985,71526,72067,72608,73149,73690,74231,74772,75313,75854,76395,76936,77477,78018,78559,79100,79641,80182,80723,81264,81805,82346,82887,83428,83969,84510,85051,85592,86133,86674,87215,87756,88297,88838,89379,89920,90461,91002,91543,92084,92625,93166,93707,94248,94789,95330,95871,96412,96953,97494,98035,98576,99117,99658,100199,100740,101281,101822,102363,102904,103445,103986,104527,105068,105609,106150,106691,107232,107773,108314,108855,109396,109937,110478,111019,111560,112101,112642,113183,113724,114265,114806,115347,115888,116429,116970,117511,118052,118593,119134,119675,120216,120757,121298,121839,122380,122921,123462,124003,124544,125085,125626,126167,126708,127249,127790,128331,128872,129413,129954,130495,131036,131577,132118,132659,133200,133741,134282,134823,135364,135905,136446,136987,137528,138069,138610,139151,139692,140233,140774,141315,141856,142397,142938,143479,144020,144561,145102,145643,146184,-145956,-145415,-144874,-144333,-143792,-143251,-142710,-142169,-141628,-141087,-140546,-140005,-139464,-138923,-138382,-137841,-137300,-136759,-136218,-135677,-135136,-134595,-134054,-133513,-132972,-132431,-131890,-131349,-130808,-130267,-129726,-129185,-128644,-128103,-127562,-127021,-126480,-125939,-125398,-124857,-124316,-123775,-123234,-122693,-122152,-121611,-121070,-120529,-119988,-119447,-118906,-118365,-117824,-117283,-116742,-116201,-115660,-115119,-114578,-114037,-113496,-112955,-112414,-111873,-111332,-110791,-110250,-109709,-109168,-108627,-108086,-107545,-107004,-106463,-105922,-105381,-104840,-104299,-103758,-103217,-102676,-102135,-101594,-101053,-100512,-99971,-99430,-98889,-98348,-97807,-97266,-96725,-96184,-95643,-95102,-94561,-94020,-93479,-92938,-92397,-91856,-91315,-90774,-90233,-89692,-89151,-88610,-88069,-87528,-86987,-86446,-85905,-85364,-84823,-84282,-83741,-83200,-82659,-82118,-81577,-81036,-80495,-79954,-79413,-78872,-78331,-77790,-77249,-76708,-76167,-75626,-75085,-74544,-74003,-73462,-72921,-72380,-71839,-71298,-70757,-70216,-69675,-69134,-68593,-68052,-67511,-66970,-66429,-65888,-65347,-64806,-64265,-63724,-63183,-62642,-62101,-61674,-61560,-61019,-60478,-59937,-59396,-58855,-58314,-57773,-57232,-56691,-56150,-55609,-55068,-54527,-53986,-53445,-52904,-52363,-51822,-51281,-50740,-50199,-49658,-49117,-48576,-48035,-47494,-46953,-46412,-45871,-45330,-44789,-44248,-43707,-43166,-42625,-42084,-41543,-41002,-40461,-39920,-39379,-38838,-38297,-37756,-37215,-36674,-36133,-35592,-35051,-34510,-33969,-33428,-32887,-32346,-31805,-31264,-30723,-30182,-29641,-29100,-28559,-28018,-27477,-26936,-26395,-25854,-25313,-24772,-24231,-23690,-23149,-22608,-22067,-21526,-20985,-20444,-19903,-19362,-18821,-18280,-17739,-17198,-16657,-16116,-15575,-15034,-14493,-13952,-13411,-12870,-12329,-11788,-11247,-10706,-10165,-9624,-9083,-8542,-8001,-7460,-6919,-6378,-5837,-5296,-4755,-4214,-3673,-3132,-2591,-2050,-1509,-968,-427
115,656,1197,1738,2279,2820,3361,3902,4443,4984,5525,6066,6607,7148,7689,8230,8771,9312,9853,10394,10935,11476,12017,12558,13099,13640,14181,14722,15263,15804,16345,16886,17427,17968,18509,19050,19591,20132,20673,21214,21755,22296,22837,23378,23919,24460,25001,25542,26083,26624,27165,27706,28247,28788,29329,29870,30411,30952,31493,32034,32575,33116,33657,34198,34739,35280,35821,36362,36903,37444,37985,38526,39067,39608,40149,40690,41231,41772,42313,42854,43395,43936,44477,45018,45559,46100,46641,47182,47723,48264,48805,49346,49887,50428,50969,51510,52051,52592,53133,53674,54215,54756,55297,55838,56379,56920,57461,58002,58543,59084,59625,60166,60707,61248,61789,62330,62871,63412,63953,64494,65035,65576,66117,66658,67199,67740,68281,68822,69363,69904,70445,70986,71527,72068,72609,73150,73691,74232,74773,75314,75855,76396,76937,77478,78019,78560,79101,79642,80183,80724,81265,81806,82347,82888,83429,83970,84511,85052,85593,86134,86675,87216,87757,88298,88839,89380,89921,90462,91003,91544,92085,92626,93167,93708,94249,94790,95331,95872,96413,96954,97495,98036,98577,99118,99659,100200,100741,101282,101823,102364,102905,103446,103987,104528,105069,105610,106151,106692,107233,107774,108315,108856,109397,109938,110479,111020,111561,112102,112643,113184,113725,114266,114807,115348,115889,116430,116971,117512,118053,118594,119135,119676,120217,120758,121299,121840,122381,122922,123463,124004,124545,125086,125627,126168,126709,127250,127791,128332,128873,129414,129955,130496,131037,131578,132119,132660,133201,133742,134283,134824,135365,135906,136447,136988,137529,138070,138611,139152,139693,140234,140775,141316,141857,142398,142939,143480,144021,144562,145103,145644,146185,-145955,-145414,-144873,-144332,-143791,-143250,-142709,-142168,-141627,-141086,-140545,-140004,-139463,-138922,-138381,-137840,-137299,-136758,-136217,-135676,-135135,-134594,-134053,-133512,-132971,-132430,-131889,-131348,-130807,-130266,-129725,-129184,-128643,-128102,-127561,-127020,-126479,-125938,-125397,-124856,-124315,-123774,-123233,-122692,-122151,-121610,-121069,-120528,-119987,-119446,-118905,-118364,-117823,-117282,-116741,-116200,-115659,-115118,-114577,-114036,-113495,-112954,-112413,-111872,-111331,-110790,-110249,-109708,-109167,-108626,-108085,-107544,-107003,-106462,-105921,-105380,-104839,-104298,-103757,-103216,-102675,-102134,-101593,-101052,-100511,-99970,-99429,-98888,-98347,-97806,-97265,-96724,-96183,-95642,-95101,-94560,-94019,-93478,-92937,-92396,-91855,-91314,-90773,-90232,-89691,-89150,-88609,-88068,-87527,-86986,-86445,-85904,-85363,-84822,-84281,-83740,-83199,-82658,-82117,-81576,-81035,-80494,-79953,-79412,-78871,-78330,-77789,-77248,-76707,-76166,-75625,-75084,-74543,-74002,-73461,-72920,-72379,-71838,-71297,-70756,-70215,-69674,-69133,-68592,-68051,-67510,-66969,-66428,-65887,-65346,-64805,-64264,-63723,-63182,-62641,-62215,-62100,-61559,-61018,-60477,-59936,-59395,-58854,-58313,-57772,-57231,-56690,-56149,-55608,-55067,-54526,-53985,-53444,-52903,-52362,-51821,-51280,-50739,-50198,-49657,-49116,-48575,-48034,-47493,-46952,-46411,-45870,-45329,-44788,-44247,-43706,-43165,-42624,-42083,-41542,-41001,-40460,-39919,-39378,-38837,-38296,-37755,-37214,-36673,-36132,-35591,-35050,-34509,-33968,-33427,-32886,-32345,-31804,-31263,-30722,-30181,-29640,-29099,-28558,-28017,-27476,-26935,-26394,-25853,-25312,-24771,-24230,-23689,-23148,-22607,-22066,-21525,-20984,-20443,-19902,-19361,-18820,-18279,-17738,-17197,-16656,-16115,-15574,-15033,-14492,-13951,-13410,-12869,-12328,-11787,-11246,-10705,-10164,-9623,-9082,-8541,-8000,-7459,-6918,-6377,-5836,-5295,-4754,-4213,-3672,-3131,-2590,-2049,-1508,-967,-426
116,657,1198,1739,2280,2821,3362,3903,4444,4985,5526,6067,6608,7149,7690,8231,8772,9313,9854,10395,10936,11477,12018,12559,13100,13641,14182,14723,15264,15805,16346,16887,17428,17969,18510,19051,19592,20133,20674,21215,21756,22297,22838,23379,23920,24461,25002,25543,26084,26625,27166,27707,28248,28789,29330,29871,30412,30953,31494,32035,32576,33117,33658,34199,34740,35281,35822,36363,36904,37445,37986,38527,39068,39609,40150,40691,41232,41773,42314,42855,43396,43937,44478,45019,45560,46101,46642,47183,47724,48265,48806,49347,49888,50429,50970,51511,52052,52593,53134,53675,54216,54757,55298,55839,56380,56921,57462,58003,58544,59085,59626,60167,60708,61249,61790,62331,62872,63413,63954,64495,65036,65577,66118,66659,67200,67741,68282,68823,69364,69905,70446,70987,71528,72069,72610,73151,73692,74233,74774,75315,75856,76397,76938,77479,78020,78561,79102,79643,80184,80725,81266,81807,82348,82889,83430,83971,84512,85053,85594,86135,86676,87217,87758,88299,88840,89381,89922,90463,91004,91545,92086,92627,93168,93709,94250,94791,95332,95873,96414,96955,97496,98037,98578,99119,99660,100201,100742,101283,101824,102365,102906,103447,103988,104529,105070,105611,106152,106693,107234,107775,108316,108857,109398,109939,110480,111021,111562,112103,112644,113185,113726,114267,114808,115349,115890,116431,116972,117513,118054,118595,119136,119677,120218,120759,121300,121841,122382,122923,123464,124005,124546,125087,125628,126169,126710,127251,127792,128333,128874,129415,129956,130497,131038,131579,132120,132661,133202,133743,134284,134825,135366,135907,136448,136989,137530,138071,138612,139153,139694,140235,140776,141317,141858,142399,142940,143481,144022,144563,145104,145645,146186,-145954,-145413,-144872,-144331,-143790,-143249,-142708,-142167,-141626,-141085,-140544,-140003,-139462,-138921,-138380,-137839,-137298,-136757,-136216,-135675,-135134,-134593,-134052,-133511,-132970,-132429,-131888,-131347,-130806,-130265,-129724,-129183,-128642,-128101,-127560,-127019,-126478,-125937,-125396,-124855,-124314,-123773,-123232,-122691,-122150,-121609,-121068,-120527,-119986,-119445,-118904,-118363,-117822,-117281,-116740,-116199,-115658,-115117,-114576,-114035,-113494,-112953,-112412,-111871,-111330,-110789,-110248,-109707,-109166,-108625,-108084,-107543,-107002,-106461,-105920,-105379,-104838,-104297,-103756,-103215,-102674,-102133,-101592,-101051,-100510,-99969,-99428,-98887,-98346,-97805,-97264,-96723,-96182,-95641,-95100,-94559,-94018,-93477,-92936,-92395,-91854,-91313,-90772,-90231,-89690,-89149,-88608,-88067,-87526,-86985,-86444,-85903,-85362,-84821,-84280,-83739,-83198,-82657,-82116,-81575,-81034,-80493,-79952,-79411,-78870,-78329,-77788,-77247,-76706,-76165,-75624,-75083,-74542,-74001,-73460,-72919,-72378,-71837,-71296,-70755,-70214,-69673,-69132,-68591,-68050,-67509,-66968,-66427,-65886,-65345,-64804,-64263,-63722,-63181,-62756,-62640,-62099,-61558,-61017,-60476,-59935,-59394,-58853,-58312,-57771,-57230,-56689,-56148,-55607,-55066,-54525,-53984,-53443,-52902,-52361,-51820,-51279,-50738,-50197,-49656,-49115,-48574,-48033,-47492,-46951,-46410,-45869,-45328,-44787,-44246,-43705,-43164,-42623,-42082,-41541,-41000,-40459,-39918,-39377,-38836,-38295,-37754,-37213,-36672,-36131,-35590,-35049,-34508,-33967,-33426,-32885,-32344,-31803,-31262,-30721,-30180,-29639,-29098,-28557,-28016,-27475,-26934,-26393,-25852,-25311,-24770,-24229,-23688,-23147,-22606,-22065,-21524,-20983,-20442,-19901,-19360,-18819,-18278,-17737,-17196,-16655,-16114,-15573,-15032,-14491,-13950,-13409,-12868,-12327,-11786,-11245,-10704,-10163,-9622,-9081,-8540,-7999,-7458,-6917,-6376,-5835,-5294,-4753,-4212,-3671,-3130,-2589,-2048,-1507,-966,-425
117,658,1199,1740,2281,2822,3363,3904,4445,4986,5527,6068,6609,7150,7691,8232,8773,9314,9855,10396,10937,11478,12019,12560,13101,13642,14183,14724,15265,15806,16347,16888,17429,17970,18511,19052,19593,20134,20675,21216,21757,22298,22839,23380,23921,24462,25003,25544,26085,26626,27167,27708,28249,28790,29331,29872,30413,30954,31495,32036,32577,33118,33659,34200,34741,35282,35823,36364,36905,37446,37987,38528,39069,39610,40151,40692,41233,41774,42315,42856,43397,43938,44479,45020,45561,46102,46643,47184,47725,48266,48807,49348,49889,50430,50971,51512,52053,52594,53135,53676,54217,54758,55299,55840,56381,56922,57463,58004,58545,59086,59627,60168,60709,61250,61791,62332,62873,63414,63955,64496,65037,65578,66119,66660,67201,67742,68283,68824,69365,69906,70447,70988,71529,72070,72611,73152,73693,74234,74775,75316,75857,76398,76939,77480,78021,78562,79103,79644,80185,80726,81267,81808,82349,82890,83431,83972,84513,85054,85595,86136,86677,87218,87759,88300,88841,89382,89923,90464,91005,91546,92087,92628,93169,93710,94251,94792,95333,95874,96415,96956,97497,98038,98579,99120,99661,100202,100743,101284,101825,102366,102907,103448,103989,104530,105071,105612,106153,106694,107235,107776,108317,108858,109399,109940,110481,111022,111563,112104,112645,113186,113727,114268,114809,115350,115891,116432,116973,117514,118055,118596,119137,119678,120219,120760,121301,121842,122383,122924,123465,124006,124547,125088,125629,126170,126711,127252,127793,128334,128875,129416,129957,130498,131039,131580,132121,132662,133203,133744,134285,134826,135367,135908,136449,136990,137531,138072,138613,139154,139695,140236,140777,141318,141859,142400,142941,143482,144023,144564,145105,145646,146187,-145953,-145412,-144871,-144330,-143789,-143248,-142707,-142166,-141625,-141084,-140543,-140002,-139461,-138920,-138379,-137838,-137297,-136756,-136215,-135674,-135133,-134592,-134051,-133510,-132969,-132428,-131887,-131346,-130805,-130264,-129723,-129182,-128641,-128100,-127559,-127018,-126477,-125936,-125395,-124854,-124313,-123772,-123231,-122690,-122149,-121608,-121067,-120526,-119985,-119444,-118903,-118362,-117821,-117280,-116739,-116198,-115657,-115116,-114575,-114034,-113493,-112952,-112411,-111870,-111329,-110788,-110247,-109706,-109165,-108624,-108083,-107542,-107001,-106460,-105919,-105378,-104837,-104296,-103755,-103214,-102673,-102132,-101591,-101050,-100509,-99968,-99427,-98886,-98345,-97804,-97263,-96722,-96181,-95640,-95099,-94558,-94017,-93476,-92935,-92394,-91853,-91312,-90771,-90230,-89689,-89148,-88607,-88066,-87525,-86984,-86443,-85902,-85361,-84820,-84279,-83738,-83197,-82656,-82115,-81574,-81033,-80492,-79951,-79410,-78869,-78328,-77787,-77246,-76705,-76164,-75623,-75082,-74541,-74000,-73459,-72918,-72377,-71836,-71295,-70754,-70213,-69672,-69131,-68590,-68049,-67508,-66967,-66426,-65885,-65344,-64803,-64262,-63721,-63297,-63180,-62639,-62098,-61557,-61016,-60475,-59934,-59393,-58852,-58311,-57770,-57229,-56688,-56147,-55606,-55065,-54524,-53983,-53442,-52901,-52360,-51819,-51278,-50737,-50196,-49655,-49114,-48573,-48032,-47491,-46950,-46409,-45868,-45327,-44786,-44245,-43704,-43163,-42622,-42081,-41540,-40999,-40458,-39917,-39376,-38835,-38294,-37753,-37212,-36671,-36130,-35589,-35048,-34507,-33966,-33425,-32884,-32343,-31802,-31261,-30720,-30179,-29638,-29097,-28556,-28015,-27474,-26933,-26392,-25851,-25310,-24769,-24228,-23687,-23146,-22605,-22064,-21523,-20982,-20441,-19900,-19359,-18818,-18277,-17736,-17195,-16654,-16113,-15572,-15031,-14490,-13949,-13408,-12867,-12326,-11785,-11244,-10703,-10162,-9621,-9080,-8539,-7998,-7457,-6916,-6375,-5834,-5293,-4752,-4211,-3670,-3129,-2588,-2047,-1506,-965,-424
118,659,1200,1741,2282,2823,3364,3905,4446,4987,5528,6069,6610,7151,7692,8233,8774,9315,9856,10397,10938,11479,12020,12561,13102,13643,14184,14725,15266,15807,16348,16889,17430,17971,18512,19053,19594,20135,20676,21217,21758,22299,22840,23381,23922,24463,25004,25545,26086,26627,27168,27709,28250,28791,29332,29873,30414,30955,31496,32037,32578,33119,33660,34201,34742,35283,35824,36365,36906,37447,37988,38529,39070,39611,40152,40693,41234,41775,42316,42857,43398,43939,44480,45021,45562,46103,46644,47185,47726,48267,48808,49349,49890,50431,50972,51513,52054,52595,53136,53677,54218,54759,55300,55841,56382,56923,57464,58005,58546,59087,59628,60169,60710,61251,61792,62333,62874,63415,63956,64497,65038,65579,66120,66661,67202,67743,68284,68825,69366,69907,70448,70989,71530,72071,72612,73153,73694,74235,74776,75317,75858,76399,76940,77481,78022,78563,79104,79645,80186,80727,81268,81809,82350,82891,83432,83973,84514,85055,85596,86137,86678,87219,87760,88301,88842,89383,89924,90465,91006,91547,92088,92629,93170,93711,94252,94793,95334,95875,96416,96957,97498,98039,98580,99121,99662,100203,100744,101285,101826,102367,102908,103449,103990,104531,105072,105613,106154,106695,107236,107777,108318,108859,109400,109941,110482,111023,111564,112105,112646,113187,113728,114269,114810,115351,115892,116433,116974,117515,118056,118597,119138,119679,120220,120761,121302,121843,122384,122925,123466,124007,124548,125089,125630,126171,126712,127253,127794,128335,128876,129417,129958,130499,131040,131581,132122,132663,133204,133745,134286,134827,135368,135909,136450,136991,137532,138073,138614,139155,139696,140237,140778,141319,141860,142401,142942,143483,144024,144565,145106,145647,146188,-145952,-145411,-144870,-144329,-143788,-143247,-142706,-142165,-141624,-141083,-140542,-140001,-139460,-138919,-138378,-137837,-137296,-136755,-136214,-135673,-135132,-134591,-134050,-133509,-132968,-132427,-131886,-131345,-130804,-130263,-129722,-129181,-128640,-128099,-127558,-127017,-126476,-125935,-125394,-124853,-124312,-123771,-123230,-122689,-122148,-121607,-121066,-120525,-119984,-119443,-118902,-118361,-117820,-117279,-116738,-116197,-115656,-115115,-114574,-114033,-113492,-112951,-112410,-111869,-111328,-110787,-110246,-109705,-109164,-108623,-108082,-107541,-107000,-106459,-105918,-105377,-104836,-104295,-103754,-103213,-102672,-102131,-101590,-101049,-100508,-99967,-99426,-98885,-98344,-97803,-97262,-96721,-96180,-95639,-95098,-94557,-94016,-93475,-92934,-92393,-91852,-91311,-90770,-90229,-89688,-89147,-88606,-88065,-87524,-86983,-86442,-85901,-85360,-84819,-84278,-83737,-83196,-82655,-82114,-81573,-81032,-80491,-79950,-79409,-78868,-78327,-77786,-77245,-76704,-76163,-75622,-75081,-74540,-73999,-73458,-72917,-72376,-71835,-71294,-70753,-70212,-69671,-69130,-68589,-68048,-67507,-66966,-66425,-65884,-65343,-64802,-64261,-63838,-63720,-63179,-62638,-62097,-61556,-61015,-60474,-59933,-59392,-58851,-58310,-57769,-57228,-56687,-56146,-55605,-55064,-54523,-53982,-53441,-52900,-52359,-51818,-51277,-50736,-50195,-49654,-49113,-48572,-48031,-47490,-46949,-46408,-45867,-45326,-44785,-44244,-43703,-43162,-42621,-42080,-41539,-40998,-40457,-39916,-39375,-38834,-38293,-37752,-37211,-36670,-36129,-35588,-35047,-34506,-33965,-33424,-32883,-32342,-31801,-31260,-30719,-30178,-29637,-29096,-28555,-28014,-27473,-26932,-26391,-25850,-25309,-24768,-24227,-23686,-23145,-22604,-22063,-21522,-20981,-20440,-19899,-19358,-18817,-18276,-17735,-17194,-16653,-16112,-15571,-15030,-14489,-13948,-13407,-12866,-12325,-11784,-11243,-10702,-10161,-9620,-9079,-8538,-7997,-7456,-6915,-6374,-5833,-5292,-4751,-4210,-3669,-3128,-2587,-2046,-1505,-964,-423
119,660,1201,1742,2283,2824,3365,3906,4447,4988,5529,6070,6611,7152,7693,8234,8775,9316,9857,10398,10939,11480,12021,12562,13103,13644,14185,14726,15267,15808,16349,16890,17431,17972,18513,19054,19595,20136,20677,21218,21759,22300,22841,23382,23923,24464,25005,25546,26087,26628,27169,27710,28251,28792,29333,29874,30415,30956,31497,32038,32579,33120,33661,34202,34743,35284,35825,36366,36907,37448,37989,38530,39071,39612,40153,40694,41235,41776,42317,42858,43399,43940,44481,45022,45563,46104,46645,47186,47727,48268,48809,49350,49891,50432,50973,51514,52055,52596,53137,53678,54219,54760,55301,55842,56383,56924,57465,58006,58547,59088,59629,60170,60711,61252,61793,62334,62875,63416,63957,64498,65039,65580,66121,66662,67203,67744,68285,68826,69367,69908,70449,70990,71531,72072,72613,73154,73695,74236,74777,75318,75859,76400,76941,77482,78023,78564,79105,79646,80187,80728,81269,81810,82351,82892,83433,83974,84515,85056,85597,86138,86679,87220,87761,88302,88843,89384,89925,90466,91007,91548,92089,92630,93171,93712,94253,94794,95335,95876,96417,96958,97499,98040,98581,99122,99663,100204,100745,101286,101827,102368,102909,103450,103991,104532,105073,105614,106155,106696,107237,107778,108319,108860,109401,109942,110483,111024,111565,112106,112647,113188,113729,114270,114811,115352,115893,116434,116975,117516,118057,118598,119139,119680,120221,120762,121303,121844,122385,122926,123467,124008,124549,125090,125631,126172,126713,127254,127795,128336,128877,129418,129959,130500,131041,131582,132123,132664,133205,133746,134287,134828,135369,135910,136451,136992,137533,138074,138615,139156,139697,140238,140779,141320,141861,142402,142943,143484,144025,144566,145107,145648,146189,-145951,-145410,-144869,-144328,-143787,-143246,-142705,-142164,-141623,-141082,-140541,-140000,-139459,-138918,-138377,-137836,-137295,-136754,-136213,-135672,-135131,-134590,-134049,-133508,-132967,-132426,-131885,-131344,-130803,-130262,-129721,-129180,-128639,-128098,-127557,-127016,-126475,-125934,-125393,-124852,-124311,-123770,-123229,-122688,-122147,-121606,-121065,-120524,-119983,-119442,-118901,-118360,-117819,-117278,-116737,-116196,-115655,-115114,-114573,-114032,-113491,-112950,-112409,-111868,-111327,-110786,-110245,-109704,-109163,-108622,-108081,-107540,-106999,-106458,-105917,-105376,-104835,-104294,-103753,-103212,-102671,-102130,-101589,-101048,-100507,-99966,-99425,-98884,-98343,-97802,-97261,-96720,-96179,-95638,-95097,-94556,-94015,-93474,-92933,-92392,-91851,-91310,-90769,-90228,-89687,-89146,-88605,-88064,-87523,-86982,-86441,-85900,-85359,-84818,-84277,-83736,-83195,-82654,-82113,-81572,-81031,-80490,-79949,-79408,-78867,-78326,-77785,-77244,-76703,-76162,-75621,-75080,-74539,-73998,-73457,-72916,-72375,-71834,-71293,-70752,-70211,-69670,-69129,-68588,-68047,-67506,-66965,-66424,-65883,-65342,-64801,-64379,-64260,-63719,-63178,-62637,-62096,-61555,-61014,-60473,-59932,-59391,-58850,-58309,-57768,-57227,-56686,-56145,-55604,-55063,-54522,-53981,-53440,-52899,-52358,-51817,-51276,-50735,-50194,-49653,-49112,-48571,-48030,-47489,-46948,-46407,-45866,-45325,-44784,-44243,-43702,-43161,-42620,-42079,-41538,-40997,-40456,-39915,-39374,-38833,-38292,-37751,-37210,-36669,-36128,-35587,-35046,-34505,-33964,-33423,-32882,-32341,-31800,-31259,-30718,-30177,-29636,-29095,-28554,-28013,-27472,-26931,-26390,-25849,-25308,-24767,-24226,-23685,-23144,-22603,-22062,-21521,-20980,-20439,-19898,-19357,-18816,-18275,-17734,-17193,-16652,-16111,-15570,-15029,-14488,-13947,-13406,-12865,-12324,-11783,-11242,-10701,-10160,-9619,-9078,-8537,-7996,-7455,-6914,-6373,-5832,-5291,-4750,-4209,-3668,-3127,-2586,-2045,-1504,-963,-422
120,661,1202,1743,2284,2825,3366,3907,4448,4989,5530,6071,6612,7153,7694,8235,8776,9317,9858,10399,10940,11481,12022,12563,13104,13645,14186,14727,15268,15809,16350,16891,17432,17973,18514,19055,19596,20137,20678,21219,21760,22301,22842,23383,23924,24465,25006,25547,26088,26629,27170,27711,28252,28793,29334,29875,30416,30957,31498,32039,32580,33121,33662,34203,34744,35285,35826,36367,36908,37449,37990,38531,39072,39613,40154,40695,41236,41777,42318,42859,43400,43941,44482,45023,45564,46105,46646,47187,47728,48269,48810,49351,49892,50433,50974,51515,52056,52597,53138,53679,54220,54761,55302,55843,56384,56925,57466,58007,58548,59089,59630,60171,60712,61253,61794,62335,62876,63417,63958,64499,65040,65581,66122,66663,67204,67745,68286,68827,69368,69909,70450,70991,71532,72073,72614,73155,73696,74237,74778,75319,75860,76401,76942,77483,78024,78565,79106,79647,80188,80729,81270,81811,82352,82893,83434,83975,84516,85057,85598,86139,86680,87221,87762,88303,88844,89385,89926,90467,91008,91549,92090,92631,93172,93713,94254,94795,95336,95877,96418,96959,97500,98041,98582,99123,99664,100205,100746,101287,101828,102369,102910,103451,103992,104533,105074,105615,106156,106697,107238,107779,108320,108861,109402,109943,110484,111025,111566,112107,112648,113189,113730,114271,114812,115353,115894,116435,116976,117517,118058,118599,119140,119681,120222,120763,121304,121845,122386,122927,123468,124009,124550,125091,125632,126173,126714,127255,127796,128337,128878,129419,129960,130501,131042,131583,132124,132665,133206,133747,134288,134829,135370,135911,136452,136993,137534,138075,138616,139157,139698,140239,140780,141321,141862,142403,142944,143485,144026,144567,145108,145649,146190,-145950,-145409,-144868,-144327,-143786,-143245,-142704,-142163,-141622,-141081,-140540,-139999,-139458,-138917,-138376,-137835,-137294,-136753,-136212,-135671,-135130,-134589,-134048,-133507,-132966,-132425,-131884,-131343,-130802,-130261,-129720,-129179,-128638,-128097,-127556,-127015,-126474,-125933,-125392,-124851,-124310,-123769,-123228,-122687,-122146,-121605,-121064,-120523,-119982,-119441,-118900,-118359,-117818,-117277,-116736,-116195,-115654,-115113,-114572,-114031,-113490,-112949,-112408,-111867,-111326,-110785,-110244,-109703,-109162,-108621,-108080,-107539,-106998,-106457,-105916,-105375,-104834,-104293,-103752,-103211,-102670,-102129,-101588,-101047,-100506,-99965,-99424,-98883,-98342,-97801,-97260,-96719,-96178,-95637,-95096,-94555,-94014,-93473,-92932,-92391,-91850,-91309,-90768,-90227,-89686,-89145,-88604,-88063,-87522,-86981,-86440,-85899,-85358,-84817,-84276,-83735,-83194,-82653,-82112,-81571,-81030,-80489,-79948,-79407,-78866,-78325,-77784,-77243,-76702,-76161,-75620,-75079,-74538,-73997,-73456,-72915,-72374,-71833,-71292,-70751,-70210,-69669,-69128,-68587,-68046,-67505,-66964,-66423,-65882,-65341,-64920,-64800,-64259,-63718,-63177,-62636,-62095,-61554,-61013,-60472,-59931,-59390,-58849,-58308,-57767,-57226,-56685,-56144,-55603,-55062,-54521,-53980,-53439,-52898,-52357,-51816,-51275,-50734,-50193,-49652,-49111,-48570,-48029,-47488,-46947,-46406,-45865,-45324,-44783,-44242,-43701,-43160,-42619,-42078,-41537,-40996,-40455,-39914,-39373,-38832,-38291,-37750,-37209,-36668,-36127,-35586,-35045,-34504,-33963,-33422,-32881,-32340,-31799,-31258,-30717,-30176,-29635,-29094,-28553,-28012,-27471,-26930,-26389,-25848,-25307,-24766,-24225,-23684,-23143,-22602,-22061,-21520,-20979,-20438,-19897,-19356,-18815,-18274,-17733,-17192,-16651,-16110,-15569,-15028,-14487,-13946,-13405,-12864,-12323,-11782,-11241,-10700,-10159,-9618,-9077,-8536,-7995,-7454,-6913,-6372,-5831,-5290,-4749,-4208,-3667,-3126,-2585,-2044,-1503,-962,-421
121,662,1203,1744,2285,2826,3367,3908,4449,4990,5531,6072,6613,7154,7695,8236,8777,9318,9859,10400,10941,11482,12023,12564,13105,13646,14187,14728,15269,15810,16351,16892,17433,17974,18515,19056,19597,20138,20679,21220,21761,22302,22843,23384,23925,24466,25007,25548,26089,26630,27171,27712,28253,28794,29335,29876,30417,30958,31499,32040,32581,33122,33663,34204,34745,35286,35827,36368,36909,37450,37991,38532,39073,39614,40155,40696,41237,41778,42319,42860,43401,43942,44483,45024,45565,46106,46647,47188,47729,48270,48811,49352,49893,50434,50975,51516,52057,52598,53139,53680,54221,54762,55303,55844,56385,56926,57467,58008,58549,59090,59631,60172,60713,61254,61795,62336,62877,63418,63959,64500,65041,65582,66123,66664,67205,67746,68287,68828,69369,69910,70451,70992,71533,72074,72615,73156,73697,74238,74779,75320,75861,76402,76943,77484,78025,78566,79107,79648,80189,80730,81271,81812,82353,82894,83435,83976,84517,85058,85599,86140,86681,87222,87763,88304,88845,89386,89927,90468,91009,91550,92091,92632,93173,93714,94255,94796,95337,95878,96419,96960,97501,98042,98583,99124,99665,100206,100747,101288,101829,102370,102911,103452,103993,104534,105075,105616,106157,106698,107239,107780,108321,108862,109403,109944,110485,111026,111567,112108,112649,113190,113731,114272,114813,115354,115895,116436,116977,117518,118059,118600,119141,119682,120223,120764,121305,121846,122387,122928,123469,124010,124551,125092,125633,126174,126715,127256,127797,128338,128879,129420,129961,130502,131043,131584,132125,132666,133207,133748,134289,134830,135371,135912,136453,136994,137535,138076,138617,139158,139699,140240,140781,141322,141863,142404,142945,143486,144027,144568,145109,145650,146191,-145949,-145408,-144867,-144326,-143785,-143244,-142703,-142162,-141621,-141080,-140539,-139998,-139457,-138916,-138375,-137834,-137293,-136752,-136211,-135670,-135129,-134588,-134047,-133506,-132965,-132424,-131883,-131342,-130801,-130260,-129719,-129178,-128637,-128096,-127555,-127014,-126473,-125932,-125391,-124850,-124309,-123768,-123227,-122686,-122145,-121604,-121063,-120522,-119981,-119440,-118899,-118358,-117817,-117276,-116735,-116194,-115653,-115112,-114571,-114030,-113489,-112948,-112407,-111866,-111325,-110784,-110243,-109702,-109161,-108620,-108079,-107538,-106997,-106456,-105915,-105374,-104833,-104292,-103751,-103210,-102669,-102128,-101587,-101046,-100505,-99964,-99423,-98882,-98341,-97800,-97259,-96718,-96177,-95636,-95095,-94554,-94013,-93472,-92931,-92390,-91849,-91308,-90767,-90226,-89685,-89144,-88603,-88062,-87521,-86980,-86439,-85898,-85357,-84816,-84275,-83734,-83193,-82652,-82111,-81570,-81029,-80488,-79947,-79406,-78865,-78324,-77783,-77242,-76701,-76160,-75619,-75078,-74537,-73996,-73455,-72914,-72373,-71832,-71291,-70750,-70209,-69668,-69127,-68586,-68045,-67504,-66963,-66422,-65881,-65461,-65340,-64799,-64258,-63717,-63176,-62635,-62094,-61553,-61012,-60471,-59930,-59389,-58848,-58307,-57766,-57225,-56684,-56143,-55602,-55061,-54520,-53979,-53438,-52897,-52356,-51815,-51274,-50733,-50192,-49651,-49110,-48569,-48028,-47487,-46946,-46405,-45864,-45323,-44782,-44241,-43700,-43159,-42618,-42077,-41536,-40995,-40454,-39913,-39372,-38831,-38290,-37749,-37208,-36667,-36126,-35585,-35044,-34503,-33962,-33421,-32880,-32339,-31798,-31257,-30716,-30175,-29634,-29093,-28552,-28011,-27470,-26929,-26388,-25847,-25306,-24765,-24224,-23683,-23142,-22601,-22060,-21519,-20978,-20437,-19896,-19355,-18814,-18273,-17732,-17191,-16650,-16109,-15568,-15027,-14486,-13945,-13404,-12863,-12322,-11781,-11240,-10699,-10158,-9617,-9076,-8535,-7994,-7453,-6912,-6371,-5830,-5289,-4748,-4207,-3666,-3125,-2584,-2043,-1502,-961,-420
122,663,1204,1745,2286,2827,3368,3909,4450,4991,5532,6073,6614,7155,7696,8237,8778,9319,9860,10401,10942,11483,12024,12565,13106,13647,14188,14729,15270,15811,16352,16893,17434,17975,18516,19057,19598,20139,20680,21221,21762,22303,22844,23385,23926,24467,25008,25549,26090,26631,27172,27713,28254,28795,29336,29877,30418,30959,31500,32041,32582,33123,33664,34205,34746,35287,35828,36369,36910,37451,37992,38533,39074,39615,40156,40697,41238,41779,42320,42861,43402,43943,44484,45025,45566,46107,46648,47189,47730,48271,48812,49353,49894,50435,50976,51517,52058,52599,53140,53681,54222,54763,55304,55845,56386,56927,57468,58009,58550,59091,59632,60173,60714,61255,61796,62337,62878,63419,63960,64501,65042,65583,66124,66665,67206,67747,68288,68829,69370,69911,70452,70993,71534,72075,72616,73157,73698,74239,74780,75321,75862,76403,76944,77485,78026,78567,79108,79649,80190,80731,81272,81813,82354,82895,83436,83977,84518,85059,85600,86141,86682,87223,87764,88305,88846,89387,89928,90469,91010,91551,92092,92633,93174,93715,94256,94797,95338,95879,96420,96961,97502,98043,98584,99125,99666,100207,100748,101289,101830,102371,102912,103453,103994,104535,105076,105617,106158,106699,107240,107781,108322,108863,109404,109945,110486,111027,111568,112109,112650,113191,113732,114273,114814,115355,115896,116437,116978,117519,118060,118601,119142,119683,120224,120765,121306,121847,122388,122929,123470,124011,124552,125093,125634,126175,126716,127257,127798,128339,128880,129421,129962,130503,131044,131585,132126,132667,133208,133749,134290,134831,135372,135913,136454,136995,137536,138077,138618,139159,139700,140241,140782,141323,141864,142405,142946,143487,144028,144569,145110,145651,146192,-145948,-145407,-144866,-144325,-143784,-143243,-142702,-142161,-141620,-141079,-140538,-139997,-139456,-138915,-138374,-137833,-137292,-136751,-136210,-135669,-135128,-134587,-134046,-133505,-132964,-132423,-131882,-131341,-130800,-130259,-129718,-129177,-128636,-128095,-127554,-127013,-126472,-125931,-125390,-124849,-124308,-123767,-123226,-122685,-122144,-121603,-121062,-120521,-119980,-119439,-118898,-118357,-117816,-117275,-116734,-116193,-115652,-115111,-114570,-114029,-113488,-112947,-112406,-111865,-111324,-110783,-110242,-109701,-109160,-108619,-108078,-107537,-106996,-106455,-105914,-105373,-104832,-104291,-103750,-103209,-102668,-102127,-101586,-101045,-100504,-99963,-99422,-98881,-98340,-97799,-97258,-96717,-96176,-95635,-95094,-94553,-94012,-93471,-92930,-92389,-91848,-91307,-90766,-90225,-89684,-89143,-88602,-88061,-87520,-86979,-86438,-85897,-85356,-84815,-84274,-83733,-83192,-82651,-82110,-81569,-81028,-80487,-79946,-79405,-78864,-78323,-77782,-77241,-76700,-76159,-75618,-75077,-74536,-73995,-73454,-72913,-72372,-71831,-71290,-70749,-70208,-69667,-69126,-68585,-68044,-67503,-66962,-66421,-66002,-65880,-65339,-64798,-64257,-63716,-63175,-62634,-62093,-61552,-61011,-60470,-59929,-59388,-58847,-58306,-57765,-57224,-56683,-56142,-55601,-55060,-54519,-53978,-53437,-52896,-52355,-51814,-51273,-50732,-50191,-49650,-49109,-48568,-48027,-47486,-46945,-46404,-45863,-45322,-44781,-44240,-43699,-43158,-42617,-42076,-41535,-40994,-40453,-39912,-39371,-38830,-38289,-37748,-37207,-36666,-36125,-35584,-35043,-34502,-33961,-33420,-32879,-32338,-31797,-31256,-30715,-30174,-29633,-29092,-28551,-28010,-27469,-26928,-26387,-25846,-25305,-24764,-24223,-23682,-23141,-22600,-22059,-21518,-20977,-20436,-19895,-19354,-18813,-18272,-17731,-17190,-16649,-16108,-15567,-15026,-14485,-13944,-13403,-12862,-12321,-11780,-11239,-10698,-10157,-9616,-9075,-8534,-7993,-7452,-6911,-6370,-5829,-5288,-4747,-4206,-3665,-3124,-2583,-2042,-1501,-960,-419
123,664,1205,1746,2287,2828,3369,3910,4451,4992,5533,6074,6615,7156,7697,8238,8779,9320,9861,10402,10943,11484,12025,12566,13107,13648,14189,14730,15271,15812,16353,16894,17435,17976,18517,19058,19599,20140,20681,21222,21763,22304,22845,23386,23927,24468,25009,25550,26091,26632,27173,27714,28255,28796,29337,29878,30419,30960,31501,32042,32583,33124,33665,34206,34747,35288,35829,36370,36911,37452,37993,38534,39075,39616,40157,40698,41239,41780,42321,42862,43403,43944,44485,45026,45567,46108,46649,47190,47731,48272,48813,49354,49895,50436,50977,51518,52059,52600,53141,53682,54223,54764,55305,55846,56387,56928,57469,58010,58551,59092,59633,60174,60715,61256,61797,62338,62879,63420,63961,64502,65043,65584,66125,66666,67207,67748,68289,68830,69371,69912,70453,70994,71535,72076,72617,73158,73699,74240,74781,75322,75863,76404,76945,77486,78027,78568,79109,79650,80191,80732,81273,81814,82355,82896,83437,83978,84519,85060,85601,86142,86683,87224,87765,88306,88847,89388,89929,90470,91011,91552,92093,92634,93175,93716,94257,94798,95339,95880,96421,96962,97503,98044,98585,99126,99667,100208,100749,101290,101831,102372,102913,103454,103995,104536,105077,105618,106159,106700,107241,107782,108323,108864,109405,109946,110487,111028,111569,112110,112651,113192,113733,114274,114815,115356,115897,116438,116979,117520,118061,118602,119143,119684,120225,120766,121307,121848,122389,122930,123471,124012,124553,125094,125635,126176,126717,127258,127799,128340,128881,129422,129963,130504,131045,131586,132127,132668,133209,133750,134291,134832,135373,135914,136455,136996,137537,138078,138619,139160,139701,140242,140783,141324,141865,142406,142947,143488,144029,144570,145111,145652,146193,-145947,-145406,-144865,-144324,-143783,-143242,-142701,-142160,-141619,-141078,-140537,-139996,-139455,-138914,-138373,-137832,-137291,-136750,-136209,-135668,-135127,-134586,-134045,-133504,-132963,-132422,-131881,-131340,-130799,-130258,-129717,-129176,-128635,-128094,-127553,-127012,-126471,-125930,-125389,-124848,-124307,-123766,-123225,-122684,-122143,-121602,-121061,-120520,-119979,-119438,-118897,-118356,-117815,-117274,-116733,-116192,-115651,-115110,-114569,-114028,-113487,-112946,-112405,-111864,-111323,-110782,-110241,-109700,-109159,-108618,-108077,-107536,-106995,-106454,-105913,-105372,-104831,-104290,-103749,-103208,-102667,-102126,-101585,-101044,-100503,-99962,-99421,-98880,-98339,-97798,-97257,-96716,-96175,-95634,-95093,-94552,-94011,-93470,-92929,-92388,-91847,-91306,-90765,-90224,-89683,-89142,-88601,-88060,-87519,-86978,-86437,-85896,-85355,-84814,-84273,-83732,-83191,-82650,-82109,-81568,-81027,-80486,-79945,-79404,-78863,-78322,-77781,-77240,-76699,-76158,-75617,-75076,-74535,-73994,-73453,-72912,-72371,-71830,-71289,-70748,-70207,-69666,-69125,-68584,-68043,-67502,-66961,-66543,-66420,-65879,-65338,-64797,-64256,-63715,-63174,-62633,-62092,-61551,-61010,-60469,-59928,-59387,-58846,-58305,-57764,-57223,-56682,-56141,-55600,-55059,-54518,-53977,-53436,-52895,-52354,-51813,-51272,-50731,-50190,-49649,-49108,-48567,-48026,-47485,-46944,-46403,-45862,-45321,-44780,-44239,-43698,-43157,-42616,-42075,-41534,-40993,-40452,-39911,-39370,-38829,-38288,-37747,-37206,-36665,-36124,-35583,-35042,-34501,-33960,-33419,-32878,-32337,-31796,-31255,-30714,-30173,-29632,-29091,-28550,-28009,-27468,-26927,-26386,-25845,-25304,-24763,-24222,-23681,-23140,-22599,-22058,-21517,-20976,-20435,-19894,-19353,-18812,-18271,-17730,-17189,-16648,-16107,-15566,-15025,-14484,-13943,-13402,-12861,-12320,-11779,-11238,-10697,-10156,-9615,-9074,-8533,-7992,-7451,-6910,-6369,-5828,-5287,-4746,-4205,-3664,-3123,-2582,-2041,-1500,-959,-418
124,665,1206,1747,2288,2829,3370,3911,4452,4993,5534,6075,6616,7157,7698,8239,8780,9321,9862,10403,10944,11485,12026,12567,13108,13649,14190,14731,15272,15813,16354,16895,17436,17977,18518,19059,19600,20141,20682,21223,21764,22305,22846,23387,23928,24469,25010,25551,26092,26633,27174,27715,28256,28797,29338,29879,30420,30961,31502,32043,32584,33125,33666,34207,34748,35289,35830,36371,36912,37453,37994,38535,39076,39617,40158,40699,41240,41781,42322,42863,43404,43945,44486,45027,45568,46109,46650,47191,47732,48273,48814,49355,49896,50437,50978,51519,52060,52601,53142,53683,54224,54765,55306,55847,56388,56929,57470,58011,58552,59093,59634,60175,60716,61257,61798,62339,62880,63421,63962,64503,65044,65585,66126,66667,67208,67749,68290,68831,69372,69913,70454,70995,71536,72077,72618,73159,73700,74241,74782,75323,75864,76405,76946,77487,78028,78569,79110,79651,80192,80733,81274,81815,82356,82897,83438,83979,84520,85061,85602,86143,86684,87225,87766,88307,88848,89389,89930,90471,91012,91553,92094,92635,93176,93717,94258,94799,95340,95881,96422,96963,97504,98045,98586,99127,99668,100209,100750,101291,101832,102373,102914,103455,103996,104537,105078,105619,106160,106701,107242,107783,108324,108865,109406,109947,110488,111029,111570,112111,112652,113193,113734,114275,114816,115357,115898,116439,116980,117521,118062,118603,119144,119685,120226,120767,121308,121849,122390,122931,123472,124013,124554,125095,125636,126177,126718,127259,127800,128341,128882,129423,129964,130505,131046,131587,132128,132669,133210,133751,134292,134833,135374,135915,136456,136997,137538,138079,138620,139161,139702,140243,140784,141325,141866,142407,142948,143489,144030,144571,145112,145653,146194,-145946,-145405,-144864,-144323,-143782,-143241,-142700,-142159,-141618,-141077,-140536,-139995,-139454,-138913,-138372,-137831,-137290,-136749,-136208,-135667,-135126,-134585,-134044,-133503,-132962,-132421,-131880,-131339,-130798,-130257,-129716,-129175,-128634,-128093,-127552,-127011,-126470,-125929,-125388,-124847,-124306,-123765,-123224,-122683,-122142,-121601,-121060,-120519,-119978,-119437,-118896,-118355,-117814,-117273,-116732,-116191,-115650,-115109,-114568,-114027,-113486,-112945,-112404,-111863,-111322,-110781,-110240,-109699,-109158,-108617,-108076,-107535,-106994,-106453,-105912,-105371,-104830,-104289,-103748,-103207,-102666,-102125,-101584,-101043,-100502,-99961,-99420,-98879,-98338,-97797,-97256,-96715,-96174,-95633,-95092,-94551,-94010,-93469,-92928,-92387,-91846,-91305,-90764,-90223,-89682,-89141,-88600,-88059,-87518,-86977,-86436,-85895,-85354,-84813,-84272,-83731,-83190,-82649,-82108,-81567,-81026,-80485,-79944,-79403,-78862,-78321,-77780,-77239,-76698,-76157,-75616,-75075,-74534,-73993,-73452,-72911,-72370,-71829,-71288,-70747,-70206,-69665,-69124,-68583,-68042,-67501,-67084,-66960,-66419,-65878,-65337,-64796,-64255,-63714,-63173,-62632,-62091,-61550,-61009,-60468,-59927,-59386,-58845,-58304,-57763,-57222,-56681,-56140,-55599,-55058,-54517,-53976,-53435,-52894,-52353,-51812,-51271,-50730,-50189,-49648,-49107,-48566,-48025,-47484,-46943,-46402,-45861,-45320,-44779,-44238,-43697,-43156,-42615,-42074,-41533,-40992,-40451,-39910,-39369,-38828,-38287,-37746,-37205,-36664,-36123,-35582,-35041,-34500,-33959,-33418,-32877,-32336,-31795,-31254,-30713,-30172,-29631,-29090,-28549,-28008,-27467,-26926,-26385,-25844,-25303,-24762,-24221,-23680,-23139,-22598,-22057,-21516,-20975,-20434,-19893,-19352,-18811,-18270,-17729,-17188,-16647,-16106,-15565,-15024,-14483,-13942,-13401,-12860,-12319,-11778,-11237,-10696,-10155,-9614,-9073,-8532,-7991,-7450,-6909,-6368,-5827,-5286,-4745,-4204,-3663,-3122,-2581,-2040,-1499,-958,-417
125,666,1207,1748,2289,2830,3371,3912,4453,4994,5535,6076,6617,7158,7699,8240,8781,9322,9863,10404,10945,11486,12027,12568,13109,13650,14191,14732,15273,15814,16355,16896,17437,17978,18519,19060,19601,20142,20683,21224,21765,22306,22847,23388,23929,24470,25011,25552,26093,26634,27175,27716,28257,28798,29339,29880,30421,30962,31503,32044,32585,33126,33667,34208,34749,35290,35831,36372,36913,37454,37995,38536,39077,39618,40159,40700,41241,41782,42323,42864,43405,43946,44487,45028,45569,46110,46651,47192,47733,48274,48815,49356,49897,50438,50979,51520,52061,52602,53143,53684,54225,54766,55307,55848,56389,56930,57471,58012,58553,59094,59635,60176,60717,61258,61799,62340,62881,63422,63963,64504,65045,65586,66127,66668,67209,67750,68291,68832,69373,69914,70455,70996,71537,72078,72619,73160,73701,74242,74783,75324,75865,76406,76947,77488,78029,78570,79111,79652,80193,80734,81275,81816,82357,82898,83439,83980,84521,85062,85603,86144,86685,87226,87767,88308,88849,89390,89931,90472,91013,91554,92095,92636,93177,93718,94259,94800,95341,95882,96423,96964,97505,98046,98587,99128,99669,100210,100751,101292,101833,102374,102915,103456,103997,104538,105079,105620,106161,106702,107243,107784,108325,108866,109407,109948,110489,111030,111571,112112,112653,113194,113735,114276,114817,115358,115899,116440,116981,117522,118063,118604,119145,119686,120227,120768,121309,121850,122391,122932,123473,124014,124555,125096,125637,126178,126719,127260,127801,128342,128883,129424,129965,130506,131047,131588,132129,132670,133211,133752,134293,134834,135375,135916,136457,136998,137539,138080,138621,139162,139703,140244,140785,141326,141867,142408,142949,143490,144031,144572,145113,145654,146195,-145945,-145404,-144863,-144322,-143781,-143240,-142699,-142158,-141617,-141076,-140535,-139994,-139453,-138912,-138371,-137830,-137289,-136748,-136207,-135666,-135125,-134584,-134043,-133502,-132961,-132420,-131879,-131338,-130797,-130256,-129715,-129174,-128633,-128092,-127551,-127010,-126469,-125928,-125387,-124846,-124305,-123764,-123223,-122682,-122141,-121600,-121059,-120518,-119977,-119436,-118895,-118354,-117813,-117272,-116731,-116190,-115649,-115108,-114567,-114026,-113485,-112944,-112403,-111862,-111321,-110780,-110239,-109698,-109157,-108616,-108075,-107534,-106993,-106452,-105911,-105370,-104829,-104288,-103747,-103206,-102665,-102124,-101583,-101042,-100501,-99960,-99419,-98878,-98337,-97796,-97255,-96714,-96173,-95632,-95091,-94550,-94009,-93468,-92927,-92386,-91845,-91304,-90763,-90222,-89681,-89140,-88599,-88058,-87517,-86976,-86435,-85894,-85353,-84812,-84271,-83730,-83189,-82648,-82107,-81566,-81025,-80484,-79943,-79402,-78861,-78320,-77779,-77238,-76697,-76156,-75615,-75074,-74533,-73992,-73451,-72910,-72369,-71828,-71287,-70746,-70205,-69664,-69123,-68582,-68041,-67625,-67500,-66959,-66418,-65877,-65336,-64795,-64254,-63713,-63172,-62631,-62090,-61549,-61008,-60467,-59926,-59385,-58844,-58303,-57762,-57221,-56680,-56139,-55598,-55057,-54516,-53975,-53434,-52893,-52352,-51811,-51270,-50729,-50188,-49647,-49106,-48565,-48024,-47483,-46942,-46401,-45860,-45319,-44778,-44237,-43696,-43155,-42614,-42073,-41532,-40991,-40450,-39909,-39368,-38827,-38286,-37745,-37204,-36663,-36122,-35581,-35040,-34499,-33958,-33417,-32876,-32335,-31794,-31253,-30712,-30171,-29630,-29089,-28548,-28007,-27466,-26925,-26384,-25843,-25302,-24761,-24220,-23679,-23138,-22597,-22056,-21515,-20974,-20433,-19892,-19351,-18810,-18269,-17728,-17187,-16646,-16105,-15564,-15023,-14482,-13941,-13400,-12859,-12318,-11777,-11236,-10695,-10154,-9613,-9072,-8531,-7990,-7449,-6908,-6367,-5826,-5285,-4744,-4203,-3662,-3121,-2580,-2039,-1498,-957,-416
126,667,1208,1749,2290,2831,3372,3913,4454,4995,5536,6077,6618,7159,7700,8241,8782,9323,9864,10405,10946,11487,12028,12569,13110,13651,14192,14733,15274,15815,16356,16897,17438,17979,18520,19061,19602,20143,20684,21225,21766,22307,22848,23389,23930,24471,25012,25553,26094,26635,27176,27717,28258,28799,29340,29881,30422,30963,31504,32045,32586,33127,33668,34209,34750,35291,35832,36373,36914,37455,37996,38537,39078,39619,40160,40701,41242,41783,42324,42865,43406,43947,44488,45029,45570,46111,46652,47193,47734,48275,48816,49357,49898,50439,50980,51521,52062,52603,53144,53685,54226,54767,55308,55849,56390,56931,57472,58013,58554,59095,59636,60177,60718,61259,61800,62341,62882,63423,63964,64505,65046,65587,66128,66669,67210,67751,68292,68833,69374,69915,70456,70997,71538,72079,72620,73161,73702,74243,74784,75325,75866,76407,76948,77489,78030,78571,79112,79653,80194,80735,81276,81817,82358,82899,83440,83981,84522,85063,85604,86145,86686,87227,87768,88309,88850,89391,89932,90473,91014,91555,92096,92637,93178,93719,94260,94801,95342,95883,96424,96965,97506,98047,98588,99129,99670,100211,100752,101293,101834,102375,102916,103457,103998,104539,105080,105621,106162,106703,107244,107785,108326,108867,109408,109949,110490,111031,111572,112113,112654,113195,113736,114277,114818,115359,115900,116441,116982,117523,118064,118605,119146,119687,120228,120769,121310,121851,122392,122933,123474,124015,124556,125097,125638,126179,126720,127261,127802,128343,128884,129425,129966,130507,131048,131589,132130,132671,133212,133753,134294,134835,135376,135917,136458,136999,137540,138081,138622,139163,139704,140245,140786,141327,141868,142409,142950,143491,144032,144573,145114,145655,146196,-145944,-145403,-144862,-144321,-143780,-143239,-142698,-142157,-141616,-141075,-140534,-139993,-139452,-138911,-138370,-137829,-137288,-136747,-136206,-135665,-135124,-134583,-134042,-133501,-132960,-132419,-131878,-131337,-130796,-130255,-129714,-129173,-128632,-128091,-127550,-127009,-126468,-125927,-125386,-124845,-124304,-123763,-123222,-122681,-122140,-121599,-121058,-120517,-119976,-119435,-118894,-118353,-117812,-117271,-116730,-116189,-115648,-115107,-114566,-114025,-113484,-112943,-112402,-111861,-111320,-110779,-110238,-109697,-109156,-108615,-108074,-107533,-106992,-106451,-105910,-105369,-104828,-104287,-103746,-103205,-102664,-102123,-101582,-101041,-100500,-99959,-99418,-98877,-98336,-97795,-97254,-96713,-96172,-95631,-95090,-94549,-94008,-93467,-92926,-92385,-91844,-91303,-90762,-90221,-89680,-89139,-88598,-88057,-87516,-86975,-86434,-85893,-85352,-84811,-84270,-83729,-83188,-82647,-82106,-81565,-81024,-80483,-79942,-79401,-78860,-78319,-77778,-77237,-76696,-76155,-75614,-75073,-74532,-73991,-73450,-72909,-72368,-71827,-71286,-70745,-70204,-69663,-69122,-68581,-68166,-68040,-67499,-66958,-66417,-65876,-65335,-64794,-64253,-63712,-63171,-62630,-62089,-61548,-61007,-60466,-59925,-59384,-58843,-58302,-57761,-57220,-56679,-56138,-55597,-55056,-54515,-53974,-53433,-52892,-52351,-51810,-51269,-50728,-50187,-49646,-49105,-48564,-48023,-47482,-46941,-46400,-45859,-45318,-44777,-44236,-43695,-43154,-42613,-42072,-41531,-40990,-40449,-39908,-39367,-38826,-38285,-37744,-37203,-36662,-36121,-35580,-35039,-34498,-33957,-33416,-32875,-32334,-31793,-31252,-30711,-30170,-29629,-29088,-28547,-28006,-27465,-26924,-26383,-25842,-25301,-24760,-24219,-23678,-23137,-22596,-22055,-21514,-20973,-20432,-19891,-19350,-18809,-18268,-17727,-17186,-16645,-16104,-15563,-15022,-14481,-13940,-13399,-12858,-12317,-11776,-11235,-10694,-10153,-9612,-9071,-8530,-7989,-7448,-6907,-6366,-5825,-5284,-4743,-4202,-3661,-3120,-2579,-2038,-1497,-956,-415
127,668,1209,1750,2291,2832,3373,3914,4455,4996,5537,6078,6619,7160,7701,8242,8783,9324,9865,10406,10947,11488,12029,12570,13111,13652,14193,14734,15275,15816,16357,16898,17439,17980,18521,19062,19603,20144,20685,21226,21767,22308,22849,23390,23931,24472,25013,25554,26095,26636,27177,27718,28259,28800,29341,29882,30423,30964,31505,32046,32587,33128,33669,34210,34751,35292,35833,36374,36915,37456,37997,38538,39079,39620,40161,40702,41243,41784,42325,42866,43407,43948,44489,45030,45571,46112,46653,47194,47735,48276,48817,49358,49899,50440,50981,51522,52063,52604,53145,53686,54227,54768,55309,55850,56391,56932,57473,58014,58555,59096,59637,60178,60719,61260,61801,62342,62883,63424,63965,64506,65047,65588,66129,66670,67211,67752,68293,68834,69375,69916,70457,70998,71539,72080,72621,73162,73703,74244,74785,75326,75867,76408,76949,77490,78031,78572,79113,79654,80195,80736,81277,81818,82359,82900,83441,83982,84523,85064,85605,86146,86687,87228,87769,88310,88851,89392,89933,90474,91015,91556,92097,92638,93179,93720,94261,94802,95343,95884,96425,96966,97507,98048,98589,99130,99671,100212,100753,101294,101835,102376,102917,103458,103999,104540,105081,105622,106163,106704,107245,107786,108327,108868,109409,109950,110491,111032,111573,112114,112655,113196,113737,114278,114819,115360,115901,116442,116983,117524,118065,118606,119147,119688,120229,120770,121311,121852,122393,122934,123475,124016,124557,125098,125639,126180,126721,127262,127803,128344,128885,129426,129967,130508,131049,131590,132131,132672,133213,133754,134295,134836,135377,135918,136459,137000,137541,138082,138623,139164,139705,140246,140787,141328,141869,142410,142951,143492,144033,144574,145115,145656,146197,-145943,-145402,-144861,-144320,-143779,-143238,-142697,-142156,-141615,-141074,-140533,-139992,-139451,-138910,-138369,-137828,-137287,-136746,-136205,-135664,-135123,-134582,-134041,-133500,-132959,-132418,-131877,-131336,-130795,-130254,-129713,-129172,-128631,-128090,-127549,-127008,-126467,-125926,-125385,-124844,-124303,-123762,-123221,-122680,-122139,-121598,-121057,-120516,-119975,-119434,-118893,-118352,-117811,-117270,-116729,-116188,-115647,-115106,-114565,-114024,-113483,-112942,-112401,-111860,-111319,-110778,-110237,-109696,-109155,-108614,-108073,-107532,-106991,-106450,-105909,-105368,-104827,-104286,-103745,-103204,-102663,-102122,-101581,-101040,-100499,-99958,-99417,-98876,-98335,-97794,-97253,-96712,-96171,-95630,-95089,-94548,-94007,-93466,-92925,-92384,-91843,-91302,-90761,-90220,-89679,-89138,-88597,-88056,-87515,-86974,-86433,-85892,-85351,-84810,-84269,-83728,-83187,-82646,-82105,-81564,-81023,-80482,-79941,-79400,-78859,-78318,-77777,-77236,-76695,-76154,-75613,-75072,-74531,-73990,-73449,-72908,-72367,-71826,-71285,-70744,-70203,-69662,-69121,-68707,-68580,-68039,-67498,-66957,-66416,-65875,-65334,-64793,-64252,-63711,-63170,-62629,-62088,-61547,-61006,-60465,-59924,-59383,-58842,-58301,-57760,-57219,-56678,-56137,-55596,-55055,-54514,-53973,-53432,-52891,-52350,-51809,-51268,-50727,-50186,-49645,-49104,-48563,-48022,-47481,-46940,-46399,-45858,-45317,-44776,-44235,-43694,-43153,-42612,-42071,-41530,-40989,-40448,-39907,-39366,-38825,-38284,-37743,-37202,-36661,-36120,-35579,-35038,-34497,-33956,-33415,-32874,-32333,-31792,-31251,-30710,-30169,-29628,-29087,-28546,-28005,-27464,-26923,-26382,-25841,-25300,-24759,-24218,-23677,-23136,-22595,-22054,-21513,-20972,-20431,-19890,-19349,-18808,-18267,-17726,-17185,-16644,-16103,-15562,-15021,-14480,-13939,-13398,-12857,-12316,-11775,-11234,-10693,-10152,-9611,-9070,-8529,-7988,-7447,-6906,-6365,-5824,-5283,-4742,-4201,-3660,-3119,-2578,-2037,-1496,-955,-414
128,669,1210,1751,2292,2833,3374,3915,4456,4997,5538,6079,6620,7161,7702,8243,8784,9325,9866,10407,10948,11489,12030,12571,13112,13653,14194,14735,15276,15817,16358,16899,17440,17981,18522,19063,19604,20145,20686,21227,21768,22309,22850,23391,23932,24473,25014,25555,26096,26637,27178,27719,28260,28801,29342,29883,30424,30965,31506,32047,32588,33129,33670,34211,34752,35293,35834,36375,36916,37457,37998,38539,39080,39621,40162,40703,41244,41785,42326,42867,43408,43949,44490,45031,45572,46113,46654,47195,47736,48277,48818,49359,49900,50441,50982,51523,52064,52605,53146,53687,54228,54769,55310,55851,56392,56933,57474,58015,58556,59097,59638,60179,60720,61261,61802,62343,62884,63425,63966,64507,65048,65589,66130,66671,67212,67753,68294,68835,69376,69917,70458,70999,71540,72081,72622,73163,73704,74245,74786,75327,75868,76409,76950,77491,78032,78573,79114,79655,80196,80737,81278,81819,82360,82901,83442,83983,84524,85065,85606,86147,86688,87229,87770,88311,88852,89393,89934,90475,91016,91557,92098,92639,93180,93721,94262,94803,95344,95885,96426,96967,97508,98049,98590,99131,99672,100213,100754,101295,101836,102377,102918,103459,104000,104541,105082,105623,106164,106705,107246,107787,108328,108869,109410,109951,110492,111033,111574,112115,112656,113197,113738,114279,114820,115361,115902,116443,116984,117525,118066,118607,119148,119689,120230,120771,121312,121853,122394,122935,123476,124017,124558,125099,125640,126181,126722,127263,127804,128345,128886,129427,129968,130509,131050,131591,132132,132673,133214,133755,134296,134837,135378,135919,136460,137001,137542,138083,138624,139165,139706,140247,140788,141329,141870,142411,142952,143493,144034,144575,145116,145657,146198,-145942,-145401,-144860,-144319,-143778,-143237,-142696,-142155,-141614,-141073,-140532,-139991,-139450,-138909,-138368,-137827,-137286,-136745,-136204,-135663,-135122,-134581,-134040,-133499,-132958,-132417,-131876,-131335,-130794,-130253,-129712,-129171,-128630,-128089,-127548,-127007,-126466,-125925,-125384,-124843,-124302,-123761,-123220,-122679,-122138,-121597,-121056,-120515,-119974,-119433,-118892,-118351,-117810,-117269,-116728,-116187,-115646,-115105,-114564,-114023,-113482,-112941,-112400,-111859,-111318,-110777,-110236,-109695,-109154,-108613,-108072,-107531,-106990,-106449,-105908,-105367,-104826,-104285,-103744,-103203,-102662,-102121,-101580,-101039,-100498,-99957,-99416,-98875,-98334,-97793,-97252,-96711,-96170,-95629,-95088,-94547,-94006,-93465,-92924,-92383,-91842,-91301,-90760,-90219,-89678,-89137,-88596,-88055,-87514,-86973,-86432,-85891,-85350,-84809,-84268,-83727,-83186,-82645,-82104,-81563,-81022,-80481,-79940,-79399,-78858,-78317,-77776,-77235,-76694,-76153,-75612,-75071,-74530,-73989,-73448,-72907,-72366,-71825,-71284,-70743,-70202,-69661,-69248,-69120,-68579,-68038,-67497,-66956,-66415,-65874,-65333,-64792,-64251,-63710,-63169,-62628,-62087,-61546,-61005,-60464,-59923,-59382,-58841,-58300,-57759,-57218,-56677,-56136,-55595,-55054,-54513,-53972,-53431,-52890,-52349,-51808,-51267,-50726,-50185,-49644,-49103,-48562,-48021,-47480,-46939,-46398,-45857,-45316,-44775,-44234,-43693,-43152,-42611,-42070,-41529,-40988,-40447,-39906,-39365,-38824,-38283,-37742,-37201,-36660,-36119,-35578,-35037,-34496,-33955,-33414,-32873,-32332,-31791,-31250,-30709,-30168,-29627,-29086,-28545,-28004,-27463,-26922,-26381,-25840,-25299,-24758,-24217,-23676,-23135,-22594,-22053,-21512,-20971,-20430,-19889,-19348,-18807,-18266,-17725,-17184,-16643,-16102,-15561,-15020,-14479,-13938,-13397,-12856,-12315,-11774,-11233,-10692,-10151,-9610,-9069,-8528,-7987,-7446,-6905,-6364,-5823,-5282,-4741,-4200,-3659,-3118,-2577,-2036,-1495,-954,-413
129,670,1211,1752,2293,2834,3375,3916,4457,4998,5539,6080,6621,7162,7703,8244,8785,9326,9867,10408,10949,11490,12031,12572,13113,13654,14195,14736,15277,15818,16359,16900,17441,17982,18523,19064,19605,20146,20687,21228,21769,22310,22851,23392,23933,24474,25015,25556,26097,26638,27179,27720,28261,28802,29343,29884,30425,30966,31507,32048,32589,33130,33671,34212,34753,35294,35835,36376,36917,37458,37999,38540,39081,39622,40163,40704,41245,41786,42327,42868,43409,43950,44491,45032,45573,46114,46655,47196,47737,48278,48819,49360,49901,50442,50983,51524,52065,52606,53147,53688,54229,54770,55311,55852,56393,56934,57475,58016,58557,59098,59639,60180,60721,61262,61803,62344,62885,63426,63967,64508,65049,65590,66131,66672,67213,67754,68295,68836,69377,69918,70459,71000,71541,72082,72623,73164,73705,74246,74787,75328,75869,76410,76951,77492,78033,78574,79115,79656,80197,80738,81279,81820,82361,82902,83443,83984,84525,85066,85607,86148,86689,87230,87771,88312,88853,89394,89935,90476,91017,91558,92099,92640,93181,93722,94263,94804,95345,95886,96427,96968,97509,98050,98591,99132,99673,100214,100755,101296,101837,102378,102919,103460,104001,104542,105083,105624,106165,106706,107247,107788,108329,108870,109411,109952,110493,111034,111575,112116,112657,113198,113739,114280,114821,115362,115903,116444,116985,117526,118067,118608,119149,119690,120231,120772,121313,121854,122395,122936,123477,124018,124559,125100,125641,126182,126723,127264,127805,128346,128887,129428,129969,130510,131051,131592,132133,132674,133215,133756,134297,134838,135379,135920,136461,137002,137543,138084,138625,139166,139707,140248,140789,141330,141871,142412,142953,143494,144035,144576,145117,145658,146199,-145941,-145400,-144859,-144318,-143777,-143236,-142695,-142154,-141613,-141072,-140531,-139990,-139449,-138908,-138367,-137826,-137285,-136744,-136203,-135662,-135121,-134580,-134039,-133498,-132957,-132416,-131875,-131334,-130793,-130252,-129711,-129170,-128629,-128088,-127547,-127006,-126465,-125924,-125383,-124842,-124301,-123760,-123219,-122678,-122137,-121596,-121055,-120514,-119973,-119432,-118891,-118350,-117809,-117268,-116727,-116186,-115645,-115104,-114563,-114022,-113481,-112940,-112399,-111858,-111317,-110776,-110235,-109694,-109153,-108612,-108071,-107530,-106989,-106448,-105907,-105366,-104825,-104284,-103743,-103202,-102661,-102120,-101579,-101038,-100497,-99956,-99415,-98874,-98333,-97792,-97251,-96710,-96169,-95628,-95087,-94546,-94005,-93464,-92923,-92382,-91841,-91300,-90759,-90218,-89677,-89136,-88595,-88054,-87513,-86972,-86431,-85890,-85349,-84808,-84267,-83726,-83185,-82644,-82103,-81562,-81021,-80480,-79939,-79398,-78857,-78316,-77775,-77234,-76693,-76152,-75611,-75070,-74529,-73988,-73447,-72906,-72365,-71824,-71283,-70742,-70201,-69789,-69660,-69119,-68578,-68037,-67496,-66955,-66414,-65873,-65332,-64791,-64250,-63709,-63168,-62627,-62086,-61545,-61004,-60463,-59922,-59381,-58840,-58299,-57758,-57217,-56676,-56135,-55594,-55053,-54512,-53971,-53430,-52889,-52348,-51807,-51266,-50725,-50184,-49643,-49102,-48561,-48020,-47479,-46938,-46397,-45856,-45315,-44774,-44233,-43692,-43151,-42610,-42069,-41528,-40987,-40446,-39905,-39364,-38823,-38282,-37741,-37200,-36659,-36118,-35577,-35036,-34495,-33954,-33413,-32872,-32331,-31790,-31249,-30708,-30167,-29626,-29085,-28544,-28003,-27462,-26921,-26380,-25839,-25298,-24757,-24216,-23675,-23134,-22593,-22052,-21511,-20970,-20429,-19888,-19347,-18806,-18265,-17724,-17183,-16642,-16101,-15560,-15019,-14478,-13937,-13396,-12855,-12314,-11773,-11232,-10691,-10150,-9609,-9068,-8527,-7986,-7445,-6904,-6363,-5822,-5281,-4740,-4199,-3658,-3117,-2576,-2035,-1494,-953,-412
130,671,1212,1753,2294,2835,3376,3917,4458,4999,5540,6081,6622,7163,7704,8245,8786,9327,9868,10409,10950,11491,12032,12573,13114,13655,14196,14737,15278,15819,16360,16901,17442,17983,18524,19065,19606,20147,20688,21229,21770,22311,22852,23393,23934,24475,25016,25557,26098,26639,27180,27721,28262,28803,29344,29885,30426,30967,31508,32049,32590,33131,33672,34213,34754,35295,35836,36377,36918,37459,38000,38541,39082,39623,40164,40705,41246,41787,42328,42869,43410,43951,44492,45033,45574,46115,46656,47197,47738,48279,48820,49361,49902,50443,50984,51525,52066,52607,53148,53689,54230,54771,55312,55853,56394,56935,57476,58017,58558,59099,59640,60181,60722,61263,61804,62345,62886,63427,63968,64509,65050,65591,66132,66673,67214,67755,68296,68837,69378,69919,70460,71001,71542,72083,72624,73165,73706,74247,74788,75329,75870,76411,76952,77493,78034,78575,79116,79657,80198,80739,81280,81821,82362,82903,83444,83985,84526,85067,85608,86149,86690,87231,87772,88313,88854,89395,89936,90477,91018,91559,92100,92641,93182,93723,94264,94805,95346,95887,96428,96969,97510,98051,98592,99133,99674,100215,100756,101297,101838,102379,102920,103461,104002,104543,105084,105625,106166,106707,107248,107789,108330,108871,109412,109953,110494,111035,111576,112117,112658,113199,113740,114281,114822,115363,115904,116445,116986,117527,118068,118609,119150,119691,120232,120773,121314,121855,122396,122937,123478,124019,124560,125101,125642,126183,126724,127265,127806,128347,128888,129429,129970,130511,131052,131593,132134,132675,133216,133757,134298,134839,135380,135921,136462,137003,137544,138085,138626,139167,139708,140249,140790,141331,141872,142413,142954,143495,144036,144577,145118,145659,146200,-145940,-145399,-144858,-144317,-143776,-143235,-142694,-142153,-141612,-141071,-140530,-139989,-139448,-138907,-138366,-137825,-137284,-136743,-136202,-135661,-135120,-134579,-134038,-133497,-132956,-132415,-131874,-131333,-130792,-130251,-129710,-129169,-128628,-128087,-127546,-127005,-126464,-125923,-125382,-124841,-124300,-123759,-123218,-122677,-122136,-121595,-121054,-120513,-119972,-119431,-118890,-118349,-117808,-117267,-116726,-116185,-115644,-115103,-114562,-114021,-113480,-112939,-112398,-111857,-111316,-110775,-110234,-109693,-109152,-108611,-108070,-107529,-106988,-106447,-105906,-105365,-104824,-104283,-103742,-103201,-102660,-102119,-101578,-101037,-100496,-99955,-99414,-98873,-98332,-97791,-97250,-96709,-96168,-95627,-95086,-94545,-94004,-93463,-92922,-92381,-91840,-91299,-90758,-90217,-89676,-89135,-88594,-88053,-87512,-86971,-86430,-85889,-85348,-84807,-84266,-83725,-83184,-82643,-82102,-81561,-81020,-80479,-79938,-79397,-78856,-78315,-77774,-77233,-76692,-76151,-75610,-75069,-74528,-73987,-73446,-72905,-72364,-71823,-71282,-70741,-70330,-70200,-69659,-69118,-68577,-68036,-67495,-66954,-66413,-65872,-65331,-64790,-64249,-63708,-63167,-62626,-62085,-61544,-61003,-60462,-59921,-59380,-58839,-58298,-57757,-57216,-56675,-56134,-55593,-55052,-54511,-53970,-53429,-52888,-52347,-51806,-51265,-50724,-50183,-49642,-49101,-48560,-48019,-47478,-46937,-46396,-45855,-45314,-44773,-44232,-43691,-43150,-42609,-42068,-41527,-40986,-40445,-39904,-39363,-38822,-38281,-37740,-37199,-36658,-36117,-35576,-35035,-34494,-33953,-33412,-32871,-32330,-31789,-31248,-30707,-30166,-29625,-29084,-28543,-28002,-27461,-26920,-26379,-25838,-25297,-24756,-24215,-23674,-23133,-22592,-22051,-21510,-20969,-20428,-19887,-19346,-18805,-18264,-17723,-17182,-16641,-16100,-15559,-15018,-14477,-13936,-13395,-12854,-12313,-11772,-11231,-10690,-10149,-9608,-9067,-8526,-7985,-7444,-6903,-6362,-5821,-5280,-4739,-4198,-3657,-3116,-2575,-2034,-1493,-952,-411
131,672,1213,1754,2295,2836,3377,3918,4459,5000,5541,6082,6623,7164,7705,8246,8787,9328,9869,10410,10951,11492,12033,12574,13115,13656,14197,14738,15279,15820,16361,16902,17443,17984,18525,19066,19607,20148,20689,21230,21771,22312,22853,23394,23935,24476,25017,25558,26099,26640,27181,27722,28263,28804,29345,29886,30427,30968,31509,32050,32591,33132,33673,34214,34755,35296,35837,36378,36919,37460,38001,38542,39083,39624,40165,40706,41247,41788,42329,42870,43411,43952,44493,45034,45575,46116,46657,47198,47739,48280,48821,49362,49903,50444,50985,51526,52067,52608,53149,53690,54231,54772,55313,55854,56395,56936,57477,58018,58559,59100,59641,60182,60723,61264,61805,62346,62887,63428,63969,64510,65051,65592,66133,66674,67215,67756,68297,68838,69379,69920,70461,71002,71543,72084,72625,73166,73707,74248,74789,75330,75871,76412,76953,77494,78035,78576,79117,79658,80199,80740,81281,81822,82363,82904,83445,83986,84527,85068,85609,86150,86691,87232,87773,88314,88855,89396,89937,90478,91019,91560,92101,92642,93183,93724,94265,94806,95347,95888,96429,96970,97511,98052,98593,99134,99675,100216,100757,101298,101839,102380,102921,103462,104003,104544,105085,105626,106167,106708,107249,107790,108331,108872,109413,109954,110495,111036,111577,112118,112659,113200,113741,114282,114823,115364,115905,116446,116987,117528,118069,118610,119151,119692,120233,120774,121315,121856,122397,122938,123479,124020,124561,125102,125643,126184,126725,127266,127807,128348,128889,129430,129971,130512,131053,131594,132135,132676,133217,133758,134299,134840,135381,135922,136463,137004,137545,138086,138627,139168,139709,140250,140791,141332,141873,142414,142955,143496,144037,144578,145119,145660,146201,-145939,-145398,-144857,-144316,-143775,-143234,-142693,-142152,-141611,-141070,-140529,-139988,-139447,-138906,-138365,-137824,-137283,-136742,-136201,-135660,-135119,-134578,-134037,-133496,-132955,-132414,-131873,-131332,-130791,-130250,-129709,-129168,-128627,-128086,-127545,-127004,-126463,-125922,-125381,-124840,-124299,-123758,-123217,-122676,-122135,-121594,-121053,-120512,-119971,-119430,-118889,-118348,-117807,-117266,-116725,-116184,-115643,-115102,-114561,-114020,-113479,-112938,-112397,-111856,-111315,-110774,-110233,-109692,-109151,-108610,-108069,-107528,-106987,-106446,-105905,-105364,-104823,-104282,-103741,-103200,-102659,-102118,-101577,-101036,-100495,-99954,-99413,-98872,-98331,-97790,-97249,-96708,-96167,-95626,-95085,-94544,-94003,-93462,-92921,-92380,-91839,-91298,-90757,-90216,-89675,-89134,-88593,-88052,-87511,-86970,-86429,-85888,-85347,-84806,-84265,-83724,-83183,-82642,-82101,-81560,-81019,-80478,-79937,-79396,-78855,-78314,-77773,-77232,-76691,-76150,-75609,-75068,-74527,-73986,-73445,-72904,-72363,-71822,-71281,-70871,-70740,-70199,-69658,-69117,-68576,-68035,-67494,-66953,-66412,-65871,-65330,-64789,-64248,-63707,-63166,-62625,-62084,-61543,-61002,-60461,-59920,-59379,-58838,-58297,-57756,-57215,-56674,-56133,-55592,-55051,-54510,-53969,-53428,-52887,-52346,-51805,-51264,-50723,-50182,-49641,-49100,-48559,-48018,-47477,-46936,-46395,-45854,-45313,-44772,-44231,-43690,-43149,-42608,-42067,-41526,-40985,-40444,-39903,-39362,-38821,-38280,-37739,-37198,-36657,-36116,-35575,-35034,-34493,-33952,-33411,-32870,-32329,-31788,-31247,-30706,-30165,-29624,-29083,-28542,-28001,-27460,-26919,-26378,-25837,-25296,-24755,-24214,-23673,-23132,-22591,-22050,-21509,-20968,-20427,-19886,-19345,-18804,-18263,-17722,-17181,-16640,-16099,-15558,-15017,-14476,-13935,-13394,-12853,-12312,-11771,-11230,-10689,-10148,-9607,-9066,-8525,-7984,-7443,-6902,-6361,-5820,-5279,-4738,-4197,-3656,-3115,-2574,-2033,-1492,-951,-410
132,673,1214,1755,2296,2837,3378,3919,4460,5001,5542,6083,6624,7165,7706,8247,8788,9329,9870,10411,10952,11493,12034,12575,13116,13657,14198,14739,15280,15821,16362,16903,17444,17985,18526,19067,19608,20149,20690,21231,21772,22313,22854,23395,23936,24477,25018,25559,26100,26641,27182,27723,28264,28805,29346,29887,30428,30969,31510,32051,32592,33133,33674,34215,34756,35297,35838,36379,36920,37461,38002,38543,39084,39625,40166,40707,41248,41789,42330,42871,43412,43953,44494,45035,45576,46117,46658,47199,47740,48281,48822,49363,49904,50445,50986,51527,52068,52609,53150,53691,54232,54773,55314,55855,56396,56937,57478,58019,58560,59101,59642,60183,60724,61265,61806,62347,62888,63429,63970,64511,65052,65593,66134,66675,67216,67757,68298,68839,69380,69921,70462,71003,71544,72085,72626,73167,73708,74249,74790,75331,75872,76413,76954,77495,78036,78577,79118,79659,80200,80741,81282,81823,82364,82905,83446,83987,84528,85069,85610,86151,86692,87233,87774,88315,88856,89397,89938,90479,91020,91561,92102,92643,93184,93725,94266,94807,95348,95889,96430,96971,97512,98053,98594,99135,99676,100217,100758,101299,101840,102381,102922,103463,104004,104545,105086,105627,106168,106709,107250,107791,108332,108873,109414,109955,110496,111037,111578,112119,112660,113201,113742,114283,114824,115365,115906,116447,116988,117529,118070,118611,119152,119693,120234,120775,121316,121857,122398,122939,123480,124021,124562,125103,125644,126185,126726,127267,127808,128349,128890,129431,129972,130513,131054,131595,132136,132677,133218,133759,134300,134841,135382,135923,136464,137005,137546,138087,138628,139169,139710,140251,140792,141333,141874,142415,142956,143497,144038,144579,145120,145661,146202,-145938,-145397,-144856,-144315,-143774,-143233,-142692,-142151,-141610,-141069,-140528,-139987,-139446,-138905,-138364,-137823,-137282,-136741,-136200,-135659,-135118,-134577,-134036,-133495,-132954,-132413,-131872,-131331,-130790,-130249,-129708,-129167,-128626,-128085,-127544,-127003,-126462,-125921,-125380,-124839,-124298,-123757,-123216,-122675,-122134,-121593,-121052,-120511,-119970,-119429,-118888,-118347,-117806,-117265,-116724,-116183,-115642,-115101,-114560,-114019,-113478,-112937,-112396,-111855,-111314,-110773,-110232,-109691,-109150,-108609,-108068,-107527,-106986,-106445,-105904,-105363,-104822,-104281,-103740,-103199,-102658,-102117,-101576,-101035,-100494,-99953,-99412,-98871,-98330,-97789,-97248,-96707,-96166,-95625,-95084,-94543,-94002,-93461,-92920,-92379,-91838,-91297,-90756,-90215,-89674,-89133,-88592,-88051,-87510,-86969,-86428,-85887,-85346,-84805,-84264,-83723,-83182,-82641,-82100,-81559,-81018,-80477,-79936,-79395,-78854,-78313,-77772,-77231,-76690,-76149,-75608,-75067,-74526,-73985,-73444,-72903,-72362,-71821,-71412,-71280,-70739,-70198,-69657,-69116,-68575,-68034,-67493,-66952,-66411,-65870,-65329,-64788,-64247,-63706,-63165,-62624,-62083,-61542,-61001,-60460,-59919,-59378,-58837,-58296,-57755,-57214,-56673,-56132,-55591,-55050,-54509,-53968,-53427,-52886,-52345,-51804,-51263,-50722,-50181,-49640,-49099,-48558,-48017,-47476,-46935,-46394,-45853,-45312,-44771,-44230,-43689,-43148,-42607,-42066,-41525,-40984,-40443,-39902,-39361,-38820,-38279,-37738,-37197,-36656,-36115,-35574,-35033,-34492,-33951,-33410,-32869,-32328,-31787,-31246,-30705,-30164,-29623,-29082,-28541,-28000,-27459,-26918,-26377,-25836,-25295,-24754,-24213,-23672,-23131,-22590,-22049,-21508,-20967,-20426,-19885,-19344,-18803,-18262,-17721,-17180,-16639,-16098,-15557,-15016,-14475,-13934,-13393,-12852,-12311,-11770,-11229,-10688,-10147,-9606,-9065,-8524,-7983,-7442,-6901,-6360,-5819,-5278,-4737,-4196,-3655,-3114,-2573,-2032,-1491,-950,-409
133,674,1215,1756,2297,2838,3379,3920,4461,5002,5543,6084,6625,7166,7707,8248,8789,9330,9871,10412,10953,11494,12035,12576,13117,13658,14199,14740,15281,15822,16363,16904,17445,17986,18527,19068,19609,20150,20691,21232,21773,22314,22855,23396,23937,24478,25019,25560,26101,26642,27183,27724,28265,28806,29347,29888,30429,30970,31511,32052,32593,33134,33675,34216,34757,35298,35839,36380,36921,37462,38003,38544,39085,39626,40167,40708,41249,41790,42331,42872,43413,43954,44495,45036,45577,46118,46659,47200,47741,48282,48823,49364,49905,50446,50987,51528,52069,52610,53151,53692,54233,54774,55315,55856,56397,56938,57479,58020,58561,59102,59643,60184,60725,61266,61807,62348,62889,63430,63971,64512,65053,65594,66135,66676,67217,67758,68299,68840,69381,69922,70463,71004,71545,72086,72627,73168,73709,74250,74791,75332,75873,76414,76955,77496,78037,78578,79119,79660,80201,80742,81283,81824,82365,82906,83447,83988,84529,85070,85611,86152,86693,87234,87775,88316,88857,89398,89939,90480,91021,91562,92103,92644,93185,93726,94267,94808,95349,95890,96431,96972,97513,98054,98595,99136,99677,100218,100759,101300,101841,102382,102923,103464,104005,104546,105087,105628,106169,106710,107251,107792,108333,108874,109415,109956,110497,111038,111579,112120,112661,113202,113743,114284,114825,115366,115907,116448,116989,117530,118071,118612,119153,119694,120235,120776,121317,121858,122399,122940,123481,124022,124563,125104,125645,126186,126727,127268,127809,128350,128891,129432,129973,130514,131055,131596,132137,132678,133219,133760,134301,134842,135383,135924,136465,137006,137547,138088,138629,139170,139711,140252,140793,141334,141875,142416,142957,143498,144039,144580,145121,145662,146203,-145937,-145396,-144855,-144314,-143773,-143232,-142691,-142150,-141609,-141068,-140527,-139986,-139445,-138904,-138363,-137822,-137281,-136740,-136199,-135658,-135117,-134576,-134035,-133494,-132953,-132412,-131871,-131330,-130789,-130248,-129707,-129166,-128625,-128084,-127543,-127002,-126461,-125920,-125379,-124838,-124297,-123756,-123215,-122674,-122133,-121592,-121051,-120510,-119969,-119428,-118887,-118346,-117805,-117264,-116723,-116182,-115641,-115100,-114559,-114018,-113477,-112936,-112395,-111854,-111313,-110772,-110231,-109690,-109149,-108608,-108067,-107526,-106985,-106444,-105903,-105362,-104821,-104280,-103739,-103198,-102657,-102116,-101575,-101034,-100493,-99952,-99411,-98870,-98329,-97788,-97247,-96706,-96165,-95624,-95083,-94542,-94001,-93460,-92919,-92378,-91837,-91296,-90755,-90214,-89673,-89132,-88591,-88050,-87509,-86968,-86427,-85886,-85345,-84804,-84263,-83722,-83181,-82640,-82099,-81558,-81017,-80476,-79935,-79394,-78853,-78312,-77771,-77230,-76689,-76148,-75607,-75066,-74525,-73984,-73443,-72902,-72361,-71953,-71820,-71279,-70738,-70197,-69656,-69115,-68574,-68033,-67492,-66951,-66410,-65869,-65328,-64787,-64246,-63705,-63164,-62623,-62082,-61541,-61000,-60459,-59918,-59377,-58836,-58295,-57754,-57213,-56672,-56131,-55590,-55049,-54508,-53967,-53426,-52885,-52344,-51803,-51262,-50721,-50180,-49639,-49098,-48557,-48016,-47475,-46934,-46393,-45852,-45311,-44770,-44229,-43688,-43147,-42606,-42065,-41524,-40983,-40442,-39901,-39360,-38819,-38278,-37737,-37196,-36655,-36114,-35573,-35032,-34491,-33950,-33409,-32868,-32327,-31786,-31245,-30704,-30163,-29622,-29081,-28540,-27999,-27458,-26917,-26376,-25835,-25294,-24753,-24212,-23671,-23130,-22589,-22048,-21507,-20966,-20425,-19884,-19343,-18802,-18261,-17720,-17179,-16638,-16097,-15556,-15015,-14474,-13933,-13392,-12851,-12310,-11769,-11228,-10687,-10146,-9605,-9064,-8523,-7982,-7441,-6900,-6359,-5818,-5277,-4736,-4195,-3654,-3113,-2572,-2031,-1490,-949,-408
134,675,1216,1757,2298,2839,3380,3921,4462,5003,5544,6085,6626,7167,7708,8249,8790,9331,9872,10413,10954,11495,12036,12577,13118,13659,14200,14741,15282,15823,16364,16905,17446,17987,18528,19069,19610,20151,20692,21233,21774,22315,22856,23397,23938,24479,25020,25561,26102,26643,27184,27725,28266,28807,29348,29889,30430,30971,31512,32053,32594,33135,33676,34217,34758,35299,35840,36381,36922,37463,38004,38545,39086,39627,40168,40709,41250,41791,42332,42873,43414,43955,44496,45037,45578,46119,46660,47201,47742,48283,48824,49365,49906,50447,50988,51529,52070,52611,53152,53693,54234,54775,55316,55857,56398,56939,57480,58021,58562,59103,59644,60185,60726,61267,61808,62349,62890,63431,63972,64513,65054,65595,66136,66677,67218,67759,68300,68841,69382,69923,70464,71005,71546,72087,72628,73169,73710,74251,74792,75333,75874,76415,76956,77497,78038,78579,79120,79661,80202,80743,81284,81825,82366,82907,83448,83989,84530,85071,85612,86153,86694,87235,87776,88317,88858,89399,89940,90481,91022,91563,92104,92645,93186,93727,94268,94809,95350,95891,96432,96973,97514,98055,98596,99137,99678,100219,100760,101301,101842,102383,102924,103465,104006,104547,105088,105629,106170,106711,107252,107793,108334,108875,109416,109957,110498,111039,111580,112121,112662,113203,113744,114285,114826,115367,115908,116449,116990,117531,118072,118613,119154,119695,120236,120777,121318,121859,122400,122941,123482,124023,124564,125105,125646,126187,126728,127269,127810,128351,128892,129433,129974,130515,131056,131597,132138,132679,133220,133761,134302,134843,135384,135925,136466,137007,137548,138089,138630,139171,139712,140253,140794,141335,141876,142417,142958,143499,144040,144581,145122,145663,146204,-145936,-145395,-144854,-144313,-143772,-143231,-142690,-142149,-141608,-141067,-140526,-139985,-139444,-138903,-138362,-137821,-137280,-136739,-136198,-135657,-135116,-134575,-134034,-133493,-132952,-132411,-131870,-131329,-130788,-130247,-129706,-129165,-128624,-128083,-127542,-127001,-126460,-125919,-125378,-124837,-124296,-123755,-123214,-122673,-122132,-121591,-121050,-120509,-119968,-119427,-118886,-118345,-117804,-117263,-116722,-116181,-115640,-115099,-114558,-114017,-113476,-112935,-112394,-111853,-111312,-110771,-110230,-109689,-109148,-108607,-108066,-107525,-106984,-106443,-105902,-105361,-104820,-104279,-103738,-103197,-102656,-102115,-101574,-101033,-100492,-99951,-99410,-98869,-98328,-97787,-97246,-96705,-96164,-95623,-95082,-94541,-94000,-93459,-92918,-92377,-91836,-91295,-90754,-90213,-89672,-89131,-88590,-88049,-87508,-86967,-86426,-85885,-85344,-84803,-84262,-83721,-83180,-82639,-82098,-81557,-81016,-80475,-79934,-79393,-78852,-78311,-77770,-77229,-76688,-76147,-75606,-75065,-74524,-73983,-73442,-72901,-72494,-72360,-71819,-71278,-70737,-70196,-69655,-69114,-68573,-68032,-67491,-66950,-66409,-65868,-65327,-64786,-64245,-63704,-63163,-62622,-62081,-61540,-60999,-60458,-59917,-59376,-58835,-58294,-57753,-57212,-56671,-56130,-55589,-55048,-54507,-53966,-53425,-52884,-52343,-51802,-51261,-50720,-50179,-49638,-49097,-48556,-48015,-47474,-46933,-46392,-45851,-45310,-44769,-44228,-43687,-43146,-42605,-42064,-41523,-40982,-40441,-39900,-39359,-38818,-38277,-37736,-37195,-36654,-36113,-35572,-35031,-34490,-33949,-33408,-32867,-32326,-31785,-31244,-30703,-30162,-29621,-29080,-28539,-27998,-27457,-26916,-26375,-25834,-25293,-24752,-24211,-23670,-23129,-22588,-22047,-21506,-20965,-20424,-19883,-19342,-18801,-18260,-17719,-17178,-16637,-16096,-15555,-15014,-14473,-13932,-13391,-12850,-12309,-11768,-11227,-10686,-10145,-9604,-9063,-8522,-7981,-7440,-6899,-6358,-5817,-5276,-4735,-4194,-3653,-3112,-2571,-2030,-1489,-948,-407
135,676,1217,1758,2299,2840,3381,3922,4463,5004,5545,6086,6627,7168,7709,8250,8791,9332,9873,10414,10955,11496,12037,12578,13119,13660,14201,14742,15283,15824,16365,16906,17447,17988,18529,19070,19611,20152,20693,21234,21775,22316,22857,23398,23939,24480,25021,25562,26103,26644,27185,27726,28267,28808,29349,29890,30431,30972,31513,32054,32595,33136,33677,34218,34759,35300,35841,36382,36923,37464,38005,38546,39087,39628,40169,40710,41251,41792,42333,42874,43415,43956,44497,45038,45579,46120,46661,47202,47743,48284,48825,49366,49907,50448,50989,51530,52071,52612,53153,53694,54235,54776,55317,55858,56399,56940,57481,58022,58563,59104,59645,60186,60727,61268,61809,62350,62891,63432,63973,64514,65055,65596,66137,66678,67219,67760,68301,68842,69383,69924,70465,71006,71547,72088,72629,73170,73711,74252,74793,75334,75875,76416,76957,77498,78039,78580,79121,79662,80203,80744,81285,81826,82367,82908,83449,83990,84531,85072,85613,86154,86695,87236,87777,88318,88859,89400,89941,90482,91023,91564,92105,92646,93187,93728,94269,94810,95351,95892,96433,96974,97515,98056,98597,99138,99679,100220,100761,101302,101843,102384,102925,103466,104007,104548,105089,105630,106171,106712,107253,107794,108335,108876,109417,109958,110499,111040,111581,112122,112663,113204,113745,114286,114827,115368,115909,116450,116991,117532,118073,118614,119155,119696,120237,120778,121319,121860,122401,122942,123483,124024,124565,125106,125647,126188,126729,127270,127811,128352,128893,129434,129975,130516,131057,131598,132139,132680,133221,133762,134303,134844,135385,135926,136467,137008,137549,138090,138631,139172,139713,140254,140795,141336,141877,142418,142959,143500,144041,144582,145123,145664,146205,-145935,-145394,-144853,-144312,-143771,-143230,-142689,-142148,-141607,-141066,-140525,-139984,-139443,-138902,-138361,-137820,-137279,-136738,-136197,-135656,-135115,-134574,-134033,-133492,-132951,-132410,-131869,-131328,-130787,-130246,-129705,-129164,-128623,-128082,-127541,-127000,-126459,-125918,-125377,-124836,-124295,-123754,-123213,-122672,-122131,-121590,-121049,-120508,-119967,-119426,-118885,-118344,-117803,-117262,-116721,-116180,-115639,-115098,-114557,-114016,-113475,-112934,-112393,-111852,-111311,-110770,-110229,-109688,-109147,-108606,-108065,-107524,-106983,-106442,-105901,-105360,-104819,-104278,-103737,-103196,-102655,-102114,-101573,-101032,-100491,-99950,-99409,-98868,-98327,-97786,-97245,-96704,-96163,-95622,-95081,-94540,-93999,-93458,-92917,-92376,-91835,-91294,-90753,-90212,-89671,-89130,-88589,-88048,-87507,-86966,-86425,-85884,-85343,-84802,-84261,-83720,-83179,-82638,-82097,-81556,-81015,-80474,-79933,-79392,-78851,-78310,-77769,-77228,-76687,-76146,-75605,-75064,-74523,-73982,-73441,-73035,-72900,-72359,-71818,-71277,-70736,-70195,-69654,-69113,-68572,-68031,-67490,-66949,-66408,-65867,-65326,-64785,-64244,-63703,-63162,-62621,-62080,-61539,-60998,-60457,-59916,-59375,-58834,-58293,-57752,-57211,-56670,-56129,-55588,-55047,-54506,-53965,-53424,-52883,-52342,-51801,-51260,-50719,-50178,-49637,-49096,-48555,-48014,-47473,-46932,-46391,-45850,-45309,-44768,-44227,-43686,-43145,-42604,-42063,-41522,-40981,-40440,-39899,-39358,-38817,-38276,-37735,-37194,-36653,-36112,-35571,-35030,-34489,-33948,-33407,-32866,-32325,-31784,-31243,-30702,-30161,-29620,-29079,-28538,-27997,-27456,-26915,-26374,-25833,-25292,-24751,-24210,-23669,-23128,-22587,-22046,-21505,-20964,-20423,-19882,-19341,-18800,-18259,-17718,-17177,-16636,-16095,-15554,-15013,-14472,-13931,-13390,-12849,-12308,-11767,-11226,-10685,-10144,-9603,-9062,-8521,-7980,-7439,-6898,-6357,-5816,-5275,-4734,-4193,-3652,-3111,-2570,-2029,-1488,-947,-406
136,677,1218,1759,2300,2841,3382,3923,4464,5005,5546,6087,6628,7169,7710,8251,8792,9333,9874,10415,10956,11497,12038,12579,13120,13661,14202,14743,15284,15825,16366,16907,17448,17989,18530,19071,19612,20153,20694,21235,21776,22317,22858,23399,23940,24481,25022,25563,26104,26645,27186,27727,28268,28809,29350,29891,30432,30973,31514,32055,32596,33137,33678,34219,34760,35301,35842,36383,36924,37465,38006,38547,39088,39629,40170,40711,41252,41793,42334,42875,43416,43957,44498,45039,45580,46121,46662,47203,47744,48285,48826,49367,49908,50449,50990,51531,52072,52613,53154,53695,54236,54777,55318,55859,56400,56941,57482,58023,58564,59105,59646,60187,60728,61269,61810,62351,62892,63433,63974,64515,65056,65597,66138,66679,67220,67761,68302,68843,69384,69925,70466,71007,71548,72089,72630,73171,73712,74253,74794,75335,75876,76417,76958,77499,78040,78581,79122,79663,80204,80745,81286,81827,82368,82909,83450,83991,84532,85073,85614,86155,86696,87237,87778,88319,88860,89401,89942,90483,91024,91565,92106,92647,93188,93729,94270,94811,95352,95893,96434,96975,97516,98057,98598,99139,99680,100221,100762,101303,101844,102385,102926,103467,104008,104549,105090,105631,106172,106713,107254,107795,108336,108877,109418,109959,110500,111041,111582,112123,112664,113205,113746,114287,114828,115369,115910,116451,116992,117533,118074,118615,119156,119697,120238,120779,121320,121861,122402,122943,123484,124025,124566,125107,125648,126189,126730,127271,127812,128353,128894,129435,129976,130517,131058,131599,132140,132681,133222,133763,134304,134845,135386,135927,136468,137009,137550,138091,138632,139173,139714,140255,140796,141337,141878,142419,142960,143501,144042,144583,145124,145665,146206,-145934,-145393,-144852,-144311,-143770,-143229,-142688,-142147,-141606,-141065,-140524,-139983,-139442,-138901,-138360,-137819,-137278,-136737,-136196,-135655,-135114,-134573,-134032,-133491,-132950,-132409,-131868,-131327,-130786,-130245,-129704,-129163,-128622,-128081,-127540,-126999,-126458,-125917,-125376,-124835,-124294,-123753,-123212,-122671,-122130,-121589,-121048,-120507,-119966,-119425,-118884,-118343,-117802,-117261,-116720,-116179,-115638,-115097,-114556,-114015,-113474,-112933,-112392,-111851,-111310,-110769,-110228,-109687,-109146,-108605,-108064,-107523,-106982,-106441,-105900,-105359,-104818,-104277,-103736,-103195,-102654,-102113,-101572,-101031,-100490,-99949,-99408,-98867,-98326,-97785,-97244,-96703,-96162,-95621,-95080,-94539,-93998,-93457,-92916,-92375,-91834,-91293,-90752,-90211,-89670,-89129,-88588,-88047,-87506,-86965,-86424,-85883,-85342,-84801,-84260,-83719,-83178,-82637,-82096,-81555,-81014,-80473,-79932,-79391,-78850,-78309,-77768,-77227,-76686,-76145,-75604,-75063,-74522,-73981,-73576,-73440,-72899,-72358,-71817,-71276,-70735,-70194,-69653,-69112,-68571,-68030,-67489,-66948,-66407,-65866,-65325,-64784,-64243,-63702,-63161,-62620,-62079,-61538,-60997,-60456,-59915,-59374,-58833,-58292,-57751,-57210,-56669,-56128,-55587,-55046,-54505,-53964,-53423,-52882,-52341,-51800,-51259,-50718,-50177,-49636,-49095,-48554,-48013,-47472,-46931,-46390,-45849,-45308,-44767,-44226,-43685,-43144,-42603,-42062,-41521,-40980,-40439,-39898,-39357,-38816,-38275,-37734,-37193,-36652,-36111,-35570,-35029,-34488,-33947,-33406,-32865,-32324,-31783,-31242,-30701,-30160,-29619,-29078,-28537,-27996,-27455,-26914,-26373,-25832,-25291,-24750,-24209,-23668,-23127,-22586,-22045,-21504,-20963,-20422,-19881,-19340,-18799,-18258,-17717,-17176,-16635,-16094,-15553,-15012,-14471,-13930,-13389,-12848,-12307,-11766,-11225,-10684,-10143,-9602,-9061,-8520,-7979,-7438,-6897,-6356,-5815,-5274,-4733,-4192,-3651,-3110,-2569,-2028,-1487,-946,-405
137,678,1219,1760,2301,2842,3383,3924,4465,5006,5547,6088,6629,7170,7711,8252,8793,9334,9875,10416,10957,11498,12039,12580,13121,13662,14203,14744,15285,15826,16367,16908,17449,17990,18531,19072,19613,20154,20695,21236,21777,22318,22859,23400,23941,24482,25023,25564,26105,26646,27187,27728,28269,28810,29351,29892,30433,30974,31515,32056,32597,33138,33679,34220,34761,35302,35843,36384,36925,37466,38007,38548,39089,39630,40171,40712,41253,41794,42335,42876,43417,43958,44499,45040,45581,46122,46663,47204,47745,48286,48827,49368,49909,50450,50991,51532,52073,52614,53155,53696,54237,54778,55319,55860,56401,56942,57483,58024,58565,59106,59647,60188,60729,61270,61811,62352,62893,63434,63975,64516,65057,65598,66139,66680,67221,67762,68303,68844,69385,69926,70467,71008,71549,72090,72631,73172,73713,74254,74795,75336,75877,76418,76959,77500,78041,78582,79123,79664,80205,80746,81287,81828,82369,82910,83451,83992,84533,85074,85615,86156,86697,87238,87779,88320,88861,89402,89943,90484,91025,91566,92107,92648,93189,93730,94271,94812,95353,95894,96435,96976,97517,98058,98599,99140,99681,100222,100763,101304,101845,102386,102927,103468,104009,104550,105091,105632,106173,106714,107255,107796,108337,108878,109419,109960,110501,111042,111583,112124,112665,113206,113747,114288,114829,115370,115911,116452,116993,117534,118075,118616,119157,119698,120239,120780,121321,121862,122403,122944,123485,124026,124567,125108,125649,126190,126731,127272,127813,128354,128895,129436,129977,130518,131059,131600,132141,132682,133223,133764,134305,134846,135387,135928,136469,137010,137551,138092,138633,139174,139715,140256,140797,141338,141879,142420,142961,143502,144043,144584,145125,145666,146207,-145933,-145392,-144851,-144310,-143769,-143228,-142687,-142146,-141605,-141064,-140523,-139982,-139441,-138900,-138359,-137818,-137277,-136736,-136195,-135654,-135113,-134572,-134031,-133490,-132949,-132408,-131867,-131326,-130785,-130244,-129703,-129162,-128621,-128080,-127539,-126998,-126457,-125916,-125375,-124834,-124293,-123752,-123211,-122670,-122129,-121588,-121047,-120506,-119965,-119424,-118883,-118342,-117801,-117260,-116719,-116178,-115637,-115096,-114555,-114014,-113473,-112932,-112391,-111850,-111309,-110768,-110227,-109686,-109145,-108604,-108063,-107522,-106981,-106440,-105899,-105358,-104817,-104276,-103735,-103194,-102653,-102112,-101571,-101030,-100489,-99948,-99407,-98866,-98325,-97784,-97243,-96702,-96161,-95620,-95079,-94538,-93997,-93456,-92915,-92374,-91833,-91292,-90751,-90210,-89669,-89128,-88587,-88046,-87505,-86964,-86423,-85882,-85341,-84800,-84259,-83718,-83177,-82636,-82095,-81554,-81013,-80472,-79931,-79390,-78849,-78308,-77767,-77226,-76685,-76144,-75603,-75062,-74521,-74117,-73980,-73439,-72898,-72357,-71816,-71275,-70734,-70193,-69652,-69111,-68570,-68029,-67488,-66947,-66406,-65865,-65324,-64783,-64242,-63701,-63160,-62619,-62078,-61537,-60996,-60455,-59914,-59373,-58832,-58291,-57750,-57209,-56668,-56127,-55586,-55045,-54504,-53963,-53422,-52881,-52340,-51799,-51258,-50717,-50176,-49635,-49094,-48553,-48012,-47471,-46930,-46389,-45848,-45307,-44766,-44225,-43684,-43143,-42602,-42061,-41520,-40979,-40438,-39897,-39356,-38815,-38274,-37733,-37192,-36651,-36110,-35569,-35028,-34487,-33946,-33405,-32864,-32323,-31782,-31241,-30700,-30159,-29618,-29077,-28536,-27995,-27454,-26913,-26372,-25831,-25290,-24749,-24208,-23667,-23126,-22585,-22044,-21503,-20962,-20421,-19880,-19339,-18798,-18257,-17716,-17175,-16634,-16093,-15552,-15011,-14470,-13929,-13388,-12847,-12306,-11765,-11224,-10683,-10142,-9601,-9060,-8519,-7978,-7437,-6896,-6355,-5814,-5273,-4732,-4191,-3650,-3109,-2568,-2027,-1486,-945,-404
138,679,1220,1761,2302,2843,3384,3925,4466,5007,5548,6089,6630,7171,7712,8253,8794,9335,9876,10417,10958,11499,12040,12581,13122,13663,14204,14745,15286,15827,16368,16909,17450,17991,18532,19073,19614,20155,20696,21237,21778,22319,22860,23401,23942,24483,25024,25565,26106,26647,27188,27729,28270,28811,29352,29893,30434,30975,31516,32057,32598,33139,33680,34221,34762,35303,35844,36385,36926,37467,38008,38549,39090,39631,40172,40713,41254,41795,42336,42877,43418,43959,44500,45041,45582,46123,46664,47205,47746,48287,48828,49369,49910,50451,50992,51533,52074,52615,53156,53697,54238,54779,55320,55861,56402,56943,57484,58025,58566,59107,59648,60189,60730,61271,61812,62353,62894,63435,63976,64517,65058,65599,66140,66681,67222,67763,68304,68845,69386,69927,70468,71009,71550,72091,72632,73173,73714,74255,74796,75337,75878,76419,76960,77501,78042,78583,79124,79665,80206,80747,81288,81829,82370,82911,83452,83993,84534,85075,85616,86157,86698,87239,87780,88321,88862,89403,89944,90485,91026,91567,92108,92649,93190,93731,94272,94813,95354,95895,96436,96977,97518,98059,98600,99141,99682,100223,100764,101305,101846,102387,102928,103469,104010,104551,105092,105633,106174,106715,107256,107797,108338,108879,109420,109961,110502,111043,111584,112125,112666,113207,113748,114289,114830,115371,115912,116453,116994,117535,118076,118617,119158,119699,120240,120781,121322,121863,122404,122945,123486,124027,124568,125109,125650,126191,126732,127273,127814,128355,128896,129437,129978,130519,131060,131601,132142,132683,133224,133765,134306,134847,135388,135929,136470,137011,137552,138093,138634,139175,139716,140257,140798,141339,141880,142421,142962,143503,144044,144585,145126,145667,146208,-145932,-145391,-144850,-144309,-143768,-143227,-142686,-142145,-141604,-141063,-140522,-139981,-139440,-138899,-138358,-137817,-137276,-136735,-136194,-135653,-135112,-134571,-134030,-133489,-132948,-132407,-131866,-131325,-130784,-130243,-129702,-129161,-128620,-128079,-127538,-126997,-126456,-125915,-125374,-124833,-124292,-123751,-123210,-122669,-122128,-121587,-121046,-120505,-119964,-119423,-118882,-118341,-117800,-117259,-116718,-116177,-115636,-115095,-114554,-114013,-113472,-112931,-112390,-111849,-111308,-110767,-110226,-109685,-109144,-108603,-108062,-107521,-106980,-106439,-105898,-105357,-104816,-104275,-103734,-103193,-102652,-102111,-101570,-101029,-100488,-99947,-99406,-98865,-98324,-97783,-97242,-96701,-96160,-95619,-95078,-94537,-93996,-93455,-92914,-92373,-91832,-91291,-90750,-90209,-89668,-89127,-88586,-88045,-87504,-86963,-86422,-85881,-85340,-84799,-84258,-83717,-83176,-82635,-82094,-81553,-81012,-80471,-79930,-79389,-78848,-78307,-77766,-77225,-76684,-76143,-75602,-75061,-74658,-74520,-73979,-73438,-72897,-72356,-71815,-71274,-70733,-70192,-69651,-69110,-68569,-68028,-67487,-66946,-66405,-65864,-65323,-64782,-64241,-63700,-63159,-62618,-62077,-61536,-60995,-60454,-59913,-59372,-58831,-58290,-57749,-57208,-56667,-56126,-55585,-55044,-54503,-53962,-53421,-52880,-52339,-51798,-51257,-50716,-50175,-49634,-49093,-48552,-48011,-47470,-46929,-46388,-45847,-45306,-44765,-44224,-43683,-43142,-42601,-42060,-41519,-40978,-40437,-39896,-39355,-38814,-38273,-37732,-37191,-36650,-36109,-35568,-35027,-34486,-33945,-33404,-32863,-32322,-31781,-31240,-30699,-30158,-29617,-29076,-28535,-27994,-27453,-26912,-26371,-25830,-25289,-24748,-24207,-23666,-23125,-22584,-22043,-21502,-20961,-20420,-19879,-19338,-18797,-18256,-17715,-17174,-16633,-16092,-15551,-15010,-14469,-13928,-13387,-12846,-12305,-11764,-11223,-10682,-10141,-9600,-9059,-8518,-7977,-7436,-6895,-6354,-5813,-5272,-4731,-4190,-3649,-3108,-2567,-2026,-1485,-944,-403
139,680,1221,1762,2303,2844,3385,3926,4467,5008,5549,6090,6631,7172,7713,8254,8795,9336,9877,10418,10959,11500,12041,12582,13123,13664,14205,14746,15287,15828,16369,16910,17451,17992,18533,19074,19615,20156,20697,21238,21779,22320,22861,23402,23943,24484,25025,25566,26107,26648,27189,27730,28271,28812,29353,29894,30435,30976,31517,32058,32599,33140,33681,34222,34763,35304,35845,36386,36927,37468,38009,38550,39091,39632,40173,40714,41255,41796,42337,42878,43419,43960,44501,45042,45583,46124,46665,47206,47747,48288,48829,49370,49911,50452,50993,51534,52075,52616,53157,53698,54239,54780,55321,55862,56403,56944,57485,58026,58567,59108,59649,60190,60731,61272,61813,62354,62895,63436,63977,64518,65059,65600,66141,66682,67223,67764,68305,68846,69387,69928,70469,71010,71551,72092,72633,73174,73715,74256,74797,75338,75879,76420,76961,77502,78043,78584,79125,79666,80207,80748,81289,81830,82371,82912,83453,83994,84535,85076,85617,86158,86699,87240,87781,88322,88863,89404,89945,90486,91027,91568,92109,92650,93191,93732,94273,94814,95355,95896,96437,96978,97519,98060,98601,99142,99683,100224,100765,101306,101847,102388,102929,103470,104011,104552,105093,105634,106175,106716,107257,107798,108339,108880,109421,109962,110503,111044,111585,112126,112667,113208,113749,114290,114831,115372,115913,116454,116995,117536,118077,118618,119159,119700,120241,120782,121323,121864,122405,122946,123487,124028,124569,125110,125651,126192,126733,127274,127815,128356,128897,129438,129979,130520,131061,131602,132143,132684,133225,133766,134307,134848,135389,135930,136471,137012,137553,138094,138635,139176,139717,140258,140799,141340,141881,142422,142963,143504,144045,144586,145127,145668,146209,-145931,-145390,-144849,-144308,-143767,-143226,-142685,-142144,-141603,-141062,-140521,-139980,-139439,-138898,-138357,-137816,-137275,-136734,-136193,-135652,-135111,-134570,-134029,-133488,-132947,-132406,-131865,-131324,-130783,-130242,-129701,-129160,-128619,-128078,-127537,-126996,-126455,-125914,-125373,-124832,-124291,-123750,-123209,-122668,-122127,-121586,-121045,-120504,-119963,-119422,-118881,-118340,-117799,-117258,-116717,-116176,-115635,-115094,-114553,-114012,-113471,-112930,-112389,-111848,-111307,-110766,-110225,-109684,-109143,-108602,-108061,-107520,-106979,-106438,-105897,-105356,-104815,-104274,-103733,-103192,-102651,-102110,-101569,-101028,-100487,-99946,-99405,-98864,-98323,-97782,-97241,-96700,-96159,-95618,-95077,-94536,-93995,-93454,-92913,-92372,-91831,-91290,-90749,-90208,-89667,-89126,-88585,-88044,-87503,-86962,-86421,-85880,-85339,-84798,-84257,-83716,-83175,-82634,-82093,-81552,-81011,-80470,-79929,-79388,-78847,-78306,-77765,-77224,-76683,-76142,-75601,-75199,-75060,-74519,-73978,-73437,-72896,-72355,-71814,-71273,-70732,-70191,-69650,-69109,-68568,-68027,-67486,-66945,-66404,-65863,-65322,-64781,-64240,-63699,-63158,-62617,-62076,-61535,-60994,-60453,-59912,-59371,-58830,-58289,-57748,-57207,-56666,-56125,-55584,-55043,-54502,-53961,-53420,-52879,-52338,-51797,-51256,-50715,-50174,-49633,-49092,-48551,-48010,-47469,-46928,-46387,-45846,-45305,-44764,-44223,-43682,-43141,-42600,-42059,-41518,-40977,-40436,-39895,-39354,-38813,-38272,-37731,-37190,-36649,-36108,-35567,-35026,-34485,-33944,-33403,-32862,-32321,-31780,-31239,-30698,-30157,-29616,-29075,-28534,-27993,-27452,-26911,-26370,-25829,-25288,-24747,-24206,-23665,-23124,-22583,-22042,-21501,-20960,-20419,-19878,-19337,-18796,-18255,-17714,-17173,-16632,-16091,-15550,-15009,-14468,-13927,-13386,-12845,-12304,-11763,-11222,-10681,-10140,-9599,-9058,-8517,-7976,-7435,-6894,-6353,-5812,-5271,-4730,-4189,-3648,-3107,-2566,-2025,-1484,-943,-402
140,681,1222,1763,2304,2845,3386,3927,4468,5009,5550,6091,6632,7173,7714,8255,8796,9337,9878,10419,10960,11501,12042,12583,13124,13665,14206,14747,15288,15829,16370,16911,17452,17993,18534,19075,19616,20157,20698,21239,21780,22321,22862,23403,23944,24485,25026,25567,26108,26649,27190,27731,28272,28813,29354,29895,30436,30977,31518,32059,32600,33141,33682,34223,34764,35305,35846,36387,36928,37469,38010,38551,39092,39633,40174,40715,41256,41797,42338,42879,43420,43961,44502,45043,45584,46125,46666,47207,47748,48289,48830,49371,49912,50453,50994,51535,52076,52617,53158,53699,54240,54781,55322,55863,56404,56945,57486,58027,58568,59109,59650,60191,60732,61273,61814,62355,62896,63437,63978,64519,65060,65601,66142,66683,67224,67765,68306,68847,69388,69929,70470,71011,71552,72093,72634,73175,73716,74257,74798,75339,75880,76421,76962,77503,78044,78585,79126,79667,80208,80749,81290,81831,82372,82913,83454,83995,84536,85077,85618,86159,86700,87241,87782,88323,88864,89405,89946,90487,91028,91569,92110,92651,93192,93733,94274,94815,95356,95897,96438,96979,97520,98061,98602,99143,99684,100225,100766,101307,101848,102389,102930,103471,104012,104553,105094,105635,106176,106717,107258,107799,108340,108881,109422,109963,110504,111045,111586,112127,112668,113209,113750,114291,114832,115373,115914,116455,116996,117537,118078,118619,119160,119701,120242,120783,121324,121865,122406,122947,123488,124029,124570,125111,125652,126193,126734,127275,127816,128357,128898,129439,129980,130521,131062,131603,132144,132685,133226,133767,134308,134849,135390,135931,136472,137013,137554,138095,138636,139177,139718,140259,140800,141341,141882,142423,142964,143505,144046,144587,145128,145669,146210,-145930,-145389,-144848,-144307,-143766,-143225,-142684,-142143,-141602,-141061,-140520,-139979,-139438,-138897,-138356,-137815,-137274,-136733,-136192,-135651,-135110,-134569,-134028,-133487,-132946,-132405,-131864,-131323,-130782,-130241,-129700,-129159,-128618,-128077,-127536,-126995,-126454,-125913,-125372,-124831,-124290,-123749,-123208,-122667,-122126,-121585,-121044,-120503,-119962,-119421,-118880,-118339,-117798,-117257,-116716,-116175,-115634,-115093,-114552,-114011,-113470,-112929,-112388,-111847,-111306,-110765,-110224,-109683,-109142,-108601,-108060,-107519,-106978,-106437,-105896,-105355,-104814,-104273,-103732,-103191,-102650,-102109,-101568,-101027,-100486,-99945,-99404,-98863,-98322,-97781,-97240,-96699,-96158,-95617,-95076,-94535,-93994,-93453,-92912,-92371,-91830,-91289,-90748,-90207,-89666,-89125,-88584,-88043,-87502,-86961,-86420,-85879,-85338,-84797,-84256,-83715,-83174,-82633,-82092,-81551,-81010,-80469,-79928,-79387,-78846,-78305,-77764,-77223,-76682,-76141,-75740,-75600,-75059,-74518,-73977,-73436,-72895,-72354,-71813,-71272,-70731,-70190,-69649,-69108,-68567,-68026,-67485,-66944,-66403,-65862,-65321,-64780,-64239,-63698,-63157,-62616,-62075,-61534,-60993,-60452,-59911,-59370,-58829,-58288,-57747,-57206,-56665,-56124,-55583,-55042,-54501,-53960,-53419,-52878,-52337,-51796,-51255,-50714,-50173,-49632,-49091,-48550,-48009,-47468,-46927,-46386,-45845,-45304,-44763,-44222,-43681,-43140,-42599,-42058,-41517,-40976,-40435,-39894,-39353,-38812,-38271,-37730,-37189,-36648,-36107,-35566,-35025,-34484,-33943,-33402,-32861,-32320,-31779,-31238,-30697,-30156,-29615,-29074,-28533,-27992,-27451,-26910,-26369,-25828,-25287,-24746,-24205,-23664,-23123,-22582,-22041,-21500,-20959,-20418,-19877,-19336,-18795,-18254,-17713,-17172,-16631,-16090,-15549,-15008,-14467,-13926,-13385,-12844,-12303,-11762,-11221,-10680,-10139,-9598,-9057,-8516,-7975,-7434,-6893,-6352,-5811,-5270,-4729,-4188,-3647,-3106,-2565,-2024,-1483,-942,-401
141,682,1223,1764,2305,2846,3387,3928,4469,5010,5551,6092,6633,7174,7715,8256,8797,9338,9879,10420,10961,11502,12043,12584,13125,13666,14207,14748,15289,15830,16371,16912,17453,17994,18535,19076,19617,20158,20699,21240,21781,22322,22863,23404,23945,24486,25027,25568,26109,26650,27191,27732,28273,28814,29355,29896,30437,30978,31519,32060,32601,33142,33683,34224,34765,35306,35847,36388,36929,37470,38011,38552,39093,39634,40175,40716,41257,41798,42339,42880,43421,43962,44503,45044,45585,46126,46667,47208,47749,48290,48831,49372,49913,50454,50995,51536,52077,52618,53159,53700,54241,54782,55323,55864,56405,56946,57487,58028,58569,59110,59651,60192,60733,61274,61815,62356,62897,63438,63979,64520,65061,65602,66143,66684,67225,67766,68307,68848,69389,69930,70471,71012,71553,72094,72635,73176,73717,74258,74799,75340,75881,76422,76963,77504,78045,78586,79127,79668,80209,80750,81291,81832,82373,82914,83455,83996,84537,85078,85619,86160,86701,87242,87783,88324,88865,89406,89947,90488,91029,91570,92111,92652,93193,93734,94275,94816,95357,95898,96439,96980,97521,98062,98603,99144,99685,100226,100767,101308,101849,102390,102931,103472,104013,104554,105095,105636,106177,106718,107259,107800,108341,108882,109423,109964,110505,111046,111587,112128,112669,113210,113751,114292,114833,115374,115915,116456,116997,117538,118079,118620,119161,119702,120243,120784,121325,121866,122407,122948,123489,124030,124571,125112,125653,126194,126735,127276,127817,128358,128899,129440,129981,130522,131063,131604,132145,132686,133227,133768,134309,134850,135391,135932,136473,137014,137555,138096,138637,139178,139719,140260,140801,141342,141883,142424,142965,143506,144047,144588,145129,145670,146211,-145929,-145388,-144847,-144306,-143765,-143224,-142683,-142142,-141601,-141060,-140519,-139978,-139437,-138896,-138355,-137814,-137273,-136732,-136191,-135650,-135109,-134568,-134027,-133486,-132945,-132404,-131863,-131322,-130781,-130240,-129699,-129158,-128617,-128076,-127535,-126994,-126453,-125912,-125371,-124830,-124289,-123748,-123207,-122666,-122125,-121584,-121043,-120502,-119961,-119420,-118879,-118338,-117797,-117256,-116715,-116174,-115633,-115092,-114551,-114010,-113469,-112928,-112387,-111846,-111305,-110764,-110223,-109682,-109141,-108600,-108059,-107518,-106977,-106436,-105895,-105354,-104813,-104272,-103731,-103190,-102649,-102108,-101567,-101026,-100485,-99944,-99403,-98862,-98321,-97780,-97239,-96698,-96157,-95616,-95075,-94534,-93993,-93452,-92911,-92370,-91829,-91288,-90747,-90206,-89665,-89124,-88583,-88042,-87501,-86960,-86419,-85878,-85337,-84796,-84255,-83714,-83173,-82632,-82091,-81550,-81009,-80468,-79927,-79386,-78845,-78304,-77763,-77222,-76681,-76281,-76140,-75599,-75058,-74517,-73976,-73435,-72894,-72353,-71812,-71271,-70730,-70189,-69648,-69107,-68566,-68025,-67484,-66943,-66402,-65861,-65320,-64779,-64238,-63697,-63156,-62615,-62074,-61533,-60992,-60451,-59910,-59369,-58828,-58287,-57746,-57205,-56664,-56123,-55582,-55041,-54500,-53959,-53418,-52877,-52336,-51795,-51254,-50713,-50172,-49631,-49090,-48549,-48008,-47467,-46926,-46385,-45844,-45303,-44762,-44221,-43680,-43139,-42598,-42057,-41516,-40975,-40434,-39893,-39352,-38811,-38270,-37729,-37188,-36647,-36106,-35565,-35024,-34483,-33942,-33401,-32860,-32319,-31778,-31237,-30696,-30155,-29614,-29073,-28532,-27991,-27450,-26909,-26368,-25827,-25286,-24745,-24204,-23663,-23122,-22581,-22040,-21499,-20958,-20417,-19876,-19335,-18794,-18253,-17712,-17171,-16630,-16089,-15548,-15007,-14466,-13925,-13384,-12843,-12302,-11761,-11220,-10679,-10138,-9597,-9056,-8515,-7974,-7433,-6892,-6351,-5810,-5269,-4728,-4187,-3646,-3105,-2564,-2023,-1482,-941,-400
142,683,1224,1765,2306,2847,3388,3929,4470,5011,5552,6093,6634,7175,7716,8257,8798,9339,9880,10421,10962,11503,12044,12585,13126,13667,14208,14749,15290,15831,16372,16913,17454,17995,18536,19077,19618,20159,20700,21241,21782,22323,22864,23405,23946,24487,25028,25569,26110,26651,27192,27733,28274,28815,29356,29897,30438,30979,31520,32061,32602,33143,33684,34225,34766,35307,35848,36389,36930,37471,38012,38553,39094,39635,40176,40717,41258,41799,42340,42881,43422,43963,44504,45045,45586,46127,46668,47209,47750,48291,48832,49373,49914,50455,50996,51537,52078,52619,53160,53701,54242,54783,55324,55865,56406,56947,57488,58029,58570,59111,59652,60193,60734,61275,61816,62357,62898,63439,63980,64521,65062,65603,66144,66685,67226,67767,68308,68849,69390,69931,70472,71013,71554,72095,72636,73177,73718,74259,74800,75341,75882,76423,76964,77505,78046,78587,79128,79669,80210,80751,81292,81833,82374,82915,83456,83997,84538,85079,85620,86161,86702,87243,87784,88325,88866,89407,89948,90489,91030,91571,92112,92653,93194,93735,94276,94817,95358,95899,96440,96981,97522,98063,98604,99145,99686,100227,100768,101309,101850,102391,102932,103473,104014,104555,105096,105637,106178,106719,107260,107801,108342,108883,109424,109965,110506,111047,111588,112129,112670,113211,113752,114293,114834,115375,115916,116457,116998,117539,118080,118621,119162,119703,120244,120785,121326,121867,122408,122949,123490,124031,124572,125113,125654,126195,126736,127277,127818,128359,128900,129441,129982,130523,131064,131605,132146,132687,133228,133769,134310,134851,135392,135933,136474,137015,137556,138097,138638,139179,139720,140261,140802,141343,141884,142425,142966,143507,144048,144589,145130,145671,146212,-145928,-145387,-144846,-144305,-143764,-143223,-142682,-142141,-141600,-141059,-140518,-139977,-139436,-138895,-138354,-137813,-137272,-136731,-136190,-135649,-135108,-134567,-134026,-133485,-132944,-132403,-131862,-131321,-130780,-130239,-129698,-129157,-128616,-128075,-127534,-126993,-126452,-125911,-125370,-124829,-124288,-123747,-123206,-122665,-122124,-121583,-121042,-120501,-119960,-119419,-118878,-118337,-117796,-117255,-116714,-116173,-115632,-115091,-114550,-114009,-113468,-112927,-112386,-111845,-111304,-110763,-110222,-109681,-109140,-108599,-108058,-107517,-106976,-106435,-105894,-105353,-104812,-104271,-103730,-103189,-102648,-102107,-101566,-101025,-100484,-99943,-99402,-98861,-98320,-97779,-97238,-96697,-96156,-95615,-95074,-94533,-93992,-93451,-92910,-92369,-91828,-91287,-90746,-90205,-89664,-89123,-88582,-88041,-87500,-86959,-86418,-85877,-85336,-84795,-84254,-83713,-83172,-82631,-82090,-81549,-81008,-80467,-79926,-79385,-78844,-78303,-77762,-77221,-76822,-76680,-76139,-75598,-75057,-74516,-73975,-73434,-72893,-72352,-71811,-71270,-70729,-70188,-69647,-69106,-68565,-68024,-67483,-66942,-66401,-65860,-65319,-64778,-64237,-63696,-63155,-62614,-62073,-61532,-60991,-60450,-59909,-59368,-58827,-58286,-57745,-57204,-56663,-56122,-55581,-55040,-54499,-53958,-53417,-52876,-52335,-51794,-51253,-50712,-50171,-49630,-49089,-48548,-48007,-47466,-46925,-46384,-45843,-45302,-44761,-44220,-43679,-43138,-42597,-42056,-41515,-40974,-40433,-39892,-39351,-38810,-38269,-37728,-37187,-36646,-36105,-35564,-35023,-34482,-33941,-33400,-32859,-32318,-31777,-31236,-30695,-30154,-29613,-29072,-28531,-27990,-27449,-26908,-26367,-25826,-25285,-24744,-24203,-23662,-23121,-22580,-22039,-21498,-20957,-20416,-19875,-19334,-18793,-18252,-17711,-17170,-16629,-16088,-15547,-15006,-14465,-13924,-13383,-12842,-12301,-11760,-11219,-10678,-10137,-9596,-9055,-8514,-7973,-7432,-6891,-6350,-5809,-5268,-4727,-4186,-3645,-3104,-2563,-2022,-1481,-940,-399
143,684,1225,1766,2307,2848,3389,3930,4471,5012,5553,6094,6635,7176,7717,8258,8799,9340,9881,10422,10963,11504,12045,12586,13127,13668,14209,14750,15291,15832,16373,16914,17455,17996,18537,19078,19619,20160,20701,21242,21783,22324,22865,23406,23947,24488,25029,25570,26111,26652,27193,27734,28275,28816,29357,29898,30439,30980,31521,32062,32603,33144,33685,34226,34767,35308,35849,36390,36931,37472,38013,38554,39095,39636,40177,40718,41259,41800,42341,42882,43423,43964,44505,45046,45587,46128,46669,47210,47751,48292,48833,49374,49915,50456,50997,51538,52079,52620,53161,53702,54243,54784,55325,55866,56407,56948,57489,58030,58571,59112,59653,60194,60735,61276,61817,62358,62899,63440,63981,64522,65063,65604,66145,66686,67227,67768,68309,68850,69391,69932,70473,71014,71555,72096,72637,73178,73719,74260,74801,75342,75883,76424,76965,77506,78047,78588,79129,79670,80211,80752,81293,81834,82375,82916,83457,83998,84539,85080,85621,86162,86703,87244,87785,88326,88867,89408,89949,90490,91031,91572,92113,92654,93195,93736,94277,94818,95359,95900,96441,96982,97523,98064,98605,99146,99687,100228,100769,101310,101851,102392,102933,103474,104015,104556,105097,105638,106179,106720,107261,107802,108343,108884,109425,109966,110507,111048,111589,112130,112671,113212,113753,114294,114835,115376,115917,116458,116999,117540,118081,118622,119163,119704,120245,120786,121327,121868,122409,122950,123491,124032,124573,125114,125655,126196,126737,127278,127819,128360,128901,129442,129983,130524,131065,131606,132147,132688,133229,133770,134311,134852,135393,135934,136475,137016,137557,138098,138639,139180,139721,140262,140803,141344,141885,142426,142967,143508,144049,144590,145131,145672,146213,-145927,-145386,-144845,-144304,-143763,-143222,-142681,-142140,-141599,-141058,-140517,-139976,-139435,-138894,-138353,-137812,-137271,-136730,-136189,-135648,-135107,-134566,-134025,-133484,-132943,-132402,-131861,-131320,-130779,-130238,-129697,-129156,-128615,-128074,-127533,-126992,-126451,-125910,-125369,-124828,-124287,-123746,-123205,-122664,-122123,-121582,-121041,-120500,-119959,-119418,-118877,-118336,-117795,-117254,-116713,-116172,-115631,-115090,-114549,-114008,-113467,-112926,-112385,-111844,-111303,-110762,-110221,-109680,-109139,-108598,-108057,-107516,-106975,-106434,-105893,-105352,-104811,-104270,-103729,-103188,-102647,-102106,-101565,-101024,-100483,-99942,-99401,-98860,-98319,-97778,-97237,-96696,-96155,-95614,-95073,-94532,-93991,-93450,-92909,-92368,-91827,-91286,-90745,-90204,-89663,-89122,-88581,-88040,-87499,-86958,-86417,-85876,-85335,-84794,-84253,-83712,-83171,-82630,-82089,-81548,-81007,-80466,-79925,-79384,-78843,-78302,-77761,-77363,-77220,-76679,-76138,-75597,-75056,-74515,-73974,-73433,-72892,-72351,-71810,-71269,-70728,-70187,-69646,-69105,-68564,-68023,-67482,-66941,-66400,-65859,-65318,-64777,-64236,-63695,-63154,-62613,-62072,-61531,-60990,-60449,-59908,-59367,-58826,-58285,-57744,-57203,-56662,-56121,-55580,-55039,-54498,-53957,-53416,-52875,-52334,-51793,-51252,-50711,-50170,-49629,-49088,-48547,-48006,-47465,-46924,-46383,-45842,-45301,-44760,-44219,-43678,-43137,-42596,-42055,-41514,-40973,-40432,-39891,-39350,-38809,-38268,-37727,-37186,-36645,-36104,-35563,-35022,-34481,-33940,-33399,-32858,-32317,-31776,-31235,-30694,-30153,-29612,-29071,-28530,-27989,-27448,-26907,-26366,-25825,-25284,-24743,-24202,-23661,-23120,-22579,-22038,-21497,-20956,-20415,-19874,-19333,-18792,-18251,-17710,-17169,-16628,-16087,-15546,-15005,-14464,-13923,-13382,-12841,-12300,-11759,-11218,-10677,-10136,-9595,-9054,-8513,-7972,-7431,-6890,-6349,-5808,-5267,-4726,-4185,-3644,-3103,-2562,-2021,-1480,-939,-398
144,685,1226,1767,2308,2849,3390,3931,4472,5013,5554,6095,6636,7177,7718,8259,8800,9341,9882,10423,10964,11505,12046,12587,13128,13669,14210,14751,15292,15833,16374,16915,17456,17997,18538,19079,19620,20161,20702,21243,21784,22325,22866,23407,23948,24489,25030,25571,26112,26653,27194,27735,28276,28817,29358,29899,30440,30981,31522,32063,32604,33145,33686,34227,34768,35309,35850,36391,36932,37473,38014,38555,39096,39637,40178,40719,41260,41801,42342,42883,43424,43965,44506,45047,45588,46129,46670,47211,47752,48293,48834,49375,49916,50457,50998,51539,52080,52621,53162,53703,54244,54785,55326,55867,56408,56949,57490,58031,58572,59113,59654,60195,60736,61277,61818,62359,62900,63441,63982,64523,65064,65605,66146,66687,67228,67769,68310,68851,69392,69933,70474,71015,71556,72097,72638,73179,73720,74261,74802,75343,75884,76425,76966,77507,78048,78589,79130,79671,80212,80753,81294,81835,82376,82917,83458,83999,84540,85081,85622,86163,86704,87245,87786,88327,88868,89409,89950,90491,91032,91573,92114,92655,93196,93737,94278,94819,95360,95901,96442,96983,97524,98065,98606,99147,99688,100229,100770,101311,101852,102393,102934,103475,104016,104557,105098,105639,106180,106721,107262,107803,108344,108885,109426,109967,110508,111049,111590,112131,112672,113213,113754,114295,114836,115377,115918,116459,117000,117541,118082,118623,119164,119705,120246,120787,121328,121869,122410,122951,123492,124033,124574,125115,125656,126197,126738,127279,127820,128361,128902,129443,129984,130525,131066,131607,132148,132689,133230,133771,134312,134853,135394,135935,136476,137017,137558,138099,138640,139181,139722,140263,140804,141345,141886,142427,142968,143509,144050,144591,145132,145673,146214,-145926,-145385,-144844,-144303,-143762,-143221,-142680,-142139,-141598,-141057,-140516,-139975,-139434,-138893,-138352,-137811,-137270,-136729,-136188,-135647,-135106,-134565,-134024,-133483,-132942,-132401,-131860,-131319,-130778,-130237,-129696,-129155,-128614,-128073,-127532,-126991,-126450,-125909,-125368,-124827,-124286,-123745,-123204,-122663,-122122,-121581,-121040,-120499,-119958,-119417,-118876,-118335,-117794,-117253,-116712,-116171,-115630,-115089,-114548,-114007,-113466,-112925,-112384,-111843,-111302,-110761,-110220,-109679,-109138,-108597,-108056,-107515,-106974,-106433,-105892,-105351,-104810,-104269,-103728,-103187,-102646,-102105,-101564,-101023,-100482,-99941,-99400,-98859,-98318,-97777,-97236,-96695,-96154,-95613,-95072,-94531,-93990,-93449,-92908,-92367,-91826,-91285,-90744,-90203,-89662,-89121,-88580,-88039,-87498,-86957,-86416,-85875,-85334,-84793,-84252,-83711,-83170,-82629,-82088,-81547,-81006,-80465,-79924,-79383,-78842,-78301,-77904,-77760,-77219,-76678,-76137,-75596,-75055,-74514,-73973,-73432,-72891,-72350,-71809,-71268,-70727,-70186,-69645,-69104,-68563,-68022,-67481,-66940,-66399,-65858,-65317,-64776,-64235,-63694,-63153,-62612,-62071,-61530,-60989,-60448,-59907,-59366,-58825,-58284,-57743,-57202,-56661,-56120,-55579,-55038,-54497,-53956,-53415,-52874,-52333,-51792,-51251,-50710,-50169,-49628,-49087,-48546,-48005,-47464,-46923,-46382,-45841,-45300,-44759,-44218,-43677,-43136,-42595,-42054,-41513,-40972,-40431,-39890,-39349,-38808,-38267,-37726,-37185,-36644,-36103,-35562,-35021,-34480,-33939,-33398,-32857,-32316,-31775,-31234,-30693,-30152,-29611,-29070,-28529,-27988,-27447,-26906,-26365,-25824,-25283,-24742,-24201,-23660,-23119,-22578,-22037,-21496,-20955,-20414,-19873,-19332,-18791,-18250,-17709,-17168,-16627,-16086,-15545,-15004,-14463,-13922,-13381,-12840,-12299,-11758,-11217,-10676,-10135,-9594,-9053,-8512,-7971,-7430,-6889,-6348,-5807,-5266,-4725,-4184,-3643,-3102,-2561,-2020,-1479,-938,-397
145,686,1227,1768,2309,2850,3391,3932,4473,5014,5555,6096,6637,7178,7719,8260,8801,9342,9883,10424,10965,11506,12047,12588,13129,13670,14211,14752,15293,15834,16375,16916,17457,17998,18539,19080,19621,20162,20703,21244,21785,22326,22867,23408,23949,24490,25031,25572,26113,26654,27195,27736,28277,28818,29359,29900,30441,30982,31523,32064,32605,33146,33687,34228,34769,35310,35851,36392,36933,37474,38015,38556,39097,39638,40179,40720,41261,41802,42343,42884,43425,43966,44507,45048,45589,46130,46671,47212,47753,48294,48835,49376,49917,50458,50999,51540,52081,52622,53163,53704,54245,54786,55327,55868,56409,56950,57491,58032,58573,59114,59655,60196,60737,61278,61819,62360,62901,63442,63983,64524,65065,65606,66147,66688,67229,67770,68311,68852,69393,69934,70475,71016,71557,72098,72639,73180,73721,74262,74803,75344,75885,76426,76967,77508,78049,78590,79131,79672,80213,80754,81295,81836,82377,82918,83459,84000,84541,85082,85623,86164,86705,87246,87787,88328,88869,89410,89951,90492,91033,91574,92115,92656,93197,93738,94279,94820,95361,95902,96443,96984,97525,98066,98607,99148,99689,100230,100771,101312,101853,102394,102935,103476,104017,104558,105099,105640,106181,106722,107263,107804,108345,108886,109427,109968,110509,111050,111591,112132,112673,113214,113755,114296,114837,115378,115919,116460,117001,117542,118083,118624,119165,119706,120247,120788,121329,121870,122411,122952,123493,124034,124575,125116,125657,126198,126739,127280,127821,128362,128903,129444,129985,130526,131067,131608,132149,132690,133231,133772,134313,134854,135395,135936,136477,137018,137559,138100,138641,139182,139723,140264,140805,141346,141887,142428,142969,143510,144051,144592,145133,145674,146215,-145925,-145384,-144843,-144302,-143761,-143220,-142679,-142138,-141597,-141056,-140515,-139974,-139433,-138892,-138351,-137810,-137269,-136728,-136187,-135646,-135105,-134564,-134023,-133482,-132941,-132400,-131859,-131318,-130777,-130236,-129695,-129154,-128613,-128072,-127531,-126990,-126449,-125908,-125367,-124826,-124285,-123744,-123203,-122662,-122121,-121580,-121039,-120498,-119957,-119416,-118875,-118334,-117793,-117252,-116711,-116170,-115629,-115088,-114547,-114006,-113465,-112924,-112383,-111842,-111301,-110760,-110219,-109678,-109137,-108596,-108055,-107514,-106973,-106432,-105891,-105350,-104809,-104268,-103727,-103186,-102645,-102104,-101563,-101022,-100481,-99940,-99399,-98858,-98317,-97776,-97235,-96694,-96153,-95612,-95071,-94530,-93989,-93448,-92907,-92366,-91825,-91284,-90743,-90202,-89661,-89120,-88579,-88038,-87497,-86956,-86415,-85874,-85333,-84792,-84251,-83710,-83169,-82628,-82087,-81546,-81005,-80464,-79923,-79382,-78841,-78445,-78300,-77759,-77218,-76677,-76136,-75595,-75054,-74513,-73972,-73431,-72890,-72349,-71808,-71267,-70726,-70185,-69644,-69103,-68562,-68021,-67480,-66939,-66398,-65857,-65316,-64775,-64234,-63693,-63152,-62611,-62070,-61529,-60988,-60447,-59906,-59365,-58824,-58283,-57742,-57201,-56660,-56119,-55578,-55037,-54496,-53955,-53414,-52873,-52332,-51791,-51250,-50709,-50168,-49627,-49086,-48545,-48004,-47463,-46922,-46381,-45840,-45299,-44758,-44217,-43676,-43135,-42594,-42053,-41512,-40971,-40430,-39889,-39348,-38807,-38266,-37725,-37184,-36643,-36102,-35561,-35020,-34479,-33938,-33397,-32856,-32315,-31774,-31233,-30692,-30151,-29610,-29069,-28528,-27987,-27446,-26905,-26364,-25823,-25282,-24741,-24200,-23659,-23118,-22577,-22036,-21495,-20954,-20413,-19872,-19331,-18790,-18249,-17708,-17167,-16626,-16085,-15544,-15003,-14462,-13921,-13380,-12839,-12298,-11757,-11216,-10675,-10134,-9593,-9052,-8511,-7970,-7429,-6888,-6347,-5806,-5265,-4724,-4183,-3642,-3101,-2560,-2019,-1478,-937,-396
146,687,1228,1769,2310,2851,3392,3933,4474,5015,5556,6097,6638,7179,7720,8261,8802,9343,9884,10425,10966,11507,12048,12589,13130,13671,14212,14753,15294,15835,16376,16917,17458,17999,18540,19081,19622,20163,20704,21245,21786,22327,22868,23409,23950,24491,25032,25573,26114,26655,27196,27737,28278,28819,29360,29901,30442,30983,31524,32065,32606,33147,33688,34229,34770,35311,35852,36393,36934,37475,38016,38557,39098,39639,40180,40721,41262,41803,42344,42885,43426,43967,44508,45049,45590,46131,46672,47213,47754,48295,48836,49377,49918,50459,51000,51541,52082,52623,53164,53705,54246,54787,55328,55869,56410,56951,57492,58033,58574,59115,59656,60197,60738,61279,61820,62361,62902,63443,63984,64525,65066,65607,66148,66689,67230,67771,68312,68853,69394,69935,70476,71017,71558,72099,72640,73181,73722,74263,74804,75345,75886,76427,76968,77509,78050,78591,79132,79673,80214,80755,81296,81837,82378,82919,83460,84001,84542,85083,85624,86165,86706,87247,87788,88329,88870,89411,89952,90493,91034,91575,92116,92657,93198,93739,94280,94821,95362,95903,96444,96985,97526,98067,98608,99149,99690,100231,100772,101313,101854,102395,102936,103477,104018,104559,105100,105641,106182,106723,107264,107805,108346,108887,109428,109969,110510,111051,111592,112133,112674,113215,113756,114297,114838,115379,115920,116461,117002,117543,118084,118625,119166,119707,120248,120789,121330,121871,122412,122953,123494,124035,124576,125117,125658,126199,126740,127281,127822,128363,128904,129445,129986,130527,131068,131609,132150,132691,133232,133773,134314,134855,135396,135937,136478,137019,137560,138101,138642,139183,139724,140265,140806,141347,141888,142429,142970,143511,144052,144593,145134,145675,146216,-145924,-145383,-144842,-144301,-143760,-143219,-142678,-142137,-141596,-141055,-140514,-139973,-139432,-138891,-138350,-137809,-137268,-136727,-136186,-135645,-135104,-134563,-134022,-133481,-132940,-132399,-131858,-131317,-130776,-130235,-129694,-129153,-128612,-128071,-127530,-126989,-126448,-125907,-125366,-124825,-124284,-123743,-123202,-122661,-122120,-121579,-121038,-120497,-119956,-119415,-118874,-118333,-117792,-117251,-116710,-116169,-115628,-115087,-114546,-114005,-113464,-112923,-112382,-111841,-111300,-110759,-110218,-109677,-109136,-108595,-108054,-107513,-106972,-106431,-105890,-105349,-104808,-104267,-103726,-103185,-102644,-102103,-101562,-101021,-100480,-99939,-99398,-98857,-98316,-97775,-97234,-96693,-96152,-95611,-95070,-94529,-93988,-93447,-92906,-92365,-91824,-91283,-90742,-90201,-89660,-89119,-88578,-88037,-87496,-86955,-86414,-85873,-85332,-84791,-84250,-83709,-83168,-82627,-82086,-81545,-81004,-80463,-79922,-79381,-78986,-78840,-78299,-77758,-77217,-76676,-76135,-75594,-75053,-74512,-73971,-73430,-72889,-72348,-71807,-71266,-70725,-70184,-69643,-69102,-68561,-68020,-67479,-66938,-66397,-65856,-65315,-64774,-64233,-63692,-63151,-62610,-62069,-61528,-60987,-60446,-59905,-59364,-58823,-58282,-57741,-57200,-56659,-56118,-55577,-55036,-54495,-53954,-53413,-52872,-52331,-51790,-51249,-50708,-50167,-49626,-49085,-48544,-48003,-47462,-46921,-46380,-45839,-45298,-44757,-44216,-43675,-43134,-42593,-42052,-41511,-40970,-40429,-39888,-39347,-38806,-38265,-37724,-37183,-36642,-36101,-35560,-35019,-34478,-33937,-33396,-32855,-32314,-31773,-31232,-30691,-30150,-29609,-29068,-28527,-27986,-27445,-26904,-26363,-25822,-25281,-24740,-24199,-23658,-23117,-22576,-22035,-21494,-20953,-20412,-19871,-19330,-18789,-18248,-17707,-17166,-16625,-16084,-15543,-15002,-14461,-13920,-13379,-12838,-12297,-11756,-11215,-10674,-10133,-9592,-9051,-8510,-7969,-7428,-6887,-6346,-5805,-5264,-4723,-4182,-3641,-3100,-2559,-2018,-1477,-936,-395
147,688,1229,1770,2311,2852,3393,3934,4475,5016,5557,6098,6639,7180,7721,8262,8803,9344,9885,10426,10967,11508,12049,12590,13131,13672,14213,14754,15295,15836,16377,16918,17459,18000,18541,19082,19623,20164,20705,21246,21787,22328,22869,23410,23951,24492,25033,25574,26115,26656,27197,27738,28279,28820,29361,29902,30443,30984,31525,32066,32607,33148,33689,34230,34771,35312,35853,36394,36935,37476,38017,38558,39099,39640,40181,40722,41263,41804,42345,42886,43427,43968,44509,45050,45591,46132,46673,47214,47755,48296,48837,49378,49919,50460,51001,51542,52083,52624,53165,53706,54247,54788,55329,55870,56411,56952,57493,58034,58575,59116,59657,60198,60739,61280,61821,62362,62903,63444,63985,64526,65067,65608,66149,66690,67231,67772,68313,68854,69395,69936,70477,71018,71559,72100,72641,73182,73723,74264,74805,75346,75887,76428,76969,77510,78051,78592,79133,79674,80215,80756,81297,81838,82379,82920,83461,84002,84543,85084,85625,86166,86707,87248,87789,88330,88871,89412,89953,90494,91035,91576,92117,92658,93199,93740,94281,94822,95363,95904,96445,96986,97527,98068,98609,99150,99691,100232,100773,101314,101855,102396,102937,103478,104019,104560,105101,105642,106183,106724,107265,107806,108347,108888,109429,109970,110511,111052,111593,112134,112675,113216,113757,114298,114839,115380,115921,116462,117003,117544,118085,118626,119167,119708,120249,120790,121331,121872,122413,122954,123495,124036,124577,125118,125659,126200,126741,127282,127823,128364,128905,129446,129987,130528,131069,131610,132151,132692,133233,133774,134315,134856,135397,135938,136479,137020,137561,138102,138643,139184,139725,140266,140807,141348,141889,142430,142971,143512,144053,144594,145135,145676,146217,-145923,-145382,-144841,-144300,-143759,-143218,-142677,-142136,-141595,-141054,-140513,-139972,-139431,-138890,-138349,-137808,-137267,-136726,-136185,-135644,-135103,-134562,-134021,-133480,-132939,-132398,-131857,-131316,-130775,-130234,-129693,-129152,-128611,-128070,-127529,-126988,-126447,-125906,-125365,-124824,-124283,-123742,-123201,-122660,-122119,-121578,-121037,-120496,-119955,-119414,-118873,-118332,-117791,-117250,-116709,-116168,-115627,-115086,-114545,-114004,-113463,-112922,-112381,-111840,-111299,-110758,-110217,-109676,-109135,-108594,-108053,-107512,-106971,-106430,-105889,-105348,-104807,-104266,-103725,-103184,-102643,-102102,-101561,-101020,-100479,-99938,-99397,-98856,-98315,-97774,-97233,-96692,-96151,-95610,-95069,-94528,-93987,-93446,-92905,-92364,-91823,-91282,-90741,-90200,-89659,-89118,-88577,-88036,-87495,-86954,-86413,-85872,-85331,-84790,-84249,-83708,-83167,-82626,-82085,-81544,-81003,-80462,-79921,-79527,-79380,-78839,-78298,-77757,-77216,-76675,-76134,-75593,-75052,-74511,-73970,-73429,-72888,-72347,-71806,-71265,-70724,-70183,-69642,-69101,-68560,-68019,-67478,-66937,-66396,-65855,-65314,-64773,-64232,-63691,-63150,-62609,-62068,-61527,-60986,-60445,-59904,-59363,-58822,-58281,-57740,-57199,-56658,-56117,-55576,-55035,-54494,-53953,-53412,-52871,-52330,-51789,-51248,-50707,-50166,-49625,-49084,-48543,-48002,-47461,-46920,-46379,-45838,-45297,-44756,-44215,-43674,-43133,-42592,-42051,-41510,-40969,-40428,-39887,-39346,-38805,-38264,-37723,-37182,-36641,-36100,-35559,-35018,-34477,-33936,-33395,-32854,-32313,-31772,-31231,-30690,-30149,-29608,-29067,-28526,-27985,-27444,-26903,-26362,-25821,-25280,-24739,-24198,-23657,-23116,-22575,-22034,-21493,-20952,-20411,-19870,-19329,-18788,-18247,-17706,-17165,-16624,-16083,-15542,-15001,-14460,-13919,-13378,-12837,-12296,-11755,-11214,-10673,-10132,-9591,-9050,-8509,-7968,-7427,-6886,-6345,-5804,-5263,-4722,-4181,-3640,-3099,-2558,-2017,-1476,-935,-394
148,689,1230,1771,2312,2853,3394,3935,4476,5017,5558,6099,6640,7181,7722,8263,8804,9345,9886,10427,10968,11509,12050,12591,13132,13673,14214,14755,15296,15837,16378,16919,17460,18001,18542,19083,19624,20165,20706,21247,21788,22329,22870,23411,23952,24493,25034,25575,26116,26657,27198,27739,28280,28821,29362,29903,30444,30985,31526,32067,32608,33149,33690,34231,34772,35313,35854,36395,36936,37477,38018,38559,39100,39641,40182,40723,41264,41805,42346,42887,43428,43969,44510,45051,45592,46133,46674,47215,47756,48297,48838,49379,49920,50461,51002,51543,52084,52625,53166,53707,54248,54789,55330,55871,56412,56953,57494,58035,58576,59117,59658,60199,60740,61281,61822,62363,62904,63445,63986,64527,65068,65609,66150,66691,67232,67773,68314,68855,69396,69937,70478,71019,71560,72101,72642,73183,73724,74265,74806,75347,75888,76429,76970,77511,78052,78593,79134,79675,80216,80757,81298,81839,82380,82921,83462,84003,84544,85085,85626,86167,86708,87249,87790,88331,88872,89413,89954,90495,91036,91577,92118,92659,93200,93741,94282,94823,95364,95905,96446,96987,97528,98069,98610,99151,99692,100233,100774,101315,101856,102397,102938,103479,104020,104561,105102,105643,106184,106725,107266,107807,108348,108889,109430,109971,110512,111053,111594,112135,112676,113217,113758,114299,114840,115381,115922,116463,117004,117545,118086,118627,119168,119709,120250,120791,121332,121873,122414,122955,123496,124037,124578,125119,125660,126201,126742,127283,127824,128365,128906,129447,129988,130529,131070,131611,132152,132693,133234,133775,134316,134857,135398,135939,136480,137021,137562,138103,138644,139185,139726,140267,140808,141349,141890,142431,142972,143513,144054,144595,145136,145677,146218,-145922,-145381,-144840,-144299,-143758,-143217,-142676,-142135,-141594,-141053,-140512,-139971,-139430,-138889,-138348,-137807,-137266,-136725,-136184,-135643,-135102,-134561,-134020,-133479,-132938,-132397,-131856,-131315,-130774,-130233,-129692,-129151,-128610,-128069,-127528,-126987,-126446,-125905,-125364,-124823,-124282,-123741,-123200,-122659,-122118,-121577,-121036,-120495,-119954,-119413,-118872,-118331,-117790,-117249,-116708,-116167,-115626,-115085,-114544,-114003,-113462,-112921,-112380,-111839,-111298,-110757,-110216,-109675,-109134,-108593,-108052,-107511,-106970,-106429,-105888,-105347,-104806,-104265,-103724,-103183,-102642,-102101,-101560,-101019,-100478,-99937,-99396,-98855,-98314,-97773,-97232,-96691,-96150,-95609,-95068,-94527,-93986,-93445,-92904,-92363,-91822,-91281,-90740,-90199,-89658,-89117,-88576,-88035,-87494,-86953,-86412,-85871,-85330,-84789,-84248,-83707,-83166,-82625,-82084,-81543,-81002,-80461,-80068,-79920,-79379,-78838,-78297,-77756,-77215,-76674,-76133,-75592,-75051,-74510,-73969,-73428,-72887,-72346,-71805,-71264,-70723,-70182,-69641,-69100,-68559,-68018,-67477,-66936,-66395,-65854,-65313,-64772,-64231,-63690,-63149,-62608,-62067,-61526,-60985,-60444,-59903,-59362,-58821,-58280,-57739,-57198,-56657,-56116,-55575,-55034,-54493,-53952,-53411,-52870,-52329,-51788,-51247,-50706,-50165,-49624,-49083,-48542,-48001,-47460,-46919,-46378,-45837,-45296,-44755,-44214,-43673,-43132,-42591,-42050,-41509,-40968,-40427,-39886,-39345,-38804,-38263,-37722,-37181,-36640,-36099,-35558,-35017,-34476,-33935,-33394,-32853,-32312,-31771,-31230,-30689,-30148,-29607,-29066,-28525,-27984,-27443,-26902,-26361,-25820,-25279,-24738,-24197,-23656,-23115,-22574,-22033,-21492,-20951,-20410,-19869,-19328,-18787,-18246,-17705,-17164,-16623,-16082,-15541,-15000,-14459,-13918,-13377,-12836,-12295,-11754,-11213,-10672,-10131,-9590,-9049,-8508,-7967,-7426,-6885,-6344,-5803,-5262,-4721,-4180,-3639,-3098,-2557,-2016,-1475,-934,-393
149,690,1231,1772,2313,2854,3395,3936,4477,5018,5559,6100,6641,7182,7723,8264,8805,9346,9887,10428,10969,11510,12051,12592,13133,13674,14215,14756,15297,15838,16379,16920,17461,18002,18543,19084,19625,20166,20707,21248,21789,22330,22871,23412,23953,24494,25035,25576,26117,26658,27199,27740,28281,28822,29363,29904,30445,30986,31527,32068,32609,33150,33691,34232,34773,35314,35855,36396,36937,37478,38019,38560,39101,39642,40183,40724,41265,41806,42347,42888,43429,43970,44511,45052,45593,46134,46675,47216,47757,48298,48839,49380,49921,50462,51003,51544,52085,52626,53167,53708,54249,54790,55331,55872,56413,56954,57495,58036,58577,59118,59659,60200,60741,61282,61823,62364,62905,63446,63987,64528,65069,65610,66151,66692,67233,67774,68315,68856,69397,69938,70479,71020,71561,72102,72643,73184,73725,74266,74807,75348,75889,76430,76971,77512,78053,78594,79135,79676,80217,80758,81299,81840,82381,82922,83463,84004,84545,85086,85627,86168,86709,87250,87791,88332,88873,89414,89955,90496,91037,91578,92119,92660,93201,93742,94283,94824,95365,95906,96447,96988,97529,98070,98611,99152,99693,100234,100775,101316,101857,102398,102939,103480,104021,104562,105103,105644,106185,106726,107267,107808,108349,108890,109431,109972,110513,111054,111595,112136,112677,113218,113759,114300,114841,115382,115923,116464,117005,117546,118087,118628,119169,119710,120251,120792,121333,121874,122415,122956,123497,124038,124579,125120,125661,126202,126743,127284,127825,128366,128907,129448,129989,130530,131071,131612,132153,132694,133235,133776,134317,134858,135399,135940,136481,137022,137563,138104,138645,139186,139727,140268,140809,141350,141891,142432,142973,143514,144055,144596,145137,145678,146219,-145921,-145380,-144839,-144298,-143757,-143216,-142675,-142134,-141593,-141052,-140511,-139970,-139429,-138888,-138347,-137806,-137265,-136724,-136183,-135642,-135101,-134560,-134019,-133478,-132937,-132396,-131855,-131314,-130773,-130232,-129691,-129150,-128609,-128068,-127527,-126986,-126445,-125904,-125363,-124822,-124281,-123740,-123199,-122658,-122117,-121576,-121035,-120494,-119953,-119412,-118871,-118330,-117789,-117248,-116707,-116166,-115625,-115084,-114543,-114002,-113461,-112920,-112379,-111838,-111297,-110756,-110215,-109674,-109133,-108592,-108051,-107510,-106969,-106428,-105887,-105346,-104805,-104264,-103723,-103182,-102641,-102100,-101559,-101018,-100477,-99936,-99395,-98854,-98313,-97772,-97231,-96690,-96149,-95608,-95067,-94526,-93985,-93444,-92903,-92362,-91821,-91280,-90739,-90198,-89657,-89116,-88575,-88034,-87493,-86952,-86411,-85870,-85329,-84788,-84247,-83706,-83165,-82624,-82083,-81542,-81001,-80609,-80460,-79919,-79378,-78837,-78296,-77755,-77214,-76673,-76132,-75591,-75050,-74509,-73968,-73427,-72886,-72345,-71804,-71263,-70722,-70181,-69640,-69099,-68558,-68017,-67476,-66935,-66394,-65853,-65312,-64771,-64230,-63689,-63148,-62607,-62066,-61525,-60984,-60443,-59902,-59361,-58820,-58279,-57738,-57197,-56656,-56115,-55574,-55033,-54492,-53951,-53410,-52869,-52328,-51787,-51246,-50705,-50164,-49623,-49082,-48541,-48000,-47459,-46918,-46377,-45836,-45295,-44754,-44213,-43672,-43131,-42590,-42049,-41508,-40967,-40426,-39885,-39344,-38803,-38262,-37721,-37180,-36639,-36098,-35557,-35016,-34475,-33934,-33393,-32852,-32311,-31770,-31229,-30688,-30147,-29606,-29065,-28524,-27983,-27442,-26901,-26360,-25819,-25278,-24737,-24196,-23655,-23114,-22573,-22032,-21491,-20950,-20409,-19868,-19327,-18786,-18245,-17704,-17163,-16622,-16081,-15540,-14999,-14458,-13917,-13376,-12835,-12294,-11753,-11212,-10671,-10130,-9589,-9048,-8507,-7966,-7425,-6884,-6343,-5802,-5261,-4720,-4179,-3638,-3097,-2556,-2015,-1474,-933,-392
150,691,1232,1773,2314,2855,3396,3937,4478,5019,5560,6101,6642,7183,7724,8265,8806,9347,9888,10429,10970,11511,12052,12593,13134,13675,14216,14757,15298,15839,16380,16921,17462,18003,18544,19085,19626,20167,20708,21249,21790,22331,22872,23413,23954,24495,25036,25577,26118,26659,27200,27741,28282,28823,29364,29905,30446,30987,31528,32069,32610,33151,33692,34233,34774,35315,35856,36397,36938,37479,38020,38561,39102,39643,40184,40725,41266,41807,42348,42889,43430,43971,44512,45053,45594,46135,46676,47217,47758,48299,48840,49381,49922,50463,51004,51545,52086,52627,53168,53709,54250,54791,55332,55873,56414,56955,57496,58037,58578,59119,59660,60201,60742,61283,61824,62365,62906,63447,63988,64529,65070,65611,66152,66693,67234,67775,68316,68857,69398,69939,70480,71021,71562,72103,72644,73185,73726,74267,74808,75349,75890,76431,76972,77513,78054,78595,79136,79677,80218,80759,81300,81841,82382,82923,83464,84005,84546,85087,85628,86169,86710,87251,87792,88333,88874,89415,89956,90497,91038,91579,92120,92661,93202,93743,94284,94825,95366,95907,96448,96989,97530,98071,98612,99153,99694,100235,100776,101317,101858,102399,102940,103481,104022,104563,105104,105645,106186,106727,107268,107809,108350,108891,109432,109973,110514,111055,111596,112137,112678,113219,113760,114301,114842,115383,115924,116465,117006,117547,118088,118629,119170,119711,120252,120793,121334,121875,122416,122957,123498,124039,124580,125121,125662,126203,126744,127285,127826,128367,128908,129449,129990,130531,131072,131613,132154,132695,133236,133777,134318,134859,135400,135941,136482,137023,137564,138105,138646,139187,139728,140269,140810,141351,141892,142433,142974,143515,144056,144597,145138,145679,146220,-145920,-145379,-144838,-144297,-143756,-143215,-142674,-142133,-141592,-141051,-140510,-139969,-139428,-138887,-138346,-137805,-137264,-136723,-136182,-135641,-135100,-134559,-134018,-133477,-132936,-132395,-131854,-131313,-130772,-130231,-129690,-129149,-128608,-128067,-127526,-126985,-126444,-125903,-125362,-124821,-124280,-123739,-123198,-122657,-122116,-121575,-121034,-120493,-119952,-119411,-118870,-118329,-117788,-117247,-116706,-116165,-115624,-115083,-114542,-114001,-113460,-112919,-112378,-111837,-111296,-110755,-110214,-109673,-109132,-108591,-108050,-107509,-106968,-106427,-105886,-105345,-104804,-104263,-103722,-103181,-102640,-102099,-101558,-101017,-100476,-99935,-99394,-98853,-98312,-97771,-97230,-96689,-96148,-95607,-95066,-94525,-93984,-93443,-92902,-92361,-91820,-91279,-90738,-90197,-89656,-89115,-88574,-88033,-87492,-86951,-86410,-85869,-85328,-84787,-84246,-83705,-83164,-82623,-82082,-81541,-81150,-81000,-80459,-79918,-79377,-78836,-78295,-77754,-77213,-76672,-76131,-75590,-75049,-74508,-73967,-73426,-72885,-72344,-71803,-71262,-70721,-70180,-69639,-69098,-68557,-68016,-67475,-66934,-66393,-65852,-65311,-64770,-64229,-63688,-63147,-62606,-62065,-61524,-60983,-60442,-59901,-59360,-58819,-58278,-57737,-57196,-56655,-56114,-55573,-55032,-54491,-53950,-53409,-52868,-52327,-51786,-51245,-50704,-50163,-49622,-49081,-48540,-47999,-47458,-46917,-46376,-45835,-45294,-44753,-44212,-43671,-43130,-42589,-42048,-41507,-40966,-40425,-39884,-39343,-38802,-38261,-37720,-37179,-36638,-36097,-35556,-35015,-34474,-33933,-33392,-32851,-32310,-31769,-31228,-30687,-30146,-29605,-29064,-28523,-27982,-27441,-26900,-26359,-25818,-25277,-24736,-24195,-23654,-23113,-22572,-22031,-21490,-20949,-20408,-19867,-19326,-18785,-18244,-17703,-17162,-16621,-16080,-15539,-14998,-14457,-13916,-13375,-12834,-12293,-11752,-11211,-10670,-10129,-9588,-9047,-8506,-7965,-7424,-6883,-6342,-5801,-5260,-4719,-4178,-3637,-3096,-2555,-2014,-1473,-932,-391
151,692,1233,1774,2315,2856,3397,3938,4479,5020,5561,6102,6643,7184,7725,8266,8807,9348,9889,10430,10971,11512,12053,12594,13135,13676,14217,14758,15299,15840,16381,16922,17463,18004,18545,19086,19627,20168,20709,21250,21791,22332,22873,23414,23955,24496,25037,25578,26119,26660,27201,27742,28283,28824,29365,29906,30447,30988,31529,32070,32611,33152,33693,34234,34775,35316,35857,36398,36939,37480,38021,38562,39103,39644,40185,40726,41267,41808,42349,42890,43431,43972,44513,45054,45595,46136,46677,47218,47759,48300,48841,49382,49923,50464,51005,51546,52087,52628,53169,53710,54251,54792,55333,55874,56415,56956,57497,58038,58579,59120,59661,60202,60743,61284,61825,62366,62907,63448,63989,64530,65071,65612,66153,66694,67235,67776,68317,68858,69399,69940,70481,71022,71563,72104,72645,73186,73727,74268,74809,75350,75891,76432,76973,77514,78055,78596,79137,79678,80219,80760,81301,81842,82383,82924,83465,84006,84547,85088,85629,86170,86711,87252,87793,88334,88875,89416,89957,90498,91039,91580,92121,92662,93203,93744,94285,94826,95367,95908,96449,96990,97531,98072,98613,99154,99695,100236,100777,101318,101859,102400,102941,103482,104023,104564,105105,105646,106187,106728,107269,107810,108351,108892,109433,109974,110515,111056,111597,112138,112679,113220,113761,114302,114843,115384,115925,116466,117007,117548,118089,118630,119171,119712,120253,120794,121335,121876,122417,122958,123499,124040,124581,125122,125663,126204,126745,127286,127827,128368,128909,129450,129991,130532,131073,131614,132155,132696,133237,133778,134319,134860,135401,135942,136483,137024,137565,138106,138647,139188,139729,140270,140811,141352,141893,142434,142975,143516,144057,144598,145139,145680,146221,-145919,-145378,-144837,-144296,-143755,-143214,-142673,-142132,-141591,-141050,-140509,-139968,-139427,-138886,-138345,-137804,-137263,-136722,-136181,-135640,-135099,-134558,-134017,-133476,-132935,-132394,-131853,-131312,-130771,-130230,-129689,-129148,-128607,-128066,-127525,-126984,-126443,-125902,-125361,-124820,-124279,-123738,-123197,-122656,-122115,-121574,-121033,-120492,-119951,-119410,-118869,-118328,-117787,-117246,-116705,-116164,-115623,-115082,-114541,-114000,-113459,-112918,-112377,-111836,-111295,-110754,-110213,-109672,-109131,-108590,-108049,-107508,-106967,-106426,-105885,-105344,-104803,-104262,-103721,-103180,-102639,-102098,-101557,-101016,-100475,-99934,-99393,-98852,-98311,-97770,-97229,-96688,-96147,-95606,-95065,-94524,-93983,-93442,-92901,-92360,-91819,-91278,-90737,-90196,-89655,-89114,-88573,-88032,-87491,-86950,-86409,-85868,-85327,-84786,-84245,-83704,-83163,-82622,-82081,-81691,-81540,-80999,-80458,-79917,-79376,-78835,-78294,-77753,-77212,-76671,-76130,-75589,-75048,-74507,-73966,-73425,-72884,-72343,-71802,-71261,-70720,-70179,-69638,-69097,-68556,-68015,-67474,-66933,-66392,-65851,-65310,-64769,-64228,-63687,-63146,-62605,-62064,-61523,-60982,-60441,-59900,-59359,-58818,-58277,-57736,-57195,-56654,-56113,-55572,-55031,-54490,-53949,-53408,-52867,-52326,-51785,-51244,-50703,-50162,-49621,-49080,-48539,-47998,-47457,-46916,-46375,-45834,-45293,-44752,-44211,-43670,-43129,-42588,-42047,-41506,-40965,-40424,-39883,-39342,-38801,-38260,-37719,-37178,-36637,-36096,-35555,-35014,-34473,-33932,-33391,-32850,-32309,-31768,-31227,-30686,-30145,-29604,-29063,-28522,-27981,-27440,-26899,-26358,-25817,-25276,-24735,-24194,-23653,-23112,-22571,-22030,-21489,-20948,-20407,-19866,-19325,-18784,-18243,-17702,-17161,-16620,-16079,-15538,-14997,-14456,-13915,-13374,-12833,-12292,-11751,-11210,-10669,-10128,-9587,-9046,-8505,-7964,-7423,-6882,-6341,-5800,-5259,-4718,-4177,-3636,-3095,-2554,-2013,-1472,-931,-390
152,693,1234,1775,2316,2857,3398,3939,4480,5021,5562,6103,6644,7185,7726,8267,8808,9349,9890,10431,10972,11513,12054,12595,13136,13677,14218,14759,15300,15841,16382,16923,17464,18005,18546,19087,19628,20169,20710,21251,21792,22333,22874,23415,23956,24497,25038,25579,26120,26661,27202,27743,28284,28825,29366,29907,30448,30989,31530,32071,32612,33153,33694,34235,34776,35317,35858,36399,36940,37481,38022,38563,39104,39645,40186,40727,41268,41809,42350,42891,43432,43973,44514,45055,45596,46137,46678,47219,47760,48301,48842,49383,49924,50465,51006,51547,52088,52629,53170,53711,54252,54793,55334,55875,56416,56957,57498,58039,58580,59121,59662,60203,60744,61285,61826,62367,62908,63449,63990,64531,65072,65613,66154,66695,67236,67777,68318,68859,69400,69941,70482,71023,71564,72105,72646,73187,73728,74269,74810,75351,75892,76433,76974,77515,78056,78597,79138,79679,80220,80761,81302,81843,82384,82925,83466,84007,84548,85089,85630,86171,86712,87253,87794,88335,88876,89417,89958,90499,91040,91581,92122,92663,93204,93745,94286,94827,95368,95909,96450,96991,97532,98073,98614,99155,99696,100237,100778,101319,101860,102401,102942,103483,104024,104565,105106,105647,106188,106729,107270,107811,108352,108893,109434,109975,110516,111057,111598,112139,112680,113221,113762,114303,114844,115385,115926,116467,117008,117549,118090,118631,119172,119713,120254,120795,121336,121877,122418,122959,123500,124041,124582,125123,125664,126205,126746,127287,127828,128369,128910,129451,129992,130533,131074,131615,132156,132697,133238,133779,134320,134861,135402,135943,136484,137025,137566,138107,138648,139189,139730,140271,140812,141353,141894,142435,142976,143517,144058,144599,145140,145681,146222,-145918,-145377,-144836,-144295,-143754,-143213,-142672,-142131,-141590,-141049,-140508,-139967,-139426,-138885,-138344,-137803,-137262,-136721,-136180,-135639,-135098,-134557,-134016,-133475,-132934,-132393,-131852,-131311,-130770,-130229,-129688,-129147,-128606,-128065,-127524,-126983,-126442,-125901,-125360,-124819,-124278,-123737,-123196,-122655,-122114,-121573,-121032,-120491,-119950,-119409,-118868,-118327,-117786,-117245,-116704,-116163,-115622,-115081,-114540,-113999,-113458,-112917,-112376,-111835,-111294,-110753,-110212,-109671,-109130,-108589,-108048,-107507,-106966,-106425,-105884,-105343,-104802,-104261,-103720,-103179,-102638,-102097,-101556,-101015,-100474,-99933,-99392,-98851,-98310,-97769,-97228,-96687,-96146,-95605,-95064,-94523,-93982,-93441,-92900,-92359,-91818,-91277,-90736,-90195,-89654,-89113,-88572,-88031,-87490,-86949,-86408,-85867,-85326,-84785,-84244,-83703,-83162,-82621,-82232,-82080,-81539,-80998,-80457,-79916,-79375,-78834,-78293,-77752,-77211,-76670,-76129,-75588,-75047,-74506,-73965,-73424,-72883,-72342,-71801,-71260,-70719,-70178,-69637,-69096,-68555,-68014,-67473,-66932,-66391,-65850,-65309,-64768,-64227,-63686,-63145,-62604,-62063,-61522,-60981,-60440,-59899,-59358,-58817,-58276,-57735,-57194,-56653,-56112,-55571,-55030,-54489,-53948,-53407,-52866,-52325,-51784,-51243,-50702,-50161,-49620,-49079,-48538,-47997,-47456,-46915,-46374,-45833,-45292,-44751,-44210,-43669,-43128,-42587,-42046,-41505,-40964,-40423,-39882,-39341,-38800,-38259,-37718,-37177,-36636,-36095,-35554,-35013,-34472,-33931,-33390,-32849,-32308,-31767,-31226,-30685,-30144,-29603,-29062,-28521,-27980,-27439,-26898,-26357,-25816,-25275,-24734,-24193,-23652,-23111,-22570,-22029,-21488,-20947,-20406,-19865,-19324,-18783,-18242,-17701,-17160,-16619,-16078,-15537,-14996,-14455,-13914,-13373,-12832,-12291,-11750,-11209,-10668,-10127,-9586,-9045,-8504,-7963,-7422,-6881,-6340,-5799,-5258,-4717,-4176,-3635,-3094,-2553,-2012,-1471,-930,-389
153,694,1235,1776,2317,2858,3399,3940,4481,5022,5563,6104,6645,7186,7727,8268,8809,9350,9891,10432,10973,11514,12055,12596,13137,13678,14219,14760,15301,15842,16383,16924,17465,18006,18547,19088,19629,20170,20711,21252,21793,22334,22875,23416,23957,24498,25039,25580,26121,26662,27203,27744,28285,28826,29367,29908,30449,30990,31531,32072,32613,33154,33695,34236,34777,35318,35859,36400,36941,37482,38023,38564,39105,39646,40187,40728,41269,41810,42351,42892,43433,43974,44515,45056,45597,46138,46679,47220,47761,48302,48843,49384,49925,50466,51007,51548,52089,52630,53171,53712,54253,54794,55335,55876,56417,56958,57499,58040,58581,59122,59663,60204,60745,61286,61827,62368,62909,63450,63991,64532,65073,65614,66155,66696,67237,67778,68319,68860,69401,69942,70483,71024,71565,72106,72647,73188,73729,74270,74811,75352,75893,76434,76975,77516,78057,78598,79139,79680,80221,80762,81303,81844,82385,82926,83467,84008,84549,85090,85631,86172,86713,87254,87795,88336,88877,89418,89959,90500,91041,91582,92123,92664,93205,93746,94287,94828,95369,95910,96451,96992,97533,98074,98615,99156,99697,100238,100779,101320,101861,102402,102943,103484,104025,104566,105107,105648,106189,106730,107271,107812,108353,108894,109435,109976,110517,111058,111599,112140,112681,113222,113763,114304,114845,115386,115927,116468,117009,117550,118091,118632,119173,119714,120255,120796,121337,121878,122419,122960,123501,124042,124583,125124,125665,126206,126747,127288,127829,128370,128911,129452,129993,130534,131075,131616,132157,132698,133239,133780,134321,134862,135403,135944,136485,137026,137567,138108,138649,139190,139731,140272,140813,141354,141895,142436,142977,143518,144059,144600,145141,145682,146223,-145917,-145376,-144835,-144294,-143753,-143212,-142671,-142130,-141589,-141048,-140507,-139966,-139425,-138884,-138343,-137802,-137261,-136720,-136179,-135638,-135097,-134556,-134015,-133474,-132933,-132392,-131851,-131310,-130769,-130228,-129687,-129146,-128605,-128064,-127523,-126982,-126441,-125900,-125359,-124818,-124277,-123736,-123195,-122654,-122113,-121572,-121031,-120490,-119949,-119408,-118867,-118326,-117785,-117244,-116703,-116162,-115621,-115080,-114539,-113998,-113457,-112916,-112375,-111834,-111293,-110752,-110211,-109670,-109129,-108588,-108047,-107506,-106965,-106424,-105883,-105342,-104801,-104260,-103719,-103178,-102637,-102096,-101555,-101014,-100473,-99932,-99391,-98850,-98309,-97768,-97227,-96686,-96145,-95604,-95063,-94522,-93981,-93440,-92899,-92358,-91817,-91276,-90735,-90194,-89653,-89112,-88571,-88030,-87489,-86948,-86407,-85866,-85325,-84784,-84243,-83702,-83161,-82773,-82620,-82079,-81538,-80997,-80456,-79915,-79374,-78833,-78292,-77751,-77210,-76669,-76128,-75587,-75046,-74505,-73964,-73423,-72882,-72341,-71800,-71259,-70718,-70177,-69636,-69095,-68554,-68013,-67472,-66931,-66390,-65849,-65308,-64767,-64226,-63685,-63144,-62603,-62062,-61521,-60980,-60439,-59898,-59357,-58816,-58275,-57734,-57193,-56652,-56111,-55570,-55029,-54488,-53947,-53406,-52865,-52324,-51783,-51242,-50701,-50160,-49619,-49078,-48537,-47996,-47455,-46914,-46373,-45832,-45291,-44750,-44209,-43668,-43127,-42586,-42045,-41504,-40963,-40422,-39881,-39340,-38799,-38258,-37717,-37176,-36635,-36094,-35553,-35012,-34471,-33930,-33389,-32848,-32307,-31766,-31225,-30684,-30143,-29602,-29061,-28520,-27979,-27438,-26897,-26356,-25815,-25274,-24733,-24192,-23651,-23110,-22569,-22028,-21487,-20946,-20405,-19864,-19323,-18782,-18241,-17700,-17159,-16618,-16077,-15536,-14995,-14454,-13913,-13372,-12831,-12290,-11749,-11208,-10667,-10126,-9585,-9044,-8503,-7962,-7421,-6880,-6339,-5798,-5257,-4716,-4175,-3634,-3093,-2552,-2011,-1470,-929,-388
154,695,1236,1777,2318,2859,3400,3941,4482,5023,5564,6105,6646,7187,7728,8269,8810,9351,9892,10433,10974,11515,12056,12597,13138,13679,14220,14761,15302,15843,16384,16925,17466,18007,18548,19089,19630,20171,20712,21253,21794,22335,22876,23417,23958,24499,25040,25581,26122,26663,27204,27745,28286,28827,29368,29909,30450,30991,31532,32073,32614,33155,33696,34237,34778,35319,35860,36401,36942,37483,38024,38565,39106,39647,40188,40729,41270,41811,42352,42893,43434,43975,44516,45057,45598,46139,46680,47221,47762,48303,48844,49385,49926,50467,51008,51549,52090,52631,53172,53713,54254,54795,55336,55877,56418,56959,57500,58041,58582,59123,59664,60205,60746,61287,61828,62369,62910,63451,63992,64533,65074,65615,66156,66697,67238,67779,68320,68861,69402,69943,70484,71025,71566,72107,72648,73189,73730,74271,74812,75353,75894,76435,76976,77517,78058,78599,79140,79681,80222,80763,81304,81845,82386,82927,83468,84009,84550,85091,85632,86173,86714,87255,87796,88337,88878,89419,89960,90501,91042,91583,92124,92665,93206,93747,94288,94829,95370,95911,96452,96993,97534,98075,98616,99157,99698,100239,100780,101321,101862,102403,102944,103485,104026,104567,105108,105649,106190,106731,107272,107813,108354,108895,109436,109977,110518,111059,111600,112141,112682,113223,113764,114305,114846,115387,115928,116469,117010,117551,118092,118633,119174,119715,120256,120797,121338,121879,122420,122961,123502,124043,124584,125125,125666,126207,126748,127289,127830,128371,128912,129453,129994,130535,131076,131617,132158,132699,133240,133781,134322,134863,135404,135945,136486,137027,137568,138109,138650,139191,139732,140273,140814,141355,141896,142437,142978,143519,144060,144601,145142,145683,146224,-145916,-145375,-144834,-144293,-143752,-143211,-142670,-142129,-141588,-141047,-140506,-139965,-139424,-138883,-138342,-137801,-137260,-136719,-136178,-135637,-135096,-134555,-134014,-133473,-132932,-132391,-131850,-131309,-130768,-130227,-129686,-129145,-128604,-128063,-127522,-126981,-126440,-125899,-125358,-124817,-124276,-123735,-123194,-122653,-122112,-121571,-121030,-120489,-119948,-119407,-118866,-118325,-117784,-117243,-116702,-116161,-115620,-115079,-114538,-113997,-113456,-112915,-112374,-111833,-111292,-110751,-110210,-109669,-109128,-108587,-108046,-107505,-106964,-106423,-105882,-105341,-104800,-104259,-103718,-103177,-102636,-102095,-101554,-101013,-100472,-99931,-99390,-98849,-98308,-97767,-97226,-96685,-96144,-95603,-95062,-94521,-93980,-93439,-92898,-92357,-91816,-91275,-90734,-90193,-89652,-89111,-88570,-88029,-87488,-86947,-86406,-85865,-85324,-84783,-84242,-83701,-83314,-83160,-82619,-82078,-81537,-80996,-80455,-79914,-79373,-78832,-78291,-77750,-77209,-76668,-76127,-75586,-75045,-74504,-73963,-73422,-72881,-72340,-71799,-71258,-70717,-70176,-69635,-69094,-68553,-68012,-67471,-66930,-66389,-65848,-65307,-64766,-64225,-63684,-63143,-62602,-62061,-61520,-60979,-60438,-59897,-59356,-58815,-58274,-57733,-57192,-56651,-56110,-55569,-55028,-54487,-53946,-53405,-52864,-52323,-51782,-51241,-50700,-50159,-49618,-49077,-48536,-47995,-47454,-46913,-46372,-45831,-45290,-44749,-44208,-43667,-43126,-42585,-42044,-41503,-40962,-40421,-39880,-39339,-38798,-38257,-37716,-37175,-36634,-36093,-35552,-35011,-34470,-33929,-33388,-32847,-32306,-31765,-31224,-30683,-30142,-29601,-29060,-28519,-27978,-27437,-26896,-26355,-25814,-25273,-24732,-24191,-23650,-23109,-22568,-22027,-21486,-20945,-20404,-19863,-19322,-18781,-18240,-17699,-17158,-16617,-16076,-15535,-14994,-14453,-13912,-13371,-12830,-12289,-11748,-11207,-10666,-10125,-9584,-9043,-8502,-7961,-7420,-6879,-6338,-5797,-5256,-4715,-4174,-3633,-3092,-2551,-2010,-1469,-928,-387
155,696,1237,1778,2319,2860,3401,3942,4483,5024,5565,6106,6647,7188,7729,8270,8811,9352,9893,10434,10975,11516,12057,12598,13139,13680,14221,14762,15303,15844,16385,16926,17467,18008,18549,19090,19631,20172,20713,21254,21795,22336,22877,23418,23959,24500,25041,25582,26123,26664,27205,27746,28287,28828,29369,29910,30451,30992,31533,32074,32615,33156,33697,34238,34779,35320,35861,36402,36943,37484,38025,38566,39107,39648,40189,40730,41271,41812,42353,42894,43435,43976,44517,45058,45599,46140,46681,47222,47763,48304,48845,49386,49927,50468,51009,51550,52091,52632,53173,53714,54255,54796,55337,55878,56419,56960,57501,58042,58583,59124,59665,60206,60747,61288,61829,62370,62911,63452,63993,64534,65075,65616,66157,66698,67239,67780,68321,68862,69403,69944,70485,71026,71567,72108,72649,73190,73731,74272,74813,75354,75895,76436,76977,77518,78059,78600,79141,79682,80223,80764,81305,81846,82387,82928,83469,84010,84551,85092,85633,86174,86715,87256,87797,88338,88879,89420,89961,90502,91043,91584,92125,92666,93207,93748,94289,94830,95371,95912,96453,96994,97535,98076,98617,99158,99699,100240,100781,101322,101863,102404,102945,103486,104027,104568,105109,105650,106191,106732,107273,107814,108355,108896,109437,109978,110519,111060,111601,112142,112683,113224,113765,114306,114847,115388,115929,116470,117011,117552,118093,118634,119175,119716,120257,120798,121339,121880,122421,122962,123503,124044,124585,125126,125667,126208,126749,127290,127831,128372,128913,129454,129995,130536,131077,131618,132159,132700,133241,133782,134323,134864,135405,135946,136487,137028,137569,138110,138651,139192,139733,140274,140815,141356,141897,142438,142979,143520,144061,144602,145143,145684,146225,-145915,-145374,-144833,-144292,-143751,-143210,-142669,-142128,-141587,-141046,-140505,-139964,-139423,-138882,-138341,-137800,-137259,-136718,-136177,-135636,-135095,-134554,-134013,-133472,-132931,-132390,-131849,-131308,-130767,-130226,-129685,-129144,-128603,-128062,-127521,-126980,-126439,-125898,-125357,-124816,-124275,-123734,-123193,-122652,-122111,-121570,-121029,-120488,-119947,-119406,-118865,-118324,-117783,-117242,-116701,-116160,-115619,-115078,-114537,-113996,-113455,-112914,-112373,-111832,-111291,-110750,-110209,-109668,-109127,-108586,-108045,-107504,-106963,-106422,-105881,-105340,-104799,-104258,-103717,-103176,-102635,-102094,-101553,-101012,-100471,-99930,-99389,-98848,-98307,-97766,-97225,-96684,-96143,-95602,-95061,-94520,-93979,-93438,-92897,-92356,-91815,-91274,-90733,-90192,-89651,-89110,-88569,-88028,-87487,-86946,-86405,-85864,-85323,-84782,-84241,-83855,-83700,-83159,-82618,-82077,-81536,-80995,-80454,-79913,-79372,-78831,-78290,-77749,-77208,-76667,-76126,-75585,-75044,-74503,-73962,-73421,-72880,-72339,-71798,-71257,-70716,-70175,-69634,-69093,-68552,-68011,-67470,-66929,-66388,-65847,-65306,-64765,-64224,-63683,-63142,-62601,-62060,-61519,-60978,-60437,-59896,-59355,-58814,-58273,-57732,-57191,-56650,-56109,-55568,-55027,-54486,-53945,-53404,-52863,-52322,-51781,-51240,-50699,-50158,-49617,-49076,-48535,-47994,-47453,-46912,-46371,-45830,-45289,-44748,-44207,-43666,-43125,-42584,-42043,-41502,-40961,-40420,-39879,-39338,-38797,-38256,-37715,-37174,-36633,-36092,-35551,-35010,-34469,-33928,-33387,-32846,-32305,-31764,-31223,-30682,-30141,-29600,-29059,-28518,-27977,-27436,-26895,-26354,-25813,-25272,-24731,-24190,-23649,-23108,-22567,-22026,-21485,-20944,-20403,-19862,-19321,-18780,-18239,-17698,-17157,-16616,-16075,-15534,-14993,-14452,-13911,-13370,-12829,-12288,-11747,-11206,-10665,-10124,-9583,-9042,-8501,-7960,-7419,-6878,-6337,-5796,-5255,-4714,-4173,-3632,-3091,-2550,-2009,-1468,-927,-386
156,697,1238,1779,2320,2861,3402,3943,4484,5025,5566,6107,6648,7189,7730,8271,8812,9353,9894,10435,10976,11517,12058,12599,13140,13681,14222,14763,15304,15845,16386,16927,17468,18009,18550,19091,19632,20173,20714,21255,21796,22337,22878,23419,23960,24501,25042,25583,26124,26665,27206,27747,28288,28829,29370,29911,30452,30993,31534,32075,32616,33157,33698,34239,34780,35321,35862,36403,36944,37485,38026,38567,39108,39649,40190,40731,41272,41813,42354,42895,43436,43977,44518,45059,45600,46141,46682,47223,47764,48305,48846,49387,49928,50469,51010,51551,52092,52633,53174,53715,54256,54797,55338,55879,56420,56961,57502,58043,58584,59125,59666,60207,60748,61289,61830,62371,62912,63453,63994,64535,65076,65617,66158,66699,67240,67781,68322,68863,69404,69945,70486,71027,71568,72109,72650,73191,73732,74273,74814,75355,75896,76437,76978,77519,78060,78601,79142,79683,80224,80765,81306,81847,82388,82929,83470,84011,84552,85093,85634,86175,86716,87257,87798,88339,88880,89421,89962,90503,91044,91585,92126,92667,93208,93749,94290,94831,95372,95913,96454,96995,97536,98077,98618,99159,99700,100241,100782,101323,101864,102405,102946,103487,104028,104569,105110,105651,106192,106733,107274,107815,108356,108897,109438,109979,110520,111061,111602,112143,112684,113225,113766,114307,114848,115389,115930,116471,117012,117553,118094,118635,119176,119717,120258,120799,121340,121881,122422,122963,123504,124045,124586,125127,125668,126209,126750,127291,127832,128373,128914,129455,129996,130537,131078,131619,132160,132701,133242,133783,134324,134865,135406,135947,136488,137029,137570,138111,138652,139193,139734,140275,140816,141357,141898,142439,142980,143521,144062,144603,145144,145685,146226,-145914,-145373,-144832,-144291,-143750,-143209,-142668,-142127,-141586,-141045,-140504,-139963,-139422,-138881,-138340,-137799,-137258,-136717,-136176,-135635,-135094,-134553,-134012,-133471,-132930,-132389,-131848,-131307,-130766,-130225,-129684,-129143,-128602,-128061,-127520,-126979,-126438,-125897,-125356,-124815,-124274,-123733,-123192,-122651,-122110,-121569,-121028,-120487,-119946,-119405,-118864,-118323,-117782,-117241,-116700,-116159,-115618,-115077,-114536,-113995,-113454,-112913,-112372,-111831,-111290,-110749,-110208,-109667,-109126,-108585,-108044,-107503,-106962,-106421,-105880,-105339,-104798,-104257,-103716,-103175,-102634,-102093,-101552,-101011,-100470,-99929,-99388,-98847,-98306,-97765,-97224,-96683,-96142,-95601,-95060,-94519,-93978,-93437,-92896,-92355,-91814,-91273,-90732,-90191,-89650,-89109,-88568,-88027,-87486,-86945,-86404,-85863,-85322,-84781,-84396,-84240,-83699,-83158,-82617,-82076,-81535,-80994,-80453,-79912,-79371,-78830,-78289,-77748,-77207,-76666,-76125,-75584,-75043,-74502,-73961,-73420,-72879,-72338,-71797,-71256,-70715,-70174,-69633,-69092,-68551,-68010,-67469,-66928,-66387,-65846,-65305,-64764,-64223,-63682,-63141,-62600,-62059,-61518,-60977,-60436,-59895,-59354,-58813,-58272,-57731,-57190,-56649,-56108,-55567,-55026,-54485,-53944,-53403,-52862,-52321,-51780,-51239,-50698,-50157,-49616,-49075,-48534,-47993,-47452,-46911,-46370,-45829,-45288,-44747,-44206,-43665,-43124,-42583,-42042,-41501,-40960,-40419,-39878,-39337,-38796,-38255,-37714,-37173,-36632,-36091,-35550,-35009,-34468,-33927,-33386,-32845,-32304,-31763,-31222,-30681,-30140,-29599,-29058,-28517,-27976,-27435,-26894,-26353,-25812,-25271,-24730,-24189,-23648,-23107,-22566,-22025,-21484,-20943,-20402,-19861,-19320,-18779,-18238,-17697,-17156,-16615,-16074,-15533,-14992,-14451,-13910,-13369,-12828,-12287,-11746,-11205,-10664,-10123,-9582,-9041,-8500,-7959,-7418,-6877,-6336,-5795,-5254,-4713,-4172,-3631,-3090,-2549,-2008,-1467,-926,-385
157,698,1239,1780,2321,2862,3403,3944,4485,5026,5567,6108,6649,7190,7731,8272,8813,9354,9895,10436,10977,11518,12059,12600,13141,13682,14223,14764,15305,15846,16387,16928,17469,18010,18551,19092,19633,20174,20715,21256,21797,22338,22879,23420,23961,24502,25043,25584,26125,26666,27207,27748,28289,28830,29371,29912,30453,30994,31535,32076,32617,33158,33699,34240,34781,35322,35863,36404,36945,37486,38027,38568,39109,39650,40191,40732,41273,41814,42355,42896,43437,43978,44519,45060,45601,46142,46683,47224,47765,48306,48847,49388,49929,50470,51011,51552,52093,52634,53175,53716,54257,54798,55339,55880,56421,56962,57503,58044,58585,59126,59667,60208,60749,61290,61831,62372,62913,63454,63995,64536,65077,65618,66159,66700,67241,67782,68323,68864,69405,69946,70487,71028,71569,72110,72651,73192,73733,74274,74815,75356,75897,76438,76979,77520,78061,78602,79143,79684,80225,80766,81307,81848,82389,82930,83471,84012,84553,85094,85635,86176,86717,87258,87799,88340,88881,89422,89963,90504,91045,91586,92127,92668,93209,93750,94291,94832,95373,95914,96455,96996,97537,98078,98619,99160,99701,100242,100783,101324,101865,102406,102947,103488,104029,104570,105111,105652,106193,106734,107275,107816,108357,108898,109439,109980,110521,111062,111603,112144,112685,113226,113767,114308,114849,115390,115931,116472,117013,117554,118095,118636,119177,119718,120259,120800,121341,121882,122423,122964,123505,124046,124587,125128,125669,126210,126751,127292,127833,128374,128915,129456,129997,130538,131079,131620,132161,132702,133243,133784,134325,134866,135407,135948,136489,137030,137571,138112,138653,139194,139735,140276,140817,141358,141899,142440,142981,143522,144063,144604,145145,145686,146227,-145913,-145372,-144831,-144290,-143749,-143208,-142667,-142126,-141585,-141044,-140503,-139962,-139421,-138880,-138339,-137798,-137257,-136716,-136175,-135634,-135093,-134552,-134011,-133470,-132929,-132388,-131847,-131306,-130765,-130224,-129683,-129142,-128601,-128060,-127519,-126978,-126437,-125896,-125355,-124814,-124273,-123732,-123191,-122650,-122109,-121568,-121027,-120486,-119945,-119404,-118863,-118322,-117781,-117240,-116699,-116158,-115617,-115076,-114535,-113994,-113453,-112912,-112371,-111830,-111289,-110748,-110207,-109666,-109125,-108584,-108043,-107502,-106961,-106420,-105879,-105338,-104797,-104256,-103715,-103174,-102633,-102092,-101551,-101010,-100469,-99928,-99387,-98846,-98305,-97764,-97223,-96682,-96141,-95600,-95059,-94518,-93977,-93436,-92895,-92354,-91813,-91272,-90731,-90190,-89649,-89108,-88567,-88026,-87485,-86944,-86403,-85862,-85321,-84937,-84780,-84239,-83698,-83157,-82616,-82075,-81534,-80993,-80452,-79911,-79370,-78829,-78288,-77747,-77206,-76665,-76124,-75583,-75042,-74501,-73960,-73419,-72878,-72337,-71796,-71255,-70714,-70173,-69632,-69091,-68550,-68009,-67468,-66927,-66386,-65845,-65304,-64763,-64222,-63681,-63140,-62599,-62058,-61517,-60976,-60435,-59894,-59353,-58812,-58271,-57730,-57189,-56648,-56107,-55566,-55025,-54484,-53943,-53402,-52861,-52320,-51779,-51238,-50697,-50156,-49615,-49074,-48533,-47992,-47451,-46910,-46369,-45828,-45287,-44746,-44205,-43664,-43123,-42582,-42041,-41500,-40959,-40418,-39877,-39336,-38795,-38254,-37713,-37172,-36631,-36090,-35549,-35008,-34467,-33926,-33385,-32844,-32303,-31762,-31221,-30680,-30139,-29598,-29057,-28516,-27975,-27434,-26893,-26352,-25811,-25270,-24729,-24188,-23647,-23106,-22565,-22024,-21483,-20942,-20401,-19860,-19319,-18778,-18237,-17696,-17155,-16614,-16073,-15532,-14991,-14450,-13909,-13368,-12827,-12286,-11745,-11204,-10663,-10122,-9581,-9040,-8499,-7958,-7417,-6876,-6335,-5794,-5253,-4712,-4171,-3630,-3089,-2548,-2007,-1466,-925,-384
158,699,1240,1781,2322,2863,3404,3945,4486,5027,5568,6109,6650,7191,7732,8273,8814,9355,9896,10437,10978,11519,12060,12601,13142,13683,14224,14765,15306,15847,16388,16929,17470,18011,18552,19093,19634,20175,20716,21257,21798,22339,22880,23421,23962,24503,25044,25585,26126,26667,27208,27749,28290,28831,29372,29913,30454,30995,31536,32077,32618,33159,33700,34241,34782,35323,35864,36405,36946,37487,38028,38569,39110,39651,40192,40733,41274,41815,42356,42897,43438,43979,44520,45061,45602,46143,46684,47225,47766,48307,48848,49389,49930,50471,51012,51553,52094,52635,53176,53717,54258,54799,55340,55881,56422,56963,57504,58045,58586,59127,59668,60209,60750,61291,61832,62373,62914,63455,63996,64537,65078,65619,66160,66701,67242,67783,68324,68865,69406,69947,70488,71029,71570,72111,72652,73193,73734,74275,74816,75357,75898,76439,76980,77521,78062,78603,79144,79685,80226,80767,81308,81849,82390,82931,83472,84013,84554,85095,85636,86177,86718,87259,87800,88341,88882,89423,89964,90505,91046,91587,92128,92669,93210,93751,94292,94833,95374,95915,96456,96997,97538,98079,98620,99161,99702,100243,100784,101325,101866,102407,102948,103489,104030,104571,105112,105653,106194,106735,107276,107817,108358,108899,109440,109981,110522,111063,111604,112145,112686,113227,113768,114309,114850,115391,115932,116473,117014,117555,118096,118637,119178,119719,120260,120801,121342,121883,122424,122965,123506,124047,124588,125129,125670,126211,126752,127293,127834,128375,128916,129457,129998,130539,131080,131621,132162,132703,133244,133785,134326,134867,135408,135949,136490,137031,137572,138113,138654,139195,139736,140277,140818,141359,141900,142441,142982,143523,144064,144605,145146,145687,146228,-145912,-145371,-144830,-144289,-143748,-143207,-142666,-142125,-141584,-141043,-140502,-139961,-139420,-138879,-138338,-137797,-137256,-136715,-136174,-135633,-135092,-134551,-134010,-133469,-132928,-132387,-131846,-131305,-130764,-130223,-129682,-129141,-128600,-128059,-127518,-126977,-126436,-125895,-125354,-124813,-124272,-123731,-123190,-122649,-122108,-121567,-121026,-120485,-119944,-119403,-118862,-118321,-117780,-117239,-116698,-116157,-115616,-115075,-114534,-113993,-113452,-112911,-112370,-111829,-111288,-110747,-110206,-109665,-109124,-108583,-108042,-107501,-106960,-106419,-105878,-105337,-104796,-104255,-103714,-103173,-102632,-102091,-101550,-101009,-100468,-99927,-99386,-98845,-98304,-97763,-97222,-96681,-96140,-95599,-95058,-94517,-93976,-93435,-92894,-92353,-91812,-91271,-90730,-90189,-89648,-89107,-88566,-88025,-87484,-86943,-86402,-85861,-85478,-85320,-84779,-84238,-83697,-83156,-82615,-82074,-81533,-80992,-80451,-79910,-79369,-78828,-78287,-77746,-77205,-76664,-76123,-75582,-75041,-74500,-73959,-73418,-72877,-72336,-71795,-71254,-70713,-70172,-69631,-69090,-68549,-68008,-67467,-66926,-66385,-65844,-65303,-64762,-64221,-63680,-63139,-62598,-62057,-61516,-60975,-60434,-59893,-59352,-58811,-58270,-57729,-57188,-56647,-56106,-55565,-55024,-54483,-53942,-53401,-52860,-52319,-51778,-51237,-50696,-50155,-49614,-49073,-48532,-47991,-47450,-46909,-46368,-45827,-45286,-44745,-44204,-43663,-43122,-42581,-42040,-41499,-40958,-40417,-39876,-39335,-38794,-38253,-37712,-37171,-36630,-36089,-35548,-35007,-34466,-33925,-33384,-32843,-32302,-31761,-31220,-30679,-30138,-29597,-29056,-28515,-27974,-27433,-26892,-26351,-25810,-25269,-24728,-24187,-23646,-23105,-22564,-22023,-21482,-20941,-20400,-19859,-19318,-18777,-18236,-17695,-17154,-16613,-16072,-15531,-14990,-14449,-13908,-13367,-12826,-12285,-11744,-11203,-10662,-10121,-9580,-9039,-8498,-7957,-7416,-6875,-6334,-5793,-5252,-4711,-4170,-3629,-3088,-2547,-2006,-1465,-924,-383
159,700,1241,1782,2323,2864,3405,3946,4487,5028,5569,6110,6651,7192,7733,8274,8815,9356,9897,10438,10979,11520,12061,12602,13143,13684,14225,14766,15307,15848,16389,16930,17471,18012,18553,19094,19635,20176,20717,21258,21799,22340,22881,23422,23963,24504,25045,25586,26127,26668,27209,27750,28291,28832,29373,29914,30455,30996,31537,32078,32619,33160,33701,34242,34783,35324,35865,36406,36947,37488,38029,38570,39111,39652,40193,40734,41275,41816,42357,42898,43439,43980,44521,45062,45603,46144,46685,47226,47767,48308,48849,49390,49931,50472,51013,51554,52095,52636,53177,53718,54259,54800,55341,55882,56423,56964,57505,58046,58587,59128,59669,60210,60751,61292,61833,62374,62915,63456,63997,64538,65079,65620,66161,66702,67243,67784,68325,68866,69407,69948,70489,71030,71571,72112,72653,73194,73735,74276,74817,75358,75899,76440,76981,77522,78063,78604,79145,79686,80227,80768,81309,81850,82391,82932,83473,84014,84555,85096,85637,86178,86719,87260,87801,88342,88883,89424,89965,90506,91047,91588,92129,92670,93211,93752,94293,94834,95375,95916,96457,96998,97539,98080,98621,99162,99703,100244,100785,101326,101867,102408,102949,103490,104031,104572,105113,105654,106195,106736,107277,107818,108359,108900,109441,109982,110523,111064,111605,112146,112687,113228,113769,114310,114851,115392,115933,116474,117015,117556,118097,118638,119179,119720,120261,120802,121343,121884,122425,122966,123507,124048,124589,125130,125671,126212,126753,127294,127835,128376,128917,129458,129999,130540,131081,131622,132163,132704,133245,133786,134327,134868,135409,135950,136491,137032,137573,138114,138655,139196,139737,140278,140819,141360,141901,142442,142983,143524,144065,144606,145147,145688,146229,-145911,-145370,-144829,-144288,-143747,-143206,-142665,-142124,-141583,-141042,-140501,-139960,-139419,-138878,-138337,-137796,-137255,-136714,-136173,-135632,-135091,-134550,-134009,-133468,-132927,-132386,-131845,-131304,-130763,-130222,-129681,-129140,-128599,-128058,-127517,-126976,-126435,-125894,-125353,-124812,-124271,-123730,-123189,-122648,-122107,-121566,-121025,-120484,-119943,-119402,-118861,-118320,-117779,-117238,-116697,-116156,-115615,-115074,-114533,-113992,-113451,-112910,-112369,-111828,-111287,-110746,-110205,-109664,-109123,-108582,-108041,-107500,-106959,-106418,-105877,-105336,-104795,-104254,-103713,-103172,-102631,-102090,-101549,-101008,-100467,-99926,-99385,-98844,-98303,-97762,-97221,-96680,-96139,-95598,-95057,-94516,-93975,-93434,-92893,-92352,-91811,-91270,-90729,-90188,-89647,-89106,-88565,-88024,-87483,-86942,-86401,-86019,-85860,-85319,-84778,-84237,-83696,-83155,-82614,-82073,-81532,-80991,-80450,-79909,-79368,-78827,-78286,-77745,-77204,-76663,-76122,-75581,-75040,-74499,-73958,-73417,-72876,-72335,-71794,-71253,-70712,-70171,-69630,-69089,-68548,-68007,-67466,-66925,-66384,-65843,-65302,-64761,-64220,-63679,-63138,-62597,-62056,-61515,-60974,-60433,-59892,-59351,-58810,-58269,-57728,-57187,-56646,-56105,-55564,-55023,-54482,-53941,-53400,-52859,-52318,-51777,-51236,-50695,-50154,-49613,-49072,-48531,-47990,-47449,-46908,-46367,-45826,-45285,-44744,-44203,-43662,-43121,-42580,-42039,-41498,-40957,-40416,-39875,-39334,-38793,-38252,-37711,-37170,-36629,-36088,-35547,-35006,-34465,-33924,-33383,-32842,-32301,-31760,-31219,-30678,-30137,-29596,-29055,-28514,-27973,-27432,-26891,-26350,-25809,-25268,-24727,-24186,-23645,-23104,-22563,-22022,-21481,-20940,-20399,-19858,-19317,-18776,-18235,-17694,-17153,-16612,-16071,-15530,-14989,-14448,-13907,-13366,-12825,-12284,-11743,-11202,-10661,-10120,-9579,-9038,-8497,-7956,-7415,-6874,-6333,-5792,-5251,-4710,-4169,-3628,-3087,-2546,-2005,-1464,-923,-382
160,701,1242,1783,2324,2865,3406,3947,4488,5029,5570,6111,6652,7193,7734,8275,8816,9357,9898,10439,10980,11521,12062,12603,13144,13685,14226,14767,15308,15849,16390,16931,17472,18013,18554,19095,19636,20177,20718,21259,21800,22341,22882,23423,23964,24505,25046,25587,26128,26669,27210,27751,28292,28833,29374,29915,30456,30997,31538,32079,32620,33161,33702,34243,34784,35325,35866,36407,36948,37489,38030,38571,39112,39653,40194,40735,41276,41817,42358,42899,43440,43981,44522,45063,45604,46145,46686,47227,47768,48309,48850,49391,49932,50473,51014,51555,52096,52637,53178,53719,54260,54801,55342,55883,56424,56965,57506,58047,58588,59129,59670,60211,60752,61293,61834,62375,62916,63457,63998,64539,65080,65621,66162,66703,67244,67785,68326,68867,69408,69949,70490,71031,71572,72113,72654,73195,73736,74277,74818,75359,75900,76441,76982,77523,78064,78605,79146,79687,80228,80769,81310,81851,82392,82933,83474,84015,84556,85097,85638,86179,86720,87261,87802,88343,88884,89425,89966,90507,91048,91589,92130,92671,93212,93753,94294,94835,95376,95917,96458,96999,97540,98081,98622,99163,99704,100245,100786,101327,101868,102409,102950,103491,104032,104573,105114,105655,106196,106737,107278,107819,108360,108901,109442,109983,110524,111065,111606,112147,112688,113229,113770,114311,114852,115393,115934,116475,117016,117557,118098,118639,119180,119721,120262,120803,121344,121885,122426,122967,123508,124049,124590,125131,125672,126213,126754,127295,127836,128377,128918,129459,130000,130541,131082,131623,132164,132705,133246,133787,134328,134869,135410,135951,136492,137033,137574,138115,138656,139197,139738,140279,140820,141361,141902,142443,142984,143525,144066,144607,145148,145689,146230,-145910,-145369,-144828,-144287,-143746,-143205,-142664,-142123,-141582,-141041,-140500,-139959,-139418,-138877,-138336,-137795,-137254,-136713,-136172,-135631,-135090,-134549,-134008,-133467,-132926,-132385,-131844,-131303,-130762,-130221,-129680,-129139,-128598,-128057,-127516,-126975,-126434,-125893,-125352,-124811,-124270,-123729,-123188,-122647,-122106,-121565,-121024,-120483,-119942,-119401,-118860,-118319,-117778,-117237,-116696,-116155,-115614,-115073,-114532,-113991,-113450,-112909,-112368,-111827,-111286,-110745,-110204,-109663,-109122,-108581,-108040,-107499,-106958,-106417,-105876,-105335,-104794,-104253,-103712,-103171,-102630,-102089,-101548,-101007,-100466,-99925,-99384,-98843,-98302,-97761,-97220,-96679,-96138,-95597,-95056,-94515,-93974,-93433,-92892,-92351,-91810,-91269,-90728,-90187,-89646,-89105,-88564,-88023,-87482,-86941,-86560,-86400,-85859,-85318,-84777,-84236,-83695,-83154,-82613,-82072,-81531,-80990,-80449,-79908,-79367,-78826,-78285,-77744,-77203,-76662,-76121,-75580,-75039,-74498,-73957,-73416,-72875,-72334,-71793,-71252,-70711,-70170,-69629,-69088,-68547,-68006,-67465,-66924,-66383,-65842,-65301,-64760,-64219,-63678,-63137,-62596,-62055,-61514,-60973,-60432,-59891,-59350,-58809,-58268,-57727,-57186,-56645,-56104,-55563,-55022,-54481,-53940,-53399,-52858,-52317,-51776,-51235,-50694,-50153,-49612,-49071,-48530,-47989,-47448,-46907,-46366,-45825,-45284,-44743,-44202,-43661,-43120,-42579,-42038,-41497,-40956,-40415,-39874,-39333,-38792,-38251,-37710,-37169,-36628,-36087,-35546,-35005,-34464,-33923,-33382,-32841,-32300,-31759,-31218,-30677,-30136,-29595,-29054,-28513,-27972,-27431,-26890,-26349,-25808,-25267,-24726,-24185,-23644,-23103,-22562,-22021,-21480,-20939,-20398,-19857,-19316,-18775,-18234,-17693,-17152,-16611,-16070,-15529,-14988,-14447,-13906,-13365,-12824,-12283,-11742,-11201,-10660,-10119,-9578,-9037,-8496,-7955,-7414,-6873,-6332,-5791,-5250,-4709,-4168,-3627,-3086,-2545,-2004,-1463,-922,-381
161,702,1243,1784,2325,2866,3407,3948,4489,5030,5571,6112,6653,7194,7735,8276,8817,9358,9899,10440,10981,11522,12063,12604,13145,13686,14227,14768,15309,15850,16391,16932,17473,18014,18555,19096,19637,20178,20719,21260,21801,22342,22883,23424,23965,24506,25047,25588,26129,26670,27211,27752,28293,28834,29375,29916,30457,30998,31539,32080,32621,33162,33703,34244,34785,35326,35867,36408,36949,37490,38031,38572,39113,39654,40195,40736,41277,41818,42359,42900,43441,43982,44523,45064,45605,46146,46687,47228,47769,48310,48851,49392,49933,50474,51015,51556,52097,52638,53179,53720,54261,54802,55343,55884,56425,56966,57507,58048,58589,59130,59671,60212,60753,61294,61835,62376,62917,63458,63999,64540,65081,65622,66163,66704,67245,67786,68327,68868,69409,69950,70491,71032,71573,72114,72655,73196,73737,74278,74819,75360,75901,76442,76983,77524,78065,78606,79147,79688,80229,80770,81311,81852,82393,82934,83475,84016,84557,85098,85639,86180,86721,87262,87803,88344,88885,89426,89967,90508,91049,91590,92131,92672,93213,93754,94295,94836,95377,95918,96459,97000,97541,98082,98623,99164,99705,100246,100787,101328,101869,102410,102951,103492,104033,104574,105115,105656,106197,106738,107279,107820,108361,108902,109443,109984,110525,111066,111607,112148,112689,113230,113771,114312,114853,115394,115935,116476,117017,117558,118099,118640,119181,119722,120263,120804,121345,121886,122427,122968,123509,124050,124591,125132,125673,126214,126755,127296,127837,128378,128919,129460,130001,130542,131083,131624,132165,132706,133247,133788,134329,134870,135411,135952,136493,137034,137575,138116,138657,139198,139739,140280,140821,141362,141903,142444,142985,143526,144067,144608,145149,145690,146231,-145909,-145368,-144827,-144286,-143745,-143204,-142663,-142122,-141581,-141040,-140499,-139958,-139417,-138876,-138335,-137794,-137253,-136712,-136171,-135630,-135089,-134548,-134007,-133466,-132925,-132384,-131843,-131302,-130761,-130220,-129679,-129138,-128597,-128056,-127515,-126974,-126433,-125892,-125351,-124810,-124269,-123728,-123187,-122646,-122105,-121564,-121023,-120482,-119941,-119400,-118859,-118318,-117777,-117236,-116695,-116154,-115613,-115072,-114531,-113990,-113449,-112908,-112367,-111826,-111285,-110744,-110203,-109662,-109121,-108580,-108039,-107498,-106957,-106416,-105875,-105334,-104793,-104252,-103711,-103170,-102629,-102088,-101547,-101006,-100465,-99924,-99383,-98842,-98301,-97760,-97219,-96678,-96137,-95596,-95055,-94514,-93973,-93432,-92891,-92350,-91809,-91268,-90727,-90186,-89645,-89104,-88563,-88022,-87481,-87101,-86940,-86399,-85858,-85317,-84776,-84235,-83694,-83153,-82612,-82071,-81530,-80989,-80448,-79907,-79366,-78825,-78284,-77743,-77202,-76661,-76120,-75579,-75038,-74497,-73956,-73415,-72874,-72333,-71792,-71251,-70710,-70169,-69628,-69087,-68546,-68005,-67464,-66923,-66382,-65841,-65300,-64759,-64218,-63677,-63136,-62595,-62054,-61513,-60972,-60431,-59890,-59349,-58808,-58267,-57726,-57185,-56644,-56103,-55562,-55021,-54480,-53939,-53398,-52857,-52316,-51775,-51234,-50693,-50152,-49611,-49070,-48529,-47988,-47447,-46906,-46365,-45824,-45283,-44742,-44201,-43660,-43119,-42578,-42037,-41496,-40955,-40414,-39873,-39332,-38791,-38250,-37709,-37168,-36627,-36086,-35545,-35004,-34463,-33922,-33381,-32840,-32299,-31758,-31217,-30676,-30135,-29594,-29053,-28512,-27971,-27430,-26889,-26348,-25807,-25266,-24725,-24184,-23643,-23102,-22561,-22020,-21479,-20938,-20397,-19856,-19315,-18774,-18233,-17692,-17151,-16610,-16069,-15528,-14987,-14446,-13905,-13364,-12823,-12282,-11741,-11200,-10659,-10118,-9577,-9036,-8495,-7954,-7413,-6872,-6331,-5790,-5249,-4708,-4167,-3626,-3085,-2544,-2003,-1462,-921,-380
162,703,1244,1785,2326,2867,3408,3949,4490,5031,5572,6113,6654,7195,7736,8277,8818,9359,9900,10441,10982,11523,12064,12605,13146,13687,14228,14769,15310,15851,16392,16933,17474,18015,18556,19097,19638,20179,20720,21261,21802,22343,22884,23425,23966,24507,25048,25589,26130,26671,27212,27753,28294,28835,29376,29917,30458,30999,31540,32081,32622,33163,33704,34245,34786,35327,35868,36409,36950,37491,38032,38573,39114,39655,40196,40737,41278,41819,42360,42901,43442,43983,44524,45065,45606,46147,46688,47229,47770,48311,48852,49393,49934,50475,51016,51557,52098,52639,53180,53721,54262,54803,55344,55885,56426,56967,57508,58049,58590,59131,59672,60213,60754,61295,61836,62377,62918,63459,64000,64541,65082,65623,66164,66705,67246,67787,68328,68869,69410,69951,70492,71033,71574,72115,72656,73197,73738,74279,74820,75361,75902,76443,76984,77525,78066,78607,79148,79689,80230,80771,81312,81853,82394,82935,83476,84017,84558,85099,85640,86181,86722,87263,87804,88345,88886,89427,89968,90509,91050,91591,92132,92673,93214,93755,94296,94837,95378,95919,96460,97001,97542,98083,98624,99165,99706,100247,100788,101329,101870,102411,102952,103493,104034,104575,105116,105657,106198,106739,107280,107821,108362,108903,109444,109985,110526,111067,111608,112149,112690,113231,113772,114313,114854,115395,115936,116477,117018,117559,118100,118641,119182,119723,120264,120805,121346,121887,122428,122969,123510,124051,124592,125133,125674,126215,126756,127297,127838,128379,128920,129461,130002,130543,131084,131625,132166,132707,133248,133789,134330,134871,135412,135953,136494,137035,137576,138117,138658,139199,139740,140281,140822,141363,141904,142445,142986,143527,144068,144609,145150,145691,146232,-145908,-145367,-144826,-144285,-143744,-143203,-142662,-142121,-141580,-141039,-140498,-139957,-139416,-138875,-138334,-137793,-137252,-136711,-136170,-135629,-135088,-134547,-134006,-133465,-132924,-132383,-131842,-131301,-130760,-130219,-129678,-129137,-128596,-128055,-127514,-126973,-126432,-125891,-125350,-124809,-124268,-123727,-123186,-122645,-122104,-121563,-121022,-120481,-119940,-119399,-118858,-118317,-117776,-117235,-116694,-116153,-115612,-115071,-114530,-113989,-113448,-112907,-112366,-111825,-111284,-110743,-110202,-109661,-109120,-108579,-108038,-107497,-106956,-106415,-105874,-105333,-104792,-104251,-103710,-103169,-102628,-102087,-101546,-101005,-100464,-99923,-99382,-98841,-98300,-97759,-97218,-96677,-96136,-95595,-95054,-94513,-93972,-93431,-92890,-92349,-91808,-91267,-90726,-90185,-89644,-89103,-88562,-88021,-87642,-87480,-86939,-86398,-85857,-85316,-84775,-84234,-83693,-83152,-82611,-82070,-81529,-80988,-80447,-79906,-79365,-78824,-78283,-77742,-77201,-76660,-76119,-75578,-75037,-74496,-73955,-73414,-72873,-72332,-71791,-71250,-70709,-70168,-69627,-69086,-68545,-68004,-67463,-66922,-66381,-65840,-65299,-64758,-64217,-63676,-63135,-62594,-62053,-61512,-60971,-60430,-59889,-59348,-58807,-58266,-57725,-57184,-56643,-56102,-55561,-55020,-54479,-53938,-53397,-52856,-52315,-51774,-51233,-50692,-50151,-49610,-49069,-48528,-47987,-47446,-46905,-46364,-45823,-45282,-44741,-44200,-43659,-43118,-42577,-42036,-41495,-40954,-40413,-39872,-39331,-38790,-38249,-37708,-37167,-36626,-36085,-35544,-35003,-34462,-33921,-33380,-32839,-32298,-31757,-31216,-30675,-30134,-29593,-29052,-28511,-27970,-27429,-26888,-26347,-25806,-25265,-24724,-24183,-23642,-23101,-22560,-22019,-21478,-20937,-20396,-19855,-19314,-18773,-18232,-17691,-17150,-16609,-16068,-15527,-14986,-14445,-13904,-13363,-12822,-12281,-11740,-11199,-10658,-10117,-9576,-9035,-8494,-7953,-7412,-6871,-6330,-5789,-5248,-4707,-4166,-3625,-3084,-2543,-2002,-1461,-920,-379
163,704,1245,1786,2327,2868,3409,3950,4491,5032,5573,6114,6655,7196,7737,8278,8819,9360,9901,10442,10983,11524,12065,12606,13147,13688,14229,14770,15311,15852,16393,16934,17475,18016,18557,19098,19639,20180,20721,21262,21803,22344,22885,23426,23967,24508,25049,25590,26131,26672,27213,27754,28295,28836,29377,29918,30459,31000,31541,32082,32623,33164,33705,34246,34787,35328,35869,36410,36951,37492,38033,38574,39115,39656,40197,40738,41279,41820,42361,42902,43443,43984,44525,45066,45607,46148,46689,47230,47771,48312,48853,49394,49935,50476,51017,51558,52099,52640,53181,53722,54263,54804,55345,55886,56427,56968,57509,58050,58591,59132,59673,60214,60755,61296,61837,62378,62919,63460,64001,64542,65083,65624,66165,66706,67247,67788,68329,68870,69411,69952,70493,71034,71575,72116,72657,73198,73739,74280,74821,75362,75903,76444,76985,77526,78067,78608,79149,79690,80231,80772,81313,81854,82395,82936,83477,84018,84559,85100,85641,86182,86723,87264,87805,88346,88887,89428,89969,90510,91051,91592,92133,92674,93215,93756,94297,94838,95379,95920,96461,97002,97543,98084,98625,99166,99707,100248,100789,101330,101871,102412,102953,103494,104035,104576,105117,105658,106199,106740,107281,107822,108363,108904,109445,109986,110527,111068,111609,112150,112691,113232,113773,114314,114855,115396,115937,116478,117019,117560,118101,118642,119183,119724,120265,120806,121347,121888,122429,122970,123511,124052,124593,125134,125675,126216,126757,127298,127839,128380,128921,129462,130003,130544,131085,131626,132167,132708,133249,133790,134331,134872,135413,135954,136495,137036,137577,138118,138659,139200,139741,140282,140823,141364,141905,142446,142987,143528,144069,144610,145151,145692,146233,-145907,-145366,-144825,-144284,-143743,-143202,-142661,-142120,-141579,-141038,-140497,-139956,-139415,-138874,-138333,-137792,-137251,-136710,-136169,-135628,-135087,-134546,-134005,-133464,-132923,-132382,-131841,-131300,-130759,-130218,-129677,-129136,-128595,-128054,-127513,-126972,-126431,-125890,-125349,-124808,-124267,-123726,-123185,-122644,-122103,-121562,-121021,-120480,-119939,-119398,-118857,-118316,-117775,-117234,-116693,-116152,-115611,-115070,-114529,-113988,-113447,-112906,-112365,-111824,-111283,-110742,-110201,-109660,-109119,-108578,-108037,-107496,-106955,-106414,-105873,-105332,-104791,-104250,-103709,-103168,-102627,-102086,-101545,-101004,-100463,-99922,-99381,-98840,-98299,-97758,-97217,-96676,-96135,-95594,-95053,-94512,-93971,-93430,-92889,-92348,-91807,-91266,-90725,-90184,-89643,-89102,-88561,-88183,-88020,-87479,-86938,-86397,-85856,-85315,-84774,-84233,-83692,-83151,-82610,-82069,-81528,-80987,-80446,-79905,-79364,-78823,-78282,-77741,-77200,-76659,-76118,-75577,-75036,-74495,-73954,-73413,-72872,-72331,-71790,-71249,-70708,-70167,-69626,-69085,-68544,-68003,-67462,-66921,-66380,-65839,-65298,-64757,-64216,-63675,-63134,-62593,-62052,-61511,-60970,-60429,-59888,-59347,-58806,-58265,-57724,-57183,-56642,-56101,-55560,-55019,-54478,-53937,-53396,-52855,-52314,-51773,-51232,-50691,-50150,-49609,-49068,-48527,-47986,-47445,-46904,-46363,-45822,-45281,-44740,-44199,-43658,-43117,-42576,-42035,-41494,-40953,-40412,-39871,-39330,-38789,-38248,-37707,-37166,-36625,-36084,-35543,-35002,-34461,-33920,-33379,-32838,-32297,-31756,-31215,-30674,-30133,-29592,-29051,-28510,-27969,-27428,-26887,-26346,-25805,-25264,-24723,-24182,-23641,-23100,-22559,-22018,-21477,-20936,-20395,-19854,-19313,-18772,-18231,-17690,-17149,-16608,-16067,-15526,-14985,-14444,-13903,-13362,-12821,-12280,-11739,-11198,-10657,-10116,-9575,-9034,-8493,-7952,-7411,-6870,-6329,-5788,-5247,-4706,-4165,-3624,-3083,-2542,-2001,-1460,-919,-378
164,705,1246,1787,2328,2869,3410,3951,4492,5033,5574,6115,6656,7197,7738,8279,8820,9361,9902,10443,10984,11525,12066,12607,13148,13689,14230,14771,15312,15853,16394,16935,17476,18017,18558,19099,19640,20181,20722,21263,21804,22345,22886,23427,23968,24509,25050,25591,26132,26673,27214,27755,28296,28837,29378,29919,30460,31001,31542,32083,32624,33165,33706,34247,34788,35329,35870,36411,36952,37493,38034,38575,39116,39657,40198,40739,41280,41821,42362,42903,43444,43985,44526,45067,45608,46149,46690,47231,47772,48313,48854,49395,49936,50477,51018,51559,52100,52641,53182,53723,54264,54805,55346,55887,56428,56969,57510,58051,58592,59133,59674,60215,60756,61297,61838,62379,62920,63461,64002,64543,65084,65625,66166,66707,67248,67789,68330,68871,69412,69953,70494,71035,71576,72117,72658,73199,73740,74281,74822,75363,75904,76445,76986,77527,78068,78609,79150,79691,80232,80773,81314,81855,82396,82937,83478,84019,84560,85101,85642,86183,86724,87265,87806,88347,88888,89429,89970,90511,91052,91593,92134,92675,93216,93757,94298,94839,95380,95921,96462,97003,97544,98085,98626,99167,99708,100249,100790,101331,101872,102413,102954,103495,104036,104577,105118,105659,106200,106741,107282,107823,108364,108905,109446,109987,110528,111069,111610,112151,112692,113233,113774,114315,114856,115397,115938,116479,117020,117561,118102,118643,119184,119725,120266,120807,121348,121889,122430,122971,123512,124053,124594,125135,125676,126217,126758,127299,127840,128381,128922,129463,130004,130545,131086,131627,132168,132709,133250,133791,134332,134873,135414,135955,136496,137037,137578,138119,138660,139201,139742,140283,140824,141365,141906,142447,142988,143529,144070,144611,145152,145693,146234,-145906,-145365,-144824,-144283,-143742,-143201,-142660,-142119,-141578,-141037,-140496,-139955,-139414,-138873,-138332,-137791,-137250,-136709,-136168,-135627,-135086,-134545,-134004,-133463,-132922,-132381,-131840,-131299,-130758,-130217,-129676,-129135,-128594,-128053,-127512,-126971,-126430,-125889,-125348,-124807,-124266,-123725,-123184,-122643,-122102,-121561,-121020,-120479,-119938,-119397,-118856,-118315,-117774,-117233,-116692,-116151,-115610,-115069,-114528,-113987,-113446,-112905,-112364,-111823,-111282,-110741,-110200,-109659,-109118,-108577,-108036,-107495,-106954,-106413,-105872,-105331,-104790,-104249,-103708,-103167,-102626,-102085,-101544,-101003,-100462,-99921,-99380,-98839,-98298,-97757,-97216,-96675,-96134,-95593,-95052,-94511,-93970,-93429,-92888,-92347,-91806,-91265,-90724,-90183,-89642,-89101,-88724,-88560,-88019,-87478,-86937,-86396,-85855,-85314,-84773,-84232,-83691,-83150,-82609,-82068,-81527,-80986,-80445,-79904,-79363,-78822,-78281,-77740,-77199,-76658,-76117,-75576,-75035,-74494,-73953,-73412,-72871,-72330,-71789,-71248,-70707,-70166,-69625,-69084,-68543,-68002,-67461,-66920,-66379,-65838,-65297,-64756,-64215,-63674,-63133,-62592,-62051,-61510,-60969,-60428,-59887,-59346,-58805,-58264,-57723,-57182,-56641,-56100,-55559,-55018,-54477,-53936,-53395,-52854,-52313,-51772,-51231,-50690,-50149,-49608,-49067,-48526,-47985,-47444,-46903,-46362,-45821,-45280,-44739,-44198,-43657,-43116,-42575,-42034,-41493,-40952,-40411,-39870,-39329,-38788,-38247,-37706,-37165,-36624,-36083,-35542,-35001,-34460,-33919,-33378,-32837,-32296,-31755,-31214,-30673,-30132,-29591,-29050,-28509,-27968,-27427,-26886,-26345,-25804,-25263,-24722,-24181,-23640,-23099,-22558,-22017,-21476,-20935,-20394,-19853,-19312,-18771,-18230,-17689,-17148,-16607,-16066,-15525,-14984,-14443,-13902,-13361,-12820,-12279,-11738,-11197,-10656,-10115,-9574,-9033,-8492,-7951,-7410,-6869,-6328,-5787,-5246,-4705,-4164,-3623,-3082,-2541,-2000,-1459,-918,-377
165,706,1247,1788,2329,2870,3411,3952,4493,5034,5575,6116,6657,7198,7739,8280,8821,9362,9903,10444,10985,11526,12067,12608,13149,13690,14231,14772,15313,15854,16395,16936,17477,18018,18559,19100,19641,20182,20723,21264,21805,22346,22887,23428,23969,24510,25051,25592,26133,26674,27215,27756,28297,28838,29379,29920,30461,31002,31543,32084,32625,33166,33707,34248,34789,35330,35871,36412,36953,37494,38035,38576,39117,39658,40199,40740,41281,41822,42363,42904,43445,43986,44527,45068,45609,46150,46691,47232,47773,48314,48855,49396,49937,50478,51019,51560,52101,52642,53183,53724,54265,54806,55347,55888,56429,56970,57511,58052,58593,59134,59675,60216,60757,61298,61839,62380,62921,63462,64003,64544,65085,65626,66167,66708,67249,67790,68331,68872,69413,69954,70495,71036,71577,72118,72659,73200,73741,74282,74823,75364,75905,76446,76987,77528,78069,78610,79151,79692,80233,80774,81315,81856,82397,82938,83479,84020,84561,85102,85643,86184,86725,87266,87807,88348,88889,89430,89971,90512,91053,91594,92135,92676,93217,93758,94299,94840,95381,95922,96463,97004,97545,98086,98627,99168,99709,100250,100791,101332,101873,102414,102955,103496,104037,104578,105119,105660,106201,106742,107283,107824,108365,108906,109447,109988,110529,111070,111611,112152,112693,113234,113775,114316,114857,115398,115939,116480,117021,117562,118103,118644,119185,119726,120267,120808,121349,121890,122431,122972,123513,124054,124595,125136,125677,126218,126759,127300,127841,128382,128923,129464,130005,130546,131087,131628,132169,132710,133251,133792,134333,134874,135415,135956,136497,137038,137579,138120,138661,139202,139743,140284,140825,141366,141907,142448,142989,143530,144071,144612,145153,145694,146235,-145905,-145364,-144823,-144282,-143741,-143200,-142659,-142118,-141577,-141036,-140495,-139954,-139413,-138872,-138331,-137790,-137249,-136708,-136167,-135626,-135085,-134544,-134003,-133462,-132921,-132380,-131839,-131298,-130757,-130216,-129675,-129134,-128593,-128052,-127511,-126970,-126429,-125888,-125347,-124806,-124265,-123724,-123183,-122642,-122101,-121560,-121019,-120478,-119937,-119396,-118855,-118314,-117773,-117232,-116691,-116150,-115609,-115068,-114527,-113986,-113445,-112904,-112363,-111822,-111281,-110740,-110199,-109658,-109117,-108576,-108035,-107494,-106953,-106412,-105871,-105330,-104789,-104248,-103707,-103166,-102625,-102084,-101543,-101002,-100461,-99920,-99379,-98838,-98297,-97756,-97215,-96674,-96133,-95592,-95051,-94510,-93969,-93428,-92887,-92346,-91805,-91264,-90723,-90182,-89641,-89265,-89100,-88559,-88018,-87477,-86936,-86395,-85854,-85313,-84772,-84231,-83690,-83149,-82608,-82067,-81526,-80985,-80444,-79903,-79362,-78821,-78280,-77739,-77198,-76657,-76116,-75575,-75034,-74493,-73952,-73411,-72870,-72329,-71788,-71247,-70706,-70165,-69624,-69083,-68542,-68001,-67460,-66919,-66378,-65837,-65296,-64755,-64214,-63673,-63132,-62591,-62050,-61509,-60968,-60427,-59886,-59345,-58804,-58263,-57722,-57181,-56640,-56099,-55558,-55017,-54476,-53935,-53394,-52853,-52312,-51771,-51230,-50689,-50148,-49607,-49066,-48525,-47984,-47443,-46902,-46361,-45820,-45279,-44738,-44197,-43656,-43115,-42574,-42033,-41492,-40951,-40410,-39869,-39328,-38787,-38246,-37705,-37164,-36623,-36082,-35541,-35000,-34459,-33918,-33377,-32836,-32295,-31754,-31213,-30672,-30131,-29590,-29049,-28508,-27967,-27426,-26885,-26344,-25803,-25262,-24721,-24180,-23639,-23098,-22557,-22016,-21475,-20934,-20393,-19852,-19311,-18770,-18229,-17688,-17147,-16606,-16065,-15524,-14983,-14442,-13901,-13360,-12819,-12278,-11737,-11196,-10655,-10114,-9573,-9032,-8491,-7950,-7409,-6868,-6327,-5786,-5245,-4704,-4163,-3622,-3081,-2540,-1999,-1458,-917,-376
166,707,1248,1789,2330,2871,3412,3953,4494,5035,5576,6117,6658,7199,7740,8281,8822,9363,9904,10445,10986,11527,12068,12609,13150,13691,14232,14773,15314,15855,16396,16937,17478,18019,18560,19101,19642,20183,20724,21265,21806,22347,22888,23429,23970,24511,25052,25593,26134,26675,27216,27757,28298,28839,29380,29921,30462,31003,31544,32085,32626,33167,33708,34249,34790,35331,35872,36413,36954,37495,38036,38577,39118,39659,40200,40741,41282,41823,42364,42905,43446,43987,44528,45069,45610,46151,46692,47233,47774,48315,48856,49397,49938,50479,51020,51561,52102,52643,53184,53725,54266,54807,55348,55889,56430,56971,57512,58053,58594,59135,59676,60217,60758,61299,61840,62381,62922,63463,64004,64545,65086,65627,66168,66709,67250,67791,68332,68873,69414,69955,70496,71037,71578,72119,72660,73201,73742,74283,74824,75365,75906,76447,76988,77529,78070,78611,79152,79693,80234,80775,81316,81857,82398,82939,83480,84021,84562,85103,85644,86185,86726,87267,87808,88349,88890,89431,89972,90513,91054,91595,92136,92677,93218,93759,94300,94841,95382,95923,96464,97005,97546,98087,98628,99169,99710,100251,100792,101333,101874,102415,102956,103497,104038,104579,105120,105661,106202,106743,107284,107825,108366,108907,109448,109989,110530,111071,111612,112153,112694,113235,113776,114317,114858,115399,115940,116481,117022,117563,118104,118645,119186,119727,120268,120809,121350,121891,122432,122973,123514,124055,124596,125137,125678,126219,126760,127301,127842,128383,128924,129465,130006,130547,131088,131629,132170,132711,133252,133793,134334,134875,135416,135957,136498,137039,137580,138121,138662,139203,139744,140285,140826,141367,141908,142449,142990,143531,144072,144613,145154,145695,146236,-145904,-145363,-144822,-144281,-143740,-143199,-142658,-142117,-141576,-141035,-140494,-139953,-139412,-138871,-138330,-137789,-137248,-136707,-136166,-135625,-135084,-134543,-134002,-133461,-132920,-132379,-131838,-131297,-130756,-130215,-129674,-129133,-128592,-128051,-127510,-126969,-126428,-125887,-125346,-124805,-124264,-123723,-123182,-122641,-122100,-121559,-121018,-120477,-119936,-119395,-118854,-118313,-117772,-117231,-116690,-116149,-115608,-115067,-114526,-113985,-113444,-112903,-112362,-111821,-111280,-110739,-110198,-109657,-109116,-108575,-108034,-107493,-106952,-106411,-105870,-105329,-104788,-104247,-103706,-103165,-102624,-102083,-101542,-101001,-100460,-99919,-99378,-98837,-98296,-97755,-97214,-96673,-96132,-95591,-95050,-94509,-93968,-93427,-92886,-92345,-91804,-91263,-90722,-90181,-89806,-89640,-89099,-88558,-88017,-87476,-86935,-86394,-85853,-85312,-84771,-84230,-83689,-83148,-82607,-82066,-81525,-80984,-80443,-79902,-79361,-78820,-78279,-77738,-77197,-76656,-76115,-75574,-75033,-74492,-73951,-73410,-72869,-72328,-71787,-71246,-70705,-70164,-69623,-69082,-68541,-68000,-67459,-66918,-66377,-65836,-65295,-64754,-64213,-63672,-63131,-62590,-62049,-61508,-60967,-60426,-59885,-59344,-58803,-58262,-57721,-57180,-56639,-56098,-55557,-55016,-54475,-53934,-53393,-52852,-52311,-51770,-51229,-50688,-50147,-49606,-49065,-48524,-47983,-47442,-46901,-46360,-45819,-45278,-44737,-44196,-43655,-43114,-42573,-42032,-41491,-40950,-40409,-39868,-39327,-38786,-38245,-37704,-37163,-36622,-36081,-35540,-34999,-34458,-33917,-33376,-32835,-32294,-31753,-31212,-30671,-30130,-29589,-29048,-28507,-27966,-27425,-26884,-26343,-25802,-25261,-24720,-24179,-23638,-23097,-22556,-22015,-21474,-20933,-20392,-19851,-19310,-18769,-18228,-17687,-17146,-16605,-16064,-15523,-14982,-14441,-13900,-13359,-12818,-12277,-11736,-11195,-10654,-10113,-9572,-9031,-8490,-7949,-7408,-6867,-6326,-5785,-5244,-4703,-4162,-3621,-3080,-2539,-1998,-1457,-916,-375
167,708,1249,1790,2331,2872,3413,3954,4495,5036,5577,6118,6659,7200,7741,8282,8823,9364,9905,10446,10987,11528,12069,12610,13151,13692,14233,14774,15315,15856,16397,16938,17479,18020,18561,19102,19643,20184,20725,21266,21807,22348,22889,23430,23971,24512,25053,25594,26135,26676,27217,27758,28299,28840,29381,29922,30463,31004,31545,32086,32627,33168,33709,34250,34791,35332,35873,36414,36955,37496,38037,38578,39119,39660,40201,40742,41283,41824,42365,42906,43447,43988,44529,45070,45611,46152,46693,47234,47775,48316,48857,49398,49939,50480,51021,51562,52103,52644,53185,53726,54267,54808,55349,55890,56431,56972,57513,58054,58595,59136,59677,60218,60759,61300,61841,62382,62923,63464,64005,64546,65087,65628,66169,66710,67251,67792,68333,68874,69415,69956,70497,71038,71579,72120,72661,73202,73743,74284,74825,75366,75907,76448,76989,77530,78071,78612,79153,79694,80235,80776,81317,81858,82399,82940,83481,84022,84563,85104,85645,86186,86727,87268,87809,88350,88891,89432,89973,90514,91055,91596,92137,92678,93219,93760,94301,94842,95383,95924,96465,97006,97547,98088,98629,99170,99711,100252,100793,101334,101875,102416,102957,103498,104039,104580,105121,105662,106203,106744,107285,107826,108367,108908,109449,109990,110531,111072,111613,112154,112695,113236,113777,114318,114859,115400,115941,116482,117023,117564,118105,118646,119187,119728,120269,120810,121351,121892,122433,122974,123515,124056,124597,125138,125679,126220,126761,127302,127843,128384,128925,129466,130007,130548,131089,131630,132171,132712,133253,133794,134335,134876,135417,135958,136499,137040,137581,138122,138663,139204,139745,140286,140827,141368,141909,142450,142991,143532,144073,144614,145155,145696,146237,-145903,-145362,-144821,-144280,-143739,-143198,-142657,-142116,-141575,-141034,-140493,-139952,-139411,-138870,-138329,-137788,-137247,-136706,-136165,-135624,-135083,-134542,-134001,-133460,-132919,-132378,-131837,-131296,-130755,-130214,-129673,-129132,-128591,-128050,-127509,-126968,-126427,-125886,-125345,-124804,-124263,-123722,-123181,-122640,-122099,-121558,-121017,-120476,-119935,-119394,-118853,-118312,-117771,-117230,-116689,-116148,-115607,-115066,-114525,-113984,-113443,-112902,-112361,-111820,-111279,-110738,-110197,-109656,-109115,-108574,-108033,-107492,-106951,-106410,-105869,-105328,-104787,-104246,-103705,-103164,-102623,-102082,-101541,-101000,-100459,-99918,-99377,-98836,-98295,-97754,-97213,-96672,-96131,-95590,-95049,-94508,-93967,-93426,-92885,-92344,-91803,-91262,-90721,-90347,-90180,-89639,-89098,-88557,-88016,-87475,-86934,-86393,-85852,-85311,-84770,-84229,-83688,-83147,-82606,-82065,-81524,-80983,-80442,-79901,-79360,-78819,-78278,-77737,-77196,-76655,-76114,-75573,-75032,-74491,-73950,-73409,-72868,-72327,-71786,-71245,-70704,-70163,-69622,-69081,-68540,-67999,-67458,-66917,-66376,-65835,-65294,-64753,-64212,-63671,-63130,-62589,-62048,-61507,-60966,-60425,-59884,-59343,-58802,-58261,-57720,-57179,-56638,-56097,-55556,-55015,-54474,-53933,-53392,-52851,-52310,-51769,-51228,-50687,-50146,-49605,-49064,-48523,-47982,-47441,-46900,-46359,-45818,-45277,-44736,-44195,-43654,-43113,-42572,-42031,-41490,-40949,-40408,-39867,-39326,-38785,-38244,-37703,-37162,-36621,-36080,-35539,-34998,-34457,-33916,-33375,-32834,-32293,-31752,-31211,-30670,-30129,-29588,-29047,-28506,-27965,-27424,-26883,-26342,-25801,-25260,-24719,-24178,-23637,-23096,-22555,-22014,-21473,-20932,-20391,-19850,-19309,-18768,-18227,-17686,-17145,-16604,-16063,-15522,-14981,-14440,-13899,-13358,-12817,-12276,-11735,-11194,-10653,-10112,-9571,-9030,-8489,-7948,-7407,-6866,-6325,-5784,-5243,-4702,-4161,-3620,-3079,-2538,-1997,-1456,-915,-374
168,709,1250,1791,2332,2873,3414,3955,4496,5037,5578,6119,6660,7201,7742,8283,8824,9365,9906,10447,10988,11529,12070,12611,13152,13693,14234,14775,15316,15857,16398,16939,17480,18021,18562,19103,19644,20185,20726,21267,21808,22349,22890,23431,23972,24513,25054,25595,26136,26677,27218,27759,28300,28841,29382,29923,30464,31005,31546,32087,32628,33169,33710,34251,34792,35333,35874,36415,36956,37497,38038,38579,39120,39661,40202,40743,41284,41825,42366,42907,43448,43989,44530,45071,45612,46153,46694,47235,47776,48317,48858,49399,49940,50481,51022,51563,52104,52645,53186,53727,54268,54809,55350,55891,56432,56973,57514,58055,58596,59137,59678,60219,60760,61301,61842,62383,62924,63465,64006,64547,65088,65629,66170,66711,67252,67793,68334,68875,69416,69957,70498,71039,71580,72121,72662,73203,73744,74285,74826,75367,75908,76449,76990,77531,78072,78613,79154,79695,80236,80777,81318,81859,82400,82941,83482,84023,84564,85105,85646,86187,86728,87269,87810,88351,88892,89433,89974,90515,91056,91597,92138,92679,93220,93761,94302,94843,95384,95925,96466,97007,97548,98089,98630,99171,99712,100253,100794,101335,101876,102417,102958,103499,104040,104581,105122,105663,106204,106745,107286,107827,108368,108909,109450,109991,110532,111073,111614,112155,112696,113237,113778,114319,114860,115401,115942,116483,117024,117565,118106,118647,119188,119729,120270,120811,121352,121893,122434,122975,123516,124057,124598,125139,125680,126221,126762,127303,127844,128385,128926,129467,130008,130549,131090,131631,132172,132713,133254,133795,134336,134877,135418,135959,136500,137041,137582,138123,138664,139205,139746,140287,140828,141369,141910,142451,142992,143533,144074,144615,145156,145697,146238,-145902,-145361,-144820,-144279,-143738,-143197,-142656,-142115,-141574,-141033,-140492,-139951,-139410,-138869,-138328,-137787,-137246,-136705,-136164,-135623,-135082,-134541,-134000,-133459,-132918,-132377,-131836,-131295,-130754,-130213,-129672,-129131,-128590,-128049,-127508,-126967,-126426,-125885,-125344,-124803,-124262,-123721,-123180,-122639,-122098,-121557,-121016,-120475,-119934,-119393,-118852,-118311,-117770,-117229,-116688,-116147,-115606,-115065,-114524,-113983,-113442,-112901,-112360,-111819,-111278,-110737,-110196,-109655,-109114,-108573,-108032,-107491,-106950,-106409,-105868,-105327,-104786,-104245,-103704,-103163,-102622,-102081,-101540,-100999,-100458,-99917,-99376,-98835,-98294,-97753,-97212,-96671,-96130,-95589,-95048,-94507,-93966,-93425,-92884,-92343,-91802,-91261,-90888,-90720,-90179,-89638,-89097,-88556,-88015,-87474,-86933,-86392,-85851,-85310,-84769,-84228,-83687,-83146,-82605,-82064,-81523,-80982,-80441,-79900,-79359,-78818,-78277,-77736,-77195,-76654,-76113,-75572,-75031,-74490,-73949,-73408,-72867,-72326,-71785,-71244,-70703,-70162,-69621,-69080,-68539,-67998,-67457,-66916,-66375,-65834,-65293,-64752,-64211,-63670,-63129,-62588,-62047,-61506,-60965,-60424,-59883,-59342,-58801,-58260,-57719,-57178,-56637,-56096,-55555,-55014,-54473,-53932,-53391,-52850,-52309,-51768,-51227,-50686,-50145,-49604,-49063,-48522,-47981,-47440,-46899,-46358,-45817,-45276,-44735,-44194,-43653,-43112,-42571,-42030,-41489,-40948,-40407,-39866,-39325,-38784,-38243,-37702,-37161,-36620,-36079,-35538,-34997,-34456,-33915,-33374,-32833,-32292,-31751,-31210,-30669,-30128,-29587,-29046,-28505,-27964,-27423,-26882,-26341,-25800,-25259,-24718,-24177,-23636,-23095,-22554,-22013,-21472,-20931,-20390,-19849,-19308,-18767,-18226,-17685,-17144,-16603,-16062,-15521,-14980,-14439,-13898,-13357,-12816,-12275,-11734,-11193,-10652,-10111,-9570,-9029,-8488,-7947,-7406,-6865,-6324,-5783,-5242,-4701,-4160,-3619,-3078,-2537,-1996,-1455,-914,-373
169,710,1251,1792,2333,2874,3415,3956,4497,5038,5579,6120,6661,7202,7743,8284,8825,9366,9907,10448,10989,11530,12071,12612,13153,13694,14235,14776,15317,15858,16399,16940,17481,18022,18563,19104,19645,20186,20727,21268,21809,22350,22891,23432,23973,24514,25055,25596,26137,26678,27219,27760,28301,28842,29383,29924,30465,31006,31547,32088,32629,33170,33711,34252,34793,35334,35875,36416,36957,37498,38039,38580,39121,39662,40203,40744,41285,41826,42367,42908,43449,43990,44531,45072,45613,46154,46695,47236,47777,48318,48859,49400,49941,50482,51023,51564,52105,52646,53187,53728,54269,54810,55351,55892,56433,56974,57515,58056,58597,59138,59679,60220,60761,61302,61843,62384,62925,63466,64007,64548,65089,65630,66171,66712,67253,67794,68335,68876,69417,69958,70499,71040,71581,72122,72663,73204,73745,74286,74827,75368,75909,76450,76991,77532,78073,78614,79155,79696,80237,80778,81319,81860,82401,82942,83483,84024,84565,85106,85647,86188,86729,87270,87811,88352,88893,89434,89975,90516,91057,91598,92139,92680,93221,93762,94303,94844,95385,95926,96467,97008,97549,98090,98631,99172,99713,100254,100795,101336,101877,102418,102959,103500,104041,104582,105123,105664,106205,106746,107287,107828,108369,108910,109451,109992,110533,111074,111615,112156,112697,113238,113779,114320,114861,115402,115943,116484,117025,117566,118107,118648,119189,119730,120271,120812,121353,121894,122435,122976,123517,124058,124599,125140,125681,126222,126763,127304,127845,128386,128927,129468,130009,130550,131091,131632,132173,132714,133255,133796,134337,134878,135419,135960,136501,137042,137583,138124,138665,139206,139747,140288,140829,141370,141911,142452,142993,143534,144075,144616,145157,145698,146239,-145901,-145360,-144819,-144278,-143737,-143196,-142655,-142114,-141573,-141032,-140491,-139950,-139409,-138868,-138327,-137786,-137245,-136704,-136163,-135622,-135081,-134540,-133999,-133458,-132917,-132376,-131835,-131294,-130753,-130212,-129671,-129130,-128589,-128048,-127507,-126966,-126425,-125884,-125343,-124802,-124261,-123720,-123179,-122638,-122097,-121556,-121015,-120474,-119933,-119392,-118851,-118310,-117769,-117228,-116687,-116146,-115605,-115064,-114523,-113982,-113441,-112900,-112359,-111818,-111277,-110736,-110195,-109654,-109113,-108572,-108031,-107490,-106949,-106408,-105867,-105326,-104785,-104244,-103703,-103162,-102621,-102080,-101539,-100998,-100457,-99916,-99375,-98834,-98293,-97752,-97211,-96670,-96129,-95588,-95047,-94506,-93965,-93424,-92883,-92342,-91801,-91429,-91260,-90719,-90178,-89637,-89096,-88555,-88014,-87473,-86932,-86391,-85850,-85309,-84768,-84227,-83686,-83145,-82604,-82063,-81522,-80981,-80440,-79899,-79358,-78817,-78276,-77735,-77194,-76653,-76112,-75571,-75030,-74489,-73948,-73407,-72866,-72325,-71784,-71243,-70702,-70161,-69620,-69079,-68538,-67997,-67456,-66915,-66374,-65833,-65292,-64751,-64210,-63669,-63128,-62587,-62046,-61505,-60964,-60423,-59882,-59341,-58800,-58259,-57718,-57177,-56636,-56095,-55554,-55013,-54472,-53931,-53390,-52849,-52308,-51767,-51226,-50685,-50144,-49603,-49062,-48521,-47980,-47439,-46898,-46357,-45816,-45275,-44734,-44193,-43652,-43111,-42570,-42029,-41488,-40947,-40406,-39865,-39324,-38783,-38242,-37701,-37160,-36619,-36078,-35537,-34996,-34455,-33914,-33373,-32832,-32291,-31750,-31209,-30668,-30127,-29586,-29045,-28504,-27963,-27422,-26881,-26340,-25799,-25258,-24717,-24176,-23635,-23094,-22553,-22012,-21471,-20930,-20389,-19848,-19307,-18766,-18225,-17684,-17143,-16602,-16061,-15520,-14979,-14438,-13897,-13356,-12815,-12274,-11733,-11192,-10651,-10110,-9569,-9028,-8487,-7946,-7405,-6864,-6323,-5782,-5241,-4700,-4159,-3618,-3077,-2536,-1995,-1454,-913,-372
170,711,1252,1793,2334,2875,3416,3957,4498,5039,5580,6121,6662,7203,7744,8285,8826,9367,9908,10449,10990,11531,12072,12613,13154,13695,14236,14777,15318,15859,16400,16941,17482,18023,18564,19105,19646,20187,20728,21269,21810,22351,22892,23433,23974,24515,25056,25597,26138,26679,27220,27761,28302,28843,29384,29925,30466,31007,31548,32089,32630,33171,33712,34253,34794,35335,35876,36417,36958,37499,38040,38581,39122,39663,40204,40745,41286,41827,42368,42909,43450,43991,44532,45073,45614,46155,46696,47237,47778,48319,48860,49401,49942,50483,51024,51565,52106,52647,53188,53729,54270,54811,55352,55893,56434,56975,57516,58057,58598,59139,59680,60221,60762,61303,61844,62385,62926,63467,64008,64549,65090,65631,66172,66713,67254,67795,68336,68877,69418,69959,70500,71041,71582,72123,72664,73205,73746,74287,74828,75369,75910,76451,76992,77533,78074,78615,79156,79697,80238,80779,81320,81861,82402,82943,83484,84025,84566,85107,85648,86189,86730,87271,87812,88353,88894,89435,89976,90517,91058,91599,92140,92681,93222,93763,94304,94845,95386,95927,96468,97009,97550,98091,98632,99173,99714,100255,100796,101337,101878,102419,102960,103501,104042,104583,105124,105665,106206,106747,107288,107829,108370,108911,109452,109993,110534,111075,111616,112157,112698,113239,113780,114321,114862,115403,115944,116485,117026,117567,118108,118649,119190,119731,120272,120813,121354,121895,122436,122977,123518,124059,124600,125141,125682,126223,126764,127305,127846,128387,128928,129469,130010,130551,131092,131633,132174,132715,133256,133797,134338,134879,135420,135961,136502,137043,137584,138125,138666,139207,139748,140289,140830,141371,141912,142453,142994,143535,144076,144617,145158,145699,146240,-145900,-145359,-144818,-144277,-143736,-143195,-142654,-142113,-141572,-141031,-140490,-139949,-139408,-138867,-138326,-137785,-137244,-136703,-136162,-135621,-135080,-134539,-133998,-133457,-132916,-132375,-131834,-131293,-130752,-130211,-129670,-129129,-128588,-128047,-127506,-126965,-126424,-125883,-125342,-124801,-124260,-123719,-123178,-122637,-122096,-121555,-121014,-120473,-119932,-119391,-118850,-118309,-117768,-117227,-116686,-116145,-115604,-115063,-114522,-113981,-113440,-112899,-112358,-111817,-111276,-110735,-110194,-109653,-109112,-108571,-108030,-107489,-106948,-106407,-105866,-105325,-104784,-104243,-103702,-103161,-102620,-102079,-101538,-100997,-100456,-99915,-99374,-98833,-98292,-97751,-97210,-96669,-96128,-95587,-95046,-94505,-93964,-93423,-92882,-92341,-91970,-91800,-91259,-90718,-90177,-89636,-89095,-88554,-88013,-87472,-86931,-86390,-85849,-85308,-84767,-84226,-83685,-83144,-82603,-82062,-81521,-80980,-80439,-79898,-79357,-78816,-78275,-77734,-77193,-76652,-76111,-75570,-75029,-74488,-73947,-73406,-72865,-72324,-71783,-71242,-70701,-70160,-69619,-69078,-68537,-67996,-67455,-66914,-66373,-65832,-65291,-64750,-64209,-63668,-63127,-62586,-62045,-61504,-60963,-60422,-59881,-59340,-58799,-58258,-57717,-57176,-56635,-56094,-55553,-55012,-54471,-53930,-53389,-52848,-52307,-51766,-51225,-50684,-50143,-49602,-49061,-48520,-47979,-47438,-46897,-46356,-45815,-45274,-44733,-44192,-43651,-43110,-42569,-42028,-41487,-40946,-40405,-39864,-39323,-38782,-38241,-37700,-37159,-36618,-36077,-35536,-34995,-34454,-33913,-33372,-32831,-32290,-31749,-31208,-30667,-30126,-29585,-29044,-28503,-27962,-27421,-26880,-26339,-25798,-25257,-24716,-24175,-23634,-23093,-22552,-22011,-21470,-20929,-20388,-19847,-19306,-18765,-18224,-17683,-17142,-16601,-16060,-15519,-14978,-14437,-13896,-13355,-12814,-12273,-11732,-11191,-10650,-10109,-9568,-9027,-8486,-7945,-7404,-6863,-6322,-5781,-5240,-4699,-4158,-3617,-3076,-2535,-1994,-1453,-912,-371
171,712,1253,1794,2335,2876,3417,3958,4499,5040,5581,6122,6663,7204,7745,8286,8827,9368,9909,10450,10991,11532,12073,12614,13155,13696,14237,14778,15319,15860,16401,16942,17483,18024,18565,19106,19647,20188,20729,21270,21811,22352,22893,23434,23975,24516,25057,25598,26139,26680,27221,27762,28303,28844,29385,29926,30467,31008,31549,32090,32631,33172,33713,34254,34795,35336,35877,36418,36959,37500,38041,38582,39123,39664,40205,40746,41287,41828,42369,42910,43451,43992,44533,45074,45615,46156,46697,47238,47779,48320,48861,49402,49943,50484,51025,51566,52107,52648,53189,53730,54271,54812,55353,55894,56435,56976,57517,58058,58599,59140,59681,60222,60763,61304,61845,62386,62927,63468,64009,64550,65091,65632,66173,66714,67255,67796,68337,68878,69419,69960,70501,71042,71583,72124,72665,73206,73747,74288,74829,75370,75911,76452,76993,77534,78075,78616,79157,79698,80239,80780,81321,81862,82403,82944,83485,84026,84567,85108,85649,86190,86731,87272,87813,88354,88895,89436,89977,90518,91059,91600,92141,92682,93223,93764,94305,94846,95387,95928,96469,97010,97551,98092,98633,99174,99715,100256,100797,101338,101879,102420,102961,103502,104043,104584,105125,105666,106207,106748,107289,107830,108371,108912,109453,109994,110535,111076,111617,112158,112699,113240,113781,114322,114863,115404,115945,116486,117027,117568,118109,118650,119191,119732,120273,120814,121355,121896,122437,122978,123519,124060,124601,125142,125683,126224,126765,127306,127847,128388,128929,129470,130011,130552,131093,131634,132175,132716,133257,133798,134339,134880,135421,135962,136503,137044,137585,138126,138667,139208,139749,140290,140831,141372,141913,142454,142995,143536,144077,144618,145159,145700,146241,-145899,-145358,-144817,-144276,-143735,-143194,-142653,-142112,-141571,-141030,-140489,-139948,-139407,-138866,-138325,-137784,-137243,-136702,-136161,-135620,-135079,-134538,-133997,-133456,-132915,-132374,-131833,-131292,-130751,-130210,-129669,-129128,-128587,-128046,-127505,-126964,-126423,-125882,-125341,-124800,-124259,-123718,-123177,-122636,-122095,-121554,-121013,-120472,-119931,-119390,-118849,-118308,-117767,-117226,-116685,-116144,-115603,-115062,-114521,-113980,-113439,-112898,-112357,-111816,-111275,-110734,-110193,-109652,-109111,-108570,-108029,-107488,-106947,-106406,-105865,-105324,-104783,-104242,-103701,-103160,-102619,-102078,-101537,-100996,-100455,-99914,-99373,-98832,-98291,-97750,-97209,-96668,-96127,-95586,-95045,-94504,-93963,-93422,-92881,-92511,-92340,-91799,-91258,-90717,-90176,-89635,-89094,-88553,-88012,-87471,-86930,-86389,-85848,-85307,-84766,-84225,-83684,-83143,-82602,-82061,-81520,-80979,-80438,-79897,-79356,-78815,-78274,-77733,-77192,-76651,-76110,-75569,-75028,-74487,-73946,-73405,-72864,-72323,-71782,-71241,-70700,-70159,-69618,-69077,-68536,-67995,-67454,-66913,-66372,-65831,-65290,-64749,-64208,-63667,-63126,-62585,-62044,-61503,-60962,-60421,-59880,-59339,-58798,-58257,-57716,-57175,-56634,-56093,-55552,-55011,-54470,-53929,-53388,-52847,-52306,-51765,-51224,-50683,-50142,-49601,-49060,-48519,-47978,-47437,-46896,-46355,-45814,-45273,-44732,-44191,-43650,-43109,-42568,-42027,-41486,-40945,-40404,-39863,-39322,-38781,-38240,-37699,-37158,-36617,-36076,-35535,-34994,-34453,-33912,-33371,-32830,-32289,-31748,-31207,-30666,-30125,-29584,-29043,-28502,-27961,-27420,-26879,-26338,-25797,-25256,-24715,-24174,-23633,-23092,-22551,-22010,-21469,-20928,-20387,-19846,-19305,-18764,-18223,-17682,-17141,-16600,-16059,-15518,-14977,-14436,-13895,-13354,-12813,-12272,-11731,-11190,-10649,-10108,-9567,-9026,-8485,-7944,-7403,-6862,-6321,-5780,-5239,-4698,-4157,-3616,-3075,-2534,-1993,-1452,-911,-370
172,713,1254,1795,2336,2877,3418,3959,4500,5041,5582,6123,6664,7205,7746,8287,8828,9369,9910,10451,10992,11533,12074,12615,13156,13697,14238,14779,15320,15861,16402,16943,17484,18025,18566,19107,19648,20189,20730,21271,21812,22353,22894,23435,23976,24517,25058,25599,26140,26681,27222,27763,28304,28845,29386,29927,30468,31009,31550,32091,32632,33173,33714,34255,34796,35337,35878,36419,36960,37501,38042,38583,39124,39665,40206,40747,41288,41829,42370,42911,43452,43993,44534,45075,45616,46157,46698,47239,47780,48321,48862,49403,49944,50485,51026,51567,52108,52649,53190,53731,54272,54813,55354,55895,56436,56977,57518,58059,58600,59141,59682,60223,60764,61305,61846,62387,62928,63469,64010,64551,65092,65633,66174,66715,67256,67797,68338,68879,69420,69961,70502,71043,71584,72125,72666,73207,73748,74289,74830,75371,75912,76453,76994,77535,78076,78617,79158,79699,80240,80781,81322,81863,82404,82945,83486,84027,84568,85109,85650,86191,86732,87273,87814,88355,88896,89437,89978,90519,91060,91601,92142,92683,93224,93765,94306,94847,95388,95929,96470,97011,97552,98093,98634,99175,99716,100257,100798,101339,101880,102421,102962,103503,104044,104585,105126,105667,106208,106749,107290,107831,108372,108913,109454,109995,110536,111077,111618,112159,112700,113241,113782,114323,114864,115405,115946,116487,117028,117569,118110,118651,119192,119733,120274,120815,121356,121897,122438,122979,123520,124061,124602,125143,125684,126225,126766,127307,127848,128389,128930,129471,130012,130553,131094,131635,132176,132717,133258,133799,134340,134881,135422,135963,136504,137045,137586,138127,138668,139209,139750,140291,140832,141373,141914,142455,142996,143537,144078,144619,145160,145701,146242,-145898,-145357,-144816,-144275,-143734,-143193,-142652,-142111,-141570,-141029,-140488,-139947,-139406,-138865,-138324,-137783,-137242,-136701,-136160,-135619,-135078,-134537,-133996,-133455,-132914,-132373,-131832,-131291,-130750,-130209,-129668,-129127,-128586,-128045,-127504,-126963,-126422,-125881,-125340,-124799,-124258,-123717,-123176,-122635,-122094,-121553,-121012,-120471,-119930,-119389,-118848,-118307,-117766,-117225,-116684,-116143,-115602,-115061,-114520,-113979,-113438,-112897,-112356,-111815,-111274,-110733,-110192,-109651,-109110,-108569,-108028,-107487,-106946,-106405,-105864,-105323,-104782,-104241,-103700,-103159,-102618,-102077,-101536,-100995,-100454,-99913,-99372,-98831,-98290,-97749,-97208,-96667,-96126,-95585,-95044,-94503,-93962,-93421,-93052,-92880,-92339,-91798,-91257,-90716,-90175,-89634,-89093,-88552,-88011,-87470,-86929,-86388,-85847,-85306,-84765,-84224,-83683,-83142,-82601,-82060,-81519,-80978,-80437,-79896,-79355,-78814,-78273,-77732,-77191,-76650,-76109,-75568,-75027,-74486,-73945,-73404,-72863,-72322,-71781,-71240,-70699,-70158,-69617,-69076,-68535,-67994,-67453,-66912,-66371,-65830,-65289,-64748,-64207,-63666,-63125,-62584,-62043,-61502,-60961,-60420,-59879,-59338,-58797,-58256,-57715,-57174,-56633,-56092,-55551,-55010,-54469,-53928,-53387,-52846,-52305,-51764,-51223,-50682,-50141,-49600,-49059,-48518,-47977,-47436,-46895,-46354,-45813,-45272,-44731,-44190,-43649,-43108,-42567,-42026,-41485,-40944,-40403,-39862,-39321,-38780,-38239,-37698,-37157,-36616,-36075,-35534,-34993,-34452,-33911,-33370,-32829,-32288,-31747,-31206,-30665,-30124,-29583,-29042,-28501,-27960,-27419,-26878,-26337,-25796,-25255,-24714,-24173,-23632,-23091,-22550,-22009,-21468,-20927,-20386,-19845,-19304,-18763,-18222,-17681,-17140,-16599,-16058,-15517,-14976,-14435,-13894,-13353,-12812,-12271,-11730,-11189,-10648,-10107,-9566,-9025,-8484,-7943,-7402,-6861,-6320,-5779,-5238,-4697,-4156,-3615,-3074,-2533,-1992,-1451,-910,-369
173,714,1255,1796,2337,2878,3419,3960,4501,5042,5583,6124,6665,7206,7747,8288,8829,9370,9911,10452,10993,11534,12075,12616,13157,13698,14239,14780,15321,15862,16403,16944,17485,18026,18567,19108,19649,20190,20731,21272,21813,22354,22895,23436,23977,24518,25059,25600,26141,26682,27223,27764,28305,28846,29387,29928,30469,31010,31551,32092,32633,33174,33715,34256,34797,35338,35879,36420,36961,37502,38043,38584,39125,39666,40207,40748,41289,41830,42371,42912,43453,43994,44535,45076,45617,46158,46699,47240,47781,48322,48863,49404,49945,50486,51027,51568,52109,52650,53191,53732,54273,54814,55355,55896,56437,56978,57519,58060,58601,59142,59683,60224,60765,61306,61847,62388,62929,63470,64011,64552,65093,65634,66175,66716,67257,67798,68339,68880,69421,69962,70503,71044,71585,72126,72667,73208,73749,74290,74831,75372,75913,76454,76995,77536,78077,78618,79159,79700,80241,80782,81323,81864,82405,82946,83487,84028,84569,85110,85651,86192,86733,87274,87815,88356,88897,89438,89979,90520,91061,91602,92143,92684,93225,93766,94307,94848,95389,95930,96471,97012,97553,98094,98635,99176,99717,100258,100799,101340,101881,102422,102963,103504,104045,104586,105127,105668,106209,106750,107291,107832,108373,108914,109455,109996,110537,111078,111619,112160,112701,113242,113783,114324,114865,115406,115947,116488,117029,117570,118111,118652,119193,119734,120275,120816,121357,121898,122439,122980,123521,124062,124603,125144,125685,126226,126767,127308,127849,128390,128931,129472,130013,130554,131095,131636,132177,132718,133259,133800,134341,134882,135423,135964,136505,137046,137587,138128,138669,139210,139751,140292,140833,141374,141915,142456,142997,143538,144079,144620,145161,145702,146243,-145897,-145356,-144815,-144274,-143733,-143192,-142651,-142110,-141569,-141028,-140487,-139946,-139405,-138864,-138323,-137782,-137241,-136700,-136159,-135618,-135077,-134536,-133995,-133454,-132913,-132372,-131831,-131290,-130749,-130208,-129667,-129126,-128585,-128044,-127503,-126962,-126421,-125880,-125339,-124798,-124257,-123716,-123175,-122634,-122093,-121552,-121011,-120470,-119929,-119388,-118847,-118306,-117765,-117224,-116683,-116142,-115601,-115060,-114519,-113978,-113437,-112896,-112355,-111814,-111273,-110732,-110191,-109650,-109109,-108568,-108027,-107486,-106945,-106404,-105863,-105322,-104781,-104240,-103699,-103158,-102617,-102076,-101535,-100994,-100453,-99912,-99371,-98830,-98289,-97748,-97207,-96666,-96125,-95584,-95043,-94502,-93961,-93593,-93420,-92879,-92338,-91797,-91256,-90715,-90174,-89633,-89092,-88551,-88010,-87469,-86928,-86387,-85846,-85305,-84764,-84223,-83682,-83141,-82600,-82059,-81518,-80977,-80436,-79895,-79354,-78813,-78272,-77731,-77190,-76649,-76108,-75567,-75026,-74485,-73944,-73403,-72862,-72321,-71780,-71239,-70698,-70157,-69616,-69075,-68534,-67993,-67452,-66911,-66370,-65829,-65288,-64747,-64206,-63665,-63124,-62583,-62042,-61501,-60960,-60419,-59878,-59337,-58796,-58255,-57714,-57173,-56632,-56091,-55550,-55009,-54468,-53927,-53386,-52845,-52304,-51763,-51222,-50681,-50140,-49599,-49058,-48517,-47976,-47435,-46894,-46353,-45812,-45271,-44730,-44189,-43648,-43107,-42566,-42025,-41484,-40943,-40402,-39861,-39320,-38779,-38238,-37697,-37156,-36615,-36074,-35533,-34992,-34451,-33910,-33369,-32828,-32287,-31746,-31205,-30664,-30123,-29582,-29041,-28500,-27959,-27418,-26877,-26336,-25795,-25254,-24713,-24172,-23631,-23090,-22549,-22008,-21467,-20926,-20385,-19844,-19303,-18762,-18221,-17680,-17139,-16598,-16057,-15516,-14975,-14434,-13893,-13352,-12811,-12270,-11729,-11188,-10647,-10106,-9565,-9024,-8483,-7942,-7401,-6860,-6319,-5778,-5237,-4696,-4155,-3614,-3073,-2532,-1991,-1450,-909,-368
174,715,1256,1797,2338,2879,3420,3961,4502,5043,5584,6125,6666,7207,7748,8289,8830,9371,9912,10453,10994,11535,12076,12617,13158,13699,14240,14781,15322,15863,16404,16945,17486,18027,18568,19109,19650,20191,20732,21273,21814,22355,22896,23437,23978,24519,25060,25601,26142,26683,27224,27765,28306,28847,29388,29929,30470,31011,31552,32093,32634,33175,33716,34257,34798,35339,35880,36421,36962,37503,38044,38585,39126,39667,40208,40749,41290,41831,42372,42913,43454,43995,44536,45077,45618,46159,46700,47241,47782,48323,48864,49405,49946,50487,51028,51569,52110,52651,53192,53733,54274,54815,55356,55897,56438,56979,57520,58061,58602,59143,59684,60225,60766,61307,61848,62389,62930,63471,64012,64553,65094,65635,66176,66717,67258,67799,68340,68881,69422,69963,70504,71045,71586,72127,72668,73209,73750,74291,74832,75373,75914,76455,76996,77537,78078,78619,79160,79701,80242,80783,81324,81865,82406,82947,83488,84029,84570,85111,85652,86193,86734,87275,87816,88357,88898,89439,89980,90521,91062,91603,92144,92685,93226,93767,94308,94849,95390,95931,96472,97013,97554,98095,98636,99177,99718,100259,100800,101341,101882,102423,102964,103505,104046,104587,105128,105669,106210,106751,107292,107833,108374,108915,109456,109997,110538,111079,111620,112161,112702,113243,113784,114325,114866,115407,115948,116489,117030,117571,118112,118653,119194,119735,120276,120817,121358,121899,122440,122981,123522,124063,124604,125145,125686,126227,126768,127309,127850,128391,128932,129473,130014,130555,131096,131637,132178,132719,133260,133801,134342,134883,135424,135965,136506,137047,137588,138129,138670,139211,139752,140293,140834,141375,141916,142457,142998,143539,144080,144621,145162,145703,146244,-145896,-145355,-144814,-144273,-143732,-143191,-142650,-142109,-141568,-141027,-140486,-139945,-139404,-138863,-138322,-137781,-137240,-136699,-136158,-135617,-135076,-134535,-133994,-133453,-132912,-132371,-131830,-131289,-130748,-130207,-129666,-129125,-128584,-128043,-127502,-126961,-126420,-125879,-125338,-124797,-124256,-123715,-123174,-122633,-122092,-121551,-121010,-120469,-119928,-119387,-118846,-118305,-117764,-117223,-116682,-116141,-115600,-115059,-114518,-113977,-113436,-112895,-112354,-111813,-111272,-110731,-110190,-109649,-109108,-108567,-108026,-107485,-106944,-106403,-105862,-105321,-104780,-104239,-103698,-103157,-102616,-102075,-101534,-100993,-100452,-99911,-99370,-98829,-98288,-97747,-97206,-96665,-96124,-95583,-95042,-94501,-94134,-93960,-93419,-92878,-92337,-91796,-91255,-90714,-90173,-89632,-89091,-88550,-88009,-87468,-86927,-86386,-85845,-85304,-84763,-84222,-83681,-83140,-82599,-82058,-81517,-80976,-80435,-79894,-79353,-78812,-78271,-77730,-77189,-76648,-76107,-75566,-75025,-74484,-73943,-73402,-72861,-72320,-71779,-71238,-70697,-70156,-69615,-69074,-68533,-67992,-67451,-66910,-66369,-65828,-65287,-64746,-64205,-63664,-63123,-62582,-62041,-61500,-60959,-60418,-59877,-59336,-58795,-58254,-57713,-57172,-56631,-56090,-55549,-55008,-54467,-53926,-53385,-52844,-52303,-51762,-51221,-50680,-50139,-49598,-49057,-48516,-47975,-47434,-46893,-46352,-45811,-45270,-44729,-44188,-43647,-43106,-42565,-42024,-41483,-40942,-40401,-39860,-39319,-38778,-38237,-37696,-37155,-36614,-36073,-35532,-34991,-34450,-33909,-33368,-32827,-32286,-31745,-31204,-30663,-30122,-29581,-29040,-28499,-27958,-27417,-26876,-26335,-25794,-25253,-24712,-24171,-23630,-23089,-22548,-22007,-21466,-20925,-20384,-19843,-19302,-18761,-18220,-17679,-17138,-16597,-16056,-15515,-14974,-14433,-13892,-13351,-12810,-12269,-11728,-11187,-10646,-10105,-9564,-9023,-8482,-7941,-7400,-6859,-6318,-5777,-5236,-4695,-4154,-3613,-3072,-2531,-1990,-1449,-908,-367
175,716,1257,1798,2339,2880,3421,3962,4503,5044,5585,6126,6667,7208,7749,8290,8831,9372,9913,10454,10995,11536,12077,12618,13159,13700,14241,14782,15323,15864,16405,16946,17487,18028,18569,19110,19651,20192,20733,21274,21815,22356,22897,23438,23979,24520,25061,25602,26143,26684,27225,27766,28307,28848,29389,29930,30471,31012,31553,32094,32635,33176,33717,34258,34799,35340,35881,36422,36963,37504,38045,38586,39127,39668,40209,40750,41291,41832,42373,42914,43455,43996,44537,45078,45619,46160,46701,47242,47783,48324,48865,49406,49947,50488,51029,51570,52111,52652,53193,53734,54275,54816,55357,55898,56439,56980,57521,58062,58603,59144,59685,60226,60767,61308,61849,62390,62931,63472,64013,64554,65095,65636,66177,66718,67259,67800,68341,68882,69423,69964,70505,71046,71587,72128,72669,73210,73751,74292,74833,75374,75915,76456,76997,77538,78079,78620,79161,79702,80243,80784,81325,81866,82407,82948,83489,84030,84571,85112,85653,86194,86735,87276,87817,88358,88899,89440,89981,90522,91063,91604,92145,92686,93227,93768,94309,94850,95391,95932,96473,97014,97555,98096,98637,99178,99719,100260,100801,101342,101883,102424,102965,103506,104047,104588,105129,105670,106211,106752,107293,107834,108375,108916,109457,109998,110539,111080,111621,112162,112703,113244,113785,114326,114867,115408,115949,116490,117031,117572,118113,118654,119195,119736,120277,120818,121359,121900,122441,122982,123523,124064,124605,125146,125687,126228,126769,127310,127851,128392,128933,129474,130015,130556,131097,131638,132179,132720,133261,133802,134343,134884,135425,135966,136507,137048,137589,138130,138671,139212,139753,140294,140835,141376,141917,142458,142999,143540,144081,144622,145163,145704,146245,-145895,-145354,-144813,-144272,-143731,-143190,-142649,-142108,-141567,-141026,-140485,-139944,-139403,-138862,-138321,-137780,-137239,-136698,-136157,-135616,-135075,-134534,-133993,-133452,-132911,-132370,-131829,-131288,-130747,-130206,-129665,-129124,-128583,-128042,-127501,-126960,-126419,-125878,-125337,-124796,-124255,-123714,-123173,-122632,-122091,-121550,-121009,-120468,-119927,-119386,-118845,-118304,-117763,-117222,-116681,-116140,-115599,-115058,-114517,-113976,-113435,-112894,-112353,-111812,-111271,-110730,-110189,-109648,-109107,-108566,-108025,-107484,-106943,-106402,-105861,-105320,-104779,-104238,-103697,-103156,-102615,-102074,-101533,-100992,-100451,-99910,-99369,-98828,-98287,-97746,-97205,-96664,-96123,-95582,-95041,-94675,-94500,-93959,-93418,-92877,-92336,-91795,-91254,-90713,-90172,-89631,-89090,-88549,-88008,-87467,-86926,-86385,-85844,-85303,-84762,-84221,-83680,-83139,-82598,-82057,-81516,-80975,-80434,-79893,-79352,-78811,-78270,-77729,-77188,-76647,-76106,-75565,-75024,-74483,-73942,-73401,-72860,-72319,-71778,-71237,-70696,-70155,-69614,-69073,-68532,-67991,-67450,-66909,-66368,-65827,-65286,-64745,-64204,-63663,-63122,-62581,-62040,-61499,-60958,-60417,-59876,-59335,-58794,-58253,-57712,-57171,-56630,-56089,-55548,-55007,-54466,-53925,-53384,-52843,-52302,-51761,-51220,-50679,-50138,-49597,-49056,-48515,-47974,-47433,-46892,-46351,-45810,-45269,-44728,-44187,-43646,-43105,-42564,-42023,-41482,-40941,-40400,-39859,-39318,-38777,-38236,-37695,-37154,-36613,-36072,-35531,-34990,-34449,-33908,-33367,-32826,-32285,-31744,-31203,-30662,-30121,-29580,-29039,-28498,-27957,-27416,-26875,-26334,-25793,-25252,-24711,-24170,-23629,-23088,-22547,-22006,-21465,-20924,-20383,-19842,-19301,-18760,-18219,-17678,-17137,-16596,-16055,-15514,-14973,-14432,-13891,-13350,-12809,-12268,-11727,-11186,-10645,-10104,-9563,-9022,-8481,-7940,-7399,-6858,-6317,-5776,-5235,-4694,-4153,-3612,-3071,-2530,-1989,-1448,-907,-366
176,717,1258,1799,2340,2881,3422,3963,4504,5045,5586,6127,6668,7209,7750,8291,8832,9373,9914,10455,10996,11537,12078,12619,13160,13701,14242,14783,15324,15865,16406,16947,17488,18029,18570,19111,19652,20193,20734,21275,21816,22357,22898,23439,23980,24521,25062,25603,26144,26685,27226,27767,28308,28849,29390,29931,30472,31013,31554,32095,32636,33177,33718,34259,34800,35341,35882,36423,36964,37505,38046,38587,39128,39669,40210,40751,41292,41833,42374,42915,43456,43997,44538,45079,45620,46161,46702,47243,47784,48325,48866,49407,49948,50489,51030,51571,52112,52653,53194,53735,54276,54817,55358,55899,56440,56981,57522,58063,58604,59145,59686,60227,60768,61309,61850,62391,62932,63473,64014,64555,65096,65637,66178,66719,67260,67801,68342,68883,69424,69965,70506,71047,71588,72129,72670,73211,73752,74293,74834,75375,75916,76457,76998,77539,78080,78621,79162,79703,80244,80785,81326,81867,82408,82949,83490,84031,84572,85113,85654,86195,86736,87277,87818,88359,88900,89441,89982,90523,91064,91605,92146,92687,93228,93769,94310,94851,95392,95933,96474,97015,97556,98097,98638,99179,99720,100261,100802,101343,101884,102425,102966,103507,104048,104589,105130,105671,106212,106753,107294,107835,108376,108917,109458,109999,110540,111081,111622,112163,112704,113245,113786,114327,114868,115409,115950,116491,117032,117573,118114,118655,119196,119737,120278,120819,121360,121901,122442,122983,123524,124065,124606,125147,125688,126229,126770,127311,127852,128393,128934,129475,130016,130557,131098,131639,132180,132721,133262,133803,134344,134885,135426,135967,136508,137049,137590,138131,138672,139213,139754,140295,140836,141377,141918,142459,143000,143541,144082,144623,145164,145705,146246,-145894,-145353,-144812,-144271,-143730,-143189,-142648,-142107,-141566,-141025,-140484,-139943,-139402,-138861,-138320,-137779,-137238,-136697,-136156,-135615,-135074,-134533,-133992,-133451,-132910,-132369,-131828,-131287,-130746,-130205,-129664,-129123,-128582,-128041,-127500,-126959,-126418,-125877,-125336,-124795,-124254,-123713,-123172,-122631,-122090,-121549,-121008,-120467,-119926,-119385,-118844,-118303,-117762,-117221,-116680,-116139,-115598,-115057,-114516,-113975,-113434,-112893,-112352,-111811,-111270,-110729,-110188,-109647,-109106,-108565,-108024,-107483,-106942,-106401,-105860,-105319,-104778,-104237,-103696,-103155,-102614,-102073,-101532,-100991,-100450,-99909,-99368,-98827,-98286,-97745,-97204,-96663,-96122,-95581,-95216,-95040,-94499,-93958,-93417,-92876,-92335,-91794,-91253,-90712,-90171,-89630,-89089,-88548,-88007,-87466,-86925,-86384,-85843,-85302,-84761,-84220,-83679,-83138,-82597,-82056,-81515,-80974,-80433,-79892,-79351,-78810,-78269,-77728,-77187,-76646,-76105,-75564,-75023,-74482,-73941,-73400,-72859,-72318,-71777,-71236,-70695,-70154,-69613,-69072,-68531,-67990,-67449,-66908,-66367,-65826,-65285,-64744,-64203,-63662,-63121,-62580,-62039,-61498,-60957,-60416,-59875,-59334,-58793,-58252,-57711,-57170,-56629,-56088,-55547,-55006,-54465,-53924,-53383,-52842,-52301,-51760,-51219,-50678,-50137,-49596,-49055,-48514,-47973,-47432,-46891,-46350,-45809,-45268,-44727,-44186,-43645,-43104,-42563,-42022,-41481,-40940,-40399,-39858,-39317,-38776,-38235,-37694,-37153,-36612,-36071,-35530,-34989,-34448,-33907,-33366,-32825,-32284,-31743,-31202,-30661,-30120,-29579,-29038,-28497,-27956,-27415,-26874,-26333,-25792,-25251,-24710,-24169,-23628,-23087,-22546,-22005,-21464,-20923,-20382,-19841,-19300,-18759,-18218,-17677,-17136,-16595,-16054,-15513,-14972,-14431,-13890,-13349,-12808,-12267,-11726,-11185,-10644,-10103,-9562,-9021,-8480,-7939,-7398,-6857,-6316,-5775,-5234,-4693,-4152,-3611,-3070,-2529,-1988,-1447,-906,-365
177,718,1259,1800,2341,2882,3423,3964,4505,5046,5587,6128,6669,7210,7751,8292,8833,9374,9915,10456,10997,11538,12079,12620,13161,13702,14243,14784,15325,15866,16407,16948,17489,18030,18571,19112,19653,20194,20735,21276,21817,22358,22899,23440,23981,24522,25063,25604,26145,26686,27227,27768,28309,28850,29391,29932,30473,31014,31555,32096,32637,33178,33719,34260,34801,35342,35883,36424,36965,37506,38047,38588,39129,39670,40211,40752,41293,41834,42375,42916,43457,43998,44539,45080,45621,46162,46703,47244,47785,48326,48867,49408,49949,50490,51031,51572,52113,52654,53195,53736,54277,54818,55359,55900,56441,56982,57523,58064,58605,59146,59687,60228,60769,61310,61851,62392,62933,63474,64015,64556,65097,65638,66179,66720,67261,67802,68343,68884,69425,69966,70507,71048,71589,72130,72671,73212,73753,74294,74835,75376,75917,76458,76999,77540,78081,78622,79163,79704,80245,80786,81327,81868,82409,82950,83491,84032,84573,85114,85655,86196,86737,87278,87819,88360,88901,89442,89983,90524,91065,91606,92147,92688,93229,93770,94311,94852,95393,95934,96475,97016,97557,98098,98639,99180,99721,100262,100803,101344,101885,102426,102967,103508,104049,104590,105131,105672,106213,106754,107295,107836,108377,108918,109459,110000,110541,111082,111623,112164,112705,113246,113787,114328,114869,115410,115951,116492,117033,117574,118115,118656,119197,119738,120279,120820,121361,121902,122443,122984,123525,124066,124607,125148,125689,126230,126771,127312,127853,128394,128935,129476,130017,130558,131099,131640,132181,132722,133263,133804,134345,134886,135427,135968,136509,137050,137591,138132,138673,139214,139755,140296,140837,141378,141919,142460,143001,143542,144083,144624,145165,145706,146247,-145893,-145352,-144811,-144270,-143729,-143188,-142647,-142106,-141565,-141024,-140483,-139942,-139401,-138860,-138319,-137778,-137237,-136696,-136155,-135614,-135073,-134532,-133991,-133450,-132909,-132368,-131827,-131286,-130745,-130204,-129663,-129122,-128581,-128040,-127499,-126958,-126417,-125876,-125335,-124794,-124253,-123712,-123171,-122630,-122089,-121548,-121007,-120466,-119925,-119384,-118843,-118302,-117761,-117220,-116679,-116138,-115597,-115056,-114515,-113974,-113433,-112892,-112351,-111810,-111269,-110728,-110187,-109646,-109105,-108564,-108023,-107482,-106941,-106400,-105859,-105318,-104777,-104236,-103695,-103154,-102613,-102072,-101531,-100990,-100449,-99908,-99367,-98826,-98285,-97744,-97203,-96662,-96121,-95757,-95580,-95039,-94498,-93957,-93416,-92875,-92334,-91793,-91252,-90711,-90170,-89629,-89088,-88547,-88006,-87465,-86924,-86383,-85842,-85301,-84760,-84219,-83678,-83137,-82596,-82055,-81514,-80973,-80432,-79891,-79350,-78809,-78268,-77727,-77186,-76645,-76104,-75563,-75022,-74481,-73940,-73399,-72858,-72317,-71776,-71235,-70694,-70153,-69612,-69071,-68530,-67989,-67448,-66907,-66366,-65825,-65284,-64743,-64202,-63661,-63120,-62579,-62038,-61497,-60956,-60415,-59874,-59333,-58792,-58251,-57710,-57169,-56628,-56087,-55546,-55005,-54464,-53923,-53382,-52841,-52300,-51759,-51218,-50677,-50136,-49595,-49054,-48513,-47972,-47431,-46890,-46349,-45808,-45267,-44726,-44185,-43644,-43103,-42562,-42021,-41480,-40939,-40398,-39857,-39316,-38775,-38234,-37693,-37152,-36611,-36070,-35529,-34988,-34447,-33906,-33365,-32824,-32283,-31742,-31201,-30660,-30119,-29578,-29037,-28496,-27955,-27414,-26873,-26332,-25791,-25250,-24709,-24168,-23627,-23086,-22545,-22004,-21463,-20922,-20381,-19840,-19299,-18758,-18217,-17676,-17135,-16594,-16053,-15512,-14971,-14430,-13889,-13348,-12807,-12266,-11725,-11184,-10643,-10102,-9561,-9020,-8479,-7938,-7397,-6856,-6315,-5774,-5233,-4692,-4151,-3610,-3069,-2528,-1987,-1446,-905,-364
178,719,1260,1801,2342,2883,3424,3965,4506,5047,5588,6129,6670,7211,7752,8293,8834,9375,9916,10457,10998,11539,12080,12621,13162,13703,14244,14785,15326,15867,16408,16949,17490,18031,18572,19113,19654,20195,20736,21277,21818,22359,22900,23441,23982,24523,25064,25605,26146,26687,27228,27769,28310,28851,29392,29933,30474,31015,31556,32097,32638,33179,33720,34261,34802,35343,35884,36425,36966,37507,38048,38589,39130,39671,40212,40753,41294,41835,42376,42917,43458,43999,44540,45081,45622,46163,46704,47245,47786,48327,48868,49409,49950,50491,51032,51573,52114,52655,53196,53737,54278,54819,55360,55901,56442,56983,57524,58065,58606,59147,59688,60229,60770,61311,61852,62393,62934,63475,64016,64557,65098,65639,66180,66721,67262,67803,68344,68885,69426,69967,70508,71049,71590,72131,72672,73213,73754,74295,74836,75377,75918,76459,77000,77541,78082,78623,79164,79705,80246,80787,81328,81869,82410,82951,83492,84033,84574,85115,85656,86197,86738,87279,87820,88361,88902,89443,89984,90525,91066,91607,92148,92689,93230,93771,94312,94853,95394,95935,96476,97017,97558,98099,98640,99181,99722,100263,100804,101345,101886,102427,102968,103509,104050,104591,105132,105673,106214,106755,107296,107837,108378,108919,109460,110001,110542,111083,111624,112165,112706,113247,113788,114329,114870,115411,115952,116493,117034,117575,118116,118657,119198,119739,120280,120821,121362,121903,122444,122985,123526,124067,124608,125149,125690,126231,126772,127313,127854,128395,128936,129477,130018,130559,131100,131641,132182,132723,133264,133805,134346,134887,135428,135969,136510,137051,137592,138133,138674,139215,139756,140297,140838,141379,141920,142461,143002,143543,144084,144625,145166,145707,146248,-145892,-145351,-144810,-144269,-143728,-143187,-142646,-142105,-141564,-141023,-140482,-139941,-139400,-138859,-138318,-137777,-137236,-136695,-136154,-135613,-135072,-134531,-133990,-133449,-132908,-132367,-131826,-131285,-130744,-130203,-129662,-129121,-128580,-128039,-127498,-126957,-126416,-125875,-125334,-124793,-124252,-123711,-123170,-122629,-122088,-121547,-121006,-120465,-119924,-119383,-118842,-118301,-117760,-117219,-116678,-116137,-115596,-115055,-114514,-113973,-113432,-112891,-112350,-111809,-111268,-110727,-110186,-109645,-109104,-108563,-108022,-107481,-106940,-106399,-105858,-105317,-104776,-104235,-103694,-103153,-102612,-102071,-101530,-100989,-100448,-99907,-99366,-98825,-98284,-97743,-97202,-96661,-96298,-96120,-95579,-95038,-94497,-93956,-93415,-92874,-92333,-91792,-91251,-90710,-90169,-89628,-89087,-88546,-88005,-87464,-86923,-86382,-85841,-85300,-84759,-84218,-83677,-83136,-82595,-82054,-81513,-80972,-80431,-79890,-79349,-78808,-78267,-77726,-77185,-76644,-76103,-75562,-75021,-74480,-73939,-73398,-72857,-72316,-71775,-71234,-70693,-70152,-69611,-69070,-68529,-67988,-67447,-66906,-66365,-65824,-65283,-64742,-64201,-63660,-63119,-62578,-62037,-61496,-60955,-60414,-59873,-59332,-58791,-58250,-57709,-57168,-56627,-56086,-55545,-55004,-54463,-53922,-53381,-52840,-52299,-51758,-51217,-50676,-50135,-49594,-49053,-48512,-47971,-47430,-46889,-46348,-45807,-45266,-44725,-44184,-43643,-43102,-42561,-42020,-41479,-40938,-40397,-39856,-39315,-38774,-38233,-37692,-37151,-36610,-36069,-35528,-34987,-34446,-33905,-33364,-32823,-32282,-31741,-31200,-30659,-30118,-29577,-29036,-28495,-27954,-27413,-26872,-26331,-25790,-25249,-24708,-24167,-23626,-23085,-22544,-22003,-21462,-20921,-20380,-19839,-19298,-18757,-18216,-17675,-17134,-16593,-16052,-15511,-14970,-14429,-13888,-13347,-12806,-12265,-11724,-11183,-10642,-10101,-9560,-9019,-8478,-7937,-7396,-6855,-6314,-5773,-5232,-4691,-4150,-3609,-3068,-2527,-1986,-1445,-904,-363
179,720,1261,1802,2343,2884,3425,3966,4507,5048,5589,6130,6671,7212,7753,8294,8835,9376,9917,10458,10999,11540,12081,12622,13163,13704,14245,14786,15327,15868,16409,16950,17491,18032,18573,19114,19655,20196,20737,21278,21819,22360,22901,23442,23983,24524,25065,25606,26147,26688,27229,27770,28311,28852,29393,29934,30475,31016,31557,32098,32639,33180,33721,34262,34803,35344,35885,36426,36967,37508,38049,38590,39131,39672,40213,40754,41295,41836,42377,42918,43459,44000,44541,45082,45623,46164,46705,47246,47787,48328,48869,49410,49951,50492,51033,51574,52115,52656,53197,53738,54279,54820,55361,55902,56443,56984,57525,58066,58607,59148,59689,60230,60771,61312,61853,62394,62935,63476,64017,64558,65099,65640,66181,66722,67263,67804,68345,68886,69427,69968,70509,71050,71591,72132,72673,73214,73755,74296,74837,75378,75919,76460,77001,77542,78083,78624,79165,79706,80247,80788,81329,81870,82411,82952,83493,84034,84575,85116,85657,86198,86739,87280,87821,88362,88903,89444,89985,90526,91067,91608,92149,92690,93231,93772,94313,94854,95395,95936,96477,97018,97559,98100,98641,99182,99723,100264,100805,101346,101887,102428,102969,103510,104051,104592,105133,105674,106215,106756,107297,107838,108379,108920,109461,110002,110543,111084,111625,112166,112707,113248,113789,114330,114871,115412,115953,116494,117035,117576,118117,118658,119199,119740,120281,120822,121363,121904,122445,122986,123527,124068,124609,125150,125691,126232,126773,127314,127855,128396,128937,129478,130019,130560,131101,131642,132183,132724,133265,133806,134347,134888,135429,135970,136511,137052,137593,138134,138675,139216,139757,140298,140839,141380,141921,142462,143003,143544,144085,144626,145167,145708,146249,-145891,-145350,-144809,-144268,-143727,-143186,-142645,-142104,-141563,-141022,-140481,-139940,-139399,-138858,-138317,-137776,-137235,-136694,-136153,-135612,-135071,-134530,-133989,-133448,-132907,-132366,-131825,-131284,-130743,-130202,-129661,-129120,-128579,-128038,-127497,-126956,-126415,-125874,-125333,-124792,-124251,-123710,-123169,-122628,-122087,-121546,-121005,-120464,-119923,-119382,-118841,-118300,-117759,-117218,-116677,-116136,-115595,-115054,-114513,-113972,-113431,-112890,-112349,-111808,-111267,-110726,-110185,-109644,-109103,-108562,-108021,-107480,-106939,-106398,-105857,-105316,-104775,-104234,-103693,-103152,-102611,-102070,-101529,-100988,-100447,-99906,-99365,-98824,-98283,-97742,-97201,-96839,-96660,-96119,-95578,-95037,-94496,-93955,-93414,-92873,-92332,-91791,-91250,-90709,-90168,-89627,-89086,-88545,-88004,-87463,-86922,-86381,-85840,-85299,-84758,-84217,-83676,-83135,-82594,-82053,-81512,-80971,-80430,-79889,-79348,-78807,-78266,-77725,-77184,-76643,-76102,-75561,-75020,-74479,-73938,-73397,-72856,-72315,-71774,-71233,-70692,-70151,-69610,-69069,-68528,-67987,-67446,-66905,-66364,-65823,-65282,-64741,-64200,-63659,-63118,-62577,-62036,-61495,-60954,-60413,-59872,-59331,-58790,-58249,-57708,-57167,-56626,-56085,-55544,-55003,-54462,-53921,-53380,-52839,-52298,-51757,-51216,-50675,-50134,-49593,-49052,-48511,-47970,-47429,-46888,-46347,-45806,-45265,-44724,-44183,-43642,-43101,-42560,-42019,-41478,-40937,-40396,-39855,-39314,-38773,-38232,-37691,-37150,-36609,-36068,-35527,-34986,-34445,-33904,-33363,-32822,-32281,-31740,-31199,-30658,-30117,-29576,-29035,-28494,-27953,-27412,-26871,-26330,-25789,-25248,-24707,-24166,-23625,-23084,-22543,-22002,-21461,-20920,-20379,-19838,-19297,-18756,-18215,-17674,-17133,-16592,-16051,-15510,-14969,-14428,-13887,-13346,-12805,-12264,-11723,-11182,-10641,-10100,-9559,-9018,-8477,-7936,-7395,-6854,-6313,-5772,-5231,-4690,-4149,-3608,-3067,-2526,-1985,-1444,-903,-362
180,721,1262,1803,2344,2885,3426,3967,4508,5049,5590,6131,6672,7213,7754,8295,8836,9377,9918,10459,11000,11541,12082,12623,13164,13705,14246,14787,15328,15869,16410,16951,17492,18033,18574,19115,19656,20197,20738,21279,21820,22361,22902,23443,23984,24525,25066,25607,26148,26689,27230,27771,28312,28853,29394,29935,30476,31017,31558,32099,32640,33181,33722,34263,34804,35345,35886,36427,36968,37509,38050,38591,39132,39673,40214,40755,41296,41837,42378,42919,43460,44001,44542,45083,45624,46165,46706,47247,47788,48329,48870,49411,49952,50493,51034,51575,52116,52657,53198,53739,54280,54821,55362,55903,56444,56985,57526,58067,58608,59149,59690,60231,60772,61313,61854,62395,62936,63477,64018,64559,65100,65641,66182,66723,67264,67805,68346,68887,69428,69969,70510,71051,71592,72133,72674,73215,73756,74297,74838,75379,75920,76461,77002,77543,78084,78625,79166,79707,80248,80789,81330,81871,82412,82953,83494,84035,84576,85117,85658,86199,86740,87281,87822,88363,88904,89445,89986,90527,91068,91609,92150,92691,93232,93773,94314,94855,95396,95937,96478,97019,97560,98101,98642,99183,99724,100265,100806,101347,101888,102429,102970,103511,104052,104593,105134,105675,106216,106757,107298,107839,108380,108921,109462,110003,110544,111085,111626,112167,112708,113249,113790,114331,114872,115413,115954,116495,117036,117577,118118,118659,119200,119741,120282,120823,121364,121905,122446,122987,123528,124069,124610,125151,125692,126233,126774,127315,127856,128397,128938,129479,130020,130561,131102,131643,132184,132725,133266,133807,134348,134889,135430,135971,136512,137053,137594,138135,138676,139217,139758,140299,140840,141381,141922,142463,143004,143545,144086,144627,145168,145709,146250,-145890,-145349,-144808,-144267,-143726,-143185,-142644,-142103,-141562,-141021,-140480,-139939,-139398,-138857,-138316,-137775,-137234,-136693,-136152,-135611,-135070,-134529,-133988,-133447,-132906,-132365,-131824,-131283,-130742,-130201,-129660,-129119,-128578,-128037,-127496,-126955,-126414,-125873,-125332,-124791,-124250,-123709,-123168,-122627,-122086,-121545,-121004,-120463,-119922,-119381,-118840,-118299,-117758,-117217,-116676,-116135,-115594,-115053,-114512,-113971,-113430,-112889,-112348,-111807,-111266,-110725,-110184,-109643,-109102,-108561,-108020,-107479,-106938,-106397,-105856,-105315,-104774,-104233,-103692,-103151,-102610,-102069,-101528,-100987,-100446,-99905,-99364,-98823,-98282,-97741,-97380,-97200,-96659,-96118,-95577,-95036,-94495,-93954,-93413,-92872,-92331,-91790,-91249,-90708,-90167,-89626,-89085,-88544,-88003,-87462,-86921,-86380,-85839,-85298,-84757,-84216,-83675,-83134,-82593,-82052,-81511,-80970,-80429,-79888,-79347,-78806,-78265,-77724,-77183,-76642,-76101,-75560,-75019,-74478,-73937,-73396,-72855,-72314,-71773,-71232,-70691,-70150,-69609,-69068,-68527,-67986,-67445,-66904,-66363,-65822,-65281,-64740,-64199,-63658,-63117,-62576,-62035,-61494,-60953,-60412,-59871,-59330,-58789,-58248,-57707,-57166,-56625,-56084,-55543,-55002,-54461,-53920,-53379,-52838,-52297,-51756,-51215,-50674,-50133,-49592,-49051,-48510,-47969,-47428,-46887,-46346,-45805,-45264,-44723,-44182,-43641,-43100,-42559,-42018,-41477,-40936,-40395,-39854,-39313,-38772,-38231,-37690,-37149,-36608,-36067,-35526,-34985,-34444,-33903,-33362,-32821,-32280,-31739,-31198,-30657,-30116,-29575,-29034,-28493,-27952,-27411,-26870,-26329,-25788,-25247,-24706,-24165,-23624,-23083,-22542,-22001,-21460,-20919,-20378,-19837,-19296,-18755,-18214,-17673,-17132,-16591,-16050,-15509,-14968,-14427,-13886,-13345,-12804,-12263,-11722,-11181,-10640,-10099,-9558,-9017,-8476,-7935,-7394,-6853,-6312,-5771,-5230,-4689,-4148,-3607,-3066,-2525,-1984,-1443,-902,-361
181,722,1263,1804,2345,2886,3427,3968,4509,5050,5591,6132,6673,7214,7755,8296,8837,9378,9919,10460,11001,11542,12083,12624,13165,13706,14247,14788,15329,15870,16411,16952,17493,18034,18575,19116,19657,20198,20739,21280,21821,22362,22903,23444,23985,24526,25067,25608,26149,26690,27231,27772,28313,28854,29395,29936,30477,31018,31559,32100,32641,33182,33723,34264,34805,35346,35887,36428,36969,37510,38051,38592,39133,39674,40215,40756,41297,41838,42379,42920,43461,44002,44543,45084,45625,46166,46707,47248,47789,48330,48871,49412,49953,50494,51035,51576,52117,52658,53199,53740,54281,54822,55363,55904,56445,56986,57527,58068,58609,59150,59691,60232,60773,61314,61855,62396,62937,63478,64019,64560,65101,65642,66183,66724,67265,67806,68347,68888,69429,69970,70511,71052,71593,72134,72675,73216,73757,74298,74839,75380,75921,76462,77003,77544,78085,78626,79167,79708,80249,80790,81331,81872,82413,82954,83495,84036,84577,85118,85659,86200,86741,87282,87823,88364,88905,89446,89987,90528,91069,91610,92151,92692,93233,93774,94315,94856,95397,95938,96479,97020,97561,98102,98643,99184,99725,100266,100807,101348,101889,102430,102971,103512,104053,104594,105135,105676,106217,106758,107299,107840,108381,108922,109463,110004,110545,111086,111627,112168,112709,113250,113791,114332,114873,115414,115955,116496,117037,117578,118119,118660,119201,119742,120283,120824,121365,121906,122447,122988,123529,124070,124611,125152,125693,126234,126775,127316,127857,128398,128939,129480,130021,130562,131103,131644,132185,132726,133267,133808,134349,134890,135431,135972,136513,137054,137595,138136,138677,139218,139759,140300,140841,141382,141923,142464,143005,143546,144087,144628,145169,145710,146251,-145889,-145348,-144807,-144266,-143725,-143184,-142643,-142102,-141561,-141020,-140479,-139938,-139397,-138856,-138315,-137774,-137233,-136692,-136151,-135610,-135069,-134528,-133987,-133446,-132905,-132364,-131823,-131282,-130741,-130200,-129659,-129118,-128577,-128036,-127495,-126954,-126413,-125872,-125331,-124790,-124249,-123708,-123167,-122626,-122085,-121544,-121003,-120462,-119921,-119380,-118839,-118298,-117757,-117216,-116675,-116134,-115593,-115052,-114511,-113970,-113429,-112888,-112347,-111806,-111265,-110724,-110183,-109642,-109101,-108560,-108019,-107478,-106937,-106396,-105855,-105314,-104773,-104232,-103691,-103150,-102609,-102068,-101527,-100986,-100445,-99904,-99363,-98822,-98281,-97921,-97740,-97199,-96658,-96117,-95576,-95035,-94494,-93953,-93412,-92871,-92330,-91789,-91248,-90707,-90166,-89625,-89084,-88543,-88002,-87461,-86920,-86379,-85838,-85297,-84756,-84215,-83674,-83133,-82592,-82051,-81510,-80969,-80428,-79887,-79346,-78805,-78264,-77723,-77182,-76641,-76100,-75559,-75018,-74477,-73936,-73395,-72854,-72313,-71772,-71231,-70690,-70149,-69608,-69067,-68526,-67985,-67444,-66903,-66362,-65821,-65280,-64739,-64198,-63657,-63116,-62575,-62034,-61493,-60952,-60411,-59870,-59329,-58788,-58247,-57706,-57165,-56624,-56083,-55542,-55001,-54460,-53919,-53378,-52837,-52296,-51755,-51214,-50673,-50132,-49591,-49050,-48509,-47968,-47427,-46886,-46345,-45804,-45263,-44722,-44181,-43640,-43099,-42558,-42017,-41476,-40935,-40394,-39853,-39312,-38771,-38230,-37689,-37148,-36607,-36066,-35525,-34984,-34443,-33902,-33361,-32820,-32279,-31738,-31197,-30656,-30115,-29574,-29033,-28492,-27951,-27410,-26869,-26328,-25787,-25246,-24705,-24164,-23623,-23082,-22541,-22000,-21459,-20918,-20377,-19836,-19295,-18754,-18213,-17672,-17131,-16590,-16049,-15508,-14967,-14426,-13885,-13344,-12803,-12262,-11721,-11180,-10639,-10098,-9557,-9016,-8475,-7934,-7393,-6852,-6311,-5770,-5229,-4688,-4147,-3606,-3065,-2524,-1983,-1442,-901,-360
182,723,1264,1805,2346,2887,3428,3969,4510,5051,5592,6133,6674,7215,7756,8297,8838,9379,9920,10461,11002,11543,12084,12625,13166,13707,14248,14789,15330,15871,16412,16953,17494,18035,18576,19117,19658,20199,20740,21281,21822,22363,22904,23445,23986,24527,25068,25609,26150,26691,27232,27773,28314,28855,29396,29937,30478,31019,31560,32101,32642,33183,33724,34265,34806,35347,35888,36429,36970,37511,38052,38593,39134,39675,40216,40757,41298,41839,42380,42921,43462,44003,44544,45085,45626,46167,46708,47249,47790,48331,48872,49413,49954,50495,51036,51577,52118,52659,53200,53741,54282,54823,55364,55905,56446,56987,57528,58069,58610,59151,59692,60233,60774,61315,61856,62397,62938,63479,64020,64561,65102,65643,66184,66725,67266,67807,68348,68889,69430,69971,70512,71053,71594,72135,72676,73217,73758,74299,74840,75381,75922,76463,77004,77545,78086,78627,79168,79709,80250,80791,81332,81873,82414,82955,83496,84037,84578,85119,85660,86201,86742,87283,87824,88365,88906,89447,89988,90529,91070,91611,92152,92693,93234,93775,94316,94857,95398,95939,96480,97021,97562,98103,98644,99185,99726,100267,100808,101349,101890,102431,102972,103513,104054,104595,105136,105677,106218,106759,107300,107841,108382,108923,109464,110005,110546,111087,111628,112169,112710,113251,113792,114333,114874,115415,115956,116497,117038,117579,118120,118661,119202,119743,120284,120825,121366,121907,122448,122989,123530,124071,124612,125153,125694,126235,126776,127317,127858,128399,128940,129481,130022,130563,131104,131645,132186,132727,133268,133809,134350,134891,135432,135973,136514,137055,137596,138137,138678,139219,139760,140301,140842,141383,141924,142465,143006,143547,144088,144629,145170,145711,146252,-145888,-145347,-144806,-144265,-143724,-143183,-142642,-142101,-141560,-141019,-140478,-139937,-139396,-138855,-138314,-137773,-137232,-136691,-136150,-135609,-135068,-134527,-133986,-133445,-132904,-132363,-131822,-131281,-130740,-130199,-129658,-129117,-128576,-128035,-127494,-126953,-126412,-125871,-125330,-124789,-124248,-123707,-123166,-122625,-122084,-121543,-121002,-120461,-119920,-119379,-118838,-118297,-117756,-117215,-116674,-116133,-115592,-115051,-114510,-113969,-113428,-112887,-112346,-111805,-111264,-110723,-110182,-109641,-109100,-108559,-108018,-107477,-106936,-106395,-105854,-105313,-104772,-104231,-103690,-103149,-102608,-102067,-101526,-100985,-100444,-99903,-99362,-98821,-98462,-98280,-97739,-97198,-96657,-96116,-95575,-95034,-94493,-93952,-93411,-92870,-92329,-91788,-91247,-90706,-90165,-89624,-89083,-88542,-88001,-87460,-86919,-86378,-85837,-85296,-84755,-84214,-83673,-83132,-82591,-82050,-81509,-80968,-80427,-79886,-79345,-78804,-78263,-77722,-77181,-76640,-76099,-75558,-75017,-74476,-73935,-73394,-72853,-72312,-71771,-71230,-70689,-70148,-69607,-69066,-68525,-67984,-67443,-66902,-66361,-65820,-65279,-64738,-64197,-63656,-63115,-62574,-62033,-61492,-60951,-60410,-59869,-59328,-58787,-58246,-57705,-57164,-56623,-56082,-55541,-55000,-54459,-53918,-53377,-52836,-52295,-51754,-51213,-50672,-50131,-49590,-49049,-48508,-47967,-47426,-46885,-46344,-45803,-45262,-44721,-44180,-43639,-43098,-42557,-42016,-41475,-40934,-40393,-39852,-39311,-38770,-38229,-37688,-37147,-36606,-36065,-35524,-34983,-34442,-33901,-33360,-32819,-32278,-31737,-31196,-30655,-30114,-29573,-29032,-28491,-27950,-27409,-26868,-26327,-25786,-25245,-24704,-24163,-23622,-23081,-22540,-21999,-21458,-20917,-20376,-19835,-19294,-18753,-18212,-17671,-17130,-16589,-16048,-15507,-14966,-14425,-13884,-13343,-12802,-12261,-11720,-11179,-10638,-10097,-9556,-9015,-8474,-7933,-7392,-6851,-6310,-5769,-5228,-4687,-4146,-3605,-3064,-2523,-1982,-1441,-900,-359
183,724,1265,1806,2347,2888,3429,3970,4511,5052,5593,6134,6675,7216,7757,8298,8839,9380,9921,10462,11003,11544,12085,12626,13167,13708,14249,14790,15331,15872,16413,16954,17495,18036,18577,19118,19659,20200,20741,21282,21823,22364,22905,23446,23987,24528,25069,25610,26151,26692,27233,27774,28315,28856,29397,29938,30479,31020,31561,32102,32643,33184,33725,34266,34807,35348,35889,36430,36971,37512,38053,38594,39135,39676,40217,40758,41299,41840,42381,42922,43463,44004,44545,45086,45627,46168,46709,47250,47791,48332,48873,49414,49955,50496,51037,51578,52119,52660,53201,53742,54283,54824,55365,55906,56447,56988,57529,58070,58611,59152,59693,60234,60775,61316,61857,62398,62939,63480,64021,64562,65103,65644,66185,66726,67267,67808,68349,68890,69431,69972,70513,71054,71595,72136,72677,73218,73759,74300,74841,75382,75923,76464,77005,77546,78087,78628,79169,79710,80251,80792,81333,81874,82415,82956,83497,84038,84579,85120,85661,86202,86743,87284,87825,88366,88907,89448,89989,90530,91071,91612,92153,92694,93235,93776,94317,94858,95399,95940,96481,97022,97563,98104,98645,99186,99727,100268,100809,101350,101891,102432,102973,103514,104055,104596,105137,105678,106219,106760,107301,107842,108383,108924,109465,110006,110547,111088,111629,112170,112711,113252,113793,114334,114875,115416,115957,116498,117039,117580,118121,118662,119203,119744,120285,120826,121367,121908,122449,122990,123531,124072,124613,125154,125695,126236,126777,127318,127859,128400,128941,129482,130023,130564,131105,131646,132187,132728,133269,133810,134351,134892,135433,135974,136515,137056,137597,138138,138679,139220,139761,140302,140843,141384,141925,142466,143007,143548,144089,144630,145171,145712,146253,-145887,-145346,-144805,-144264,-143723,-143182,-142641,-142100,-141559,-141018,-140477,-139936,-139395,-138854,-138313,-137772,-137231,-136690,-136149,-135608,-135067,-134526,-133985,-133444,-132903,-132362,-131821,-131280,-130739,-130198,-129657,-129116,-128575,-128034,-127493,-126952,-126411,-125870,-125329,-124788,-124247,-123706,-123165,-122624,-122083,-121542,-121001,-120460,-119919,-119378,-118837,-118296,-117755,-117214,-116673,-116132,-115591,-115050,-114509,-113968,-113427,-112886,-112345,-111804,-111263,-110722,-110181,-109640,-109099,-108558,-108017,-107476,-106935,-106394,-105853,-105312,-104771,-104230,-103689,-103148,-102607,-102066,-101525,-100984,-100443,-99902,-99361,-99003,-98820,-98279,-97738,-97197,-96656,-96115,-95574,-95033,-94492,-93951,-93410,-92869,-92328,-91787,-91246,-90705,-90164,-89623,-89082,-88541,-88000,-87459,-86918,-86377,-85836,-85295,-84754,-84213,-83672,-83131,-82590,-82049,-81508,-80967,-80426,-79885,-79344,-78803,-78262,-77721,-77180,-76639,-76098,-75557,-75016,-74475,-73934,-73393,-72852,-72311,-71770,-71229,-70688,-70147,-69606,-69065,-68524,-67983,-67442,-66901,-66360,-65819,-65278,-64737,-64196,-63655,-63114,-62573,-62032,-61491,-60950,-60409,-59868,-59327,-58786,-58245,-57704,-57163,-56622,-56081,-55540,-54999,-54458,-53917,-53376,-52835,-52294,-51753,-51212,-50671,-50130,-49589,-49048,-48507,-47966,-47425,-46884,-46343,-45802,-45261,-44720,-44179,-43638,-43097,-42556,-42015,-41474,-40933,-40392,-39851,-39310,-38769,-38228,-37687,-37146,-36605,-36064,-35523,-34982,-34441,-33900,-33359,-32818,-32277,-31736,-31195,-30654,-30113,-29572,-29031,-28490,-27949,-27408,-26867,-26326,-25785,-25244,-24703,-24162,-23621,-23080,-22539,-21998,-21457,-20916,-20375,-19834,-19293,-18752,-18211,-17670,-17129,-16588,-16047,-15506,-14965,-14424,-13883,-13342,-12801,-12260,-11719,-11178,-10637,-10096,-9555,-9014,-8473,-7932,-7391,-6850,-6309,-5768,-5227,-4686,-4145,-3604,-3063,-2522,-1981,-1440,-899,-358
184,725,1266,1807,2348,2889,3430,3971,4512,5053,5594,6135,6676,7217,7758,8299,8840,9381,9922,10463,11004,11545,12086,12627,13168,13709,14250,14791,15332,15873,16414,16955,17496,18037,18578,19119,19660,20201,20742,21283,21824,22365,22906,23447,23988,24529,25070,25611,26152,26693,27234,27775,28316,28857,29398,29939,30480,31021,31562,32103,32644,33185,33726,34267,34808,35349,35890,36431,36972,37513,38054,38595,39136,39677,40218,40759,41300,41841,42382,42923,43464,44005,44546,45087,45628,46169,46710,47251,47792,48333,48874,49415,49956,50497,51038,51579,52120,52661,53202,53743,54284,54825,55366,55907,56448,56989,57530,58071,58612,59153,59694,60235,60776,61317,61858,62399,62940,63481,64022,64563,65104,65645,66186,66727,67268,67809,68350,68891,69432,69973,70514,71055,71596,72137,72678,73219,73760,74301,74842,75383,75924,76465,77006,77547,78088,78629,79170,79711,80252,80793,81334,81875,82416,82957,83498,84039,84580,85121,85662,86203,86744,87285,87826,88367,88908,89449,89990,90531,91072,91613,92154,92695,93236,93777,94318,94859,95400,95941,96482,97023,97564,98105,98646,99187,99728,100269,100810,101351,101892,102433,102974,103515,104056,104597,105138,105679,106220,106761,107302,107843,108384,108925,109466,110007,110548,111089,111630,112171,112712,113253,113794,114335,114876,115417,115958,116499,117040,117581,118122,118663,119204,119745,120286,120827,121368,121909,122450,122991,123532,124073,124614,125155,125696,126237,126778,127319,127860,128401,128942,129483,130024,130565,131106,131647,132188,132729,133270,133811,134352,134893,135434,135975,136516,137057,137598,138139,138680,139221,139762,140303,140844,141385,141926,142467,143008,143549,144090,144631,145172,145713,146254,-145886,-145345,-144804,-144263,-143722,-143181,-142640,-142099,-141558,-141017,-140476,-139935,-139394,-138853,-138312,-137771,-137230,-136689,-136148,-135607,-135066,-134525,-133984,-133443,-132902,-132361,-131820,-131279,-130738,-130197,-129656,-129115,-128574,-128033,-127492,-126951,-126410,-125869,-125328,-124787,-124246,-123705,-123164,-122623,-122082,-121541,-121000,-120459,-119918,-119377,-118836,-118295,-117754,-117213,-116672,-116131,-115590,-115049,-114508,-113967,-113426,-112885,-112344,-111803,-111262,-110721,-110180,-109639,-109098,-108557,-108016,-107475,-106934,-106393,-105852,-105311,-104770,-104229,-103688,-103147,-102606,-102065,-101524,-100983,-100442,-99901,-99544,-99360,-98819,-98278,-97737,-97196,-96655,-96114,-95573,-95032,-94491,-93950,-93409,-92868,-92327,-91786,-91245,-90704,-90163,-89622,-89081,-88540,-87999,-87458,-86917,-86376,-85835,-85294,-84753,-84212,-83671,-83130,-82589,-82048,-81507,-80966,-80425,-79884,-79343,-78802,-78261,-77720,-77179,-76638,-76097,-75556,-75015,-74474,-73933,-73392,-72851,-72310,-71769,-71228,-70687,-70146,-69605,-69064,-68523,-67982,-67441,-66900,-66359,-65818,-65277,-64736,-64195,-63654,-63113,-62572,-62031,-61490,-60949,-60408,-59867,-59326,-58785,-58244,-57703,-57162,-56621,-56080,-55539,-54998,-54457,-53916,-53375,-52834,-52293,-51752,-51211,-50670,-50129,-49588,-49047,-48506,-47965,-47424,-46883,-46342,-45801,-45260,-44719,-44178,-43637,-43096,-42555,-42014,-41473,-40932,-40391,-39850,-39309,-38768,-38227,-37686,-37145,-36604,-36063,-35522,-34981,-34440,-33899,-33358,-32817,-32276,-31735,-31194,-30653,-30112,-29571,-29030,-28489,-27948,-27407,-26866,-26325,-25784,-25243,-24702,-24161,-23620,-23079,-22538,-21997,-21456,-20915,-20374,-19833,-19292,-18751,-18210,-17669,-17128,-16587,-16046,-15505,-14964,-14423,-13882,-13341,-12800,-12259,-11718,-11177,-10636,-10095,-9554,-9013,-8472,-7931,-7390,-6849,-6308,-5767,-5226,-4685,-4144,-3603,-3062,-2521,-1980,-1439,-898,-357
185,726,1267,1808,2349,2890,3431,3972,4513,5054,5595,6136,6677,7218,7759,8300,8841,9382,9923,10464,11005,11546,12087,12628,13169,13710,14251,14792,15333,15874,16415,16956,17497,18038,18579,19120,19661,20202,20743,21284,21825,22366,22907,23448,23989,24530,25071,25612,26153,26694,27235,27776,28317,28858,29399,29940,30481,31022,31563,32104,32645,33186,33727,34268,34809,35350,35891,36432,36973,37514,38055,38596,39137,39678,40219,40760,41301,41842,42383,42924,43465,44006,44547,45088,45629,46170,46711,47252,47793,48334,48875,49416,49957,50498,51039,51580,52121,52662,53203,53744,54285,54826,55367,55908,56449,56990,57531,58072,58613,59154,59695,60236,60777,61318,61859,62400,62941,63482,64023,64564,65105,65646,66187,66728,67269,67810,68351,68892,69433,69974,70515,71056,71597,72138,72679,73220,73761,74302,74843,75384,75925,76466,77007,77548,78089,78630,79171,79712,80253,80794,81335,81876,82417,82958,83499,84040,84581,85122,85663,86204,86745,87286,87827,88368,88909,89450,89991,90532,91073,91614,92155,92696,93237,93778,94319,94860,95401,95942,96483,97024,97565,98106,98647,99188,99729,100270,100811,101352,101893,102434,102975,103516,104057,104598,105139,105680,106221,106762,107303,107844,108385,108926,109467,110008,110549,111090,111631,112172,112713,113254,113795,114336,114877,115418,115959,116500,117041,117582,118123,118664,119205,119746,120287,120828,121369,121910,122451,122992,123533,124074,124615,125156,125697,126238,126779,127320,127861,128402,128943,129484,130025,130566,131107,131648,132189,132730,133271,133812,134353,134894,135435,135976,136517,137058,137599,138140,138681,139222,139763,140304,140845,141386,141927,142468,143009,143550,144091,144632,145173,145714,146255,-145885,-145344,-144803,-144262,-143721,-143180,-142639,-142098,-141557,-141016,-140475,-139934,-139393,-138852,-138311,-137770,-137229,-136688,-136147,-135606,-135065,-134524,-133983,-133442,-132901,-132360,-131819,-131278,-130737,-130196,-129655,-129114,-128573,-128032,-127491,-126950,-126409,-125868,-125327,-124786,-124245,-123704,-123163,-122622,-122081,-121540,-120999,-120458,-119917,-119376,-118835,-118294,-117753,-117212,-116671,-116130,-115589,-115048,-114507,-113966,-113425,-112884,-112343,-111802,-111261,-110720,-110179,-109638,-109097,-108556,-108015,-107474,-106933,-106392,-105851,-105310,-104769,-104228,-103687,-103146,-102605,-102064,-101523,-100982,-100441,-100085,-99900,-99359,-98818,-98277,-97736,-97195,-96654,-96113,-95572,-95031,-94490,-93949,-93408,-92867,-92326,-91785,-91244,-90703,-90162,-89621,-89080,-88539,-87998,-87457,-86916,-86375,-85834,-85293,-84752,-84211,-83670,-83129,-82588,-82047,-81506,-80965,-80424,-79883,-79342,-78801,-78260,-77719,-77178,-76637,-76096,-75555,-75014,-74473,-73932,-73391,-72850,-72309,-71768,-71227,-70686,-70145,-69604,-69063,-68522,-67981,-67440,-66899,-66358,-65817,-65276,-64735,-64194,-63653,-63112,-62571,-62030,-61489,-60948,-60407,-59866,-59325,-58784,-58243,-57702,-57161,-56620,-56079,-55538,-54997,-54456,-53915,-53374,-52833,-52292,-51751,-51210,-50669,-50128,-49587,-49046,-48505,-47964,-47423,-46882,-46341,-45800,-45259,-44718,-44177,-43636,-43095,-42554,-42013,-41472,-40931,-40390,-39849,-39308,-38767,-38226,-37685,-37144,-36603,-36062,-35521,-34980,-34439,-33898,-33357,-32816,-32275,-31734,-31193,-30652,-30111,-29570,-29029,-28488,-27947,-27406,-26865,-26324,-25783,-25242,-24701,-24160,-23619,-23078,-22537,-21996,-21455,-20914,-20373,-19832,-19291,-18750,-18209,-17668,-17127,-16586,-16045,-15504,-14963,-14422,-13881,-13340,-12799,-12258,-11717,-11176,-10635,-10094,-9553,-9012,-8471,-7930,-7389,-6848,-6307,-5766,-5225,-4684,-4143,-3602,-3061,-2520,-1979,-1438,-897,-356
186,727,1268,1809,2350,2891,3432,3973,4514,5055,5596,6137,6678,7219,7760,8301,8842,9383,9924,10465,11006,11547,12088,12629,13170,13711,14252,14793,15334,15875,16416,16957,17498,18039,18580,19121,19662,20203,20744,21285,21826,22367,22908,23449,23990,24531,25072,25613,26154,26695,27236,27777,28318,28859,29400,29941,30482,31023,31564,32105,32646,33187,33728,34269,34810,35351,35892,36433,36974,37515,38056,38597,39138,39679,40220,40761,41302,41843,42384,42925,43466,44007,44548,45089,45630,46171,46712,47253,47794,48335,48876,49417,49958,50499,51040,51581,52122,52663,53204,53745,54286,54827,55368,55909,56450,56991,57532,58073,58614,59155,59696,60237,60778,61319,61860,62401,62942,63483,64024,64565,65106,65647,66188,66729,67270,67811,68352,68893,69434,69975,70516,71057,71598,72139,72680,73221,73762,74303,74844,75385,75926,76467,77008,77549,78090,78631,79172,79713,80254,80795,81336,81877,82418,82959,83500,84041,84582,85123,85664,86205,86746,87287,87828,88369,88910,89451,89992,90533,91074,91615,92156,92697,93238,93779,94320,94861,95402,95943,96484,97025,97566,98107,98648,99189,99730,100271,100812,101353,101894,102435,102976,103517,104058,104599,105140,105681,106222,106763,107304,107845,108386,108927,109468,110009,110550,111091,111632,112173,112714,113255,113796,114337,114878,115419,115960,116501,117042,117583,118124,118665,119206,119747,120288,120829,121370,121911,122452,122993,123534,124075,124616,125157,125698,126239,126780,127321,127862,128403,128944,129485,130026,130567,131108,131649,132190,132731,133272,133813,134354,134895,135436,135977,136518,137059,137600,138141,138682,139223,139764,140305,140846,141387,141928,142469,143010,143551,144092,144633,145174,145715,146256,-145884,-145343,-144802,-144261,-143720,-143179,-142638,-142097,-141556,-141015,-140474,-139933,-139392,-138851,-138310,-137769,-137228,-136687,-136146,-135605,-135064,-134523,-133982,-133441,-132900,-132359,-131818,-131277,-130736,-130195,-129654,-129113,-128572,-128031,-127490,-126949,-126408,-125867,-125326,-124785,-124244,-123703,-123162,-122621,-122080,-121539,-120998,-120457,-119916,-119375,-118834,-118293,-117752,-117211,-116670,-116129,-115588,-115047,-114506,-113965,-113424,-112883,-112342,-111801,-111260,-110719,-110178,-109637,-109096,-108555,-108014,-107473,-106932,-106391,-105850,-105309,-104768,-104227,-103686,-103145,-102604,-102063,-101522,-100981,-100626,-100440,-99899,-99358,-98817,-98276,-97735,-97194,-96653,-96112,-95571,-95030,-94489,-93948,-93407,-92866,-92325,-91784,-91243,-90702,-90161,-89620,-89079,-88538,-87997,-87456,-86915,-86374,-85833,-85292,-84751,-84210,-83669,-83128,-82587,-82046,-81505,-80964,-80423,-79882,-79341,-78800,-78259,-77718,-77177,-76636,-76095,-75554,-75013,-74472,-73931,-73390,-72849,-72308,-71767,-71226,-70685,-70144,-69603,-69062,-68521,-67980,-67439,-66898,-66357,-65816,-65275,-64734,-64193,-63652,-63111,-62570,-62029,-61488,-60947,-60406,-59865,-59324,-58783,-58242,-57701,-57160,-56619,-56078,-55537,-54996,-54455,-53914,-53373,-52832,-52291,-51750,-51209,-50668,-50127,-49586,-49045,-48504,-47963,-47422,-46881,-46340,-45799,-45258,-44717,-44176,-43635,-43094,-42553,-42012,-41471,-40930,-40389,-39848,-39307,-38766,-38225,-37684,-37143,-36602,-36061,-35520,-34979,-34438,-33897,-33356,-32815,-32274,-31733,-31192,-30651,-30110,-29569,-29028,-28487,-27946,-27405,-26864,-26323,-25782,-25241,-24700,-24159,-23618,-23077,-22536,-21995,-21454,-20913,-20372,-19831,-19290,-18749,-18208,-17667,-17126,-16585,-16044,-15503,-14962,-14421,-13880,-13339,-12798,-12257,-11716,-11175,-10634,-10093,-9552,-9011,-8470,-7929,-7388,-6847,-6306,-5765,-5224,-4683,-4142,-3601,-3060,-2519,-1978,-1437,-896,-355
187,728,1269,1810,2351,2892,3433,3974,4515,5056,5597,6138,6679,7220,7761,8302,8843,9384,9925,10466,11007,11548,12089,12630,13171,13712,14253,14794,15335,15876,16417,16958,17499,18040,18581,19122,19663,20204,20745,21286,21827,22368,22909,23450,23991,24532,25073,25614,26155,26696,27237,27778,28319,28860,29401,29942,30483,31024,31565,32106,32647,33188,33729,34270,34811,35352,35893,36434,36975,37516,38057,38598,39139,39680,40221,40762,41303,41844,42385,42926,43467,44008,44549,45090,45631,46172,46713,47254,47795,48336,48877,49418,49959,50500,51041,51582,52123,52664,53205,53746,54287,54828,55369,55910,56451,56992,57533,58074,58615,59156,59697,60238,60779,61320,61861,62402,62943,63484,64025,64566,65107,65648,66189,66730,67271,67812,68353,68894,69435,69976,70517,71058,71599,72140,72681,73222,73763,74304,74845,75386,75927,76468,77009,77550,78091,78632,79173,79714,80255,80796,81337,81878,82419,82960,83501,84042,84583,85124,85665,86206,86747,87288,87829,88370,88911,89452,89993,90534,91075,91616,92157,92698,93239,93780,94321,94862,95403,95944,96485,97026,97567,98108,98649,99190,99731,100272,100813,101354,101895,102436,102977,103518,104059,104600,105141,105682,106223,106764,107305,107846,108387,108928,109469,110010,110551,111092,111633,112174,112715,113256,113797,114338,114879,115420,115961,116502,117043,117584,118125,118666,119207,119748,120289,120830,121371,121912,122453,122994,123535,124076,124617,125158,125699,126240,126781,127322,127863,128404,128945,129486,130027,130568,131109,131650,132191,132732,133273,133814,134355,134896,135437,135978,136519,137060,137601,138142,138683,139224,139765,140306,140847,141388,141929,142470,143011,143552,144093,144634,145175,145716,146257,-145883,-145342,-144801,-144260,-143719,-143178,-142637,-142096,-141555,-141014,-140473,-139932,-139391,-138850,-138309,-137768,-137227,-136686,-136145,-135604,-135063,-134522,-133981,-133440,-132899,-132358,-131817,-131276,-130735,-130194,-129653,-129112,-128571,-128030,-127489,-126948,-126407,-125866,-125325,-124784,-124243,-123702,-123161,-122620,-122079,-121538,-120997,-120456,-119915,-119374,-118833,-118292,-117751,-117210,-116669,-116128,-115587,-115046,-114505,-113964,-113423,-112882,-112341,-111800,-111259,-110718,-110177,-109636,-109095,-108554,-108013,-107472,-106931,-106390,-105849,-105308,-104767,-104226,-103685,-103144,-102603,-102062,-101521,-101167,-100980,-100439,-99898,-99357,-98816,-98275,-97734,-97193,-96652,-96111,-95570,-95029,-94488,-93947,-93406,-92865,-92324,-91783,-91242,-90701,-90160,-89619,-89078,-88537,-87996,-87455,-86914,-86373,-85832,-85291,-84750,-84209,-83668,-83127,-82586,-82045,-81504,-80963,-80422,-79881,-79340,-78799,-78258,-77717,-77176,-76635,-76094,-75553,-75012,-74471,-73930,-73389,-72848,-72307,-71766,-71225,-70684,-70143,-69602,-69061,-68520,-67979,-67438,-66897,-66356,-65815,-65274,-64733,-64192,-63651,-63110,-62569,-62028,-61487,-60946,-60405,-59864,-59323,-58782,-58241,-57700,-57159,-56618,-56077,-55536,-54995,-54454,-53913,-53372,-52831,-52290,-51749,-51208,-50667,-50126,-49585,-49044,-48503,-47962,-47421,-46880,-46339,-45798,-45257,-44716,-44175,-43634,-43093,-42552,-42011,-41470,-40929,-40388,-39847,-39306,-38765,-38224,-37683,-37142,-36601,-36060,-35519,-34978,-34437,-33896,-33355,-32814,-32273,-31732,-31191,-30650,-30109,-29568,-29027,-28486,-27945,-27404,-26863,-26322,-25781,-25240,-24699,-24158,-23617,-23076,-22535,-21994,-21453,-20912,-20371,-19830,-19289,-18748,-18207,-17666,-17125,-16584,-16043,-15502,-14961,-14420,-13879,-13338,-12797,-12256,-11715,-11174,-10633,-10092,-9551,-9010,-8469,-7928,-7387,-6846,-6305,-5764,-5223,-4682,-4141,-3600,-3059,-2518,-1977,-1436,-895,-354
188,729,1270,1811,2352,2893,3434,3975,4516,5057,5598,6139,6680,7221,7762,8303,8844,9385,9926,10467,11008,11549,12090,12631,13172,13713,14254,14795,15336,15877,16418,16959,17500,18041,18582,19123,19664,20205,20746,21287,21828,22369,22910,23451,23992,24533,25074,25615,26156,26697,27238,27779,28320,28861,29402,29943,30484,31025,31566,32107,32648,33189,33730,34271,34812,35353,35894,36435,36976,37517,38058,38599,39140,39681,40222,40763,41304,41845,42386,42927,43468,44009,44550,45091,45632,46173,46714,47255,47796,48337,48878,49419,49960,50501,51042,51583,52124,52665,53206,53747,54288,54829,55370,55911,56452,56993,57534,58075,58616,59157,59698,60239,60780,61321,61862,62403,62944,63485,64026,64567,65108,65649,66190,66731,67272,67813,68354,68895,69436,69977,70518,71059,71600,72141,72682,73223,73764,74305,74846,75387,75928,76469,77010,77551,78092,78633,79174,79715,80256,80797,81338,81879,82420,82961,83502,84043,84584,85125,85666,86207,86748,87289,87830,88371,88912,89453,89994,90535,91076,91617,92158,92699,93240,93781,94322,94863,95404,95945,96486,97027,97568,98109,98650,99191,99732,100273,100814,101355,101896,102437,102978,103519,104060,104601,105142,105683,106224,106765,107306,107847,108388,108929,109470,110011,110552,111093,111634,112175,112716,113257,113798,114339,114880,115421,115962,116503,117044,117585,118126,118667,119208,119749,120290,120831,121372,121913,122454,122995,123536,124077,124618,125159,125700,126241,126782,127323,127864,128405,128946,129487,130028,130569,131110,131651,132192,132733,133274,133815,134356,134897,135438,135979,136520,137061,137602,138143,138684,139225,139766,140307,140848,141389,141930,142471,143012,143553,144094,144635,145176,145717,146258,-145882,-145341,-144800,-144259,-143718,-143177,-142636,-142095,-141554,-141013,-140472,-139931,-139390,-138849,-138308,-137767,-137226,-136685,-136144,-135603,-135062,-134521,-133980,-133439,-132898,-132357,-131816,-131275,-130734,-130193,-129652,-129111,-128570,-128029,-127488,-126947,-126406,-125865,-125324,-124783,-124242,-123701,-123160,-122619,-122078,-121537,-120996,-120455,-119914,-119373,-118832,-118291,-117750,-117209,-116668,-116127,-115586,-115045,-114504,-113963,-113422,-112881,-112340,-111799,-111258,-110717,-110176,-109635,-109094,-108553,-108012,-107471,-106930,-106389,-105848,-105307,-104766,-104225,-103684,-103143,-102602,-102061,-101708,-101520,-100979,-100438,-99897,-99356,-98815,-98274,-97733,-97192,-96651,-96110,-95569,-95028,-94487,-93946,-93405,-92864,-92323,-91782,-91241,-90700,-90159,-89618,-89077,-88536,-87995,-87454,-86913,-86372,-85831,-85290,-84749,-84208,-83667,-83126,-82585,-82044,-81503,-80962,-80421,-79880,-79339,-78798,-78257,-77716,-77175,-76634,-76093,-75552,-75011,-74470,-73929,-73388,-72847,-72306,-71765,-71224,-70683,-70142,-69601,-69060,-68519,-67978,-67437,-66896,-66355,-65814,-65273,-64732,-64191,-63650,-63109,-62568,-62027,-61486,-60945,-60404,-59863,-59322,-58781,-58240,-57699,-57158,-56617,-56076,-55535,-54994,-54453,-53912,-53371,-52830,-52289,-51748,-51207,-50666,-50125,-49584,-49043,-48502,-47961,-47420,-46879,-46338,-45797,-45256,-44715,-44174,-43633,-43092,-42551,-42010,-41469,-40928,-40387,-39846,-39305,-38764,-38223,-37682,-37141,-36600,-36059,-35518,-34977,-34436,-33895,-33354,-32813,-32272,-31731,-31190,-30649,-30108,-29567,-29026,-28485,-27944,-27403,-26862,-26321,-25780,-25239,-24698,-24157,-23616,-23075,-22534,-21993,-21452,-20911,-20370,-19829,-19288,-18747,-18206,-17665,-17124,-16583,-16042,-15501,-14960,-14419,-13878,-13337,-12796,-12255,-11714,-11173,-10632,-10091,-9550,-9009,-8468,-7927,-7386,-6845,-6304,-5763,-5222,-4681,-4140,-3599,-3058,-2517,-1976,-1435,-894,-353
189,730,1271,1812,2353,2894,3435,3976,4517,5058,5599,6140,6681,7222,7763,8304,8845,9386,9927,10468,11009,11550,12091,12632,13173,13714,14255,14796,15337,15878,16419,16960,17501,18042,18583,19124,19665,20206,20747,21288,21829,22370,22911,23452,23993,24534,25075,25616,26157,26698,27239,27780,28321,28862,29403,29944,30485,31026,31567,32108,32649,33190,33731,34272,34813,35354,35895,36436,36977,37518,38059,38600,39141,39682,40223,40764,41305,41846,42387,42928,43469,44010,44551,45092,45633,46174,46715,47256,47797,48338,48879,49420,49961,50502,51043,51584,52125,52666,53207,53748,54289,54830,55371,55912,56453,56994,57535,58076,58617,59158,59699,60240,60781,61322,61863,62404,62945,63486,64027,64568,65109,65650,66191,66732,67273,67814,68355,68896,69437,69978,70519,71060,71601,72142,72683,73224,73765,74306,74847,75388,75929,76470,77011,77552,78093,78634,79175,79716,80257,80798,81339,81880,82421,82962,83503,84044,84585,85126,85667,86208,86749,87290,87831,88372,88913,89454,89995,90536,91077,91618,92159,92700,93241,93782,94323,94864,95405,95946,96487,97028,97569,98110,98651,99192,99733,100274,100815,101356,101897,102438,102979,103520,104061,104602,105143,105684,106225,106766,107307,107848,108389,108930,109471,110012,110553,111094,111635,112176,112717,113258,113799,114340,114881,115422,115963,116504,117045,117586,118127,118668,119209,119750,120291,120832,121373,121914,122455,122996,123537,124078,124619,125160,125701,126242,126783,127324,127865,128406,128947,129488,130029,130570,131111,131652,132193,132734,133275,133816,134357,134898,135439,135980,136521,137062,137603,138144,138685,139226,139767,140308,140849,141390,141931,142472,143013,143554,144095,144636,145177,145718,146259,-145881,-145340,-144799,-144258,-143717,-143176,-142635,-142094,-141553,-141012,-140471,-139930,-139389,-138848,-138307,-137766,-137225,-136684,-136143,-135602,-135061,-134520,-133979,-133438,-132897,-132356,-131815,-131274,-130733,-130192,-129651,-129110,-128569,-128028,-127487,-126946,-126405,-125864,-125323,-124782,-124241,-123700,-123159,-122618,-122077,-121536,-120995,-120454,-119913,-119372,-118831,-118290,-117749,-117208,-116667,-116126,-115585,-115044,-114503,-113962,-113421,-112880,-112339,-111798,-111257,-110716,-110175,-109634,-109093,-108552,-108011,-107470,-106929,-106388,-105847,-105306,-104765,-104224,-103683,-103142,-102601,-102249,-102060,-101519,-100978,-100437,-99896,-99355,-98814,-98273,-97732,-97191,-96650,-96109,-95568,-95027,-94486,-93945,-93404,-92863,-92322,-91781,-91240,-90699,-90158,-89617,-89076,-88535,-87994,-87453,-86912,-86371,-85830,-85289,-84748,-84207,-83666,-83125,-82584,-82043,-81502,-80961,-80420,-79879,-79338,-78797,-78256,-77715,-77174,-76633,-76092,-75551,-75010,-74469,-73928,-73387,-72846,-72305,-71764,-71223,-70682,-70141,-69600,-69059,-68518,-67977,-67436,-66895,-66354,-65813,-65272,-64731,-64190,-63649,-63108,-62567,-62026,-61485,-60944,-60403,-59862,-59321,-58780,-58239,-57698,-57157,-56616,-56075,-55534,-54993,-54452,-53911,-53370,-52829,-52288,-51747,-51206,-50665,-50124,-49583,-49042,-48501,-47960,-47419,-46878,-46337,-45796,-45255,-44714,-44173,-43632,-43091,-42550,-42009,-41468,-40927,-40386,-39845,-39304,-38763,-38222,-37681,-37140,-36599,-36058,-35517,-34976,-34435,-33894,-33353,-32812,-32271,-31730,-31189,-30648,-30107,-29566,-29025,-28484,-27943,-27402,-26861,-26320,-25779,-25238,-24697,-24156,-23615,-23074,-22533,-21992,-21451,-20910,-20369,-19828,-19287,-18746,-18205,-17664,-17123,-16582,-16041,-15500,-14959,-14418,-13877,-13336,-12795,-12254,-11713,-11172,-10631,-10090,-9549,-9008,-8467,-7926,-7385,-6844,-6303,-5762,-5221,-4680,-4139,-3598,-3057,-2516,-1975,-1434,-893,-352
190,731,1272,1813,2354,2895,3436,3977,4518,5059,5600,6141,6682,7223,7764,8305,8846,9387,9928,10469,11010,11551,12092,12633,13174,13715,14256,14797,15338,15879,16420,16961,17502,18043,18584,19125,19666,20207,20748,21289,21830,22371,22912,23453,23994,24535,25076,25617,26158,26699,27240,27781,28322,28863,29404,29945,30486,31027,31568,32109,32650,33191,33732,34273,34814,35355,35896,36437,36978,37519,38060,38601,39142,39683,40224,40765,41306,41847,42388,42929,43470,44011,44552,45093,45634,46175,46716,47257,47798,48339,48880,49421,49962,50503,51044,51585,52126,52667,53208,53749,54290,54831,55372,55913,56454,56995,57536,58077,58618,59159,59700,60241,60782,61323,61864,62405,62946,63487,64028,64569,65110,65651,66192,66733,67274,67815,68356,68897,69438,69979,70520,71061,71602,72143,72684,73225,73766,74307,74848,75389,75930,76471,77012,77553,78094,78635,79176,79717,80258,80799,81340,81881,82422,82963,83504,84045,84586,85127,85668,86209,86750,87291,87832,88373,88914,89455,89996,90537,91078,91619,92160,92701,93242,93783,94324,94865,95406,95947,96488,97029,97570,98111,98652,99193,99734,100275,100816,101357,101898,102439,102980,103521,104062,104603,105144,105685,106226,106767,107308,107849,108390,108931,109472,110013,110554,111095,111636,112177,112718,113259,113800,114341,114882,115423,115964,116505,117046,117587,118128,118669,119210,119751,120292,120833,121374,121915,122456,122997,123538,124079,124620,125161,125702,126243,126784,127325,127866,128407,128948,129489,130030,130571,131112,131653,132194,132735,133276,133817,134358,134899,135440,135981,136522,137063,137604,138145,138686,139227,139768,140309,140850,141391,141932,142473,143014,143555,144096,144637,145178,145719,146260,-145880,-145339,-144798,-144257,-143716,-143175,-142634,-142093,-141552,-141011,-140470,-139929,-139388,-138847,-138306,-137765,-137224,-136683,-136142,-135601,-135060,-134519,-133978,-133437,-132896,-132355,-131814,-131273,-130732,-130191,-129650,-129109,-128568,-128027,-127486,-126945,-126404,-125863,-125322,-124781,-124240,-123699,-123158,-122617,-122076,-121535,-120994,-120453,-119912,-119371,-118830,-118289,-117748,-117207,-116666,-116125,-115584,-115043,-114502,-113961,-113420,-112879,-112338,-111797,-111256,-110715,-110174,-109633,-109092,-108551,-108010,-107469,-106928,-106387,-105846,-105305,-104764,-104223,-103682,-103141,-102790,-102600,-102059,-101518,-100977,-100436,-99895,-99354,-98813,-98272,-97731,-97190,-96649,-96108,-95567,-95026,-94485,-93944,-93403,-92862,-92321,-91780,-91239,-90698,-90157,-89616,-89075,-88534,-87993,-87452,-86911,-86370,-85829,-85288,-84747,-84206,-83665,-83124,-82583,-82042,-81501,-80960,-80419,-79878,-79337,-78796,-78255,-77714,-77173,-76632,-76091,-75550,-75009,-74468,-73927,-73386,-72845,-72304,-71763,-71222,-70681,-70140,-69599,-69058,-68517,-67976,-67435,-66894,-66353,-65812,-65271,-64730,-64189,-63648,-63107,-62566,-62025,-61484,-60943,-60402,-59861,-59320,-58779,-58238,-57697,-57156,-56615,-56074,-55533,-54992,-54451,-53910,-53369,-52828,-52287,-51746,-51205,-50664,-50123,-49582,-49041,-48500,-47959,-47418,-46877,-46336,-45795,-45254,-44713,-44172,-43631,-43090,-42549,-42008,-41467,-40926,-40385,-39844,-39303,-38762,-38221,-37680,-37139,-36598,-36057,-35516,-34975,-34434,-33893,-33352,-32811,-32270,-31729,-31188,-30647,-30106,-29565,-29024,-28483,-27942,-27401,-26860,-26319,-25778,-25237,-24696,-24155,-23614,-23073,-22532,-21991,-21450,-20909,-20368,-19827,-19286,-18745,-18204,-17663,-17122,-16581,-16040,-15499,-14958,-14417,-13876,-13335,-12794,-12253,-11712,-11171,-10630,-10089,-9548,-9007,-8466,-7925,-7384,-6843,-6302,-5761,-5220,-4679,-4138,-3597,-3056,-2515,-1974,-1433,-892,-351
191,732,1273,1814,2355,2896,3437,3978,4519,5060,5601,6142,6683,7224,7765,8306,8847,9388,9929,10470,11011,11552,12093,12634,13175,13716,14257,14798,15339,15880,16421,16962,17503,18044,18585,19126,19667,20208,20749,21290,21831,22372,22913,23454,23995,24536,25077,25618,26159,26700,27241,27782,28323,28864,29405,29946,30487,31028,31569,32110,32651,33192,33733,34274,34815,35356,35897,36438,36979,37520,38061,38602,39143,39684,40225,40766,41307,41848,42389,42930,43471,44012,44553,45094,45635,46176,46717,47258,47799,48340,48881,49422,49963,50504,51045,51586,52127,52668,53209,53750,54291,54832,55373,55914,56455,56996,57537,58078,58619,59160,59701,60242,60783,61324,61865,62406,62947,63488,64029,64570,65111,65652,66193,66734,67275,67816,68357,68898,69439,69980,70521,71062,71603,72144,72685,73226,73767,74308,74849,75390,75931,76472,77013,77554,78095,78636,79177,79718,80259,80800,81341,81882,82423,82964,83505,84046,84587,85128,85669,86210,86751,87292,87833,88374,88915,89456,89997,90538,91079,91620,92161,92702,93243,93784,94325,94866,95407,95948,96489,97030,97571,98112,98653,99194,99735,100276,100817,101358,101899,102440,102981,103522,104063,104604,105145,105686,106227,106768,107309,107850,108391,108932,109473,110014,110555,111096,111637,112178,112719,113260,113801,114342,114883,115424,115965,116506,117047,117588,118129,118670,119211,119752,120293,120834,121375,121916,122457,122998,123539,124080,124621,125162,125703,126244,126785,127326,127867,128408,128949,129490,130031,130572,131113,131654,132195,132736,133277,133818,134359,134900,135441,135982,136523,137064,137605,138146,138687,139228,139769,140310,140851,141392,141933,142474,143015,143556,144097,144638,145179,145720,146261,-145879,-145338,-144797,-144256,-143715,-143174,-142633,-142092,-141551,-141010,-140469,-139928,-139387,-138846,-138305,-137764,-137223,-136682,-136141,-135600,-135059,-134518,-133977,-133436,-132895,-132354,-131813,-131272,-130731,-130190,-129649,-129108,-128567,-128026,-127485,-126944,-126403,-125862,-125321,-124780,-124239,-123698,-123157,-122616,-122075,-121534,-120993,-120452,-119911,-119370,-118829,-118288,-117747,-117206,-116665,-116124,-115583,-115042,-114501,-113960,-113419,-112878,-112337,-111796,-111255,-110714,-110173,-109632,-109091,-108550,-108009,-107468,-106927,-106386,-105845,-105304,-104763,-104222,-103681,-103331,-103140,-102599,-102058,-101517,-100976,-100435,-99894,-99353,-98812,-98271,-97730,-97189,-96648,-96107,-95566,-95025,-94484,-93943,-93402,-92861,-92320,-91779,-91238,-90697,-90156,-89615,-89074,-88533,-87992,-87451,-86910,-86369,-85828,-85287,-84746,-84205,-83664,-83123,-82582,-82041,-81500,-80959,-80418,-79877,-79336,-78795,-78254,-77713,-77172,-76631,-76090,-75549,-75008,-74467,-73926,-73385,-72844,-72303,-71762,-71221,-70680,-70139,-69598,-69057,-68516,-67975,-67434,-66893,-66352,-65811,-65270,-64729,-64188,-63647,-63106,-62565,-62024,-61483,-60942,-60401,-59860,-59319,-58778,-58237,-57696,-57155,-56614,-56073,-55532,-54991,-54450,-53909,-53368,-52827,-52286,-51745,-51204,-50663,-50122,-49581,-49040,-48499,-47958,-47417,-46876,-46335,-45794,-45253,-44712,-44171,-43630,-43089,-42548,-42007,-41466,-40925,-40384,-39843,-39302,-38761,-38220,-37679,-37138,-36597,-36056,-35515,-34974,-34433,-33892,-33351,-32810,-32269,-31728,-31187,-30646,-30105,-29564,-29023,-28482,-27941,-27400,-26859,-26318,-25777,-25236,-24695,-24154,-23613,-23072,-22531,-21990,-21449,-20908,-20367,-19826,-19285,-18744,-18203,-17662,-17121,-16580,-16039,-15498,-14957,-14416,-13875,-13334,-12793,-12252,-11711,-11170,-10629,-10088,-9547,-9006,-8465,-7924,-7383,-6842,-6301,-5760,-5219,-4678,-4137,-3596,-3055,-2514,-1973,-1432,-891,-350
192,733,1274,1815,2356,2897,3438,3979,4520,5061,5602,6143,6684,7225,7766,8307,8848,9389,9930,10471,11012,11553,12094,12635,13176,13717,14258,14799,15340,15881,16422,16963,17504,18045,18586,19127,19668,20209,20750,21291,21832,22373,22914,23455,23996,24537,25078,25619,26160,26701,27242,27783,28324,28865,29406,29947,30488,31029,31570,32111,32652,33193,33734,34275,34816,35357,35898,36439,36980,37521,38062,38603,39144,39685,40226,40767,41308,41849,42390,42931,43472,44013,44554,45095,45636,46177,46718,47259,47800,48341,48882,49423,49964,50505,51046,51587,52128,52669,53210,53751,54292,54833,55374,55915,56456,56997,57538,58079,58620,59161,59702,60243,60784,61325,61866,62407,62948,63489,64030,64571,65112,65653,66194,66735,67276,67817,68358,68899,69440,69981,70522,71063,71604,72145,72686,73227,73768,74309,74850,75391,75932,76473,77014,77555,78096,78637,79178,79719,80260,80801,81342,81883,82424,82965,83506,84047,84588,85129,85670,86211,86752,87293,87834,88375,88916,89457,89998,90539,91080,91621,92162,92703,93244,93785,94326,94867,95408,95949,96490,97031,97572,98113,98654,99195,99736,100277,100818,101359,101900,102441,102982,103523,104064,104605,105146,105687,106228,106769,107310,107851,108392,108933,109474,110015,110556,111097,111638,112179,112720,113261,113802,114343,114884,115425,115966,116507,117048,117589,118130,118671,119212,119753,120294,120835,121376,121917,122458,122999,123540,124081,124622,125163,125704,126245,126786,127327,127868,128409,128950,129491,130032,130573,131114,131655,132196,132737,133278,133819,134360,134901,135442,135983,136524,137065,137606,138147,138688,139229,139770,140311,140852,141393,141934,142475,143016,143557,144098,144639,145180,145721,146262,-145878,-145337,-144796,-144255,-143714,-143173,-142632,-142091,-141550,-141009,-140468,-139927,-139386,-138845,-138304,-137763,-137222,-136681,-136140,-135599,-135058,-134517,-133976,-133435,-132894,-132353,-131812,-131271,-130730,-130189,-129648,-129107,-128566,-128025,-127484,-126943,-126402,-125861,-125320,-124779,-124238,-123697,-123156,-122615,-122074,-121533,-120992,-120451,-119910,-119369,-118828,-118287,-117746,-117205,-116664,-116123,-115582,-115041,-114500,-113959,-113418,-112877,-112336,-111795,-111254,-110713,-110172,-109631,-109090,-108549,-108008,-107467,-106926,-106385,-105844,-105303,-104762,-104221,-103872,-103680,-103139,-102598,-102057,-101516,-100975,-100434,-99893,-99352,-98811,-98270,-97729,-97188,-96647,-96106,-95565,-95024,-94483,-93942,-93401,-92860,-92319,-91778,-91237,-90696,-90155,-89614,-89073,-88532,-87991,-87450,-86909,-86368,-85827,-85286,-84745,-84204,-83663,-83122,-82581,-82040,-81499,-80958,-80417,-79876,-79335,-78794,-78253,-77712,-77171,-76630,-76089,-75548,-75007,-74466,-73925,-73384,-72843,-72302,-71761,-71220,-70679,-70138,-69597,-69056,-68515,-67974,-67433,-66892,-66351,-65810,-65269,-64728,-64187,-63646,-63105,-62564,-62023,-61482,-60941,-60400,-59859,-59318,-58777,-58236,-57695,-57154,-56613,-56072,-55531,-54990,-54449,-53908,-53367,-52826,-52285,-51744,-51203,-50662,-50121,-49580,-49039,-48498,-47957,-47416,-46875,-46334,-45793,-45252,-44711,-44170,-43629,-43088,-42547,-42006,-41465,-40924,-40383,-39842,-39301,-38760,-38219,-37678,-37137,-36596,-36055,-35514,-34973,-34432,-33891,-33350,-32809,-32268,-31727,-31186,-30645,-30104,-29563,-29022,-28481,-27940,-27399,-26858,-26317,-25776,-25235,-24694,-24153,-23612,-23071,-22530,-21989,-21448,-20907,-20366,-19825,-19284,-18743,-18202,-17661,-17120,-16579,-16038,-15497,-14956,-14415,-13874,-13333,-12792,-12251,-11710,-11169,-10628,-10087,-9546,-9005,-8464,-7923,-7382,-6841,-6300,-5759,-5218,-4677,-4136,-3595,-3054,-2513,-1972,-1431,-890,-349
193,734,1275,1816,2357,2898,3439,3980,4521,5062,5603,6144,6685,7226,7767,8308,8849,9390,9931,10472,11013,11554,12095,12636,13177,13718,14259,14800,15341,15882,16423,16964,17505,18046,18587,19128,19669,20210,20751,21292,21833,22374,22915,23456,23997,24538,25079,25620,26161,26702,27243,27784,28325,28866,29407,29948,30489,31030,31571,32112,32653,33194,33735,34276,34817,35358,35899,36440,36981,37522,38063,38604,39145,39686,40227,40768,41309,41850,42391,42932,43473,44014,44555,45096,45637,46178,46719,47260,47801,48342,48883,49424,49965,50506,51047,51588,52129,52670,53211,53752,54293,54834,55375,55916,56457,56998,57539,58080,58621,59162,59703,60244,60785,61326,61867,62408,62949,63490,64031,64572,65113,65654,66195,66736,67277,67818,68359,68900,69441,69982,70523,71064,71605,72146,72687,73228,73769,74310,74851,75392,75933,76474,77015,77556,78097,78638,79179,79720,80261,80802,81343,81884,82425,82966,83507,84048,84589,85130,85671,86212,86753,87294,87835,88376,88917,89458,89999,90540,91081,91622,92163,92704,93245,93786,94327,94868,95409,95950,96491,97032,97573,98114,98655,99196,99737,100278,100819,101360,101901,102442,102983,103524,104065,104606,105147,105688,106229,106770,107311,107852,108393,108934,109475,110016,110557,111098,111639,112180,112721,113262,113803,114344,114885,115426,115967,116508,117049,117590,118131,118672,119213,119754,120295,120836,121377,121918,122459,123000,123541,124082,124623,125164,125705,126246,126787,127328,127869,128410,128951,129492,130033,130574,131115,131656,132197,132738,133279,133820,134361,134902,135443,135984,136525,137066,137607,138148,138689,139230,139771,140312,140853,141394,141935,142476,143017,143558,144099,144640,145181,145722,146263,-145877,-145336,-144795,-144254,-143713,-143172,-142631,-142090,-141549,-141008,-140467,-139926,-139385,-138844,-138303,-137762,-137221,-136680,-136139,-135598,-135057,-134516,-133975,-133434,-132893,-132352,-131811,-131270,-130729,-130188,-129647,-129106,-128565,-128024,-127483,-126942,-126401,-125860,-125319,-124778,-124237,-123696,-123155,-122614,-122073,-121532,-120991,-120450,-119909,-119368,-118827,-118286,-117745,-117204,-116663,-116122,-115581,-115040,-114499,-113958,-113417,-112876,-112335,-111794,-111253,-110712,-110171,-109630,-109089,-108548,-108007,-107466,-106925,-106384,-105843,-105302,-104761,-104413,-104220,-103679,-103138,-102597,-102056,-101515,-100974,-100433,-99892,-99351,-98810,-98269,-97728,-97187,-96646,-96105,-95564,-95023,-94482,-93941,-93400,-92859,-92318,-91777,-91236,-90695,-90154,-89613,-89072,-88531,-87990,-87449,-86908,-86367,-85826,-85285,-84744,-84203,-83662,-83121,-82580,-82039,-81498,-80957,-80416,-79875,-79334,-78793,-78252,-77711,-77170,-76629,-76088,-75547,-75006,-74465,-73924,-73383,-72842,-72301,-71760,-71219,-70678,-70137,-69596,-69055,-68514,-67973,-67432,-66891,-66350,-65809,-65268,-64727,-64186,-63645,-63104,-62563,-62022,-61481,-60940,-60399,-59858,-59317,-58776,-58235,-57694,-57153,-56612,-56071,-55530,-54989,-54448,-53907,-53366,-52825,-52284,-51743,-51202,-50661,-50120,-49579,-49038,-48497,-47956,-47415,-46874,-46333,-45792,-45251,-44710,-44169,-43628,-43087,-42546,-42005,-41464,-40923,-40382,-39841,-39300,-38759,-38218,-37677,-37136,-36595,-36054,-35513,-34972,-34431,-33890,-33349,-32808,-32267,-31726,-31185,-30644,-30103,-29562,-29021,-28480,-27939,-27398,-26857,-26316,-25775,-25234,-24693,-24152,-23611,-23070,-22529,-21988,-21447,-20906,-20365,-19824,-19283,-18742,-18201,-17660,-17119,-16578,-16037,-15496,-14955,-14414,-13873,-13332,-12791,-12250,-11709,-11168,-10627,-10086,-9545,-9004,-8463,-7922,-7381,-6840,-6299,-5758,-5217,-4676,-4135,-3594,-3053,-2512,-1971,-1430,-889,-348
194,735,1276,1817,2358,2899,3440,3981,4522,5063,5604,6145,6686,7227,7768,8309,8850,9391,9932,10473,11014,11555,12096,12637,13178,13719,14260,14801,15342,15883,16424,16965,17506,18047,18588,19129,19670,20211,20752,21293,21834,22375,22916,23457,23998,24539,25080,25621,26162,26703,27244,27785,28326,28867,29408,29949,30490,31031,31572,32113,32654,33195,33736,34277,34818,35359,35900,36441,36982,37523,38064,38605,39146,39687,40228,40769,41310,41851,42392,42933,43474,44015,44556,45097,45638,46179,46720,47261,47802,48343,48884,49425,49966,50507,51048,51589,52130,52671,53212,53753,54294,54835,55376,55917,56458,56999,57540,58081,58622,59163,59704,60245,60786,61327,61868,62409,62950,63491,64032,64573,65114,65655,66196,66737,67278,67819,68360,68901,69442,69983,70524,71065,71606,72147,72688,73229,73770,74311,74852,75393,75934,76475,77016,77557,78098,78639,79180,79721,80262,80803,81344,81885,82426,82967,83508,84049,84590,85131,85672,86213,86754,87295,87836,88377,88918,89459,90000,90541,91082,91623,92164,92705,93246,93787,94328,94869,95410,95951,96492,97033,97574,98115,98656,99197,99738,100279,100820,101361,101902,102443,102984,103525,104066,104607,105148,105689,106230,106771,107312,107853,108394,108935,109476,110017,110558,111099,111640,112181,112722,113263,113804,114345,114886,115427,115968,116509,117050,117591,118132,118673,119214,119755,120296,120837,121378,121919,122460,123001,123542,124083,124624,125165,125706,126247,126788,127329,127870,128411,128952,129493,130034,130575,131116,131657,132198,132739,133280,133821,134362,134903,135444,135985,136526,137067,137608,138149,138690,139231,139772,140313,140854,141395,141936,142477,143018,143559,144100,144641,145182,145723,146264,-145876,-145335,-144794,-144253,-143712,-143171,-142630,-142089,-141548,-141007,-140466,-139925,-139384,-138843,-138302,-137761,-137220,-136679,-136138,-135597,-135056,-134515,-133974,-133433,-132892,-132351,-131810,-131269,-130728,-130187,-129646,-129105,-128564,-128023,-127482,-126941,-126400,-125859,-125318,-124777,-124236,-123695,-123154,-122613,-122072,-121531,-120990,-120449,-119908,-119367,-118826,-118285,-117744,-117203,-116662,-116121,-115580,-115039,-114498,-113957,-113416,-112875,-112334,-111793,-111252,-110711,-110170,-109629,-109088,-108547,-108006,-107465,-106924,-106383,-105842,-105301,-104954,-104760,-104219,-103678,-103137,-102596,-102055,-101514,-100973,-100432,-99891,-99350,-98809,-98268,-97727,-97186,-96645,-96104,-95563,-95022,-94481,-93940,-93399,-92858,-92317,-91776,-91235,-90694,-90153,-89612,-89071,-88530,-87989,-87448,-86907,-86366,-85825,-85284,-84743,-84202,-83661,-83120,-82579,-82038,-81497,-80956,-80415,-79874,-79333,-78792,-78251,-77710,-77169,-76628,-76087,-75546,-75005,-74464,-73923,-73382,-72841,-72300,-71759,-71218,-70677,-70136,-69595,-69054,-68513,-67972,-67431,-66890,-66349,-65808,-65267,-64726,-64185,-63644,-63103,-62562,-62021,-61480,-60939,-60398,-59857,-59316,-58775,-58234,-57693,-57152,-56611,-56070,-55529,-54988,-54447,-53906,-53365,-52824,-52283,-51742,-51201,-50660,-50119,-49578,-49037,-48496,-47955,-47414,-46873,-46332,-45791,-45250,-44709,-44168,-43627,-43086,-42545,-42004,-41463,-40922,-40381,-39840,-39299,-38758,-38217,-37676,-37135,-36594,-36053,-35512,-34971,-34430,-33889,-33348,-32807,-32266,-31725,-31184,-30643,-30102,-29561,-29020,-28479,-27938,-27397,-26856,-26315,-25774,-25233,-24692,-24151,-23610,-23069,-22528,-21987,-21446,-20905,-20364,-19823,-19282,-18741,-18200,-17659,-17118,-16577,-16036,-15495,-14954,-14413,-13872,-13331,-12790,-12249,-11708,-11167,-10626,-10085,-9544,-9003,-8462,-7921,-7380,-6839,-6298,-5757,-5216,-4675,-4134,-3593,-3052,-2511,-1970,-1429,-888,-347
195,736,1277,1818,2359,2900,3441,3982,4523,5064,5605,6146,6687,7228,7769,8310,8851,9392,9933,10474,11015,11556,12097,12638,13179,13720,14261,14802,15343,15884,16425,16966,17507,18048,18589,19130,19671,20212,20753,21294,21835,22376,22917,23458,23999,24540,25081,25622,26163,26704,27245,27786,28327,28868,29409,29950,30491,31032,31573,32114,32655,33196,33737,34278,34819,35360,35901,36442,36983,37524,38065,38606,39147,39688,40229,40770,41311,41852,42393,42934,43475,44016,44557,45098,45639,46180,46721,47262,47803,48344,48885,49426,49967,50508,51049,51590,52131,52672,53213,53754,54295,54836,55377,55918,56459,57000,57541,58082,58623,59164,59705,60246,60787,61328,61869,62410,62951,63492,64033,64574,65115,65656,66197,66738,67279,67820,68361,68902,69443,69984,70525,71066,71607,72148,72689,73230,73771,74312,74853,75394,75935,76476,77017,77558,78099,78640,79181,79722,80263,80804,81345,81886,82427,82968,83509,84050,84591,85132,85673,86214,86755,87296,87837,88378,88919,89460,90001,90542,91083,91624,92165,92706,93247,93788,94329,94870,95411,95952,96493,97034,97575,98116,98657,99198,99739,100280,100821,101362,101903,102444,102985,103526,104067,104608,105149,105690,106231,106772,107313,107854,108395,108936,109477,110018,110559,111100,111641,112182,112723,113264,113805,114346,114887,115428,115969,116510,117051,117592,118133,118674,119215,119756,120297,120838,121379,121920,122461,123002,123543,124084,124625,125166,125707,126248,126789,127330,127871,128412,128953,129494,130035,130576,131117,131658,132199,132740,133281,133822,134363,134904,135445,135986,136527,137068,137609,138150,138691,139232,139773,140314,140855,141396,141937,142478,143019,143560,144101,144642,145183,145724,146265,-145875,-145334,-144793,-144252,-143711,-143170,-142629,-142088,-141547,-141006,-140465,-139924,-139383,-138842,-138301,-137760,-137219,-136678,-136137,-135596,-135055,-134514,-133973,-133432,-132891,-132350,-131809,-131268,-130727,-130186,-129645,-129104,-128563,-128022,-127481,-126940,-126399,-125858,-125317,-124776,-124235,-123694,-123153,-122612,-122071,-121530,-120989,-120448,-119907,-119366,-118825,-118284,-117743,-117202,-116661,-116120,-115579,-115038,-114497,-113956,-113415,-112874,-112333,-111792,-111251,-110710,-110169,-109628,-109087,-108546,-108005,-107464,-106923,-106382,-105841,-105495,-105300,-104759,-104218,-103677,-103136,-102595,-102054,-101513,-100972,-100431,-99890,-99349,-98808,-98267,-97726,-97185,-96644,-96103,-95562,-95021,-94480,-93939,-93398,-92857,-92316,-91775,-91234,-90693,-90152,-89611,-89070,-88529,-87988,-87447,-86906,-86365,-85824,-85283,-84742,-84201,-83660,-83119,-82578,-82037,-81496,-80955,-80414,-79873,-79332,-78791,-78250,-77709,-77168,-76627,-76086,-75545,-75004,-74463,-73922,-73381,-72840,-72299,-71758,-71217,-70676,-70135,-69594,-69053,-68512,-67971,-67430,-66889,-66348,-65807,-65266,-64725,-64184,-63643,-63102,-62561,-62020,-61479,-60938,-60397,-59856,-59315,-58774,-58233,-57692,-57151,-56610,-56069,-55528,-54987,-54446,-53905,-53364,-52823,-52282,-51741,-51200,-50659,-50118,-49577,-49036,-48495,-47954,-47413,-46872,-46331,-45790,-45249,-44708,-44167,-43626,-43085,-42544,-42003,-41462,-40921,-40380,-39839,-39298,-38757,-38216,-37675,-37134,-36593,-36052,-35511,-34970,-34429,-33888,-33347,-32806,-32265,-31724,-31183,-30642,-30101,-29560,-29019,-28478,-27937,-27396,-26855,-26314,-25773,-25232,-24691,-24150,-23609,-23068,-22527,-21986,-21445,-20904,-20363,-19822,-19281,-18740,-18199,-17658,-17117,-16576,-16035,-15494,-14953,-14412,-13871,-13330,-12789,-12248,-11707,-11166,-10625,-10084,-9543,-9002,-8461,-7920,-7379,-6838,-6297,-5756,-5215,-4674,-4133,-3592,-3051,-2510,-1969,-1428,-887,-346
196,737,1278,1819,2360,2901,3442,3983,4524,5065,5606,6147,6688,7229,7770,8311,8852,9393,9934,10475,11016,11557,12098,12639,13180,13721,14262,14803,15344,15885,16426,16967,17508,18049,18590,19131,19672,20213,20754,21295,21836,22377,22918,23459,24000,24541,25082,25623,26164,26705,27246,27787,28328,28869,29410,29951,30492,31033,31574,32115,32656,33197,33738,34279,34820,35361,35902,36443,36984,37525,38066,38607,39148,39689,40230,40771,41312,41853,42394,42935,43476,44017,44558,45099,45640,46181,46722,47263,47804,48345,48886,49427,49968,50509,51050,51591,52132,52673,53214,53755,54296,54837,55378,55919,56460,57001,57542,58083,58624,59165,59706,60247,60788,61329,61870,62411,62952,63493,64034,64575,65116,65657,66198,66739,67280,67821,68362,68903,69444,69985,70526,71067,71608,72149,72690,73231,73772,74313,74854,75395,75936,76477,77018,77559,78100,78641,79182,79723,80264,80805,81346,81887,82428,82969,83510,84051,84592,85133,85674,86215,86756,87297,87838,88379,88920,89461,90002,90543,91084,91625,92166,92707,93248,93789,94330,94871,95412,95953,96494,97035,97576,98117,98658,99199,99740,100281,100822,101363,101904,102445,102986,103527,104068,104609,105150,105691,106232,106773,107314,107855,108396,108937,109478,110019,110560,111101,111642,112183,112724,113265,113806,114347,114888,115429,115970,116511,117052,117593,118134,118675,119216,119757,120298,120839,121380,121921,122462,123003,123544,124085,124626,125167,125708,126249,126790,127331,127872,128413,128954,129495,130036,130577,131118,131659,132200,132741,133282,133823,134364,134905,135446,135987,136528,137069,137610,138151,138692,139233,139774,140315,140856,141397,141938,142479,143020,143561,144102,144643,145184,145725,146266,-145874,-145333,-144792,-144251,-143710,-143169,-142628,-142087,-141546,-141005,-140464,-139923,-139382,-138841,-138300,-137759,-137218,-136677,-136136,-135595,-135054,-134513,-133972,-133431,-132890,-132349,-131808,-131267,-130726,-130185,-129644,-129103,-128562,-128021,-127480,-126939,-126398,-125857,-125316,-124775,-124234,-123693,-123152,-122611,-122070,-121529,-120988,-120447,-119906,-119365,-118824,-118283,-117742,-117201,-116660,-116119,-115578,-115037,-114496,-113955,-113414,-112873,-112332,-111791,-111250,-110709,-110168,-109627,-109086,-108545,-108004,-107463,-106922,-106381,-106036,-105840,-105299,-104758,-104217,-103676,-103135,-102594,-102053,-101512,-100971,-100430,-99889,-99348,-98807,-98266,-97725,-97184,-96643,-96102,-95561,-95020,-94479,-93938,-93397,-92856,-92315,-91774,-91233,-90692,-90151,-89610,-89069,-88528,-87987,-87446,-86905,-86364,-85823,-85282,-84741,-84200,-83659,-83118,-82577,-82036,-81495,-80954,-80413,-79872,-79331,-78790,-78249,-77708,-77167,-76626,-76085,-75544,-75003,-74462,-73921,-73380,-72839,-72298,-71757,-71216,-70675,-70134,-69593,-69052,-68511,-67970,-67429,-66888,-66347,-65806,-65265,-64724,-64183,-63642,-63101,-62560,-62019,-61478,-60937,-60396,-59855,-59314,-58773,-58232,-57691,-57150,-56609,-56068,-55527,-54986,-54445,-53904,-53363,-52822,-52281,-51740,-51199,-50658,-50117,-49576,-49035,-48494,-47953,-47412,-46871,-46330,-45789,-45248,-44707,-44166,-43625,-43084,-42543,-42002,-41461,-40920,-40379,-39838,-39297,-38756,-38215,-37674,-37133,-36592,-36051,-35510,-34969,-34428,-33887,-33346,-32805,-32264,-31723,-31182,-30641,-30100,-29559,-29018,-28477,-27936,-27395,-26854,-26313,-25772,-25231,-24690,-24149,-23608,-23067,-22526,-21985,-21444,-20903,-20362,-19821,-19280,-18739,-18198,-17657,-17116,-16575,-16034,-15493,-14952,-14411,-13870,-13329,-12788,-12247,-11706,-11165,-10624,-10083,-9542,-9001,-8460,-7919,-7378,-6837,-6296,-5755,-5214,-4673,-4132,-3591,-3050,-2509,-1968,-1427,-886,-345
197,738,1279,1820,2361,2902,3443,3984,4525,5066,5607,6148,6689,7230,7771,8312,8853,9394,9935,10476,11017,11558,12099,12640,13181,13722,14263,14804,15345,15886,16427,16968,17509,18050,18591,19132,19673,20214,20755,21296,21837,22378,22919,23460,24001,24542,25083,25624,26165,26706,27247,27788,28329,28870,29411,29952,30493,31034,31575,32116,32657,33198,33739,34280,34821,35362,35903,36444,36985,37526,38067,38608,39149,39690,40231,40772,41313,41854,42395,42936,43477,44018,44559,45100,45641,46182,46723,47264,47805,48346,48887,49428,49969,50510,51051,51592,52133,52674,53215,53756,54297,54838,55379,55920,56461,57002,57543,58084,58625,59166,59707,60248,60789,61330,61871,62412,62953,63494,64035,64576,65117,65658,66199,66740,67281,67822,68363,68904,69445,69986,70527,71068,71609,72150,72691,73232,73773,74314,74855,75396,75937,76478,77019,77560,78101,78642,79183,79724,80265,80806,81347,81888,82429,82970,83511,84052,84593,85134,85675,86216,86757,87298,87839,88380,88921,89462,90003,90544,91085,91626,92167,92708,93249,93790,94331,94872,95413,95954,96495,97036,97577,98118,98659,99200,99741,100282,100823,101364,101905,102446,102987,103528,104069,104610,105151,105692,106233,106774,107315,107856,108397,108938,109479,110020,110561,111102,111643,112184,112725,113266,113807,114348,114889,115430,115971,116512,117053,117594,118135,118676,119217,119758,120299,120840,121381,121922,122463,123004,123545,124086,124627,125168,125709,126250,126791,127332,127873,128414,128955,129496,130037,130578,131119,131660,132201,132742,133283,133824,134365,134906,135447,135988,136529,137070,137611,138152,138693,139234,139775,140316,140857,141398,141939,142480,143021,143562,144103,144644,145185,145726,146267,-145873,-145332,-144791,-144250,-143709,-143168,-142627,-142086,-141545,-141004,-140463,-139922,-139381,-138840,-138299,-137758,-137217,-136676,-136135,-135594,-135053,-134512,-133971,-133430,-132889,-132348,-131807,-131266,-130725,-130184,-129643,-129102,-128561,-128020,-127479,-126938,-126397,-125856,-125315,-124774,-124233,-123692,-123151,-122610,-122069,-121528,-120987,-120446,-119905,-119364,-118823,-118282,-117741,-117200,-116659,-116118,-115577,-115036,-114495,-113954,-113413,-112872,-112331,-111790,-111249,-110708,-110167,-109626,-109085,-108544,-108003,-107462,-106921,-106577,-106380,-105839,-105298,-104757,-104216,-103675,-103134,-102593,-102052,-101511,-100970,-100429,-99888,-99347,-98806,-98265,-97724,-97183,-96642,-96101,-95560,-95019,-94478,-93937,-93396,-92855,-92314,-91773,-91232,-90691,-90150,-89609,-89068,-88527,-87986,-87445,-86904,-86363,-85822,-85281,-84740,-84199,-83658,-83117,-82576,-82035,-81494,-80953,-80412,-79871,-79330,-78789,-78248,-77707,-77166,-76625,-76084,-75543,-75002,-74461,-73920,-73379,-72838,-72297,-71756,-71215,-70674,-70133,-69592,-69051,-68510,-67969,-67428,-66887,-66346,-65805,-65264,-64723,-64182,-63641,-63100,-62559,-62018,-61477,-60936,-60395,-59854,-59313,-58772,-58231,-57690,-57149,-56608,-56067,-55526,-54985,-54444,-53903,-53362,-52821,-52280,-51739,-51198,-50657,-50116,-49575,-49034,-48493,-47952,-47411,-46870,-46329,-45788,-45247,-44706,-44165,-43624,-43083,-42542,-42001,-41460,-40919,-40378,-39837,-39296,-38755,-38214,-37673,-37132,-36591,-36050,-35509,-34968,-34427,-33886,-33345,-32804,-32263,-31722,-31181,-30640,-30099,-29558,-29017,-28476,-27935,-27394,-26853,-26312,-25771,-25230,-24689,-24148,-23607,-23066,-22525,-21984,-21443,-20902,-20361,-19820,-19279,-18738,-18197,-17656,-17115,-16574,-16033,-15492,-14951,-14410,-13869,-13328,-12787,-12246,-11705,-11164,-10623,-10082,-9541,-9000,-8459,-7918,-7377,-6836,-6295,-5754,-5213,-4672,-4131,-3590,-3049,-2508,-1967,-1426,-885,-344
198,739,1280,1821,2362,2903,3444,3985,4526,5067,5608,6149,6690,7231,7772,8313,8854,9395,9936,10477,11018,11559,12100,12641,13182,13723,14264,14805,15346,15887,16428,16969,17510,18051,18592,19133,19674,20215,20756,21297,21838,22379,22920,23461,24002,24543,25084,25625,26166,26707,27248,27789,28330,28871,29412,29953,30494,31035,31576,32117,32658,33199,33740,34281,34822,35363,35904,36445,36986,37527,38068,38609,39150,39691,40232,40773,41314,41855,42396,42937,43478,44019,44560,45101,45642,46183,46724,47265,47806,48347,48888,49429,49970,50511,51052,51593,52134,52675,53216,53757,54298,54839,55380,55921,56462,57003,57544,58085,58626,59167,59708,60249,60790,61331,61872,62413,62954,63495,64036,64577,65118,65659,66200,66741,67282,67823,68364,68905,69446,69987,70528,71069,71610,72151,72692,73233,73774,74315,74856,75397,75938,76479,77020,77561,78102,78643,79184,79725,80266,80807,81348,81889,82430,82971,83512,84053,84594,85135,85676,86217,86758,87299,87840,88381,88922,89463,90004,90545,91086,91627,92168,92709,93250,93791,94332,94873,95414,95955,96496,97037,97578,98119,98660,99201,99742,100283,100824,101365,101906,102447,102988,103529,104070,104611,105152,105693,106234,106775,107316,107857,108398,108939,109480,110021,110562,111103,111644,112185,112726,113267,113808,114349,114890,115431,115972,116513,117054,117595,118136,118677,119218,119759,120300,120841,121382,121923,122464,123005,123546,124087,124628,125169,125710,126251,126792,127333,127874,128415,128956,129497,130038,130579,131120,131661,132202,132743,133284,133825,134366,134907,135448,135989,136530,137071,137612,138153,138694,139235,139776,140317,140858,141399,141940,142481,143022,143563,144104,144645,145186,145727,146268,-145872,-145331,-144790,-144249,-143708,-143167,-142626,-142085,-141544,-141003,-140462,-139921,-139380,-138839,-138298,-137757,-137216,-136675,-136134,-135593,-135052,-134511,-133970,-133429,-132888,-132347,-131806,-131265,-130724,-130183,-129642,-129101,-128560,-128019,-127478,-126937,-126396,-125855,-125314,-124773,-124232,-123691,-123150,-122609,-122068,-121527,-120986,-120445,-119904,-119363,-118822,-118281,-117740,-117199,-116658,-116117,-115576,-115035,-114494,-113953,-113412,-112871,-112330,-111789,-111248,-110707,-110166,-109625,-109084,-108543,-108002,-107461,-107118,-106920,-106379,-105838,-105297,-104756,-104215,-103674,-103133,-102592,-102051,-101510,-100969,-100428,-99887,-99346,-98805,-98264,-97723,-97182,-96641,-96100,-95559,-95018,-94477,-93936,-93395,-92854,-92313,-91772,-91231,-90690,-90149,-89608,-89067,-88526,-87985,-87444,-86903,-86362,-85821,-85280,-84739,-84198,-83657,-83116,-82575,-82034,-81493,-80952,-80411,-79870,-79329,-78788,-78247,-77706,-77165,-76624,-76083,-75542,-75001,-74460,-73919,-73378,-72837,-72296,-71755,-71214,-70673,-70132,-69591,-69050,-68509,-67968,-67427,-66886,-66345,-65804,-65263,-64722,-64181,-63640,-63099,-62558,-62017,-61476,-60935,-60394,-59853,-59312,-58771,-58230,-57689,-57148,-56607,-56066,-55525,-54984,-54443,-53902,-53361,-52820,-52279,-51738,-51197,-50656,-50115,-49574,-49033,-48492,-47951,-47410,-46869,-46328,-45787,-45246,-44705,-44164,-43623,-43082,-42541,-42000,-41459,-40918,-40377,-39836,-39295,-38754,-38213,-37672,-37131,-36590,-36049,-35508,-34967,-34426,-33885,-33344,-32803,-32262,-31721,-31180,-30639,-30098,-29557,-29016,-28475,-27934,-27393,-26852,-26311,-25770,-25229,-24688,-24147,-23606,-23065,-22524,-21983,-21442,-20901,-20360,-19819,-19278,-18737,-18196,-17655,-17114,-16573,-16032,-15491,-14950,-14409,-13868,-13327,-12786,-12245,-11704,-11163,-10622,-10081,-9540,-8999,-8458,-7917,-7376,-6835,-6294,-5753,-5212,-4671,-4130,-3589,-3048,-2507,-1966,-1425,-884,-343
199,740,1281,1822,2363,2904,3445,3986,4527,5068,5609,6150,6691,7232,7773,8314,8855,9396,9937,10478,11019,11560,12101,12642,13183,13724,14265,14806,15347,15888,16429,16970,17511,18052,18593,19134,19675,20216,20757,21298,21839,22380,22921,23462,24003,24544,25085,25626,26167,26708,27249,27790,28331,28872,29413,29954,30495,31036,31577,32118,32659,33200,33741,34282,34823,35364,35905,36446,36987,37528,38069,38610,39151,39692,40233,40774,41315,41856,42397,42938,43479,44020,44561,45102,45643,46184,46725,47266,47807,48348,48889,49430,49971,50512,51053,51594,52135,52676,53217,53758,54299,54840,55381,55922,56463,57004,57545,58086,58627,59168,59709,60250,60791,61332,61873,62414,62955,63496,64037,64578,65119,65660,66201,66742,67283,67824,68365,68906,69447,69988,70529,71070,71611,72152,72693,73234,73775,74316,74857,75398,75939,76480,77021,77562,78103,78644,79185,79726,80267,80808,81349,81890,82431,82972,83513,84054,84595,85136,85677,86218,86759,87300,87841,88382,88923,89464,90005,90546,91087,91628,92169,92710,93251,93792,94333,94874,95415,95956,96497,97038,97579,98120,98661,99202,99743,100284,100825,101366,101907,102448,102989,103530,104071,104612,105153,105694,106235,106776,107317,107858,108399,108940,109481,110022,110563,111104,111645,112186,112727,113268,113809,114350,114891,115432,115973,116514,117055,117596,118137,118678,119219,119760,120301,120842,121383,121924,122465,123006,123547,124088,124629,125170,125711,126252,126793,127334,127875,128416,128957,129498,130039,130580,131121,131662,132203,132744,133285,133826,134367,134908,135449,135990,136531,137072,137613,138154,138695,139236,139777,140318,140859,141400,141941,142482,143023,143564,144105,144646,145187,145728,146269,-145871,-145330,-144789,-144248,-143707,-143166,-142625,-142084,-141543,-141002,-140461,-139920,-139379,-138838,-138297,-137756,-137215,-136674,-136133,-135592,-135051,-134510,-133969,-133428,-132887,-132346,-131805,-131264,-130723,-130182,-129641,-129100,-128559,-128018,-127477,-126936,-126395,-125854,-125313,-124772,-124231,-123690,-123149,-122608,-122067,-121526,-120985,-120444,-119903,-119362,-118821,-118280,-117739,-117198,-116657,-116116,-115575,-115034,-114493,-113952,-113411,-112870,-112329,-111788,-111247,-110706,-110165,-109624,-109083,-108542,-108001,-107659,-107460,-106919,-106378,-105837,-105296,-104755,-104214,-103673,-103132,-102591,-102050,-101509,-100968,-100427,-99886,-99345,-98804,-98263,-97722,-97181,-96640,-96099,-95558,-95017,-94476,-93935,-93394,-92853,-92312,-91771,-91230,-90689,-90148,-89607,-89066,-88525,-87984,-87443,-86902,-86361,-85820,-85279,-84738,-84197,-83656,-83115,-82574,-82033,-81492,-80951,-80410,-79869,-79328,-78787,-78246,-77705,-77164,-76623,-76082,-75541,-75000,-74459,-73918,-73377,-72836,-72295,-71754,-71213,-70672,-70131,-69590,-69049,-68508,-67967,-67426,-66885,-66344,-65803,-65262,-64721,-64180,-63639,-63098,-62557,-62016,-61475,-60934,-60393,-59852,-59311,-58770,-58229,-57688,-57147,-56606,-56065,-55524,-54983,-54442,-53901,-53360,-52819,-52278,-51737,-51196,-50655,-50114,-49573,-49032,-48491,-47950,-47409,-46868,-46327,-45786,-45245,-44704,-44163,-43622,-43081,-42540,-41999,-41458,-40917,-40376,-39835,-39294,-38753,-38212,-37671,-37130,-36589,-36048,-35507,-34966,-34425,-33884,-33343,-32802,-32261,-31720,-31179,-30638,-30097,-29556,-29015,-28474,-27933,-27392,-26851,-26310,-25769,-25228,-24687,-24146,-23605,-23064,-22523,-21982,-21441,-20900,-20359,-19818,-19277,-18736,-18195,-17654,-17113,-16572,-16031,-15490,-14949,-14408,-13867,-13326,-12785,-12244,-11703,-11162,-10621,-10080,-9539,-8998,-8457,-7916,-7375,-6834,-6293,-5752,-5211,-4670,-4129,-3588,-3047,-2506,-1965,-1424,-883,-342
200,741,1282,1823,2364,2905,3446,3987,4528,5069,5610,6151,6692,7233,7774,8315,8856,9397,9938,10479,11020,11561,12102,12643,13184,13725,14266,14807,15348,15889,16430,16971,17512,18053,18594,19135,19676,20217,20758,21299,21840,22381,22922,23463,24004,24545,25086,25627,26168,26709,27250,27791,28332,28873,29414,29955,30496,31037,31578,32119,32660,33201,33742,34283,34824,35365,35906,36447,36988,37529,38070,38611,39152,39693,40234,40775,41316,41857,42398,42939,43480,44021,44562,45103,45644,46185,46726,47267,47808,48349,48890,49431,49972,50513,51054,51595,52136,52677,53218,53759,54300,54841,55382,55923,56464,57005,57546,58087,58628,59169,59710,60251,60792,61333,61874,62415,62956,63497,64038,64579,65120,65661,66202,66743,67284,67825,68366,68907,69448,69989,70530,71071,71612,72153,72694,73235,73776,74317,74858,75399,75940,76481,77022,77563,78104,78645,79186,79727,80268,80809,81350,81891,82432,82973,83514,84055,84596,85137,85678,86219,86760,87301,87842,88383,88924,89465,90006,90547,91088,91629,92170,92711,93252,93793,94334,94875,95416,95957,96498,97039,97580,98121,98662,99203,99744,100285,100826,101367,101908,102449,102990,103531,104072,104613,105154,105695,106236,106777,107318,107859,108400,108941,109482,110023,110564,111105,111646,112187,112728,113269,113810,114351,114892,115433,115974,116515,117056,117597,118138,118679,119220,119761,120302,120843,121384,121925,122466,123007,123548,124089,124630,125171,125712,126253,126794,127335,127876,128417,128958,129499,130040,130581,131122,131663,132204,132745,133286,133827,134368,134909,135450,135991,136532,137073,137614,138155,138696,139237,139778,140319,140860,141401,141942,142483,143024,143565,144106,144647,145188,145729,146270,-145870,-145329,-144788,-144247,-143706,-143165,-142624,-142083,-141542,-141001,-140460,-139919,-139378,-138837,-138296,-137755,-137214,-136673,-136132,-135591,-135050,-134509,-133968,-133427,-132886,-132345,-131804,-131263,-130722,-130181,-129640,-129099,-128558,-128017,-127476,-126935,-126394,-125853,-125312,-124771,-124230,-123689,-123148,-122607,-122066,-121525,-120984,-120443,-119902,-119361,-118820,-118279,-117738,-117197,-116656,-116115,-115574,-115033,-114492,-113951,-113410,-112869,-112328,-111787,-111246,-110705,-110164,-109623,-109082,-108541,-108200,-108000,-107459,-106918,-106377,-105836,-105295,-104754,-104213,-103672,-103131,-102590,-102049,-101508,-100967,-100426,-99885,-99344,-98803,-98262,-97721,-97180,-96639,-96098,-95557,-95016,-94475,-93934,-93393,-92852,-92311,-91770,-91229,-90688,-90147,-89606,-89065,-88524,-87983,-87442,-86901,-86360,-85819,-85278,-84737,-84196,-83655,-83114,-82573,-82032,-81491,-80950,-80409,-79868,-79327,-78786,-78245,-77704,-77163,-76622,-76081,-75540,-74999,-74458,-73917,-73376,-72835,-72294,-71753,-71212,-70671,-70130,-69589,-69048,-68507,-67966,-67425,-66884,-66343,-65802,-65261,-64720,-64179,-63638,-63097,-62556,-62015,-61474,-60933,-60392,-59851,-59310,-58769,-58228,-57687,-57146,-56605,-56064,-55523,-54982,-54441,-53900,-53359,-52818,-52277,-51736,-51195,-50654,-50113,-49572,-49031,-48490,-47949,-47408,-46867,-46326,-45785,-45244,-44703,-44162,-43621,-43080,-42539,-41998,-41457,-40916,-40375,-39834,-39293,-38752,-38211,-37670,-37129,-36588,-36047,-35506,-34965,-34424,-33883,-33342,-32801,-32260,-31719,-31178,-30637,-30096,-29555,-29014,-28473,-27932,-27391,-26850,-26309,-25768,-25227,-24686,-24145,-23604,-23063,-22522,-21981,-21440,-20899,-20358,-19817,-19276,-18735,-18194,-17653,-17112,-16571,-16030,-15489,-14948,-14407,-13866,-13325,-12784,-12243,-11702,-11161,-10620,-10079,-9538,-8997,-8456,-7915,-7374,-6833,-6292,-5751,-5210,-4669,-4128,-3587,-3046,-2505,-1964,-1423,-882,-341
201,742,1283,1824,2365,2906,3447,3988,4529,5070,5611,6152,6693,7234,7775,8316,8857,9398,9939,10480,11021,11562,12103,12644,13185,13726,14267,14808,15349,15890,16431,16972,17513,18054,18595,19136,19677,20218,20759,21300,21841,22382,22923,23464,24005,24546,25087,25628,26169,26710,27251,27792,28333,28874,29415,29956,30497,31038,31579,32120,32661,33202,33743,34284,34825,35366,35907,36448,36989,37530,38071,38612,39153,39694,40235,40776,41317,41858,42399,42940,43481,44022,44563,45104,45645,46186,46727,47268,47809,48350,48891,49432,49973,50514,51055,51596,52137,52678,53219,53760,54301,54842,55383,55924,56465,57006,57547,58088,58629,59170,59711,60252,60793,61334,61875,62416,62957,63498,64039,64580,65121,65662,66203,66744,67285,67826,68367,68908,69449,69990,70531,71072,71613,72154,72695,73236,73777,74318,74859,75400,75941,76482,77023,77564,78105,78646,79187,79728,80269,80810,81351,81892,82433,82974,83515,84056,84597,85138,85679,86220,86761,87302,87843,88384,88925,89466,90007,90548,91089,91630,92171,92712,93253,93794,94335,94876,95417,95958,96499,97040,97581,98122,98663,99204,99745,100286,100827,101368,101909,102450,102991,103532,104073,104614,105155,105696,106237,106778,107319,107860,108401,108942,109483,110024,110565,111106,111647,112188,112729,113270,113811,114352,114893,115434,115975,116516,117057,117598,118139,118680,119221,119762,120303,120844,121385,121926,122467,123008,123549,124090,124631,125172,125713,126254,126795,127336,127877,128418,128959,129500,130041,130582,131123,131664,132205,132746,133287,133828,134369,134910,135451,135992,136533,137074,137615,138156,138697,139238,139779,140320,140861,141402,141943,142484,143025,143566,144107,144648,145189,145730,146271,-145869,-145328,-144787,-144246,-143705,-143164,-142623,-142082,-141541,-141000,-140459,-139918,-139377,-138836,-138295,-137754,-137213,-136672,-136131,-135590,-135049,-134508,-133967,-133426,-132885,-132344,-131803,-131262,-130721,-130180,-129639,-129098,-128557,-128016,-127475,-126934,-126393,-125852,-125311,-124770,-124229,-123688,-123147,-122606,-122065,-121524,-120983,-120442,-119901,-119360,-118819,-118278,-117737,-117196,-116655,-116114,-115573,-115032,-114491,-113950,-113409,-112868,-112327,-111786,-111245,-110704,-110163,-109622,-109081,-108741,-108540,-107999,-107458,-106917,-106376,-105835,-105294,-104753,-104212,-103671,-103130,-102589,-102048,-101507,-100966,-100425,-99884,-99343,-98802,-98261,-97720,-97179,-96638,-96097,-95556,-95015,-94474,-93933,-93392,-92851,-92310,-91769,-91228,-90687,-90146,-89605,-89064,-88523,-87982,-87441,-86900,-86359,-85818,-85277,-84736,-84195,-83654,-83113,-82572,-82031,-81490,-80949,-80408,-79867,-79326,-78785,-78244,-77703,-77162,-76621,-76080,-75539,-74998,-74457,-73916,-73375,-72834,-72293,-71752,-71211,-70670,-70129,-69588,-69047,-68506,-67965,-67424,-66883,-66342,-65801,-65260,-64719,-64178,-63637,-63096,-62555,-62014,-61473,-60932,-60391,-59850,-59309,-58768,-58227,-57686,-57145,-56604,-56063,-55522,-54981,-54440,-53899,-53358,-52817,-52276,-51735,-51194,-50653,-50112,-49571,-49030,-48489,-47948,-47407,-46866,-46325,-45784,-45243,-44702,-44161,-43620,-43079,-42538,-41997,-41456,-40915,-40374,-39833,-39292,-38751,-38210,-37669,-37128,-36587,-36046,-35505,-34964,-34423,-33882,-33341,-32800,-32259,-31718,-31177,-30636,-30095,-29554,-29013,-28472,-27931,-27390,-26849,-26308,-25767,-25226,-24685,-24144,-23603,-23062,-22521,-21980,-21439,-20898,-20357,-19816,-19275,-18734,-18193,-17652,-17111,-16570,-16029,-15488,-14947,-14406,-13865,-13324,-12783,-12242,-11701,-11160,-10619,-10078,-9537,-8996,-8455,-7914,-7373,-6832,-6291,-5750,-5209,-4668,-4127,-3586,-3045,-2504,-1963,-1422,-881,-340
202,743,1284,1825,2366,2907,3448,3989,4530,5071,5612,6153,6694,7235,7776,8317,8858,9399,9940,10481,11022,11563,12104,12645,13186,13727,14268,14809,15350,15891,16432,16973,17514,18055,18596,19137,19678,20219,20760,21301,21842,22383,22924,23465,24006,24547,25088,25629,26170,26711,27252,27793,28334,28875,29416,29957,30498,31039,31580,32121,32662,33203,33744,34285,34826,35367,35908,36449,36990,37531,38072,38613,39154,39695,40236,40777,41318,41859,42400,42941,43482,44023,44564,45105,45646,46187,46728,47269,47810,48351,48892,49433,49974,50515,51056,51597,52138,52679,53220,53761,54302,54843,55384,55925,56466,57007,57548,58089,58630,59171,59712,60253,60794,61335,61876,62417,62958,63499,64040,64581,65122,65663,66204,66745,67286,67827,68368,68909,69450,69991,70532,71073,71614,72155,72696,73237,73778,74319,74860,75401,75942,76483,77024,77565,78106,78647,79188,79729,80270,80811,81352,81893,82434,82975,83516,84057,84598,85139,85680,86221,86762,87303,87844,88385,88926,89467,90008,90549,91090,91631,92172,92713,93254,93795,94336,94877,95418,95959,96500,97041,97582,98123,98664,99205,99746,100287,100828,101369,101910,102451,102992,103533,104074,104615,105156,105697,106238,106779,107320,107861,108402,108943,109484,110025,110566,111107,111648,112189,112730,113271,113812,114353,114894,115435,115976,116517,117058,117599,118140,118681,119222,119763,120304,120845,121386,121927,122468,123009,123550,124091,124632,125173,125714,126255,126796,127337,127878,128419,128960,129501,130042,130583,131124,131665,132206,132747,133288,133829,134370,134911,135452,135993,136534,137075,137616,138157,138698,139239,139780,140321,140862,141403,141944,142485,143026,143567,144108,144649,145190,145731,146272,-145868,-145327,-144786,-144245,-143704,-143163,-142622,-142081,-141540,-140999,-140458,-139917,-139376,-138835,-138294,-137753,-137212,-136671,-136130,-135589,-135048,-134507,-133966,-133425,-132884,-132343,-131802,-131261,-130720,-130179,-129638,-129097,-128556,-128015,-127474,-126933,-126392,-125851,-125310,-124769,-124228,-123687,-123146,-122605,-122064,-121523,-120982,-120441,-119900,-119359,-118818,-118277,-117736,-117195,-116654,-116113,-115572,-115031,-114490,-113949,-113408,-112867,-112326,-111785,-111244,-110703,-110162,-109621,-109282,-109080,-108539,-107998,-107457,-106916,-106375,-105834,-105293,-104752,-104211,-103670,-103129,-102588,-102047,-101506,-100965,-100424,-99883,-99342,-98801,-98260,-97719,-97178,-96637,-96096,-95555,-95014,-94473,-93932,-93391,-92850,-92309,-91768,-91227,-90686,-90145,-89604,-89063,-88522,-87981,-87440,-86899,-86358,-85817,-85276,-84735,-84194,-83653,-83112,-82571,-82030,-81489,-80948,-80407,-79866,-79325,-78784,-78243,-77702,-77161,-76620,-76079,-75538,-74997,-74456,-73915,-73374,-72833,-72292,-71751,-71210,-70669,-70128,-69587,-69046,-68505,-67964,-67423,-66882,-66341,-65800,-65259,-64718,-64177,-63636,-63095,-62554,-62013,-61472,-60931,-60390,-59849,-59308,-58767,-58226,-57685,-57144,-56603,-56062,-55521,-54980,-54439,-53898,-53357,-52816,-52275,-51734,-51193,-50652,-50111,-49570,-49029,-48488,-47947,-47406,-46865,-46324,-45783,-45242,-44701,-44160,-43619,-43078,-42537,-41996,-41455,-40914,-40373,-39832,-39291,-38750,-38209,-37668,-37127,-36586,-36045,-35504,-34963,-34422,-33881,-33340,-32799,-32258,-31717,-31176,-30635,-30094,-29553,-29012,-28471,-27930,-27389,-26848,-26307,-25766,-25225,-24684,-24143,-23602,-23061,-22520,-21979,-21438,-20897,-20356,-19815,-19274,-18733,-18192,-17651,-17110,-16569,-16028,-15487,-14946,-14405,-13864,-13323,-12782,-12241,-11700,-11159,-10618,-10077,-9536,-8995,-8454,-7913,-7372,-6831,-6290,-5749,-5208,-4667,-4126,-3585,-3044,-2503,-1962,-1421,-880,-339
203,744,1285,1826,2367,2908,3449,3990,4531,5072,5613,6154,6695,7236,7777,8318,8859,9400,9941,10482,11023,11564,12105,12646,13187,13728,14269,14810,15351,15892,16433,16974,17515,18056,18597,19138,19679,20220,20761,21302,21843,22384,22925,23466,24007,24548,25089,25630,26171,26712,27253,27794,28335,28876,29417,29958,30499,31040,31581,32122,32663,33204,33745,34286,34827,35368,35909,36450,36991,37532,38073,38614,39155,39696,40237,40778,41319,41860,42401,42942,43483,44024,44565,45106,45647,46188,46729,47270,47811,48352,48893,49434,49975,50516,51057,51598,52139,52680,53221,53762,54303,54844,55385,55926,56467,57008,57549,58090,58631,59172,59713,60254,60795,61336,61877,62418,62959,63500,64041,64582,65123,65664,66205,66746,67287,67828,68369,68910,69451,69992,70533,71074,71615,72156,72697,73238,73779,74320,74861,75402,75943,76484,77025,77566,78107,78648,79189,79730,80271,80812,81353,81894,82435,82976,83517,84058,84599,85140,85681,86222,86763,87304,87845,88386,88927,89468,90009,90550,91091,91632,92173,92714,93255,93796,94337,94878,95419,95960,96501,97042,97583,98124,98665,99206,99747,100288,100829,101370,101911,102452,102993,103534,104075,104616,105157,105698,106239,106780,107321,107862,108403,108944,109485,110026,110567,111108,111649,112190,112731,113272,113813,114354,114895,115436,115977,116518,117059,117600,118141,118682,119223,119764,120305,120846,121387,121928,122469,123010,123551,124092,124633,125174,125715,126256,126797,127338,127879,128420,128961,129502,130043,130584,131125,131666,132207,132748,133289,133830,134371,134912,135453,135994,136535,137076,137617,138158,138699,139240,139781,140322,140863,141404,141945,142486,143027,143568,144109,144650,145191,145732,146273,-145867,-145326,-144785,-144244,-143703,-143162,-142621,-142080,-141539,-140998,-140457,-139916,-139375,-138834,-138293,-137752,-137211,-136670,-136129,-135588,-135047,-134506,-133965,-133424,-132883,-132342,-131801,-131260,-130719,-130178,-129637,-129096,-128555,-128014,-127473,-126932,-126391,-125850,-125309,-124768,-124227,-123686,-123145,-122604,-122063,-121522,-120981,-120440,-119899,-119358,-118817,-118276,-117735,-117194,-116653,-116112,-115571,-115030,-114489,-113948,-113407,-112866,-112325,-111784,-111243,-110702,-110161,-109823,-109620,-109079,-108538,-107997,-107456,-106915,-106374,-105833,-105292,-104751,-104210,-103669,-103128,-102587,-102046,-101505,-100964,-100423,-99882,-99341,-98800,-98259,-97718,-97177,-96636,-96095,-95554,-95013,-94472,-93931,-93390,-92849,-92308,-91767,-91226,-90685,-90144,-89603,-89062,-88521,-87980,-87439,-86898,-86357,-85816,-85275,-84734,-84193,-83652,-83111,-82570,-82029,-81488,-80947,-80406,-79865,-79324,-78783,-78242,-77701,-77160,-76619,-76078,-75537,-74996,-74455,-73914,-73373,-72832,-72291,-71750,-71209,-70668,-70127,-69586,-69045,-68504,-67963,-67422,-66881,-66340,-65799,-65258,-64717,-64176,-63635,-63094,-62553,-62012,-61471,-60930,-60389,-59848,-59307,-58766,-58225,-57684,-57143,-56602,-56061,-55520,-54979,-54438,-53897,-53356,-52815,-52274,-51733,-51192,-50651,-50110,-49569,-49028,-48487,-47946,-47405,-46864,-46323,-45782,-45241,-44700,-44159,-43618,-43077,-42536,-41995,-41454,-40913,-40372,-39831,-39290,-38749,-38208,-37667,-37126,-36585,-36044,-35503,-34962,-34421,-33880,-33339,-32798,-32257,-31716,-31175,-30634,-30093,-29552,-29011,-28470,-27929,-27388,-26847,-26306,-25765,-25224,-24683,-24142,-23601,-23060,-22519,-21978,-21437,-20896,-20355,-19814,-19273,-18732,-18191,-17650,-17109,-16568,-16027,-15486,-14945,-14404,-13863,-13322,-12781,-12240,-11699,-11158,-10617,-10076,-9535,-8994,-8453,-7912,-7371,-6830,-6289,-5748,-5207,-4666,-4125,-3584,-3043,-2502,-1961,-1420,-879,-338
204,745,1286,1827,2368,2909,3450,3991,4532,5073,5614,6155,6696,7237,7778,8319,8860,9401,9942,10483,11024,11565,12106,12647,13188,13729,14270,14811,15352,15893,16434,16975,17516,18057,18598,19139,19680,20221,20762,21303,21844,22385,22926,23467,24008,24549,25090,25631,26172,26713,27254,27795,28336,28877,29418,29959,30500,31041,31582,32123,32664,33205,33746,34287,34828,35369,35910,36451,36992,37533,38074,38615,39156,39697,40238,40779,41320,41861,42402,42943,43484,44025,44566,45107,45648,46189,46730,47271,47812,48353,48894,49435,49976,50517,51058,51599,52140,52681,53222,53763,54304,54845,55386,55927,56468,57009,57550,58091,58632,59173,59714,60255,60796,61337,61878,62419,62960,63501,64042,64583,65124,65665,66206,66747,67288,67829,68370,68911,69452,69993,70534,71075,71616,72157,72698,73239,73780,74321,74862,75403,75944,76485,77026,77567,78108,78649,79190,79731,80272,80813,81354,81895,82436,82977,83518,84059,84600,85141,85682,86223,86764,87305,87846,88387,88928,89469,90010,90551,91092,91633,92174,92715,93256,93797,94338,94879,95420,95961,96502,97043,97584,98125,98666,99207,99748,100289,100830,101371,101912,102453,102994,103535,104076,104617,105158,105699,106240,106781,107322,107863,108404,108945,109486,110027,110568,111109,111650,112191,112732,113273,113814,114355,114896,115437,115978,116519,117060,117601,118142,118683,119224,119765,120306,120847,121388,121929,122470,123011,123552,124093,124634,125175,125716,126257,126798,127339,127880,128421,128962,129503,130044,130585,131126,131667,132208,132749,133290,133831,134372,134913,135454,135995,136536,137077,137618,138159,138700,139241,139782,140323,140864,141405,141946,142487,143028,143569,144110,144651,145192,145733,146274,-145866,-145325,-144784,-144243,-143702,-143161,-142620,-142079,-141538,-140997,-140456,-139915,-139374,-138833,-138292,-137751,-137210,-136669,-136128,-135587,-135046,-134505,-133964,-133423,-132882,-132341,-131800,-131259,-130718,-130177,-129636,-129095,-128554,-128013,-127472,-126931,-126390,-125849,-125308,-124767,-124226,-123685,-123144,-122603,-122062,-121521,-120980,-120439,-119898,-119357,-118816,-118275,-117734,-117193,-116652,-116111,-115570,-115029,-114488,-113947,-113406,-112865,-112324,-111783,-111242,-110701,-110364,-110160,-109619,-109078,-108537,-107996,-107455,-106914,-106373,-105832,-105291,-104750,-104209,-103668,-103127,-102586,-102045,-101504,-100963,-100422,-99881,-99340,-98799,-98258,-97717,-97176,-96635,-96094,-95553,-95012,-94471,-93930,-93389,-92848,-92307,-91766,-91225,-90684,-90143,-89602,-89061,-88520,-87979,-87438,-86897,-86356,-85815,-85274,-84733,-84192,-83651,-83110,-82569,-82028,-81487,-80946,-80405,-79864,-79323,-78782,-78241,-77700,-77159,-76618,-76077,-75536,-74995,-74454,-73913,-73372,-72831,-72290,-71749,-71208,-70667,-70126,-69585,-69044,-68503,-67962,-67421,-66880,-66339,-65798,-65257,-64716,-64175,-63634,-63093,-62552,-62011,-61470,-60929,-60388,-59847,-59306,-58765,-58224,-57683,-57142,-56601,-56060,-55519,-54978,-54437,-53896,-53355,-52814,-52273,-51732,-51191,-50650,-50109,-49568,-49027,-48486,-47945,-47404,-46863,-46322,-45781,-45240,-44699,-44158,-43617,-43076,-42535,-41994,-41453,-40912,-40371,-39830,-39289,-38748,-38207,-37666,-37125,-36584,-36043,-35502,-34961,-34420,-33879,-33338,-32797,-32256,-31715,-31174,-30633,-30092,-29551,-29010,-28469,-27928,-27387,-26846,-26305,-25764,-25223,-24682,-24141,-23600,-23059,-22518,-21977,-21436,-20895,-20354,-19813,-19272,-18731,-18190,-17649,-17108,-16567,-16026,-15485,-14944,-14403,-13862,-13321,-12780,-12239,-11698,-11157,-10616,-10075,-9534,-8993,-8452,-7911,-7370,-6829,-6288,-5747,-5206,-4665,-4124,-3583,-3042,-2501,-1960,-1419,-878,-337
205,746,1287,1828,2369,2910,3451,3992,4533,5074,5615,6156,6697,7238,7779,8320,8861,9402,9943,10484,11025,11566,12107,12648,13189,13730,14271,14812,15353,15894,16435,16976,17517,18058,18599,19140,19681,20222,20763,21304,21845,22386,22927,23468,24009,24550,25091,25632,26173,26714,27255,27796,28337,28878,29419,29960,30501,31042,31583,32124,32665,33206,33747,34288,34829,35370,35911,36452,36993,37534,38075,38616,39157,39698,40239,40780,41321,41862,42403,42944,43485,44026,44567,45108,45649,46190,46731,47272,47813,48354,48895,49436,49977,50518,51059,51600,52141,52682,53223,53764,54305,54846,55387,55928,56469,57010,57551,58092,58633,59174,59715,60256,60797,61338,61879,62420,62961,63502,64043,64584,65125,65666,66207,66748,67289,67830,68371,68912,69453,69994,70535,71076,71617,72158,72699,73240,73781,74322,74863,75404,75945,76486,77027,77568,78109,78650,79191,79732,80273,80814,81355,81896,82437,82978,83519,84060,84601,85142,85683,86224,86765,87306,87847,88388,88929,89470,90011,90552,91093,91634,92175,92716,93257,93798,94339,94880,95421,95962,96503,97044,97585,98126,98667,99208,99749,100290,100831,101372,101913,102454,102995,103536,104077,104618,105159,105700,106241,106782,107323,107864,108405,108946,109487,110028,110569,111110,111651,112192,112733,113274,113815,114356,114897,115438,115979,116520,117061,117602,118143,118684,119225,119766,120307,120848,121389,121930,122471,123012,123553,124094,124635,125176,125717,126258,126799,127340,127881,128422,128963,129504,130045,130586,131127,131668,132209,132750,133291,133832,134373,134914,135455,135996,136537,137078,137619,138160,138701,139242,139783,140324,140865,141406,141947,142488,143029,143570,144111,144652,145193,145734,146275,-145865,-145324,-144783,-144242,-143701,-143160,-142619,-142078,-141537,-140996,-140455,-139914,-139373,-138832,-138291,-137750,-137209,-136668,-136127,-135586,-135045,-134504,-133963,-133422,-132881,-132340,-131799,-131258,-130717,-130176,-129635,-129094,-128553,-128012,-127471,-126930,-126389,-125848,-125307,-124766,-124225,-123684,-123143,-122602,-122061,-121520,-120979,-120438,-119897,-119356,-118815,-118274,-117733,-117192,-116651,-116110,-115569,-115028,-114487,-113946,-113405,-112864,-112323,-111782,-111241,-110905,-110700,-110159,-109618,-109077,-108536,-107995,-107454,-106913,-106372,-105831,-105290,-104749,-104208,-103667,-103126,-102585,-102044,-101503,-100962,-100421,-99880,-99339,-98798,-98257,-97716,-97175,-96634,-96093,-95552,-95011,-94470,-93929,-93388,-92847,-92306,-91765,-91224,-90683,-90142,-89601,-89060,-88519,-87978,-87437,-86896,-86355,-85814,-85273,-84732,-84191,-83650,-83109,-82568,-82027,-81486,-80945,-80404,-79863,-79322,-78781,-78240,-77699,-77158,-76617,-76076,-75535,-74994,-74453,-73912,-73371,-72830,-72289,-71748,-71207,-70666,-70125,-69584,-69043,-68502,-67961,-67420,-66879,-66338,-65797,-65256,-64715,-64174,-63633,-63092,-62551,-62010,-61469,-60928,-60387,-59846,-59305,-58764,-58223,-57682,-57141,-56600,-56059,-55518,-54977,-54436,-53895,-53354,-52813,-52272,-51731,-51190,-50649,-50108,-49567,-49026,-48485,-47944,-47403,-46862,-46321,-45780,-45239,-44698,-44157,-43616,-43075,-42534,-41993,-41452,-40911,-40370,-39829,-39288,-38747,-38206,-37665,-37124,-36583,-36042,-35501,-34960,-34419,-33878,-33337,-32796,-32255,-31714,-31173,-30632,-30091,-29550,-29009,-28468,-27927,-27386,-26845,-26304,-25763,-25222,-24681,-24140,-23599,-23058,-22517,-21976,-21435,-20894,-20353,-19812,-19271,-18730,-18189,-17648,-17107,-16566,-16025,-15484,-14943,-14402,-13861,-13320,-12779,-12238,-11697,-11156,-10615,-10074,-9533,-8992,-8451,-7910,-7369,-6828,-6287,-5746,-5205,-4664,-4123,-3582,-3041,-2500,-1959,-1418,-877,-336
206,747,1288,1829,2370,2911,3452,3993,4534,5075,5616,6157,6698,7239,7780,8321,8862,9403,9944,10485,11026,11567,12108,12649,13190,13731,14272,14813,15354,15895,16436,16977,17518,18059,18600,19141,19682,20223,20764,21305,21846,22387,22928,23469,24010,24551,25092,25633,26174,26715,27256,27797,28338,28879,29420,29961,30502,31043,31584,32125,32666,33207,33748,34289,34830,35371,35912,36453,36994,37535,38076,38617,39158,39699,40240,40781,41322,41863,42404,42945,43486,44027,44568,45109,45650,46191,46732,47273,47814,48355,48896,49437,49978,50519,51060,51601,52142,52683,53224,53765,54306,54847,55388,55929,56470,57011,57552,58093,58634,59175,59716,60257,60798,61339,61880,62421,62962,63503,64044,64585,65126,65667,66208,66749,67290,67831,68372,68913,69454,69995,70536,71077,71618,72159,72700,73241,73782,74323,74864,75405,75946,76487,77028,77569,78110,78651,79192,79733,80274,80815,81356,81897,82438,82979,83520,84061,84602,85143,85684,86225,86766,87307,87848,88389,88930,89471,90012,90553,91094,91635,92176,92717,93258,93799,94340,94881,95422,95963,96504,97045,97586,98127,98668,99209,99750,100291,100832,101373,101914,102455,102996,103537,104078,104619,105160,105701,106242,106783,107324,107865,108406,108947,109488,110029,110570,111111,111652,112193,112734,113275,113816,114357,114898,115439,115980,116521,117062,117603,118144,118685,119226,119767,120308,120849,121390,121931,122472,123013,123554,124095,124636,125177,125718,126259,126800,127341,127882,128423,128964,129505,130046,130587,131128,131669,132210,132751,133292,133833,134374,134915,135456,135997,136538,137079,137620,138161,138702,139243,139784,140325,140866,141407,141948,142489,143030,143571,144112,144653,145194,145735,146276,-145864,-145323,-144782,-144241,-143700,-143159,-142618,-142077,-141536,-140995,-140454,-139913,-139372,-138831,-138290,-137749,-137208,-136667,-136126,-135585,-135044,-134503,-133962,-133421,-132880,-132339,-131798,-131257,-130716,-130175,-129634,-129093,-128552,-128011,-127470,-126929,-126388,-125847,-125306,-124765,-124224,-123683,-123142,-122601,-122060,-121519,-120978,-120437,-119896,-119355,-118814,-118273,-117732,-117191,-116650,-116109,-115568,-115027,-114486,-113945,-113404,-112863,-112322,-111781,-111446,-111240,-110699,-110158,-109617,-109076,-108535,-107994,-107453,-106912,-106371,-105830,-105289,-104748,-104207,-103666,-103125,-102584,-102043,-101502,-100961,-100420,-99879,-99338,-98797,-98256,-97715,-97174,-96633,-96092,-95551,-95010,-94469,-93928,-93387,-92846,-92305,-91764,-91223,-90682,-90141,-89600,-89059,-88518,-87977,-87436,-86895,-86354,-85813,-85272,-84731,-84190,-83649,-83108,-82567,-82026,-81485,-80944,-80403,-79862,-79321,-78780,-78239,-77698,-77157,-76616,-76075,-75534,-74993,-74452,-73911,-73370,-72829,-72288,-71747,-71206,-70665,-70124,-69583,-69042,-68501,-67960,-67419,-66878,-66337,-65796,-65255,-64714,-64173,-63632,-63091,-62550,-62009,-61468,-60927,-60386,-59845,-59304,-58763,-58222,-57681,-57140,-56599,-56058,-55517,-54976,-54435,-53894,-53353,-52812,-52271,-51730,-51189,-50648,-50107,-49566,-49025,-48484,-47943,-47402,-46861,-46320,-45779,-45238,-44697,-44156,-43615,-43074,-42533,-41992,-41451,-40910,-40369,-39828,-39287,-38746,-38205,-37664,-37123,-36582,-36041,-35500,-34959,-34418,-33877,-33336,-32795,-32254,-31713,-31172,-30631,-30090,-29549,-29008,-28467,-27926,-27385,-26844,-26303,-25762,-25221,-24680,-24139,-23598,-23057,-22516,-21975,-21434,-20893,-20352,-19811,-19270,-18729,-18188,-17647,-17106,-16565,-16024,-15483,-14942,-14401,-13860,-13319,-12778,-12237,-11696,-11155,-10614,-10073,-9532,-8991,-8450,-7909,-7368,-6827,-6286,-5745,-5204,-4663,-4122,-3581,-3040,-2499,-1958,-1417,-876,-335
207,748,1289,1830,2371,2912,3453,3994,4535,5076,5617,6158,6699,7240,7781,8322,8863,9404,9945,10486,11027,11568,12109,12650,13191,13732,14273,14814,15355,15896,16437,16978,17519,18060,18601,19142,19683,20224,20765,21306,21847,22388,22929,23470,24011,24552,25093,25634,26175,26716,27257,27798,28339,28880,29421,29962,30503,31044,31585,32126,32667,33208,33749,34290,34831,35372,35913,36454,36995,37536,38077,38618,39159,39700,40241,40782,41323,41864,42405,42946,43487,44028,44569,45110,45651,46192,46733,47274,47815,48356,48897,49438,49979,50520,51061,51602,52143,52684,53225,53766,54307,54848,55389,55930,56471,57012,57553,58094,58635,59176,59717,60258,60799,61340,61881,62422,62963,63504,64045,64586,65127,65668,66209,66750,67291,67832,68373,68914,69455,69996,70537,71078,71619,72160,72701,73242,73783,74324,74865,75406,75947,76488,77029,77570,78111,78652,79193,79734,80275,80816,81357,81898,82439,82980,83521,84062,84603,85144,85685,86226,86767,87308,87849,88390,88931,89472,90013,90554,91095,91636,92177,92718,93259,93800,94341,94882,95423,95964,96505,97046,97587,98128,98669,99210,99751,100292,100833,101374,101915,102456,102997,103538,104079,104620,105161,105702,106243,106784,107325,107866,108407,108948,109489,110030,110571,111112,111653,112194,112735,113276,113817,114358,114899,115440,115981,116522,117063,117604,118145,118686,119227,119768,120309,120850,121391,121932,122473,123014,123555,124096,124637,125178,125719,126260,126801,127342,127883,128424,128965,129506,130047,130588,131129,131670,132211,132752,133293,133834,134375,134916,135457,135998,136539,137080,137621,138162,138703,139244,139785,140326,140867,141408,141949,142490,143031,143572,144113,144654,145195,145736,146277,-145863,-145322,-144781,-144240,-143699,-143158,-142617,-142076,-141535,-140994,-140453,-139912,-139371,-138830,-138289,-137748,-137207,-136666,-136125,-135584,-135043,-134502,-133961,-133420,-132879,-132338,-131797,-131256,-130715,-130174,-129633,-129092,-128551,-128010,-127469,-126928,-126387,-125846,-125305,-124764,-124223,-123682,-123141,-122600,-122059,-121518,-120977,-120436,-119895,-119354,-118813,-118272,-117731,-117190,-116649,-116108,-115567,-115026,-114485,-113944,-113403,-112862,-112321,-111987,-111780,-111239,-110698,-110157,-109616,-109075,-108534,-107993,-107452,-106911,-106370,-105829,-105288,-104747,-104206,-103665,-103124,-102583,-102042,-101501,-100960,-100419,-99878,-99337,-98796,-98255,-97714,-97173,-96632,-96091,-95550,-95009,-94468,-93927,-93386,-92845,-92304,-91763,-91222,-90681,-90140,-89599,-89058,-88517,-87976,-87435,-86894,-86353,-85812,-85271,-84730,-84189,-83648,-83107,-82566,-82025,-81484,-80943,-80402,-79861,-79320,-78779,-78238,-77697,-77156,-76615,-76074,-75533,-74992,-74451,-73910,-73369,-72828,-72287,-71746,-71205,-70664,-70123,-69582,-69041,-68500,-67959,-67418,-66877,-66336,-65795,-65254,-64713,-64172,-63631,-63090,-62549,-62008,-61467,-60926,-60385,-59844,-59303,-58762,-58221,-57680,-57139,-56598,-56057,-55516,-54975,-54434,-53893,-53352,-52811,-52270,-51729,-51188,-50647,-50106,-49565,-49024,-48483,-47942,-47401,-46860,-46319,-45778,-45237,-44696,-44155,-43614,-43073,-42532,-41991,-41450,-40909,-40368,-39827,-39286,-38745,-38204,-37663,-37122,-36581,-36040,-35499,-34958,-34417,-33876,-33335,-32794,-32253,-31712,-31171,-30630,-30089,-29548,-29007,-28466,-27925,-27384,-26843,-26302,-25761,-25220,-24679,-24138,-23597,-23056,-22515,-21974,-21433,-20892,-20351,-19810,-19269,-18728,-18187,-17646,-17105,-16564,-16023,-15482,-14941,-14400,-13859,-13318,-12777,-12236,-11695,-11154,-10613,-10072,-9531,-8990,-8449,-7908,-7367,-6826,-6285,-5744,-5203,-4662,-4121,-3580,-3039,-2498,-1957,-1416,-875,-334
208,749,1290,1831,2372,2913,3454,3995,4536,5077,5618,6159,6700,7241,7782,8323,8864,9405,9946,10487,11028,11569,12110,12651,13192,13733,14274,14815,15356,15897,16438,16979,17520,18061,18602,19143,19684,20225,20766,21307,21848,22389,22930,23471,24012,24553,25094,25635,26176,26717,27258,27799,28340,28881,29422,29963,30504,31045,31586,32127,32668,33209,33750,34291,34832,35373,35914,36455,36996,37537,38078,38619,39160,39701,40242,40783,41324,41865,42406,42947,43488,44029,44570,45111,45652,46193,46734,47275,47816,48357,48898,49439,49980,50521,51062,51603,52144,52685,53226,53767,54308,54849,55390,55931,56472,57013,57554,58095,58636,59177,59718,60259,60800,61341,61882,62423,62964,63505,64046,64587,65128,65669,66210,66751,67292,67833,68374,68915,69456,69997,70538,71079,71620,72161,72702,73243,73784,74325,74866,75407,75948,76489,77030,77571,78112,78653,79194,79735,80276,80817,81358,81899,82440,82981,83522,84063,84604,85145,85686,86227,86768,87309,87850,88391,88932,89473,90014,90555,91096,91637,92178,92719,93260,93801,94342,94883,95424,95965,96506,97047,97588,98129,98670,99211,99752,100293,100834,101375,101916,102457,102998,103539,104080,104621,105162,105703,106244,106785,107326,107867,108408,108949,109490,110031,110572,111113,111654,112195,112736,113277,113818,114359,114900,115441,115982,116523,117064,117605,118146,118687,119228,119769,120310,120851,121392,121933,122474,123015,123556,124097,124638,125179,125720,126261,126802,127343,127884,128425,128966,129507,130048,130589,131130,131671,132212,132753,133294,133835,134376,134917,135458,135999,136540,137081,137622,138163,138704,139245,139786,140327,140868,141409,141950,142491,143032,143573,144114,144655,145196,145737,146278,-145862,-145321,-144780,-144239,-143698,-143157,-142616,-142075,-141534,-140993,-140452,-139911,-139370,-138829,-138288,-137747,-137206,-136665,-136124,-135583,-135042,-134501,-133960,-133419,-132878,-132337,-131796,-131255,-130714,-130173,-129632,-129091,-128550,-128009,-127468,-126927,-126386,-125845,-125304,-124763,-124222,-123681,-123140,-122599,-122058,-121517,-120976,-120435,-119894,-119353,-118812,-118271,-117730,-117189,-116648,-116107,-115566,-115025,-114484,-113943,-113402,-112861,-112528,-112320,-111779,-111238,-110697,-110156,-109615,-109074,-108533,-107992,-107451,-106910,-106369,-105828,-105287,-104746,-104205,-103664,-103123,-102582,-102041,-101500,-100959,-100418,-99877,-99336,-98795,-98254,-97713,-97172,-96631,-96090,-95549,-95008,-94467,-93926,-93385,-92844,-92303,-91762,-91221,-90680,-90139,-89598,-89057,-88516,-87975,-87434,-86893,-86352,-85811,-85270,-84729,-84188,-83647,-83106,-82565,-82024,-81483,-80942,-80401,-79860,-79319,-78778,-78237,-77696,-77155,-76614,-76073,-75532,-74991,-74450,-73909,-73368,-72827,-72286,-71745,-71204,-70663,-70122,-69581,-69040,-68499,-67958,-67417,-66876,-66335,-65794,-65253,-64712,-64171,-63630,-63089,-62548,-62007,-61466,-60925,-60384,-59843,-59302,-58761,-58220,-57679,-57138,-56597,-56056,-55515,-54974,-54433,-53892,-53351,-52810,-52269,-51728,-51187,-50646,-50105,-49564,-49023,-48482,-47941,-47400,-46859,-46318,-45777,-45236,-44695,-44154,-43613,-43072,-42531,-41990,-41449,-40908,-40367,-39826,-39285,-38744,-38203,-37662,-37121,-36580,-36039,-35498,-34957,-34416,-33875,-33334,-32793,-32252,-31711,-31170,-30629,-30088,-29547,-29006,-28465,-27924,-27383,-26842,-26301,-25760,-25219,-24678,-24137,-23596,-23055,-22514,-21973,-21432,-20891,-20350,-19809,-19268,-18727,-18186,-17645,-17104,-16563,-16022,-15481,-14940,-14399,-13858,-13317,-12776,-12235,-11694,-11153,-10612,-10071,-9530,-8989,-8448,-7907,-7366,-6825,-6284,-5743,-5202,-4661,-4120,-3579,-3038,-2497,-1956,-1415,-874,-333
209,750,1291,1832,2373,2914,3455,3996,4537,5078,5619,6160,6701,7242,7783,8324,8865,9406,9947,10488,11029,11570,12111,12652,13193,13734,14275,14816,15357,15898,16439,16980,17521,18062,18603,19144,19685,20226,20767,21308,21849,22390,22931,23472,24013,24554,25095,25636,26177,26718,27259,27800,28341,28882,29423,29964,30505,31046,31587,32128,32669,33210,33751,34292,34833,35374,35915,36456,36997,37538,38079,38620,39161,39702,40243,40784,41325,41866,42407,42948,43489,44030,44571,45112,45653,46194,46735,47276,47817,48358,48899,49440,49981,50522,51063,51604,52145,52686,53227,53768,54309,54850,55391,55932,56473,57014,57555,58096,58637,59178,59719,60260,60801,61342,61883,62424,62965,63506,64047,64588,65129,65670,66211,66752,67293,67834,68375,68916,69457,69998,70539,71080,71621,72162,72703,73244,73785,74326,74867,75408,75949,76490,77031,77572,78113,78654,79195,79736,80277,80818,81359,81900,82441,82982,83523,84064,84605,85146,85687,86228,86769,87310,87851,88392,88933,89474,90015,90556,91097,91638,92179,92720,93261,93802,94343,94884,95425,95966,96507,97048,97589,98130,98671,99212,99753,100294,100835,101376,101917,102458,102999,103540,104081,104622,105163,105704,106245,106786,107327,107868,108409,108950,109491,110032,110573,111114,111655,112196,112737,113278,113819,114360,114901,115442,115983,116524,117065,117606,118147,118688,119229,119770,120311,120852,121393,121934,122475,123016,123557,124098,124639,125180,125721,126262,126803,127344,127885,128426,128967,129508,130049,130590,131131,131672,132213,132754,133295,133836,134377,134918,135459,136000,136541,137082,137623,138164,138705,139246,139787,140328,140869,141410,141951,142492,143033,143574,144115,144656,145197,145738,146279,-145861,-145320,-144779,-144238,-143697,-143156,-142615,-142074,-141533,-140992,-140451,-139910,-139369,-138828,-138287,-137746,-137205,-136664,-136123,-135582,-135041,-134500,-133959,-133418,-132877,-132336,-131795,-131254,-130713,-130172,-129631,-129090,-128549,-128008,-127467,-126926,-126385,-125844,-125303,-124762,-124221,-123680,-123139,-122598,-122057,-121516,-120975,-120434,-119893,-119352,-118811,-118270,-117729,-117188,-116647,-116106,-115565,-115024,-114483,-113942,-113401,-113069,-112860,-112319,-111778,-111237,-110696,-110155,-109614,-109073,-108532,-107991,-107450,-106909,-106368,-105827,-105286,-104745,-104204,-103663,-103122,-102581,-102040,-101499,-100958,-100417,-99876,-99335,-98794,-98253,-97712,-97171,-96630,-96089,-95548,-95007,-94466,-93925,-93384,-92843,-92302,-91761,-91220,-90679,-90138,-89597,-89056,-88515,-87974,-87433,-86892,-86351,-85810,-85269,-84728,-84187,-83646,-83105,-82564,-82023,-81482,-80941,-80400,-79859,-79318,-78777,-78236,-77695,-77154,-76613,-76072,-75531,-74990,-74449,-73908,-73367,-72826,-72285,-71744,-71203,-70662,-70121,-69580,-69039,-68498,-67957,-67416,-66875,-66334,-65793,-65252,-64711,-64170,-63629,-63088,-62547,-62006,-61465,-60924,-60383,-59842,-59301,-58760,-58219,-57678,-57137,-56596,-56055,-55514,-54973,-54432,-53891,-53350,-52809,-52268,-51727,-51186,-50645,-50104,-49563,-49022,-48481,-47940,-47399,-46858,-46317,-45776,-45235,-44694,-44153,-43612,-43071,-42530,-41989,-41448,-40907,-40366,-39825,-39284,-38743,-38202,-37661,-37120,-36579,-36038,-35497,-34956,-34415,-33874,-33333,-32792,-32251,-31710,-31169,-30628,-30087,-29546,-29005,-28464,-27923,-27382,-26841,-26300,-25759,-25218,-24677,-24136,-23595,-23054,-22513,-21972,-21431,-20890,-20349,-19808,-19267,-18726,-18185,-17644,-17103,-16562,-16021,-15480,-14939,-14398,-13857,-13316,-12775,-12234,-11693,-11152,-10611,-10070,-9529,-8988,-8447,-7906,-7365,-6824,-6283,-5742,-5201,-4660,-4119,-3578,-3037,-2496,-1955,-1414,-873,-332
210,751,1292,1833,2374,2915,3456,3997,4538,5079,5620,6161,6702,7243,7784,8325,8866,9407,9948,10489,11030,11571,12112,12653,13194,13735,14276,14817,15358,15899,16440,16981,17522,18063,18604,19145,19686,20227,20768,21309,21850,22391,22932,23473,24014,24555,25096,25637,26178,26719,27260,27801,28342,28883,29424,29965,30506,31047,31588,32129,32670,33211,33752,34293,34834,35375,35916,36457,36998,37539,38080,38621,39162,39703,40244,40785,41326,41867,42408,42949,43490,44031,44572,45113,45654,46195,46736,47277,47818,48359,48900,49441,49982,50523,51064,51605,52146,52687,53228,53769,54310,54851,55392,55933,56474,57015,57556,58097,58638,59179,59720,60261,60802,61343,61884,62425,62966,63507,64048,64589,65130,65671,66212,66753,67294,67835,68376,68917,69458,69999,70540,71081,71622,72163,72704,73245,73786,74327,74868,75409,75950,76491,77032,77573,78114,78655,79196,79737,80278,80819,81360,81901,82442,82983,83524,84065,84606,85147,85688,86229,86770,87311,87852,88393,88934,89475,90016,90557,91098,91639,92180,92721,93262,93803,94344,94885,95426,95967,96508,97049,97590,98131,98672,99213,99754,100295,100836,101377,101918,102459,103000,103541,104082,104623,105164,105705,106246,106787,107328,107869,108410,108951,109492,110033,110574,111115,111656,112197,112738,113279,113820,114361,114902,115443,115984,116525,117066,117607,118148,118689,119230,119771,120312,120853,121394,121935,122476,123017,123558,124099,124640,125181,125722,126263,126804,127345,127886,128427,128968,129509,130050,130591,131132,131673,132214,132755,133296,133837,134378,134919,135460,136001,136542,137083,137624,138165,138706,139247,139788,140329,140870,141411,141952,142493,143034,143575,144116,144657,145198,145739,146280,-145860,-145319,-144778,-144237,-143696,-143155,-142614,-142073,-141532,-140991,-140450,-139909,-139368,-138827,-138286,-137745,-137204,-136663,-136122,-135581,-135040,-134499,-133958,-133417,-132876,-132335,-131794,-131253,-130712,-130171,-129630,-129089,-128548,-128007,-127466,-126925,-126384,-125843,-125302,-124761,-124220,-123679,-123138,-122597,-122056,-121515,-120974,-120433,-119892,-119351,-118810,-118269,-117728,-117187,-116646,-116105,-115564,-115023,-114482,-113941,-113610,-113400,-112859,-112318,-111777,-111236,-110695,-110154,-109613,-109072,-108531,-107990,-107449,-106908,-106367,-105826,-105285,-104744,-104203,-103662,-103121,-102580,-102039,-101498,-100957,-100416,-99875,-99334,-98793,-98252,-97711,-97170,-96629,-96088,-95547,-95006,-94465,-93924,-93383,-92842,-92301,-91760,-91219,-90678,-90137,-89596,-89055,-88514,-87973,-87432,-86891,-86350,-85809,-85268,-84727,-84186,-83645,-83104,-82563,-82022,-81481,-80940,-80399,-79858,-79317,-78776,-78235,-77694,-77153,-76612,-76071,-75530,-74989,-74448,-73907,-73366,-72825,-72284,-71743,-71202,-70661,-70120,-69579,-69038,-68497,-67956,-67415,-66874,-66333,-65792,-65251,-64710,-64169,-63628,-63087,-62546,-62005,-61464,-60923,-60382,-59841,-59300,-58759,-58218,-57677,-57136,-56595,-56054,-55513,-54972,-54431,-53890,-53349,-52808,-52267,-51726,-51185,-50644,-50103,-49562,-49021,-48480,-47939,-47398,-46857,-46316,-45775,-45234,-44693,-44152,-43611,-43070,-42529,-41988,-41447,-40906,-40365,-39824,-39283,-38742,-38201,-37660,-37119,-36578,-36037,-35496,-34955,-34414,-33873,-33332,-32791,-32250,-31709,-31168,-30627,-30086,-29545,-29004,-28463,-27922,-27381,-26840,-26299,-25758,-25217,-24676,-24135,-23594,-23053,-22512,-21971,-21430,-20889,-20348,-19807,-19266,-18725,-18184,-17643,-17102,-16561,-16020,-15479,-14938,-14397,-13856,-13315,-12774,-12233,-11692,-11151,-10610,-10069,-9528,-8987,-8446,-7905,-7364,-6823,-6282,-5741,-5200,-4659,-4118,-3577,-3036,-2495,-1954,-1413,-872,-331
211,752,1293,1834,2375,2916,3457,3998,4539,5080,5621,6162,6703,7244,7785,8326,8867,9408,9949,10490,11031,11572,12113,12654,13195,13736,14277,14818,15359,15900,16441,16982,17523,18064,18605,19146,19687,20228,20769,21310,21851,22392,22933,23474,24015,24556,25097,25638,26179,26720,27261,27802,28343,28884,29425,29966,30507,31048,31589,32130,32671,33212,33753,34294,34835,35376,35917,36458,36999,37540,38081,38622,39163,39704,40245,40786,41327,41868,42409,42950,43491,44032,44573,45114,45655,46196,46737,47278,47819,48360,48901,49442,49983,50524,51065,51606,52147,52688,53229,53770,54311,54852,55393,55934,56475,57016,57557,58098,58639,59180,59721,60262,60803,61344,61885,62426,62967,63508,64049,64590,65131,65672,66213,66754,67295,67836,68377,68918,69459,70000,70541,71082,71623,72164,72705,73246,73787,74328,74869,75410,75951,76492,77033,77574,78115,78656,79197,79738,80279,80820,81361,81902,82443,82984,83525,84066,84607,85148,85689,86230,86771,87312,87853,88394,88935,89476,90017,90558,91099,91640,92181,92722,93263,93804,94345,94886,95427,95968,96509,97050,97591,98132,98673,99214,99755,100296,100837,101378,101919,102460,103001,103542,104083,104624,105165,105706,106247,106788,107329,107870,108411,108952,109493,110034,110575,111116,111657,112198,112739,113280,113821,114362,114903,115444,115985,116526,117067,117608,118149,118690,119231,119772,120313,120854,121395,121936,122477,123018,123559,124100,124641,125182,125723,126264,126805,127346,127887,128428,128969,129510,130051,130592,131133,131674,132215,132756,133297,133838,134379,134920,135461,136002,136543,137084,137625,138166,138707,139248,139789,140330,140871,141412,141953,142494,143035,143576,144117,144658,145199,145740,146281,-145859,-145318,-144777,-144236,-143695,-143154,-142613,-142072,-141531,-140990,-140449,-139908,-139367,-138826,-138285,-137744,-137203,-136662,-136121,-135580,-135039,-134498,-133957,-133416,-132875,-132334,-131793,-131252,-130711,-130170,-129629,-129088,-128547,-128006,-127465,-126924,-126383,-125842,-125301,-124760,-124219,-123678,-123137,-122596,-122055,-121514,-120973,-120432,-119891,-119350,-118809,-118268,-117727,-117186,-116645,-116104,-115563,-115022,-114481,-114151,-113940,-113399,-112858,-112317,-111776,-111235,-110694,-110153,-109612,-109071,-108530,-107989,-107448,-106907,-106366,-105825,-105284,-104743,-104202,-103661,-103120,-102579,-102038,-101497,-100956,-100415,-99874,-99333,-98792,-98251,-97710,-97169,-96628,-96087,-95546,-95005,-94464,-93923,-93382,-92841,-92300,-91759,-91218,-90677,-90136,-89595,-89054,-88513,-87972,-87431,-86890,-86349,-85808,-85267,-84726,-84185,-83644,-83103,-82562,-82021,-81480,-80939,-80398,-79857,-79316,-78775,-78234,-77693,-77152,-76611,-76070,-75529,-74988,-74447,-73906,-73365,-72824,-72283,-71742,-71201,-70660,-70119,-69578,-69037,-68496,-67955,-67414,-66873,-66332,-65791,-65250,-64709,-64168,-63627,-63086,-62545,-62004,-61463,-60922,-60381,-59840,-59299,-58758,-58217,-57676,-57135,-56594,-56053,-55512,-54971,-54430,-53889,-53348,-52807,-52266,-51725,-51184,-50643,-50102,-49561,-49020,-48479,-47938,-47397,-46856,-46315,-45774,-45233,-44692,-44151,-43610,-43069,-42528,-41987,-41446,-40905,-40364,-39823,-39282,-38741,-38200,-37659,-37118,-36577,-36036,-35495,-34954,-34413,-33872,-33331,-32790,-32249,-31708,-31167,-30626,-30085,-29544,-29003,-28462,-27921,-27380,-26839,-26298,-25757,-25216,-24675,-24134,-23593,-23052,-22511,-21970,-21429,-20888,-20347,-19806,-19265,-18724,-18183,-17642,-17101,-16560,-16019,-15478,-14937,-14396,-13855,-13314,-12773,-12232,-11691,-11150,-10609,-10068,-9527,-8986,-8445,-7904,-7363,-6822,-6281,-5740,-5199,-4658,-4117,-3576,-3035,-2494,-1953,-1412,-871,-330
212,753,1294,1835,2376,2917,3458,3999,4540,5081,5622,6163,6704,7245,7786,8327,8868,9409,9950,10491,11032,11573,12114,12655,13196,13737,14278,14819,15360,15901,16442,16983,17524,18065,18606,19147,19688,20229,20770,21311,21852,22393,22934,23475,24016,24557,25098,25639,26180,26721,27262,27803,28344,28885,29426,29967,30508,31049,31590,32131,32672,33213,33754,34295,34836,35377,35918,36459,37000,37541,38082,38623,39164,39705,40246,40787,41328,41869,42410,42951,43492,44033,44574,45115,45656,46197,46738,47279,47820,48361,48902,49443,49984,50525,51066,51607,52148,52689,53230,53771,54312,54853,55394,55935,56476,57017,57558,58099,58640,59181,59722,60263,60804,61345,61886,62427,62968,63509,64050,64591,65132,65673,66214,66755,67296,67837,68378,68919,69460,70001,70542,71083,71624,72165,72706,73247,73788,74329,74870,75411,75952,76493,77034,77575,78116,78657,79198,79739,80280,80821,81362,81903,82444,82985,83526,84067,84608,85149,85690,86231,86772,87313,87854,88395,88936,89477,90018,90559,91100,91641,92182,92723,93264,93805,94346,94887,95428,95969,96510,97051,97592,98133,98674,99215,99756,100297,100838,101379,101920,102461,103002,103543,104084,104625,105166,105707,106248,106789,107330,107871,108412,108953,109494,110035,110576,111117,111658,112199,112740,113281,113822,114363,114904,115445,115986,116527,117068,117609,118150,118691,119232,119773,120314,120855,121396,121937,122478,123019,123560,124101,124642,125183,125724,126265,126806,127347,127888,128429,128970,129511,130052,130593,131134,131675,132216,132757,133298,133839,134380,134921,135462,136003,136544,137085,137626,138167,138708,139249,139790,140331,140872,141413,141954,142495,143036,143577,144118,144659,145200,145741,146282,-145858,-145317,-144776,-144235,-143694,-143153,-142612,-142071,-141530,-140989,-140448,-139907,-139366,-138825,-138284,-137743,-137202,-136661,-136120,-135579,-135038,-134497,-133956,-133415,-132874,-132333,-131792,-131251,-130710,-130169,-129628,-129087,-128546,-128005,-127464,-126923,-126382,-125841,-125300,-124759,-124218,-123677,-123136,-122595,-122054,-121513,-120972,-120431,-119890,-119349,-118808,-118267,-117726,-117185,-116644,-116103,-115562,-115021,-114692,-114480,-113939,-113398,-112857,-112316,-111775,-111234,-110693,-110152,-109611,-109070,-108529,-107988,-107447,-106906,-106365,-105824,-105283,-104742,-104201,-103660,-103119,-102578,-102037,-101496,-100955,-100414,-99873,-99332,-98791,-98250,-97709,-97168,-96627,-96086,-95545,-95004,-94463,-93922,-93381,-92840,-92299,-91758,-91217,-90676,-90135,-89594,-89053,-88512,-87971,-87430,-86889,-86348,-85807,-85266,-84725,-84184,-83643,-83102,-82561,-82020,-81479,-80938,-80397,-79856,-79315,-78774,-78233,-77692,-77151,-76610,-76069,-75528,-74987,-74446,-73905,-73364,-72823,-72282,-71741,-71200,-70659,-70118,-69577,-69036,-68495,-67954,-67413,-66872,-66331,-65790,-65249,-64708,-64167,-63626,-63085,-62544,-62003,-61462,-60921,-60380,-59839,-59298,-58757,-58216,-57675,-57134,-56593,-56052,-55511,-54970,-54429,-53888,-53347,-52806,-52265,-51724,-51183,-50642,-50101,-49560,-49019,-48478,-47937,-47396,-46855,-46314,-45773,-45232,-44691,-44150,-43609,-43068,-42527,-41986,-41445,-40904,-40363,-39822,-39281,-38740,-38199,-37658,-37117,-36576,-36035,-35494,-34953,-34412,-33871,-33330,-32789,-32248,-31707,-31166,-30625,-30084,-29543,-29002,-28461,-27920,-27379,-26838,-26297,-25756,-25215,-24674,-24133,-23592,-23051,-22510,-21969,-21428,-20887,-20346,-19805,-19264,-18723,-18182,-17641,-17100,-16559,-16018,-15477,-14936,-14395,-13854,-13313,-12772,-12231,-11690,-11149,-10608,-10067,-9526,-8985,-8444,-7903,-7362,-6821,-6280,-5739,-5198,-4657,-4116,-3575,-3034,-2493,-1952,-1411,-870,-329
213,754,1295,1836,2377,2918,3459,4000,4541,5082,5623,6164,6705,7246,7787,8328,8869,9410,9951,10492,11033,11574,12115,12656,13197,13738,14279,14820,15361,15902,16443,16984,17525,18066,18607,19148,19689,20230,20771,21312,21853,22394,22935,23476,24017,24558,25099,25640,26181,26722,27263,27804,28345,28886,29427,29968,30509,31050,31591,32132,32673,33214,33755,34296,34837,35378,35919,36460,37001,37542,38083,38624,39165,39706,40247,40788,41329,41870,42411,42952,43493,44034,44575,45116,45657,46198,46739,47280,47821,48362,48903,49444,49985,50526,51067,51608,52149,52690,53231,53772,54313,54854,55395,55936,56477,57018,57559,58100,58641,59182,59723,60264,60805,61346,61887,62428,62969,63510,64051,64592,65133,65674,66215,66756,67297,67838,68379,68920,69461,70002,70543,71084,71625,72166,72707,73248,73789,74330,74871,75412,75953,76494,77035,77576,78117,78658,79199,79740,80281,80822,81363,81904,82445,82986,83527,84068,84609,85150,85691,86232,86773,87314,87855,88396,88937,89478,90019,90560,91101,91642,92183,92724,93265,93806,94347,94888,95429,95970,96511,97052,97593,98134,98675,99216,99757,100298,100839,101380,101921,102462,103003,103544,104085,104626,105167,105708,106249,106790,107331,107872,108413,108954,109495,110036,110577,111118,111659,112200,112741,113282,113823,114364,114905,115446,115987,116528,117069,117610,118151,118692,119233,119774,120315,120856,121397,121938,122479,123020,123561,124102,124643,125184,125725,126266,126807,127348,127889,128430,128971,129512,130053,130594,131135,131676,132217,132758,133299,133840,134381,134922,135463,136004,136545,137086,137627,138168,138709,139250,139791,140332,140873,141414,141955,142496,143037,143578,144119,144660,145201,145742,146283,-145857,-145316,-144775,-144234,-143693,-143152,-142611,-142070,-141529,-140988,-140447,-139906,-139365,-138824,-138283,-137742,-137201,-136660,-136119,-135578,-135037,-134496,-133955,-133414,-132873,-132332,-131791,-131250,-130709,-130168,-129627,-129086,-128545,-128004,-127463,-126922,-126381,-125840,-125299,-124758,-124217,-123676,-123135,-122594,-122053,-121512,-120971,-120430,-119889,-119348,-118807,-118266,-117725,-117184,-116643,-116102,-115561,-115233,-115020,-114479,-113938,-113397,-112856,-112315,-111774,-111233,-110692,-110151,-109610,-109069,-108528,-107987,-107446,-106905,-106364,-105823,-105282,-104741,-104200,-103659,-103118,-102577,-102036,-101495,-100954,-100413,-99872,-99331,-98790,-98249,-97708,-97167,-96626,-96085,-95544,-95003,-94462,-93921,-93380,-92839,-92298,-91757,-91216,-90675,-90134,-89593,-89052,-88511,-87970,-87429,-86888,-86347,-85806,-85265,-84724,-84183,-83642,-83101,-82560,-82019,-81478,-80937,-80396,-79855,-79314,-78773,-78232,-77691,-77150,-76609,-76068,-75527,-74986,-74445,-73904,-73363,-72822,-72281,-71740,-71199,-70658,-70117,-69576,-69035,-68494,-67953,-67412,-66871,-66330,-65789,-65248,-64707,-64166,-63625,-63084,-62543,-62002,-61461,-60920,-60379,-59838,-59297,-58756,-58215,-57674,-57133,-56592,-56051,-55510,-54969,-54428,-53887,-53346,-52805,-52264,-51723,-51182,-50641,-50100,-49559,-49018,-48477,-47936,-47395,-46854,-46313,-45772,-45231,-44690,-44149,-43608,-43067,-42526,-41985,-41444,-40903,-40362,-39821,-39280,-38739,-38198,-37657,-37116,-36575,-36034,-35493,-34952,-34411,-33870,-33329,-32788,-32247,-31706,-31165,-30624,-30083,-29542,-29001,-28460,-27919,-27378,-26837,-26296,-25755,-25214,-24673,-24132,-23591,-23050,-22509,-21968,-21427,-20886,-20345,-19804,-19263,-18722,-18181,-17640,-17099,-16558,-16017,-15476,-14935,-14394,-13853,-13312,-12771,-12230,-11689,-11148,-10607,-10066,-9525,-8984,-8443,-7902,-7361,-6820,-6279,-5738,-5197,-4656,-4115,-3574,-3033,-2492,-1951,-1410,-869,-328
214,755,1296,1837,2378,2919,3460,4001,4542,5083,5624,6165,6706,7247,7788,8329,8870,9411,9952,10493,11034,11575,12116,12657,13198,13739,14280,14821,15362,15903,16444,16985,17526,18067,18608,19149,19690,20231,20772,21313,21854,22395,22936,23477,24018,24559,25100,25641,26182,26723,27264,27805,28346,28887,29428,29969,30510,31051,31592,32133,32674,33215,33756,34297,34838,35379,35920,36461,37002,37543,38084,38625,39166,39707,40248,40789,41330,41871,42412,42953,43494,44035,44576,45117,45658,46199,46740,47281,47822,48363,48904,49445,49986,50527,51068,51609,52150,52691,53232,53773,54314,54855,55396,55937,56478,57019,57560,58101,58642,59183,59724,60265,60806,61347,61888,62429,62970,63511,64052,64593,65134,65675,66216,66757,67298,67839,68380,68921,69462,70003,70544,71085,71626,72167,72708,73249,73790,74331,74872,75413,75954,76495,77036,77577,78118,78659,79200,79741,80282,80823,81364,81905,82446,82987,83528,84069,84610,85151,85692,86233,86774,87315,87856,88397,88938,89479,90020,90561,91102,91643,92184,92725,93266,93807,94348,94889,95430,95971,96512,97053,97594,98135,98676,99217,99758,100299,100840,101381,101922,102463,103004,103545,104086,104627,105168,105709,106250,106791,107332,107873,108414,108955,109496,110037,110578,111119,111660,112201,112742,113283,113824,114365,114906,115447,115988,116529,117070,117611,118152,118693,119234,119775,120316,120857,121398,121939,122480,123021,123562,124103,124644,125185,125726,126267,126808,127349,127890,128431,128972,129513,130054,130595,131136,131677,132218,132759,133300,133841,134382,134923,135464,136005,136546,137087,137628,138169,138710,139251,139792,140333,140874,141415,141956,142497,143038,143579,144120,144661,145202,145743,146284,-145856,-145315,-144774,-144233,-143692,-143151,-142610,-142069,-141528,-140987,-140446,-139905,-139364,-138823,-138282,-137741,-137200,-136659,-136118,-135577,-135036,-134495,-133954,-133413,-132872,-132331,-131790,-131249,-130708,-130167,-129626,-129085,-128544,-128003,-127462,-126921,-126380,-125839,-125298,-124757,-124216,-123675,-123134,-122593,-122052,-121511,-120970,-120429,-119888,-119347,-118806,-118265,-117724,-117183,-116642,-116101,-115774,-115560,-115019,-114478,-113937,-113396,-112855,-112314,-111773,-111232,-110691,-110150,-109609,-109068,-108527,-107986,-107445,-106904,-106363,-105822,-105281,-104740,-104199,-103658,-103117,-102576,-102035,-101494,-100953,-100412,-99871,-99330,-98789,-98248,-97707,-97166,-96625,-96084,-95543,-95002,-94461,-93920,-93379,-92838,-92297,-91756,-91215,-90674,-90133,-89592,-89051,-88510,-87969,-87428,-86887,-86346,-85805,-85264,-84723,-84182,-83641,-83100,-82559,-82018,-81477,-80936,-80395,-79854,-79313,-78772,-78231,-77690,-77149,-76608,-76067,-75526,-74985,-74444,-73903,-73362,-72821,-72280,-71739,-71198,-70657,-70116,-69575,-69034,-68493,-67952,-67411,-66870,-66329,-65788,-65247,-64706,-64165,-63624,-63083,-62542,-62001,-61460,-60919,-60378,-59837,-59296,-58755,-58214,-57673,-57132,-56591,-56050,-55509,-54968,-54427,-53886,-53345,-52804,-52263,-51722,-51181,-50640,-50099,-49558,-49017,-48476,-47935,-47394,-46853,-46312,-45771,-45230,-44689,-44148,-43607,-43066,-42525,-41984,-41443,-40902,-40361,-39820,-39279,-38738,-38197,-37656,-37115,-36574,-36033,-35492,-34951,-34410,-33869,-33328,-32787,-32246,-31705,-31164,-30623,-30082,-29541,-29000,-28459,-27918,-27377,-26836,-26295,-25754,-25213,-24672,-24131,-23590,-23049,-22508,-21967,-21426,-20885,-20344,-19803,-19262,-18721,-18180,-17639,-17098,-16557,-16016,-15475,-14934,-14393,-13852,-13311,-12770,-12229,-11688,-11147,-10606,-10065,-9524,-8983,-8442,-7901,-7360,-6819,-6278,-5737,-5196,-4655,-4114,-3573,-3032,-2491,-1950,-1409,-868,-327
215,756,1297,1838,2379,2920,3461,4002,4543,5084,5625,6166,6707,7248,7789,8330,8871,9412,9953,10494,11035,11576,12117,12658,13199,13740,14281,14822,15363,15904,16445,16986,17527,18068,18609,19150,19691,20232,20773,21314,21855,22396,22937,23478,24019,24560,25101,25642,26183,26724,27265,27806,28347,28888,29429,29970,30511,31052,31593,32134,32675,33216,33757,34298,34839,35380,35921,36462,37003,37544,38085,38626,39167,39708,40249,40790,41331,41872,42413,42954,43495,44036,44577,45118,45659,46200,46741,47282,47823,48364,48905,49446,49987,50528,51069,51610,52151,52692,53233,53774,54315,54856,55397,55938,56479,57020,57561,58102,58643,59184,59725,60266,60807,61348,61889,62430,62971,63512,64053,64594,65135,65676,66217,66758,67299,67840,68381,68922,69463,70004,70545,71086,71627,72168,72709,73250,73791,74332,74873,75414,75955,76496,77037,77578,78119,78660,79201,79742,80283,80824,81365,81906,82447,82988,83529,84070,84611,85152,85693,86234,86775,87316,87857,88398,88939,89480,90021,90562,91103,91644,92185,92726,93267,93808,94349,94890,95431,95972,96513,97054,97595,98136,98677,99218,99759,100300,100841,101382,101923,102464,103005,103546,104087,104628,105169,105710,106251,106792,107333,107874,108415,108956,109497,110038,110579,111120,111661,112202,112743,113284,113825,114366,114907,115448,115989,116530,117071,117612,118153,118694,119235,119776,120317,120858,121399,121940,122481,123022,123563,124104,124645,125186,125727,126268,126809,127350,127891,128432,128973,129514,130055,130596,131137,131678,132219,132760,133301,133842,134383,134924,135465,136006,136547,137088,137629,138170,138711,139252,139793,140334,140875,141416,141957,142498,143039,143580,144121,144662,145203,145744,146285,-145855,-145314,-144773,-144232,-143691,-143150,-142609,-142068,-141527,-140986,-140445,-139904,-139363,-138822,-138281,-137740,-137199,-136658,-136117,-135576,-135035,-134494,-133953,-133412,-132871,-132330,-131789,-131248,-130707,-130166,-129625,-129084,-128543,-128002,-127461,-126920,-126379,-125838,-125297,-124756,-124215,-123674,-123133,-122592,-122051,-121510,-120969,-120428,-119887,-119346,-118805,-118264,-117723,-117182,-116641,-116315,-116100,-115559,-115018,-114477,-113936,-113395,-112854,-112313,-111772,-111231,-110690,-110149,-109608,-109067,-108526,-107985,-107444,-106903,-106362,-105821,-105280,-104739,-104198,-103657,-103116,-102575,-102034,-101493,-100952,-100411,-99870,-99329,-98788,-98247,-97706,-97165,-96624,-96083,-95542,-95001,-94460,-93919,-93378,-92837,-92296,-91755,-91214,-90673,-90132,-89591,-89050,-88509,-87968,-87427,-86886,-86345,-85804,-85263,-84722,-84181,-83640,-83099,-82558,-82017,-81476,-80935,-80394,-79853,-79312,-78771,-78230,-77689,-77148,-76607,-76066,-75525,-74984,-74443,-73902,-73361,-72820,-72279,-71738,-71197,-70656,-70115,-69574,-69033,-68492,-67951,-67410,-66869,-66328,-65787,-65246,-64705,-64164,-63623,-63082,-62541,-62000,-61459,-60918,-60377,-59836,-59295,-58754,-58213,-57672,-57131,-56590,-56049,-55508,-54967,-54426,-53885,-53344,-52803,-52262,-51721,-51180,-50639,-50098,-49557,-49016,-48475,-47934,-47393,-46852,-46311,-45770,-45229,-44688,-44147,-43606,-43065,-42524,-41983,-41442,-40901,-40360,-39819,-39278,-38737,-38196,-37655,-37114,-36573,-36032,-35491,-34950,-34409,-33868,-33327,-32786,-32245,-31704,-31163,-30622,-30081,-29540,-28999,-28458,-27917,-27376,-26835,-26294,-25753,-25212,-24671,-24130,-23589,-23048,-22507,-21966,-21425,-20884,-20343,-19802,-19261,-18720,-18179,-17638,-17097,-16556,-16015,-15474,-14933,-14392,-13851,-13310,-12769,-12228,-11687,-11146,-10605,-10064,-9523,-8982,-8441,-7900,-7359,-6818,-6277,-5736,-5195,-4654,-4113,-3572,-3031,-2490,-1949,-1408,-867,-326
216,757,1298,1839,2380,2921,3462,4003,4544,5085,5626,6167,6708,7249,7790,8331,8872,9413,9954,10495,11036,11577,12118,12659,13200,13741,14282,14823,15364,15905,16446,16987,17528,18069,18610,19151,19692,20233,20774,21315,21856,22397,22938,23479,24020,24561,25102,25643,26184,26725,27266,27807,28348,28889,29430,29971,30512,31053,31594,32135,32676,33217,33758,34299,34840,35381,35922,36463,37004,37545,38086,38627,39168,39709,40250,40791,41332,41873,42414,42955,43496,44037,44578,45119,45660,46201,46742,47283,47824,48365,48906,49447,49988,50529,51070,51611,52152,52693,53234,53775,54316,54857,55398,55939,56480,57021,57562,58103,58644,59185,59726,60267,60808,61349,61890,62431,62972,63513,64054,64595,65136,65677,66218,66759,67300,67841,68382,68923,69464,70005,70546,71087,71628,72169,72710,73251,73792,74333,74874,75415,75956,76497,77038,77579,78120,78661,79202,79743,80284,80825,81366,81907,82448,82989,83530,84071,84612,85153,85694,86235,86776,87317,87858,88399,88940,89481,90022,90563,91104,91645,92186,92727,93268,93809,94350,94891,95432,95973,96514,97055,97596,98137,98678,99219,99760,100301,100842,101383,101924,102465,103006,103547,104088,104629,105170,105711,106252,106793,107334,107875,108416,108957,109498,110039,110580,111121,111662,112203,112744,113285,113826,114367,114908,115449,115990,116531,117072,117613,118154,118695,119236,119777,120318,120859,121400,121941,122482,123023,123564,124105,124646,125187,125728,126269,126810,127351,127892,128433,128974,129515,130056,130597,131138,131679,132220,132761,133302,133843,134384,134925,135466,136007,136548,137089,137630,138171,138712,139253,139794,140335,140876,141417,141958,142499,143040,143581,144122,144663,145204,145745,146286,-145854,-145313,-144772,-144231,-143690,-143149,-142608,-142067,-141526,-140985,-140444,-139903,-139362,-138821,-138280,-137739,-137198,-136657,-136116,-135575,-135034,-134493,-133952,-133411,-132870,-132329,-131788,-131247,-130706,-130165,-129624,-129083,-128542,-128001,-127460,-126919,-126378,-125837,-125296,-124755,-124214,-123673,-123132,-122591,-122050,-121509,-120968,-120427,-119886,-119345,-118804,-118263,-117722,-117181,-116856,-116640,-116099,-115558,-115017,-114476,-113935,-113394,-112853,-112312,-111771,-111230,-110689,-110148,-109607,-109066,-108525,-107984,-107443,-106902,-106361,-105820,-105279,-104738,-104197,-103656,-103115,-102574,-102033,-101492,-100951,-100410,-99869,-99328,-98787,-98246,-97705,-97164,-96623,-96082,-95541,-95000,-94459,-93918,-93377,-92836,-92295,-91754,-91213,-90672,-90131,-89590,-89049,-88508,-87967,-87426,-86885,-86344,-85803,-85262,-84721,-84180,-83639,-83098,-82557,-82016,-81475,-80934,-80393,-79852,-79311,-78770,-78229,-77688,-77147,-76606,-76065,-75524,-74983,-74442,-73901,-73360,-72819,-72278,-71737,-71196,-70655,-70114,-69573,-69032,-68491,-67950,-67409,-66868,-66327,-65786,-65245,-64704,-64163,-63622,-63081,-62540,-61999,-61458,-60917,-60376,-59835,-59294,-58753,-58212,-57671,-57130,-56589,-56048,-55507,-54966,-54425,-53884,-53343,-52802,-52261,-51720,-51179,-50638,-50097,-49556,-49015,-48474,-47933,-47392,-46851,-46310,-45769,-45228,-44687,-44146,-43605,-43064,-42523,-41982,-41441,-40900,-40359,-39818,-39277,-38736,-38195,-37654,-37113,-36572,-36031,-35490,-34949,-34408,-33867,-33326,-32785,-32244,-31703,-31162,-30621,-30080,-29539,-28998,-28457,-27916,-27375,-26834,-26293,-25752,-25211,-24670,-24129,-23588,-23047,-22506,-21965,-21424,-20883,-20342,-19801,-19260,-18719,-18178,-17637,-17096,-16555,-16014,-15473,-14932,-14391,-13850,-13309,-12768,-12227,-11686,-11145,-10604,-10063,-9522,-8981,-8440,-7899,-7358,-6817,-6276,-5735,-5194,-4653,-4112,-3571,-3030,-2489,-1948,-1407,-866,-325
217,758,1299,1840,2381,2922,3463,4004,4545,5086,5627,6168,6709,7250,7791,8332,8873,9414,9955,10496,11037,11578,12119,12660,13201,13742,14283,14824,15365,15906,16447,16988,17529,18070,18611,19152,19693,20234,20775,21316,21857,22398,22939,23480,24021,24562,25103,25644,26185,26726,27267,27808,28349,28890,29431,29972,30513,31054,31595,32136,32677,33218,33759,34300,34841,35382,35923,36464,37005,37546,38087,38628,39169,39710,40251,40792,41333,41874,42415,42956,43497,44038,44579,45120,45661,46202,46743,47284,47825,48366,48907,49448,49989,50530,51071,51612,52153,52694,53235,53776,54317,54858,55399,55940,56481,57022,57563,58104,58645,59186,59727,60268,60809,61350,61891,62432,62973,63514,64055,64596,65137,65678,66219,66760,67301,67842,68383,68924,69465,70006,70547,71088,71629,72170,72711,73252,73793,74334,74875,75416,75957,76498,77039,77580,78121,78662,79203,79744,80285,80826,81367,81908,82449,82990,83531,84072,84613,85154,85695,86236,86777,87318,87859,88400,88941,89482,90023,90564,91105,91646,92187,92728,93269,93810,94351,94892,95433,95974,96515,97056,97597,98138,98679,99220,99761,100302,100843,101384,101925,102466,103007,103548,104089,104630,105171,105712,106253,106794,107335,107876,108417,108958,109499,110040,110581,111122,111663,112204,112745,113286,113827,114368,114909,115450,115991,116532,117073,117614,118155,118696,119237,119778,120319,120860,121401,121942,122483,123024,123565,124106,124647,125188,125729,126270,126811,127352,127893,128434,128975,129516,130057,130598,131139,131680,132221,132762,133303,133844,134385,134926,135467,136008,136549,137090,137631,138172,138713,139254,139795,140336,140877,141418,141959,142500,143041,143582,144123,144664,145205,145746,146287,-145853,-145312,-144771,-144230,-143689,-143148,-142607,-142066,-141525,-140984,-140443,-139902,-139361,-138820,-138279,-137738,-137197,-136656,-136115,-135574,-135033,-134492,-133951,-133410,-132869,-132328,-131787,-131246,-130705,-130164,-129623,-129082,-128541,-128000,-127459,-126918,-126377,-125836,-125295,-124754,-124213,-123672,-123131,-122590,-122049,-121508,-120967,-120426,-119885,-119344,-118803,-118262,-117721,-117397,-117180,-116639,-116098,-115557,-115016,-114475,-113934,-113393,-112852,-112311,-111770,-111229,-110688,-110147,-109606,-109065,-108524,-107983,-107442,-106901,-106360,-105819,-105278,-104737,-104196,-103655,-103114,-102573,-102032,-101491,-100950,-100409,-99868,-99327,-98786,-98245,-97704,-97163,-96622,-96081,-95540,-94999,-94458,-93917,-93376,-92835,-92294,-91753,-91212,-90671,-90130,-89589,-89048,-88507,-87966,-87425,-86884,-86343,-85802,-85261,-84720,-84179,-83638,-83097,-82556,-82015,-81474,-80933,-80392,-79851,-79310,-78769,-78228,-77687,-77146,-76605,-76064,-75523,-74982,-74441,-73900,-73359,-72818,-72277,-71736,-71195,-70654,-70113,-69572,-69031,-68490,-67949,-67408,-66867,-66326,-65785,-65244,-64703,-64162,-63621,-63080,-62539,-61998,-61457,-60916,-60375,-59834,-59293,-58752,-58211,-57670,-57129,-56588,-56047,-55506,-54965,-54424,-53883,-53342,-52801,-52260,-51719,-51178,-50637,-50096,-49555,-49014,-48473,-47932,-47391,-46850,-46309,-45768,-45227,-44686,-44145,-43604,-43063,-42522,-41981,-41440,-40899,-40358,-39817,-39276,-38735,-38194,-37653,-37112,-36571,-36030,-35489,-34948,-34407,-33866,-33325,-32784,-32243,-31702,-31161,-30620,-30079,-29538,-28997,-28456,-27915,-27374,-26833,-26292,-25751,-25210,-24669,-24128,-23587,-23046,-22505,-21964,-21423,-20882,-20341,-19800,-19259,-18718,-18177,-17636,-17095,-16554,-16013,-15472,-14931,-14390,-13849,-13308,-12767,-12226,-11685,-11144,-10603,-10062,-9521,-8980,-8439,-7898,-7357,-6816,-6275,-5734,-5193,-4652,-4111,-3570,-3029,-2488,-1947,-1406,-865,-324
218,759,1300,1841,2382,2923,3464,4005,4546,5087,5628,6169,6710,7251,7792,8333,8874,9415,9956,10497,11038,11579,12120,12661,13202,13743,14284,14825,15366,15907,16448,16989,17530,18071,18612,19153,19694,20235,20776,21317,21858,22399,22940,23481,24022,24563,25104,25645,26186,26727,27268,27809,28350,28891,29432,29973,30514,31055,31596,32137,32678,33219,33760,34301,34842,35383,35924,36465,37006,37547,38088,38629,39170,39711,40252,40793,41334,41875,42416,42957,43498,44039,44580,45121,45662,46203,46744,47285,47826,48367,48908,49449,49990,50531,51072,51613,52154,52695,53236,53777,54318,54859,55400,55941,56482,57023,57564,58105,58646,59187,59728,60269,60810,61351,61892,62433,62974,63515,64056,64597,65138,65679,66220,66761,67302,67843,68384,68925,69466,70007,70548,71089,71630,72171,72712,73253,73794,74335,74876,75417,75958,76499,77040,77581,78122,78663,79204,79745,80286,80827,81368,81909,82450,82991,83532,84073,84614,85155,85696,86237,86778,87319,87860,88401,88942,89483,90024,90565,91106,91647,92188,92729,93270,93811,94352,94893,95434,95975,96516,97057,97598,98139,98680,99221,99762,100303,100844,101385,101926,102467,103008,103549,104090,104631,105172,105713,106254,106795,107336,107877,108418,108959,109500,110041,110582,111123,111664,112205,112746,113287,113828,114369,114910,115451,115992,116533,117074,117615,118156,118697,119238,119779,120320,120861,121402,121943,122484,123025,123566,124107,124648,125189,125730,126271,126812,127353,127894,128435,128976,129517,130058,130599,131140,131681,132222,132763,133304,133845,134386,134927,135468,136009,136550,137091,137632,138173,138714,139255,139796,140337,140878,141419,141960,142501,143042,143583,144124,144665,145206,145747,146288,-145852,-145311,-144770,-144229,-143688,-143147,-142606,-142065,-141524,-140983,-140442,-139901,-139360,-138819,-138278,-137737,-137196,-136655,-136114,-135573,-135032,-134491,-133950,-133409,-132868,-132327,-131786,-131245,-130704,-130163,-129622,-129081,-128540,-127999,-127458,-126917,-126376,-125835,-125294,-124753,-124212,-123671,-123130,-122589,-122048,-121507,-120966,-120425,-119884,-119343,-118802,-118261,-117938,-117720,-117179,-116638,-116097,-115556,-115015,-114474,-113933,-113392,-112851,-112310,-111769,-111228,-110687,-110146,-109605,-109064,-108523,-107982,-107441,-106900,-106359,-105818,-105277,-104736,-104195,-103654,-103113,-102572,-102031,-101490,-100949,-100408,-99867,-99326,-98785,-98244,-97703,-97162,-96621,-96080,-95539,-94998,-94457,-93916,-93375,-92834,-92293,-91752,-91211,-90670,-90129,-89588,-89047,-88506,-87965,-87424,-86883,-86342,-85801,-85260,-84719,-84178,-83637,-83096,-82555,-82014,-81473,-80932,-80391,-79850,-79309,-78768,-78227,-77686,-77145,-76604,-76063,-75522,-74981,-74440,-73899,-73358,-72817,-72276,-71735,-71194,-70653,-70112,-69571,-69030,-68489,-67948,-67407,-66866,-66325,-65784,-65243,-64702,-64161,-63620,-63079,-62538,-61997,-61456,-60915,-60374,-59833,-59292,-58751,-58210,-57669,-57128,-56587,-56046,-55505,-54964,-54423,-53882,-53341,-52800,-52259,-51718,-51177,-50636,-50095,-49554,-49013,-48472,-47931,-47390,-46849,-46308,-45767,-45226,-44685,-44144,-43603,-43062,-42521,-41980,-41439,-40898,-40357,-39816,-39275,-38734,-38193,-37652,-37111,-36570,-36029,-35488,-34947,-34406,-33865,-33324,-32783,-32242,-31701,-31160,-30619,-30078,-29537,-28996,-28455,-27914,-27373,-26832,-26291,-25750,-25209,-24668,-24127,-23586,-23045,-22504,-21963,-21422,-20881,-20340,-19799,-19258,-18717,-18176,-17635,-17094,-16553,-16012,-15471,-14930,-14389,-13848,-13307,-12766,-12225,-11684,-11143,-10602,-10061,-9520,-8979,-8438,-7897,-7356,-6815,-6274,-5733,-5192,-4651,-4110,-3569,-3028,-2487,-1946,-1405,-864,-323
219,760,1301,1842,2383,2924,3465,4006,4547,5088,5629,6170,6711,7252,7793,8334,8875,9416,9957,10498,11039,11580,12121,12662,13203,13744,14285,14826,15367,15908,16449,16990,17531,18072,18613,19154,19695,20236,20777,21318,21859,22400,22941,23482,24023,24564,25105,25646,26187,26728,27269,27810,28351,28892,29433,29974,30515,31056,31597,32138,32679,33220,33761,34302,34843,35384,35925,36466,37007,37548,38089,38630,39171,39712,40253,40794,41335,41876,42417,42958,43499,44040,44581,45122,45663,46204,46745,47286,47827,48368,48909,49450,49991,50532,51073,51614,52155,52696,53237,53778,54319,54860,55401,55942,56483,57024,57565,58106,58647,59188,59729,60270,60811,61352,61893,62434,62975,63516,64057,64598,65139,65680,66221,66762,67303,67844,68385,68926,69467,70008,70549,71090,71631,72172,72713,73254,73795,74336,74877,75418,75959,76500,77041,77582,78123,78664,79205,79746,80287,80828,81369,81910,82451,82992,83533,84074,84615,85156,85697,86238,86779,87320,87861,88402,88943,89484,90025,90566,91107,91648,92189,92730,93271,93812,94353,94894,95435,95976,96517,97058,97599,98140,98681,99222,99763,100304,100845,101386,101927,102468,103009,103550,104091,104632,105173,105714,106255,106796,107337,107878,108419,108960,109501,110042,110583,111124,111665,112206,112747,113288,113829,114370,114911,115452,115993,116534,117075,117616,118157,118698,119239,119780,120321,120862,121403,121944,122485,123026,123567,124108,124649,125190,125731,126272,126813,127354,127895,128436,128977,129518,130059,130600,131141,131682,132223,132764,133305,133846,134387,134928,135469,136010,136551,137092,137633,138174,138715,139256,139797,140338,140879,141420,141961,142502,143043,143584,144125,144666,145207,145748,146289,-145851,-145310,-144769,-144228,-143687,-143146,-142605,-142064,-141523,-140982,-140441,-139900,-139359,-138818,-138277,-137736,-137195,-136654,-136113,-135572,-135031,-134490,-133949,-133408,-132867,-132326,-131785,-131244,-130703,-130162,-129621,-129080,-128539,-127998,-127457,-126916,-126375,-125834,-125293,-124752,-124211,-123670,-123129,-122588,-122047,-121506,-120965,-120424,-119883,-119342,-118801,-118479,-118260,-117719,-117178,-116637,-116096,-115555,-115014,-114473,-113932,-113391,-112850,-112309,-111768,-111227,-110686,-110145,-109604,-109063,-108522,-107981,-107440,-106899,-106358,-105817,-105276,-104735,-104194,-103653,-103112,-102571,-102030,-101489,-100948,-100407,-99866,-99325,-98784,-98243,-97702,-97161,-96620,-96079,-95538,-94997,-94456,-93915,-93374,-92833,-92292,-91751,-91210,-90669,-90128,-89587,-89046,-88505,-87964,-87423,-86882,-86341,-85800,-85259,-84718,-84177,-83636,-83095,-82554,-82013,-81472,-80931,-80390,-79849,-79308,-78767,-78226,-77685,-77144,-76603,-76062,-75521,-74980,-74439,-73898,-73357,-72816,-72275,-71734,-71193,-70652,-70111,-69570,-69029,-68488,-67947,-67406,-66865,-66324,-65783,-65242,-64701,-64160,-63619,-63078,-62537,-61996,-61455,-60914,-60373,-59832,-59291,-58750,-58209,-57668,-57127,-56586,-56045,-55504,-54963,-54422,-53881,-53340,-52799,-52258,-51717,-51176,-50635,-50094,-49553,-49012,-48471,-47930,-47389,-46848,-46307,-45766,-45225,-44684,-44143,-43602,-43061,-42520,-41979,-41438,-40897,-40356,-39815,-39274,-38733,-38192,-37651,-37110,-36569,-36028,-35487,-34946,-34405,-33864,-33323,-32782,-32241,-31700,-31159,-30618,-30077,-29536,-28995,-28454,-27913,-27372,-26831,-26290,-25749,-25208,-24667,-24126,-23585,-23044,-22503,-21962,-21421,-20880,-20339,-19798,-19257,-18716,-18175,-17634,-17093,-16552,-16011,-15470,-14929,-14388,-13847,-13306,-12765,-12224,-11683,-11142,-10601,-10060,-9519,-8978,-8437,-7896,-7355,-6814,-6273,-5732,-5191,-4650,-4109,-3568,-3027,-2486,-1945,-1404,-863,-322
220,761,1302,1843,2384,2925,3466,4007,4548,5089,5630,6171,6712,7253,7794,8335,8876,9417,9958,10499,11040,11581,12122,12663,13204,13745,14286,14827,15368,15909,16450,16991,17532,18073,18614,19155,19696,20237,20778,21319,21860,22401,22942,23483,24024,24565,25106,25647,26188,26729,27270,27811,28352,28893,29434,29975,30516,31057,31598,32139,32680,33221,33762,34303,34844,35385,35926,36467,37008,37549,38090,38631,39172,39713,40254,40795,41336,41877,42418,42959,43500,44041,44582,45123,45664,46205,46746,47287,47828,48369,48910,49451,49992,50533,51074,51615,52156,52697,53238,53779,54320,54861,55402,55943,56484,57025,57566,58107,58648,59189,59730,60271,60812,61353,61894,62435,62976,63517,64058,64599,65140,65681,66222,66763,67304,67845,68386,68927,69468,70009,70550,71091,71632,72173,72714,73255,73796,74337,74878,75419,75960,76501,77042,77583,78124,78665,79206,79747,80288,80829,81370,81911,82452,82993,83534,84075,84616,85157,85698,86239,86780,87321,87862,88403,88944,89485,90026,90567,91108,91649,92190,92731,93272,93813,94354,94895,95436,95977,96518,97059,97600,98141,98682,99223,99764,100305,100846,101387,101928,102469,103010,103551,104092,104633,105174,105715,106256,106797,107338,107879,108420,108961,109502,110043,110584,111125,111666,112207,112748,113289,113830,114371,114912,115453,115994,116535,117076,117617,118158,118699,119240,119781,120322,120863,121404,121945,122486,123027,123568,124109,124650,125191,125732,126273,126814,127355,127896,128437,128978,129519,130060,130601,131142,131683,132224,132765,133306,133847,134388,134929,135470,136011,136552,137093,137634,138175,138716,139257,139798,140339,140880,141421,141962,142503,143044,143585,144126,144667,145208,145749,146290,-145850,-145309,-144768,-144227,-143686,-143145,-142604,-142063,-141522,-140981,-140440,-139899,-139358,-138817,-138276,-137735,-137194,-136653,-136112,-135571,-135030,-134489,-133948,-133407,-132866,-132325,-131784,-131243,-130702,-130161,-129620,-129079,-128538,-127997,-127456,-126915,-126374,-125833,-125292,-124751,-124210,-123669,-123128,-122587,-122046,-121505,-120964,-120423,-119882,-119341,-119020,-118800,-118259,-117718,-117177,-116636,-116095,-115554,-115013,-114472,-113931,-113390,-112849,-112308,-111767,-111226,-110685,-110144,-109603,-109062,-108521,-107980,-107439,-106898,-106357,-105816,-105275,-104734,-104193,-103652,-103111,-102570,-102029,-101488,-100947,-100406,-99865,-99324,-98783,-98242,-97701,-97160,-96619,-96078,-95537,-94996,-94455,-93914,-93373,-92832,-92291,-91750,-91209,-90668,-90127,-89586,-89045,-88504,-87963,-87422,-86881,-86340,-85799,-85258,-84717,-84176,-83635,-83094,-82553,-82012,-81471,-80930,-80389,-79848,-79307,-78766,-78225,-77684,-77143,-76602,-76061,-75520,-74979,-74438,-73897,-73356,-72815,-72274,-71733,-71192,-70651,-70110,-69569,-69028,-68487,-67946,-67405,-66864,-66323,-65782,-65241,-64700,-64159,-63618,-63077,-62536,-61995,-61454,-60913,-60372,-59831,-59290,-58749,-58208,-57667,-57126,-56585,-56044,-55503,-54962,-54421,-53880,-53339,-52798,-52257,-51716,-51175,-50634,-50093,-49552,-49011,-48470,-47929,-47388,-46847,-46306,-45765,-45224,-44683,-44142,-43601,-43060,-42519,-41978,-41437,-40896,-40355,-39814,-39273,-38732,-38191,-37650,-37109,-36568,-36027,-35486,-34945,-34404,-33863,-33322,-32781,-32240,-31699,-31158,-30617,-30076,-29535,-28994,-28453,-27912,-27371,-26830,-26289,-25748,-25207,-24666,-24125,-23584,-23043,-22502,-21961,-21420,-20879,-20338,-19797,-19256,-18715,-18174,-17633,-17092,-16551,-16010,-15469,-14928,-14387,-13846,-13305,-12764,-12223,-11682,-11141,-10600,-10059,-9518,-8977,-8436,-7895,-7354,-6813,-6272,-5731,-5190,-4649,-4108,-3567,-3026,-2485,-1944,-1403,-862,-321
221,762,1303,1844,2385,2926,3467,4008,4549,5090,5631,6172,6713,7254,7795,8336,8877,9418,9959,10500,11041,11582,12123,12664,13205,13746,14287,14828,15369,15910,16451,16992,17533,18074,18615,19156,19697,20238,20779,21320,21861,22402,22943,23484,24025,24566,25107,25648,26189,26730,27271,27812,28353,28894,29435,29976,30517,31058,31599,32140,32681,33222,33763,34304,34845,35386,35927,36468,37009,37550,38091,38632,39173,39714,40255,40796,41337,41878,42419,42960,43501,44042,44583,45124,45665,46206,46747,47288,47829,48370,48911,49452,49993,50534,51075,51616,52157,52698,53239,53780,54321,54862,55403,55944,56485,57026,57567,58108,58649,59190,59731,60272,60813,61354,61895,62436,62977,63518,64059,64600,65141,65682,66223,66764,67305,67846,68387,68928,69469,70010,70551,71092,71633,72174,72715,73256,73797,74338,74879,75420,75961,76502,77043,77584,78125,78666,79207,79748,80289,80830,81371,81912,82453,82994,83535,84076,84617,85158,85699,86240,86781,87322,87863,88404,88945,89486,90027,90568,91109,91650,92191,92732,93273,93814,94355,94896,95437,95978,96519,97060,97601,98142,98683,99224,99765,100306,100847,101388,101929,102470,103011,103552,104093,104634,105175,105716,106257,106798,107339,107880,108421,108962,109503,110044,110585,111126,111667,112208,112749,113290,113831,114372,114913,115454,115995,116536,117077,117618,118159,118700,119241,119782,120323,120864,121405,121946,122487,123028,123569,124110,124651,125192,125733,126274,126815,127356,127897,128438,128979,129520,130061,130602,131143,131684,132225,132766,133307,133848,134389,134930,135471,136012,136553,137094,137635,138176,138717,139258,139799,140340,140881,141422,141963,142504,143045,143586,144127,144668,145209,145750,146291,-145849,-145308,-144767,-144226,-143685,-143144,-142603,-142062,-141521,-140980,-140439,-139898,-139357,-138816,-138275,-137734,-137193,-136652,-136111,-135570,-135029,-134488,-133947,-133406,-132865,-132324,-131783,-131242,-130701,-130160,-129619,-129078,-128537,-127996,-127455,-126914,-126373,-125832,-125291,-124750,-124209,-123668,-123127,-122586,-122045,-121504,-120963,-120422,-119881,-119561,-119340,-118799,-118258,-117717,-117176,-116635,-116094,-115553,-115012,-114471,-113930,-113389,-112848,-112307,-111766,-111225,-110684,-110143,-109602,-109061,-108520,-107979,-107438,-106897,-106356,-105815,-105274,-104733,-104192,-103651,-103110,-102569,-102028,-101487,-100946,-100405,-99864,-99323,-98782,-98241,-97700,-97159,-96618,-96077,-95536,-94995,-94454,-93913,-93372,-92831,-92290,-91749,-91208,-90667,-90126,-89585,-89044,-88503,-87962,-87421,-86880,-86339,-85798,-85257,-84716,-84175,-83634,-83093,-82552,-82011,-81470,-80929,-80388,-79847,-79306,-78765,-78224,-77683,-77142,-76601,-76060,-75519,-74978,-74437,-73896,-73355,-72814,-72273,-71732,-71191,-70650,-70109,-69568,-69027,-68486,-67945,-67404,-66863,-66322,-65781,-65240,-64699,-64158,-63617,-63076,-62535,-61994,-61453,-60912,-60371,-59830,-59289,-58748,-58207,-57666,-57125,-56584,-56043,-55502,-54961,-54420,-53879,-53338,-52797,-52256,-51715,-51174,-50633,-50092,-49551,-49010,-48469,-47928,-47387,-46846,-46305,-45764,-45223,-44682,-44141,-43600,-43059,-42518,-41977,-41436,-40895,-40354,-39813,-39272,-38731,-38190,-37649,-37108,-36567,-36026,-35485,-34944,-34403,-33862,-33321,-32780,-32239,-31698,-31157,-30616,-30075,-29534,-28993,-28452,-27911,-27370,-26829,-26288,-25747,-25206,-24665,-24124,-23583,-23042,-22501,-21960,-21419,-20878,-20337,-19796,-19255,-18714,-18173,-17632,-17091,-16550,-16009,-15468,-14927,-14386,-13845,-13304,-12763,-12222,-11681,-11140,-10599,-10058,-9517,-8976,-8435,-7894,-7353,-6812,-6271,-5730,-5189,-4648,-4107,-3566,-3025,-2484,-1943,-1402,-861,-320
222,763,1304,1845,2386,2927,3468,4009,4550,5091,5632,6173,6714,7255,7796,8337,8878,9419,9960,10501,11042,11583,12124,12665,13206,13747,14288,14829,15370,15911,16452,16993,17534,18075,18616,19157,19698,20239,20780,21321,21862,22403,22944,23485,24026,24567,25108,25649,26190,26731,27272,27813,28354,28895,29436,29977,30518,31059,31600,32141,32682,33223,33764,34305,34846,35387,35928,36469,37010,37551,38092,38633,39174,39715,40256,40797,41338,41879,42420,42961,43502,44043,44584,45125,45666,46207,46748,47289,47830,48371,48912,49453,49994,50535,51076,51617,52158,52699,53240,53781,54322,54863,55404,55945,56486,57027,57568,58109,58650,59191,59732,60273,60814,61355,61896,62437,62978,63519,64060,64601,65142,65683,66224,66765,67306,67847,68388,68929,69470,70011,70552,71093,71634,72175,72716,73257,73798,74339,74880,75421,75962,76503,77044,77585,78126,78667,79208,79749,80290,80831,81372,81913,82454,82995,83536,84077,84618,85159,85700,86241,86782,87323,87864,88405,88946,89487,90028,90569,91110,91651,92192,92733,93274,93815,94356,94897,95438,95979,96520,97061,97602,98143,98684,99225,99766,100307,100848,101389,101930,102471,103012,103553,104094,104635,105176,105717,106258,106799,107340,107881,108422,108963,109504,110045,110586,111127,111668,112209,112750,113291,113832,114373,114914,115455,115996,116537,117078,117619,118160,118701,119242,119783,120324,120865,121406,121947,122488,123029,123570,124111,124652,125193,125734,126275,126816,127357,127898,128439,128980,129521,130062,130603,131144,131685,132226,132767,133308,133849,134390,134931,135472,136013,136554,137095,137636,138177,138718,139259,139800,140341,140882,141423,141964,142505,143046,143587,144128,144669,145210,145751,146292,-145848,-145307,-144766,-144225,-143684,-143143,-142602,-142061,-141520,-140979,-140438,-139897,-139356,-138815,-138274,-137733,-137192,-136651,-136110,-135569,-135028,-134487,-133946,-133405,-132864,-132323,-131782,-131241,-130700,-130159,-129618,-129077,-128536,-127995,-127454,-126913,-126372,-125831,-125290,-124749,-124208,-123667,-123126,-122585,-122044,-121503,-120962,-120421,-120102,-119880,-119339,-118798,-118257,-117716,-117175,-116634,-116093,-115552,-115011,-114470,-113929,-113388,-112847,-112306,-111765,-111224,-110683,-110142,-109601,-109060,-108519,-107978,-107437,-106896,-106355,-105814,-105273,-104732,-104191,-103650,-103109,-102568,-102027,-101486,-100945,-100404,-99863,-99322,-98781,-98240,-97699,-97158,-96617,-96076,-95535,-94994,-94453,-93912,-93371,-92830,-92289,-91748,-91207,-90666,-90125,-89584,-89043,-88502,-87961,-87420,-86879,-86338,-85797,-85256,-84715,-84174,-83633,-83092,-82551,-82010,-81469,-80928,-80387,-79846,-79305,-78764,-78223,-77682,-77141,-76600,-76059,-75518,-74977,-74436,-73895,-73354,-72813,-72272,-71731,-71190,-70649,-70108,-69567,-69026,-68485,-67944,-67403,-66862,-66321,-65780,-65239,-64698,-64157,-63616,-63075,-62534,-61993,-61452,-60911,-60370,-59829,-59288,-58747,-58206,-57665,-57124,-56583,-56042,-55501,-54960,-54419,-53878,-53337,-52796,-52255,-51714,-51173,-50632,-50091,-49550,-49009,-48468,-47927,-47386,-46845,-46304,-45763,-45222,-44681,-44140,-43599,-43058,-42517,-41976,-41435,-40894,-40353,-39812,-39271,-38730,-38189,-37648,-37107,-36566,-36025,-35484,-34943,-34402,-33861,-33320,-32779,-32238,-31697,-31156,-30615,-30074,-29533,-28992,-28451,-27910,-27369,-26828,-26287,-25746,-25205,-24664,-24123,-23582,-23041,-22500,-21959,-21418,-20877,-20336,-19795,-19254,-18713,-18172,-17631,-17090,-16549,-16008,-15467,-14926,-14385,-13844,-13303,-12762,-12221,-11680,-11139,-10598,-10057,-9516,-8975,-8434,-7893,-7352,-6811,-6270,-5729,-5188,-4647,-4106,-3565,-3024,-2483,-1942,-1401,-860,-319
223,764,1305,1846,2387,2928,3469,4010,4551,5092,5633,6174,6715,7256,7797,8338,8879,9420,9961,10502,11043,11584,12125,12666,13207,13748,14289,14830,15371,15912,16453,16994,17535,18076,18617,19158,19699,20240,20781,21322,21863,22404,22945,23486,24027,24568,25109,25650,26191,26732,27273,27814,28355,28896,29437,29978,30519,31060,31601,32142,32683,33224,33765,34306,34847,35388,35929,36470,37011,37552,38093,38634,39175,39716,40257,40798,41339,41880,42421,42962,43503,44044,44585,45126,45667,46208,46749,47290,47831,48372,48913,49454,49995,50536,51077,51618,52159,52700,53241,53782,54323,54864,55405,55946,56487,57028,57569,58110,58651,59192,59733,60274,60815,61356,61897,62438,62979,63520,64061,64602,65143,65684,66225,66766,67307,67848,68389,68930,69471,70012,70553,71094,71635,72176,72717,73258,73799,74340,74881,75422,75963,76504,77045,77586,78127,78668,79209,79750,80291,80832,81373,81914,82455,82996,83537,84078,84619,85160,85701,86242,86783,87324,87865,88406,88947,89488,90029,90570,91111,91652,92193,92734,93275,93816,94357,94898,95439,95980,96521,97062,97603,98144,98685,99226,99767,100308,100849,101390,101931,102472,103013,103554,104095,104636,105177,105718,106259,106800,107341,107882,108423,108964,109505,110046,110587,111128,111669,112210,112751,113292,113833,114374,114915,115456,115997,116538,117079,117620,118161,118702,119243,119784,120325,120866,121407,121948,122489,123030,123571,124112,124653,125194,125735,126276,126817,127358,127899,128440,128981,129522,130063,130604,131145,131686,132227,132768,133309,133850,134391,134932,135473,136014,136555,137096,137637,138178,138719,139260,139801,140342,140883,141424,141965,142506,143047,143588,144129,144670,145211,145752,146293,-145847,-145306,-144765,-144224,-143683,-143142,-142601,-142060,-141519,-140978,-140437,-139896,-139355,-138814,-138273,-137732,-137191,-136650,-136109,-135568,-135027,-134486,-133945,-133404,-132863,-132322,-131781,-131240,-130699,-130158,-129617,-129076,-128535,-127994,-127453,-126912,-126371,-125830,-125289,-124748,-124207,-123666,-123125,-122584,-122043,-121502,-120961,-120643,-120420,-119879,-119338,-118797,-118256,-117715,-117174,-116633,-116092,-115551,-115010,-114469,-113928,-113387,-112846,-112305,-111764,-111223,-110682,-110141,-109600,-109059,-108518,-107977,-107436,-106895,-106354,-105813,-105272,-104731,-104190,-103649,-103108,-102567,-102026,-101485,-100944,-100403,-99862,-99321,-98780,-98239,-97698,-97157,-96616,-96075,-95534,-94993,-94452,-93911,-93370,-92829,-92288,-91747,-91206,-90665,-90124,-89583,-89042,-88501,-87960,-87419,-86878,-86337,-85796,-85255,-84714,-84173,-83632,-83091,-82550,-82009,-81468,-80927,-80386,-79845,-79304,-78763,-78222,-77681,-77140,-76599,-76058,-75517,-74976,-74435,-73894,-73353,-72812,-72271,-71730,-71189,-70648,-70107,-69566,-69025,-68484,-67943,-67402,-66861,-66320,-65779,-65238,-64697,-64156,-63615,-63074,-62533,-61992,-61451,-60910,-60369,-59828,-59287,-58746,-58205,-57664,-57123,-56582,-56041,-55500,-54959,-54418,-53877,-53336,-52795,-52254,-51713,-51172,-50631,-50090,-49549,-49008,-48467,-47926,-47385,-46844,-46303,-45762,-45221,-44680,-44139,-43598,-43057,-42516,-41975,-41434,-40893,-40352,-39811,-39270,-38729,-38188,-37647,-37106,-36565,-36024,-35483,-34942,-34401,-33860,-33319,-32778,-32237,-31696,-31155,-30614,-30073,-29532,-28991,-28450,-27909,-27368,-26827,-26286,-25745,-25204,-24663,-24122,-23581,-23040,-22499,-21958,-21417,-20876,-20335,-19794,-19253,-18712,-18171,-17630,-17089,-16548,-16007,-15466,-14925,-14384,-13843,-13302,-12761,-12220,-11679,-11138,-10597,-10056,-9515,-8974,-8433,-7892,-7351,-6810,-6269,-5728,-5187,-4646,-4105,-3564,-3023,-2482,-1941,-1400,-859,-318
224,765,1306,1847,2388,2929,3470,4011,4552,5093,5634,6175,6716,7257,7798,8339,8880,9421,9962,10503,11044,11585,12126,12667,13208,13749,14290,14831,15372,15913,16454,16995,17536,18077,18618,19159,19700,20241,20782,21323,21864,22405,22946,23487,24028,24569,25110,25651,26192,26733,27274,27815,28356,28897,29438,29979,30520,31061,31602,32143,32684,33225,33766,34307,34848,35389,35930,36471,37012,37553,38094,38635,39176,39717,40258,40799,41340,41881,42422,42963,43504,44045,44586,45127,45668,46209,46750,47291,47832,48373,48914,49455,49996,50537,51078,51619,52160,52701,53242,53783,54324,54865,55406,55947,56488,57029,57570,58111,58652,59193,59734,60275,60816,61357,61898,62439,62980,63521,64062,64603,65144,65685,66226,66767,67308,67849,68390,68931,69472,70013,70554,71095,71636,72177,72718,73259,73800,74341,74882,75423,75964,76505,77046,77587,78128,78669,79210,79751,80292,80833,81374,81915,82456,82997,83538,84079,84620,85161,85702,86243,86784,87325,87866,88407,88948,89489,90030,90571,91112,91653,92194,92735,93276,93817,94358,94899,95440,95981,96522,97063,97604,98145,98686,99227,99768,100309,100850,101391,101932,102473,103014,103555,104096,104637,105178,105719,106260,106801,107342,107883,108424,108965,109506,110047,110588,111129,111670,112211,112752,113293,113834,114375,114916,115457,115998,116539,117080,117621,118162,118703,119244,119785,120326,120867,121408,121949,122490,123031,123572,124113,124654,125195,125736,126277,126818,127359,127900,128441,128982,129523,130064,130605,131146,131687,132228,132769,133310,133851,134392,134933,135474,136015,136556,137097,137638,138179,138720,139261,139802,140343,140884,141425,141966,142507,143048,143589,144130,144671,145212,145753,146294,-145846,-145305,-144764,-144223,-143682,-143141,-142600,-142059,-141518,-140977,-140436,-139895,-139354,-138813,-138272,-137731,-137190,-136649,-136108,-135567,-135026,-134485,-133944,-133403,-132862,-132321,-131780,-131239,-130698,-130157,-129616,-129075,-128534,-127993,-127452,-126911,-126370,-125829,-125288,-124747,-124206,-123665,-123124,-122583,-122042,-121501,-121184,-120960,-120419,-119878,-119337,-118796,-118255,-117714,-117173,-116632,-116091,-115550,-115009,-114468,-113927,-113386,-112845,-112304,-111763,-111222,-110681,-110140,-109599,-109058,-108517,-107976,-107435,-106894,-106353,-105812,-105271,-104730,-104189,-103648,-103107,-102566,-102025,-101484,-100943,-100402,-99861,-99320,-98779,-98238,-97697,-97156,-96615,-96074,-95533,-94992,-94451,-93910,-93369,-92828,-92287,-91746,-91205,-90664,-90123,-89582,-89041,-88500,-87959,-87418,-86877,-86336,-85795,-85254,-84713,-84172,-83631,-83090,-82549,-82008,-81467,-80926,-80385,-79844,-79303,-78762,-78221,-77680,-77139,-76598,-76057,-75516,-74975,-74434,-73893,-73352,-72811,-72270,-71729,-71188,-70647,-70106,-69565,-69024,-68483,-67942,-67401,-66860,-66319,-65778,-65237,-64696,-64155,-63614,-63073,-62532,-61991,-61450,-60909,-60368,-59827,-59286,-58745,-58204,-57663,-57122,-56581,-56040,-55499,-54958,-54417,-53876,-53335,-52794,-52253,-51712,-51171,-50630,-50089,-49548,-49007,-48466,-47925,-47384,-46843,-46302,-45761,-45220,-44679,-44138,-43597,-43056,-42515,-41974,-41433,-40892,-40351,-39810,-39269,-38728,-38187,-37646,-37105,-36564,-36023,-35482,-34941,-34400,-33859,-33318,-32777,-32236,-31695,-31154,-30613,-30072,-29531,-28990,-28449,-27908,-27367,-26826,-26285,-25744,-25203,-24662,-24121,-23580,-23039,-22498,-21957,-21416,-20875,-20334,-19793,-19252,-18711,-18170,-17629,-17088,-16547,-16006,-15465,-14924,-14383,-13842,-13301,-12760,-12219,-11678,-11137,-10596,-10055,-9514,-8973,-8432,-7891,-7350,-6809,-6268,-5727,-5186,-4645,-4104,-3563,-3022,-2481,-1940,-1399,-858,-317
225,766,1307,1848,2389,2930,3471,4012,4553,5094,5635,6176,6717,7258,7799,8340,8881,9422,9963,10504,11045,11586,12127,12668,13209,13750,14291,14832,15373,15914,16455,16996,17537,18078,18619,19160,19701,20242,20783,21324,21865,22406,22947,23488,24029,24570,25111,25652,26193,26734,27275,27816,28357,28898,29439,29980,30521,31062,31603,32144,32685,33226,33767,34308,34849,35390,35931,36472,37013,37554,38095,38636,39177,39718,40259,40800,41341,41882,42423,42964,43505,44046,44587,45128,45669,46210,46751,47292,47833,48374,48915,49456,49997,50538,51079,51620,52161,52702,53243,53784,54325,54866,55407,55948,56489,57030,57571,58112,58653,59194,59735,60276,60817,61358,61899,62440,62981,63522,64063,64604,65145,65686,66227,66768,67309,67850,68391,68932,69473,70014,70555,71096,71637,72178,72719,73260,73801,74342,74883,75424,75965,76506,77047,77588,78129,78670,79211,79752,80293,80834,81375,81916,82457,82998,83539,84080,84621,85162,85703,86244,86785,87326,87867,88408,88949,89490,90031,90572,91113,91654,92195,92736,93277,93818,94359,94900,95441,95982,96523,97064,97605,98146,98687,99228,99769,100310,100851,101392,101933,102474,103015,103556,104097,104638,105179,105720,106261,106802,107343,107884,108425,108966,109507,110048,110589,111130,111671,112212,112753,113294,113835,114376,114917,115458,115999,116540,117081,117622,118163,118704,119245,119786,120327,120868,121409,121950,122491,123032,123573,124114,124655,125196,125737,126278,126819,127360,127901,128442,128983,129524,130065,130606,131147,131688,132229,132770,133311,133852,134393,134934,135475,136016,136557,137098,137639,138180,138721,139262,139803,140344,140885,141426,141967,142508,143049,143590,144131,144672,145213,145754,146295,-145845,-145304,-144763,-144222,-143681,-143140,-142599,-142058,-141517,-140976,-140435,-139894,-139353,-138812,-138271,-137730,-137189,-136648,-136107,-135566,-135025,-134484,-133943,-133402,-132861,-132320,-131779,-131238,-130697,-130156,-129615,-129074,-128533,-127992,-127451,-126910,-126369,-125828,-125287,-124746,-124205,-123664,-123123,-122582,-122041,-121725,-121500,-120959,-120418,-119877,-119336,-118795,-118254,-117713,-117172,-116631,-116090,-115549,-115008,-114467,-113926,-113385,-112844,-112303,-111762,-111221,-110680,-110139,-109598,-109057,-108516,-107975,-107434,-106893,-106352,-105811,-105270,-104729,-104188,-103647,-103106,-102565,-102024,-101483,-100942,-100401,-99860,-99319,-98778,-98237,-97696,-97155,-96614,-96073,-95532,-94991,-94450,-93909,-93368,-92827,-92286,-91745,-91204,-90663,-90122,-89581,-89040,-88499,-87958,-87417,-86876,-86335,-85794,-85253,-84712,-84171,-83630,-83089,-82548,-82007,-81466,-80925,-80384,-79843,-79302,-78761,-78220,-77679,-77138,-76597,-76056,-75515,-74974,-74433,-73892,-73351,-72810,-72269,-71728,-71187,-70646,-70105,-69564,-69023,-68482,-67941,-67400,-66859,-66318,-65777,-65236,-64695,-64154,-63613,-63072,-62531,-61990,-61449,-60908,-60367,-59826,-59285,-58744,-58203,-57662,-57121,-56580,-56039,-55498,-54957,-54416,-53875,-53334,-52793,-52252,-51711,-51170,-50629,-50088,-49547,-49006,-48465,-47924,-47383,-46842,-46301,-45760,-45219,-44678,-44137,-43596,-43055,-42514,-41973,-41432,-40891,-40350,-39809,-39268,-38727,-38186,-37645,-37104,-36563,-36022,-35481,-34940,-34399,-33858,-33317,-32776,-32235,-31694,-31153,-30612,-30071,-29530,-28989,-28448,-27907,-27366,-26825,-26284,-25743,-25202,-24661,-24120,-23579,-23038,-22497,-21956,-21415,-20874,-20333,-19792,-19251,-18710,-18169,-17628,-17087,-16546,-16005,-15464,-14923,-14382,-13841,-13300,-12759,-12218,-11677,-11136,-10595,-10054,-9513,-8972,-8431,-7890,-7349,-6808,-6267,-5726,-5185,-4644,-4103,-3562,-3021,-2480,-1939,-1398,-857,-316
226,767,1308,1849,2390,2931,3472,4013,4554,5095,5636,6177,6718,7259,7800,8341,8882,9423,9964,10505,11046,11587,12128,12669,13210,13751,14292,14833,15374,15915,16456,16997,17538,18079,18620,19161,19702,20243,20784,21325,21866,22407,22948,23489,24030,24571,25112,25653,26194,26735,27276,27817,28358,28899,29440,29981,30522,31063,31604,32145,32686,33227,33768,34309,34850,35391,35932,36473,37014,37555,38096,38637,39178,39719,40260,40801,41342,41883,42424,42965,43506,44047,44588,45129,45670,46211,46752,47293,47834,48375,48916,49457,49998,50539,51080,51621,52162,52703,53244,53785,54326,54867,55408,55949,56490,57031,57572,58113,58654,59195,59736,60277,60818,61359,61900,62441,62982,63523,64064,64605,65146,65687,66228,66769,67310,67851,68392,68933,69474,70015,70556,71097,71638,72179,72720,73261,73802,74343,74884,75425,75966,76507,77048,77589,78130,78671,79212,79753,80294,80835,81376,81917,82458,82999,83540,84081,84622,85163,85704,86245,86786,87327,87868,88409,88950,89491,90032,90573,91114,91655,92196,92737,93278,93819,94360,94901,95442,95983,96524,97065,97606,98147,98688,99229,99770,100311,100852,101393,101934,102475,103016,103557,104098,104639,105180,105721,106262,106803,107344,107885,108426,108967,109508,110049,110590,111131,111672,112213,112754,113295,113836,114377,114918,115459,116000,116541,117082,117623,118164,118705,119246,119787,120328,120869,121410,121951,122492,123033,123574,124115,124656,125197,125738,126279,126820,127361,127902,128443,128984,129525,130066,130607,131148,131689,132230,132771,133312,133853,134394,134935,135476,136017,136558,137099,137640,138181,138722,139263,139804,140345,140886,141427,141968,142509,143050,143591,144132,144673,145214,145755,146296,-145844,-145303,-144762,-144221,-143680,-143139,-142598,-142057,-141516,-140975,-140434,-139893,-139352,-138811,-138270,-137729,-137188,-136647,-136106,-135565,-135024,-134483,-133942,-133401,-132860,-132319,-131778,-131237,-130696,-130155,-129614,-129073,-128532,-127991,-127450,-126909,-126368,-125827,-125286,-124745,-124204,-123663,-123122,-122581,-122266,-122040,-121499,-120958,-120417,-119876,-119335,-118794,-118253,-117712,-117171,-116630,-116089,-115548,-115007,-114466,-113925,-113384,-112843,-112302,-111761,-111220,-110679,-110138,-109597,-109056,-108515,-107974,-107433,-106892,-106351,-105810,-105269,-104728,-104187,-103646,-103105,-102564,-102023,-101482,-100941,-100400,-99859,-99318,-98777,-98236,-97695,-97154,-96613,-96072,-95531,-94990,-94449,-93908,-93367,-92826,-92285,-91744,-91203,-90662,-90121,-89580,-89039,-88498,-87957,-87416,-86875,-86334,-85793,-85252,-84711,-84170,-83629,-83088,-82547,-82006,-81465,-80924,-80383,-79842,-79301,-78760,-78219,-77678,-77137,-76596,-76055,-75514,-74973,-74432,-73891,-73350,-72809,-72268,-71727,-71186,-70645,-70104,-69563,-69022,-68481,-67940,-67399,-66858,-66317,-65776,-65235,-64694,-64153,-63612,-63071,-62530,-61989,-61448,-60907,-60366,-59825,-59284,-58743,-58202,-57661,-57120,-56579,-56038,-55497,-54956,-54415,-53874,-53333,-52792,-52251,-51710,-51169,-50628,-50087,-49546,-49005,-48464,-47923,-47382,-46841,-46300,-45759,-45218,-44677,-44136,-43595,-43054,-42513,-41972,-41431,-40890,-40349,-39808,-39267,-38726,-38185,-37644,-37103,-36562,-36021,-35480,-34939,-34398,-33857,-33316,-32775,-32234,-31693,-31152,-30611,-30070,-29529,-28988,-28447,-27906,-27365,-26824,-26283,-25742,-25201,-24660,-24119,-23578,-23037,-22496,-21955,-21414,-20873,-20332,-19791,-19250,-18709,-18168,-17627,-17086,-16545,-16004,-15463,-14922,-14381,-13840,-13299,-12758,-12217,-11676,-11135,-10594,-10053,-9512,-8971,-8430,-7889,-7348,-6807,-6266,-5725,-5184,-4643,-4102,-3561,-3020,-2479,-1938,-1397,-856,-315
227,768,1309,1850,2391,2932,3473,4014,4555,5096,5637,6178,6719,7260,7801,8342,8883,9424,9965,10506,11047,11588,12129,12670,13211,13752,14293,14834,15375,15916,16457,16998,17539,18080,18621,19162,19703,20244,20785,21326,21867,22408,22949,23490,24031,24572,25113,25654,26195,26736,27277,27818,28359,28900,29441,29982,30523,31064,31605,32146,32687,33228,33769,34310,34851,35392,35933,36474,37015,37556,38097,38638,39179,39720,40261,40802,41343,41884,42425,42966,43507,44048,44589,45130,45671,46212,46753,47294,47835,48376,48917,49458,49999,50540,51081,51622,52163,52704,53245,53786,54327,54868,55409,55950,56491,57032,57573,58114,58655,59196,59737,60278,60819,61360,61901,62442,62983,63524,64065,64606,65147,65688,66229,66770,67311,67852,68393,68934,69475,70016,70557,71098,71639,72180,72721,73262,73803,74344,74885,75426,75967,76508,77049,77590,78131,78672,79213,79754,80295,80836,81377,81918,82459,83000,83541,84082,84623,85164,85705,86246,86787,87328,87869,88410,88951,89492,90033,90574,91115,91656,92197,92738,93279,93820,94361,94902,95443,95984,96525,97066,97607,98148,98689,99230,99771,100312,100853,101394,101935,102476,103017,103558,104099,104640,105181,105722,106263,106804,107345,107886,108427,108968,109509,110050,110591,111132,111673,112214,112755,113296,113837,114378,114919,115460,116001,116542,117083,117624,118165,118706,119247,119788,120329,120870,121411,121952,122493,123034,123575,124116,124657,125198,125739,126280,126821,127362,127903,128444,128985,129526,130067,130608,131149,131690,132231,132772,133313,133854,134395,134936,135477,136018,136559,137100,137641,138182,138723,139264,139805,140346,140887,141428,141969,142510,143051,143592,144133,144674,145215,145756,146297,-145843,-145302,-144761,-144220,-143679,-143138,-142597,-142056,-141515,-140974,-140433,-139892,-139351,-138810,-138269,-137728,-137187,-136646,-136105,-135564,-135023,-134482,-133941,-133400,-132859,-132318,-131777,-131236,-130695,-130154,-129613,-129072,-128531,-127990,-127449,-126908,-126367,-125826,-125285,-124744,-124203,-123662,-123121,-122807,-122580,-122039,-121498,-120957,-120416,-119875,-119334,-118793,-118252,-117711,-117170,-116629,-116088,-115547,-115006,-114465,-113924,-113383,-112842,-112301,-111760,-111219,-110678,-110137,-109596,-109055,-108514,-107973,-107432,-106891,-106350,-105809,-105268,-104727,-104186,-103645,-103104,-102563,-102022,-101481,-100940,-100399,-99858,-99317,-98776,-98235,-97694,-97153,-96612,-96071,-95530,-94989,-94448,-93907,-93366,-92825,-92284,-91743,-91202,-90661,-90120,-89579,-89038,-88497,-87956,-87415,-86874,-86333,-85792,-85251,-84710,-84169,-83628,-83087,-82546,-82005,-81464,-80923,-80382,-79841,-79300,-78759,-78218,-77677,-77136,-76595,-76054,-75513,-74972,-74431,-73890,-73349,-72808,-72267,-71726,-71185,-70644,-70103,-69562,-69021,-68480,-67939,-67398,-66857,-66316,-65775,-65234,-64693,-64152,-63611,-63070,-62529,-61988,-61447,-60906,-60365,-59824,-59283,-58742,-58201,-57660,-57119,-56578,-56037,-55496,-54955,-54414,-53873,-53332,-52791,-52250,-51709,-51168,-50627,-50086,-49545,-49004,-48463,-47922,-47381,-46840,-46299,-45758,-45217,-44676,-44135,-43594,-43053,-42512,-41971,-41430,-40889,-40348,-39807,-39266,-38725,-38184,-37643,-37102,-36561,-36020,-35479,-34938,-34397,-33856,-33315,-32774,-32233,-31692,-31151,-30610,-30069,-29528,-28987,-28446,-27905,-27364,-26823,-26282,-25741,-25200,-24659,-24118,-23577,-23036,-22495,-21954,-21413,-20872,-20331,-19790,-19249,-18708,-18167,-17626,-17085,-16544,-16003,-15462,-14921,-14380,-13839,-13298,-12757,-12216,-11675,-11134,-10593,-10052,-9511,-8970,-8429,-7888,-7347,-6806,-6265,-5724,-5183,-4642,-4101,-3560,-3019,-2478,-1937,-1396,-855,-314
228,769,1310,1851,2392,2933,3474,4015,4556,5097,5638,6179,6720,7261,7802,8343,8884,9425,9966,10507,11048,11589,12130,12671,13212,13753,14294,14835,15376,15917,16458,16999,17540,18081,18622,19163,19704,20245,20786,21327,21868,22409,22950,23491,24032,24573,25114,25655,26196,26737,27278,27819,28360,28901,29442,29983,30524,31065,31606,32147,32688,33229,33770,34311,34852,35393,35934,36475,37016,37557,38098,38639,39180,39721,40262,40803,41344,41885,42426,42967,43508,44049,44590,45131,45672,46213,46754,47295,47836,48377,48918,49459,50000,50541,51082,51623,52164,52705,53246,53787,54328,54869,55410,55951,56492,57033,57574,58115,58656,59197,59738,60279,60820,61361,61902,62443,62984,63525,64066,64607,65148,65689,66230,66771,67312,67853,68394,68935,69476,70017,70558,71099,71640,72181,72722,73263,73804,74345,74886,75427,75968,76509,77050,77591,78132,78673,79214,79755,80296,80837,81378,81919,82460,83001,83542,84083,84624,85165,85706,86247,86788,87329,87870,88411,88952,89493,90034,90575,91116,91657,92198,92739,93280,93821,94362,94903,95444,95985,96526,97067,97608,98149,98690,99231,99772,100313,100854,101395,101936,102477,103018,103559,104100,104641,105182,105723,106264,106805,107346,107887,108428,108969,109510,110051,110592,111133,111674,112215,112756,113297,113838,114379,114920,115461,116002,116543,117084,117625,118166,118707,119248,119789,120330,120871,121412,121953,122494,123035,123576,124117,124658,125199,125740,126281,126822,127363,127904,128445,128986,129527,130068,130609,131150,131691,132232,132773,133314,133855,134396,134937,135478,136019,136560,137101,137642,138183,138724,139265,139806,140347,140888,141429,141970,142511,143052,143593,144134,144675,145216,145757,146298,-145842,-145301,-144760,-144219,-143678,-143137,-142596,-142055,-141514,-140973,-140432,-139891,-139350,-138809,-138268,-137727,-137186,-136645,-136104,-135563,-135022,-134481,-133940,-133399,-132858,-132317,-131776,-131235,-130694,-130153,-129612,-129071,-128530,-127989,-127448,-126907,-126366,-125825,-125284,-124743,-124202,-123661,-123348,-123120,-122579,-122038,-121497,-120956,-120415,-119874,-119333,-118792,-118251,-117710,-117169,-116628,-116087,-115546,-115005,-114464,-113923,-113382,-112841,-112300,-111759,-111218,-110677,-110136,-109595,-109054,-108513,-107972,-107431,-106890,-106349,-105808,-105267,-104726,-104185,-103644,-103103,-102562,-102021,-101480,-100939,-100398,-99857,-99316,-98775,-98234,-97693,-97152,-96611,-96070,-95529,-94988,-94447,-93906,-93365,-92824,-92283,-91742,-91201,-90660,-90119,-89578,-89037,-88496,-87955,-87414,-86873,-86332,-85791,-85250,-84709,-84168,-83627,-83086,-82545,-82004,-81463,-80922,-80381,-79840,-79299,-78758,-78217,-77676,-77135,-76594,-76053,-75512,-74971,-74430,-73889,-73348,-72807,-72266,-71725,-71184,-70643,-70102,-69561,-69020,-68479,-67938,-67397,-66856,-66315,-65774,-65233,-64692,-64151,-63610,-63069,-62528,-61987,-61446,-60905,-60364,-59823,-59282,-58741,-58200,-57659,-57118,-56577,-56036,-55495,-54954,-54413,-53872,-53331,-52790,-52249,-51708,-51167,-50626,-50085,-49544,-49003,-48462,-47921,-47380,-46839,-46298,-45757,-45216,-44675,-44134,-43593,-43052,-42511,-41970,-41429,-40888,-40347,-39806,-39265,-38724,-38183,-37642,-37101,-36560,-36019,-35478,-34937,-34396,-33855,-33314,-32773,-32232,-31691,-31150,-30609,-30068,-29527,-28986,-28445,-27904,-27363,-26822,-26281,-25740,-25199,-24658,-24117,-23576,-23035,-22494,-21953,-21412,-20871,-20330,-19789,-19248,-18707,-18166,-17625,-17084,-16543,-16002,-15461,-14920,-14379,-13838,-13297,-12756,-12215,-11674,-11133,-10592,-10051,-9510,-8969,-8428,-7887,-7346,-6805,-6264,-5723,-5182,-4641,-4100,-3559,-3018,-2477,-1936,-1395,-854,-313
229,770,1311,1852,2393,2934,3475,4016,4557,5098,5639,6180,6721,7262,7803,8344,8885,9426,9967,10508,11049,11590,12131,12672,13213,13754,14295,14836,15377,15918,16459,17000,17541,18082,18623,19164,19705,20246,20787,21328,21869,22410,22951,23492,24033,24574,25115,25656,26197,26738,27279,27820,28361,28902,29443,29984,30525,31066,31607,32148,32689,33230,33771,34312,34853,35394,35935,36476,37017,37558,38099,38640,39181,39722,40263,40804,41345,41886,42427,42968,43509,44050,44591,45132,45673,46214,46755,47296,47837,48378,48919,49460,50001,50542,51083,51624,52165,52706,53247,53788,54329,54870,55411,55952,56493,57034,57575,58116,58657,59198,59739,60280,60821,61362,61903,62444,62985,63526,64067,64608,65149,65690,66231,66772,67313,67854,68395,68936,69477,70018,70559,71100,71641,72182,72723,73264,73805,74346,74887,75428,75969,76510,77051,77592,78133,78674,79215,79756,80297,80838,81379,81920,82461,83002,83543,84084,84625,85166,85707,86248,86789,87330,87871,88412,88953,89494,90035,90576,91117,91658,92199,92740,93281,93822,94363,94904,95445,95986,96527,97068,97609,98150,98691,99232,99773,100314,100855,101396,101937,102478,103019,103560,104101,104642,105183,105724,106265,106806,107347,107888,108429,108970,109511,110052,110593,111134,111675,112216,112757,113298,113839,114380,114921,115462,116003,116544,117085,117626,118167,118708,119249,119790,120331,120872,121413,121954,122495,123036,123577,124118,124659,125200,125741,126282,126823,127364,127905,128446,128987,129528,130069,130610,131151,131692,132233,132774,133315,133856,134397,134938,135479,136020,136561,137102,137643,138184,138725,139266,139807,140348,140889,141430,141971,142512,143053,143594,144135,144676,145217,145758,146299,-145841,-145300,-144759,-144218,-143677,-143136,-142595,-142054,-141513,-140972,-140431,-139890,-139349,-138808,-138267,-137726,-137185,-136644,-136103,-135562,-135021,-134480,-133939,-133398,-132857,-132316,-131775,-131234,-130693,-130152,-129611,-129070,-128529,-127988,-127447,-126906,-126365,-125824,-125283,-124742,-124201,-123889,-123660,-123119,-122578,-122037,-121496,-120955,-120414,-119873,-119332,-118791,-118250,-117709,-117168,-116627,-116086,-115545,-115004,-114463,-113922,-113381,-112840,-112299,-111758,-111217,-110676,-110135,-109594,-109053,-108512,-107971,-107430,-106889,-106348,-105807,-105266,-104725,-104184,-103643,-103102,-102561,-102020,-101479,-100938,-100397,-99856,-99315,-98774,-98233,-97692,-97151,-96610,-96069,-95528,-94987,-94446,-93905,-93364,-92823,-92282,-91741,-91200,-90659,-90118,-89577,-89036,-88495,-87954,-87413,-86872,-86331,-85790,-85249,-84708,-84167,-83626,-83085,-82544,-82003,-81462,-80921,-80380,-79839,-79298,-78757,-78216,-77675,-77134,-76593,-76052,-75511,-74970,-74429,-73888,-73347,-72806,-72265,-71724,-71183,-70642,-70101,-69560,-69019,-68478,-67937,-67396,-66855,-66314,-65773,-65232,-64691,-64150,-63609,-63068,-62527,-61986,-61445,-60904,-60363,-59822,-59281,-58740,-58199,-57658,-57117,-56576,-56035,-55494,-54953,-54412,-53871,-53330,-52789,-52248,-51707,-51166,-50625,-50084,-49543,-49002,-48461,-47920,-47379,-46838,-46297,-45756,-45215,-44674,-44133,-43592,-43051,-42510,-41969,-41428,-40887,-40346,-39805,-39264,-38723,-38182,-37641,-37100,-36559,-36018,-35477,-34936,-34395,-33854,-33313,-32772,-32231,-31690,-31149,-30608,-30067,-29526,-28985,-28444,-27903,-27362,-26821,-26280,-25739,-25198,-24657,-24116,-23575,-23034,-22493,-21952,-21411,-20870,-20329,-19788,-19247,-18706,-18165,-17624,-17083,-16542,-16001,-15460,-14919,-14378,-13837,-13296,-12755,-12214,-11673,-11132,-10591,-10050,-9509,-8968,-8427,-7886,-7345,-6804,-6263,-5722,-5181,-4640,-4099,-3558,-3017,-2476,-1935,-1394,-853,-312
230,771,1312,1853,2394,2935,3476,4017,4558,5099,5640,6181,6722,7263,7804,8345,8886,9427,9968,10509,11050,11591,12132,12673,13214,13755,14296,14837,15378,15919,16460,17001,17542,18083,18624,19165,19706,20247,20788,21329,21870,22411,22952,23493,24034,24575,25116,25657,26198,26739,27280,27821,28362,28903,29444,29985,30526,31067,31608,32149,32690,33231,33772,34313,34854,35395,35936,36477,37018,37559,38100,38641,39182,39723,40264,40805,41346,41887,42428,42969,43510,44051,44592,45133,45674,46215,46756,47297,47838,48379,48920,49461,50002,50543,51084,51625,52166,52707,53248,53789,54330,54871,55412,55953,56494,57035,57576,58117,58658,59199,59740,60281,60822,61363,61904,62445,62986,63527,64068,64609,65150,65691,66232,66773,67314,67855,68396,68937,69478,70019,70560,71101,71642,72183,72724,73265,73806,74347,74888,75429,75970,76511,77052,77593,78134,78675,79216,79757,80298,80839,81380,81921,82462,83003,83544,84085,84626,85167,85708,86249,86790,87331,87872,88413,88954,89495,90036,90577,91118,91659,92200,92741,93282,93823,94364,94905,95446,95987,96528,97069,97610,98151,98692,99233,99774,100315,100856,101397,101938,102479,103020,103561,104102,104643,105184,105725,106266,106807,107348,107889,108430,108971,109512,110053,110594,111135,111676,112217,112758,113299,113840,114381,114922,115463,116004,116545,117086,117627,118168,118709,119250,119791,120332,120873,121414,121955,122496,123037,123578,124119,124660,125201,125742,126283,126824,127365,127906,128447,128988,129529,130070,130611,131152,131693,132234,132775,133316,133857,134398,134939,135480,136021,136562,137103,137644,138185,138726,139267,139808,140349,140890,141431,141972,142513,143054,143595,144136,144677,145218,145759,146300,-145840,-145299,-144758,-144217,-143676,-143135,-142594,-142053,-141512,-140971,-140430,-139889,-139348,-138807,-138266,-137725,-137184,-136643,-136102,-135561,-135020,-134479,-133938,-133397,-132856,-132315,-131774,-131233,-130692,-130151,-129610,-129069,-128528,-127987,-127446,-126905,-126364,-125823,-125282,-124741,-124430,-124200,-123659,-123118,-122577,-122036,-121495,-120954,-120413,-119872,-119331,-118790,-118249,-117708,-117167,-116626,-116085,-115544,-115003,-114462,-113921,-113380,-112839,-112298,-111757,-111216,-110675,-110134,-109593,-109052,-108511,-107970,-107429,-106888,-106347,-105806,-105265,-104724,-104183,-103642,-103101,-102560,-102019,-101478,-100937,-100396,-99855,-99314,-98773,-98232,-97691,-97150,-96609,-96068,-95527,-94986,-94445,-93904,-93363,-92822,-92281,-91740,-91199,-90658,-90117,-89576,-89035,-88494,-87953,-87412,-86871,-86330,-85789,-85248,-84707,-84166,-83625,-83084,-82543,-82002,-81461,-80920,-80379,-79838,-79297,-78756,-78215,-77674,-77133,-76592,-76051,-75510,-74969,-74428,-73887,-73346,-72805,-72264,-71723,-71182,-70641,-70100,-69559,-69018,-68477,-67936,-67395,-66854,-66313,-65772,-65231,-64690,-64149,-63608,-63067,-62526,-61985,-61444,-60903,-60362,-59821,-59280,-58739,-58198,-57657,-57116,-56575,-56034,-55493,-54952,-54411,-53870,-53329,-52788,-52247,-51706,-51165,-50624,-50083,-49542,-49001,-48460,-47919,-47378,-46837,-46296,-45755,-45214,-44673,-44132,-43591,-43050,-42509,-41968,-41427,-40886,-40345,-39804,-39263,-38722,-38181,-37640,-37099,-36558,-36017,-35476,-34935,-34394,-33853,-33312,-32771,-32230,-31689,-31148,-30607,-30066,-29525,-28984,-28443,-27902,-27361,-26820,-26279,-25738,-25197,-24656,-24115,-23574,-23033,-22492,-21951,-21410,-20869,-20328,-19787,-19246,-18705,-18164,-17623,-17082,-16541,-16000,-15459,-14918,-14377,-13836,-13295,-12754,-12213,-11672,-11131,-10590,-10049,-9508,-8967,-8426,-7885,-7344,-6803,-6262,-5721,-5180,-4639,-4098,-3557,-3016,-2475,-1934,-1393,-852,-311
231,772,1313,1854,2395,2936,3477,4018,4559,5100,5641,6182,6723,7264,7805,8346,8887,9428,9969,10510,11051,11592,12133,12674,13215,13756,14297,14838,15379,15920,16461,17002,17543,18084,18625,19166,19707,20248,20789,21330,21871,22412,22953,23494,24035,24576,25117,25658,26199,26740,27281,27822,28363,28904,29445,29986,30527,31068,31609,32150,32691,33232,33773,34314,34855,35396,35937,36478,37019,37560,38101,38642,39183,39724,40265,40806,41347,41888,42429,42970,43511,44052,44593,45134,45675,46216,46757,47298,47839,48380,48921,49462,50003,50544,51085,51626,52167,52708,53249,53790,54331,54872,55413,55954,56495,57036,57577,58118,58659,59200,59741,60282,60823,61364,61905,62446,62987,63528,64069,64610,65151,65692,66233,66774,67315,67856,68397,68938,69479,70020,70561,71102,71643,72184,72725,73266,73807,74348,74889,75430,75971,76512,77053,77594,78135,78676,79217,79758,80299,80840,81381,81922,82463,83004,83545,84086,84627,85168,85709,86250,86791,87332,87873,88414,88955,89496,90037,90578,91119,91660,92201,92742,93283,93824,94365,94906,95447,95988,96529,97070,97611,98152,98693,99234,99775,100316,100857,101398,101939,102480,103021,103562,104103,104644,105185,105726,106267,106808,107349,107890,108431,108972,109513,110054,110595,111136,111677,112218,112759,113300,113841,114382,114923,115464,116005,116546,117087,117628,118169,118710,119251,119792,120333,120874,121415,121956,122497,123038,123579,124120,124661,125202,125743,126284,126825,127366,127907,128448,128989,129530,130071,130612,131153,131694,132235,132776,133317,133858,134399,134940,135481,136022,136563,137104,137645,138186,138727,139268,139809,140350,140891,141432,141973,142514,143055,143596,144137,144678,145219,145760,146301,-145839,-145298,-144757,-144216,-143675,-143134,-142593,-142052,-141511,-140970,-140429,-139888,-139347,-138806,-138265,-137724,-137183,-136642,-136101,-135560,-135019,-134478,-133937,-133396,-132855,-132314,-131773,-131232,-130691,-130150,-129609,-129068,-128527,-127986,-127445,-126904,-126363,-125822,-125281,-124971,-124740,-124199,-123658,-123117,-122576,-122035,-121494,-120953,-120412,-119871,-119330,-118789,-118248,-117707,-117166,-116625,-116084,-115543,-115002,-114461,-113920,-113379,-112838,-112297,-111756,-111215,-110674,-110133,-109592,-109051,-108510,-107969,-107428,-106887,-106346,-105805,-105264,-104723,-104182,-103641,-103100,-102559,-102018,-101477,-100936,-100395,-99854,-99313,-98772,-98231,-97690,-97149,-96608,-96067,-95526,-94985,-94444,-93903,-93362,-92821,-92280,-91739,-91198,-90657,-90116,-89575,-89034,-88493,-87952,-87411,-86870,-86329,-85788,-85247,-84706,-84165,-83624,-83083,-82542,-82001,-81460,-80919,-80378,-79837,-79296,-78755,-78214,-77673,-77132,-76591,-76050,-75509,-74968,-74427,-73886,-73345,-72804,-72263,-71722,-71181,-70640,-70099,-69558,-69017,-68476,-67935,-67394,-66853,-66312,-65771,-65230,-64689,-64148,-63607,-63066,-62525,-61984,-61443,-60902,-60361,-59820,-59279,-58738,-58197,-57656,-57115,-56574,-56033,-55492,-54951,-54410,-53869,-53328,-52787,-52246,-51705,-51164,-50623,-50082,-49541,-49000,-48459,-47918,-47377,-46836,-46295,-45754,-45213,-44672,-44131,-43590,-43049,-42508,-41967,-41426,-40885,-40344,-39803,-39262,-38721,-38180,-37639,-37098,-36557,-36016,-35475,-34934,-34393,-33852,-33311,-32770,-32229,-31688,-31147,-30606,-30065,-29524,-28983,-28442,-27901,-27360,-26819,-26278,-25737,-25196,-24655,-24114,-23573,-23032,-22491,-21950,-21409,-20868,-20327,-19786,-19245,-18704,-18163,-17622,-17081,-16540,-15999,-15458,-14917,-14376,-13835,-13294,-12753,-12212,-11671,-11130,-10589,-10048,-9507,-8966,-8425,-7884,-7343,-6802,-6261,-5720,-5179,-4638,-4097,-3556,-3015,-2474,-1933,-1392,-851,-310
232,773,1314,1855,2396,2937,3478,4019,4560,5101,5642,6183,6724,7265,7806,8347,8888,9429,9970,10511,11052,11593,12134,12675,13216,13757,14298,14839,15380,15921,16462,17003,17544,18085,18626,19167,19708,20249,20790,21331,21872,22413,22954,23495,24036,24577,25118,25659,26200,26741,27282,27823,28364,28905,29446,29987,30528,31069,31610,32151,32692,33233,33774,34315,34856,35397,35938,36479,37020,37561,38102,38643,39184,39725,40266,40807,41348,41889,42430,42971,43512,44053,44594,45135,45676,46217,46758,47299,47840,48381,48922,49463,50004,50545,51086,51627,52168,52709,53250,53791,54332,54873,55414,55955,56496,57037,57578,58119,58660,59201,59742,60283,60824,61365,61906,62447,62988,63529,64070,64611,65152,65693,66234,66775,67316,67857,68398,68939,69480,70021,70562,71103,71644,72185,72726,73267,73808,74349,74890,75431,75972,76513,77054,77595,78136,78677,79218,79759,80300,80841,81382,81923,82464,83005,83546,84087,84628,85169,85710,86251,86792,87333,87874,88415,88956,89497,90038,90579,91120,91661,92202,92743,93284,93825,94366,94907,95448,95989,96530,97071,97612,98153,98694,99235,99776,100317,100858,101399,101940,102481,103022,103563,104104,104645,105186,105727,106268,106809,107350,107891,108432,108973,109514,110055,110596,111137,111678,112219,112760,113301,113842,114383,114924,115465,116006,116547,117088,117629,118170,118711,119252,119793,120334,120875,121416,121957,122498,123039,123580,124121,124662,125203,125744,126285,126826,127367,127908,128449,128990,129531,130072,130613,131154,131695,132236,132777,133318,133859,134400,134941,135482,136023,136564,137105,137646,138187,138728,139269,139810,140351,140892,141433,141974,142515,143056,143597,144138,144679,145220,145761,146302,-145838,-145297,-144756,-144215,-143674,-143133,-142592,-142051,-141510,-140969,-140428,-139887,-139346,-138805,-138264,-137723,-137182,-136641,-136100,-135559,-135018,-134477,-133936,-133395,-132854,-132313,-131772,-131231,-130690,-130149,-129608,-129067,-128526,-127985,-127444,-126903,-126362,-125821,-125512,-125280,-124739,-124198,-123657,-123116,-122575,-122034,-121493,-120952,-120411,-119870,-119329,-118788,-118247,-117706,-117165,-116624,-116083,-115542,-115001,-114460,-113919,-113378,-112837,-112296,-111755,-111214,-110673,-110132,-109591,-109050,-108509,-107968,-107427,-106886,-106345,-105804,-105263,-104722,-104181,-103640,-103099,-102558,-102017,-101476,-100935,-100394,-99853,-99312,-98771,-98230,-97689,-97148,-96607,-96066,-95525,-94984,-94443,-93902,-93361,-92820,-92279,-91738,-91197,-90656,-90115,-89574,-89033,-88492,-87951,-87410,-86869,-86328,-85787,-85246,-84705,-84164,-83623,-83082,-82541,-82000,-81459,-80918,-80377,-79836,-79295,-78754,-78213,-77672,-77131,-76590,-76049,-75508,-74967,-74426,-73885,-73344,-72803,-72262,-71721,-71180,-70639,-70098,-69557,-69016,-68475,-67934,-67393,-66852,-66311,-65770,-65229,-64688,-64147,-63606,-63065,-62524,-61983,-61442,-60901,-60360,-59819,-59278,-58737,-58196,-57655,-57114,-56573,-56032,-55491,-54950,-54409,-53868,-53327,-52786,-52245,-51704,-51163,-50622,-50081,-49540,-48999,-48458,-47917,-47376,-46835,-46294,-45753,-45212,-44671,-44130,-43589,-43048,-42507,-41966,-41425,-40884,-40343,-39802,-39261,-38720,-38179,-37638,-37097,-36556,-36015,-35474,-34933,-34392,-33851,-33310,-32769,-32228,-31687,-31146,-30605,-30064,-29523,-28982,-28441,-27900,-27359,-26818,-26277,-25736,-25195,-24654,-24113,-23572,-23031,-22490,-21949,-21408,-20867,-20326,-19785,-19244,-18703,-18162,-17621,-17080,-16539,-15998,-15457,-14916,-14375,-13834,-13293,-12752,-12211,-11670,-11129,-10588,-10047,-9506,-8965,-8424,-7883,-7342,-6801,-6260,-5719,-5178,-4637,-4096,-3555,-3014,-2473,-1932,-1391,-850,-309
233,774,1315,1856,2397,2938,3479,4020,4561,5102,5643,6184,6725,7266,7807,8348,8889,9430,9971,10512,11053,11594,12135,12676,13217,13758,14299,14840,15381,15922,16463,17004,17545,18086,18627,19168,19709,20250,20791,21332,21873,22414,22955,23496,24037,24578,25119,25660,26201,26742,27283,27824,28365,28906,29447,29988,30529,31070,31611,32152,32693,33234,33775,34316,34857,35398,35939,36480,37021,37562,38103,38644,39185,39726,40267,40808,41349,41890,42431,42972,43513,44054,44595,45136,45677,46218,46759,47300,47841,48382,48923,49464,50005,50546,51087,51628,52169,52710,53251,53792,54333,54874,55415,55956,56497,57038,57579,58120,58661,59202,59743,60284,60825,61366,61907,62448,62989,63530,64071,64612,65153,65694,66235,66776,67317,67858,68399,68940,69481,70022,70563,71104,71645,72186,72727,73268,73809,74350,74891,75432,75973,76514,77055,77596,78137,78678,79219,79760,80301,80842,81383,81924,82465,83006,83547,84088,84629,85170,85711,86252,86793,87334,87875,88416,88957,89498,90039,90580,91121,91662,92203,92744,93285,93826,94367,94908,95449,95990,96531,97072,97613,98154,98695,99236,99777,100318,100859,101400,101941,102482,103023,103564,104105,104646,105187,105728,106269,106810,107351,107892,108433,108974,109515,110056,110597,111138,111679,112220,112761,113302,113843,114384,114925,115466,116007,116548,117089,117630,118171,118712,119253,119794,120335,120876,121417,121958,122499,123040,123581,124122,124663,125204,125745,126286,126827,127368,127909,128450,128991,129532,130073,130614,131155,131696,132237,132778,133319,133860,134401,134942,135483,136024,136565,137106,137647,138188,138729,139270,139811,140352,140893,141434,141975,142516,143057,143598,144139,144680,145221,145762,146303,-145837,-145296,-144755,-144214,-143673,-143132,-142591,-142050,-141509,-140968,-140427,-139886,-139345,-138804,-138263,-137722,-137181,-136640,-136099,-135558,-135017,-134476,-133935,-133394,-132853,-132312,-131771,-131230,-130689,-130148,-129607,-129066,-128525,-127984,-127443,-126902,-126361,-126053,-125820,-125279,-124738,-124197,-123656,-123115,-122574,-122033,-121492,-120951,-120410,-119869,-119328,-118787,-118246,-117705,-117164,-116623,-116082,-115541,-115000,-114459,-113918,-113377,-112836,-112295,-111754,-111213,-110672,-110131,-109590,-109049,-108508,-107967,-107426,-106885,-106344,-105803,-105262,-104721,-104180,-103639,-103098,-102557,-102016,-101475,-100934,-100393,-99852,-99311,-98770,-98229,-97688,-97147,-96606,-96065,-95524,-94983,-94442,-93901,-93360,-92819,-92278,-91737,-91196,-90655,-90114,-89573,-89032,-88491,-87950,-87409,-86868,-86327,-85786,-85245,-84704,-84163,-83622,-83081,-82540,-81999,-81458,-80917,-80376,-79835,-79294,-78753,-78212,-77671,-77130,-76589,-76048,-75507,-74966,-74425,-73884,-73343,-72802,-72261,-71720,-71179,-70638,-70097,-69556,-69015,-68474,-67933,-67392,-66851,-66310,-65769,-65228,-64687,-64146,-63605,-63064,-62523,-61982,-61441,-60900,-60359,-59818,-59277,-58736,-58195,-57654,-57113,-56572,-56031,-55490,-54949,-54408,-53867,-53326,-52785,-52244,-51703,-51162,-50621,-50080,-49539,-48998,-48457,-47916,-47375,-46834,-46293,-45752,-45211,-44670,-44129,-43588,-43047,-42506,-41965,-41424,-40883,-40342,-39801,-39260,-38719,-38178,-37637,-37096,-36555,-36014,-35473,-34932,-34391,-33850,-33309,-32768,-32227,-31686,-31145,-30604,-30063,-29522,-28981,-28440,-27899,-27358,-26817,-26276,-25735,-25194,-24653,-24112,-23571,-23030,-22489,-21948,-21407,-20866,-20325,-19784,-19243,-18702,-18161,-17620,-17079,-16538,-15997,-15456,-14915,-14374,-13833,-13292,-12751,-12210,-11669,-11128,-10587,-10046,-9505,-8964,-8423,-7882,-7341,-6800,-6259,-5718,-5177,-4636,-4095,-3554,-3013,-2472,-1931,-1390,-849,-308
234,775,1316,1857,2398,2939,3480,4021,4562,5103,5644,6185,6726,7267,7808,8349,8890,9431,9972,10513,11054,11595,12136,12677,13218,13759,14300,14841,15382,15923,16464,17005,17546,18087,18628,19169,19710,20251,20792,21333,21874,22415,22956,23497,24038,24579,25120,25661,26202,26743,27284,27825,28366,28907,29448,29989,30530,31071,31612,32153,32694,33235,33776,34317,34858,35399,35940,36481,37022,37563,38104,38645,39186,39727,40268,40809,41350,41891,42432,42973,43514,44055,44596,45137,45678,46219,46760,47301,47842,48383,48924,49465,50006,50547,51088,51629,52170,52711,53252,53793,54334,54875,55416,55957,56498,57039,57580,58121,58662,59203,59744,60285,60826,61367,61908,62449,62990,63531,64072,64613,65154,65695,66236,66777,67318,67859,68400,68941,69482,70023,70564,71105,71646,72187,72728,73269,73810,74351,74892,75433,75974,76515,77056,77597,78138,78679,79220,79761,80302,80843,81384,81925,82466,83007,83548,84089,84630,85171,85712,86253,86794,87335,87876,88417,88958,89499,90040,90581,91122,91663,92204,92745,93286,93827,94368,94909,95450,95991,96532,97073,97614,98155,98696,99237,99778,100319,100860,101401,101942,102483,103024,103565,104106,104647,105188,105729,106270,106811,107352,107893,108434,108975,109516,110057,110598,111139,111680,112221,112762,113303,113844,114385,114926,115467,116008,116549,117090,117631,118172,118713,119254,119795,120336,120877,121418,121959,122500,123041,123582,124123,124664,125205,125746,126287,126828,127369,127910,128451,128992,129533,130074,130615,131156,131697,132238,132779,133320,133861,134402,134943,135484,136025,136566,137107,137648,138189,138730,139271,139812,140353,140894,141435,141976,142517,143058,143599,144140,144681,145222,145763,146304,-145836,-145295,-144754,-144213,-143672,-143131,-142590,-142049,-141508,-140967,-140426,-139885,-139344,-138803,-138262,-137721,-137180,-136639,-136098,-135557,-135016,-134475,-133934,-133393,-132852,-132311,-131770,-131229,-130688,-130147,-129606,-129065,-128524,-127983,-127442,-126901,-126594,-126360,-125819,-125278,-124737,-124196,-123655,-123114,-122573,-122032,-121491,-120950,-120409,-119868,-119327,-118786,-118245,-117704,-117163,-116622,-116081,-115540,-114999,-114458,-113917,-113376,-112835,-112294,-111753,-111212,-110671,-110130,-109589,-109048,-108507,-107966,-107425,-106884,-106343,-105802,-105261,-104720,-104179,-103638,-103097,-102556,-102015,-101474,-100933,-100392,-99851,-99310,-98769,-98228,-97687,-97146,-96605,-96064,-95523,-94982,-94441,-93900,-93359,-92818,-92277,-91736,-91195,-90654,-90113,-89572,-89031,-88490,-87949,-87408,-86867,-86326,-85785,-85244,-84703,-84162,-83621,-83080,-82539,-81998,-81457,-80916,-80375,-79834,-79293,-78752,-78211,-77670,-77129,-76588,-76047,-75506,-74965,-74424,-73883,-73342,-72801,-72260,-71719,-71178,-70637,-70096,-69555,-69014,-68473,-67932,-67391,-66850,-66309,-65768,-65227,-64686,-64145,-63604,-63063,-62522,-61981,-61440,-60899,-60358,-59817,-59276,-58735,-58194,-57653,-57112,-56571,-56030,-55489,-54948,-54407,-53866,-53325,-52784,-52243,-51702,-51161,-50620,-50079,-49538,-48997,-48456,-47915,-47374,-46833,-46292,-45751,-45210,-44669,-44128,-43587,-43046,-42505,-41964,-41423,-40882,-40341,-39800,-39259,-38718,-38177,-37636,-37095,-36554,-36013,-35472,-34931,-34390,-33849,-33308,-32767,-32226,-31685,-31144,-30603,-30062,-29521,-28980,-28439,-27898,-27357,-26816,-26275,-25734,-25193,-24652,-24111,-23570,-23029,-22488,-21947,-21406,-20865,-20324,-19783,-19242,-18701,-18160,-17619,-17078,-16537,-15996,-15455,-14914,-14373,-13832,-13291,-12750,-12209,-11668,-11127,-10586,-10045,-9504,-8963,-8422,-7881,-7340,-6799,-6258,-5717,-5176,-4635,-4094,-3553,-3012,-2471,-1930,-1389,-848,-307
235,776,1317,1858,2399,2940,3481,4022,4563,5104,5645,6186,6727,7268,7809,8350,8891,9432,9973,10514,11055,11596,12137,12678,13219,13760,14301,14842,15383,15924,16465,17006,17547,18088,18629,19170,19711,20252,20793,21334,21875,22416,22957,23498,24039,24580,25121,25662,26203,26744,27285,27826,28367,28908,29449,29990,30531,31072,31613,32154,32695,33236,33777,34318,34859,35400,35941,36482,37023,37564,38105,38646,39187,39728,40269,40810,41351,41892,42433,42974,43515,44056,44597,45138,45679,46220,46761,47302,47843,48384,48925,49466,50007,50548,51089,51630,52171,52712,53253,53794,54335,54876,55417,55958,56499,57040,57581,58122,58663,59204,59745,60286,60827,61368,61909,62450,62991,63532,64073,64614,65155,65696,66237,66778,67319,67860,68401,68942,69483,70024,70565,71106,71647,72188,72729,73270,73811,74352,74893,75434,75975,76516,77057,77598,78139,78680,79221,79762,80303,80844,81385,81926,82467,83008,83549,84090,84631,85172,85713,86254,86795,87336,87877,88418,88959,89500,90041,90582,91123,91664,92205,92746,93287,93828,94369,94910,95451,95992,96533,97074,97615,98156,98697,99238,99779,100320,100861,101402,101943,102484,103025,103566,104107,104648,105189,105730,106271,106812,107353,107894,108435,108976,109517,110058,110599,111140,111681,112222,112763,113304,113845,114386,114927,115468,116009,116550,117091,117632,118173,118714,119255,119796,120337,120878,121419,121960,122501,123042,123583,124124,124665,125206,125747,126288,126829,127370,127911,128452,128993,129534,130075,130616,131157,131698,132239,132780,133321,133862,134403,134944,135485,136026,136567,137108,137649,138190,138731,139272,139813,140354,140895,141436,141977,142518,143059,143600,144141,144682,145223,145764,146305,-145835,-145294,-144753,-144212,-143671,-143130,-142589,-142048,-141507,-140966,-140425,-139884,-139343,-138802,-138261,-137720,-137179,-136638,-136097,-135556,-135015,-134474,-133933,-133392,-132851,-132310,-131769,-131228,-130687,-130146,-129605,-129064,-128523,-127982,-127441,-127135,-126900,-126359,-125818,-125277,-124736,-124195,-123654,-123113,-122572,-122031,-121490,-120949,-120408,-119867,-119326,-118785,-118244,-117703,-117162,-116621,-116080,-115539,-114998,-114457,-113916,-113375,-112834,-112293,-111752,-111211,-110670,-110129,-109588,-109047,-108506,-107965,-107424,-106883,-106342,-105801,-105260,-104719,-104178,-103637,-103096,-102555,-102014,-101473,-100932,-100391,-99850,-99309,-98768,-98227,-97686,-97145,-96604,-96063,-95522,-94981,-94440,-93899,-93358,-92817,-92276,-91735,-91194,-90653,-90112,-89571,-89030,-88489,-87948,-87407,-86866,-86325,-85784,-85243,-84702,-84161,-83620,-83079,-82538,-81997,-81456,-80915,-80374,-79833,-79292,-78751,-78210,-77669,-77128,-76587,-76046,-75505,-74964,-74423,-73882,-73341,-72800,-72259,-71718,-71177,-70636,-70095,-69554,-69013,-68472,-67931,-67390,-66849,-66308,-65767,-65226,-64685,-64144,-63603,-63062,-62521,-61980,-61439,-60898,-60357,-59816,-59275,-58734,-58193,-57652,-57111,-56570,-56029,-55488,-54947,-54406,-53865,-53324,-52783,-52242,-51701,-51160,-50619,-50078,-49537,-48996,-48455,-47914,-47373,-46832,-46291,-45750,-45209,-44668,-44127,-43586,-43045,-42504,-41963,-41422,-40881,-40340,-39799,-39258,-38717,-38176,-37635,-37094,-36553,-36012,-35471,-34930,-34389,-33848,-33307,-32766,-32225,-31684,-31143,-30602,-30061,-29520,-28979,-28438,-27897,-27356,-26815,-26274,-25733,-25192,-24651,-24110,-23569,-23028,-22487,-21946,-21405,-20864,-20323,-19782,-19241,-18700,-18159,-17618,-17077,-16536,-15995,-15454,-14913,-14372,-13831,-13290,-12749,-12208,-11667,-11126,-10585,-10044,-9503,-8962,-8421,-7880,-7339,-6798,-6257,-5716,-5175,-4634,-4093,-3552,-3011,-2470,-1929,-1388,-847,-306
236,777,1318,1859,2400,2941,3482,4023,4564,5105,5646,6187,6728,7269,7810,8351,8892,9433,9974,10515,11056,11597,12138,12679,13220,13761,14302,14843,15384,15925,16466,17007,17548,18089,18630,19171,19712,20253,20794,21335,21876,22417,22958,23499,24040,24581,25122,25663,26204,26745,27286,27827,28368,28909,29450,29991,30532,31073,31614,32155,32696,33237,33778,34319,34860,35401,35942,36483,37024,37565,38106,38647,39188,39729,40270,40811,41352,41893,42434,42975,43516,44057,44598,45139,45680,46221,46762,47303,47844,48385,48926,49467,50008,50549,51090,51631,52172,52713,53254,53795,54336,54877,55418,55959,56500,57041,57582,58123,58664,59205,59746,60287,60828,61369,61910,62451,62992,63533,64074,64615,65156,65697,66238,66779,67320,67861,68402,68943,69484,70025,70566,71107,71648,72189,72730,73271,73812,74353,74894,75435,75976,76517,77058,77599,78140,78681,79222,79763,80304,80845,81386,81927,82468,83009,83550,84091,84632,85173,85714,86255,86796,87337,87878,88419,88960,89501,90042,90583,91124,91665,92206,92747,93288,93829,94370,94911,95452,95993,96534,97075,97616,98157,98698,99239,99780,100321,100862,101403,101944,102485,103026,103567,104108,104649,105190,105731,106272,106813,107354,107895,108436,108977,109518,110059,110600,111141,111682,112223,112764,113305,113846,114387,114928,115469,116010,116551,117092,117633,118174,118715,119256,119797,120338,120879,121420,121961,122502,123043,123584,124125,124666,125207,125748,126289,126830,127371,127912,128453,128994,129535,130076,130617,131158,131699,132240,132781,133322,133863,134404,134945,135486,136027,136568,137109,137650,138191,138732,139273,139814,140355,140896,141437,141978,142519,143060,143601,144142,144683,145224,145765,146306,-145834,-145293,-144752,-144211,-143670,-143129,-142588,-142047,-141506,-140965,-140424,-139883,-139342,-138801,-138260,-137719,-137178,-136637,-136096,-135555,-135014,-134473,-133932,-133391,-132850,-132309,-131768,-131227,-130686,-130145,-129604,-129063,-128522,-127981,-127676,-127440,-126899,-126358,-125817,-125276,-124735,-124194,-123653,-123112,-122571,-122030,-121489,-120948,-120407,-119866,-119325,-118784,-118243,-117702,-117161,-116620,-116079,-115538,-114997,-114456,-113915,-113374,-112833,-112292,-111751,-111210,-110669,-110128,-109587,-109046,-108505,-107964,-107423,-106882,-106341,-105800,-105259,-104718,-104177,-103636,-103095,-102554,-102013,-101472,-100931,-100390,-99849,-99308,-98767,-98226,-97685,-97144,-96603,-96062,-95521,-94980,-94439,-93898,-93357,-92816,-92275,-91734,-91193,-90652,-90111,-89570,-89029,-88488,-87947,-87406,-86865,-86324,-85783,-85242,-84701,-84160,-83619,-83078,-82537,-81996,-81455,-80914,-80373,-79832,-79291,-78750,-78209,-77668,-77127,-76586,-76045,-75504,-74963,-74422,-73881,-73340,-72799,-72258,-71717,-71176,-70635,-70094,-69553,-69012,-68471,-67930,-67389,-66848,-66307,-65766,-65225,-64684,-64143,-63602,-63061,-62520,-61979,-61438,-60897,-60356,-59815,-59274,-58733,-58192,-57651,-57110,-56569,-56028,-55487,-54946,-54405,-53864,-53323,-52782,-52241,-51700,-51159,-50618,-50077,-49536,-48995,-48454,-47913,-47372,-46831,-46290,-45749,-45208,-44667,-44126,-43585,-43044,-42503,-41962,-41421,-40880,-40339,-39798,-39257,-38716,-38175,-37634,-37093,-36552,-36011,-35470,-34929,-34388,-33847,-33306,-32765,-32224,-31683,-31142,-30601,-30060,-29519,-28978,-28437,-27896,-27355,-26814,-26273,-25732,-25191,-24650,-24109,-23568,-23027,-22486,-21945,-21404,-20863,-20322,-19781,-19240,-18699,-18158,-17617,-17076,-16535,-15994,-15453,-14912,-14371,-13830,-13289,-12748,-12207,-11666,-11125,-10584,-10043,-9502,-8961,-8420,-7879,-7338,-6797,-6256,-5715,-5174,-4633,-4092,-3551,-3010,-2469,-1928,-1387,-846,-305
237,778,1319,1860,2401,2942,3483,4024,4565,5106,5647,6188,6729,7270,7811,8352,8893,9434,9975,10516,11057,11598,12139,12680,13221,13762,14303,14844,15385,15926,16467,17008,17549,18090,18631,19172,19713,20254,20795,21336,21877,22418,22959,23500,24041,24582,25123,25664,26205,26746,27287,27828,28369,28910,29451,29992,30533,31074,31615,32156,32697,33238,33779,34320,34861,35402,35943,36484,37025,37566,38107,38648,39189,39730,40271,40812,41353,41894,42435,42976,43517,44058,44599,45140,45681,46222,46763,47304,47845,48386,48927,49468,50009,50550,51091,51632,52173,52714,53255,53796,54337,54878,55419,55960,56501,57042,57583,58124,58665,59206,59747,60288,60829,61370,61911,62452,62993,63534,64075,64616,65157,65698,66239,66780,67321,67862,68403,68944,69485,70026,70567,71108,71649,72190,72731,73272,73813,74354,74895,75436,75977,76518,77059,77600,78141,78682,79223,79764,80305,80846,81387,81928,82469,83010,83551,84092,84633,85174,85715,86256,86797,87338,87879,88420,88961,89502,90043,90584,91125,91666,92207,92748,93289,93830,94371,94912,95453,95994,96535,97076,97617,98158,98699,99240,99781,100322,100863,101404,101945,102486,103027,103568,104109,104650,105191,105732,106273,106814,107355,107896,108437,108978,109519,110060,110601,111142,111683,112224,112765,113306,113847,114388,114929,115470,116011,116552,117093,117634,118175,118716,119257,119798,120339,120880,121421,121962,122503,123044,123585,124126,124667,125208,125749,126290,126831,127372,127913,128454,128995,129536,130077,130618,131159,131700,132241,132782,133323,133864,134405,134946,135487,136028,136569,137110,137651,138192,138733,139274,139815,140356,140897,141438,141979,142520,143061,143602,144143,144684,145225,145766,146307,-145833,-145292,-144751,-144210,-143669,-143128,-142587,-142046,-141505,-140964,-140423,-139882,-139341,-138800,-138259,-137718,-137177,-136636,-136095,-135554,-135013,-134472,-133931,-133390,-132849,-132308,-131767,-131226,-130685,-130144,-129603,-129062,-128521,-128217,-127980,-127439,-126898,-126357,-125816,-125275,-124734,-124193,-123652,-123111,-122570,-122029,-121488,-120947,-120406,-119865,-119324,-118783,-118242,-117701,-117160,-116619,-116078,-115537,-114996,-114455,-113914,-113373,-112832,-112291,-111750,-111209,-110668,-110127,-109586,-109045,-108504,-107963,-107422,-106881,-106340,-105799,-105258,-104717,-104176,-103635,-103094,-102553,-102012,-101471,-100930,-100389,-99848,-99307,-98766,-98225,-97684,-97143,-96602,-96061,-95520,-94979,-94438,-93897,-93356,-92815,-92274,-91733,-91192,-90651,-90110,-89569,-89028,-88487,-87946,-87405,-86864,-86323,-85782,-85241,-84700,-84159,-83618,-83077,-82536,-81995,-81454,-80913,-80372,-79831,-79290,-78749,-78208,-77667,-77126,-76585,-76044,-75503,-74962,-74421,-73880,-73339,-72798,-72257,-71716,-71175,-70634,-70093,-69552,-69011,-68470,-67929,-67388,-66847,-66306,-65765,-65224,-64683,-64142,-63601,-63060,-62519,-61978,-61437,-60896,-60355,-59814,-59273,-58732,-58191,-57650,-57109,-56568,-56027,-55486,-54945,-54404,-53863,-53322,-52781,-52240,-51699,-51158,-50617,-50076,-49535,-48994,-48453,-47912,-47371,-46830,-46289,-45748,-45207,-44666,-44125,-43584,-43043,-42502,-41961,-41420,-40879,-40338,-39797,-39256,-38715,-38174,-37633,-37092,-36551,-36010,-35469,-34928,-34387,-33846,-33305,-32764,-32223,-31682,-31141,-30600,-30059,-29518,-28977,-28436,-27895,-27354,-26813,-26272,-25731,-25190,-24649,-24108,-23567,-23026,-22485,-21944,-21403,-20862,-20321,-19780,-19239,-18698,-18157,-17616,-17075,-16534,-15993,-15452,-14911,-14370,-13829,-13288,-12747,-12206,-11665,-11124,-10583,-10042,-9501,-8960,-8419,-7878,-7337,-6796,-6255,-5714,-5173,-4632,-4091,-3550,-3009,-2468,-1927,-1386,-845,-304
238,779,1320,1861,2402,2943,3484,4025,4566,5107,5648,6189,6730,7271,7812,8353,8894,9435,9976,10517,11058,11599,12140,12681,13222,13763,14304,14845,15386,15927,16468,17009,17550,18091,18632,19173,19714,20255,20796,21337,21878,22419,22960,23501,24042,24583,25124,25665,26206,26747,27288,27829,28370,28911,29452,29993,30534,31075,31616,32157,32698,33239,33780,34321,34862,35403,35944,36485,37026,37567,38108,38649,39190,39731,40272,40813,41354,41895,42436,42977,43518,44059,44600,45141,45682,46223,46764,47305,47846,48387,48928,49469,50010,50551,51092,51633,52174,52715,53256,53797,54338,54879,55420,55961,56502,57043,57584,58125,58666,59207,59748,60289,60830,61371,61912,62453,62994,63535,64076,64617,65158,65699,66240,66781,67322,67863,68404,68945,69486,70027,70568,71109,71650,72191,72732,73273,73814,74355,74896,75437,75978,76519,77060,77601,78142,78683,79224,79765,80306,80847,81388,81929,82470,83011,83552,84093,84634,85175,85716,86257,86798,87339,87880,88421,88962,89503,90044,90585,91126,91667,92208,92749,93290,93831,94372,94913,95454,95995,96536,97077,97618,98159,98700,99241,99782,100323,100864,101405,101946,102487,103028,103569,104110,104651,105192,105733,106274,106815,107356,107897,108438,108979,109520,110061,110602,111143,111684,112225,112766,113307,113848,114389,114930,115471,116012,116553,117094,117635,118176,118717,119258,119799,120340,120881,121422,121963,122504,123045,123586,124127,124668,125209,125750,126291,126832,127373,127914,128455,128996,129537,130078,130619,131160,131701,132242,132783,133324,133865,134406,134947,135488,136029,136570,137111,137652,138193,138734,139275,139816,140357,140898,141439,141980,142521,143062,143603,144144,144685,145226,145767,146308,-145832,-145291,-144750,-144209,-143668,-143127,-142586,-142045,-141504,-140963,-140422,-139881,-139340,-138799,-138258,-137717,-137176,-136635,-136094,-135553,-135012,-134471,-133930,-133389,-132848,-132307,-131766,-131225,-130684,-130143,-129602,-129061,-128758,-128520,-127979,-127438,-126897,-126356,-125815,-125274,-124733,-124192,-123651,-123110,-122569,-122028,-121487,-120946,-120405,-119864,-119323,-118782,-118241,-117700,-117159,-116618,-116077,-115536,-114995,-114454,-113913,-113372,-112831,-112290,-111749,-111208,-110667,-110126,-109585,-109044,-108503,-107962,-107421,-106880,-106339,-105798,-105257,-104716,-104175,-103634,-103093,-102552,-102011,-101470,-100929,-100388,-99847,-99306,-98765,-98224,-97683,-97142,-96601,-96060,-95519,-94978,-94437,-93896,-93355,-92814,-92273,-91732,-91191,-90650,-90109,-89568,-89027,-88486,-87945,-87404,-86863,-86322,-85781,-85240,-84699,-84158,-83617,-83076,-82535,-81994,-81453,-80912,-80371,-79830,-79289,-78748,-78207,-77666,-77125,-76584,-76043,-75502,-74961,-74420,-73879,-73338,-72797,-72256,-71715,-71174,-70633,-70092,-69551,-69010,-68469,-67928,-67387,-66846,-66305,-65764,-65223,-64682,-64141,-63600,-63059,-62518,-61977,-61436,-60895,-60354,-59813,-59272,-58731,-58190,-57649,-57108,-56567,-56026,-55485,-54944,-54403,-53862,-53321,-52780,-52239,-51698,-51157,-50616,-50075,-49534,-48993,-48452,-47911,-47370,-46829,-46288,-45747,-45206,-44665,-44124,-43583,-43042,-42501,-41960,-41419,-40878,-40337,-39796,-39255,-38714,-38173,-37632,-37091,-36550,-36009,-35468,-34927,-34386,-33845,-33304,-32763,-32222,-31681,-31140,-30599,-30058,-29517,-28976,-28435,-27894,-27353,-26812,-26271,-25730,-25189,-24648,-24107,-23566,-23025,-22484,-21943,-21402,-20861,-20320,-19779,-19238,-18697,-18156,-17615,-17074,-16533,-15992,-15451,-14910,-14369,-13828,-13287,-12746,-12205,-11664,-11123,-10582,-10041,-9500,-8959,-8418,-7877,-7336,-6795,-6254,-5713,-5172,-4631,-4090,-3549,-3008,-2467,-1926,-1385,-844,-303
239,780,1321,1862,2403,2944,3485,4026,4567,5108,5649,6190,6731,7272,7813,8354,8895,9436,9977,10518,11059,11600,12141,12682,13223,13764,14305,14846,15387,15928,16469,17010,17551,18092,18633,19174,19715,20256,20797,21338,21879,22420,22961,23502,24043,24584,25125,25666,26207,26748,27289,27830,28371,28912,29453,29994,30535,31076,31617,32158,32699,33240,33781,34322,34863,35404,35945,36486,37027,37568,38109,38650,39191,39732,40273,40814,41355,41896,42437,42978,43519,44060,44601,45142,45683,46224,46765,47306,47847,48388,48929,49470,50011,50552,51093,51634,52175,52716,53257,53798,54339,54880,55421,55962,56503,57044,57585,58126,58667,59208,59749,60290,60831,61372,61913,62454,62995,63536,64077,64618,65159,65700,66241,66782,67323,67864,68405,68946,69487,70028,70569,71110,71651,72192,72733,73274,73815,74356,74897,75438,75979,76520,77061,77602,78143,78684,79225,79766,80307,80848,81389,81930,82471,83012,83553,84094,84635,85176,85717,86258,86799,87340,87881,88422,88963,89504,90045,90586,91127,91668,92209,92750,93291,93832,94373,94914,95455,95996,96537,97078,97619,98160,98701,99242,99783,100324,100865,101406,101947,102488,103029,103570,104111,104652,105193,105734,106275,106816,107357,107898,108439,108980,109521,110062,110603,111144,111685,112226,112767,113308,113849,114390,114931,115472,116013,116554,117095,117636,118177,118718,119259,119800,120341,120882,121423,121964,122505,123046,123587,124128,124669,125210,125751,126292,126833,127374,127915,128456,128997,129538,130079,130620,131161,131702,132243,132784,133325,133866,134407,134948,135489,136030,136571,137112,137653,138194,138735,139276,139817,140358,140899,141440,141981,142522,143063,143604,144145,144686,145227,145768,146309,-145831,-145290,-144749,-144208,-143667,-143126,-142585,-142044,-141503,-140962,-140421,-139880,-139339,-138798,-138257,-137716,-137175,-136634,-136093,-135552,-135011,-134470,-133929,-133388,-132847,-132306,-131765,-131224,-130683,-130142,-129601,-129299,-129060,-128519,-127978,-127437,-126896,-126355,-125814,-125273,-124732,-124191,-123650,-123109,-122568,-122027,-121486,-120945,-120404,-119863,-119322,-118781,-118240,-117699,-117158,-116617,-116076,-115535,-114994,-114453,-113912,-113371,-112830,-112289,-111748,-111207,-110666,-110125,-109584,-109043,-108502,-107961,-107420,-106879,-106338,-105797,-105256,-104715,-104174,-103633,-103092,-102551,-102010,-101469,-100928,-100387,-99846,-99305,-98764,-98223,-97682,-97141,-96600,-96059,-95518,-94977,-94436,-93895,-93354,-92813,-92272,-91731,-91190,-90649,-90108,-89567,-89026,-88485,-87944,-87403,-86862,-86321,-85780,-85239,-84698,-84157,-83616,-83075,-82534,-81993,-81452,-80911,-80370,-79829,-79288,-78747,-78206,-77665,-77124,-76583,-76042,-75501,-74960,-74419,-73878,-73337,-72796,-72255,-71714,-71173,-70632,-70091,-69550,-69009,-68468,-67927,-67386,-66845,-66304,-65763,-65222,-64681,-64140,-63599,-63058,-62517,-61976,-61435,-60894,-60353,-59812,-59271,-58730,-58189,-57648,-57107,-56566,-56025,-55484,-54943,-54402,-53861,-53320,-52779,-52238,-51697,-51156,-50615,-50074,-49533,-48992,-48451,-47910,-47369,-46828,-46287,-45746,-45205,-44664,-44123,-43582,-43041,-42500,-41959,-41418,-40877,-40336,-39795,-39254,-38713,-38172,-37631,-37090,-36549,-36008,-35467,-34926,-34385,-33844,-33303,-32762,-32221,-31680,-31139,-30598,-30057,-29516,-28975,-28434,-27893,-27352,-26811,-26270,-25729,-25188,-24647,-24106,-23565,-23024,-22483,-21942,-21401,-20860,-20319,-19778,-19237,-18696,-18155,-17614,-17073,-16532,-15991,-15450,-14909,-14368,-13827,-13286,-12745,-12204,-11663,-11122,-10581,-10040,-9499,-8958,-8417,-7876,-7335,-6794,-6253,-5712,-5171,-4630,-4089,-3548,-3007,-2466,-1925,-1384,-843,-302
240,781,1322,1863,2404,2945,3486,4027,4568,5109,5650,6191,6732,7273,7814,8355,8896,9437,9978,10519,11060,11601,12142,12683,13224,13765,14306,14847,15388,15929,16470,17011,17552,18093,18634,19175,19716,20257,20798,21339,21880,22421,22962,23503,24044,24585,25126,25667,26208,26749,27290,27831,28372,28913,29454,29995,30536,31077,31618,32159,32700,33241,33782,34323,34864,35405,35946,36487,37028,37569,38110,38651,39192,39733,40274,40815,41356,41897,42438,42979,43520,44061,44602,45143,45684,46225,46766,47307,47848,48389,48930,49471,50012,50553,51094,51635,52176,52717,53258,53799,54340,54881,55422,55963,56504,57045,57586,58127,58668,59209,59750,60291,60832,61373,61914,62455,62996,63537,64078,64619,65160,65701,66242,66783,67324,67865,68406,68947,69488,70029,70570,71111,71652,72193,72734,73275,73816,74357,74898,75439,75980,76521,77062,77603,78144,78685,79226,79767,80308,80849,81390,81931,82472,83013,83554,84095,84636,85177,85718,86259,86800,87341,87882,88423,88964,89505,90046,90587,91128,91669,92210,92751,93292,93833,94374,94915,95456,95997,96538,97079,97620,98161,98702,99243,99784,100325,100866,101407,101948,102489,103030,103571,104112,104653,105194,105735,106276,106817,107358,107899,108440,108981,109522,110063,110604,111145,111686,112227,112768,113309,113850,114391,114932,115473,116014,116555,117096,117637,118178,118719,119260,119801,120342,120883,121424,121965,122506,123047,123588,124129,124670,125211,125752,126293,126834,127375,127916,128457,128998,129539,130080,130621,131162,131703,132244,132785,133326,133867,134408,134949,135490,136031,136572,137113,137654,138195,138736,139277,139818,140359,140900,141441,141982,142523,143064,143605,144146,144687,145228,145769,146310,-145830,-145289,-144748,-144207,-143666,-143125,-142584,-142043,-141502,-140961,-140420,-139879,-139338,-138797,-138256,-137715,-137174,-136633,-136092,-135551,-135010,-134469,-133928,-133387,-132846,-132305,-131764,-131223,-130682,-130141,-129840,-129600,-129059,-128518,-127977,-127436,-126895,-126354,-125813,-125272,-124731,-124190,-123649,-123108,-122567,-122026,-121485,-120944,-120403,-119862,-119321,-118780,-118239,-117698,-117157,-116616,-116075,-115534,-114993,-114452,-113911,-113370,-112829,-112288,-111747,-111206,-110665,-110124,-109583,-109042,-108501,-107960,-107419,-106878,-106337,-105796,-105255,-104714,-104173,-103632,-103091,-102550,-102009,-101468,-100927,-100386,-99845,-99304,-98763,-98222,-97681,-97140,-96599,-96058,-95517,-94976,-94435,-93894,-93353,-92812,-92271,-91730,-91189,-90648,-90107,-89566,-89025,-88484,-87943,-87402,-86861,-86320,-85779,-85238,-84697,-84156,-83615,-83074,-82533,-81992,-81451,-80910,-80369,-79828,-79287,-78746,-78205,-77664,-77123,-76582,-76041,-75500,-74959,-74418,-73877,-73336,-72795,-72254,-71713,-71172,-70631,-70090,-69549,-69008,-68467,-67926,-67385,-66844,-66303,-65762,-65221,-64680,-64139,-63598,-63057,-62516,-61975,-61434,-60893,-60352,-59811,-59270,-58729,-58188,-57647,-57106,-56565,-56024,-55483,-54942,-54401,-53860,-53319,-52778,-52237,-51696,-51155,-50614,-50073,-49532,-48991,-48450,-47909,-47368,-46827,-46286,-45745,-45204,-44663,-44122,-43581,-43040,-42499,-41958,-41417,-40876,-40335,-39794,-39253,-38712,-38171,-37630,-37089,-36548,-36007,-35466,-34925,-34384,-33843,-33302,-32761,-32220,-31679,-31138,-30597,-30056,-29515,-28974,-28433,-27892,-27351,-26810,-26269,-25728,-25187,-24646,-24105,-23564,-23023,-22482,-21941,-21400,-20859,-20318,-19777,-19236,-18695,-18154,-17613,-17072,-16531,-15990,-15449,-14908,-14367,-13826,-13285,-12744,-12203,-11662,-11121,-10580,-10039,-9498,-8957,-8416,-7875,-7334,-6793,-6252,-5711,-5170,-4629,-4088,-3547,-3006,-2465,-1924,-1383,-842,-301
241,782,1323,1864,2405,2946,3487,4028,4569,5110,5651,6192,6733,7274,7815,8356,8897,9438,9979,10520,11061,11602,12143,12684,13225,13766,14307,14848,15389,15930,16471,17012,17553,18094,18635,19176,19717,20258,20799,21340,21881,22422,22963,23504,24045,24586,25127,25668,26209,26750,27291,27832,28373,28914,29455,29996,30537,31078,31619,32160,32701,33242,33783,34324,34865,35406,35947,36488,37029,37570,38111,38652,39193,39734,40275,40816,41357,41898,42439,42980,43521,44062,44603,45144,45685,46226,46767,47308,47849,48390,48931,49472,50013,50554,51095,51636,52177,52718,53259,53800,54341,54882,55423,55964,56505,57046,57587,58128,58669,59210,59751,60292,60833,61374,61915,62456,62997,63538,64079,64620,65161,65702,66243,66784,67325,67866,68407,68948,69489,70030,70571,71112,71653,72194,72735,73276,73817,74358,74899,75440,75981,76522,77063,77604,78145,78686,79227,79768,80309,80850,81391,81932,82473,83014,83555,84096,84637,85178,85719,86260,86801,87342,87883,88424,88965,89506,90047,90588,91129,91670,92211,92752,93293,93834,94375,94916,95457,95998,96539,97080,97621,98162,98703,99244,99785,100326,100867,101408,101949,102490,103031,103572,104113,104654,105195,105736,106277,106818,107359,107900,108441,108982,109523,110064,110605,111146,111687,112228,112769,113310,113851,114392,114933,115474,116015,116556,117097,117638,118179,118720,119261,119802,120343,120884,121425,121966,122507,123048,123589,124130,124671,125212,125753,126294,126835,127376,127917,128458,128999,129540,130081,130622,131163,131704,132245,132786,133327,133868,134409,134950,135491,136032,136573,137114,137655,138196,138737,139278,139819,140360,140901,141442,141983,142524,143065,143606,144147,144688,145229,145770,146311,-145829,-145288,-144747,-144206,-143665,-143124,-142583,-142042,-141501,-140960,-140419,-139878,-139337,-138796,-138255,-137714,-137173,-136632,-136091,-135550,-135009,-134468,-133927,-133386,-132845,-132304,-131763,-131222,-130681,-130381,-130140,-129599,-129058,-128517,-127976,-127435,-126894,-126353,-125812,-125271,-124730,-124189,-123648,-123107,-122566,-122025,-121484,-120943,-120402,-119861,-119320,-118779,-118238,-117697,-117156,-116615,-116074,-115533,-114992,-114451,-113910,-113369,-112828,-112287,-111746,-111205,-110664,-110123,-109582,-109041,-108500,-107959,-107418,-106877,-106336,-105795,-105254,-104713,-104172,-103631,-103090,-102549,-102008,-101467,-100926,-100385,-99844,-99303,-98762,-98221,-97680,-97139,-96598,-96057,-95516,-94975,-94434,-93893,-93352,-92811,-92270,-91729,-91188,-90647,-90106,-89565,-89024,-88483,-87942,-87401,-86860,-86319,-85778,-85237,-84696,-84155,-83614,-83073,-82532,-81991,-81450,-80909,-80368,-79827,-79286,-78745,-78204,-77663,-77122,-76581,-76040,-75499,-74958,-74417,-73876,-73335,-72794,-72253,-71712,-71171,-70630,-70089,-69548,-69007,-68466,-67925,-67384,-66843,-66302,-65761,-65220,-64679,-64138,-63597,-63056,-62515,-61974,-61433,-60892,-60351,-59810,-59269,-58728,-58187,-57646,-57105,-56564,-56023,-55482,-54941,-54400,-53859,-53318,-52777,-52236,-51695,-51154,-50613,-50072,-49531,-48990,-48449,-47908,-47367,-46826,-46285,-45744,-45203,-44662,-44121,-43580,-43039,-42498,-41957,-41416,-40875,-40334,-39793,-39252,-38711,-38170,-37629,-37088,-36547,-36006,-35465,-34924,-34383,-33842,-33301,-32760,-32219,-31678,-31137,-30596,-30055,-29514,-28973,-28432,-27891,-27350,-26809,-26268,-25727,-25186,-24645,-24104,-23563,-23022,-22481,-21940,-21399,-20858,-20317,-19776,-19235,-18694,-18153,-17612,-17071,-16530,-15989,-15448,-14907,-14366,-13825,-13284,-12743,-12202,-11661,-11120,-10579,-10038,-9497,-8956,-8415,-7874,-7333,-6792,-6251,-5710,-5169,-4628,-4087,-3546,-3005,-2464,-1923,-1382,-841,-300
242,783,1324,1865,2406,2947,3488,4029,4570,5111,5652,6193,6734,7275,7816,8357,8898,9439,9980,10521,11062,11603,12144,12685,13226,13767,14308,14849,15390,15931,16472,17013,17554,18095,18636,19177,19718,20259,20800,21341,21882,22423,22964,23505,24046,24587,25128,25669,26210,26751,27292,27833,28374,28915,29456,29997,30538,31079,31620,32161,32702,33243,33784,34325,34866,35407,35948,36489,37030,37571,38112,38653,39194,39735,40276,40817,41358,41899,42440,42981,43522,44063,44604,45145,45686,46227,46768,47309,47850,48391,48932,49473,50014,50555,51096,51637,52178,52719,53260,53801,54342,54883,55424,55965,56506,57047,57588,58129,58670,59211,59752,60293,60834,61375,61916,62457,62998,63539,64080,64621,65162,65703,66244,66785,67326,67867,68408,68949,69490,70031,70572,71113,71654,72195,72736,73277,73818,74359,74900,75441,75982,76523,77064,77605,78146,78687,79228,79769,80310,80851,81392,81933,82474,83015,83556,84097,84638,85179,85720,86261,86802,87343,87884,88425,88966,89507,90048,90589,91130,91671,92212,92753,93294,93835,94376,94917,95458,95999,96540,97081,97622,98163,98704,99245,99786,100327,100868,101409,101950,102491,103032,103573,104114,104655,105196,105737,106278,106819,107360,107901,108442,108983,109524,110065,110606,111147,111688,112229,112770,113311,113852,114393,114934,115475,116016,116557,117098,117639,118180,118721,119262,119803,120344,120885,121426,121967,122508,123049,123590,124131,124672,125213,125754,126295,126836,127377,127918,128459,129000,129541,130082,130623,131164,131705,132246,132787,133328,133869,134410,134951,135492,136033,136574,137115,137656,138197,138738,139279,139820,140361,140902,141443,141984,142525,143066,143607,144148,144689,145230,145771,146312,-145828,-145287,-144746,-144205,-143664,-143123,-142582,-142041,-141500,-140959,-140418,-139877,-139336,-138795,-138254,-137713,-137172,-136631,-136090,-135549,-135008,-134467,-133926,-133385,-132844,-132303,-131762,-131221,-130922,-130680,-130139,-129598,-129057,-128516,-127975,-127434,-126893,-126352,-125811,-125270,-124729,-124188,-123647,-123106,-122565,-122024,-121483,-120942,-120401,-119860,-119319,-118778,-118237,-117696,-117155,-116614,-116073,-115532,-114991,-114450,-113909,-113368,-112827,-112286,-111745,-111204,-110663,-110122,-109581,-109040,-108499,-107958,-107417,-106876,-106335,-105794,-105253,-104712,-104171,-103630,-103089,-102548,-102007,-101466,-100925,-100384,-99843,-99302,-98761,-98220,-97679,-97138,-96597,-96056,-95515,-94974,-94433,-93892,-93351,-92810,-92269,-91728,-91187,-90646,-90105,-89564,-89023,-88482,-87941,-87400,-86859,-86318,-85777,-85236,-84695,-84154,-83613,-83072,-82531,-81990,-81449,-80908,-80367,-79826,-79285,-78744,-78203,-77662,-77121,-76580,-76039,-75498,-74957,-74416,-73875,-73334,-72793,-72252,-71711,-71170,-70629,-70088,-69547,-69006,-68465,-67924,-67383,-66842,-66301,-65760,-65219,-64678,-64137,-63596,-63055,-62514,-61973,-61432,-60891,-60350,-59809,-59268,-58727,-58186,-57645,-57104,-56563,-56022,-55481,-54940,-54399,-53858,-53317,-52776,-52235,-51694,-51153,-50612,-50071,-49530,-48989,-48448,-47907,-47366,-46825,-46284,-45743,-45202,-44661,-44120,-43579,-43038,-42497,-41956,-41415,-40874,-40333,-39792,-39251,-38710,-38169,-37628,-37087,-36546,-36005,-35464,-34923,-34382,-33841,-33300,-32759,-32218,-31677,-31136,-30595,-30054,-29513,-28972,-28431,-27890,-27349,-26808,-26267,-25726,-25185,-24644,-24103,-23562,-23021,-22480,-21939,-21398,-20857,-20316,-19775,-19234,-18693,-18152,-17611,-17070,-16529,-15988,-15447,-14906,-14365,-13824,-13283,-12742,-12201,-11660,-11119,-10578,-10037,-9496,-8955,-8414,-7873,-7332,-6791,-6250,-5709,-5168,-4627,-4086,-3545,-3004,-2463,-1922,-1381,-840,-299
243,784,1325,1866,2407,2948,3489,4030,4571,5112,5653,6194,6735,7276,7817,8358,8899,9440,9981,10522,11063,11604,12145,12686,13227,13768,14309,14850,15391,15932,16473,17014,17555,18096,18637,19178,19719,20260,20801,21342,21883,22424,22965,23506,24047,24588,25129,25670,26211,26752,27293,27834,28375,28916,29457,29998,30539,31080,31621,32162,32703,33244,33785,34326,34867,35408,35949,36490,37031,37572,38113,38654,39195,39736,40277,40818,41359,41900,42441,42982,43523,44064,44605,45146,45687,46228,46769,47310,47851,48392,48933,49474,50015,50556,51097,51638,52179,52720,53261,53802,54343,54884,55425,55966,56507,57048,57589,58130,58671,59212,59753,60294,60835,61376,61917,62458,62999,63540,64081,64622,65163,65704,66245,66786,67327,67868,68409,68950,69491,70032,70573,71114,71655,72196,72737,73278,73819,74360,74901,75442,75983,76524,77065,77606,78147,78688,79229,79770,80311,80852,81393,81934,82475,83016,83557,84098,84639,85180,85721,86262,86803,87344,87885,88426,88967,89508,90049,90590,91131,91672,92213,92754,93295,93836,94377,94918,95459,96000,96541,97082,97623,98164,98705,99246,99787,100328,100869,101410,101951,102492,103033,103574,104115,104656,105197,105738,106279,106820,107361,107902,108443,108984,109525,110066,110607,111148,111689,112230,112771,113312,113853,114394,114935,115476,116017,116558,117099,117640,118181,118722,119263,119804,120345,120886,121427,121968,122509,123050,123591,124132,124673,125214,125755,126296,126837,127378,127919,128460,129001,129542,130083,130624,131165,131706,132247,132788,133329,133870,134411,134952,135493,136034,136575,137116,137657,138198,138739,139280,139821,140362,140903,141444,141985,142526,143067,143608,144149,144690,145231,145772,146313,-145827,-145286,-144745,-144204,-143663,-143122,-142581,-142040,-141499,-140958,-140417,-139876,-139335,-138794,-138253,-137712,-137171,-136630,-136089,-135548,-135007,-134466,-133925,-133384,-132843,-132302,-131761,-131463,-131220,-130679,-130138,-129597,-129056,-128515,-127974,-127433,-126892,-126351,-125810,-125269,-124728,-124187,-123646,-123105,-122564,-122023,-121482,-120941,-120400,-119859,-119318,-118777,-118236,-117695,-117154,-116613,-116072,-115531,-114990,-114449,-113908,-113367,-112826,-112285,-111744,-111203,-110662,-110121,-109580,-109039,-108498,-107957,-107416,-106875,-106334,-105793,-105252,-104711,-104170,-103629,-103088,-102547,-102006,-101465,-100924,-100383,-99842,-99301,-98760,-98219,-97678,-97137,-96596,-96055,-95514,-94973,-94432,-93891,-93350,-92809,-92268,-91727,-91186,-90645,-90104,-89563,-89022,-88481,-87940,-87399,-86858,-86317,-85776,-85235,-84694,-84153,-83612,-83071,-82530,-81989,-81448,-80907,-80366,-79825,-79284,-78743,-78202,-77661,-77120,-76579,-76038,-75497,-74956,-74415,-73874,-73333,-72792,-72251,-71710,-71169,-70628,-70087,-69546,-69005,-68464,-67923,-67382,-66841,-66300,-65759,-65218,-64677,-64136,-63595,-63054,-62513,-61972,-61431,-60890,-60349,-59808,-59267,-58726,-58185,-57644,-57103,-56562,-56021,-55480,-54939,-54398,-53857,-53316,-52775,-52234,-51693,-51152,-50611,-50070,-49529,-48988,-48447,-47906,-47365,-46824,-46283,-45742,-45201,-44660,-44119,-43578,-43037,-42496,-41955,-41414,-40873,-40332,-39791,-39250,-38709,-38168,-37627,-37086,-36545,-36004,-35463,-34922,-34381,-33840,-33299,-32758,-32217,-31676,-31135,-30594,-30053,-29512,-28971,-28430,-27889,-27348,-26807,-26266,-25725,-25184,-24643,-24102,-23561,-23020,-22479,-21938,-21397,-20856,-20315,-19774,-19233,-18692,-18151,-17610,-17069,-16528,-15987,-15446,-14905,-14364,-13823,-13282,-12741,-12200,-11659,-11118,-10577,-10036,-9495,-8954,-8413,-7872,-7331,-6790,-6249,-5708,-5167,-4626,-4085,-3544,-3003,-2462,-1921,-1380,-839,-298
244,785,1326,1867,2408,2949,3490,4031,4572,5113,5654,6195,6736,7277,7818,8359,8900,9441,9982,10523,11064,11605,12146,12687,13228,13769,14310,14851,15392,15933,16474,17015,17556,18097,18638,19179,19720,20261,20802,21343,21884,22425,22966,23507,24048,24589,25130,25671,26212,26753,27294,27835,28376,28917,29458,29999,30540,31081,31622,32163,32704,33245,33786,34327,34868,35409,35950,36491,37032,37573,38114,38655,39196,39737,40278,40819,41360,41901,42442,42983,43524,44065,44606,45147,45688,46229,46770,47311,47852,48393,48934,49475,50016,50557,51098,51639,52180,52721,53262,53803,54344,54885,55426,55967,56508,57049,57590,58131,58672,59213,59754,60295,60836,61377,61918,62459,63000,63541,64082,64623,65164,65705,66246,66787,67328,67869,68410,68951,69492,70033,70574,71115,71656,72197,72738,73279,73820,74361,74902,75443,75984,76525,77066,77607,78148,78689,79230,79771,80312,80853,81394,81935,82476,83017,83558,84099,84640,85181,85722,86263,86804,87345,87886,88427,88968,89509,90050,90591,91132,91673,92214,92755,93296,93837,94378,94919,95460,96001,96542,97083,97624,98165,98706,99247,99788,100329,100870,101411,101952,102493,103034,103575,104116,104657,105198,105739,106280,106821,107362,107903,108444,108985,109526,110067,110608,111149,111690,112231,112772,113313,113854,114395,114936,115477,116018,116559,117100,117641,118182,118723,119264,119805,120346,120887,121428,121969,122510,123051,123592,124133,124674,125215,125756,126297,126838,127379,127920,128461,129002,129543,130084,130625,131166,131707,132248,132789,133330,133871,134412,134953,135494,136035,136576,137117,137658,138199,138740,139281,139822,140363,140904,141445,141986,142527,143068,143609,144150,144691,145232,145773,146314,-145826,-145285,-144744,-144203,-143662,-143121,-142580,-142039,-141498,-140957,-140416,-139875,-139334,-138793,-138252,-137711,-137170,-136629,-136088,-135547,-135006,-134465,-133924,-133383,-132842,-132301,-132004,-131760,-131219,-130678,-130137,-129596,-129055,-128514,-127973,-127432,-126891,-126350,-125809,-125268,-124727,-124186,-123645,-123104,-122563,-122022,-121481,-120940,-120399,-119858,-119317,-118776,-118235,-117694,-117153,-116612,-116071,-115530,-114989,-114448,-113907,-113366,-112825,-112284,-111743,-111202,-110661,-110120,-109579,-109038,-108497,-107956,-107415,-106874,-106333,-105792,-105251,-104710,-104169,-103628,-103087,-102546,-102005,-101464,-100923,-100382,-99841,-99300,-98759,-98218,-97677,-97136,-96595,-96054,-95513,-94972,-94431,-93890,-93349,-92808,-92267,-91726,-91185,-90644,-90103,-89562,-89021,-88480,-87939,-87398,-86857,-86316,-85775,-85234,-84693,-84152,-83611,-83070,-82529,-81988,-81447,-80906,-80365,-79824,-79283,-78742,-78201,-77660,-77119,-76578,-76037,-75496,-74955,-74414,-73873,-73332,-72791,-72250,-71709,-71168,-70627,-70086,-69545,-69004,-68463,-67922,-67381,-66840,-66299,-65758,-65217,-64676,-64135,-63594,-63053,-62512,-61971,-61430,-60889,-60348,-59807,-59266,-58725,-58184,-57643,-57102,-56561,-56020,-55479,-54938,-54397,-53856,-53315,-52774,-52233,-51692,-51151,-50610,-50069,-49528,-48987,-48446,-47905,-47364,-46823,-46282,-45741,-45200,-44659,-44118,-43577,-43036,-42495,-41954,-41413,-40872,-40331,-39790,-39249,-38708,-38167,-37626,-37085,-36544,-36003,-35462,-34921,-34380,-33839,-33298,-32757,-32216,-31675,-31134,-30593,-30052,-29511,-28970,-28429,-27888,-27347,-26806,-26265,-25724,-25183,-24642,-24101,-23560,-23019,-22478,-21937,-21396,-20855,-20314,-19773,-19232,-18691,-18150,-17609,-17068,-16527,-15986,-15445,-14904,-14363,-13822,-13281,-12740,-12199,-11658,-11117,-10576,-10035,-9494,-8953,-8412,-7871,-7330,-6789,-6248,-5707,-5166,-4625,-4084,-3543,-3002,-2461,-1920,-1379,-838,-297
245,786,1327,1868,2409,2950,3491,4032,4573,5114,5655,6196,6737,7278,7819,8360,8901,9442,9983,10524,11065,11606,12147,12688,13229,13770,14311,14852,15393,15934,16475,17016,17557,18098,18639,19180,19721,20262,20803,21344,21885,22426,22967,23508,24049,24590,25131,25672,26213,26754,27295,27836,28377,28918,29459,30000,30541,31082,31623,32164,32705,33246,33787,34328,34869,35410,35951,36492,37033,37574,38115,38656,39197,39738,40279,40820,41361,41902,42443,42984,43525,44066,44607,45148,45689,46230,46771,47312,47853,48394,48935,49476,50017,50558,51099,51640,52181,52722,53263,53804,54345,54886,55427,55968,56509,57050,57591,58132,58673,59214,59755,60296,60837,61378,61919,62460,63001,63542,64083,64624,65165,65706,66247,66788,67329,67870,68411,68952,69493,70034,70575,71116,71657,72198,72739,73280,73821,74362,74903,75444,75985,76526,77067,77608,78149,78690,79231,79772,80313,80854,81395,81936,82477,83018,83559,84100,84641,85182,85723,86264,86805,87346,87887,88428,88969,89510,90051,90592,91133,91674,92215,92756,93297,93838,94379,94920,95461,96002,96543,97084,97625,98166,98707,99248,99789,100330,100871,101412,101953,102494,103035,103576,104117,104658,105199,105740,106281,106822,107363,107904,108445,108986,109527,110068,110609,111150,111691,112232,112773,113314,113855,114396,114937,115478,116019,116560,117101,117642,118183,118724,119265,119806,120347,120888,121429,121970,122511,123052,123593,124134,124675,125216,125757,126298,126839,127380,127921,128462,129003,129544,130085,130626,131167,131708,132249,132790,133331,133872,134413,134954,135495,136036,136577,137118,137659,138200,138741,139282,139823,140364,140905,141446,141987,142528,143069,143610,144151,144692,145233,145774,146315,-145825,-145284,-144743,-144202,-143661,-143120,-142579,-142038,-141497,-140956,-140415,-139874,-139333,-138792,-138251,-137710,-137169,-136628,-136087,-135546,-135005,-134464,-133923,-133382,-132841,-132545,-132300,-131759,-131218,-130677,-130136,-129595,-129054,-128513,-127972,-127431,-126890,-126349,-125808,-125267,-124726,-124185,-123644,-123103,-122562,-122021,-121480,-120939,-120398,-119857,-119316,-118775,-118234,-117693,-117152,-116611,-116070,-115529,-114988,-114447,-113906,-113365,-112824,-112283,-111742,-111201,-110660,-110119,-109578,-109037,-108496,-107955,-107414,-106873,-106332,-105791,-105250,-104709,-104168,-103627,-103086,-102545,-102004,-101463,-100922,-100381,-99840,-99299,-98758,-98217,-97676,-97135,-96594,-96053,-95512,-94971,-94430,-93889,-93348,-92807,-92266,-91725,-91184,-90643,-90102,-89561,-89020,-88479,-87938,-87397,-86856,-86315,-85774,-85233,-84692,-84151,-83610,-83069,-82528,-81987,-81446,-80905,-80364,-79823,-79282,-78741,-78200,-77659,-77118,-76577,-76036,-75495,-74954,-74413,-73872,-73331,-72790,-72249,-71708,-71167,-70626,-70085,-69544,-69003,-68462,-67921,-67380,-66839,-66298,-65757,-65216,-64675,-64134,-63593,-63052,-62511,-61970,-61429,-60888,-60347,-59806,-59265,-58724,-58183,-57642,-57101,-56560,-56019,-55478,-54937,-54396,-53855,-53314,-52773,-52232,-51691,-51150,-50609,-50068,-49527,-48986,-48445,-47904,-47363,-46822,-46281,-45740,-45199,-44658,-44117,-43576,-43035,-42494,-41953,-41412,-40871,-40330,-39789,-39248,-38707,-38166,-37625,-37084,-36543,-36002,-35461,-34920,-34379,-33838,-33297,-32756,-32215,-31674,-31133,-30592,-30051,-29510,-28969,-28428,-27887,-27346,-26805,-26264,-25723,-25182,-24641,-24100,-23559,-23018,-22477,-21936,-21395,-20854,-20313,-19772,-19231,-18690,-18149,-17608,-17067,-16526,-15985,-15444,-14903,-14362,-13821,-13280,-12739,-12198,-11657,-11116,-10575,-10034,-9493,-8952,-8411,-7870,-7329,-6788,-6247,-5706,-5165,-4624,-4083,-3542,-3001,-2460,-1919,-1378,-837,-296
246,787,1328,1869,2410,2951,3492,4033,4574,5115,5656,6197,6738,7279,7820,8361,8902,9443,9984,10525,11066,11607,12148,12689,13230,13771,14312,14853,15394,15935,16476,17017,17558,18099,18640,19181,19722,20263,20804,21345,21886,22427,22968,23509,24050,24591,25132,25673,26214,26755,27296,27837,28378,28919,29460,30001,30542,31083,31624,32165,32706,33247,33788,34329,34870,35411,35952,36493,37034,37575,38116,38657,39198,39739,40280,40821,41362,41903,42444,42985,43526,44067,44608,45149,45690,46231,46772,47313,47854,48395,48936,49477,50018,50559,51100,51641,52182,52723,53264,53805,54346,54887,55428,55969,56510,57051,57592,58133,58674,59215,59756,60297,60838,61379,61920,62461,63002,63543,64084,64625,65166,65707,66248,66789,67330,67871,68412,68953,69494,70035,70576,71117,71658,72199,72740,73281,73822,74363,74904,75445,75986,76527,77068,77609,78150,78691,79232,79773,80314,80855,81396,81937,82478,83019,83560,84101,84642,85183,85724,86265,86806,87347,87888,88429,88970,89511,90052,90593,91134,91675,92216,92757,93298,93839,94380,94921,95462,96003,96544,97085,97626,98167,98708,99249,99790,100331,100872,101413,101954,102495,103036,103577,104118,104659,105200,105741,106282,106823,107364,107905,108446,108987,109528,110069,110610,111151,111692,112233,112774,113315,113856,114397,114938,115479,116020,116561,117102,117643,118184,118725,119266,119807,120348,120889,121430,121971,122512,123053,123594,124135,124676,125217,125758,126299,126840,127381,127922,128463,129004,129545,130086,130627,131168,131709,132250,132791,133332,133873,134414,134955,135496,136037,136578,137119,137660,138201,138742,139283,139824,140365,140906,141447,141988,142529,143070,143611,144152,144693,145234,145775,146316,-145824,-145283,-144742,-144201,-143660,-143119,-142578,-142037,-141496,-140955,-140414,-139873,-139332,-138791,-138250,-137709,-137168,-136627,-136086,-135545,-135004,-134463,-133922,-133381,-133086,-132840,-132299,-131758,-131217,-130676,-130135,-129594,-129053,-128512,-127971,-127430,-126889,-126348,-125807,-125266,-124725,-124184,-123643,-123102,-122561,-122020,-121479,-120938,-120397,-119856,-119315,-118774,-118233,-117692,-117151,-116610,-116069,-115528,-114987,-114446,-113905,-113364,-112823,-112282,-111741,-111200,-110659,-110118,-109577,-109036,-108495,-107954,-107413,-106872,-106331,-105790,-105249,-104708,-104167,-103626,-103085,-102544,-102003,-101462,-100921,-100380,-99839,-99298,-98757,-98216,-97675,-97134,-96593,-96052,-95511,-94970,-94429,-93888,-93347,-92806,-92265,-91724,-91183,-90642,-90101,-89560,-89019,-88478,-87937,-87396,-86855,-86314,-85773,-85232,-84691,-84150,-83609,-83068,-82527,-81986,-81445,-80904,-80363,-79822,-79281,-78740,-78199,-77658,-77117,-76576,-76035,-75494,-74953,-74412,-73871,-73330,-72789,-72248,-71707,-71166,-70625,-70084,-69543,-69002,-68461,-67920,-67379,-66838,-66297,-65756,-65215,-64674,-64133,-63592,-63051,-62510,-61969,-61428,-60887,-60346,-59805,-59264,-58723,-58182,-57641,-57100,-56559,-56018,-55477,-54936,-54395,-53854,-53313,-52772,-52231,-51690,-51149,-50608,-50067,-49526,-48985,-48444,-47903,-47362,-46821,-46280,-45739,-45198,-44657,-44116,-43575,-43034,-42493,-41952,-41411,-40870,-40329,-39788,-39247,-38706,-38165,-37624,-37083,-36542,-36001,-35460,-34919,-34378,-33837,-33296,-32755,-32214,-31673,-31132,-30591,-30050,-29509,-28968,-28427,-27886,-27345,-26804,-26263,-25722,-25181,-24640,-24099,-23558,-23017,-22476,-21935,-21394,-20853,-20312,-19771,-19230,-18689,-18148,-17607,-17066,-16525,-15984,-15443,-14902,-14361,-13820,-13279,-12738,-12197,-11656,-11115,-10574,-10033,-9492,-8951,-8410,-7869,-7328,-6787,-6246,-5705,-5164,-4623,-4082,-3541,-3000,-2459,-1918,-1377,-836,-295
247,788,1329,1870,2411,2952,3493,4034,4575,5116,5657,6198,6739,7280,7821,8362,8903,9444,9985,10526,11067,11608,12149,12690,13231,13772,14313,14854,15395,15936,16477,17018,17559,18100,18641,19182,19723,20264,20805,21346,21887,22428,22969,23510,24051,24592,25133,25674,26215,26756,27297,27838,28379,28920,29461,30002,30543,31084,31625,32166,32707,33248,33789,34330,34871,35412,35953,36494,37035,37576,38117,38658,39199,39740,40281,40822,41363,41904,42445,42986,43527,44068,44609,45150,45691,46232,46773,47314,47855,48396,48937,49478,50019,50560,51101,51642,52183,52724,53265,53806,54347,54888,55429,55970,56511,57052,57593,58134,58675,59216,59757,60298,60839,61380,61921,62462,63003,63544,64085,64626,65167,65708,66249,66790,67331,67872,68413,68954,69495,70036,70577,71118,71659,72200,72741,73282,73823,74364,74905,75446,75987,76528,77069,77610,78151,78692,79233,79774,80315,80856,81397,81938,82479,83020,83561,84102,84643,85184,85725,86266,86807,87348,87889,88430,88971,89512,90053,90594,91135,91676,92217,92758,93299,93840,94381,94922,95463,96004,96545,97086,97627,98168,98709,99250,99791,100332,100873,101414,101955,102496,103037,103578,104119,104660,105201,105742,106283,106824,107365,107906,108447,108988,109529,110070,110611,111152,111693,112234,112775,113316,113857,114398,114939,115480,116021,116562,117103,117644,118185,118726,119267,119808,120349,120890,121431,121972,122513,123054,123595,124136,124677,125218,125759,126300,126841,127382,127923,128464,129005,129546,130087,130628,131169,131710,132251,132792,133333,133874,134415,134956,135497,136038,136579,137120,137661,138202,138743,139284,139825,140366,140907,141448,141989,142530,143071,143612,144153,144694,145235,145776,146317,-145823,-145282,-144741,-144200,-143659,-143118,-142577,-142036,-141495,-140954,-140413,-139872,-139331,-138790,-138249,-137708,-137167,-136626,-136085,-135544,-135003,-134462,-133921,-133627,-133380,-132839,-132298,-131757,-131216,-130675,-130134,-129593,-129052,-128511,-127970,-127429,-126888,-126347,-125806,-125265,-124724,-124183,-123642,-123101,-122560,-122019,-121478,-120937,-120396,-119855,-119314,-118773,-118232,-117691,-117150,-116609,-116068,-115527,-114986,-114445,-113904,-113363,-112822,-112281,-111740,-111199,-110658,-110117,-109576,-109035,-108494,-107953,-107412,-106871,-106330,-105789,-105248,-104707,-104166,-103625,-103084,-102543,-102002,-101461,-100920,-100379,-99838,-99297,-98756,-98215,-97674,-97133,-96592,-96051,-95510,-94969,-94428,-93887,-93346,-92805,-92264,-91723,-91182,-90641,-90100,-89559,-89018,-88477,-87936,-87395,-86854,-86313,-85772,-85231,-84690,-84149,-83608,-83067,-82526,-81985,-81444,-80903,-80362,-79821,-79280,-78739,-78198,-77657,-77116,-76575,-76034,-75493,-74952,-74411,-73870,-73329,-72788,-72247,-71706,-71165,-70624,-70083,-69542,-69001,-68460,-67919,-67378,-66837,-66296,-65755,-65214,-64673,-64132,-63591,-63050,-62509,-61968,-61427,-60886,-60345,-59804,-59263,-58722,-58181,-57640,-57099,-56558,-56017,-55476,-54935,-54394,-53853,-53312,-52771,-52230,-51689,-51148,-50607,-50066,-49525,-48984,-48443,-47902,-47361,-46820,-46279,-45738,-45197,-44656,-44115,-43574,-43033,-42492,-41951,-41410,-40869,-40328,-39787,-39246,-38705,-38164,-37623,-37082,-36541,-36000,-35459,-34918,-34377,-33836,-33295,-32754,-32213,-31672,-31131,-30590,-30049,-29508,-28967,-28426,-27885,-27344,-26803,-26262,-25721,-25180,-24639,-24098,-23557,-23016,-22475,-21934,-21393,-20852,-20311,-19770,-19229,-18688,-18147,-17606,-17065,-16524,-15983,-15442,-14901,-14360,-13819,-13278,-12737,-12196,-11655,-11114,-10573,-10032,-9491,-8950,-8409,-7868,-7327,-6786,-6245,-5704,-5163,-4622,-4081,-3540,-2999,-2458,-1917,-1376,-835,-294
248,789,1330,1871,2412,2953,3494,4035,4576,5117,5658,6199,6740,7281,7822,8363,8904,9445,9986,10527,11068,11609,12150,12691,13232,13773,14314,14855,15396,15937,16478,17019,17560,18101,18642,19183,19724,20265,20806,21347,21888,22429,22970,23511,24052,24593,25134,25675,26216,26757,27298,27839,28380,28921,29462,30003,30544,31085,31626,32167,32708,33249,33790,34331,34872,35413,35954,36495,37036,37577,38118,38659,39200,39741,40282,40823,41364,41905,42446,42987,43528,44069,44610,45151,45692,46233,46774,47315,47856,48397,48938,49479,50020,50561,51102,51643,52184,52725,53266,53807,54348,54889,55430,55971,56512,57053,57594,58135,58676,59217,59758,60299,60840,61381,61922,62463,63004,63545,64086,64627,65168,65709,66250,66791,67332,67873,68414,68955,69496,70037,70578,71119,71660,72201,72742,73283,73824,74365,74906,75447,75988,76529,77070,77611,78152,78693,79234,79775,80316,80857,81398,81939,82480,83021,83562,84103,84644,85185,85726,86267,86808,87349,87890,88431,88972,89513,90054,90595,91136,91677,92218,92759,93300,93841,94382,94923,95464,96005,96546,97087,97628,98169,98710,99251,99792,100333,100874,101415,101956,102497,103038,103579,104120,104661,105202,105743,106284,106825,107366,107907,108448,108989,109530,110071,110612,111153,111694,112235,112776,113317,113858,114399,114940,115481,116022,116563,117104,117645,118186,118727,119268,119809,120350,120891,121432,121973,122514,123055,123596,124137,124678,125219,125760,126301,126842,127383,127924,128465,129006,129547,130088,130629,131170,131711,132252,132793,133334,133875,134416,134957,135498,136039,136580,137121,137662,138203,138744,139285,139826,140367,140908,141449,141990,142531,143072,143613,144154,144695,145236,145777,146318,-145822,-145281,-144740,-144199,-143658,-143117,-142576,-142035,-141494,-140953,-140412,-139871,-139330,-138789,-138248,-137707,-137166,-136625,-136084,-135543,-135002,-134461,-134168,-133920,-133379,-132838,-132297,-131756,-131215,-130674,-130133,-129592,-129051,-128510,-127969,-127428,-126887,-126346,-125805,-125264,-124723,-124182,-123641,-123100,-122559,-122018,-121477,-120936,-120395,-119854,-119313,-118772,-118231,-117690,-117149,-116608,-116067,-115526,-114985,-114444,-113903,-113362,-112821,-112280,-111739,-111198,-110657,-110116,-109575,-109034,-108493,-107952,-107411,-106870,-106329,-105788,-105247,-104706,-104165,-103624,-103083,-102542,-102001,-101460,-100919,-100378,-99837,-99296,-98755,-98214,-97673,-97132,-96591,-96050,-95509,-94968,-94427,-93886,-93345,-92804,-92263,-91722,-91181,-90640,-90099,-89558,-89017,-88476,-87935,-87394,-86853,-86312,-85771,-85230,-84689,-84148,-83607,-83066,-82525,-81984,-81443,-80902,-80361,-79820,-79279,-78738,-78197,-77656,-77115,-76574,-76033,-75492,-74951,-74410,-73869,-73328,-72787,-72246,-71705,-71164,-70623,-70082,-69541,-69000,-68459,-67918,-67377,-66836,-66295,-65754,-65213,-64672,-64131,-63590,-63049,-62508,-61967,-61426,-60885,-60344,-59803,-59262,-58721,-58180,-57639,-57098,-56557,-56016,-55475,-54934,-54393,-53852,-53311,-52770,-52229,-51688,-51147,-50606,-50065,-49524,-48983,-48442,-47901,-47360,-46819,-46278,-45737,-45196,-44655,-44114,-43573,-43032,-42491,-41950,-41409,-40868,-40327,-39786,-39245,-38704,-38163,-37622,-37081,-36540,-35999,-35458,-34917,-34376,-33835,-33294,-32753,-32212,-31671,-31130,-30589,-30048,-29507,-28966,-28425,-27884,-27343,-26802,-26261,-25720,-25179,-24638,-24097,-23556,-23015,-22474,-21933,-21392,-20851,-20310,-19769,-19228,-18687,-18146,-17605,-17064,-16523,-15982,-15441,-14900,-14359,-13818,-13277,-12736,-12195,-11654,-11113,-10572,-10031,-9490,-8949,-8408,-7867,-7326,-6785,-6244,-5703,-5162,-4621,-4080,-3539,-2998,-2457,-1916,-1375,-834,-293
249,790,1331,1872,2413,2954,3495,4036,4577,5118,5659,6200,6741,7282,7823,8364,8905,9446,9987,10528,11069,11610,12151,12692,13233,13774,14315,14856,15397,15938,16479,17020,17561,18102,18643,19184,19725,20266,20807,21348,21889,22430,22971,23512,24053,24594,25135,25676,26217,26758,27299,27840,28381,28922,29463,30004,30545,31086,31627,32168,32709,33250,33791,34332,34873,35414,35955,36496,37037,37578,38119,38660,39201,39742,40283,40824,41365,41906,42447,42988,43529,44070,44611,45152,45693,46234,46775,47316,47857,48398,48939,49480,50021,50562,51103,51644,52185,52726,53267,53808,54349,54890,55431,55972,56513,57054,57595,58136,58677,59218,59759,60300,60841,61382,61923,62464,63005,63546,64087,64628,65169,65710,66251,66792,67333,67874,68415,68956,69497,70038,70579,71120,71661,72202,72743,73284,73825,74366,74907,75448,75989,76530,77071,77612,78153,78694,79235,79776,80317,80858,81399,81940,82481,83022,83563,84104,84645,85186,85727,86268,86809,87350,87891,88432,88973,89514,90055,90596,91137,91678,92219,92760,93301,93842,94383,94924,95465,96006,96547,97088,97629,98170,98711,99252,99793,100334,100875,101416,101957,102498,103039,103580,104121,104662,105203,105744,106285,106826,107367,107908,108449,108990,109531,110072,110613,111154,111695,112236,112777,113318,113859,114400,114941,115482,116023,116564,117105,117646,118187,118728,119269,119810,120351,120892,121433,121974,122515,123056,123597,124138,124679,125220,125761,126302,126843,127384,127925,128466,129007,129548,130089,130630,131171,131712,132253,132794,133335,133876,134417,134958,135499,136040,136581,137122,137663,138204,138745,139286,139827,140368,140909,141450,141991,142532,143073,143614,144155,144696,145237,145778,146319,-145821,-145280,-144739,-144198,-143657,-143116,-142575,-142034,-141493,-140952,-140411,-139870,-139329,-138788,-138247,-137706,-137165,-136624,-136083,-135542,-135001,-134709,-134460,-133919,-133378,-132837,-132296,-131755,-131214,-130673,-130132,-129591,-129050,-128509,-127968,-127427,-126886,-126345,-125804,-125263,-124722,-124181,-123640,-123099,-122558,-122017,-121476,-120935,-120394,-119853,-119312,-118771,-118230,-117689,-117148,-116607,-116066,-115525,-114984,-114443,-113902,-113361,-112820,-112279,-111738,-111197,-110656,-110115,-109574,-109033,-108492,-107951,-107410,-106869,-106328,-105787,-105246,-104705,-104164,-103623,-103082,-102541,-102000,-101459,-100918,-100377,-99836,-99295,-98754,-98213,-97672,-97131,-96590,-96049,-95508,-94967,-94426,-93885,-93344,-92803,-92262,-91721,-91180,-90639,-90098,-89557,-89016,-88475,-87934,-87393,-86852,-86311,-85770,-85229,-84688,-84147,-83606,-83065,-82524,-81983,-81442,-80901,-80360,-79819,-79278,-78737,-78196,-77655,-77114,-76573,-76032,-75491,-74950,-74409,-73868,-73327,-72786,-72245,-71704,-71163,-70622,-70081,-69540,-68999,-68458,-67917,-67376,-66835,-66294,-65753,-65212,-64671,-64130,-63589,-63048,-62507,-61966,-61425,-60884,-60343,-59802,-59261,-58720,-58179,-57638,-57097,-56556,-56015,-55474,-54933,-54392,-53851,-53310,-52769,-52228,-51687,-51146,-50605,-50064,-49523,-48982,-48441,-47900,-47359,-46818,-46277,-45736,-45195,-44654,-44113,-43572,-43031,-42490,-41949,-41408,-40867,-40326,-39785,-39244,-38703,-38162,-37621,-37080,-36539,-35998,-35457,-34916,-34375,-33834,-33293,-32752,-32211,-31670,-31129,-30588,-30047,-29506,-28965,-28424,-27883,-27342,-26801,-26260,-25719,-25178,-24637,-24096,-23555,-23014,-22473,-21932,-21391,-20850,-20309,-19768,-19227,-18686,-18145,-17604,-17063,-16522,-15981,-15440,-14899,-14358,-13817,-13276,-12735,-12194,-11653,-11112,-10571,-10030,-9489,-8948,-8407,-7866,-7325,-6784,-6243,-5702,-5161,-4620,-4079,-3538,-2997,-2456,-1915,-1374,-833,-292
250,791,1332,1873,2414,2955,3496,4037,4578,5119,5660,6201,6742,7283,7824,8365,8906,9447,9988,10529,11070,11611,12152,12693,13234,13775,14316,14857,15398,15939,16480,17021,17562,18103,18644,19185,19726,20267,20808,21349,21890,22431,22972,23513,24054,24595,25136,25677,26218,26759,27300,27841,28382,28923,29464,30005,30546,31087,31628,32169,32710,33251,33792,34333,34874,35415,35956,36497,37038,37579,38120,38661,39202,39743,40284,40825,41366,41907,42448,42989,43530,44071,44612,45153,45694,46235,46776,47317,47858,48399,48940,49481,50022,50563,51104,51645,52186,52727,53268,53809,54350,54891,55432,55973,56514,57055,57596,58137,58678,59219,59760,60301,60842,61383,61924,62465,63006,63547,64088,64629,65170,65711,66252,66793,67334,67875,68416,68957,69498,70039,70580,71121,71662,72203,72744,73285,73826,74367,74908,75449,75990,76531,77072,77613,78154,78695,79236,79777,80318,80859,81400,81941,82482,83023,83564,84105,84646,85187,85728,86269,86810,87351,87892,88433,88974,89515,90056,90597,91138,91679,92220,92761,93302,93843,94384,94925,95466,96007,96548,97089,97630,98171,98712,99253,99794,100335,100876,101417,101958,102499,103040,103581,104122,104663,105204,105745,106286,106827,107368,107909,108450,108991,109532,110073,110614,111155,111696,112237,112778,113319,113860,114401,114942,115483,116024,116565,117106,117647,118188,118729,119270,119811,120352,120893,121434,121975,122516,123057,123598,124139,124680,125221,125762,126303,126844,127385,127926,128467,129008,129549,130090,130631,131172,131713,132254,132795,133336,133877,134418,134959,135500,136041,136582,137123,137664,138205,138746,139287,139828,140369,140910,141451,141992,142533,143074,143615,144156,144697,145238,145779,146320,-145820,-145279,-144738,-144197,-143656,-143115,-142574,-142033,-141492,-140951,-140410,-139869,-139328,-138787,-138246,-137705,-137164,-136623,-136082,-135541,-135250,-135000,-134459,-133918,-133377,-132836,-132295,-131754,-131213,-130672,-130131,-129590,-129049,-128508,-127967,-127426,-126885,-126344,-125803,-125262,-124721,-124180,-123639,-123098,-122557,-122016,-121475,-120934,-120393,-119852,-119311,-118770,-118229,-117688,-117147,-116606,-116065,-115524,-114983,-114442,-113901,-113360,-112819,-112278,-111737,-111196,-110655,-110114,-109573,-109032,-108491,-107950,-107409,-106868,-106327,-105786,-105245,-104704,-104163,-103622,-103081,-102540,-101999,-101458,-100917,-100376,-99835,-99294,-98753,-98212,-97671,-97130,-96589,-96048,-95507,-94966,-94425,-93884,-93343,-92802,-92261,-91720,-91179,-90638,-90097,-89556,-89015,-88474,-87933,-87392,-86851,-86310,-85769,-85228,-84687,-84146,-83605,-83064,-82523,-81982,-81441,-80900,-80359,-79818,-79277,-78736,-78195,-77654,-77113,-76572,-76031,-75490,-74949,-74408,-73867,-73326,-72785,-72244,-71703,-71162,-70621,-70080,-69539,-68998,-68457,-67916,-67375,-66834,-66293,-65752,-65211,-64670,-64129,-63588,-63047,-62506,-61965,-61424,-60883,-60342,-59801,-59260,-58719,-58178,-57637,-57096,-56555,-56014,-55473,-54932,-54391,-53850,-53309,-52768,-52227,-51686,-51145,-50604,-50063,-49522,-48981,-48440,-47899,-47358,-46817,-46276,-45735,-45194,-44653,-44112,-43571,-43030,-42489,-41948,-41407,-40866,-40325,-39784,-39243,-38702,-38161,-37620,-37079,-36538,-35997,-35456,-34915,-34374,-33833,-33292,-32751,-32210,-31669,-31128,-30587,-30046,-29505,-28964,-28423,-27882,-27341,-26800,-26259,-25718,-25177,-24636,-24095,-23554,-23013,-22472,-21931,-21390,-20849,-20308,-19767,-19226,-18685,-18144,-17603,-17062,-16521,-15980,-15439,-14898,-14357,-13816,-13275,-12734,-12193,-11652,-11111,-10570,-10029,-9488,-8947,-8406,-7865,-7324,-6783,-6242,-5701,-5160,-4619,-4078,-3537,-2996,-2455,-1914,-1373,-832,-291
251,792,1333,1874,2415,2956,3497,4038,4579,5120,5661,6202,6743,7284,7825,8366,8907,9448,9989,10530,11071,11612,12153,12694,13235,13776,14317,14858,15399,15940,16481,17022,17563,18104,18645,19186,19727,20268,20809,21350,21891,22432,22973,23514,24055,24596,25137,25678,26219,26760,27301,27842,28383,28924,29465,30006,30547,31088,31629,32170,32711,33252,33793,34334,34875,35416,35957,36498,37039,37580,38121,38662,39203,39744,40285,40826,41367,41908,42449,42990,43531,44072,44613,45154,45695,46236,46777,47318,47859,48400,48941,49482,50023,50564,51105,51646,52187,52728,53269,53810,54351,54892,55433,55974,56515,57056,57597,58138,58679,59220,59761,60302,60843,61384,61925,62466,63007,63548,64089,64630,65171,65712,66253,66794,67335,67876,68417,68958,69499,70040,70581,71122,71663,72204,72745,73286,73827,74368,74909,75450,75991,76532,77073,77614,78155,78696,79237,79778,80319,80860,81401,81942,82483,83024,83565,84106,84647,85188,85729,86270,86811,87352,87893,88434,88975,89516,90057,90598,91139,91680,92221,92762,93303,93844,94385,94926,95467,96008,96549,97090,97631,98172,98713,99254,99795,100336,100877,101418,101959,102500,103041,103582,104123,104664,105205,105746,106287,106828,107369,107910,108451,108992,109533,110074,110615,111156,111697,112238,112779,113320,113861,114402,114943,115484,116025,116566,117107,117648,118189,118730,119271,119812,120353,120894,121435,121976,122517,123058,123599,124140,124681,125222,125763,126304,126845,127386,127927,128468,129009,129550,130091,130632,131173,131714,132255,132796,133337,133878,134419,134960,135501,136042,136583,137124,137665,138206,138747,139288,139829,140370,140911,141452,141993,142534,143075,143616,144157,144698,145239,145780,146321,-145819,-145278,-144737,-144196,-143655,-143114,-142573,-142032,-141491,-140950,-140409,-139868,-139327,-138786,-138245,-137704,-137163,-136622,-136081,-135791,-135540,-134999,-134458,-133917,-133376,-132835,-132294,-131753,-131212,-130671,-130130,-129589,-129048,-128507,-127966,-127425,-126884,-126343,-125802,-125261,-124720,-124179,-123638,-123097,-122556,-122015,-121474,-120933,-120392,-119851,-119310,-118769,-118228,-117687,-117146,-116605,-116064,-115523,-114982,-114441,-113900,-113359,-112818,-112277,-111736,-111195,-110654,-110113,-109572,-109031,-108490,-107949,-107408,-106867,-106326,-105785,-105244,-104703,-104162,-103621,-103080,-102539,-101998,-101457,-100916,-100375,-99834,-99293,-98752,-98211,-97670,-97129,-96588,-96047,-95506,-94965,-94424,-93883,-93342,-92801,-92260,-91719,-91178,-90637,-90096,-89555,-89014,-88473,-87932,-87391,-86850,-86309,-85768,-85227,-84686,-84145,-83604,-83063,-82522,-81981,-81440,-80899,-80358,-79817,-79276,-78735,-78194,-77653,-77112,-76571,-76030,-75489,-74948,-74407,-73866,-73325,-72784,-72243,-71702,-71161,-70620,-70079,-69538,-68997,-68456,-67915,-67374,-66833,-66292,-65751,-65210,-64669,-64128,-63587,-63046,-62505,-61964,-61423,-60882,-60341,-59800,-59259,-58718,-58177,-57636,-57095,-56554,-56013,-55472,-54931,-54390,-53849,-53308,-52767,-52226,-51685,-51144,-50603,-50062,-49521,-48980,-48439,-47898,-47357,-46816,-46275,-45734,-45193,-44652,-44111,-43570,-43029,-42488,-41947,-41406,-40865,-40324,-39783,-39242,-38701,-38160,-37619,-37078,-36537,-35996,-35455,-34914,-34373,-33832,-33291,-32750,-32209,-31668,-31127,-30586,-30045,-29504,-28963,-28422,-27881,-27340,-26799,-26258,-25717,-25176,-24635,-24094,-23553,-23012,-22471,-21930,-21389,-20848,-20307,-19766,-19225,-18684,-18143,-17602,-17061,-16520,-15979,-15438,-14897,-14356,-13815,-13274,-12733,-12192,-11651,-11110,-10569,-10028,-9487,-8946,-8405,-7864,-7323,-6782,-6241,-5700,-5159,-4618,-4077,-3536,-2995,-2454,-1913,-1372,-831,-290
252,793,1334,1875,2416,2957,3498,4039,4580,5121,5662,6203,6744,7285,7826,8367,8908,9449,9990,10531,11072,11613,12154,12695,13236,13777,14318,14859,15400,15941,16482,17023,17564,18105,18646,19187,19728,20269,20810,21351,21892,22433,22974,23515,24056,24597,25138,25679,26220,26761,27302,27843,28384,28925,29466,30007,30548,31089,31630,32171,32712,33253,33794,34335,34876,35417,35958,36499,37040,37581,38122,38663,39204,39745,40286,40827,41368,41909,42450,42991,43532,44073,44614,45155,45696,46237,46778,47319,47860,48401,48942,49483,50024,50565,51106,51647,52188,52729,53270,53811,54352,54893,55434,55975,56516,57057,57598,58139,58680,59221,59762,60303,60844,61385,61926,62467,63008,63549,64090,64631,65172,65713,66254,66795,67336,67877,68418,68959,69500,70041,70582,71123,71664,72205,72746,73287,73828,74369,74910,75451,75992,76533,77074,77615,78156,78697,79238,79779,80320,80861,81402,81943,82484,83025,83566,84107,84648,85189,85730,86271,86812,87353,87894,88435,88976,89517,90058,90599,91140,91681,92222,92763,93304,93845,94386,94927,95468,96009,96550,97091,97632,98173,98714,99255,99796,100337,100878,101419,101960,102501,103042,103583,104124,104665,105206,105747,106288,106829,107370,107911,108452,108993,109534,110075,110616,111157,111698,112239,112780,113321,113862,114403,114944,115485,116026,116567,117108,117649,118190,118731,119272,119813,120354,120895,121436,121977,122518,123059,123600,124141,124682,125223,125764,126305,126846,127387,127928,128469,129010,129551,130092,130633,131174,131715,132256,132797,133338,133879,134420,134961,135502,136043,136584,137125,137666,138207,138748,139289,139830,140371,140912,141453,141994,142535,143076,143617,144158,144699,145240,145781,146322,-145818,-145277,-144736,-144195,-143654,-143113,-142572,-142031,-141490,-140949,-140408,-139867,-139326,-138785,-138244,-137703,-137162,-136621,-136332,-136080,-135539,-134998,-134457,-133916,-133375,-132834,-132293,-131752,-131211,-130670,-130129,-129588,-129047,-128506,-127965,-127424,-126883,-126342,-125801,-125260,-124719,-124178,-123637,-123096,-122555,-122014,-121473,-120932,-120391,-119850,-119309,-118768,-118227,-117686,-117145,-116604,-116063,-115522,-114981,-114440,-113899,-113358,-112817,-112276,-111735,-111194,-110653,-110112,-109571,-109030,-108489,-107948,-107407,-106866,-106325,-105784,-105243,-104702,-104161,-103620,-103079,-102538,-101997,-101456,-100915,-100374,-99833,-99292,-98751,-98210,-97669,-97128,-96587,-96046,-95505,-94964,-94423,-93882,-93341,-92800,-92259,-91718,-91177,-90636,-90095,-89554,-89013,-88472,-87931,-87390,-86849,-86308,-85767,-85226,-84685,-84144,-83603,-83062,-82521,-81980,-81439,-80898,-80357,-79816,-79275,-78734,-78193,-77652,-77111,-76570,-76029,-75488,-74947,-74406,-73865,-73324,-72783,-72242,-71701,-71160,-70619,-70078,-69537,-68996,-68455,-67914,-67373,-66832,-66291,-65750,-65209,-64668,-64127,-63586,-63045,-62504,-61963,-61422,-60881,-60340,-59799,-59258,-58717,-58176,-57635,-57094,-56553,-56012,-55471,-54930,-54389,-53848,-53307,-52766,-52225,-51684,-51143,-50602,-50061,-49520,-48979,-48438,-47897,-47356,-46815,-46274,-45733,-45192,-44651,-44110,-43569,-43028,-42487,-41946,-41405,-40864,-40323,-39782,-39241,-38700,-38159,-37618,-37077,-36536,-35995,-35454,-34913,-34372,-33831,-33290,-32749,-32208,-31667,-31126,-30585,-30044,-29503,-28962,-28421,-27880,-27339,-26798,-26257,-25716,-25175,-24634,-24093,-23552,-23011,-22470,-21929,-21388,-20847,-20306,-19765,-19224,-18683,-18142,-17601,-17060,-16519,-15978,-15437,-14896,-14355,-13814,-13273,-12732,-12191,-11650,-11109,-10568,-10027,-9486,-8945,-8404,-7863,-7322,-6781,-6240,-5699,-5158,-4617,-4076,-3535,-2994,-2453,-1912,-1371,-830,-289
253,794,1335,1876,2417,2958,3499,4040,4581,5122,5663,6204,6745,7286,7827,8368,8909,9450,9991,10532,11073,11614,12155,12696,13237,13778,14319,14860,15401,15942,16483,17024,17565,18106,18647,19188,19729,20270,20811,21352,21893,22434,22975,23516,24057,24598,25139,25680,26221,26762,27303,27844,28385,28926,29467,30008,30549,31090,31631,32172,32713,33254,33795,34336,34877,35418,35959,36500,37041,37582,38123,38664,39205,39746,40287,40828,41369,41910,42451,42992,43533,44074,44615,45156,45697,46238,46779,47320,47861,48402,48943,49484,50025,50566,51107,51648,52189,52730,53271,53812,54353,54894,55435,55976,56517,57058,57599,58140,58681,59222,59763,60304,60845,61386,61927,62468,63009,63550,64091,64632,65173,65714,66255,66796,67337,67878,68419,68960,69501,70042,70583,71124,71665,72206,72747,73288,73829,74370,74911,75452,75993,76534,77075,77616,78157,78698,79239,79780,80321,80862,81403,81944,82485,83026,83567,84108,84649,85190,85731,86272,86813,87354,87895,88436,88977,89518,90059,90600,91141,91682,92223,92764,93305,93846,94387,94928,95469,96010,96551,97092,97633,98174,98715,99256,99797,100338,100879,101420,101961,102502,103043,103584,104125,104666,105207,105748,106289,106830,107371,107912,108453,108994,109535,110076,110617,111158,111699,112240,112781,113322,113863,114404,114945,115486,116027,116568,117109,117650,118191,118732,119273,119814,120355,120896,121437,121978,122519,123060,123601,124142,124683,125224,125765,126306,126847,127388,127929,128470,129011,129552,130093,130634,131175,131716,132257,132798,133339,133880,134421,134962,135503,136044,136585,137126,137667,138208,138749,139290,139831,140372,140913,141454,141995,142536,143077,143618,144159,144700,145241,145782,146323,-145817,-145276,-144735,-144194,-143653,-143112,-142571,-142030,-141489,-140948,-140407,-139866,-139325,-138784,-138243,-137702,-137161,-136873,-136620,-136079,-135538,-134997,-134456,-133915,-133374,-132833,-132292,-131751,-131210,-130669,-130128,-129587,-129046,-128505,-127964,-127423,-126882,-126341,-125800,-125259,-124718,-124177,-123636,-123095,-122554,-122013,-121472,-120931,-120390,-119849,-119308,-118767,-118226,-117685,-117144,-116603,-116062,-115521,-114980,-114439,-113898,-113357,-112816,-112275,-111734,-111193,-110652,-110111,-109570,-109029,-108488,-107947,-107406,-106865,-106324,-105783,-105242,-104701,-104160,-103619,-103078,-102537,-101996,-101455,-100914,-100373,-99832,-99291,-98750,-98209,-97668,-97127,-96586,-96045,-95504,-94963,-94422,-93881,-93340,-92799,-92258,-91717,-91176,-90635,-90094,-89553,-89012,-88471,-87930,-87389,-86848,-86307,-85766,-85225,-84684,-84143,-83602,-83061,-82520,-81979,-81438,-80897,-80356,-79815,-79274,-78733,-78192,-77651,-77110,-76569,-76028,-75487,-74946,-74405,-73864,-73323,-72782,-72241,-71700,-71159,-70618,-70077,-69536,-68995,-68454,-67913,-67372,-66831,-66290,-65749,-65208,-64667,-64126,-63585,-63044,-62503,-61962,-61421,-60880,-60339,-59798,-59257,-58716,-58175,-57634,-57093,-56552,-56011,-55470,-54929,-54388,-53847,-53306,-52765,-52224,-51683,-51142,-50601,-50060,-49519,-48978,-48437,-47896,-47355,-46814,-46273,-45732,-45191,-44650,-44109,-43568,-43027,-42486,-41945,-41404,-40863,-40322,-39781,-39240,-38699,-38158,-37617,-37076,-36535,-35994,-35453,-34912,-34371,-33830,-33289,-32748,-32207,-31666,-31125,-30584,-30043,-29502,-28961,-28420,-27879,-27338,-26797,-26256,-25715,-25174,-24633,-24092,-23551,-23010,-22469,-21928,-21387,-20846,-20305,-19764,-19223,-18682,-18141,-17600,-17059,-16518,-15977,-15436,-14895,-14354,-13813,-13272,-12731,-12190,-11649,-11108,-10567,-10026,-9485,-8944,-8403,-7862,-7321,-6780,-6239,-5698,-5157,-4616,-4075,-3534,-2993,-2452,-1911,-1370,-829,-288
254,795,1336,1877,2418,2959,3500,4041,4582,5123,5664,6205,6746,7287,7828,8369,8910,9451,9992,10533,11074,11615,12156,12697,13238,13779,14320,14861,15402,15943,16484,17025,17566,18107,18648,19189,19730,20271,20812,21353,21894,22435,22976,23517,24058,24599,25140,25681,26222,26763,27304,27845,28386,28927,29468,30009,30550,31091,31632,32173,32714,33255,33796,34337,34878,35419,35960,36501,37042,37583,38124,38665,39206,39747,40288,40829,41370,41911,42452,42993,43534,44075,44616,45157,45698,46239,46780,47321,47862,48403,48944,49485,50026,50567,51108,51649,52190,52731,53272,53813,54354,54895,55436,55977,56518,57059,57600,58141,58682,59223,59764,60305,60846,61387,61928,62469,63010,63551,64092,64633,65174,65715,66256,66797,67338,67879,68420,68961,69502,70043,70584,71125,71666,72207,72748,73289,73830,74371,74912,75453,75994,76535,77076,77617,78158,78699,79240,79781,80322,80863,81404,81945,82486,83027,83568,84109,84650,85191,85732,86273,86814,87355,87896,88437,88978,89519,90060,90601,91142,91683,92224,92765,93306,93847,94388,94929,95470,96011,96552,97093,97634,98175,98716,99257,99798,100339,100880,101421,101962,102503,103044,103585,104126,104667,105208,105749,106290,106831,107372,107913,108454,108995,109536,110077,110618,111159,111700,112241,112782,113323,113864,114405,114946,115487,116028,116569,117110,117651,118192,118733,119274,119815,120356,120897,121438,121979,122520,123061,123602,124143,124684,125225,125766,126307,126848,127389,127930,128471,129012,129553,130094,130635,131176,131717,132258,132799,133340,133881,134422,134963,135504,136045,136586,137127,137668,138209,138750,139291,139832,140373,140914,141455,141996,142537,143078,143619,144160,144701,145242,145783,146324,-145816,-145275,-144734,-144193,-143652,-143111,-142570,-142029,-141488,-140947,-140406,-139865,-139324,-138783,-138242,-137701,-137414,-137160,-136619,-136078,-135537,-134996,-134455,-133914,-133373,-132832,-132291,-131750,-131209,-130668,-130127,-129586,-129045,-128504,-127963,-127422,-126881,-126340,-125799,-125258,-124717,-124176,-123635,-123094,-122553,-122012,-121471,-120930,-120389,-119848,-119307,-118766,-118225,-117684,-117143,-116602,-116061,-115520,-114979,-114438,-113897,-113356,-112815,-112274,-111733,-111192,-110651,-110110,-109569,-109028,-108487,-107946,-107405,-106864,-106323,-105782,-105241,-104700,-104159,-103618,-103077,-102536,-101995,-101454,-100913,-100372,-99831,-99290,-98749,-98208,-97667,-97126,-96585,-96044,-95503,-94962,-94421,-93880,-93339,-92798,-92257,-91716,-91175,-90634,-90093,-89552,-89011,-88470,-87929,-87388,-86847,-86306,-85765,-85224,-84683,-84142,-83601,-83060,-82519,-81978,-81437,-80896,-80355,-79814,-79273,-78732,-78191,-77650,-77109,-76568,-76027,-75486,-74945,-74404,-73863,-73322,-72781,-72240,-71699,-71158,-70617,-70076,-69535,-68994,-68453,-67912,-67371,-66830,-66289,-65748,-65207,-64666,-64125,-63584,-63043,-62502,-61961,-61420,-60879,-60338,-59797,-59256,-58715,-58174,-57633,-57092,-56551,-56010,-55469,-54928,-54387,-53846,-53305,-52764,-52223,-51682,-51141,-50600,-50059,-49518,-48977,-48436,-47895,-47354,-46813,-46272,-45731,-45190,-44649,-44108,-43567,-43026,-42485,-41944,-41403,-40862,-40321,-39780,-39239,-38698,-38157,-37616,-37075,-36534,-35993,-35452,-34911,-34370,-33829,-33288,-32747,-32206,-31665,-31124,-30583,-30042,-29501,-28960,-28419,-27878,-27337,-26796,-26255,-25714,-25173,-24632,-24091,-23550,-23009,-22468,-21927,-21386,-20845,-20304,-19763,-19222,-18681,-18140,-17599,-17058,-16517,-15976,-15435,-14894,-14353,-13812,-13271,-12730,-12189,-11648,-11107,-10566,-10025,-9484,-8943,-8402,-7861,-7320,-6779,-6238,-5697,-5156,-4615,-4074,-3533,-2992,-2451,-1910,-1369,-828,-287
255,796,1337,1878,2419,2960,3501,4042,4583,5124,5665,6206,6747,7288,7829,8370,8911,9452,9993,10534,11075,11616,12157,12698,13239,13780,14321,14862,15403,15944,16485,17026,17567,18108,18649,19190,19731,20272,20813,21354,21895,22436,22977,23518,24059,24600,25141,25682,26223,26764,27305,27846,28387,28928,29469,30010,30551,31092,31633,32174,32715,33256,33797,34338,34879,35420,35961,36502,37043,37584,38125,38666,39207,39748,40289,40830,41371,41912,42453,42994,43535,44076,44617,45158,45699,46240,46781,47322,47863,48404,48945,49486,50027,50568,51109,51650,52191,52732,53273,53814,54355,54896,55437,55978,56519,57060,57601,58142,58683,59224,59765,60306,60847,61388,61929,62470,63011,63552,64093,64634,65175,65716,66257,66798,67339,67880,68421,68962,69503,70044,70585,71126,71667,72208,72749,73290,73831,74372,74913,75454,75995,76536,77077,77618,78159,78700,79241,79782,80323,80864,81405,81946,82487,83028,83569,84110,84651,85192,85733,86274,86815,87356,87897,88438,88979,89520,90061,90602,91143,91684,92225,92766,93307,93848,94389,94930,95471,96012,96553,97094,97635,98176,98717,99258,99799,100340,100881,101422,101963,102504,103045,103586,104127,104668,105209,105750,106291,106832,107373,107914,108455,108996,109537,110078,110619,111160,111701,112242,112783,113324,113865,114406,114947,115488,116029,116570,117111,117652,118193,118734,119275,119816,120357,120898,121439,121980,122521,123062,123603,124144,124685,125226,125767,126308,126849,127390,127931,128472,129013,129554,130095,130636,131177,131718,132259,132800,133341,133882,134423,134964,135505,136046,136587,137128,137669,138210,138751,139292,139833,140374,140915,141456,141997,142538,143079,143620,144161,144702,145243,145784,146325,-145815,-145274,-144733,-144192,-143651,-143110,-142569,-142028,-141487,-140946,-140405,-139864,-139323,-138782,-138241,-137955,-137700,-137159,-136618,-136077,-135536,-134995,-134454,-133913,-133372,-132831,-132290,-131749,-131208,-130667,-130126,-129585,-129044,-128503,-127962,-127421,-126880,-126339,-125798,-125257,-124716,-124175,-123634,-123093,-122552,-122011,-121470,-120929,-120388,-119847,-119306,-118765,-118224,-117683,-117142,-116601,-116060,-115519,-114978,-114437,-113896,-113355,-112814,-112273,-111732,-111191,-110650,-110109,-109568,-109027,-108486,-107945,-107404,-106863,-106322,-105781,-105240,-104699,-104158,-103617,-103076,-102535,-101994,-101453,-100912,-100371,-99830,-99289,-98748,-98207,-97666,-97125,-96584,-96043,-95502,-94961,-94420,-93879,-93338,-92797,-92256,-91715,-91174,-90633,-90092,-89551,-89010,-88469,-87928,-87387,-86846,-86305,-85764,-85223,-84682,-84141,-83600,-83059,-82518,-81977,-81436,-80895,-80354,-79813,-79272,-78731,-78190,-77649,-77108,-76567,-76026,-75485,-74944,-74403,-73862,-73321,-72780,-72239,-71698,-71157,-70616,-70075,-69534,-68993,-68452,-67911,-67370,-66829,-66288,-65747,-65206,-64665,-64124,-63583,-63042,-62501,-61960,-61419,-60878,-60337,-59796,-59255,-58714,-58173,-57632,-57091,-56550,-56009,-55468,-54927,-54386,-53845,-53304,-52763,-52222,-51681,-51140,-50599,-50058,-49517,-48976,-48435,-47894,-47353,-46812,-46271,-45730,-45189,-44648,-44107,-43566,-43025,-42484,-41943,-41402,-40861,-40320,-39779,-39238,-38697,-38156,-37615,-37074,-36533,-35992,-35451,-34910,-34369,-33828,-33287,-32746,-32205,-31664,-31123,-30582,-30041,-29500,-28959,-28418,-27877,-27336,-26795,-26254,-25713,-25172,-24631,-24090,-23549,-23008,-22467,-21926,-21385,-20844,-20303,-19762,-19221,-18680,-18139,-17598,-17057,-16516,-15975,-15434,-14893,-14352,-13811,-13270,-12729,-12188,-11647,-11106,-10565,-10024,-9483,-8942,-8401,-7860,-7319,-6778,-6237,-5696,-5155,-4614,-4073,-3532,-2991,-2450,-1909,-1368,-827,-286
256,797,1338,1879,2420,2961,3502,4043,4584,5125,5666,6207,6748,7289,7830,8371,8912,9453,9994,10535,11076,11617,12158,12699,13240,13781,14322,14863,15404,15945,16486,17027,17568,18109,18650,19191,19732,20273,20814,21355,21896,22437,22978,23519,24060,24601,25142,25683,26224,26765,27306,27847,28388,28929,29470,30011,30552,31093,31634,32175,32716,33257,33798,34339,34880,35421,35962,36503,37044,37585,38126,38667,39208,39749,40290,40831,41372,41913,42454,42995,43536,44077,44618,45159,45700,46241,46782,47323,47864,48405,48946,49487,50028,50569,51110,51651,52192,52733,53274,53815,54356,54897,55438,55979,56520,57061,57602,58143,58684,59225,59766,60307,60848,61389,61930,62471,63012,63553,64094,64635,65176,65717,66258,66799,67340,67881,68422,68963,69504,70045,70586,71127,71668,72209,72750,73291,73832,74373,74914,75455,75996,76537,77078,77619,78160,78701,79242,79783,80324,80865,81406,81947,82488,83029,83570,84111,84652,85193,85734,86275,86816,87357,87898,88439,88980,89521,90062,90603,91144,91685,92226,92767,93308,93849,94390,94931,95472,96013,96554,97095,97636,98177,98718,99259,99800,100341,100882,101423,101964,102505,103046,103587,104128,104669,105210,105751,106292,106833,107374,107915,108456,108997,109538,110079,110620,111161,111702,112243,112784,113325,113866,114407,114948,115489,116030,116571,117112,117653,118194,118735,119276,119817,120358,120899,121440,121981,122522,123063,123604,124145,124686,125227,125768,126309,126850,127391,127932,128473,129014,129555,130096,130637,131178,131719,132260,132801,133342,133883,134424,134965,135506,136047,136588,137129,137670,138211,138752,139293,139834,140375,140916,141457,141998,142539,143080,143621,144162,144703,145244,145785,146326,-145814,-145273,-144732,-144191,-143650,-143109,-142568,-142027,-141486,-140945,-140404,-139863,-139322,-138781,-138496,-138240,-137699,-137158,-136617,-136076,-135535,-134994,-134453,-133912,-133371,-132830,-132289,-131748,-131207,-130666,-130125,-129584,-129043,-128502,-127961,-127420,-126879,-126338,-125797,-125256,-124715,-124174,-123633,-123092,-122551,-122010,-121469,-120928,-120387,-119846,-119305,-118764,-118223,-117682,-117141,-116600,-116059,-115518,-114977,-114436,-113895,-113354,-112813,-112272,-111731,-111190,-110649,-110108,-109567,-109026,-108485,-107944,-107403,-106862,-106321,-105780,-105239,-104698,-104157,-103616,-103075,-102534,-101993,-101452,-100911,-100370,-99829,-99288,-98747,-98206,-97665,-97124,-96583,-96042,-95501,-94960,-94419,-93878,-93337,-92796,-92255,-91714,-91173,-90632,-90091,-89550,-89009,-88468,-87927,-87386,-86845,-86304,-85763,-85222,-84681,-84140,-83599,-83058,-82517,-81976,-81435,-80894,-80353,-79812,-79271,-78730,-78189,-77648,-77107,-76566,-76025,-75484,-74943,-74402,-73861,-73320,-72779,-72238,-71697,-71156,-70615,-70074,-69533,-68992,-68451,-67910,-67369,-66828,-66287,-65746,-65205,-64664,-64123,-63582,-63041,-62500,-61959,-61418,-60877,-60336,-59795,-59254,-58713,-58172,-57631,-57090,-56549,-56008,-55467,-54926,-54385,-53844,-53303,-52762,-52221,-51680,-51139,-50598,-50057,-49516,-48975,-48434,-47893,-47352,-46811,-46270,-45729,-45188,-44647,-44106,-43565,-43024,-42483,-41942,-41401,-40860,-40319,-39778,-39237,-38696,-38155,-37614,-37073,-36532,-35991,-35450,-34909,-34368,-33827,-33286,-32745,-32204,-31663,-31122,-30581,-30040,-29499,-28958,-28417,-27876,-27335,-26794,-26253,-25712,-25171,-24630,-24089,-23548,-23007,-22466,-21925,-21384,-20843,-20302,-19761,-19220,-18679,-18138,-17597,-17056,-16515,-15974,-15433,-14892,-14351,-13810,-13269,-12728,-12187,-11646,-11105,-10564,-10023,-9482,-8941,-8400,-7859,-7318,-6777,-6236,-5695,-5154,-4613,-4072,-3531,-2990,-2449,-1908,-1367,-826,-285
257,798,1339,1880,2421,2962,3503,4044,4585,5126,5667,6208,6749,7290,7831,8372,8913,9454,9995,10536,11077,11618,12159,12700,13241,13782,14323,14864,15405,15946,16487,17028,17569,18110,18651,19192,19733,20274,20815,21356,21897,22438,22979,23520,24061,24602,25143,25684,26225,26766,27307,27848,28389,28930,29471,30012,30553,31094,31635,32176,32717,33258,33799,34340,34881,35422,35963,36504,37045,37586,38127,38668,39209,39750,40291,40832,41373,41914,42455,42996,43537,44078,44619,45160,45701,46242,46783,47324,47865,48406,48947,49488,50029,50570,51111,51652,52193,52734,53275,53816,54357,54898,55439,55980,56521,57062,57603,58144,58685,59226,59767,60308,60849,61390,61931,62472,63013,63554,64095,64636,65177,65718,66259,66800,67341,67882,68423,68964,69505,70046,70587,71128,71669,72210,72751,73292,73833,74374,74915,75456,75997,76538,77079,77620,78161,78702,79243,79784,80325,80866,81407,81948,82489,83030,83571,84112,84653,85194,85735,86276,86817,87358,87899,88440,88981,89522,90063,90604,91145,91686,92227,92768,93309,93850,94391,94932,95473,96014,96555,97096,97637,98178,98719,99260,99801,100342,100883,101424,101965,102506,103047,103588,104129,104670,105211,105752,106293,106834,107375,107916,108457,108998,109539,110080,110621,111162,111703,112244,112785,113326,113867,114408,114949,115490,116031,116572,117113,117654,118195,118736,119277,119818,120359,120900,121441,121982,122523,123064,123605,124146,124687,125228,125769,126310,126851,127392,127933,128474,129015,129556,130097,130638,131179,131720,132261,132802,133343,133884,134425,134966,135507,136048,136589,137130,137671,138212,138753,139294,139835,140376,140917,141458,141999,142540,143081,143622,144163,144704,145245,145786,146327,-145813,-145272,-144731,-144190,-143649,-143108,-142567,-142026,-141485,-140944,-140403,-139862,-139321,-139037,-138780,-138239,-137698,-137157,-136616,-136075,-135534,-134993,-134452,-133911,-133370,-132829,-132288,-131747,-131206,-130665,-130124,-129583,-129042,-128501,-127960,-127419,-126878,-126337,-125796,-125255,-124714,-124173,-123632,-123091,-122550,-122009,-121468,-120927,-120386,-119845,-119304,-118763,-118222,-117681,-117140,-116599,-116058,-115517,-114976,-114435,-113894,-113353,-112812,-112271,-111730,-111189,-110648,-110107,-109566,-109025,-108484,-107943,-107402,-106861,-106320,-105779,-105238,-104697,-104156,-103615,-103074,-102533,-101992,-101451,-100910,-100369,-99828,-99287,-98746,-98205,-97664,-97123,-96582,-96041,-95500,-94959,-94418,-93877,-93336,-92795,-92254,-91713,-91172,-90631,-90090,-89549,-89008,-88467,-87926,-87385,-86844,-86303,-85762,-85221,-84680,-84139,-83598,-83057,-82516,-81975,-81434,-80893,-80352,-79811,-79270,-78729,-78188,-77647,-77106,-76565,-76024,-75483,-74942,-74401,-73860,-73319,-72778,-72237,-71696,-71155,-70614,-70073,-69532,-68991,-68450,-67909,-67368,-66827,-66286,-65745,-65204,-64663,-64122,-63581,-63040,-62499,-61958,-61417,-60876,-60335,-59794,-59253,-58712,-58171,-57630,-57089,-56548,-56007,-55466,-54925,-54384,-53843,-53302,-52761,-52220,-51679,-51138,-50597,-50056,-49515,-48974,-48433,-47892,-47351,-46810,-46269,-45728,-45187,-44646,-44105,-43564,-43023,-42482,-41941,-41400,-40859,-40318,-39777,-39236,-38695,-38154,-37613,-37072,-36531,-35990,-35449,-34908,-34367,-33826,-33285,-32744,-32203,-31662,-31121,-30580,-30039,-29498,-28957,-28416,-27875,-27334,-26793,-26252,-25711,-25170,-24629,-24088,-23547,-23006,-22465,-21924,-21383,-20842,-20301,-19760,-19219,-18678,-18137,-17596,-17055,-16514,-15973,-15432,-14891,-14350,-13809,-13268,-12727,-12186,-11645,-11104,-10563,-10022,-9481,-8940,-8399,-7858,-7317,-6776,-6235,-5694,-5153,-4612,-4071,-3530,-2989,-2448,-1907,-1366,-825,-284
258,799,1340,1881,2422,2963,3504,4045,4586,5127,5668,6209,6750,7291,7832,8373,8914,9455,9996,10537,11078,11619,12160,12701,13242,13783,14324,14865,15406,15947,16488,17029,17570,18111,18652,19193,19734,20275,20816,21357,21898,22439,22980,23521,24062,24603,25144,25685,26226,26767,27308,27849,28390,28931,29472,30013,30554,31095,31636,32177,32718,33259,33800,34341,34882,35423,35964,36505,37046,37587,38128,38669,39210,39751,40292,40833,41374,41915,42456,42997,43538,44079,44620,45161,45702,46243,46784,47325,47866,48407,48948,49489,50030,50571,51112,51653,52194,52735,53276,53817,54358,54899,55440,55981,56522,57063,57604,58145,58686,59227,59768,60309,60850,61391,61932,62473,63014,63555,64096,64637,65178,65719,66260,66801,67342,67883,68424,68965,69506,70047,70588,71129,71670,72211,72752,73293,73834,74375,74916,75457,75998,76539,77080,77621,78162,78703,79244,79785,80326,80867,81408,81949,82490,83031,83572,84113,84654,85195,85736,86277,86818,87359,87900,88441,88982,89523,90064,90605,91146,91687,92228,92769,93310,93851,94392,94933,95474,96015,96556,97097,97638,98179,98720,99261,99802,100343,100884,101425,101966,102507,103048,103589,104130,104671,105212,105753,106294,106835,107376,107917,108458,108999,109540,110081,110622,111163,111704,112245,112786,113327,113868,114409,114950,115491,116032,116573,117114,117655,118196,118737,119278,119819,120360,120901,121442,121983,122524,123065,123606,124147,124688,125229,125770,126311,126852,127393,127934,128475,129016,129557,130098,130639,131180,131721,132262,132803,133344,133885,134426,134967,135508,136049,136590,137131,137672,138213,138754,139295,139836,140377,140918,141459,142000,142541,143082,143623,144164,144705,145246,145787,146328,-145812,-145271,-144730,-144189,-143648,-143107,-142566,-142025,-141484,-140943,-140402,-139861,-139578,-139320,-138779,-138238,-137697,-137156,-136615,-136074,-135533,-134992,-134451,-133910,-133369,-132828,-132287,-131746,-131205,-130664,-130123,-129582,-129041,-128500,-127959,-127418,-126877,-126336,-125795,-125254,-124713,-124172,-123631,-123090,-122549,-122008,-121467,-120926,-120385,-119844,-119303,-118762,-118221,-117680,-117139,-116598,-116057,-115516,-114975,-114434,-113893,-113352,-112811,-112270,-111729,-111188,-110647,-110106,-109565,-109024,-108483,-107942,-107401,-106860,-106319,-105778,-105237,-104696,-104155,-103614,-103073,-102532,-101991,-101450,-100909,-100368,-99827,-99286,-98745,-98204,-97663,-97122,-96581,-96040,-95499,-94958,-94417,-93876,-93335,-92794,-92253,-91712,-91171,-90630,-90089,-89548,-89007,-88466,-87925,-87384,-86843,-86302,-85761,-85220,-84679,-84138,-83597,-83056,-82515,-81974,-81433,-80892,-80351,-79810,-79269,-78728,-78187,-77646,-77105,-76564,-76023,-75482,-74941,-74400,-73859,-73318,-72777,-72236,-71695,-71154,-70613,-70072,-69531,-68990,-68449,-67908,-67367,-66826,-66285,-65744,-65203,-64662,-64121,-63580,-63039,-62498,-61957,-61416,-60875,-60334,-59793,-59252,-58711,-58170,-57629,-57088,-56547,-56006,-55465,-54924,-54383,-53842,-53301,-52760,-52219,-51678,-51137,-50596,-50055,-49514,-48973,-48432,-47891,-47350,-46809,-46268,-45727,-45186,-44645,-44104,-43563,-43022,-42481,-41940,-41399,-40858,-40317,-39776,-39235,-38694,-38153,-37612,-37071,-36530,-35989,-35448,-34907,-34366,-33825,-33284,-32743,-32202,-31661,-31120,-30579,-30038,-29497,-28956,-28415,-27874,-27333,-26792,-26251,-25710,-25169,-24628,-24087,-23546,-23005,-22464,-21923,-21382,-20841,-20300,-19759,-19218,-18677,-18136,-17595,-17054,-16513,-15972,-15431,-14890,-14349,-13808,-13267,-12726,-12185,-11644,-11103,-10562,-10021,-9480,-8939,-8398,-7857,-7316,-6775,-6234,-5693,-5152,-4611,-4070,-3529,-2988,-2447,-1906,-1365,-824,-283
259,800,1341,1882,2423,2964,3505,4046,4587,5128,5669,6210,6751,7292,7833,8374,8915,9456,9997,10538,11079,11620,12161,12702,13243,13784,14325,14866,15407,15948,16489,17030,17571,18112,18653,19194,19735,20276,20817,21358,21899,22440,22981,23522,24063,24604,25145,25686,26227,26768,27309,27850,28391,28932,29473,30014,30555,31096,31637,32178,32719,33260,33801,34342,34883,35424,35965,36506,37047,37588,38129,38670,39211,39752,40293,40834,41375,41916,42457,42998,43539,44080,44621,45162,45703,46244,46785,47326,47867,48408,48949,49490,50031,50572,51113,51654,52195,52736,53277,53818,54359,54900,55441,55982,56523,57064,57605,58146,58687,59228,59769,60310,60851,61392,61933,62474,63015,63556,64097,64638,65179,65720,66261,66802,67343,67884,68425,68966,69507,70048,70589,71130,71671,72212,72753,73294,73835,74376,74917,75458,75999,76540,77081,77622,78163,78704,79245,79786,80327,80868,81409,81950,82491,83032,83573,84114,84655,85196,85737,86278,86819,87360,87901,88442,88983,89524,90065,90606,91147,91688,92229,92770,93311,93852,94393,94934,95475,96016,96557,97098,97639,98180,98721,99262,99803,100344,100885,101426,101967,102508,103049,103590,104131,104672,105213,105754,106295,106836,107377,107918,108459,109000,109541,110082,110623,111164,111705,112246,112787,113328,113869,114410,114951,115492,116033,116574,117115,117656,118197,118738,119279,119820,120361,120902,121443,121984,122525,123066,123607,124148,124689,125230,125771,126312,126853,127394,127935,128476,129017,129558,130099,130640,131181,131722,132263,132804,133345,133886,134427,134968,135509,136050,136591,137132,137673,138214,138755,139296,139837,140378,140919,141460,142001,142542,143083,143624,144165,144706,145247,145788,146329,-145811,-145270,-144729,-144188,-143647,-143106,-142565,-142024,-141483,-140942,-140401,-140119,-139860,-139319,-138778,-138237,-137696,-137155,-136614,-136073,-135532,-134991,-134450,-133909,-133368,-132827,-132286,-131745,-131204,-130663,-130122,-129581,-129040,-128499,-127958,-127417,-126876,-126335,-125794,-125253,-124712,-124171,-123630,-123089,-122548,-122007,-121466,-120925,-120384,-119843,-119302,-118761,-118220,-117679,-117138,-116597,-116056,-115515,-114974,-114433,-113892,-113351,-112810,-112269,-111728,-111187,-110646,-110105,-109564,-109023,-108482,-107941,-107400,-106859,-106318,-105777,-105236,-104695,-104154,-103613,-103072,-102531,-101990,-101449,-100908,-100367,-99826,-99285,-98744,-98203,-97662,-97121,-96580,-96039,-95498,-94957,-94416,-93875,-93334,-92793,-92252,-91711,-91170,-90629,-90088,-89547,-89006,-88465,-87924,-87383,-86842,-86301,-85760,-85219,-84678,-84137,-83596,-83055,-82514,-81973,-81432,-80891,-80350,-79809,-79268,-78727,-78186,-77645,-77104,-76563,-76022,-75481,-74940,-74399,-73858,-73317,-72776,-72235,-71694,-71153,-70612,-70071,-69530,-68989,-68448,-67907,-67366,-66825,-66284,-65743,-65202,-64661,-64120,-63579,-63038,-62497,-61956,-61415,-60874,-60333,-59792,-59251,-58710,-58169,-57628,-57087,-56546,-56005,-55464,-54923,-54382,-53841,-53300,-52759,-52218,-51677,-51136,-50595,-50054,-49513,-48972,-48431,-47890,-47349,-46808,-46267,-45726,-45185,-44644,-44103,-43562,-43021,-42480,-41939,-41398,-40857,-40316,-39775,-39234,-38693,-38152,-37611,-37070,-36529,-35988,-35447,-34906,-34365,-33824,-33283,-32742,-32201,-31660,-31119,-30578,-30037,-29496,-28955,-28414,-27873,-27332,-26791,-26250,-25709,-25168,-24627,-24086,-23545,-23004,-22463,-21922,-21381,-20840,-20299,-19758,-19217,-18676,-18135,-17594,-17053,-16512,-15971,-15430,-14889,-14348,-13807,-13266,-12725,-12184,-11643,-11102,-10561,-10020,-9479,-8938,-8397,-7856,-7315,-6774,-6233,-5692,-5151,-4610,-4069,-3528,-2987,-2446,-1905,-1364,-823,-282
260,801,1342,1883,2424,2965,3506,4047,4588,5129,5670,6211,6752,7293,7834,8375,8916,9457,9998,10539,11080,11621,12162,12703,13244,13785,14326,14867,15408,15949,16490,17031,17572,18113,18654,19195,19736,20277,20818,21359,21900,22441,22982,23523,24064,24605,25146,25687,26228,26769,27310,27851,28392,28933,29474,30015,30556,31097,31638,32179,32720,33261,33802,34343,34884,35425,35966,36507,37048,37589,38130,38671,39212,39753,40294,40835,41376,41917,42458,42999,43540,44081,44622,45163,45704,46245,46786,47327,47868,48409,48950,49491,50032,50573,51114,51655,52196,52737,53278,53819,54360,54901,55442,55983,56524,57065,57606,58147,58688,59229,59770,60311,60852,61393,61934,62475,63016,63557,64098,64639,65180,65721,66262,66803,67344,67885,68426,68967,69508,70049,70590,71131,71672,72213,72754,73295,73836,74377,74918,75459,76000,76541,77082,77623,78164,78705,79246,79787,80328,80869,81410,81951,82492,83033,83574,84115,84656,85197,85738,86279,86820,87361,87902,88443,88984,89525,90066,90607,91148,91689,92230,92771,93312,93853,94394,94935,95476,96017,96558,97099,97640,98181,98722,99263,99804,100345,100886,101427,101968,102509,103050,103591,104132,104673,105214,105755,106296,106837,107378,107919,108460,109001,109542,110083,110624,111165,111706,112247,112788,113329,113870,114411,114952,115493,116034,116575,117116,117657,118198,118739,119280,119821,120362,120903,121444,121985,122526,123067,123608,124149,124690,125231,125772,126313,126854,127395,127936,128477,129018,129559,130100,130641,131182,131723,132264,132805,133346,133887,134428,134969,135510,136051,136592,137133,137674,138215,138756,139297,139838,140379,140920,141461,142002,142543,143084,143625,144166,144707,145248,145789,146330,-145810,-145269,-144728,-144187,-143646,-143105,-142564,-142023,-141482,-140941,-140660,-140400,-139859,-139318,-138777,-138236,-137695,-137154,-136613,-136072,-135531,-134990,-134449,-133908,-133367,-132826,-132285,-131744,-131203,-130662,-130121,-129580,-129039,-128498,-127957,-127416,-126875,-126334,-125793,-125252,-124711,-124170,-123629,-123088,-122547,-122006,-121465,-120924,-120383,-119842,-119301,-118760,-118219,-117678,-117137,-116596,-116055,-115514,-114973,-114432,-113891,-113350,-112809,-112268,-111727,-111186,-110645,-110104,-109563,-109022,-108481,-107940,-107399,-106858,-106317,-105776,-105235,-104694,-104153,-103612,-103071,-102530,-101989,-101448,-100907,-100366,-99825,-99284,-98743,-98202,-97661,-97120,-96579,-96038,-95497,-94956,-94415,-93874,-93333,-92792,-92251,-91710,-91169,-90628,-90087,-89546,-89005,-88464,-87923,-87382,-86841,-86300,-85759,-85218,-84677,-84136,-83595,-83054,-82513,-81972,-81431,-80890,-80349,-79808,-79267,-78726,-78185,-77644,-77103,-76562,-76021,-75480,-74939,-74398,-73857,-73316,-72775,-72234,-71693,-71152,-70611,-70070,-69529,-68988,-68447,-67906,-67365,-66824,-66283,-65742,-65201,-64660,-64119,-63578,-63037,-62496,-61955,-61414,-60873,-60332,-59791,-59250,-58709,-58168,-57627,-57086,-56545,-56004,-55463,-54922,-54381,-53840,-53299,-52758,-52217,-51676,-51135,-50594,-50053,-49512,-48971,-48430,-47889,-47348,-46807,-46266,-45725,-45184,-44643,-44102,-43561,-43020,-42479,-41938,-41397,-40856,-40315,-39774,-39233,-38692,-38151,-37610,-37069,-36528,-35987,-35446,-34905,-34364,-33823,-33282,-32741,-32200,-31659,-31118,-30577,-30036,-29495,-28954,-28413,-27872,-27331,-26790,-26249,-25708,-25167,-24626,-24085,-23544,-23003,-22462,-21921,-21380,-20839,-20298,-19757,-19216,-18675,-18134,-17593,-17052,-16511,-15970,-15429,-14888,-14347,-13806,-13265,-12724,-12183,-11642,-11101,-10560,-10019,-9478,-8937,-8396,-7855,-7314,-6773,-6232,-5691,-5150,-4609,-4068,-3527,-2986,-2445,-1904,-1363,-822,-281
261,802,1343,1884,2425,2966,3507,4048,4589,5130,5671,6212,6753,7294,7835,8376,8917,9458,9999,10540,11081,11622,12163,12704,13245,13786,14327,14868,15409,15950,16491,17032,17573,18114,18655,19196,19737,20278,20819,21360,21901,22442,22983,23524,24065,24606,25147,25688,26229,26770,27311,27852,28393,28934,29475,30016,30557,31098,31639,32180,32721,33262,33803,34344,34885,35426,35967,36508,37049,37590,38131,38672,39213,39754,40295,40836,41377,41918,42459,43000,43541,44082,44623,45164,45705,46246,46787,47328,47869,48410,48951,49492,50033,50574,51115,51656,52197,52738,53279,53820,54361,54902,55443,55984,56525,57066,57607,58148,58689,59230,59771,60312,60853,61394,61935,62476,63017,63558,64099,64640,65181,65722,66263,66804,67345,67886,68427,68968,69509,70050,70591,71132,71673,72214,72755,73296,73837,74378,74919,75460,76001,76542,77083,77624,78165,78706,79247,79788,80329,80870,81411,81952,82493,83034,83575,84116,84657,85198,85739,86280,86821,87362,87903,88444,88985,89526,90067,90608,91149,91690,92231,92772,93313,93854,94395,94936,95477,96018,96559,97100,97641,98182,98723,99264,99805,100346,100887,101428,101969,102510,103051,103592,104133,104674,105215,105756,106297,106838,107379,107920,108461,109002,109543,110084,110625,111166,111707,112248,112789,113330,113871,114412,114953,115494,116035,116576,117117,117658,118199,118740,119281,119822,120363,120904,121445,121986,122527,123068,123609,124150,124691,125232,125773,126314,126855,127396,127937,128478,129019,129560,130101,130642,131183,131724,132265,132806,133347,133888,134429,134970,135511,136052,136593,137134,137675,138216,138757,139298,139839,140380,140921,141462,142003,142544,143085,143626,144167,144708,145249,145790,146331,-145809,-145268,-144727,-144186,-143645,-143104,-142563,-142022,-141481,-141201,-140940,-140399,-139858,-139317,-138776,-138235,-137694,-137153,-136612,-136071,-135530,-134989,-134448,-133907,-133366,-132825,-132284,-131743,-131202,-130661,-130120,-129579,-129038,-128497,-127956,-127415,-126874,-126333,-125792,-125251,-124710,-124169,-123628,-123087,-122546,-122005,-121464,-120923,-120382,-119841,-119300,-118759,-118218,-117677,-117136,-116595,-116054,-115513,-114972,-114431,-113890,-113349,-112808,-112267,-111726,-111185,-110644,-110103,-109562,-109021,-108480,-107939,-107398,-106857,-106316,-105775,-105234,-104693,-104152,-103611,-103070,-102529,-101988,-101447,-100906,-100365,-99824,-99283,-98742,-98201,-97660,-97119,-96578,-96037,-95496,-94955,-94414,-93873,-93332,-92791,-92250,-91709,-91168,-90627,-90086,-89545,-89004,-88463,-87922,-87381,-86840,-86299,-85758,-85217,-84676,-84135,-83594,-83053,-82512,-81971,-81430,-80889,-80348,-79807,-79266,-78725,-78184,-77643,-77102,-76561,-76020,-75479,-74938,-74397,-73856,-73315,-72774,-72233,-71692,-71151,-70610,-70069,-69528,-68987,-68446,-67905,-67364,-66823,-66282,-65741,-65200,-64659,-64118,-63577,-63036,-62495,-61954,-61413,-60872,-60331,-59790,-59249,-58708,-58167,-57626,-57085,-56544,-56003,-55462,-54921,-54380,-53839,-53298,-52757,-52216,-51675,-51134,-50593,-50052,-49511,-48970,-48429,-47888,-47347,-46806,-46265,-45724,-45183,-44642,-44101,-43560,-43019,-42478,-41937,-41396,-40855,-40314,-39773,-39232,-38691,-38150,-37609,-37068,-36527,-35986,-35445,-34904,-34363,-33822,-33281,-32740,-32199,-31658,-31117,-30576,-30035,-29494,-28953,-28412,-27871,-27330,-26789,-26248,-25707,-25166,-24625,-24084,-23543,-23002,-22461,-21920,-21379,-20838,-20297,-19756,-19215,-18674,-18133,-17592,-17051,-16510,-15969,-15428,-14887,-14346,-13805,-13264,-12723,-12182,-11641,-11100,-10559,-10018,-9477,-8936,-8395,-7854,-7313,-6772,-6231,-5690,-5149,-4608,-4067,-3526,-2985,-2444,-1903,-1362,-821,-280
262,803,1344,1885,2426,2967,3508,4049,4590,5131,5672,6213,6754,7295,7836,8377,8918,9459,10000,10541,11082,11623,12164,12705,13246,13787,14328,14869,15410,15951,16492,17033,17574,18115,18656,19197,19738,20279,20820,21361,21902,22443,22984,23525,24066,24607,25148,25689,26230,26771,27312,27853,28394,28935,29476,30017,30558,31099,31640,32181,32722,33263,33804,34345,34886,35427,35968,36509,37050,37591,38132,38673,39214,39755,40296,40837,41378,41919,42460,43001,43542,44083,44624,45165,45706,46247,46788,47329,47870,48411,48952,49493,50034,50575,51116,51657,52198,52739,53280,53821,54362,54903,55444,55985,56526,57067,57608,58149,58690,59231,59772,60313,60854,61395,61936,62477,63018,63559,64100,64641,65182,65723,66264,66805,67346,67887,68428,68969,69510,70051,70592,71133,71674,72215,72756,73297,73838,74379,74920,75461,76002,76543,77084,77625,78166,78707,79248,79789,80330,80871,81412,81953,82494,83035,83576,84117,84658,85199,85740,86281,86822,87363,87904,88445,88986,89527,90068,90609,91150,91691,92232,92773,93314,93855,94396,94937,95478,96019,96560,97101,97642,98183,98724,99265,99806,100347,100888,101429,101970,102511,103052,103593,104134,104675,105216,105757,106298,106839,107380,107921,108462,109003,109544,110085,110626,111167,111708,112249,112790,113331,113872,114413,114954,115495,116036,116577,117118,117659,118200,118741,119282,119823,120364,120905,121446,121987,122528,123069,123610,124151,124692,125233,125774,126315,126856,127397,127938,128479,129020,129561,130102,130643,131184,131725,132266,132807,133348,133889,134430,134971,135512,136053,136594,137135,137676,138217,138758,139299,139840,140381,140922,141463,142004,142545,143086,143627,144168,144709,145250,145791,146332,-145808,-145267,-144726,-144185,-143644,-143103,-142562,-142021,-141742,-141480,-140939,-140398,-139857,-139316,-138775,-138234,-137693,-137152,-136611,-136070,-135529,-134988,-134447,-133906,-133365,-132824,-132283,-131742,-131201,-130660,-130119,-129578,-129037,-128496,-127955,-127414,-126873,-126332,-125791,-125250,-124709,-124168,-123627,-123086,-122545,-122004,-121463,-120922,-120381,-119840,-119299,-118758,-118217,-117676,-117135,-116594,-116053,-115512,-114971,-114430,-113889,-113348,-112807,-112266,-111725,-111184,-110643,-110102,-109561,-109020,-108479,-107938,-107397,-106856,-106315,-105774,-105233,-104692,-104151,-103610,-103069,-102528,-101987,-101446,-100905,-100364,-99823,-99282,-98741,-98200,-97659,-97118,-96577,-96036,-95495,-94954,-94413,-93872,-93331,-92790,-92249,-91708,-91167,-90626,-90085,-89544,-89003,-88462,-87921,-87380,-86839,-86298,-85757,-85216,-84675,-84134,-83593,-83052,-82511,-81970,-81429,-80888,-80347,-79806,-79265,-78724,-78183,-77642,-77101,-76560,-76019,-75478,-74937,-74396,-73855,-73314,-72773,-72232,-71691,-71150,-70609,-70068,-69527,-68986,-68445,-67904,-67363,-66822,-66281,-65740,-65199,-64658,-64117,-63576,-63035,-62494,-61953,-61412,-60871,-60330,-59789,-59248,-58707,-58166,-57625,-57084,-56543,-56002,-55461,-54920,-54379,-53838,-53297,-52756,-52215,-51674,-51133,-50592,-50051,-49510,-48969,-48428,-47887,-47346,-46805,-46264,-45723,-45182,-44641,-44100,-43559,-43018,-42477,-41936,-41395,-40854,-40313,-39772,-39231,-38690,-38149,-37608,-37067,-36526,-35985,-35444,-34903,-34362,-33821,-33280,-32739,-32198,-31657,-31116,-30575,-30034,-29493,-28952,-28411,-27870,-27329,-26788,-26247,-25706,-25165,-24624,-24083,-23542,-23001,-22460,-21919,-21378,-20837,-20296,-19755,-19214,-18673,-18132,-17591,-17050,-16509,-15968,-15427,-14886,-14345,-13804,-13263,-12722,-12181,-11640,-11099,-10558,-10017,-9476,-8935,-8394,-7853,-7312,-6771,-6230,-5689,-5148,-4607,-4066,-3525,-2984,-2443,-1902,-1361,-820,-279
263,804,1345,1886,2427,2968,3509,4050,4591,5132,5673,6214,6755,7296,7837,8378,8919,9460,10001,10542,11083,11624,12165,12706,13247,13788,14329,14870,15411,15952,16493,17034,17575,18116,18657,19198,19739,20280,20821,21362,21903,22444,22985,23526,24067,24608,25149,25690,26231,26772,27313,27854,28395,28936,29477,30018,30559,31100,31641,32182,32723,33264,33805,34346,34887,35428,35969,36510,37051,37592,38133,38674,39215,39756,40297,40838,41379,41920,42461,43002,43543,44084,44625,45166,45707,46248,46789,47330,47871,48412,48953,49494,50035,50576,51117,51658,52199,52740,53281,53822,54363,54904,55445,55986,56527,57068,57609,58150,58691,59232,59773,60314,60855,61396,61937,62478,63019,63560,64101,64642,65183,65724,66265,66806,67347,67888,68429,68970,69511,70052,70593,71134,71675,72216,72757,73298,73839,74380,74921,75462,76003,76544,77085,77626,78167,78708,79249,79790,80331,80872,81413,81954,82495,83036,83577,84118,84659,85200,85741,86282,86823,87364,87905,88446,88987,89528,90069,90610,91151,91692,92233,92774,93315,93856,94397,94938,95479,96020,96561,97102,97643,98184,98725,99266,99807,100348,100889,101430,101971,102512,103053,103594,104135,104676,105217,105758,106299,106840,107381,107922,108463,109004,109545,110086,110627,111168,111709,112250,112791,113332,113873,114414,114955,115496,116037,116578,117119,117660,118201,118742,119283,119824,120365,120906,121447,121988,122529,123070,123611,124152,124693,125234,125775,126316,126857,127398,127939,128480,129021,129562,130103,130644,131185,131726,132267,132808,133349,133890,134431,134972,135513,136054,136595,137136,137677,138218,138759,139300,139841,140382,140923,141464,142005,142546,143087,143628,144169,144710,145251,145792,146333,-145807,-145266,-144725,-144184,-143643,-143102,-142561,-142283,-142020,-141479,-140938,-140397,-139856,-139315,-138774,-138233,-137692,-137151,-136610,-136069,-135528,-134987,-134446,-133905,-133364,-132823,-132282,-131741,-131200,-130659,-130118,-129577,-129036,-128495,-127954,-127413,-126872,-126331,-125790,-125249,-124708,-124167,-123626,-123085,-122544,-122003,-121462,-120921,-120380,-119839,-119298,-118757,-118216,-117675,-117134,-116593,-116052,-115511,-114970,-114429,-113888,-113347,-112806,-112265,-111724,-111183,-110642,-110101,-109560,-109019,-108478,-107937,-107396,-106855,-106314,-105773,-105232,-104691,-104150,-103609,-103068,-102527,-101986,-101445,-100904,-100363,-99822,-99281,-98740,-98199,-97658,-97117,-96576,-96035,-95494,-94953,-94412,-93871,-93330,-92789,-92248,-91707,-91166,-90625,-90084,-89543,-89002,-88461,-87920,-87379,-86838,-86297,-85756,-85215,-84674,-84133,-83592,-83051,-82510,-81969,-81428,-80887,-80346,-79805,-79264,-78723,-78182,-77641,-77100,-76559,-76018,-75477,-74936,-74395,-73854,-73313,-72772,-72231,-71690,-71149,-70608,-70067,-69526,-68985,-68444,-67903,-67362,-66821,-66280,-65739,-65198,-64657,-64116,-63575,-63034,-62493,-61952,-61411,-60870,-60329,-59788,-59247,-58706,-58165,-57624,-57083,-56542,-56001,-55460,-54919,-54378,-53837,-53296,-52755,-52214,-51673,-51132,-50591,-50050,-49509,-48968,-48427,-47886,-47345,-46804,-46263,-45722,-45181,-44640,-44099,-43558,-43017,-42476,-41935,-41394,-40853,-40312,-39771,-39230,-38689,-38148,-37607,-37066,-36525,-35984,-35443,-34902,-34361,-33820,-33279,-32738,-32197,-31656,-31115,-30574,-30033,-29492,-28951,-28410,-27869,-27328,-26787,-26246,-25705,-25164,-24623,-24082,-23541,-23000,-22459,-21918,-21377,-20836,-20295,-19754,-19213,-18672,-18131,-17590,-17049,-16508,-15967,-15426,-14885,-14344,-13803,-13262,-12721,-12180,-11639,-11098,-10557,-10016,-9475,-8934,-8393,-7852,-7311,-6770,-6229,-5688,-5147,-4606,-4065,-3524,-2983,-2442,-1901,-1360,-819,-278
264,805,1346,1887,2428,2969,3510,4051,4592,5133,5674,6215,6756,7297,7838,8379,8920,9461,10002,10543,11084,11625,12166,12707,13248,13789,14330,14871,15412,15953,16494,17035,17576,18117,18658,19199,19740,20281,20822,21363,21904,22445,22986,23527,24068,24609,25150,25691,26232,26773,27314,27855,28396,28937,29478,30019,30560,31101,31642,32183,32724,33265,33806,34347,34888,35429,35970,36511,37052,37593,38134,38675,39216,39757,40298,40839,41380,41921,42462,43003,43544,44085,44626,45167,45708,46249,46790,47331,47872,48413,48954,49495,50036,50577,51118,51659,52200,52741,53282,53823,54364,54905,55446,55987,56528,57069,57610,58151,58692,59233,59774,60315,60856,61397,61938,62479,63020,63561,64102,64643,65184,65725,66266,66807,67348,67889,68430,68971,69512,70053,70594,71135,71676,72217,72758,73299,73840,74381,74922,75463,76004,76545,77086,77627,78168,78709,79250,79791,80332,80873,81414,81955,82496,83037,83578,84119,84660,85201,85742,86283,86824,87365,87906,88447,88988,89529,90070,90611,91152,91693,92234,92775,93316,93857,94398,94939,95480,96021,96562,97103,97644,98185,98726,99267,99808,100349,100890,101431,101972,102513,103054,103595,104136,104677,105218,105759,106300,106841,107382,107923,108464,109005,109546,110087,110628,111169,111710,112251,112792,113333,113874,114415,114956,115497,116038,116579,117120,117661,118202,118743,119284,119825,120366,120907,121448,121989,122530,123071,123612,124153,124694,125235,125776,126317,126858,127399,127940,128481,129022,129563,130104,130645,131186,131727,132268,132809,133350,133891,134432,134973,135514,136055,136596,137137,137678,138219,138760,139301,139842,140383,140924,141465,142006,142547,143088,143629,144170,144711,145252,145793,146334,-145806,-145265,-144724,-144183,-143642,-143101,-142824,-142560,-142019,-141478,-140937,-140396,-139855,-139314,-138773,-138232,-137691,-137150,-136609,-136068,-135527,-134986,-134445,-133904,-133363,-132822,-132281,-131740,-131199,-130658,-130117,-129576,-129035,-128494,-127953,-127412,-126871,-126330,-125789,-125248,-124707,-124166,-123625,-123084,-122543,-122002,-121461,-120920,-120379,-119838,-119297,-118756,-118215,-117674,-117133,-116592,-116051,-115510,-114969,-114428,-113887,-113346,-112805,-112264,-111723,-111182,-110641,-110100,-109559,-109018,-108477,-107936,-107395,-106854,-106313,-105772,-105231,-104690,-104149,-103608,-103067,-102526,-101985,-101444,-100903,-100362,-99821,-99280,-98739,-98198,-97657,-97116,-96575,-96034,-95493,-94952,-94411,-93870,-93329,-92788,-92247,-91706,-91165,-90624,-90083,-89542,-89001,-88460,-87919,-87378,-86837,-86296,-85755,-85214,-84673,-84132,-83591,-83050,-82509,-81968,-81427,-80886,-80345,-79804,-79263,-78722,-78181,-77640,-77099,-76558,-76017,-75476,-74935,-74394,-73853,-73312,-72771,-72230,-71689,-71148,-70607,-70066,-69525,-68984,-68443,-67902,-67361,-66820,-66279,-65738,-65197,-64656,-64115,-63574,-63033,-62492,-61951,-61410,-60869,-60328,-59787,-59246,-58705,-58164,-57623,-57082,-56541,-56000,-55459,-54918,-54377,-53836,-53295,-52754,-52213,-51672,-51131,-50590,-50049,-49508,-48967,-48426,-47885,-47344,-46803,-46262,-45721,-45180,-44639,-44098,-43557,-43016,-42475,-41934,-41393,-40852,-40311,-39770,-39229,-38688,-38147,-37606,-37065,-36524,-35983,-35442,-34901,-34360,-33819,-33278,-32737,-32196,-31655,-31114,-30573,-30032,-29491,-28950,-28409,-27868,-27327,-26786,-26245,-25704,-25163,-24622,-24081,-23540,-22999,-22458,-21917,-21376,-20835,-20294,-19753,-19212,-18671,-18130,-17589,-17048,-16507,-15966,-15425,-14884,-14343,-13802,-13261,-12720,-12179,-11638,-11097,-10556,-10015,-9474,-8933,-8392,-7851,-7310,-6769,-6228,-5687,-5146,-4605,-4064,-3523,-2982,-2441,-1900,-1359,-818,-277
265,806,1347,1888,2429,2970,3511,4052,4593,5134,5675,6216,6757,7298,7839,8380,8921,9462,10003,10544,11085,11626,12167,12708,13249,13790,14331,14872,15413,15954,16495,17036,17577,18118,18659,19200,19741,20282,20823,21364,21905,22446,22987,23528,24069,24610,25151,25692,26233,26774,27315,27856,28397,28938,29479,30020,30561,31102,31643,32184,32725,33266,33807,34348,34889,35430,35971,36512,37053,37594,38135,38676,39217,39758,40299,40840,41381,41922,42463,43004,43545,44086,44627,45168,45709,46250,46791,47332,47873,48414,48955,49496,50037,50578,51119,51660,52201,52742,53283,53824,54365,54906,55447,55988,56529,57070,57611,58152,58693,59234,59775,60316,60857,61398,61939,62480,63021,63562,64103,64644,65185,65726,66267,66808,67349,67890,68431,68972,69513,70054,70595,71136,71677,72218,72759,73300,73841,74382,74923,75464,76005,76546,77087,77628,78169,78710,79251,79792,80333,80874,81415,81956,82497,83038,83579,84120,84661,85202,85743,86284,86825,87366,87907,88448,88989,89530,90071,90612,91153,91694,92235,92776,93317,93858,94399,94940,95481,96022,96563,97104,97645,98186,98727,99268,99809,100350,100891,101432,101973,102514,103055,103596,104137,104678,105219,105760,106301,106842,107383,107924,108465,109006,109547,110088,110629,111170,111711,112252,112793,113334,113875,114416,114957,115498,116039,116580,117121,117662,118203,118744,119285,119826,120367,120908,121449,121990,122531,123072,123613,124154,124695,125236,125777,126318,126859,127400,127941,128482,129023,129564,130105,130646,131187,131728,132269,132810,133351,133892,134433,134974,135515,136056,136597,137138,137679,138220,138761,139302,139843,140384,140925,141466,142007,142548,143089,143630,144171,144712,145253,145794,146335,-145805,-145264,-144723,-144182,-143641,-143365,-143100,-142559,-142018,-141477,-140936,-140395,-139854,-139313,-138772,-138231,-137690,-137149,-136608,-136067,-135526,-134985,-134444,-133903,-133362,-132821,-132280,-131739,-131198,-130657,-130116,-129575,-129034,-128493,-127952,-127411,-126870,-126329,-125788,-125247,-124706,-124165,-123624,-123083,-122542,-122001,-121460,-120919,-120378,-119837,-119296,-118755,-118214,-117673,-117132,-116591,-116050,-115509,-114968,-114427,-113886,-113345,-112804,-112263,-111722,-111181,-110640,-110099,-109558,-109017,-108476,-107935,-107394,-106853,-106312,-105771,-105230,-104689,-104148,-103607,-103066,-102525,-101984,-101443,-100902,-100361,-99820,-99279,-98738,-98197,-97656,-97115,-96574,-96033,-95492,-94951,-94410,-93869,-93328,-92787,-92246,-91705,-91164,-90623,-90082,-89541,-89000,-88459,-87918,-87377,-86836,-86295,-85754,-85213,-84672,-84131,-83590,-83049,-82508,-81967,-81426,-80885,-80344,-79803,-79262,-78721,-78180,-77639,-77098,-76557,-76016,-75475,-74934,-74393,-73852,-73311,-72770,-72229,-71688,-71147,-70606,-70065,-69524,-68983,-68442,-67901,-67360,-66819,-66278,-65737,-65196,-64655,-64114,-63573,-63032,-62491,-61950,-61409,-60868,-60327,-59786,-59245,-58704,-58163,-57622,-57081,-56540,-55999,-55458,-54917,-54376,-53835,-53294,-52753,-52212,-51671,-51130,-50589,-50048,-49507,-48966,-48425,-47884,-47343,-46802,-46261,-45720,-45179,-44638,-44097,-43556,-43015,-42474,-41933,-41392,-40851,-40310,-39769,-39228,-38687,-38146,-37605,-37064,-36523,-35982,-35441,-34900,-34359,-33818,-33277,-32736,-32195,-31654,-31113,-30572,-30031,-29490,-28949,-28408,-27867,-27326,-26785,-26244,-25703,-25162,-24621,-24080,-23539,-22998,-22457,-21916,-21375,-20834,-20293,-19752,-19211,-18670,-18129,-17588,-17047,-16506,-15965,-15424,-14883,-14342,-13801,-13260,-12719,-12178,-11637,-11096,-10555,-10014,-9473,-8932,-8391,-7850,-7309,-6768,-6227,-5686,-5145,-4604,-4063,-3522,-2981,-2440,-1899,-1358,-817,-276
266,807,1348,1889,2430,2971,3512,4053,4594,5135,5676,6217,6758,7299,7840,8381,8922,9463,10004,10545,11086,11627,12168,12709,13250,13791,14332,14873,15414,15955,16496,17037,17578,18119,18660,19201,19742,20283,20824,21365,21906,22447,22988,23529,24070,24611,25152,25693,26234,26775,27316,27857,28398,28939,29480,30021,30562,31103,31644,32185,32726,33267,33808,34349,34890,35431,35972,36513,37054,37595,38136,38677,39218,39759,40300,40841,41382,41923,42464,43005,43546,44087,44628,45169,45710,46251,46792,47333,47874,48415,48956,49497,50038,50579,51120,51661,52202,52743,53284,53825,54366,54907,55448,55989,56530,57071,57612,58153,58694,59235,59776,60317,60858,61399,61940,62481,63022,63563,64104,64645,65186,65727,66268,66809,67350,67891,68432,68973,69514,70055,70596,71137,71678,72219,72760,73301,73842,74383,74924,75465,76006,76547,77088,77629,78170,78711,79252,79793,80334,80875,81416,81957,82498,83039,83580,84121,84662,85203,85744,86285,86826,87367,87908,88449,88990,89531,90072,90613,91154,91695,92236,92777,93318,93859,94400,94941,95482,96023,96564,97105,97646,98187,98728,99269,99810,100351,100892,101433,101974,102515,103056,103597,104138,104679,105220,105761,106302,106843,107384,107925,108466,109007,109548,110089,110630,111171,111712,112253,112794,113335,113876,114417,114958,115499,116040,116581,117122,117663,118204,118745,119286,119827,120368,120909,121450,121991,122532,123073,123614,124155,124696,125237,125778,126319,126860,127401,127942,128483,129024,129565,130106,130647,131188,131729,132270,132811,133352,133893,134434,134975,135516,136057,136598,137139,137680,138221,138762,139303,139844,140385,140926,141467,142008,142549,143090,143631,144172,144713,145254,145795,146336,-145804,-145263,-144722,-144181,-143906,-143640,-143099,-142558,-142017,-141476,-140935,-140394,-139853,-139312,-138771,-138230,-137689,-137148,-136607,-136066,-135525,-134984,-134443,-133902,-133361,-132820,-132279,-131738,-131197,-130656,-130115,-129574,-129033,-128492,-127951,-127410,-126869,-126328,-125787,-125246,-124705,-124164,-123623,-123082,-122541,-122000,-121459,-120918,-120377,-119836,-119295,-118754,-118213,-117672,-117131,-116590,-116049,-115508,-114967,-114426,-113885,-113344,-112803,-112262,-111721,-111180,-110639,-110098,-109557,-109016,-108475,-107934,-107393,-106852,-106311,-105770,-105229,-104688,-104147,-103606,-103065,-102524,-101983,-101442,-100901,-100360,-99819,-99278,-98737,-98196,-97655,-97114,-96573,-96032,-95491,-94950,-94409,-93868,-93327,-92786,-92245,-91704,-91163,-90622,-90081,-89540,-88999,-88458,-87917,-87376,-86835,-86294,-85753,-85212,-84671,-84130,-83589,-83048,-82507,-81966,-81425,-80884,-80343,-79802,-79261,-78720,-78179,-77638,-77097,-76556,-76015,-75474,-74933,-74392,-73851,-73310,-72769,-72228,-71687,-71146,-70605,-70064,-69523,-68982,-68441,-67900,-67359,-66818,-66277,-65736,-65195,-64654,-64113,-63572,-63031,-62490,-61949,-61408,-60867,-60326,-59785,-59244,-58703,-58162,-57621,-57080,-56539,-55998,-55457,-54916,-54375,-53834,-53293,-52752,-52211,-51670,-51129,-50588,-50047,-49506,-48965,-48424,-47883,-47342,-46801,-46260,-45719,-45178,-44637,-44096,-43555,-43014,-42473,-41932,-41391,-40850,-40309,-39768,-39227,-38686,-38145,-37604,-37063,-36522,-35981,-35440,-34899,-34358,-33817,-33276,-32735,-32194,-31653,-31112,-30571,-30030,-29489,-28948,-28407,-27866,-27325,-26784,-26243,-25702,-25161,-24620,-24079,-23538,-22997,-22456,-21915,-21374,-20833,-20292,-19751,-19210,-18669,-18128,-17587,-17046,-16505,-15964,-15423,-14882,-14341,-13800,-13259,-12718,-12177,-11636,-11095,-10554,-10013,-9472,-8931,-8390,-7849,-7308,-6767,-6226,-5685,-5144,-4603,-4062,-3521,-2980,-2439,-1898,-1357,-816,-275
267,808,1349,1890,2431,2972,3513,4054,4595,5136,5677,6218,6759,7300,7841,8382,8923,9464,10005,10546,11087,11628,12169,12710,13251,13792,14333,14874,15415,15956,16497,17038,17579,18120,18661,19202,19743,20284,20825,21366,21907,22448,22989,23530,24071,24612,25153,25694,26235,26776,27317,27858,28399,28940,29481,30022,30563,31104,31645,32186,32727,33268,33809,34350,34891,35432,35973,36514,37055,37596,38137,38678,39219,39760,40301,40842,41383,41924,42465,43006,43547,44088,44629,45170,45711,46252,46793,47334,47875,48416,48957,49498,50039,50580,51121,51662,52203,52744,53285,53826,54367,54908,55449,55990,56531,57072,57613,58154,58695,59236,59777,60318,60859,61400,61941,62482,63023,63564,64105,64646,65187,65728,66269,66810,67351,67892,68433,68974,69515,70056,70597,71138,71679,72220,72761,73302,73843,74384,74925,75466,76007,76548,77089,77630,78171,78712,79253,79794,80335,80876,81417,81958,82499,83040,83581,84122,84663,85204,85745,86286,86827,87368,87909,88450,88991,89532,90073,90614,91155,91696,92237,92778,93319,93860,94401,94942,95483,96024,96565,97106,97647,98188,98729,99270,99811,100352,100893,101434,101975,102516,103057,103598,104139,104680,105221,105762,106303,106844,107385,107926,108467,109008,109549,110090,110631,111172,111713,112254,112795,113336,113877,114418,114959,115500,116041,116582,117123,117664,118205,118746,119287,119828,120369,120910,121451,121992,122533,123074,123615,124156,124697,125238,125779,126320,126861,127402,127943,128484,129025,129566,130107,130648,131189,131730,132271,132812,133353,133894,134435,134976,135517,136058,136599,137140,137681,138222,138763,139304,139845,140386,140927,141468,142009,142550,143091,143632,144173,144714,145255,145796,146337,-145803,-145262,-144721,-144447,-144180,-143639,-143098,-142557,-142016,-141475,-140934,-140393,-139852,-139311,-138770,-138229,-137688,-137147,-136606,-136065,-135524,-134983,-134442,-133901,-133360,-132819,-132278,-131737,-131196,-130655,-130114,-129573,-129032,-128491,-127950,-127409,-126868,-126327,-125786,-125245,-124704,-124163,-123622,-123081,-122540,-121999,-121458,-120917,-120376,-119835,-119294,-118753,-118212,-117671,-117130,-116589,-116048,-115507,-114966,-114425,-113884,-113343,-112802,-112261,-111720,-111179,-110638,-110097,-109556,-109015,-108474,-107933,-107392,-106851,-106310,-105769,-105228,-104687,-104146,-103605,-103064,-102523,-101982,-101441,-100900,-100359,-99818,-99277,-98736,-98195,-97654,-97113,-96572,-96031,-95490,-94949,-94408,-93867,-93326,-92785,-92244,-91703,-91162,-90621,-90080,-89539,-88998,-88457,-87916,-87375,-86834,-86293,-85752,-85211,-84670,-84129,-83588,-83047,-82506,-81965,-81424,-80883,-80342,-79801,-79260,-78719,-78178,-77637,-77096,-76555,-76014,-75473,-74932,-74391,-73850,-73309,-72768,-72227,-71686,-71145,-70604,-70063,-69522,-68981,-68440,-67899,-67358,-66817,-66276,-65735,-65194,-64653,-64112,-63571,-63030,-62489,-61948,-61407,-60866,-60325,-59784,-59243,-58702,-58161,-57620,-57079,-56538,-55997,-55456,-54915,-54374,-53833,-53292,-52751,-52210,-51669,-51128,-50587,-50046,-49505,-48964,-48423,-47882,-47341,-46800,-46259,-45718,-45177,-44636,-44095,-43554,-43013,-42472,-41931,-41390,-40849,-40308,-39767,-39226,-38685,-38144,-37603,-37062,-36521,-35980,-35439,-34898,-34357,-33816,-33275,-32734,-32193,-31652,-31111,-30570,-30029,-29488,-28947,-28406,-27865,-27324,-26783,-26242,-25701,-25160,-24619,-24078,-23537,-22996,-22455,-21914,-21373,-20832,-20291,-19750,-19209,-18668,-18127,-17586,-17045,-16504,-15963,-15422,-14881,-14340,-13799,-13258,-12717,-12176,-11635,-11094,-10553,-10012,-9471,-8930,-8389,-7848,-7307,-6766,-6225,-5684,-5143,-4602,-4061,-3520,-2979,-2438,-1897,-1356,-815,-274
268,809,1350,1891,2432,2973,3514,4055,4596,5137,5678,6219,6760,7301,7842,8383,8924,9465,10006,10547,11088,11629,12170,12711,13252,13793,14334,14875,15416,15957,16498,17039,17580,18121,18662,19203,19744,20285,20826,21367,21908,22449,22990,23531,24072,24613,25154,25695,26236,26777,27318,27859,28400,28941,29482,30023,30564,31105,31646,32187,32728,33269,33810,34351,34892,35433,35974,36515,37056,37597,38138,38679,39220,39761,40302,40843,41384,41925,42466,43007,43548,44089,44630,45171,45712,46253,46794,47335,47876,48417,48958,49499,50040,50581,51122,51663,52204,52745,53286,53827,54368,54909,55450,55991,56532,57073,57614,58155,58696,59237,59778,60319,60860,61401,61942,62483,63024,63565,64106,64647,65188,65729,66270,66811,67352,67893,68434,68975,69516,70057,70598,71139,71680,72221,72762,73303,73844,74385,74926,75467,76008,76549,77090,77631,78172,78713,79254,79795,80336,80877,81418,81959,82500,83041,83582,84123,84664,85205,85746,86287,86828,87369,87910,88451,88992,89533,90074,90615,91156,91697,92238,92779,93320,93861,94402,94943,95484,96025,96566,97107,97648,98189,98730,99271,99812,100353,100894,101435,101976,102517,103058,103599,104140,104681,105222,105763,106304,106845,107386,107927,108468,109009,109550,110091,110632,111173,111714,112255,112796,113337,113878,114419,114960,115501,116042,116583,117124,117665,118206,118747,119288,119829,120370,120911,121452,121993,122534,123075,123616,124157,124698,125239,125780,126321,126862,127403,127944,128485,129026,129567,130108,130649,131190,131731,132272,132813,133354,133895,134436,134977,135518,136059,136600,137141,137682,138223,138764,139305,139846,140387,140928,141469,142010,142551,143092,143633,144174,144715,145256,145797,146338,-145802,-145261,-144988,-144720,-144179,-143638,-143097,-142556,-142015,-141474,-140933,-140392,-139851,-139310,-138769,-138228,-137687,-137146,-136605,-136064,-135523,-134982,-134441,-133900,-133359,-132818,-132277,-131736,-131195,-130654,-130113,-129572,-129031,-128490,-127949,-127408,-126867,-126326,-125785,-125244,-124703,-124162,-123621,-123080,-122539,-121998,-121457,-120916,-120375,-119834,-119293,-118752,-118211,-117670,-117129,-116588,-116047,-115506,-114965,-114424,-113883,-113342,-112801,-112260,-111719,-111178,-110637,-110096,-109555,-109014,-108473,-107932,-107391,-106850,-106309,-105768,-105227,-104686,-104145,-103604,-103063,-102522,-101981,-101440,-100899,-100358,-99817,-99276,-98735,-98194,-97653,-97112,-96571,-96030,-95489,-94948,-94407,-93866,-93325,-92784,-92243,-91702,-91161,-90620,-90079,-89538,-88997,-88456,-87915,-87374,-86833,-86292,-85751,-85210,-84669,-84128,-83587,-83046,-82505,-81964,-81423,-80882,-80341,-79800,-79259,-78718,-78177,-77636,-77095,-76554,-76013,-75472,-74931,-74390,-73849,-73308,-72767,-72226,-71685,-71144,-70603,-70062,-69521,-68980,-68439,-67898,-67357,-66816,-66275,-65734,-65193,-64652,-64111,-63570,-63029,-62488,-61947,-61406,-60865,-60324,-59783,-59242,-58701,-58160,-57619,-57078,-56537,-55996,-55455,-54914,-54373,-53832,-53291,-52750,-52209,-51668,-51127,-50586,-50045,-49504,-48963,-48422,-47881,-47340,-46799,-46258,-45717,-45176,-44635,-44094,-43553,-43012,-42471,-41930,-41389,-40848,-40307,-39766,-39225,-38684,-38143,-37602,-37061,-36520,-35979,-35438,-34897,-34356,-33815,-33274,-32733,-32192,-31651,-31110,-30569,-30028,-29487,-28946,-28405,-27864,-27323,-26782,-26241,-25700,-25159,-24618,-24077,-23536,-22995,-22454,-21913,-21372,-20831,-20290,-19749,-19208,-18667,-18126,-17585,-17044,-16503,-15962,-15421,-14880,-14339,-13798,-13257,-12716,-12175,-11634,-11093,-10552,-10011,-9470,-8929,-8388,-7847,-7306,-6765,-6224,-5683,-5142,-4601,-4060,-3519,-2978,-2437,-1896,-1355,-814,-273
269,810,1351,1892,2433,2974,3515,4056,4597,5138,5679,6220,6761,7302,7843,8384,8925,9466,10007,10548,11089,11630,12171,12712,13253,13794,14335,14876,15417,15958,16499,17040,17581,18122,18663,19204,19745,20286,20827,21368,21909,22450,22991,23532,24073,24614,25155,25696,26237,26778,27319,27860,28401,28942,29483,30024,30565,31106,31647,32188,32729,33270,33811,34352,34893,35434,35975,36516,37057,37598,38139,38680,39221,39762,40303,40844,41385,41926,42467,43008,43549,44090,44631,45172,45713,46254,46795,47336,47877,48418,48959,49500,50041,50582,51123,51664,52205,52746,53287,53828,54369,54910,55451,55992,56533,57074,57615,58156,58697,59238,59779,60320,60861,61402,61943,62484,63025,63566,64107,64648,65189,65730,66271,66812,67353,67894,68435,68976,69517,70058,70599,71140,71681,72222,72763,73304,73845,74386,74927,75468,76009,76550,77091,77632,78173,78714,79255,79796,80337,80878,81419,81960,82501,83042,83583,84124,84665,85206,85747,86288,86829,87370,87911,88452,88993,89534,90075,90616,91157,91698,92239,92780,93321,93862,94403,94944,95485,96026,96567,97108,97649,98190,98731,99272,99813,100354,100895,101436,101977,102518,103059,103600,104141,104682,105223,105764,106305,106846,107387,107928,108469,109010,109551,110092,110633,111174,111715,112256,112797,113338,113879,114420,114961,115502,116043,116584,117125,117666,118207,118748,119289,119830,120371,120912,121453,121994,122535,123076,123617,124158,124699,125240,125781,126322,126863,127404,127945,128486,129027,129568,130109,130650,131191,131732,132273,132814,133355,133896,134437,134978,135519,136060,136601,137142,137683,138224,138765,139306,139847,140388,140929,141470,142011,142552,143093,143634,144175,144716,145257,145798,146339,-145801,-145529,-145260,-144719,-144178,-143637,-143096,-142555,-142014,-141473,-140932,-140391,-139850,-139309,-138768,-138227,-137686,-137145,-136604,-136063,-135522,-134981,-134440,-133899,-133358,-132817,-132276,-131735,-131194,-130653,-130112,-129571,-129030,-128489,-127948,-127407,-126866,-126325,-125784,-125243,-124702,-124161,-123620,-123079,-122538,-121997,-121456,-120915,-120374,-119833,-119292,-118751,-118210,-117669,-117128,-116587,-116046,-115505,-114964,-114423,-113882,-113341,-112800,-112259,-111718,-111177,-110636,-110095,-109554,-109013,-108472,-107931,-107390,-106849,-106308,-105767,-105226,-104685,-104144,-103603,-103062,-102521,-101980,-101439,-100898,-100357,-99816,-99275,-98734,-98193,-97652,-97111,-96570,-96029,-95488,-94947,-94406,-93865,-93324,-92783,-92242,-91701,-91160,-90619,-90078,-89537,-88996,-88455,-87914,-87373,-86832,-86291,-85750,-85209,-84668,-84127,-83586,-83045,-82504,-81963,-81422,-80881,-80340,-79799,-79258,-78717,-78176,-77635,-77094,-76553,-76012,-75471,-74930,-74389,-73848,-73307,-72766,-72225,-71684,-71143,-70602,-70061,-69520,-68979,-68438,-67897,-67356,-66815,-66274,-65733,-65192,-64651,-64110,-63569,-63028,-62487,-61946,-61405,-60864,-60323,-59782,-59241,-58700,-58159,-57618,-57077,-56536,-55995,-55454,-54913,-54372,-53831,-53290,-52749,-52208,-51667,-51126,-50585,-50044,-49503,-48962,-48421,-47880,-47339,-46798,-46257,-45716,-45175,-44634,-44093,-43552,-43011,-42470,-41929,-41388,-40847,-40306,-39765,-39224,-38683,-38142,-37601,-37060,-36519,-35978,-35437,-34896,-34355,-33814,-33273,-32732,-32191,-31650,-31109,-30568,-30027,-29486,-28945,-28404,-27863,-27322,-26781,-26240,-25699,-25158,-24617,-24076,-23535,-22994,-22453,-21912,-21371,-20830,-20289,-19748,-19207,-18666,-18125,-17584,-17043,-16502,-15961,-15420,-14879,-14338,-13797,-13256,-12715,-12174,-11633,-11092,-10551,-10010,-9469,-8928,-8387,-7846,-7305,-6764,-6223,-5682,-5141,-4600,-4059,-3518,-2977,-2436,-1895,-1354,-813,-272
270,811,1352,1893,2434,2975,3516,4057,4598,5139,5680,6221,6762,7303,7844,8385,8926,9467,10008,10549,11090,11631,12172,12713,13254,13795,14336,14877,15418,15959,16500,17041,17582,18123,18664,19205,19746,20287,20828,21369,21910,22451,22992,23533,24074,24615,25156,25697,26238,26779,27320,27861,28402,28943,29484,30025,30566,31107,31648,32189,32730,33271,33812,34353,34894,35435,35976,36517,37058,37599,38140,38681,39222,39763,40304,40845,41386,41927,42468,43009,43550,44091,44632,45173,45714,46255,46796,47337,47878,48419,48960,49501,50042,50583,51124,51665,52206,52747,53288,53829,54370,54911,55452,55993,56534,57075,57616,58157,58698,59239,59780,60321,60862,61403,61944,62485,63026,63567,64108,64649,65190,65731,66272,66813,67354,67895,68436,68977,69518,70059,70600,71141,71682,72223,72764,73305,73846,74387,74928,75469,76010,76551,77092,77633,78174,78715,79256,79797,80338,80879,81420,81961,82502,83043,83584,84125,84666,85207,85748,86289,86830,87371,87912,88453,88994,89535,90076,90617,91158,91699,92240,92781,93322,93863,94404,94945,95486,96027,96568,97109,97650,98191,98732,99273,99814,100355,100896,101437,101978,102519,103060,103601,104142,104683,105224,105765,106306,106847,107388,107929,108470,109011,109552,110093,110634,111175,111716,112257,112798,113339,113880,114421,114962,115503,116044,116585,117126,117667,118208,118749,119290,119831,120372,120913,121454,121995,122536,123077,123618,124159,124700,125241,125782,126323,126864,127405,127946,128487,129028,129569,130110,130651,131192,131733,132274,132815,133356,133897,134438,134979,135520,136061,136602,137143,137684,138225,138766,139307,139848,140389,140930,141471,142012,142553,143094,143635,144176,144717,145258,145799,146340,-146070,-145800,-145259,-144718,-144177,-143636,-143095,-142554,-142013,-141472,-140931,-140390,-139849,-139308,-138767,-138226,-137685,-137144,-136603,-136062,-135521,-134980,-134439,-133898,-133357,-132816,-132275,-131734,-131193,-130652,-130111,-129570,-129029,-128488,-127947,-127406,-126865,-126324,-125783,-125242,-124701,-124160,-123619,-123078,-122537,-121996,-121455,-120914,-120373,-119832,-119291,-118750,-118209,-117668,-117127,-116586,-116045,-115504,-114963,-114422,-113881,-113340,-112799,-112258,-111717,-111176,-110635,-110094,-109553,-109012,-108471,-107930,-107389,-106848,-106307,-105766,-105225,-104684,-104143,-103602,-103061,-102520,-101979,-101438,-100897,-100356,-99815,-99274,-98733,-98192,-97651,-97110,-96569,-96028,-95487,-94946,-94405,-93864,-93323,-92782,-92241,-91700,-91159,-90618,-90077,-89536,-88995,-88454,-87913,-87372,-86831,-86290,-85749,-85208,-84667,-84126,-83585,-83044,-82503,-81962,-81421,-80880,-80339,-79798,-79257,-78716,-78175,-77634,-77093,-76552,-76011,-75470,-74929,-74388,-73847,-73306,-72765,-72224,-71683,-71142,-70601,-70060,-69519,-68978,-68437,-67896,-67355,-66814,-66273,-65732,-65191,-64650,-64109,-63568,-63027,-62486,-61945,-61404,-60863,-60322,-59781,-59240,-58699,-58158,-57617,-57076,-56535,-55994,-55453,-54912,-54371,-53830,-53289,-52748,-52207,-51666,-51125,-50584,-50043,-49502,-48961,-48420,-47879,-47338,-46797,-46256,-45715,-45174,-44633,-44092,-43551,-43010,-42469,-41928,-41387,-40846,-40305,-39764,-39223,-38682,-38141,-37600,-37059,-36518,-35977,-35436,-34895,-34354,-33813,-33272,-32731,-32190,-31649,-31108,-30567,-30026,-29485,-28944,-28403,-27862,-27321,-26780,-26239,-25698,-25157,-24616,-24075,-23534,-22993,-22452,-21911,-21370,-20829,-20288,-19747,-19206,-18665,-18124,-17583,-17042,-16501,-15960,-15419,-14878,-14337,-13796,-13255,-12714,-12173,-11632,-11091,-10550,-10009,-9468,-8927,-8386,-7845,-7304,-6763,-6222,-5681,-5140,-4599,-4058,-3517,-2976,-2435,-1894,-1353,-812,-271
